
EEPROM-BI.elf:     file format elf32-avr

Sections:
Idx Name          Size      VMA       LMA       File off  Algn
  0 .data         000003d8  00800100  000021d0  00002284  2**0
                  CONTENTS, ALLOC, LOAD, DATA
  1 .text         000021d0  00000000  00000000  000000b4  2**1
                  CONTENTS, ALLOC, LOAD, READONLY, CODE
  2 .bss          00000121  008004d8  008004d8  0000265c  2**0
                  ALLOC
  3 .eeprom       00000038  00810000  00810000  0000265c  2**0
                  CONTENTS, ALLOC, LOAD, DATA
  4 .comment      0000005c  00000000  00000000  00002694  2**0
                  CONTENTS, READONLY
  5 .note.gnu.avr.deviceinfo 00000040  00000000  00000000  000026f0  2**2
                  CONTENTS, READONLY
  6 .debug_aranges 000002c8  00000000  00000000  00002730  2**3
                  CONTENTS, READONLY, DEBUGGING
  7 .debug_info   00004026  00000000  00000000  000029f8  2**0
                  CONTENTS, READONLY, DEBUGGING
  8 .debug_abbrev 0000135e  00000000  00000000  00006a1e  2**0
                  CONTENTS, READONLY, DEBUGGING
  9 .debug_line   00001c5c  00000000  00000000  00007d7c  2**0
                  CONTENTS, READONLY, DEBUGGING
 10 .debug_frame  000007e8  00000000  00000000  000099d8  2**2
                  CONTENTS, READONLY, DEBUGGING
 11 .debug_str    00000c31  00000000  00000000  0000a1c0  2**0
                  CONTENTS, READONLY, DEBUGGING
 12 .debug_loc    00002250  00000000  00000000  0000adf1  2**0
                  CONTENTS, READONLY, DEBUGGING
 13 .debug_ranges 00000230  00000000  00000000  0000d041  2**0
                  CONTENTS, READONLY, DEBUGGING

Disassembly of section .text:

00000000 <__vectors>:
       0:	0c 94 5a 00 	jmp	0xb4	; 0xb4 <__ctors_end>
       4:	0c 94 77 00 	jmp	0xee	; 0xee <__bad_interrupt>
       8:	0c 94 77 00 	jmp	0xee	; 0xee <__bad_interrupt>
       c:	0c 94 77 00 	jmp	0xee	; 0xee <__bad_interrupt>
      10:	0c 94 77 00 	jmp	0xee	; 0xee <__bad_interrupt>
      14:	0c 94 77 00 	jmp	0xee	; 0xee <__bad_interrupt>
      18:	0c 94 77 00 	jmp	0xee	; 0xee <__bad_interrupt>
      1c:	0c 94 77 00 	jmp	0xee	; 0xee <__bad_interrupt>
      20:	0c 94 77 00 	jmp	0xee	; 0xee <__bad_interrupt>
      24:	0c 94 77 00 	jmp	0xee	; 0xee <__bad_interrupt>
      28:	0c 94 77 00 	jmp	0xee	; 0xee <__bad_interrupt>
      2c:	0c 94 77 00 	jmp	0xee	; 0xee <__bad_interrupt>
      30:	0c 94 77 00 	jmp	0xee	; 0xee <__bad_interrupt>
      34:	0c 94 77 00 	jmp	0xee	; 0xee <__bad_interrupt>
      38:	0c 94 77 00 	jmp	0xee	; 0xee <__bad_interrupt>
      3c:	0c 94 77 00 	jmp	0xee	; 0xee <__bad_interrupt>
      40:	0c 94 77 00 	jmp	0xee	; 0xee <__bad_interrupt>
      44:	0c 94 77 00 	jmp	0xee	; 0xee <__bad_interrupt>
      48:	0c 94 e9 0a 	jmp	0x15d2	; 0x15d2 <__vector_18>
      4c:	0c 94 77 00 	jmp	0xee	; 0xee <__bad_interrupt>
      50:	0c 94 77 00 	jmp	0xee	; 0xee <__bad_interrupt>
      54:	0c 94 77 00 	jmp	0xee	; 0xee <__bad_interrupt>
      58:	0c 94 77 00 	jmp	0xee	; 0xee <__bad_interrupt>
      5c:	0c 94 77 00 	jmp	0xee	; 0xee <__bad_interrupt>
      60:	0c 94 77 00 	jmp	0xee	; 0xee <__bad_interrupt>
      64:	0c 94 77 00 	jmp	0xee	; 0xee <__bad_interrupt>
      68:	0c 94 77 00 	jmp	0xee	; 0xee <__bad_interrupt>
      6c:	0c 94 77 00 	jmp	0xee	; 0xee <__bad_interrupt>
      70:	0c 94 77 00 	jmp	0xee	; 0xee <__bad_interrupt>
      74:	0c 94 77 00 	jmp	0xee	; 0xee <__bad_interrupt>
      78:	0c 94 77 00 	jmp	0xee	; 0xee <__bad_interrupt>
      7c:	0c 94 77 00 	jmp	0xee	; 0xee <__bad_interrupt>
      80:	0c 94 77 00 	jmp	0xee	; 0xee <__bad_interrupt>
      84:	0c 94 77 00 	jmp	0xee	; 0xee <__bad_interrupt>
      88:	0c 94 77 00 	jmp	0xee	; 0xee <__bad_interrupt>
      8c:	0c 94 77 00 	jmp	0xee	; 0xee <__bad_interrupt>
      90:	0c 94 77 00 	jmp	0xee	; 0xee <__bad_interrupt>
      94:	0c 94 77 00 	jmp	0xee	; 0xee <__bad_interrupt>
      98:	0c 94 77 00 	jmp	0xee	; 0xee <__bad_interrupt>
      9c:	0c 94 77 00 	jmp	0xee	; 0xee <__bad_interrupt>
      a0:	0c 94 77 00 	jmp	0xee	; 0xee <__bad_interrupt>
      a4:	0c 94 77 00 	jmp	0xee	; 0xee <__bad_interrupt>
      a8:	0c 94 77 00 	jmp	0xee	; 0xee <__bad_interrupt>
      ac:	0c 94 77 00 	jmp	0xee	; 0xee <__bad_interrupt>
      b0:	0c 94 77 00 	jmp	0xee	; 0xee <__bad_interrupt>

000000b4 <__ctors_end>:
      b4:	11 24       	eor	r1, r1
      b6:	1f be       	out	0x3f, r1	; 63
      b8:	cf ef       	ldi	r28, 0xFF	; 255
      ba:	d8 e0       	ldi	r29, 0x08	; 8
      bc:	de bf       	out	0x3e, r29	; 62
      be:	cd bf       	out	0x3d, r28	; 61

000000c0 <__do_copy_data>:
      c0:	14 e0       	ldi	r17, 0x04	; 4
      c2:	a0 e0       	ldi	r26, 0x00	; 0
      c4:	b1 e0       	ldi	r27, 0x01	; 1
      c6:	e0 ed       	ldi	r30, 0xD0	; 208
      c8:	f1 e2       	ldi	r31, 0x21	; 33
      ca:	02 c0       	rjmp	.+4      	; 0xd0 <__do_copy_data+0x10>
      cc:	05 90       	lpm	r0, Z+
      ce:	0d 92       	st	X+, r0
      d0:	a8 3d       	cpi	r26, 0xD8	; 216
      d2:	b1 07       	cpc	r27, r17
      d4:	d9 f7       	brne	.-10     	; 0xcc <__do_copy_data+0xc>

000000d6 <__do_clear_bss>:
      d6:	25 e0       	ldi	r18, 0x05	; 5
      d8:	a8 ed       	ldi	r26, 0xD8	; 216
      da:	b4 e0       	ldi	r27, 0x04	; 4
      dc:	01 c0       	rjmp	.+2      	; 0xe0 <.do_clear_bss_start>

000000de <.do_clear_bss_loop>:
      de:	1d 92       	st	X+, r1

000000e0 <.do_clear_bss_start>:
      e0:	a9 3f       	cpi	r26, 0xF9	; 249
      e2:	b2 07       	cpc	r27, r18
      e4:	e1 f7       	brne	.-8      	; 0xde <.do_clear_bss_loop>
      e6:	0e 94 02 08 	call	0x1004	; 0x1004 <main>
      ea:	0c 94 e6 10 	jmp	0x21cc	; 0x21cc <_exit>

000000ee <__bad_interrupt>:
      ee:	0c 94 00 00 	jmp	0	; 0x0 <__vectors>

000000f2 <board_id_init>:
#include "board_id.h"

void board_id_init(void)
{
    /* bit0..bit3 = PC0..PC3; bit4 = PD2. External 100 kohm pull-ups. */
    DDRC &= ~((1 << PC0) | (1 << PC1) | (1 << PC2) | (1 << PC3));
      f2:	87 b1       	in	r24, 0x07	; 7
      f4:	80 7f       	andi	r24, 0xF0	; 240
      f6:	87 b9       	out	0x07, r24	; 7
    DDRD &= ~(1 << PD2);
      f8:	8a b1       	in	r24, 0x0a	; 10
      fa:	8b 7f       	andi	r24, 0xFB	; 251
      fc:	8a b9       	out	0x0a, r24	; 10

    PORTC &= ~((1 << PC0) | (1 << PC1) | (1 << PC2) | (1 << PC3));
      fe:	88 b1       	in	r24, 0x08	; 8
     100:	80 7f       	andi	r24, 0xF0	; 240
     102:	88 b9       	out	0x08, r24	; 8
    PORTD &= ~(1 << PD2);
     104:	8b b1       	in	r24, 0x0b	; 11
     106:	8b 7f       	andi	r24, 0xFB	; 251
     108:	8b b9       	out	0x0b, r24	; 11
     10a:	08 95       	ret

0000010c <board_id_read>:

uint8_t board_id_read(void)
{
    uint8_t raw = 0;

    if (PINC & (1 << PC0)) raw |= (1 << 0);
     10c:	30 99       	sbic	0x06, 0	; 6
     10e:	02 c0       	rjmp	.+4      	; 0x114 <board_id_read+0x8>
    PORTD &= ~(1 << PD2);
}

uint8_t board_id_read(void)
{
    uint8_t raw = 0;
     110:	80 e0       	ldi	r24, 0x00	; 0
     112:	01 c0       	rjmp	.+2      	; 0x116 <board_id_read+0xa>

    if (PINC & (1 << PC0)) raw |= (1 << 0);
     114:	81 e0       	ldi	r24, 0x01	; 1
    if (PINC & (1 << PC1)) raw |= (1 << 1);
     116:	31 99       	sbic	0x06, 1	; 6
     118:	82 60       	ori	r24, 0x02	; 2
    if (PINC & (1 << PC2)) raw |= (1 << 2);
     11a:	32 99       	sbic	0x06, 2	; 6
     11c:	84 60       	ori	r24, 0x04	; 4
    if (PINC & (1 << PC3)) raw |= (1 << 3);
     11e:	33 99       	sbic	0x06, 3	; 6
     120:	88 60       	ori	r24, 0x08	; 8
    if (PIND & (1 << PD2)) raw |= (1 << 4);
     122:	4a 99       	sbic	0x09, 2	; 9
     124:	80 61       	ori	r24, 0x10	; 16

    /* Switch ON pulls low, so invert to obtain the board number. */
    return (uint8_t)((~raw) & 0x1FU);
     126:	80 95       	com	r24
}
     128:	8f 71       	andi	r24, 0x1F	; 31
     12a:	08 95       	ret

0000012c <apply_axis>:
}

static int32_t apply_axis(int32_t value_x100,
                          int32_t offset_x100,
                          int32_t gain_ppm)
{
     12c:	4f 92       	push	r4
     12e:	5f 92       	push	r5
     130:	6f 92       	push	r6
     132:	7f 92       	push	r7
     134:	af 92       	push	r10
     136:	bf 92       	push	r11
     138:	cf 92       	push	r12
     13a:	df 92       	push	r13
     13c:	ef 92       	push	r14
     13e:	ff 92       	push	r15
     140:	0f 93       	push	r16
     142:	1f 93       	push	r17
    int32_t corrected = value_x100 - offset_x100;
     144:	dc 01       	movw	r26, r24
     146:	cb 01       	movw	r24, r22
     148:	82 1b       	sub	r24, r18
     14a:	93 0b       	sbc	r25, r19
     14c:	a4 0b       	sbc	r26, r20
     14e:	b5 0b       	sbc	r27, r21
    int64_t scaled = (int64_t)corrected * (int64_t)gain_ppm;
     150:	2c 01       	movw	r4, r24
     152:	3d 01       	movw	r6, r26
     154:	77 0c       	add	r7, r7
     156:	44 08       	sbc	r4, r4
     158:	54 2c       	mov	r5, r4
     15a:	32 01       	movw	r6, r4
     15c:	b8 01       	movw	r22, r16
     15e:	a7 01       	movw	r20, r14
     160:	77 0f       	add	r23, r23
     162:	44 0b       	sbc	r20, r20
     164:	54 2f       	mov	r21, r20
     166:	ba 01       	movw	r22, r20
     168:	ae 2c       	mov	r10, r14
     16a:	bf 2c       	mov	r11, r15
     16c:	c0 2e       	mov	r12, r16
     16e:	d1 2e       	mov	r13, r17
     170:	e4 2e       	mov	r14, r20
     172:	f4 2e       	mov	r15, r20
     174:	04 2f       	mov	r16, r20
     176:	14 2f       	mov	r17, r20
     178:	28 2f       	mov	r18, r24
     17a:	39 2f       	mov	r19, r25
     17c:	4a 2f       	mov	r20, r26
     17e:	5b 2f       	mov	r21, r27
     180:	64 2d       	mov	r22, r4
     182:	74 2d       	mov	r23, r4
     184:	84 2d       	mov	r24, r4
     186:	94 2d       	mov	r25, r4
     188:	0e 94 08 0d 	call	0x1a10	; 0x1a10 <__muldi3>

    if (scaled >= 0) {
     18c:	a0 e0       	ldi	r26, 0x00	; 0
     18e:	0e 94 38 0e 	call	0x1c70	; 0x1c70 <__cmpdi2_s8>
     192:	4c f0       	brlt	.+18     	; 0x1a6 <apply_axis+0x7a>
        scaled += CALIBRATION_GAIN_UNITY_PPM / 2L;
     194:	20 5e       	subi	r18, 0xE0	; 224
     196:	3e 45       	sbci	r19, 0x5E	; 94
     198:	48 4f       	sbci	r20, 0xF8	; 248
     19a:	5f 4f       	sbci	r21, 0xFF	; 255
     19c:	6f 4f       	sbci	r22, 0xFF	; 255
     19e:	7f 4f       	sbci	r23, 0xFF	; 255
     1a0:	8f 4f       	sbci	r24, 0xFF	; 255
     1a2:	9f 4f       	sbci	r25, 0xFF	; 255
     1a4:	08 c0       	rjmp	.+16     	; 0x1b6 <apply_axis+0x8a>
    } else {
        scaled -= CALIBRATION_GAIN_UNITY_PPM / 2L;
     1a6:	20 52       	subi	r18, 0x20	; 32
     1a8:	31 4a       	sbci	r19, 0xA1	; 161
     1aa:	47 40       	sbci	r20, 0x07	; 7
     1ac:	51 09       	sbc	r21, r1
     1ae:	61 09       	sbc	r22, r1
     1b0:	71 09       	sbc	r23, r1
     1b2:	81 09       	sbc	r24, r1
     1b4:	91 09       	sbc	r25, r1
    }

    return (int32_t)(scaled / CALIBRATION_GAIN_UNITY_PPM);
     1b6:	68 94       	set
     1b8:	aa 24       	eor	r10, r10
     1ba:	a6 f8       	bld	r10, 6
     1bc:	0f 2e       	mov	r0, r31
     1be:	f2 e4       	ldi	r31, 0x42	; 66
     1c0:	bf 2e       	mov	r11, r31
     1c2:	f0 2d       	mov	r31, r0
     1c4:	0f 2e       	mov	r0, r31
     1c6:	ff e0       	ldi	r31, 0x0F	; 15
     1c8:	cf 2e       	mov	r12, r31
     1ca:	f0 2d       	mov	r31, r0
     1cc:	d1 2c       	mov	r13, r1
     1ce:	e1 2c       	mov	r14, r1
     1d0:	f1 2c       	mov	r15, r1
     1d2:	00 e0       	ldi	r16, 0x00	; 0
     1d4:	10 e0       	ldi	r17, 0x00	; 0
     1d6:	0e 94 63 0d 	call	0x1ac6	; 0x1ac6 <__divdi3>
     1da:	62 2f       	mov	r22, r18
     1dc:	73 2f       	mov	r23, r19
     1de:	84 2f       	mov	r24, r20
     1e0:	95 2f       	mov	r25, r21
}
     1e2:	1f 91       	pop	r17
     1e4:	0f 91       	pop	r16
     1e6:	ff 90       	pop	r15
     1e8:	ef 90       	pop	r14
     1ea:	df 90       	pop	r13
     1ec:	cf 90       	pop	r12
     1ee:	bf 90       	pop	r11
     1f0:	af 90       	pop	r10
     1f2:	7f 90       	pop	r7
     1f4:	6f 90       	pop	r6
     1f6:	5f 90       	pop	r5
     1f8:	4f 90       	pop	r4
     1fa:	08 95       	ret

000001fc <calibration_crc>:

static calibration_record_t EEMEM eeprom_calibration;

static uint16_t calibration_crc(const calibration_record_t *record)
{
    return crc16_ccitt(record, offsetof(calibration_record_t, crc));
     1fc:	66 e3       	ldi	r22, 0x36	; 54
     1fe:	70 e0       	ldi	r23, 0x00	; 0
     200:	0e 94 0d 06 	call	0xc1a	; 0xc1a <crc16_ccitt>
}
     204:	08 95       	ret

00000206 <calibration_make_defaults>:

void calibration_make_defaults(calibration_record_t *record)
{
     206:	cf 93       	push	r28
     208:	df 93       	push	r29
     20a:	ec 01       	movw	r28, r24
    memset(record, 0, sizeof(*record));
     20c:	88 e3       	ldi	r24, 0x38	; 56
     20e:	fe 01       	movw	r30, r28
     210:	11 92       	st	Z+, r1
     212:	8a 95       	dec	r24
     214:	e9 f7       	brne	.-6      	; 0x210 <calibration_make_defaults+0xa>
    record->magic = CALIBRATION_MAGIC;
     216:	88 e3       	ldi	r24, 0x38	; 56
     218:	92 e3       	ldi	r25, 0x32	; 50
     21a:	a4 e4       	ldi	r26, 0x44	; 68
     21c:	be e4       	ldi	r27, 0x4E	; 78
     21e:	88 83       	st	Y, r24
     220:	99 83       	std	Y+1, r25	; 0x01
     222:	aa 83       	std	Y+2, r26	; 0x02
     224:	bb 83       	std	Y+3, r27	; 0x03
    record->version = CALIBRATION_VERSION;
     226:	81 e0       	ldi	r24, 0x01	; 1
     228:	90 e0       	ldi	r25, 0x00	; 0
     22a:	9d 83       	std	Y+5, r25	; 0x05
     22c:	8c 83       	std	Y+4, r24	; 0x04
    record->size = sizeof(*record);
     22e:	88 e3       	ldi	r24, 0x38	; 56
     230:	90 e0       	ldi	r25, 0x00	; 0
     232:	9f 83       	std	Y+7, r25	; 0x07
     234:	8e 83       	std	Y+6, r24	; 0x06
    record->gain_x_ppm = CALIBRATION_GAIN_UNITY_PPM;
     236:	80 e4       	ldi	r24, 0x40	; 64
     238:	92 e4       	ldi	r25, 0x42	; 66
     23a:	af e0       	ldi	r26, 0x0F	; 15
     23c:	b0 e0       	ldi	r27, 0x00	; 0
     23e:	8c 8b       	std	Y+20, r24	; 0x14
     240:	9d 8b       	std	Y+21, r25	; 0x15
     242:	ae 8b       	std	Y+22, r26	; 0x16
     244:	bf 8b       	std	Y+23, r27	; 0x17
    record->gain_y_ppm = CALIBRATION_GAIN_UNITY_PPM;
     246:	88 8f       	std	Y+24, r24	; 0x18
     248:	99 8f       	std	Y+25, r25	; 0x19
     24a:	aa 8f       	std	Y+26, r26	; 0x1a
     24c:	bb 8f       	std	Y+27, r27	; 0x1b
    record->gain_z_ppm = CALIBRATION_GAIN_UNITY_PPM;
     24e:	8c 8f       	std	Y+28, r24	; 0x1c
     250:	9d 8f       	std	Y+29, r25	; 0x1d
     252:	ae 8f       	std	Y+30, r26	; 0x1e
     254:	bf 8f       	std	Y+31, r27	; 0x1f
    record->crc = calibration_crc(record);
     256:	ce 01       	movw	r24, r28
     258:	0e 94 fe 00 	call	0x1fc	; 0x1fc <calibration_crc>
     25c:	9f ab       	std	Y+55, r25	; 0x37
     25e:	8e ab       	std	Y+54, r24	; 0x36
}
     260:	df 91       	pop	r29
     262:	cf 91       	pop	r28
     264:	08 95       	ret

00000266 <calibration_load>:

calibration_status_t calibration_load(calibration_record_t *record)
{
     266:	0f 93       	push	r16
     268:	1f 93       	push	r17
     26a:	cf 93       	push	r28
     26c:	df 93       	push	r29
     26e:	ec 01       	movw	r28, r24
    eeprom_read_block(record, &eeprom_calibration, sizeof(*record));
     270:	48 e3       	ldi	r20, 0x38	; 56
     272:	50 e0       	ldi	r21, 0x00	; 0
     274:	60 e0       	ldi	r22, 0x00	; 0
     276:	70 e0       	ldi	r23, 0x00	; 0
     278:	0e 94 a4 10 	call	0x2148	; 0x2148 <eeprom_read_block>

    if (record->magic != CALIBRATION_MAGIC ||
     27c:	88 81       	ld	r24, Y
     27e:	99 81       	ldd	r25, Y+1	; 0x01
     280:	aa 81       	ldd	r26, Y+2	; 0x02
     282:	bb 81       	ldd	r27, Y+3	; 0x03
     284:	88 33       	cpi	r24, 0x38	; 56
     286:	92 43       	sbci	r25, 0x32	; 50
     288:	a4 44       	sbci	r26, 0x44	; 68
     28a:	be 44       	sbci	r27, 0x4E	; 78
     28c:	81 f4       	brne	.+32     	; 0x2ae <calibration_load+0x48>
        record->version != CALIBRATION_VERSION ||
     28e:	8c 81       	ldd	r24, Y+4	; 0x04
     290:	9d 81       	ldd	r25, Y+5	; 0x05

calibration_status_t calibration_load(calibration_record_t *record)
{
    eeprom_read_block(record, &eeprom_calibration, sizeof(*record));

    if (record->magic != CALIBRATION_MAGIC ||
     292:	01 97       	sbiw	r24, 0x01	; 1
     294:	61 f4       	brne	.+24     	; 0x2ae <calibration_load+0x48>
        record->version != CALIBRATION_VERSION ||
        record->size != sizeof(*record) ||
     296:	8e 81       	ldd	r24, Y+6	; 0x06
     298:	9f 81       	ldd	r25, Y+7	; 0x07
calibration_status_t calibration_load(calibration_record_t *record)
{
    eeprom_read_block(record, &eeprom_calibration, sizeof(*record));

    if (record->magic != CALIBRATION_MAGIC ||
        record->version != CALIBRATION_VERSION ||
     29a:	c8 97       	sbiw	r24, 0x38	; 56
     29c:	41 f4       	brne	.+16     	; 0x2ae <calibration_load+0x48>
        record->size != sizeof(*record) ||
        record->crc != calibration_crc(record)) {
     29e:	0e a9       	ldd	r16, Y+54	; 0x36
     2a0:	1f a9       	ldd	r17, Y+55	; 0x37
     2a2:	ce 01       	movw	r24, r28
     2a4:	0e 94 fe 00 	call	0x1fc	; 0x1fc <calibration_crc>
{
    eeprom_read_block(record, &eeprom_calibration, sizeof(*record));

    if (record->magic != CALIBRATION_MAGIC ||
        record->version != CALIBRATION_VERSION ||
        record->size != sizeof(*record) ||
     2a8:	08 17       	cp	r16, r24
     2aa:	19 07       	cpc	r17, r25
     2ac:	29 f0       	breq	.+10     	; 0x2b8 <calibration_load+0x52>
        record->crc != calibration_crc(record)) {
        calibration_make_defaults(record);
     2ae:	ce 01       	movw	r24, r28
     2b0:	0e 94 03 01 	call	0x206	; 0x206 <calibration_make_defaults>
        return CALIBRATION_STATUS_DEFAULT;
     2b4:	80 e0       	ldi	r24, 0x00	; 0
     2b6:	01 c0       	rjmp	.+2      	; 0x2ba <calibration_load+0x54>
    }

    return CALIBRATION_STATUS_VALID;
     2b8:	81 e0       	ldi	r24, 0x01	; 1
}
     2ba:	df 91       	pop	r29
     2bc:	cf 91       	pop	r28
     2be:	1f 91       	pop	r17
     2c0:	0f 91       	pop	r16
     2c2:	08 95       	ret

000002c4 <calibration_save>:

uint8_t calibration_save(const calibration_record_t *record)
{
     2c4:	cf 93       	push	r28
     2c6:	df 93       	push	r29
     2c8:	cd b7       	in	r28, 0x3d	; 61
     2ca:	de b7       	in	r29, 0x3e	; 62
     2cc:	c0 57       	subi	r28, 0x70	; 112
     2ce:	d1 09       	sbc	r29, r1
     2d0:	0f b6       	in	r0, 0x3f	; 63
     2d2:	f8 94       	cli
     2d4:	de bf       	out	0x3e, r29	; 62
     2d6:	0f be       	out	0x3f, r0	; 63
     2d8:	cd bf       	out	0x3d, r28	; 61
     2da:	fc 01       	movw	r30, r24
    calibration_record_t copy = *record;
     2dc:	98 e3       	ldi	r25, 0x38	; 56
     2de:	de 01       	movw	r26, r28
     2e0:	11 96       	adiw	r26, 0x01	; 1
     2e2:	01 90       	ld	r0, Z+
     2e4:	0d 92       	st	X+, r0
     2e6:	9a 95       	dec	r25
     2e8:	e1 f7       	brne	.-8      	; 0x2e2 <calibration_save+0x1e>
    copy.magic = CALIBRATION_MAGIC;
     2ea:	88 e3       	ldi	r24, 0x38	; 56
     2ec:	92 e3       	ldi	r25, 0x32	; 50
     2ee:	a4 e4       	ldi	r26, 0x44	; 68
     2f0:	be e4       	ldi	r27, 0x4E	; 78
     2f2:	89 83       	std	Y+1, r24	; 0x01
     2f4:	9a 83       	std	Y+2, r25	; 0x02
     2f6:	ab 83       	std	Y+3, r26	; 0x03
     2f8:	bc 83       	std	Y+4, r27	; 0x04
    copy.version = CALIBRATION_VERSION;
     2fa:	81 e0       	ldi	r24, 0x01	; 1
     2fc:	90 e0       	ldi	r25, 0x00	; 0
     2fe:	9e 83       	std	Y+6, r25	; 0x06
     300:	8d 83       	std	Y+5, r24	; 0x05
    copy.size = sizeof(copy);
     302:	88 e3       	ldi	r24, 0x38	; 56
     304:	90 e0       	ldi	r25, 0x00	; 0
     306:	98 87       	std	Y+8, r25	; 0x08
     308:	8f 83       	std	Y+7, r24	; 0x07
    copy.crc = calibration_crc(&copy);
     30a:	ce 01       	movw	r24, r28
     30c:	01 96       	adiw	r24, 0x01	; 1
     30e:	0e 94 fe 00 	call	0x1fc	; 0x1fc <calibration_crc>
     312:	98 af       	std	Y+56, r25	; 0x38
     314:	8f ab       	std	Y+55, r24	; 0x37

    eeprom_update_block(&copy, &eeprom_calibration, sizeof(copy));
     316:	48 e3       	ldi	r20, 0x38	; 56
     318:	50 e0       	ldi	r21, 0x00	; 0
     31a:	60 e0       	ldi	r22, 0x00	; 0
     31c:	70 e0       	ldi	r23, 0x00	; 0
     31e:	ce 01       	movw	r24, r28
     320:	01 96       	adiw	r24, 0x01	; 1
     322:	0e 94 b4 10 	call	0x2168	; 0x2168 <eeprom_update_block>

    calibration_record_t verify;
    eeprom_read_block(&verify, &eeprom_calibration, sizeof(verify));
     326:	48 e3       	ldi	r20, 0x38	; 56
     328:	50 e0       	ldi	r21, 0x00	; 0
     32a:	60 e0       	ldi	r22, 0x00	; 0
     32c:	70 e0       	ldi	r23, 0x00	; 0
     32e:	ce 01       	movw	r24, r28
     330:	c9 96       	adiw	r24, 0x39	; 57
     332:	0e 94 a4 10 	call	0x2148	; 0x2148 <eeprom_read_block>

    return (memcmp(&copy, &verify, sizeof(copy)) == 0U);
     336:	48 e3       	ldi	r20, 0x38	; 56
     338:	50 e0       	ldi	r21, 0x00	; 0
     33a:	be 01       	movw	r22, r28
     33c:	67 5c       	subi	r22, 0xC7	; 199
     33e:	7f 4f       	sbci	r23, 0xFF	; 255
     340:	ce 01       	movw	r24, r28
     342:	01 96       	adiw	r24, 0x01	; 1
     344:	0e 94 5d 10 	call	0x20ba	; 0x20ba <memcmp>
     348:	21 e0       	ldi	r18, 0x01	; 1
     34a:	89 2b       	or	r24, r25
     34c:	09 f0       	breq	.+2      	; 0x350 <calibration_save+0x8c>
     34e:	20 e0       	ldi	r18, 0x00	; 0
}
     350:	82 2f       	mov	r24, r18
     352:	c0 59       	subi	r28, 0x90	; 144
     354:	df 4f       	sbci	r29, 0xFF	; 255
     356:	0f b6       	in	r0, 0x3f	; 63
     358:	f8 94       	cli
     35a:	de bf       	out	0x3e, r29	; 62
     35c:	0f be       	out	0x3f, r0	; 63
     35e:	cd bf       	out	0x3d, r28	; 61
     360:	df 91       	pop	r29
     362:	cf 91       	pop	r28
     364:	08 95       	ret

00000366 <calibration_factory_reset>:

void calibration_factory_reset(void)
{
     366:	cf 93       	push	r28
     368:	df 93       	push	r29
     36a:	cd b7       	in	r28, 0x3d	; 61
     36c:	de b7       	in	r29, 0x3e	; 62
     36e:	e8 97       	sbiw	r28, 0x38	; 56
     370:	0f b6       	in	r0, 0x3f	; 63
     372:	f8 94       	cli
     374:	de bf       	out	0x3e, r29	; 62
     376:	0f be       	out	0x3f, r0	; 63
     378:	cd bf       	out	0x3d, r28	; 61
    calibration_record_t erased;
    memset(&erased, 0xFF, sizeof(erased));
     37a:	48 e3       	ldi	r20, 0x38	; 56
     37c:	50 e0       	ldi	r21, 0x00	; 0
     37e:	6f ef       	ldi	r22, 0xFF	; 255
     380:	70 e0       	ldi	r23, 0x00	; 0
     382:	ce 01       	movw	r24, r28
     384:	01 96       	adiw	r24, 0x01	; 1
     386:	0e 94 6a 10 	call	0x20d4	; 0x20d4 <memset>
    eeprom_update_block(&erased, &eeprom_calibration, sizeof(erased));
     38a:	48 e3       	ldi	r20, 0x38	; 56
     38c:	50 e0       	ldi	r21, 0x00	; 0
     38e:	60 e0       	ldi	r22, 0x00	; 0
     390:	70 e0       	ldi	r23, 0x00	; 0
     392:	ce 01       	movw	r24, r28
     394:	01 96       	adiw	r24, 0x01	; 1
     396:	0e 94 b4 10 	call	0x2168	; 0x2168 <eeprom_update_block>
}
     39a:	e8 96       	adiw	r28, 0x38	; 56
     39c:	0f b6       	in	r0, 0x3f	; 63
     39e:	f8 94       	cli
     3a0:	de bf       	out	0x3e, r29	; 62
     3a2:	0f be       	out	0x3f, r0	; 63
     3a4:	cd bf       	out	0x3d, r28	; 61
     3a6:	df 91       	pop	r29
     3a8:	cf 91       	pop	r28
     3aa:	08 95       	ret

000003ac <calibration_apply>:
    return (int32_t)(scaled / CALIBRATION_GAIN_UNITY_PPM);
}

void calibration_apply(const calibration_record_t *record,
                       tmag5273_measurement_t *measurement)
{
     3ac:	cf 92       	push	r12
     3ae:	df 92       	push	r13
     3b0:	ef 92       	push	r14
     3b2:	ff 92       	push	r15
     3b4:	0f 93       	push	r16
     3b6:	1f 93       	push	r17
     3b8:	cf 93       	push	r28
     3ba:	df 93       	push	r29
     3bc:	6c 01       	movw	r12, r24
     3be:	eb 01       	movw	r28, r22
    measurement->bx_x100 = apply_axis(measurement->bx_x100,
     3c0:	fc 01       	movw	r30, r24
     3c2:	e4 88       	ldd	r14, Z+20	; 0x14
     3c4:	f5 88       	ldd	r15, Z+21	; 0x15
     3c6:	06 89       	ldd	r16, Z+22	; 0x16
     3c8:	17 89       	ldd	r17, Z+23	; 0x17
     3ca:	20 85       	ldd	r18, Z+8	; 0x08
     3cc:	31 85       	ldd	r19, Z+9	; 0x09
     3ce:	42 85       	ldd	r20, Z+10	; 0x0a
     3d0:	53 85       	ldd	r21, Z+11	; 0x0b
     3d2:	6c 81       	ldd	r22, Y+4	; 0x04
     3d4:	7d 81       	ldd	r23, Y+5	; 0x05
     3d6:	8e 81       	ldd	r24, Y+6	; 0x06
     3d8:	9f 81       	ldd	r25, Y+7	; 0x07
     3da:	0e 94 96 00 	call	0x12c	; 0x12c <apply_axis>
     3de:	6c 83       	std	Y+4, r22	; 0x04
     3e0:	7d 83       	std	Y+5, r23	; 0x05
     3e2:	8e 83       	std	Y+6, r24	; 0x06
     3e4:	9f 83       	std	Y+7, r25	; 0x07
                                      record->offset_x_x100,
                                      record->gain_x_ppm);
    measurement->by_x100 = apply_axis(measurement->by_x100,
     3e6:	f6 01       	movw	r30, r12
     3e8:	e0 8c       	ldd	r14, Z+24	; 0x18
     3ea:	f1 8c       	ldd	r15, Z+25	; 0x19
     3ec:	02 8d       	ldd	r16, Z+26	; 0x1a
     3ee:	13 8d       	ldd	r17, Z+27	; 0x1b
     3f0:	24 85       	ldd	r18, Z+12	; 0x0c
     3f2:	35 85       	ldd	r19, Z+13	; 0x0d
     3f4:	46 85       	ldd	r20, Z+14	; 0x0e
     3f6:	57 85       	ldd	r21, Z+15	; 0x0f
     3f8:	68 85       	ldd	r22, Y+8	; 0x08
     3fa:	79 85       	ldd	r23, Y+9	; 0x09
     3fc:	8a 85       	ldd	r24, Y+10	; 0x0a
     3fe:	9b 85       	ldd	r25, Y+11	; 0x0b
     400:	0e 94 96 00 	call	0x12c	; 0x12c <apply_axis>
     404:	68 87       	std	Y+8, r22	; 0x08
     406:	79 87       	std	Y+9, r23	; 0x09
     408:	8a 87       	std	Y+10, r24	; 0x0a
     40a:	9b 87       	std	Y+11, r25	; 0x0b
                                      record->offset_y_x100,
                                      record->gain_y_ppm);
    measurement->bz_x100 = apply_axis(measurement->bz_x100,
     40c:	f6 01       	movw	r30, r12
     40e:	e4 8c       	ldd	r14, Z+28	; 0x1c
     410:	f5 8c       	ldd	r15, Z+29	; 0x1d
     412:	06 8d       	ldd	r16, Z+30	; 0x1e
     414:	17 8d       	ldd	r17, Z+31	; 0x1f
     416:	20 89       	ldd	r18, Z+16	; 0x10
     418:	31 89       	ldd	r19, Z+17	; 0x11
     41a:	42 89       	ldd	r20, Z+18	; 0x12
     41c:	53 89       	ldd	r21, Z+19	; 0x13
     41e:	6c 85       	ldd	r22, Y+12	; 0x0c
     420:	7d 85       	ldd	r23, Y+13	; 0x0d
     422:	8e 85       	ldd	r24, Y+14	; 0x0e
     424:	9f 85       	ldd	r25, Y+15	; 0x0f
     426:	0e 94 96 00 	call	0x12c	; 0x12c <apply_axis>
     42a:	6c 87       	std	Y+12, r22	; 0x0c
     42c:	7d 87       	std	Y+13, r23	; 0x0d
     42e:	8e 87       	std	Y+14, r24	; 0x0e
     430:	9f 87       	std	Y+15, r25	; 0x0f
                                      record->offset_z_x100,
                                      record->gain_z_ppm);
}
     432:	df 91       	pop	r29
     434:	cf 91       	pop	r28
     436:	1f 91       	pop	r17
     438:	0f 91       	pop	r16
     43a:	ff 90       	pop	r15
     43c:	ef 90       	pop	r14
     43e:	df 90       	pop	r13
     440:	cf 90       	pop	r12
     442:	08 95       	ret

00000444 <status_text>:
#include "config.h"
#include "uart0.h"

static const char *status_text(calibration_status_t status)
{
    if (status == CALIBRATION_STATUS_VALID) return "VALID";
     444:	81 30       	cpi	r24, 0x01	; 1
     446:	29 f0       	breq	.+10     	; 0x452 <status_text+0xe>
    if (status == CALIBRATION_STATUS_DIRTY) return "DIRTY";
     448:	82 30       	cpi	r24, 0x02	; 2
     44a:	31 f4       	brne	.+12     	; 0x458 <status_text+0x14>
     44c:	86 e0       	ldi	r24, 0x06	; 6
     44e:	91 e0       	ldi	r25, 0x01	; 1
     450:	08 95       	ret
#include "config.h"
#include "uart0.h"

static const char *status_text(calibration_status_t status)
{
    if (status == CALIBRATION_STATUS_VALID) return "VALID";
     452:	80 e0       	ldi	r24, 0x00	; 0
     454:	91 e0       	ldi	r25, 0x01	; 1
     456:	08 95       	ret
    if (status == CALIBRATION_STATUS_DIRTY) return "DIRTY";
    return "DEFAULT";
     458:	8c e0       	ldi	r24, 0x0C	; 12
     45a:	91 e0       	ldi	r25, 0x01	; 1
}
     45c:	08 95       	ret

0000045e <response_error>:
    uart0_print(command);
    uart0_print("\r\n");
}

static void response_error(const char *reason)
{
     45e:	cf 93       	push	r28
     460:	df 93       	push	r29
     462:	ec 01       	movw	r28, r24
    uart0_print("$ND280RSP,ERROR,REASON=");
     464:	84 e1       	ldi	r24, 0x14	; 20
     466:	91 e0       	ldi	r25, 0x01	; 1
     468:	0e 94 28 0b 	call	0x1650	; 0x1650 <uart0_print>
    uart0_print(reason);
     46c:	ce 01       	movw	r24, r28
     46e:	0e 94 28 0b 	call	0x1650	; 0x1650 <uart0_print>
    uart0_print("\r\n");
     472:	89 ef       	ldi	r24, 0xF9	; 249
     474:	93 e0       	ldi	r25, 0x03	; 3
     476:	0e 94 28 0b 	call	0x1650	; 0x1650 <uart0_print>
}
     47a:	df 91       	pop	r29
     47c:	cf 91       	pop	r28
     47e:	08 95       	ret

00000480 <response_ok>:
    if (status == CALIBRATION_STATUS_DIRTY) return "DIRTY";
    return "DEFAULT";
}

static void response_ok(const char *command)
{
     480:	cf 93       	push	r28
     482:	df 93       	push	r29
     484:	ec 01       	movw	r28, r24
    uart0_print("$ND280RSP,OK,CMD=");
     486:	8c e2       	ldi	r24, 0x2C	; 44
     488:	91 e0       	ldi	r25, 0x01	; 1
     48a:	0e 94 28 0b 	call	0x1650	; 0x1650 <uart0_print>
    uart0_print(command);
     48e:	ce 01       	movw	r24, r28
     490:	0e 94 28 0b 	call	0x1650	; 0x1650 <uart0_print>
    uart0_print("\r\n");
     494:	89 ef       	ldi	r24, 0xF9	; 249
     496:	93 e0       	ldi	r25, 0x03	; 3
     498:	0e 94 28 0b 	call	0x1650	; 0x1650 <uart0_print>
}
     49c:	df 91       	pop	r29
     49e:	cf 91       	pop	r28
     4a0:	08 95       	ret

000004a2 <parse_u32>:
    *value = (int32_t)parsed;
    return 1U;
}

static uint8_t parse_u32(const char *text, uint32_t *value)
{
     4a2:	ef 92       	push	r14
     4a4:	ff 92       	push	r15
     4a6:	0f 93       	push	r16
     4a8:	1f 93       	push	r17
     4aa:	cf 93       	push	r28
     4ac:	df 93       	push	r29
     4ae:	00 d0       	rcall	.+0      	; 0x4b0 <parse_u32+0xe>
     4b0:	cd b7       	in	r28, 0x3d	; 61
     4b2:	de b7       	in	r29, 0x3e	; 62
     4b4:	8c 01       	movw	r16, r24
     4b6:	7b 01       	movw	r14, r22
    char *end = 0;
     4b8:	1a 82       	std	Y+2, r1	; 0x02
     4ba:	19 82       	std	Y+1, r1	; 0x01
    unsigned long parsed = strtoul(text, &end, 10);
     4bc:	4a e0       	ldi	r20, 0x0A	; 10
     4be:	50 e0       	ldi	r21, 0x00	; 0
     4c0:	be 01       	movw	r22, r28
     4c2:	6f 5f       	subi	r22, 0xFF	; 255
     4c4:	7f 4f       	sbci	r23, 0xFF	; 255
     4c6:	0e 94 5a 0f 	call	0x1eb4	; 0x1eb4 <strtoul>
    if (text == end || *end != '\0') return 0U;
     4ca:	e9 81       	ldd	r30, Y+1	; 0x01
     4cc:	fa 81       	ldd	r31, Y+2	; 0x02
     4ce:	0e 17       	cp	r16, r30
     4d0:	1f 07       	cpc	r17, r31
     4d2:	51 f0       	breq	.+20     	; 0x4e8 <parse_u32+0x46>
     4d4:	20 81       	ld	r18, Z
     4d6:	21 11       	cpse	r18, r1
     4d8:	09 c0       	rjmp	.+18     	; 0x4ec <parse_u32+0x4a>
    *value = (uint32_t)parsed;
     4da:	f7 01       	movw	r30, r14
     4dc:	60 83       	st	Z, r22
     4de:	71 83       	std	Z+1, r23	; 0x01
     4e0:	82 83       	std	Z+2, r24	; 0x02
     4e2:	93 83       	std	Z+3, r25	; 0x03
    return 1U;
     4e4:	81 e0       	ldi	r24, 0x01	; 1
     4e6:	03 c0       	rjmp	.+6      	; 0x4ee <parse_u32+0x4c>

static uint8_t parse_u32(const char *text, uint32_t *value)
{
    char *end = 0;
    unsigned long parsed = strtoul(text, &end, 10);
    if (text == end || *end != '\0') return 0U;
     4e8:	80 e0       	ldi	r24, 0x00	; 0
     4ea:	01 c0       	rjmp	.+2      	; 0x4ee <parse_u32+0x4c>
     4ec:	80 e0       	ldi	r24, 0x00	; 0
    *value = (uint32_t)parsed;
    return 1U;
}
     4ee:	0f 90       	pop	r0
     4f0:	0f 90       	pop	r0
     4f2:	df 91       	pop	r29
     4f4:	cf 91       	pop	r28
     4f6:	1f 91       	pop	r17
     4f8:	0f 91       	pop	r16
     4fa:	ff 90       	pop	r15
     4fc:	ef 90       	pop	r14
     4fe:	08 95       	ret

00000500 <get_three_u32>:
           parse_i32(a, va) && parse_i32(b, vb) && parse_i32(c, vc);
}

static uint8_t get_three_u32(char *a, char *b, char *c,
                             uint32_t *va, uint32_t *vb, uint32_t *vc)
{
     500:	cf 92       	push	r12
     502:	df 92       	push	r13
     504:	ef 92       	push	r14
     506:	ff 92       	push	r15
     508:	0f 93       	push	r16
     50a:	1f 93       	push	r17
     50c:	cf 93       	push	r28
     50e:	df 93       	push	r29
    return a && b && c &&
           parse_u32(a, va) && parse_u32(b, vb) && parse_u32(c, vc);
     510:	00 97       	sbiw	r24, 0x00	; 0
     512:	d9 f0       	breq	.+54     	; 0x54a <get_three_u32+0x4a>
}

static uint8_t get_three_u32(char *a, char *b, char *c,
                             uint32_t *va, uint32_t *vb, uint32_t *vc)
{
    return a && b && c &&
     514:	61 15       	cp	r22, r1
     516:	71 05       	cpc	r23, r1
     518:	d1 f0       	breq	.+52     	; 0x54e <get_three_u32+0x4e>
     51a:	41 15       	cp	r20, r1
     51c:	51 05       	cpc	r21, r1
     51e:	c9 f0       	breq	.+50     	; 0x552 <get_three_u32+0x52>
     520:	6a 01       	movw	r12, r20
     522:	eb 01       	movw	r28, r22
           parse_u32(a, va) && parse_u32(b, vb) && parse_u32(c, vc);
     524:	b9 01       	movw	r22, r18
     526:	0e 94 51 02 	call	0x4a2	; 0x4a2 <parse_u32>
}

static uint8_t get_three_u32(char *a, char *b, char *c,
                             uint32_t *va, uint32_t *vb, uint32_t *vc)
{
    return a && b && c &&
     52a:	88 23       	and	r24, r24
     52c:	a1 f0       	breq	.+40     	; 0x556 <get_three_u32+0x56>
           parse_u32(a, va) && parse_u32(b, vb) && parse_u32(c, vc);
     52e:	b8 01       	movw	r22, r16
     530:	ce 01       	movw	r24, r28
     532:	0e 94 51 02 	call	0x4a2	; 0x4a2 <parse_u32>
     536:	88 23       	and	r24, r24
     538:	81 f0       	breq	.+32     	; 0x55a <get_three_u32+0x5a>
     53a:	b7 01       	movw	r22, r14
     53c:	c6 01       	movw	r24, r12
     53e:	0e 94 51 02 	call	0x4a2	; 0x4a2 <parse_u32>
     542:	88 23       	and	r24, r24
     544:	61 f0       	breq	.+24     	; 0x55e <get_three_u32+0x5e>
     546:	81 e0       	ldi	r24, 0x01	; 1
     548:	0b c0       	rjmp	.+22     	; 0x560 <get_three_u32+0x60>
     54a:	80 e0       	ldi	r24, 0x00	; 0
     54c:	09 c0       	rjmp	.+18     	; 0x560 <get_three_u32+0x60>
     54e:	80 e0       	ldi	r24, 0x00	; 0
     550:	07 c0       	rjmp	.+14     	; 0x560 <get_three_u32+0x60>
     552:	80 e0       	ldi	r24, 0x00	; 0
     554:	05 c0       	rjmp	.+10     	; 0x560 <get_three_u32+0x60>
     556:	80 e0       	ldi	r24, 0x00	; 0
     558:	03 c0       	rjmp	.+6      	; 0x560 <get_three_u32+0x60>
     55a:	80 e0       	ldi	r24, 0x00	; 0
     55c:	01 c0       	rjmp	.+2      	; 0x560 <get_three_u32+0x60>
     55e:	80 e0       	ldi	r24, 0x00	; 0
}
     560:	df 91       	pop	r29
     562:	cf 91       	pop	r28
     564:	1f 91       	pop	r17
     566:	0f 91       	pop	r16
     568:	ff 90       	pop	r15
     56a:	ef 90       	pop	r14
     56c:	df 90       	pop	r13
     56e:	cf 90       	pop	r12
     570:	08 95       	ret

00000572 <parse_i32>:
    uart0_print(reason);
    uart0_print("\r\n");
}

static uint8_t parse_i32(const char *text, int32_t *value)
{
     572:	ef 92       	push	r14
     574:	ff 92       	push	r15
     576:	0f 93       	push	r16
     578:	1f 93       	push	r17
     57a:	cf 93       	push	r28
     57c:	df 93       	push	r29
     57e:	00 d0       	rcall	.+0      	; 0x580 <parse_i32+0xe>
     580:	cd b7       	in	r28, 0x3d	; 61
     582:	de b7       	in	r29, 0x3e	; 62
     584:	8c 01       	movw	r16, r24
     586:	7b 01       	movw	r14, r22
    char *end = 0;
     588:	1a 82       	std	Y+2, r1	; 0x02
     58a:	19 82       	std	Y+1, r1	; 0x01
    long parsed = strtol(text, &end, 10);
     58c:	4a e0       	ldi	r20, 0x0A	; 10
     58e:	50 e0       	ldi	r21, 0x00	; 0
     590:	be 01       	movw	r22, r28
     592:	6f 5f       	subi	r22, 0xFF	; 255
     594:	7f 4f       	sbci	r23, 0xFF	; 255
     596:	0e 94 44 0e 	call	0x1c88	; 0x1c88 <strtol>
    if (text == end || *end != '\0') return 0U;
     59a:	e9 81       	ldd	r30, Y+1	; 0x01
     59c:	fa 81       	ldd	r31, Y+2	; 0x02
     59e:	0e 17       	cp	r16, r30
     5a0:	1f 07       	cpc	r17, r31
     5a2:	51 f0       	breq	.+20     	; 0x5b8 <parse_i32+0x46>
     5a4:	20 81       	ld	r18, Z
     5a6:	21 11       	cpse	r18, r1
     5a8:	09 c0       	rjmp	.+18     	; 0x5bc <parse_i32+0x4a>
    *value = (int32_t)parsed;
     5aa:	f7 01       	movw	r30, r14
     5ac:	60 83       	st	Z, r22
     5ae:	71 83       	std	Z+1, r23	; 0x01
     5b0:	82 83       	std	Z+2, r24	; 0x02
     5b2:	93 83       	std	Z+3, r25	; 0x03
    return 1U;
     5b4:	81 e0       	ldi	r24, 0x01	; 1
     5b6:	03 c0       	rjmp	.+6      	; 0x5be <parse_i32+0x4c>

static uint8_t parse_i32(const char *text, int32_t *value)
{
    char *end = 0;
    long parsed = strtol(text, &end, 10);
    if (text == end || *end != '\0') return 0U;
     5b8:	80 e0       	ldi	r24, 0x00	; 0
     5ba:	01 c0       	rjmp	.+2      	; 0x5be <parse_i32+0x4c>
     5bc:	80 e0       	ldi	r24, 0x00	; 0
    *value = (int32_t)parsed;
    return 1U;
}
     5be:	0f 90       	pop	r0
     5c0:	0f 90       	pop	r0
     5c2:	df 91       	pop	r29
     5c4:	cf 91       	pop	r28
     5c6:	1f 91       	pop	r17
     5c8:	0f 91       	pop	r16
     5ca:	ff 90       	pop	r15
     5cc:	ef 90       	pop	r14
     5ce:	08 95       	ret

000005d0 <get_three_i32>:
    uart0_print("\r\n");
}

static uint8_t get_three_i32(char *a, char *b, char *c,
                             int32_t *va, int32_t *vb, int32_t *vc)
{
     5d0:	cf 92       	push	r12
     5d2:	df 92       	push	r13
     5d4:	ef 92       	push	r14
     5d6:	ff 92       	push	r15
     5d8:	0f 93       	push	r16
     5da:	1f 93       	push	r17
     5dc:	cf 93       	push	r28
     5de:	df 93       	push	r29
    return a && b && c &&
           parse_i32(a, va) && parse_i32(b, vb) && parse_i32(c, vc);
     5e0:	00 97       	sbiw	r24, 0x00	; 0
     5e2:	d9 f0       	breq	.+54     	; 0x61a <get_three_i32+0x4a>
}

static uint8_t get_three_i32(char *a, char *b, char *c,
                             int32_t *va, int32_t *vb, int32_t *vc)
{
    return a && b && c &&
     5e4:	61 15       	cp	r22, r1
     5e6:	71 05       	cpc	r23, r1
     5e8:	d1 f0       	breq	.+52     	; 0x61e <get_three_i32+0x4e>
     5ea:	41 15       	cp	r20, r1
     5ec:	51 05       	cpc	r21, r1
     5ee:	c9 f0       	breq	.+50     	; 0x622 <get_three_i32+0x52>
     5f0:	6a 01       	movw	r12, r20
     5f2:	eb 01       	movw	r28, r22
           parse_i32(a, va) && parse_i32(b, vb) && parse_i32(c, vc);
     5f4:	b9 01       	movw	r22, r18
     5f6:	0e 94 b9 02 	call	0x572	; 0x572 <parse_i32>
}

static uint8_t get_three_i32(char *a, char *b, char *c,
                             int32_t *va, int32_t *vb, int32_t *vc)
{
    return a && b && c &&
     5fa:	88 23       	and	r24, r24
     5fc:	a1 f0       	breq	.+40     	; 0x626 <get_three_i32+0x56>
           parse_i32(a, va) && parse_i32(b, vb) && parse_i32(c, vc);
     5fe:	b8 01       	movw	r22, r16
     600:	ce 01       	movw	r24, r28
     602:	0e 94 b9 02 	call	0x572	; 0x572 <parse_i32>
     606:	88 23       	and	r24, r24
     608:	81 f0       	breq	.+32     	; 0x62a <get_three_i32+0x5a>
     60a:	b7 01       	movw	r22, r14
     60c:	c6 01       	movw	r24, r12
     60e:	0e 94 b9 02 	call	0x572	; 0x572 <parse_i32>
     612:	88 23       	and	r24, r24
     614:	61 f0       	breq	.+24     	; 0x62e <get_three_i32+0x5e>
     616:	81 e0       	ldi	r24, 0x01	; 1
     618:	0b c0       	rjmp	.+22     	; 0x630 <get_three_i32+0x60>
     61a:	80 e0       	ldi	r24, 0x00	; 0
     61c:	09 c0       	rjmp	.+18     	; 0x630 <get_three_i32+0x60>
     61e:	80 e0       	ldi	r24, 0x00	; 0
     620:	07 c0       	rjmp	.+14     	; 0x630 <get_three_i32+0x60>
     622:	80 e0       	ldi	r24, 0x00	; 0
     624:	05 c0       	rjmp	.+10     	; 0x630 <get_three_i32+0x60>
     626:	80 e0       	ldi	r24, 0x00	; 0
     628:	03 c0       	rjmp	.+6      	; 0x630 <get_three_i32+0x60>
     62a:	80 e0       	ldi	r24, 0x00	; 0
     62c:	01 c0       	rjmp	.+2      	; 0x630 <get_three_i32+0x60>
     62e:	80 e0       	ldi	r24, 0x00	; 0
}
     630:	df 91       	pop	r29
     632:	cf 91       	pop	r28
     634:	1f 91       	pop	r17
     636:	0f 91       	pop	r16
     638:	ff 90       	pop	r15
     63a:	ef 90       	pop	r14
     63c:	df 90       	pop	r13
     63e:	cf 90       	pop	r12
     640:	08 95       	ret

00000642 <print_calibration>:
    return 1U;
}

static void print_calibration(const calibration_record_t *cal,
                              calibration_status_t status)
{
     642:	1f 93       	push	r17
     644:	cf 93       	push	r28
     646:	df 93       	push	r29
     648:	ec 01       	movw	r28, r24
     64a:	16 2f       	mov	r17, r22
    uart0_print("$ND280CAL,STATE=");
     64c:	8e e3       	ldi	r24, 0x3E	; 62
     64e:	91 e0       	ldi	r25, 0x01	; 1
     650:	0e 94 28 0b 	call	0x1650	; 0x1650 <uart0_print>
    uart0_print(status_text(status));
     654:	81 2f       	mov	r24, r17
     656:	0e 94 22 02 	call	0x444	; 0x444 <status_text>
     65a:	0e 94 28 0b 	call	0x1650	; 0x1650 <uart0_print>
    uart0_print(",VER=");
     65e:	88 e8       	ldi	r24, 0x88	; 136
     660:	93 e0       	ldi	r25, 0x03	; 3
     662:	0e 94 28 0b 	call	0x1650	; 0x1650 <uart0_print>
    uart0_print_uint16(cal->version);
     666:	8c 81       	ldd	r24, Y+4	; 0x04
     668:	9d 81       	ldd	r25, Y+5	; 0x05
     66a:	0e 94 4a 0b 	call	0x1694	; 0x1694 <uart0_print_uint16>
    uart0_print(",COUNT=");
     66e:	8f e4       	ldi	r24, 0x4F	; 79
     670:	91 e0       	ldi	r25, 0x01	; 1
     672:	0e 94 28 0b 	call	0x1650	; 0x1650 <uart0_print>
    uart0_print_uint32(cal->calibration_counter);
     676:	68 a9       	ldd	r22, Y+48	; 0x30
     678:	79 a9       	ldd	r23, Y+49	; 0x31
     67a:	8a a9       	ldd	r24, Y+50	; 0x32
     67c:	9b a9       	ldd	r25, Y+51	; 0x33
     67e:	0e 94 a1 0b 	call	0x1742	; 0x1742 <uart0_print_uint32>
    uart0_print(",OX=");
     682:	87 e5       	ldi	r24, 0x57	; 87
     684:	91 e0       	ldi	r25, 0x01	; 1
     686:	0e 94 28 0b 	call	0x1650	; 0x1650 <uart0_print>
    uart0_print_int32(cal->offset_x_x100);
     68a:	68 85       	ldd	r22, Y+8	; 0x08
     68c:	79 85       	ldd	r23, Y+9	; 0x09
     68e:	8a 85       	ldd	r24, Y+10	; 0x0a
     690:	9b 85       	ldd	r25, Y+11	; 0x0b
     692:	0e 94 e6 0b 	call	0x17cc	; 0x17cc <uart0_print_int32>
    uart0_print(",OY=");
     696:	8c e5       	ldi	r24, 0x5C	; 92
     698:	91 e0       	ldi	r25, 0x01	; 1
     69a:	0e 94 28 0b 	call	0x1650	; 0x1650 <uart0_print>
    uart0_print_int32(cal->offset_y_x100);
     69e:	6c 85       	ldd	r22, Y+12	; 0x0c
     6a0:	7d 85       	ldd	r23, Y+13	; 0x0d
     6a2:	8e 85       	ldd	r24, Y+14	; 0x0e
     6a4:	9f 85       	ldd	r25, Y+15	; 0x0f
     6a6:	0e 94 e6 0b 	call	0x17cc	; 0x17cc <uart0_print_int32>
    uart0_print(",OZ=");
     6aa:	81 e6       	ldi	r24, 0x61	; 97
     6ac:	91 e0       	ldi	r25, 0x01	; 1
     6ae:	0e 94 28 0b 	call	0x1650	; 0x1650 <uart0_print>
    uart0_print_int32(cal->offset_z_x100);
     6b2:	68 89       	ldd	r22, Y+16	; 0x10
     6b4:	79 89       	ldd	r23, Y+17	; 0x11
     6b6:	8a 89       	ldd	r24, Y+18	; 0x12
     6b8:	9b 89       	ldd	r25, Y+19	; 0x13
     6ba:	0e 94 e6 0b 	call	0x17cc	; 0x17cc <uart0_print_int32>
    uart0_print(",GX=");
     6be:	86 e6       	ldi	r24, 0x66	; 102
     6c0:	91 e0       	ldi	r25, 0x01	; 1
     6c2:	0e 94 28 0b 	call	0x1650	; 0x1650 <uart0_print>
    uart0_print_int32(cal->gain_x_ppm);
     6c6:	6c 89       	ldd	r22, Y+20	; 0x14
     6c8:	7d 89       	ldd	r23, Y+21	; 0x15
     6ca:	8e 89       	ldd	r24, Y+22	; 0x16
     6cc:	9f 89       	ldd	r25, Y+23	; 0x17
     6ce:	0e 94 e6 0b 	call	0x17cc	; 0x17cc <uart0_print_int32>
    uart0_print(",GY=");
     6d2:	8b e6       	ldi	r24, 0x6B	; 107
     6d4:	91 e0       	ldi	r25, 0x01	; 1
     6d6:	0e 94 28 0b 	call	0x1650	; 0x1650 <uart0_print>
    uart0_print_int32(cal->gain_y_ppm);
     6da:	68 8d       	ldd	r22, Y+24	; 0x18
     6dc:	79 8d       	ldd	r23, Y+25	; 0x19
     6de:	8a 8d       	ldd	r24, Y+26	; 0x1a
     6e0:	9b 8d       	ldd	r25, Y+27	; 0x1b
     6e2:	0e 94 e6 0b 	call	0x17cc	; 0x17cc <uart0_print_int32>
    uart0_print(",GZ=");
     6e6:	80 e7       	ldi	r24, 0x70	; 112
     6e8:	91 e0       	ldi	r25, 0x01	; 1
     6ea:	0e 94 28 0b 	call	0x1650	; 0x1650 <uart0_print>
    uart0_print_int32(cal->gain_z_ppm);
     6ee:	6c 8d       	ldd	r22, Y+28	; 0x1c
     6f0:	7d 8d       	ldd	r23, Y+29	; 0x1d
     6f2:	8e 8d       	ldd	r24, Y+30	; 0x1e
     6f4:	9f 8d       	ldd	r25, Y+31	; 0x1f
     6f6:	0e 94 e6 0b 	call	0x17cc	; 0x17cc <uart0_print_int32>
    uart0_print(",NX=");
     6fa:	85 e7       	ldi	r24, 0x75	; 117
     6fc:	91 e0       	ldi	r25, 0x01	; 1
     6fe:	0e 94 28 0b 	call	0x1650	; 0x1650 <uart0_print>
    uart0_print_uint32(cal->noise_sigma_x_x10000);
     702:	68 a1       	ldd	r22, Y+32	; 0x20
     704:	79 a1       	ldd	r23, Y+33	; 0x21
     706:	8a a1       	ldd	r24, Y+34	; 0x22
     708:	9b a1       	ldd	r25, Y+35	; 0x23
     70a:	0e 94 a1 0b 	call	0x1742	; 0x1742 <uart0_print_uint32>
    uart0_print(",NY=");
     70e:	8a e7       	ldi	r24, 0x7A	; 122
     710:	91 e0       	ldi	r25, 0x01	; 1
     712:	0e 94 28 0b 	call	0x1650	; 0x1650 <uart0_print>
    uart0_print_uint32(cal->noise_sigma_y_x10000);
     716:	6c a1       	ldd	r22, Y+36	; 0x24
     718:	7d a1       	ldd	r23, Y+37	; 0x25
     71a:	8e a1       	ldd	r24, Y+38	; 0x26
     71c:	9f a1       	ldd	r25, Y+39	; 0x27
     71e:	0e 94 a1 0b 	call	0x1742	; 0x1742 <uart0_print_uint32>
    uart0_print(",NZ=");
     722:	8f e7       	ldi	r24, 0x7F	; 127
     724:	91 e0       	ldi	r25, 0x01	; 1
     726:	0e 94 28 0b 	call	0x1650	; 0x1650 <uart0_print>
    uart0_print_uint32(cal->noise_sigma_z_x10000);
     72a:	68 a5       	ldd	r22, Y+40	; 0x28
     72c:	79 a5       	ldd	r23, Y+41	; 0x29
     72e:	8a a5       	ldd	r24, Y+42	; 0x2a
     730:	9b a5       	ldd	r25, Y+43	; 0x2b
     732:	0e 94 a1 0b 	call	0x1742	; 0x1742 <uart0_print_uint32>
    uart0_print(",TCAL=");
     736:	84 e8       	ldi	r24, 0x84	; 132
     738:	91 e0       	ldi	r25, 0x01	; 1
     73a:	0e 94 28 0b 	call	0x1650	; 0x1650 <uart0_print>
    uart0_print_int32(cal->calibration_temperature_x100);
     73e:	6c a5       	ldd	r22, Y+44	; 0x2c
     740:	7d a5       	ldd	r23, Y+45	; 0x2d
     742:	8e a5       	ldd	r24, Y+46	; 0x2e
     744:	9f a5       	ldd	r25, Y+47	; 0x2f
     746:	0e 94 e6 0b 	call	0x17cc	; 0x17cc <uart0_print_int32>
    uart0_print("\r\n");
     74a:	89 ef       	ldi	r24, 0xF9	; 249
     74c:	93 e0       	ldi	r25, 0x03	; 3
     74e:	0e 94 28 0b 	call	0x1650	; 0x1650 <uart0_print>
}
     752:	df 91       	pop	r29
     754:	cf 91       	pop	r28
     756:	1f 91       	pop	r17
     758:	08 95       	ret

0000075a <process_command>:

static void process_command(char *line,
                            calibration_record_t *cal,
                            calibration_status_t *status,
                            uint8_t node_id)
{
     75a:	6f 92       	push	r6
     75c:	7f 92       	push	r7
     75e:	8f 92       	push	r8
     760:	9f 92       	push	r9
     762:	af 92       	push	r10
     764:	bf 92       	push	r11
     766:	cf 92       	push	r12
     768:	df 92       	push	r13
     76a:	ef 92       	push	r14
     76c:	ff 92       	push	r15
     76e:	0f 93       	push	r16
     770:	1f 93       	push	r17
     772:	cf 93       	push	r28
     774:	df 93       	push	r29
     776:	cd b7       	in	r28, 0x3d	; 61
     778:	de b7       	in	r29, 0x3e	; 62
     77a:	2c 97       	sbiw	r28, 0x0c	; 12
     77c:	0f b6       	in	r0, 0x3f	; 63
     77e:	f8 94       	cli
     780:	de bf       	out	0x3e, r29	; 62
     782:	0f be       	out	0x3f, r0	; 63
     784:	cd bf       	out	0x3d, r28	; 61
     786:	6b 01       	movw	r12, r22
     788:	5a 01       	movw	r10, r20
     78a:	f2 2e       	mov	r15, r18
    char *command = strtok(line, " ");
     78c:	6b e8       	ldi	r22, 0x8B	; 139
     78e:	71 e0       	ldi	r23, 0x01	; 1
     790:	0e 94 58 10 	call	0x20b0	; 0x20b0 <strtok>
     794:	8c 01       	movw	r16, r24
    if (!command) return;
     796:	00 97       	sbiw	r24, 0x00	; 0
     798:	09 f4       	brne	.+2      	; 0x79c <process_command+0x42>
     79a:	ef c1       	rjmp	.+990    	; 0xb7a <__stack+0x27b>

    if (strcmp(command, "HELP") == 0) {
     79c:	6d e8       	ldi	r22, 0x8D	; 141
     79e:	71 e0       	ldi	r23, 0x01	; 1
     7a0:	0e 94 71 10 	call	0x20e2	; 0x20e2 <strcmp>
     7a4:	89 2b       	or	r24, r25
     7a6:	29 f4       	brne	.+10     	; 0x7b2 <process_command+0x58>
        uart0_print("$ND280RSP,COMMANDS=HELP|INFO|CAL READ|CAL OFFSET x y z|CAL GAIN x y z|CAL NOISE x y z|CAL TEMP t|CAL SAVE|CAL RESET\r\n");
     7a8:	82 e9       	ldi	r24, 0x92	; 146
     7aa:	91 e0       	ldi	r25, 0x01	; 1
     7ac:	0e 94 28 0b 	call	0x1650	; 0x1650 <uart0_print>
        return;
     7b0:	e4 c1       	rjmp	.+968    	; 0xb7a <__stack+0x27b>
    }

    if (strcmp(command, "INFO") == 0) {
     7b2:	68 e0       	ldi	r22, 0x08	; 8
     7b4:	72 e0       	ldi	r23, 0x02	; 2
     7b6:	c8 01       	movw	r24, r16
     7b8:	0e 94 71 10 	call	0x20e2	; 0x20e2 <strcmp>
     7bc:	89 2b       	or	r24, r25
     7be:	b9 f5       	brne	.+110    	; 0x82e <__DATA_REGION_LENGTH__+0x2e>
        uart0_print("$ND280INFO,ID=");
     7c0:	8d e0       	ldi	r24, 0x0D	; 13
     7c2:	92 e0       	ldi	r25, 0x02	; 2
     7c4:	0e 94 28 0b 	call	0x1650	; 0x1650 <uart0_print>
        uart0_print_uint16(node_id);
     7c8:	8f 2d       	mov	r24, r15
     7ca:	90 e0       	ldi	r25, 0x00	; 0
     7cc:	0e 94 4a 0b 	call	0x1694	; 0x1694 <uart0_print_uint16>
        uart0_print(",FW=");
     7d0:	8c e1       	ldi	r24, 0x1C	; 28
     7d2:	92 e0       	ldi	r25, 0x02	; 2
     7d4:	0e 94 28 0b 	call	0x1650	; 0x1650 <uart0_print>
        uart0_print(FIRMWARE_VERSION);
     7d8:	81 e2       	ldi	r24, 0x21	; 33
     7da:	92 e0       	ldi	r25, 0x02	; 2
     7dc:	0e 94 28 0b 	call	0x1650	; 0x1650 <uart0_print>
        uart0_print(",TMAG=");
     7e0:	87 e2       	ldi	r24, 0x27	; 39
     7e2:	92 e0       	ldi	r25, 0x02	; 2
     7e4:	0e 94 28 0b 	call	0x1650	; 0x1650 <uart0_print>
        uart0_print(TMAG_VARIANT);
     7e8:	8e e2       	ldi	r24, 0x2E	; 46
     7ea:	92 e0       	ldi	r25, 0x02	; 2
     7ec:	0e 94 28 0b 	call	0x1650	; 0x1650 <uart0_print>
        uart0_print(",RANGE=");
     7f0:	81 e3       	ldi	r24, 0x31	; 49
     7f2:	92 e0       	ldi	r25, 0x02	; 2
     7f4:	0e 94 28 0b 	call	0x1650	; 0x1650 <uart0_print>
        uart0_print_uint16(TMAG_FULL_SCALE_MT);
     7f8:	8a e0       	ldi	r24, 0x0A	; 10
     7fa:	91 e0       	ldi	r25, 0x01	; 1
     7fc:	0e 94 4a 0b 	call	0x1694	; 0x1694 <uart0_print_uint16>
        uart0_print(",AVG=");
     800:	89 e3       	ldi	r24, 0x39	; 57
     802:	92 e0       	ldi	r25, 0x02	; 2
     804:	0e 94 28 0b 	call	0x1650	; 0x1650 <uart0_print>
        uart0_print_uint16(AVERAGE_SAMPLES);
     808:	8a e0       	ldi	r24, 0x0A	; 10
     80a:	90 e0       	ldi	r25, 0x00	; 0
     80c:	0e 94 4a 0b 	call	0x1694	; 0x1694 <uart0_print_uint16>
        uart0_print(",CAL=");
     810:	8f e3       	ldi	r24, 0x3F	; 63
     812:	92 e0       	ldi	r25, 0x02	; 2
     814:	0e 94 28 0b 	call	0x1650	; 0x1650 <uart0_print>
        uart0_print(status_text(*status));
     818:	f5 01       	movw	r30, r10
     81a:	80 81       	ld	r24, Z
     81c:	0e 94 22 02 	call	0x444	; 0x444 <status_text>
     820:	0e 94 28 0b 	call	0x1650	; 0x1650 <uart0_print>
        uart0_print("\r\n");
     824:	89 ef       	ldi	r24, 0xF9	; 249
     826:	93 e0       	ldi	r25, 0x03	; 3
     828:	0e 94 28 0b 	call	0x1650	; 0x1650 <uart0_print>
        return;
     82c:	a6 c1       	rjmp	.+844    	; 0xb7a <__stack+0x27b>
    }

    if (strcmp(command, "CAL") != 0) {
     82e:	65 e4       	ldi	r22, 0x45	; 69
     830:	72 e0       	ldi	r23, 0x02	; 2
     832:	c8 01       	movw	r24, r16
     834:	0e 94 71 10 	call	0x20e2	; 0x20e2 <strcmp>
     838:	89 2b       	or	r24, r25
     83a:	29 f0       	breq	.+10     	; 0x846 <__DATA_REGION_LENGTH__+0x46>
        response_error("UNKNOWN_COMMAND");
     83c:	89 e4       	ldi	r24, 0x49	; 73
     83e:	92 e0       	ldi	r25, 0x02	; 2
     840:	0e 94 2f 02 	call	0x45e	; 0x45e <response_error>
        return;
     844:	9a c1       	rjmp	.+820    	; 0xb7a <__stack+0x27b>
    }

    char *subcommand = strtok(0, " ");
     846:	6b e8       	ldi	r22, 0x8B	; 139
     848:	71 e0       	ldi	r23, 0x01	; 1
     84a:	80 e0       	ldi	r24, 0x00	; 0
     84c:	90 e0       	ldi	r25, 0x00	; 0
     84e:	0e 94 58 10 	call	0x20b0	; 0x20b0 <strtok>
     852:	8c 01       	movw	r16, r24
    if (!subcommand) {
     854:	00 97       	sbiw	r24, 0x00	; 0
     856:	29 f4       	brne	.+10     	; 0x862 <__DATA_REGION_LENGTH__+0x62>
        response_error("MISSING_CAL_SUBCOMMAND");
     858:	89 e5       	ldi	r24, 0x59	; 89
     85a:	92 e0       	ldi	r25, 0x02	; 2
     85c:	0e 94 2f 02 	call	0x45e	; 0x45e <response_error>
        return;
     860:	8c c1       	rjmp	.+792    	; 0xb7a <__stack+0x27b>
    }

    if (strcmp(subcommand, "READ") == 0) {
     862:	61 e5       	ldi	r22, 0x51	; 81
     864:	74 e0       	ldi	r23, 0x04	; 4
     866:	0e 94 71 10 	call	0x20e2	; 0x20e2 <strcmp>
     86a:	89 2b       	or	r24, r25
     86c:	31 f4       	brne	.+12     	; 0x87a <__DATA_REGION_LENGTH__+0x7a>
        print_calibration(cal, *status);
     86e:	f5 01       	movw	r30, r10
     870:	60 81       	ld	r22, Z
     872:	c6 01       	movw	r24, r12
     874:	0e 94 21 03 	call	0x642	; 0x642 <print_calibration>
        return;
     878:	80 c1       	rjmp	.+768    	; 0xb7a <__stack+0x27b>
    }

    if (strcmp(subcommand, "OFFSET") == 0) {
     87a:	69 e8       	ldi	r22, 0x89	; 137
     87c:	72 e0       	ldi	r23, 0x02	; 2
     87e:	c8 01       	movw	r24, r16
     880:	0e 94 71 10 	call	0x20e2	; 0x20e2 <strcmp>
     884:	89 2b       	or	r24, r25
     886:	09 f0       	breq	.+2      	; 0x88a <__DATA_REGION_LENGTH__+0x8a>
     888:	49 c0       	rjmp	.+146    	; 0x91c <__stack+0x1d>
        int32_t x, y, z;
        if (!get_three_i32(strtok(0, " "), strtok(0, " "), strtok(0, " "), &x, &y, &z)) {
     88a:	6b e8       	ldi	r22, 0x8B	; 139
     88c:	71 e0       	ldi	r23, 0x01	; 1
     88e:	80 e0       	ldi	r24, 0x00	; 0
     890:	90 e0       	ldi	r25, 0x00	; 0
     892:	0e 94 58 10 	call	0x20b0	; 0x20b0 <strtok>
     896:	3c 01       	movw	r6, r24
     898:	6b e8       	ldi	r22, 0x8B	; 139
     89a:	71 e0       	ldi	r23, 0x01	; 1
     89c:	80 e0       	ldi	r24, 0x00	; 0
     89e:	90 e0       	ldi	r25, 0x00	; 0
     8a0:	0e 94 58 10 	call	0x20b0	; 0x20b0 <strtok>
     8a4:	4c 01       	movw	r8, r24
     8a6:	6b e8       	ldi	r22, 0x8B	; 139
     8a8:	71 e0       	ldi	r23, 0x01	; 1
     8aa:	80 e0       	ldi	r24, 0x00	; 0
     8ac:	90 e0       	ldi	r25, 0x00	; 0
     8ae:	0e 94 58 10 	call	0x20b0	; 0x20b0 <strtok>
     8b2:	9e 01       	movw	r18, r28
     8b4:	2f 5f       	subi	r18, 0xFF	; 255
     8b6:	3f 4f       	sbci	r19, 0xFF	; 255
     8b8:	79 01       	movw	r14, r18
     8ba:	8e 01       	movw	r16, r28
     8bc:	0b 5f       	subi	r16, 0xFB	; 251
     8be:	1f 4f       	sbci	r17, 0xFF	; 255
     8c0:	28 5f       	subi	r18, 0xF8	; 248
     8c2:	3f 4f       	sbci	r19, 0xFF	; 255
     8c4:	a3 01       	movw	r20, r6
     8c6:	b4 01       	movw	r22, r8
     8c8:	0e 94 e8 02 	call	0x5d0	; 0x5d0 <get_three_i32>
     8cc:	81 11       	cpse	r24, r1
     8ce:	05 c0       	rjmp	.+10     	; 0x8da <__DATA_REGION_LENGTH__+0xda>
            response_error("BAD_OFFSET_ARGUMENTS");
     8d0:	80 e7       	ldi	r24, 0x70	; 112
     8d2:	92 e0       	ldi	r25, 0x02	; 2
     8d4:	0e 94 2f 02 	call	0x45e	; 0x45e <response_error>
            return;
     8d8:	50 c1       	rjmp	.+672    	; 0xb7a <__stack+0x27b>
        }
        cal->offset_x_x100 = x;
     8da:	89 85       	ldd	r24, Y+9	; 0x09
     8dc:	9a 85       	ldd	r25, Y+10	; 0x0a
     8de:	ab 85       	ldd	r26, Y+11	; 0x0b
     8e0:	bc 85       	ldd	r27, Y+12	; 0x0c
     8e2:	f6 01       	movw	r30, r12
     8e4:	80 87       	std	Z+8, r24	; 0x08
     8e6:	91 87       	std	Z+9, r25	; 0x09
     8e8:	a2 87       	std	Z+10, r26	; 0x0a
     8ea:	b3 87       	std	Z+11, r27	; 0x0b
        cal->offset_y_x100 = y;
     8ec:	8d 81       	ldd	r24, Y+5	; 0x05
     8ee:	9e 81       	ldd	r25, Y+6	; 0x06
     8f0:	af 81       	ldd	r26, Y+7	; 0x07
     8f2:	b8 85       	ldd	r27, Y+8	; 0x08
     8f4:	84 87       	std	Z+12, r24	; 0x0c
     8f6:	95 87       	std	Z+13, r25	; 0x0d
     8f8:	a6 87       	std	Z+14, r26	; 0x0e
     8fa:	b7 87       	std	Z+15, r27	; 0x0f
        cal->offset_z_x100 = z;
     8fc:	89 81       	ldd	r24, Y+1	; 0x01
     8fe:	9a 81       	ldd	r25, Y+2	; 0x02
     900:	ab 81       	ldd	r26, Y+3	; 0x03
     902:	bc 81       	ldd	r27, Y+4	; 0x04
     904:	80 8b       	std	Z+16, r24	; 0x10
     906:	91 8b       	std	Z+17, r25	; 0x11
     908:	a2 8b       	std	Z+18, r26	; 0x12
     90a:	b3 8b       	std	Z+19, r27	; 0x13
        *status = CALIBRATION_STATUS_DIRTY;
     90c:	82 e0       	ldi	r24, 0x02	; 2
     90e:	f5 01       	movw	r30, r10
     910:	80 83       	st	Z, r24
        response_ok("CAL_OFFSET");
     912:	85 e8       	ldi	r24, 0x85	; 133
     914:	92 e0       	ldi	r25, 0x02	; 2
     916:	0e 94 40 02 	call	0x480	; 0x480 <response_ok>
        return;
     91a:	2f c1       	rjmp	.+606    	; 0xb7a <__stack+0x27b>
    }

    if (strcmp(subcommand, "GAIN") == 0) {
     91c:	67 ea       	ldi	r22, 0xA7	; 167
     91e:	72 e0       	ldi	r23, 0x02	; 2
     920:	c8 01       	movw	r24, r16
     922:	0e 94 71 10 	call	0x20e2	; 0x20e2 <strcmp>
     926:	89 2b       	or	r24, r25
     928:	09 f0       	breq	.+2      	; 0x92c <__stack+0x2d>
     92a:	58 c0       	rjmp	.+176    	; 0x9dc <__stack+0xdd>
        int32_t x, y, z;
        if (!get_three_i32(strtok(0, " "), strtok(0, " "), strtok(0, " "), &x, &y, &z) ||
     92c:	6b e8       	ldi	r22, 0x8B	; 139
     92e:	71 e0       	ldi	r23, 0x01	; 1
     930:	80 e0       	ldi	r24, 0x00	; 0
     932:	90 e0       	ldi	r25, 0x00	; 0
     934:	0e 94 58 10 	call	0x20b0	; 0x20b0 <strtok>
     938:	3c 01       	movw	r6, r24
     93a:	6b e8       	ldi	r22, 0x8B	; 139
     93c:	71 e0       	ldi	r23, 0x01	; 1
     93e:	80 e0       	ldi	r24, 0x00	; 0
     940:	90 e0       	ldi	r25, 0x00	; 0
     942:	0e 94 58 10 	call	0x20b0	; 0x20b0 <strtok>
     946:	4c 01       	movw	r8, r24
     948:	6b e8       	ldi	r22, 0x8B	; 139
     94a:	71 e0       	ldi	r23, 0x01	; 1
     94c:	80 e0       	ldi	r24, 0x00	; 0
     94e:	90 e0       	ldi	r25, 0x00	; 0
     950:	0e 94 58 10 	call	0x20b0	; 0x20b0 <strtok>
     954:	9e 01       	movw	r18, r28
     956:	2f 5f       	subi	r18, 0xFF	; 255
     958:	3f 4f       	sbci	r19, 0xFF	; 255
     95a:	79 01       	movw	r14, r18
     95c:	8e 01       	movw	r16, r28
     95e:	0b 5f       	subi	r16, 0xFB	; 251
     960:	1f 4f       	sbci	r17, 0xFF	; 255
     962:	28 5f       	subi	r18, 0xF8	; 248
     964:	3f 4f       	sbci	r19, 0xFF	; 255
     966:	a3 01       	movw	r20, r6
     968:	b4 01       	movw	r22, r8
     96a:	0e 94 e8 02 	call	0x5d0	; 0x5d0 <get_three_i32>
     96e:	88 23       	and	r24, r24
     970:	d9 f0       	breq	.+54     	; 0x9a8 <__stack+0xa9>
            x <= 0L || y <= 0L || z <= 0L) {
     972:	89 85       	ldd	r24, Y+9	; 0x09
     974:	9a 85       	ldd	r25, Y+10	; 0x0a
     976:	ab 85       	ldd	r26, Y+11	; 0x0b
     978:	bc 85       	ldd	r27, Y+12	; 0x0c
        return;
    }

    if (strcmp(subcommand, "GAIN") == 0) {
        int32_t x, y, z;
        if (!get_three_i32(strtok(0, " "), strtok(0, " "), strtok(0, " "), &x, &y, &z) ||
     97a:	18 16       	cp	r1, r24
     97c:	19 06       	cpc	r1, r25
     97e:	1a 06       	cpc	r1, r26
     980:	1b 06       	cpc	r1, r27
     982:	94 f4       	brge	.+36     	; 0x9a8 <__stack+0xa9>
            x <= 0L || y <= 0L || z <= 0L) {
     984:	4d 81       	ldd	r20, Y+5	; 0x05
     986:	5e 81       	ldd	r21, Y+6	; 0x06
     988:	6f 81       	ldd	r22, Y+7	; 0x07
     98a:	78 85       	ldd	r23, Y+8	; 0x08
     98c:	14 16       	cp	r1, r20
     98e:	15 06       	cpc	r1, r21
     990:	16 06       	cpc	r1, r22
     992:	17 06       	cpc	r1, r23
     994:	4c f4       	brge	.+18     	; 0x9a8 <__stack+0xa9>
     996:	09 81       	ldd	r16, Y+1	; 0x01
     998:	1a 81       	ldd	r17, Y+2	; 0x02
     99a:	2b 81       	ldd	r18, Y+3	; 0x03
     99c:	3c 81       	ldd	r19, Y+4	; 0x04
     99e:	10 16       	cp	r1, r16
     9a0:	11 06       	cpc	r1, r17
     9a2:	12 06       	cpc	r1, r18
     9a4:	13 06       	cpc	r1, r19
     9a6:	2c f0       	brlt	.+10     	; 0x9b2 <__stack+0xb3>
            response_error("BAD_GAIN_ARGUMENTS");
     9a8:	80 e9       	ldi	r24, 0x90	; 144
     9aa:	92 e0       	ldi	r25, 0x02	; 2
     9ac:	0e 94 2f 02 	call	0x45e	; 0x45e <response_error>
            return;
     9b0:	e4 c0       	rjmp	.+456    	; 0xb7a <__stack+0x27b>
        }
        cal->gain_x_ppm = x;
     9b2:	f6 01       	movw	r30, r12
     9b4:	84 8b       	std	Z+20, r24	; 0x14
     9b6:	95 8b       	std	Z+21, r25	; 0x15
     9b8:	a6 8b       	std	Z+22, r26	; 0x16
     9ba:	b7 8b       	std	Z+23, r27	; 0x17
        cal->gain_y_ppm = y;
     9bc:	40 8f       	std	Z+24, r20	; 0x18
     9be:	51 8f       	std	Z+25, r21	; 0x19
     9c0:	62 8f       	std	Z+26, r22	; 0x1a
     9c2:	73 8f       	std	Z+27, r23	; 0x1b
        cal->gain_z_ppm = z;
     9c4:	04 8f       	std	Z+28, r16	; 0x1c
     9c6:	15 8f       	std	Z+29, r17	; 0x1d
     9c8:	26 8f       	std	Z+30, r18	; 0x1e
     9ca:	37 8f       	std	Z+31, r19	; 0x1f
        *status = CALIBRATION_STATUS_DIRTY;
     9cc:	82 e0       	ldi	r24, 0x02	; 2
     9ce:	f5 01       	movw	r30, r10
     9d0:	80 83       	st	Z, r24
        response_ok("CAL_GAIN");
     9d2:	83 ea       	ldi	r24, 0xA3	; 163
     9d4:	92 e0       	ldi	r25, 0x02	; 2
     9d6:	0e 94 40 02 	call	0x480	; 0x480 <response_ok>
        return;
     9da:	cf c0       	rjmp	.+414    	; 0xb7a <__stack+0x27b>
    }

    if (strcmp(subcommand, "NOISE") == 0) {
     9dc:	64 ec       	ldi	r22, 0xC4	; 196
     9de:	72 e0       	ldi	r23, 0x02	; 2
     9e0:	c8 01       	movw	r24, r16
     9e2:	0e 94 71 10 	call	0x20e2	; 0x20e2 <strcmp>
     9e6:	89 2b       	or	r24, r25
     9e8:	09 f0       	breq	.+2      	; 0x9ec <__stack+0xed>
     9ea:	49 c0       	rjmp	.+146    	; 0xa7e <__stack+0x17f>
        uint32_t x, y, z;
        if (!get_three_u32(strtok(0, " "), strtok(0, " "), strtok(0, " "), &x, &y, &z)) {
     9ec:	6b e8       	ldi	r22, 0x8B	; 139
     9ee:	71 e0       	ldi	r23, 0x01	; 1
     9f0:	80 e0       	ldi	r24, 0x00	; 0
     9f2:	90 e0       	ldi	r25, 0x00	; 0
     9f4:	0e 94 58 10 	call	0x20b0	; 0x20b0 <strtok>
     9f8:	3c 01       	movw	r6, r24
     9fa:	6b e8       	ldi	r22, 0x8B	; 139
     9fc:	71 e0       	ldi	r23, 0x01	; 1
     9fe:	80 e0       	ldi	r24, 0x00	; 0
     a00:	90 e0       	ldi	r25, 0x00	; 0
     a02:	0e 94 58 10 	call	0x20b0	; 0x20b0 <strtok>
     a06:	4c 01       	movw	r8, r24
     a08:	6b e8       	ldi	r22, 0x8B	; 139
     a0a:	71 e0       	ldi	r23, 0x01	; 1
     a0c:	80 e0       	ldi	r24, 0x00	; 0
     a0e:	90 e0       	ldi	r25, 0x00	; 0
     a10:	0e 94 58 10 	call	0x20b0	; 0x20b0 <strtok>
     a14:	9e 01       	movw	r18, r28
     a16:	2f 5f       	subi	r18, 0xFF	; 255
     a18:	3f 4f       	sbci	r19, 0xFF	; 255
     a1a:	79 01       	movw	r14, r18
     a1c:	8e 01       	movw	r16, r28
     a1e:	0b 5f       	subi	r16, 0xFB	; 251
     a20:	1f 4f       	sbci	r17, 0xFF	; 255
     a22:	28 5f       	subi	r18, 0xF8	; 248
     a24:	3f 4f       	sbci	r19, 0xFF	; 255
     a26:	a3 01       	movw	r20, r6
     a28:	b4 01       	movw	r22, r8
     a2a:	0e 94 80 02 	call	0x500	; 0x500 <get_three_u32>
     a2e:	81 11       	cpse	r24, r1
     a30:	05 c0       	rjmp	.+10     	; 0xa3c <__stack+0x13d>
            response_error("BAD_NOISE_ARGUMENTS");
     a32:	8c ea       	ldi	r24, 0xAC	; 172
     a34:	92 e0       	ldi	r25, 0x02	; 2
     a36:	0e 94 2f 02 	call	0x45e	; 0x45e <response_error>
            return;
     a3a:	9f c0       	rjmp	.+318    	; 0xb7a <__stack+0x27b>
        }
        cal->noise_sigma_x_x10000 = x;
     a3c:	89 85       	ldd	r24, Y+9	; 0x09
     a3e:	9a 85       	ldd	r25, Y+10	; 0x0a
     a40:	ab 85       	ldd	r26, Y+11	; 0x0b
     a42:	bc 85       	ldd	r27, Y+12	; 0x0c
     a44:	f6 01       	movw	r30, r12
     a46:	80 a3       	std	Z+32, r24	; 0x20
     a48:	91 a3       	std	Z+33, r25	; 0x21
     a4a:	a2 a3       	std	Z+34, r26	; 0x22
     a4c:	b3 a3       	std	Z+35, r27	; 0x23
        cal->noise_sigma_y_x10000 = y;
     a4e:	8d 81       	ldd	r24, Y+5	; 0x05
     a50:	9e 81       	ldd	r25, Y+6	; 0x06
     a52:	af 81       	ldd	r26, Y+7	; 0x07
     a54:	b8 85       	ldd	r27, Y+8	; 0x08
     a56:	84 a3       	std	Z+36, r24	; 0x24
     a58:	95 a3       	std	Z+37, r25	; 0x25
     a5a:	a6 a3       	std	Z+38, r26	; 0x26
     a5c:	b7 a3       	std	Z+39, r27	; 0x27
        cal->noise_sigma_z_x10000 = z;
     a5e:	89 81       	ldd	r24, Y+1	; 0x01
     a60:	9a 81       	ldd	r25, Y+2	; 0x02
     a62:	ab 81       	ldd	r26, Y+3	; 0x03
     a64:	bc 81       	ldd	r27, Y+4	; 0x04
     a66:	80 a7       	std	Z+40, r24	; 0x28
     a68:	91 a7       	std	Z+41, r25	; 0x29
     a6a:	a2 a7       	std	Z+42, r26	; 0x2a
     a6c:	b3 a7       	std	Z+43, r27	; 0x2b
        *status = CALIBRATION_STATUS_DIRTY;
     a6e:	82 e0       	ldi	r24, 0x02	; 2
     a70:	f5 01       	movw	r30, r10
     a72:	80 83       	st	Z, r24
        response_ok("CAL_NOISE");
     a74:	80 ec       	ldi	r24, 0xC0	; 192
     a76:	92 e0       	ldi	r25, 0x02	; 2
     a78:	0e 94 40 02 	call	0x480	; 0x480 <response_ok>
        return;
     a7c:	7e c0       	rjmp	.+252    	; 0xb7a <__stack+0x27b>
    }

    if (strcmp(subcommand, "TEMP") == 0) {
     a7e:	60 ee       	ldi	r22, 0xE0	; 224
     a80:	72 e0       	ldi	r23, 0x02	; 2
     a82:	c8 01       	movw	r24, r16
     a84:	0e 94 71 10 	call	0x20e2	; 0x20e2 <strcmp>
     a88:	89 2b       	or	r24, r25
     a8a:	29 f5       	brne	.+74     	; 0xad6 <__stack+0x1d7>
        int32_t value;
        char *argument = strtok(0, " ");
     a8c:	6b e8       	ldi	r22, 0x8B	; 139
     a8e:	71 e0       	ldi	r23, 0x01	; 1
     a90:	80 e0       	ldi	r24, 0x00	; 0
     a92:	90 e0       	ldi	r25, 0x00	; 0
     a94:	0e 94 58 10 	call	0x20b0	; 0x20b0 <strtok>
        if (!argument || !parse_i32(argument, &value)) {
     a98:	00 97       	sbiw	r24, 0x00	; 0
     a9a:	39 f0       	breq	.+14     	; 0xaaa <__stack+0x1ab>
     a9c:	be 01       	movw	r22, r28
     a9e:	6f 5f       	subi	r22, 0xFF	; 255
     aa0:	7f 4f       	sbci	r23, 0xFF	; 255
     aa2:	0e 94 b9 02 	call	0x572	; 0x572 <parse_i32>
     aa6:	81 11       	cpse	r24, r1
     aa8:	05 c0       	rjmp	.+10     	; 0xab4 <__stack+0x1b5>
            response_error("BAD_TEMP_ARGUMENT");
     aaa:	8a ec       	ldi	r24, 0xCA	; 202
     aac:	92 e0       	ldi	r25, 0x02	; 2
     aae:	0e 94 2f 02 	call	0x45e	; 0x45e <response_error>
            return;
     ab2:	63 c0       	rjmp	.+198    	; 0xb7a <__stack+0x27b>
        }
        cal->calibration_temperature_x100 = value;
     ab4:	89 81       	ldd	r24, Y+1	; 0x01
     ab6:	9a 81       	ldd	r25, Y+2	; 0x02
     ab8:	ab 81       	ldd	r26, Y+3	; 0x03
     aba:	bc 81       	ldd	r27, Y+4	; 0x04
     abc:	f6 01       	movw	r30, r12
     abe:	84 a7       	std	Z+44, r24	; 0x2c
     ac0:	95 a7       	std	Z+45, r25	; 0x2d
     ac2:	a6 a7       	std	Z+46, r26	; 0x2e
     ac4:	b7 a7       	std	Z+47, r27	; 0x2f
        *status = CALIBRATION_STATUS_DIRTY;
     ac6:	82 e0       	ldi	r24, 0x02	; 2
     ac8:	f5 01       	movw	r30, r10
     aca:	80 83       	st	Z, r24
        response_ok("CAL_TEMP");
     acc:	8c ed       	ldi	r24, 0xDC	; 220
     ace:	92 e0       	ldi	r25, 0x02	; 2
     ad0:	0e 94 40 02 	call	0x480	; 0x480 <response_ok>
        return;
     ad4:	52 c0       	rjmp	.+164    	; 0xb7a <__stack+0x27b>
    }

    if (strcmp(subcommand, "SAVE") == 0) {
     ad6:	69 ee       	ldi	r22, 0xE9	; 233
     ad8:	72 e0       	ldi	r23, 0x02	; 2
     ada:	c8 01       	movw	r24, r16
     adc:	0e 94 71 10 	call	0x20e2	; 0x20e2 <strcmp>
     ae0:	89 2b       	or	r24, r25
     ae2:	79 f5       	brne	.+94     	; 0xb42 <__stack+0x243>
        cal->calibration_counter++;
     ae4:	f6 01       	movw	r30, r12
     ae6:	80 a9       	ldd	r24, Z+48	; 0x30
     ae8:	91 a9       	ldd	r25, Z+49	; 0x31
     aea:	a2 a9       	ldd	r26, Z+50	; 0x32
     aec:	b3 a9       	ldd	r27, Z+51	; 0x33
     aee:	01 96       	adiw	r24, 0x01	; 1
     af0:	a1 1d       	adc	r26, r1
     af2:	b1 1d       	adc	r27, r1
     af4:	80 ab       	std	Z+48, r24	; 0x30
     af6:	91 ab       	std	Z+49, r25	; 0x31
     af8:	a2 ab       	std	Z+50, r26	; 0x32
     afa:	b3 ab       	std	Z+51, r27	; 0x33
        if (calibration_save(cal)) {
     afc:	c6 01       	movw	r24, r12
     afe:	0e 94 62 01 	call	0x2c4	; 0x2c4 <calibration_save>
     b02:	88 23       	and	r24, r24
     b04:	69 f0       	breq	.+26     	; 0xb20 <__stack+0x221>
            *status = CALIBRATION_STATUS_VALID;
     b06:	81 e0       	ldi	r24, 0x01	; 1
     b08:	f5 01       	movw	r30, r10
     b0a:	80 83       	st	Z, r24
            response_ok("CAL_SAVE");
     b0c:	85 ee       	ldi	r24, 0xE5	; 229
     b0e:	92 e0       	ldi	r25, 0x02	; 2
     b10:	0e 94 40 02 	call	0x480	; 0x480 <response_ok>
            print_calibration(cal, *status);
     b14:	f5 01       	movw	r30, r10
     b16:	60 81       	ld	r22, Z
     b18:	c6 01       	movw	r24, r12
     b1a:	0e 94 21 03 	call	0x642	; 0x642 <print_calibration>
     b1e:	2d c0       	rjmp	.+90     	; 0xb7a <__stack+0x27b>
        } else {
            cal->calibration_counter--;
     b20:	f6 01       	movw	r30, r12
     b22:	80 a9       	ldd	r24, Z+48	; 0x30
     b24:	91 a9       	ldd	r25, Z+49	; 0x31
     b26:	a2 a9       	ldd	r26, Z+50	; 0x32
     b28:	b3 a9       	ldd	r27, Z+51	; 0x33
     b2a:	01 97       	sbiw	r24, 0x01	; 1
     b2c:	a1 09       	sbc	r26, r1
     b2e:	b1 09       	sbc	r27, r1
     b30:	80 ab       	std	Z+48, r24	; 0x30
     b32:	91 ab       	std	Z+49, r25	; 0x31
     b34:	a2 ab       	std	Z+50, r26	; 0x32
     b36:	b3 ab       	std	Z+51, r27	; 0x33
            response_error("EEPROM_VERIFY_FAILED");
     b38:	8e ee       	ldi	r24, 0xEE	; 238
     b3a:	92 e0       	ldi	r25, 0x02	; 2
     b3c:	0e 94 2f 02 	call	0x45e	; 0x45e <response_error>
     b40:	1c c0       	rjmp	.+56     	; 0xb7a <__stack+0x27b>
        }
        return;
    }

    if (strcmp(subcommand, "RESET") == 0) {
     b42:	67 e0       	ldi	r22, 0x07	; 7
     b44:	73 e0       	ldi	r23, 0x03	; 3
     b46:	c8 01       	movw	r24, r16
     b48:	0e 94 71 10 	call	0x20e2	; 0x20e2 <strcmp>
     b4c:	89 2b       	or	r24, r25
     b4e:	89 f4       	brne	.+34     	; 0xb72 <__stack+0x273>
        calibration_factory_reset();
     b50:	0e 94 b3 01 	call	0x366	; 0x366 <calibration_factory_reset>
        calibration_make_defaults(cal);
     b54:	c6 01       	movw	r24, r12
     b56:	0e 94 03 01 	call	0x206	; 0x206 <calibration_make_defaults>
        *status = CALIBRATION_STATUS_DEFAULT;
     b5a:	f5 01       	movw	r30, r10
     b5c:	10 82       	st	Z, r1
        response_ok("CAL_RESET");
     b5e:	83 e0       	ldi	r24, 0x03	; 3
     b60:	93 e0       	ldi	r25, 0x03	; 3
     b62:	0e 94 40 02 	call	0x480	; 0x480 <response_ok>
        print_calibration(cal, *status);
     b66:	f5 01       	movw	r30, r10
     b68:	60 81       	ld	r22, Z
     b6a:	c6 01       	movw	r24, r12
     b6c:	0e 94 21 03 	call	0x642	; 0x642 <print_calibration>
        return;
     b70:	04 c0       	rjmp	.+8      	; 0xb7a <__stack+0x27b>
    }

    response_error("UNKNOWN_CAL_SUBCOMMAND");
     b72:	8d e0       	ldi	r24, 0x0D	; 13
     b74:	93 e0       	ldi	r25, 0x03	; 3
     b76:	0e 94 2f 02 	call	0x45e	; 0x45e <response_error>
}
     b7a:	2c 96       	adiw	r28, 0x0c	; 12
     b7c:	0f b6       	in	r0, 0x3f	; 63
     b7e:	f8 94       	cli
     b80:	de bf       	out	0x3e, r29	; 62
     b82:	0f be       	out	0x3f, r0	; 63
     b84:	cd bf       	out	0x3d, r28	; 61
     b86:	df 91       	pop	r29
     b88:	cf 91       	pop	r28
     b8a:	1f 91       	pop	r17
     b8c:	0f 91       	pop	r16
     b8e:	ff 90       	pop	r15
     b90:	ef 90       	pop	r14
     b92:	df 90       	pop	r13
     b94:	cf 90       	pop	r12
     b96:	bf 90       	pop	r11
     b98:	af 90       	pop	r10
     b9a:	9f 90       	pop	r9
     b9c:	8f 90       	pop	r8
     b9e:	7f 90       	pop	r7
     ba0:	6f 90       	pop	r6
     ba2:	08 95       	ret

00000ba4 <commands_process_pending>:

void commands_process_pending(calibration_record_t *calibration,
                              calibration_status_t *status,
                              uint8_t node_id)
{
     ba4:	df 92       	push	r13
     ba6:	ef 92       	push	r14
     ba8:	ff 92       	push	r15
     baa:	0f 93       	push	r16
     bac:	1f 93       	push	r17
     bae:	cf 93       	push	r28
     bb0:	df 93       	push	r29
     bb2:	cd b7       	in	r28, 0x3d	; 61
     bb4:	de b7       	in	r29, 0x3e	; 62
     bb6:	c0 56       	subi	r28, 0x60	; 96
     bb8:	d1 09       	sbc	r29, r1
     bba:	0f b6       	in	r0, 0x3f	; 63
     bbc:	f8 94       	cli
     bbe:	de bf       	out	0x3e, r29	; 62
     bc0:	0f be       	out	0x3f, r0	; 63
     bc2:	cd bf       	out	0x3d, r28	; 61
     bc4:	8c 01       	movw	r16, r24
     bc6:	7b 01       	movw	r14, r22
     bc8:	d4 2e       	mov	r13, r20
    char line[UART0_COMMAND_MAX_LENGTH];

    if (uart0_rx_overflowed()) {
     bca:	0e 94 a7 0c 	call	0x194e	; 0x194e <uart0_rx_overflowed>
     bce:	88 23       	and	r24, r24
     bd0:	71 f0       	breq	.+28     	; 0xbee <commands_process_pending+0x4a>
        uart0_clear_rx_overflow();
     bd2:	0e 94 aa 0c 	call	0x1954	; 0x1954 <uart0_clear_rx_overflow>
        response_error("UART_RX_OVERFLOW");
     bd6:	84 e2       	ldi	r24, 0x24	; 36
     bd8:	93 e0       	ldi	r25, 0x03	; 3
     bda:	0e 94 2f 02 	call	0x45e	; 0x45e <response_error>
     bde:	07 c0       	rjmp	.+14     	; 0xbee <commands_process_pending+0x4a>
    }

    while (uart0_readline(line, sizeof(line))) {
        process_command(line, calibration, status, node_id);
     be0:	2d 2d       	mov	r18, r13
     be2:	a7 01       	movw	r20, r14
     be4:	b8 01       	movw	r22, r16
     be6:	ce 01       	movw	r24, r28
     be8:	01 96       	adiw	r24, 0x01	; 1
     bea:	0e 94 ad 03 	call	0x75a	; 0x75a <process_command>
    if (uart0_rx_overflowed()) {
        uart0_clear_rx_overflow();
        response_error("UART_RX_OVERFLOW");
    }

    while (uart0_readline(line, sizeof(line))) {
     bee:	60 e6       	ldi	r22, 0x60	; 96
     bf0:	ce 01       	movw	r24, r28
     bf2:	01 96       	adiw	r24, 0x01	; 1
     bf4:	0e 94 43 0c 	call	0x1886	; 0x1886 <uart0_readline>
     bf8:	81 11       	cpse	r24, r1
     bfa:	f2 cf       	rjmp	.-28     	; 0xbe0 <commands_process_pending+0x3c>
        process_command(line, calibration, status, node_id);
    }
}
     bfc:	c0 5a       	subi	r28, 0xA0	; 160
     bfe:	df 4f       	sbci	r29, 0xFF	; 255
     c00:	0f b6       	in	r0, 0x3f	; 63
     c02:	f8 94       	cli
     c04:	de bf       	out	0x3e, r29	; 62
     c06:	0f be       	out	0x3f, r0	; 63
     c08:	cd bf       	out	0x3d, r28	; 61
     c0a:	df 91       	pop	r29
     c0c:	cf 91       	pop	r28
     c0e:	1f 91       	pop	r17
     c10:	0f 91       	pop	r16
     c12:	ff 90       	pop	r15
     c14:	ef 90       	pop	r14
     c16:	df 90       	pop	r13
     c18:	08 95       	ret

00000c1a <crc16_ccitt>:
#include "crc16.h"

uint16_t crc16_ccitt(const void *data, size_t length)
{
     c1a:	dc 01       	movw	r26, r24
    const uint8_t *bytes = (const uint8_t *)data;
    uint16_t crc = 0xFFFFU;

    for (size_t i = 0; i < length; i++) {
     c1c:	40 e0       	ldi	r20, 0x00	; 0
     c1e:	50 e0       	ldi	r21, 0x00	; 0
#include "crc16.h"

uint16_t crc16_ccitt(const void *data, size_t length)
{
    const uint8_t *bytes = (const uint8_t *)data;
    uint16_t crc = 0xFFFFU;
     c20:	8f ef       	ldi	r24, 0xFF	; 255
     c22:	9f ef       	ldi	r25, 0xFF	; 255

    for (size_t i = 0; i < length; i++) {
     c24:	1b c0       	rjmp	.+54     	; 0xc5c <crc16_ccitt+0x42>
        crc ^= (uint16_t)bytes[i] << 8;
     c26:	fd 01       	movw	r30, r26
     c28:	e4 0f       	add	r30, r20
     c2a:	f5 1f       	adc	r31, r21
     c2c:	20 81       	ld	r18, Z
     c2e:	30 e0       	ldi	r19, 0x00	; 0
     c30:	32 2f       	mov	r19, r18
     c32:	22 27       	eor	r18, r18
     c34:	82 27       	eor	r24, r18
     c36:	93 27       	eor	r25, r19
        for (uint8_t bit = 0; bit < 8U; bit++) {
     c38:	20 e0       	ldi	r18, 0x00	; 0
     c3a:	0c c0       	rjmp	.+24     	; 0xc54 <crc16_ccitt+0x3a>
            if (crc & 0x8000U) {
     c3c:	99 23       	and	r25, r25
     c3e:	3c f4       	brge	.+14     	; 0xc4e <crc16_ccitt+0x34>
                crc = (uint16_t)((crc << 1) ^ 0x1021U);
     c40:	88 0f       	add	r24, r24
     c42:	99 1f       	adc	r25, r25
     c44:	31 e2       	ldi	r19, 0x21	; 33
     c46:	83 27       	eor	r24, r19
     c48:	30 e1       	ldi	r19, 0x10	; 16
     c4a:	93 27       	eor	r25, r19
     c4c:	02 c0       	rjmp	.+4      	; 0xc52 <crc16_ccitt+0x38>
            } else {
                crc <<= 1;
     c4e:	88 0f       	add	r24, r24
     c50:	99 1f       	adc	r25, r25
    const uint8_t *bytes = (const uint8_t *)data;
    uint16_t crc = 0xFFFFU;

    for (size_t i = 0; i < length; i++) {
        crc ^= (uint16_t)bytes[i] << 8;
        for (uint8_t bit = 0; bit < 8U; bit++) {
     c52:	2f 5f       	subi	r18, 0xFF	; 255
     c54:	28 30       	cpi	r18, 0x08	; 8
     c56:	90 f3       	brcs	.-28     	; 0xc3c <crc16_ccitt+0x22>
uint16_t crc16_ccitt(const void *data, size_t length)
{
    const uint8_t *bytes = (const uint8_t *)data;
    uint16_t crc = 0xFFFFU;

    for (size_t i = 0; i < length; i++) {
     c58:	4f 5f       	subi	r20, 0xFF	; 255
     c5a:	5f 4f       	sbci	r21, 0xFF	; 255
     c5c:	46 17       	cp	r20, r22
     c5e:	57 07       	cpc	r21, r23
     c60:	10 f3       	brcs	.-60     	; 0xc26 <crc16_ccitt+0xc>
            }
        }
    }

    return crc;
}
     c62:	08 95       	ret

00000c64 <calibration_status_text>:
static calibration_record_t calibration;
static calibration_status_t calibration_status;

static const char *calibration_status_text(void)
{
    if (calibration_status == CALIBRATION_STATUS_VALID) return "VALID";
     c64:	80 91 da 04 	lds	r24, 0x04DA	; 0x8004da <calibration_status>
     c68:	81 30       	cpi	r24, 0x01	; 1
     c6a:	29 f0       	breq	.+10     	; 0xc76 <calibration_status_text+0x12>
    if (calibration_status == CALIBRATION_STATUS_DIRTY) return "DIRTY";
     c6c:	82 30       	cpi	r24, 0x02	; 2
     c6e:	31 f4       	brne	.+12     	; 0xc7c <calibration_status_text+0x18>
     c70:	86 e0       	ldi	r24, 0x06	; 6
     c72:	91 e0       	ldi	r25, 0x01	; 1
     c74:	08 95       	ret
static calibration_record_t calibration;
static calibration_status_t calibration_status;

static const char *calibration_status_text(void)
{
    if (calibration_status == CALIBRATION_STATUS_VALID) return "VALID";
     c76:	80 e0       	ldi	r24, 0x00	; 0
     c78:	91 e0       	ldi	r25, 0x01	; 1
     c7a:	08 95       	ret
    if (calibration_status == CALIBRATION_STATUS_DIRTY) return "DIRTY";
    return "DEFAULT";
     c7c:	8c e0       	ldi	r24, 0x0C	; 12
     c7e:	91 e0       	ldi	r25, 0x01	; 1
}
     c80:	08 95       	ret

00000c82 <print_calibration_summary>:
    uart0_print_hex8(measurement->status);
    uart0_print("\r\n");
}

static void print_calibration_summary(void)
{
     c82:	cf 93       	push	r28
     c84:	df 93       	push	r29
    uart0_print("CALIBRATION=");
     c86:	85 e3       	ldi	r24, 0x35	; 53
     c88:	93 e0       	ldi	r25, 0x03	; 3
     c8a:	0e 94 28 0b 	call	0x1650	; 0x1650 <uart0_print>
    uart0_print(calibration_status_text());
     c8e:	0e 94 32 06 	call	0xc64	; 0xc64 <calibration_status_text>
     c92:	0e 94 28 0b 	call	0x1650	; 0x1650 <uart0_print>
    uart0_print(",VERSION=");
     c96:	82 e4       	ldi	r24, 0x42	; 66
     c98:	93 e0       	ldi	r25, 0x03	; 3
     c9a:	0e 94 28 0b 	call	0x1650	; 0x1650 <uart0_print>
    uart0_print_uint16(calibration.version);
     c9e:	cb ed       	ldi	r28, 0xDB	; 219
     ca0:	d4 e0       	ldi	r29, 0x04	; 4
     ca2:	8c 81       	ldd	r24, Y+4	; 0x04
     ca4:	9d 81       	ldd	r25, Y+5	; 0x05
     ca6:	0e 94 4a 0b 	call	0x1694	; 0x1694 <uart0_print_uint16>
    uart0_print(",COUNTER=");
     caa:	8c e4       	ldi	r24, 0x4C	; 76
     cac:	93 e0       	ldi	r25, 0x03	; 3
     cae:	0e 94 28 0b 	call	0x1650	; 0x1650 <uart0_print>
    uart0_print_uint32(calibration.calibration_counter);
     cb2:	68 a9       	ldd	r22, Y+48	; 0x30
     cb4:	79 a9       	ldd	r23, Y+49	; 0x31
     cb6:	8a a9       	ldd	r24, Y+50	; 0x32
     cb8:	9b a9       	ldd	r25, Y+51	; 0x33
     cba:	0e 94 a1 0b 	call	0x1742	; 0x1742 <uart0_print_uint32>
    uart0_print("\r\n");
     cbe:	89 ef       	ldi	r24, 0xF9	; 249
     cc0:	93 e0       	ldi	r25, 0x03	; 3
     cc2:	0e 94 28 0b 	call	0x1650	; 0x1650 <uart0_print>

    uart0_print("CAL_OFFSET_X=");
     cc6:	86 e5       	ldi	r24, 0x56	; 86
     cc8:	93 e0       	ldi	r25, 0x03	; 3
     cca:	0e 94 28 0b 	call	0x1650	; 0x1650 <uart0_print>
    uart0_print_fixed_2(calibration.offset_x_x100);
     cce:	68 85       	ldd	r22, Y+8	; 0x08
     cd0:	79 85       	ldd	r23, Y+9	; 0x09
     cd2:	8a 85       	ldd	r24, Y+10	; 0x0a
     cd4:	9b 85       	ldd	r25, Y+11	; 0x0b
     cd6:	0e 94 02 0c 	call	0x1804	; 0x1804 <uart0_print_fixed_2>
    uart0_print(",CAL_OFFSET_Y=");
     cda:	84 e6       	ldi	r24, 0x64	; 100
     cdc:	93 e0       	ldi	r25, 0x03	; 3
     cde:	0e 94 28 0b 	call	0x1650	; 0x1650 <uart0_print>
    uart0_print_fixed_2(calibration.offset_y_x100);
     ce2:	6c 85       	ldd	r22, Y+12	; 0x0c
     ce4:	7d 85       	ldd	r23, Y+13	; 0x0d
     ce6:	8e 85       	ldd	r24, Y+14	; 0x0e
     ce8:	9f 85       	ldd	r25, Y+15	; 0x0f
     cea:	0e 94 02 0c 	call	0x1804	; 0x1804 <uart0_print_fixed_2>
    uart0_print(",CAL_OFFSET_Z=");
     cee:	83 e7       	ldi	r24, 0x73	; 115
     cf0:	93 e0       	ldi	r25, 0x03	; 3
     cf2:	0e 94 28 0b 	call	0x1650	; 0x1650 <uart0_print>
    uart0_print_fixed_2(calibration.offset_z_x100);
     cf6:	68 89       	ldd	r22, Y+16	; 0x10
     cf8:	79 89       	ldd	r23, Y+17	; 0x11
     cfa:	8a 89       	ldd	r24, Y+18	; 0x12
     cfc:	9b 89       	ldd	r25, Y+19	; 0x13
     cfe:	0e 94 02 0c 	call	0x1804	; 0x1804 <uart0_print_fixed_2>
    uart0_print("\r\n");
     d02:	89 ef       	ldi	r24, 0xF9	; 249
     d04:	93 e0       	ldi	r25, 0x03	; 3
     d06:	0e 94 28 0b 	call	0x1650	; 0x1650 <uart0_print>
}
     d0a:	df 91       	pop	r29
     d0c:	cf 91       	pop	r28
     d0e:	08 95       	ret

00000d10 <print_packet>:

static void print_packet(uint8_t node_id,
                         uint32_t sequence,
                         uint8_t valid_samples,
                         const tmag5273_measurement_t *measurement)
{
     d10:	8f 92       	push	r8
     d12:	9f 92       	push	r9
     d14:	af 92       	push	r10
     d16:	bf 92       	push	r11
     d18:	ef 92       	push	r14
     d1a:	ff 92       	push	r15
     d1c:	0f 93       	push	r16
     d1e:	1f 93       	push	r17
     d20:	cf 93       	push	r28
     d22:	df 93       	push	r29
     d24:	e8 2e       	mov	r14, r24
     d26:	4a 01       	movw	r8, r20
     d28:	5b 01       	movw	r10, r22
     d2a:	f2 2e       	mov	r15, r18
     d2c:	e8 01       	movw	r28, r16
    uart0_print("$ND280,VER=");
     d2e:	82 e8       	ldi	r24, 0x82	; 130
     d30:	93 e0       	ldi	r25, 0x03	; 3
     d32:	0e 94 28 0b 	call	0x1650	; 0x1650 <uart0_print>
    uart0_print(FIRMWARE_VERSION);
     d36:	81 e2       	ldi	r24, 0x21	; 33
     d38:	92 e0       	ldi	r25, 0x02	; 2
     d3a:	0e 94 28 0b 	call	0x1650	; 0x1650 <uart0_print>
    uart0_print(",ID=");
     d3e:	87 e1       	ldi	r24, 0x17	; 23
     d40:	92 e0       	ldi	r25, 0x02	; 2
     d42:	0e 94 28 0b 	call	0x1650	; 0x1650 <uart0_print>
    uart0_print_uint16(node_id);
     d46:	8e 2d       	mov	r24, r14
     d48:	90 e0       	ldi	r25, 0x00	; 0
     d4a:	0e 94 4a 0b 	call	0x1694	; 0x1694 <uart0_print_uint16>
    uart0_print(",SEQ=");
     d4e:	80 ec       	ldi	r24, 0xC0	; 192
     d50:	94 e0       	ldi	r25, 0x04	; 4
     d52:	0e 94 28 0b 	call	0x1650	; 0x1650 <uart0_print>
    uart0_print_uint32(sequence);
     d56:	c5 01       	movw	r24, r10
     d58:	b4 01       	movw	r22, r8
     d5a:	0e 94 a1 0b 	call	0x1742	; 0x1742 <uart0_print_uint32>
    uart0_print(",AVG=");
     d5e:	89 e3       	ldi	r24, 0x39	; 57
     d60:	92 e0       	ldi	r25, 0x02	; 2
     d62:	0e 94 28 0b 	call	0x1650	; 0x1650 <uart0_print>
    uart0_print_uint16(valid_samples);
     d66:	8f 2d       	mov	r24, r15
     d68:	90 e0       	ldi	r25, 0x00	; 0
     d6a:	0e 94 4a 0b 	call	0x1694	; 0x1694 <uart0_print_uint16>
    uart0_print(",CAL=");
     d6e:	8f e3       	ldi	r24, 0x3F	; 63
     d70:	92 e0       	ldi	r25, 0x02	; 2
     d72:	0e 94 28 0b 	call	0x1650	; 0x1650 <uart0_print>
    uart0_print(calibration_status_text());
     d76:	0e 94 32 06 	call	0xc64	; 0xc64 <calibration_status_text>
     d7a:	0e 94 28 0b 	call	0x1650	; 0x1650 <uart0_print>
    uart0_print(",T=");
     d7e:	8e e8       	ldi	r24, 0x8E	; 142
     d80:	93 e0       	ldi	r25, 0x03	; 3
     d82:	0e 94 28 0b 	call	0x1650	; 0x1650 <uart0_print>
    uart0_print_fixed_2(measurement->temperature_x100);
     d86:	68 81       	ld	r22, Y
     d88:	79 81       	ldd	r23, Y+1	; 0x01
     d8a:	8a 81       	ldd	r24, Y+2	; 0x02
     d8c:	9b 81       	ldd	r25, Y+3	; 0x03
     d8e:	0e 94 02 0c 	call	0x1804	; 0x1804 <uart0_print_fixed_2>
    uart0_print(",BX=");
     d92:	82 e9       	ldi	r24, 0x92	; 146
     d94:	93 e0       	ldi	r25, 0x03	; 3
     d96:	0e 94 28 0b 	call	0x1650	; 0x1650 <uart0_print>
    uart0_print_fixed_2(measurement->bx_x100);
     d9a:	6c 81       	ldd	r22, Y+4	; 0x04
     d9c:	7d 81       	ldd	r23, Y+5	; 0x05
     d9e:	8e 81       	ldd	r24, Y+6	; 0x06
     da0:	9f 81       	ldd	r25, Y+7	; 0x07
     da2:	0e 94 02 0c 	call	0x1804	; 0x1804 <uart0_print_fixed_2>
    uart0_print(",BY=");
     da6:	87 e9       	ldi	r24, 0x97	; 151
     da8:	93 e0       	ldi	r25, 0x03	; 3
     daa:	0e 94 28 0b 	call	0x1650	; 0x1650 <uart0_print>
    uart0_print_fixed_2(measurement->by_x100);
     dae:	68 85       	ldd	r22, Y+8	; 0x08
     db0:	79 85       	ldd	r23, Y+9	; 0x09
     db2:	8a 85       	ldd	r24, Y+10	; 0x0a
     db4:	9b 85       	ldd	r25, Y+11	; 0x0b
     db6:	0e 94 02 0c 	call	0x1804	; 0x1804 <uart0_print_fixed_2>
    uart0_print(",BZ=");
     dba:	8c e9       	ldi	r24, 0x9C	; 156
     dbc:	93 e0       	ldi	r25, 0x03	; 3
     dbe:	0e 94 28 0b 	call	0x1650	; 0x1650 <uart0_print>
    uart0_print_fixed_2(measurement->bz_x100);
     dc2:	6c 85       	ldd	r22, Y+12	; 0x0c
     dc4:	7d 85       	ldd	r23, Y+13	; 0x0d
     dc6:	8e 85       	ldd	r24, Y+14	; 0x0e
     dc8:	9f 85       	ldd	r25, Y+15	; 0x0f
     dca:	0e 94 02 0c 	call	0x1804	; 0x1804 <uart0_print_fixed_2>
    uart0_print(",STATUS=0x");
     dce:	81 ea       	ldi	r24, 0xA1	; 161
     dd0:	93 e0       	ldi	r25, 0x03	; 3
     dd2:	0e 94 28 0b 	call	0x1650	; 0x1650 <uart0_print>
    uart0_print_hex8(measurement->status);
     dd6:	88 89       	ldd	r24, Y+16	; 0x10
     dd8:	0e 94 35 0b 	call	0x166a	; 0x166a <uart0_print_hex8>
    uart0_print("\r\n");
     ddc:	89 ef       	ldi	r24, 0xF9	; 249
     dde:	93 e0       	ldi	r25, 0x03	; 3
     de0:	0e 94 28 0b 	call	0x1650	; 0x1650 <uart0_print>
}
     de4:	df 91       	pop	r29
     de6:	cf 91       	pop	r28
     de8:	1f 91       	pop	r17
     dea:	0f 91       	pop	r16
     dec:	ff 90       	pop	r15
     dee:	ef 90       	pop	r14
     df0:	bf 90       	pop	r11
     df2:	af 90       	pop	r10
     df4:	9f 90       	pop	r9
     df6:	8f 90       	pop	r8
     df8:	08 95       	ret

00000dfa <fatal_error>:
    if (calibration_status == CALIBRATION_STATUS_DIRTY) return "DIRTY";
    return "DEFAULT";
}

static void fatal_error(const char *message)
{
     dfa:	ec 01       	movw	r28, r24
    uart0_print("ERROR,");
     dfc:	8c ea       	ldi	r24, 0xAC	; 172
     dfe:	93 e0       	ldi	r25, 0x03	; 3
     e00:	0e 94 28 0b 	call	0x1650	; 0x1650 <uart0_print>
    uart0_print(message);
     e04:	ce 01       	movw	r24, r28
     e06:	0e 94 28 0b 	call	0x1650	; 0x1650 <uart0_print>
    uart0_print("\r\n");
     e0a:	89 ef       	ldi	r24, 0xF9	; 249
     e0c:	93 e0       	ldi	r25, 0x03	; 3
     e0e:	0e 94 28 0b 	call	0x1650	; 0x1650 <uart0_print>

    while (1) {
        commands_process_pending(&calibration, &calibration_status, board_id_read());
     e12:	0e 94 86 00 	call	0x10c	; 0x10c <board_id_read>
     e16:	48 2f       	mov	r20, r24
     e18:	6a ed       	ldi	r22, 0xDA	; 218
     e1a:	74 e0       	ldi	r23, 0x04	; 4
     e1c:	8b ed       	ldi	r24, 0xDB	; 219
     e1e:	94 e0       	ldi	r25, 0x04	; 4
     e20:	0e 94 d2 05 	call	0xba4	; 0xba4 <commands_process_pending>
        PORTD ^= (1 << PD7);
     e24:	8b b1       	in	r24, 0x0b	; 11
     e26:	80 58       	subi	r24, 0x80	; 128
     e28:	8b b9       	out	0x0b, r24	; 11
	#else
		//round up by default
		__ticks_dc = (uint32_t)(ceil(fabs(__tmp)));
	#endif

	__builtin_avr_delay_cycles(__ticks_dc);
     e2a:	8f e4       	ldi	r24, 0x4F	; 79
     e2c:	93 ec       	ldi	r25, 0xC3	; 195
     e2e:	01 97       	sbiw	r24, 0x01	; 1
     e30:	f1 f7       	brne	.-4      	; 0xe2e <fatal_error+0x34>
     e32:	00 c0       	rjmp	.+0      	; 0xe34 <fatal_error+0x3a>
     e34:	00 00       	nop
     e36:	ed cf       	rjmp	.-38     	; 0xe12 <fatal_error+0x18>

00000e38 <acquire_average>:
    }
}

static uint8_t acquire_average(tmag5273_measurement_t *measurement,
                               uint8_t *valid_samples)
{
     e38:	2f 92       	push	r2
     e3a:	3f 92       	push	r3
     e3c:	4f 92       	push	r4
     e3e:	5f 92       	push	r5
     e40:	6f 92       	push	r6
     e42:	7f 92       	push	r7
     e44:	8f 92       	push	r8
     e46:	9f 92       	push	r9
     e48:	af 92       	push	r10
     e4a:	bf 92       	push	r11
     e4c:	cf 92       	push	r12
     e4e:	df 92       	push	r13
     e50:	ef 92       	push	r14
     e52:	ff 92       	push	r15
     e54:	0f 93       	push	r16
     e56:	1f 93       	push	r17
     e58:	cf 93       	push	r28
     e5a:	df 93       	push	r29
     e5c:	cd b7       	in	r28, 0x3d	; 61
     e5e:	de b7       	in	r29, 0x3e	; 62
     e60:	6a 97       	sbiw	r28, 0x1a	; 26
     e62:	0f b6       	in	r0, 0x3f	; 63
     e64:	f8 94       	cli
     e66:	de bf       	out	0x3e, r29	; 62
     e68:	0f be       	out	0x3f, r0	; 63
     e6a:	cd bf       	out	0x3d, r28	; 61
     e6c:	8a 8b       	std	Y+18, r24	; 0x12
     e6e:	29 2e       	mov	r2, r25
     e70:	7f 87       	std	Y+15, r23	; 0x0f
     e72:	6e 87       	std	Y+14, r22	; 0x0e
    int32_t sum_by = 0;
    int32_t sum_bz = 0;
    uint8_t last_status = 0;
    uint8_t valid = 0;

    for (uint8_t index = 0; index < AVERAGE_SAMPLES; index++) {
     e74:	10 e0       	ldi	r17, 0x00	; 0
    int32_t sum_temperature = 0;
    int32_t sum_bx = 0;
    int32_t sum_by = 0;
    int32_t sum_bz = 0;
    uint8_t last_status = 0;
    uint8_t valid = 0;
     e76:	00 e0       	ldi	r16, 0x00	; 0
{
    int32_t sum_temperature = 0;
    int32_t sum_bx = 0;
    int32_t sum_by = 0;
    int32_t sum_bz = 0;
    uint8_t last_status = 0;
     e78:	31 2c       	mov	r3, r1
                               uint8_t *valid_samples)
{
    int32_t sum_temperature = 0;
    int32_t sum_bx = 0;
    int32_t sum_by = 0;
    int32_t sum_bz = 0;
     e7a:	81 2c       	mov	r8, r1
     e7c:	91 2c       	mov	r9, r1
     e7e:	54 01       	movw	r10, r8
static uint8_t acquire_average(tmag5273_measurement_t *measurement,
                               uint8_t *valid_samples)
{
    int32_t sum_temperature = 0;
    int32_t sum_bx = 0;
    int32_t sum_by = 0;
     e80:	41 2c       	mov	r4, r1
     e82:	51 2c       	mov	r5, r1
     e84:	32 01       	movw	r6, r4

static uint8_t acquire_average(tmag5273_measurement_t *measurement,
                               uint8_t *valid_samples)
{
    int32_t sum_temperature = 0;
    int32_t sum_bx = 0;
     e86:	c1 2c       	mov	r12, r1
     e88:	d1 2c       	mov	r13, r1
     e8a:	76 01       	movw	r14, r12
}

static uint8_t acquire_average(tmag5273_measurement_t *measurement,
                               uint8_t *valid_samples)
{
    int32_t sum_temperature = 0;
     e8c:	1a 86       	std	Y+10, r1	; 0x0a
     e8e:	1b 86       	std	Y+11, r1	; 0x0b
     e90:	1c 86       	std	Y+12, r1	; 0x0c
     e92:	1d 86       	std	Y+13, r1	; 0x0d
    int32_t sum_by = 0;
    int32_t sum_bz = 0;
    uint8_t last_status = 0;
    uint8_t valid = 0;

    for (uint8_t index = 0; index < AVERAGE_SAMPLES; index++) {
     e94:	48 c0       	rjmp	.+144    	; 0xf26 <acquire_average+0xee>
        tmag5273_raw_sample_t sample;

        if (tmag5273_read_raw(&sample)) {
     e96:	ce 01       	movw	r24, r28
     e98:	01 96       	adiw	r24, 0x01	; 1
     e9a:	0e 94 e3 08 	call	0x11c6	; 0x11c6 <tmag5273_read_raw>
     e9e:	88 23       	and	r24, r24
     ea0:	91 f1       	breq	.+100    	; 0xf06 <acquire_average+0xce>
            sum_temperature += sample.temperature_raw;
     ea2:	89 81       	ldd	r24, Y+1	; 0x01
     ea4:	9a 81       	ldd	r25, Y+2	; 0x02
     ea6:	09 2e       	mov	r0, r25
     ea8:	00 0c       	add	r0, r0
     eaa:	aa 0b       	sbc	r26, r26
     eac:	bb 0b       	sbc	r27, r27
     eae:	2a 85       	ldd	r18, Y+10	; 0x0a
     eb0:	3b 85       	ldd	r19, Y+11	; 0x0b
     eb2:	4c 85       	ldd	r20, Y+12	; 0x0c
     eb4:	5d 85       	ldd	r21, Y+13	; 0x0d
     eb6:	28 0f       	add	r18, r24
     eb8:	39 1f       	adc	r19, r25
     eba:	4a 1f       	adc	r20, r26
     ebc:	5b 1f       	adc	r21, r27
     ebe:	2a 87       	std	Y+10, r18	; 0x0a
     ec0:	3b 87       	std	Y+11, r19	; 0x0b
     ec2:	4c 87       	std	Y+12, r20	; 0x0c
     ec4:	5d 87       	std	Y+13, r21	; 0x0d
            sum_bx += sample.bx_raw;
     ec6:	8b 81       	ldd	r24, Y+3	; 0x03
     ec8:	9c 81       	ldd	r25, Y+4	; 0x04
     eca:	09 2e       	mov	r0, r25
     ecc:	00 0c       	add	r0, r0
     ece:	aa 0b       	sbc	r26, r26
     ed0:	bb 0b       	sbc	r27, r27
     ed2:	c8 0e       	add	r12, r24
     ed4:	d9 1e       	adc	r13, r25
     ed6:	ea 1e       	adc	r14, r26
     ed8:	fb 1e       	adc	r15, r27
            sum_by += sample.by_raw;
     eda:	8d 81       	ldd	r24, Y+5	; 0x05
     edc:	9e 81       	ldd	r25, Y+6	; 0x06
     ede:	09 2e       	mov	r0, r25
     ee0:	00 0c       	add	r0, r0
     ee2:	aa 0b       	sbc	r26, r26
     ee4:	bb 0b       	sbc	r27, r27
     ee6:	48 0e       	add	r4, r24
     ee8:	59 1e       	adc	r5, r25
     eea:	6a 1e       	adc	r6, r26
     eec:	7b 1e       	adc	r7, r27
            sum_bz += sample.bz_raw;
     eee:	8f 81       	ldd	r24, Y+7	; 0x07
     ef0:	98 85       	ldd	r25, Y+8	; 0x08
     ef2:	09 2e       	mov	r0, r25
     ef4:	00 0c       	add	r0, r0
     ef6:	aa 0b       	sbc	r26, r26
     ef8:	bb 0b       	sbc	r27, r27
     efa:	88 0e       	add	r8, r24
     efc:	99 1e       	adc	r9, r25
     efe:	aa 1e       	adc	r10, r26
     f00:	bb 1e       	adc	r11, r27
            last_status = sample.status;
     f02:	39 84       	ldd	r3, Y+9	; 0x09
            valid++;
     f04:	0f 5f       	subi	r16, 0xFF	; 255
        }

        commands_process_pending(&calibration, &calibration_status, board_id_read());
     f06:	0e 94 86 00 	call	0x10c	; 0x10c <board_id_read>
     f0a:	48 2f       	mov	r20, r24
     f0c:	6a ed       	ldi	r22, 0xDA	; 218
     f0e:	74 e0       	ldi	r23, 0x04	; 4
     f10:	8b ed       	ldi	r24, 0xDB	; 219
     f12:	94 e0       	ldi	r25, 0x04	; 4
     f14:	0e 94 d2 05 	call	0xba4	; 0xba4 <commands_process_pending>
     f18:	87 ea       	ldi	r24, 0xA7	; 167
     f1a:	91 e6       	ldi	r25, 0x61	; 97
     f1c:	01 97       	sbiw	r24, 0x01	; 1
     f1e:	f1 f7       	brne	.-4      	; 0xf1c <acquire_average+0xe4>
     f20:	00 c0       	rjmp	.+0      	; 0xf22 <acquire_average+0xea>
     f22:	00 00       	nop
    int32_t sum_by = 0;
    int32_t sum_bz = 0;
    uint8_t last_status = 0;
    uint8_t valid = 0;

    for (uint8_t index = 0; index < AVERAGE_SAMPLES; index++) {
     f24:	1f 5f       	subi	r17, 0xFF	; 255
     f26:	1a 30       	cpi	r17, 0x0A	; 10
     f28:	08 f4       	brcc	.+2      	; 0xf2c <acquire_average+0xf4>
     f2a:	b5 cf       	rjmp	.-150    	; 0xe96 <acquire_average+0x5e>

        commands_process_pending(&calibration, &calibration_status, board_id_read());
        _delay_ms(SAMPLE_INTERVAL_MS);
    }

    *valid_samples = valid;
     f2c:	ae 85       	ldd	r26, Y+14	; 0x0e
     f2e:	bf 85       	ldd	r27, Y+15	; 0x0f
     f30:	0c 93       	st	X, r16
    if (valid == 0U) return 0;
     f32:	00 23       	and	r16, r16
     f34:	09 f4       	brne	.+2      	; 0xf38 <acquire_average+0x100>
     f36:	4c c0       	rjmp	.+152    	; 0xfd0 <acquire_average+0x198>

    tmag5273_convert_averaged_raw(sum_temperature / valid,
     f38:	20 2f       	mov	r18, r16
     f3a:	30 e0       	ldi	r19, 0x00	; 0
     f3c:	40 e0       	ldi	r20, 0x00	; 0
     f3e:	50 e0       	ldi	r21, 0x00	; 0
     f40:	2e 87       	std	Y+14, r18	; 0x0e
     f42:	3f 87       	std	Y+15, r19	; 0x0f
     f44:	48 8b       	std	Y+16, r20	; 0x10
     f46:	59 8b       	std	Y+17, r21	; 0x11
     f48:	c5 01       	movw	r24, r10
     f4a:	b4 01       	movw	r22, r8
     f4c:	0e 94 cf 0c 	call	0x199e	; 0x199e <__divmodsi4>
     f50:	2b 8b       	std	Y+19, r18	; 0x13
     f52:	3c 8b       	std	Y+20, r19	; 0x14
     f54:	4d 8b       	std	Y+21, r20	; 0x15
     f56:	5e 8b       	std	Y+22, r21	; 0x16
     f58:	c3 01       	movw	r24, r6
     f5a:	b2 01       	movw	r22, r4
     f5c:	2e 85       	ldd	r18, Y+14	; 0x0e
     f5e:	3f 85       	ldd	r19, Y+15	; 0x0f
     f60:	48 89       	ldd	r20, Y+16	; 0x10
     f62:	59 89       	ldd	r21, Y+17	; 0x11
     f64:	0e 94 cf 0c 	call	0x199e	; 0x199e <__divmodsi4>
     f68:	2f 8b       	std	Y+23, r18	; 0x17
     f6a:	38 8f       	std	Y+24, r19	; 0x18
     f6c:	49 8f       	std	Y+25, r20	; 0x19
     f6e:	5a 8f       	std	Y+26, r21	; 0x1a
     f70:	c7 01       	movw	r24, r14
     f72:	b6 01       	movw	r22, r12
     f74:	2e 85       	ldd	r18, Y+14	; 0x0e
     f76:	3f 85       	ldd	r19, Y+15	; 0x0f
     f78:	48 89       	ldd	r20, Y+16	; 0x10
     f7a:	59 89       	ldd	r21, Y+17	; 0x11
     f7c:	0e 94 cf 0c 	call	0x199e	; 0x199e <__divmodsi4>
     f80:	29 01       	movw	r4, r18
     f82:	3a 01       	movw	r6, r20
     f84:	6a 85       	ldd	r22, Y+10	; 0x0a
     f86:	7b 85       	ldd	r23, Y+11	; 0x0b
     f88:	8c 85       	ldd	r24, Y+12	; 0x0c
     f8a:	9d 85       	ldd	r25, Y+13	; 0x0d
     f8c:	2e 85       	ldd	r18, Y+14	; 0x0e
     f8e:	3f 85       	ldd	r19, Y+15	; 0x0f
     f90:	48 89       	ldd	r20, Y+16	; 0x10
     f92:	59 89       	ldd	r21, Y+17	; 0x11
     f94:	0e 94 cf 0c 	call	0x199e	; 0x199e <__divmodsi4>
     f98:	ca 01       	movw	r24, r20
     f9a:	b9 01       	movw	r22, r18
     f9c:	2f 92       	push	r2
     f9e:	3a 89       	ldd	r19, Y+18	; 0x12
     fa0:	3f 93       	push	r19
     fa2:	83 2c       	mov	r8, r3
     fa4:	ab 88       	ldd	r10, Y+19	; 0x13
     fa6:	bc 88       	ldd	r11, Y+20	; 0x14
     fa8:	cd 88       	ldd	r12, Y+21	; 0x15
     faa:	de 88       	ldd	r13, Y+22	; 0x16
     fac:	ef 88       	ldd	r14, Y+23	; 0x17
     fae:	f8 8c       	ldd	r15, Y+24	; 0x18
     fb0:	09 8d       	ldd	r16, Y+25	; 0x19
     fb2:	1a 8d       	ldd	r17, Y+26	; 0x1a
     fb4:	a3 01       	movw	r20, r6
     fb6:	92 01       	movw	r18, r4
     fb8:	0e 94 31 09 	call	0x1262	; 0x1262 <tmag5273_convert_averaged_raw>
                                  sum_by / valid,
                                  sum_bz / valid,
                                  last_status,
                                  measurement);

    calibration_apply(&calibration, measurement);
     fbc:	6a 89       	ldd	r22, Y+18	; 0x12
     fbe:	72 2d       	mov	r23, r2
     fc0:	8b ed       	ldi	r24, 0xDB	; 219
     fc2:	94 e0       	ldi	r25, 0x04	; 4
     fc4:	0e 94 d6 01 	call	0x3ac	; 0x3ac <calibration_apply>
    return 1;
     fc8:	0f 90       	pop	r0
     fca:	0f 90       	pop	r0
     fcc:	81 e0       	ldi	r24, 0x01	; 1
     fce:	01 c0       	rjmp	.+2      	; 0xfd2 <acquire_average+0x19a>
        commands_process_pending(&calibration, &calibration_status, board_id_read());
        _delay_ms(SAMPLE_INTERVAL_MS);
    }

    *valid_samples = valid;
    if (valid == 0U) return 0;
     fd0:	80 e0       	ldi	r24, 0x00	; 0
                                  last_status,
                                  measurement);

    calibration_apply(&calibration, measurement);
    return 1;
}
     fd2:	6a 96       	adiw	r28, 0x1a	; 26
     fd4:	0f b6       	in	r0, 0x3f	; 63
     fd6:	f8 94       	cli
     fd8:	de bf       	out	0x3e, r29	; 62
     fda:	0f be       	out	0x3f, r0	; 63
     fdc:	cd bf       	out	0x3d, r28	; 61
     fde:	df 91       	pop	r29
     fe0:	cf 91       	pop	r28
     fe2:	1f 91       	pop	r17
     fe4:	0f 91       	pop	r16
     fe6:	ff 90       	pop	r15
     fe8:	ef 90       	pop	r14
     fea:	df 90       	pop	r13
     fec:	cf 90       	pop	r12
     fee:	bf 90       	pop	r11
     ff0:	af 90       	pop	r10
     ff2:	9f 90       	pop	r9
     ff4:	8f 90       	pop	r8
     ff6:	7f 90       	pop	r7
     ff8:	6f 90       	pop	r6
     ffa:	5f 90       	pop	r5
     ffc:	4f 90       	pop	r4
     ffe:	3f 90       	pop	r3
    1000:	2f 90       	pop	r2
    1002:	08 95       	ret

00001004 <main>:
    uart0_print_fixed_2(calibration.offset_z_x100);
    uart0_print("\r\n");
}

int main(void)
{
    1004:	cf 93       	push	r28
    1006:	df 93       	push	r29
    1008:	cd b7       	in	r28, 0x3d	; 61
    100a:	de b7       	in	r29, 0x3e	; 62
    100c:	63 97       	sbiw	r28, 0x13	; 19
    100e:	0f b6       	in	r0, 0x3f	; 63
    1010:	f8 94       	cli
    1012:	de bf       	out	0x3e, r29	; 62
    1014:	0f be       	out	0x3f, r0	; 63
    1016:	cd bf       	out	0x3d, r28	; 61
    uart0_init();
    1018:	0e 94 13 0b 	call	0x1626	; 0x1626 <uart0_init>
    twi1_init();
    101c:	0e 94 0c 0a 	call	0x1418	; 0x1418 <twi1_init>
    board_id_init();
    1020:	0e 94 79 00 	call	0xf2	; 0xf2 <board_id_init>

    DDRD |= (1 << PD5) | (1 << PD6) | (1 << PD7);
    1024:	8a b1       	in	r24, 0x0a	; 10
    1026:	80 6e       	ori	r24, 0xE0	; 224
    1028:	8a b9       	out	0x0a, r24	; 10
    sei();
    102a:	78 94       	sei

    calibration_status = calibration_load(&calibration);
    102c:	8b ed       	ldi	r24, 0xDB	; 219
    102e:	94 e0       	ldi	r25, 0x04	; 4
    1030:	0e 94 33 01 	call	0x266	; 0x266 <calibration_load>
    1034:	80 93 da 04 	sts	0x04DA, r24	; 0x8004da <calibration_status>

    uart0_print("\r\nND280 Magnetic Field Node v");
    1038:	83 eb       	ldi	r24, 0xB3	; 179
    103a:	93 e0       	ldi	r25, 0x03	; 3
    103c:	0e 94 28 0b 	call	0x1650	; 0x1650 <uart0_print>
    uart0_print(FIRMWARE_VERSION);
    1040:	81 e2       	ldi	r24, 0x21	; 33
    1042:	92 e0       	ldi	r25, 0x02	; 2
    1044:	0e 94 28 0b 	call	0x1650	; 0x1650 <uart0_print>
    uart0_print("\r\nUART0=4800,RX_COMMANDS=ON,TWI1=PE0/PE1\r\n");
    1048:	81 ed       	ldi	r24, 0xD1	; 209
    104a:	93 e0       	ldi	r25, 0x03	; 3
    104c:	0e 94 28 0b 	call	0x1650	; 0x1650 <uart0_print>
    uart0_print("AVERAGE_SAMPLES=");
    1050:	8c ef       	ldi	r24, 0xFC	; 252
    1052:	93 e0       	ldi	r25, 0x03	; 3
    1054:	0e 94 28 0b 	call	0x1650	; 0x1650 <uart0_print>
    uart0_print_uint16(AVERAGE_SAMPLES);
    1058:	8a e0       	ldi	r24, 0x0A	; 10
    105a:	90 e0       	ldi	r25, 0x00	; 0
    105c:	0e 94 4a 0b 	call	0x1694	; 0x1694 <uart0_print_uint16>
    uart0_print(",SAMPLE_INTERVAL_MS=");
    1060:	8d e0       	ldi	r24, 0x0D	; 13
    1062:	94 e0       	ldi	r25, 0x04	; 4
    1064:	0e 94 28 0b 	call	0x1650	; 0x1650 <uart0_print>
    uart0_print_uint16(SAMPLE_INTERVAL_MS);
    1068:	84 e6       	ldi	r24, 0x64	; 100
    106a:	90 e0       	ldi	r25, 0x00	; 0
    106c:	0e 94 4a 0b 	call	0x1694	; 0x1694 <uart0_print_uint16>
    uart0_print("\r\nTMAG_VARIANT=");
    1070:	82 e2       	ldi	r24, 0x22	; 34
    1072:	94 e0       	ldi	r25, 0x04	; 4
    1074:	0e 94 28 0b 	call	0x1650	; 0x1650 <uart0_print>
    uart0_print(TMAG_VARIANT);
    1078:	8e e2       	ldi	r24, 0x2E	; 46
    107a:	92 e0       	ldi	r25, 0x02	; 2
    107c:	0e 94 28 0b 	call	0x1650	; 0x1650 <uart0_print>
    uart0_print(",TMAG_RANGE_MT=");
    1080:	82 e3       	ldi	r24, 0x32	; 50
    1082:	94 e0       	ldi	r25, 0x04	; 4
    1084:	0e 94 28 0b 	call	0x1650	; 0x1650 <uart0_print>
    uart0_print_uint16(TMAG_FULL_SCALE_MT);
    1088:	8a e0       	ldi	r24, 0x0A	; 10
    108a:	91 e0       	ldi	r25, 0x01	; 1
    108c:	0e 94 4a 0b 	call	0x1694	; 0x1694 <uart0_print_uint16>
    uart0_print("\r\n");
    1090:	89 ef       	ldi	r24, 0xF9	; 249
    1092:	93 e0       	ldi	r25, 0x03	; 3
    1094:	0e 94 28 0b 	call	0x1650	; 0x1650 <uart0_print>

    print_calibration_summary();
    1098:	0e 94 41 06 	call	0xc82	; 0xc82 <print_calibration_summary>

    uint8_t device_id = 0;
    109c:	19 82       	std	Y+1, r1	; 0x01
    if (!tmag5273_read_device_id(&device_id)) fatal_error("TMAG_DEVICE_ID_READ");
    109e:	ce 01       	movw	r24, r28
    10a0:	01 96       	adiw	r24, 0x01	; 1
    10a2:	0e 94 b9 08 	call	0x1172	; 0x1172 <tmag5273_read_device_id>
    10a6:	81 11       	cpse	r24, r1
    10a8:	04 c0       	rjmp	.+8      	; 0x10b2 <main+0xae>
    10aa:	82 e4       	ldi	r24, 0x42	; 66
    10ac:	94 e0       	ldi	r25, 0x04	; 4
    10ae:	0e 94 fd 06 	call	0xdfa	; 0xdfa <fatal_error>

    uart0_print("TMAG_DEVICE_ID=0x");
    10b2:	86 e5       	ldi	r24, 0x56	; 86
    10b4:	94 e0       	ldi	r25, 0x04	; 4
    10b6:	0e 94 28 0b 	call	0x1650	; 0x1650 <uart0_print>
    uart0_print_hex8(device_id);
    10ba:	89 81       	ldd	r24, Y+1	; 0x01
    10bc:	0e 94 35 0b 	call	0x166a	; 0x166a <uart0_print_hex8>
    uart0_print("\r\n");
    10c0:	89 ef       	ldi	r24, 0xF9	; 249
    10c2:	93 e0       	ldi	r25, 0x03	; 3
    10c4:	0e 94 28 0b 	call	0x1650	; 0x1650 <uart0_print>

    if (!tmag5273_init()) fatal_error("TMAG_INIT");
    10c8:	0e 94 bf 08 	call	0x117e	; 0x117e <tmag5273_init>
    10cc:	81 11       	cpse	r24, r1
    10ce:	04 c0       	rjmp	.+8      	; 0x10d8 <main+0xd4>
    10d0:	88 e6       	ldi	r24, 0x68	; 104
    10d2:	94 e0       	ldi	r25, 0x04	; 4
    10d4:	0e 94 fd 06 	call	0xdfa	; 0xdfa <fatal_error>

    uart0_print("TMAG_INIT=OK\r\nBOARD_ID=");
    10d8:	82 e7       	ldi	r24, 0x72	; 114
    10da:	94 e0       	ldi	r25, 0x04	; 4
    10dc:	0e 94 28 0b 	call	0x1650	; 0x1650 <uart0_print>
    uart0_print_uint16(board_id_read());
    10e0:	0e 94 86 00 	call	0x10c	; 0x10c <board_id_read>
    10e4:	90 e0       	ldi	r25, 0x00	; 0
    10e6:	0e 94 4a 0b 	call	0x1694	; 0x1694 <uart0_print_uint16>
    uart0_print("\r\nTYPE HELP FOR COMMANDS\r\n");
    10ea:	8a e8       	ldi	r24, 0x8A	; 138
    10ec:	94 e0       	ldi	r25, 0x04	; 4
    10ee:	0e 94 28 0b 	call	0x1650	; 0x1650 <uart0_print>

    uint32_t sequence = 0UL;
    10f2:	c1 2c       	mov	r12, r1
    10f4:	d1 2c       	mov	r13, r1
    10f6:	76 01       	movw	r14, r12

    while (1) {
        tmag5273_measurement_t measurement;
        uint8_t valid_samples = 0U;
    10f8:	1b 8a       	std	Y+19, r1	; 0x13

        commands_process_pending(&calibration, &calibration_status, board_id_read());
    10fa:	0e 94 86 00 	call	0x10c	; 0x10c <board_id_read>
    10fe:	48 2f       	mov	r20, r24
    1100:	6a ed       	ldi	r22, 0xDA	; 218
    1102:	74 e0       	ldi	r23, 0x04	; 4
    1104:	8b ed       	ldi	r24, 0xDB	; 219
    1106:	94 e0       	ldi	r25, 0x04	; 4
    1108:	0e 94 d2 05 	call	0xba4	; 0xba4 <commands_process_pending>

        if (!acquire_average(&measurement, &valid_samples)) {
    110c:	be 01       	movw	r22, r28
    110e:	6d 5e       	subi	r22, 0xED	; 237
    1110:	7f 4f       	sbci	r23, 0xFF	; 255
    1112:	ce 01       	movw	r24, r28
    1114:	02 96       	adiw	r24, 0x02	; 2
    1116:	0e 94 1c 07 	call	0xe38	; 0xe38 <acquire_average>
    111a:	81 11       	cpse	r24, r1
    111c:	10 c0       	rjmp	.+32     	; 0x113e <main+0x13a>
            uart0_print("ERROR,TMAG_NO_VALID_SAMPLES,SEQ=");
    111e:	85 ea       	ldi	r24, 0xA5	; 165
    1120:	94 e0       	ldi	r25, 0x04	; 4
    1122:	0e 94 28 0b 	call	0x1650	; 0x1650 <uart0_print>
            uart0_print_uint32(sequence);
    1126:	c7 01       	movw	r24, r14
    1128:	b6 01       	movw	r22, r12
    112a:	0e 94 a1 0b 	call	0x1742	; 0x1742 <uart0_print_uint32>
            uart0_print("\r\n");
    112e:	89 ef       	ldi	r24, 0xF9	; 249
    1130:	93 e0       	ldi	r25, 0x03	; 3
    1132:	0e 94 28 0b 	call	0x1650	; 0x1650 <uart0_print>
            PORTD ^= (1 << PD7);
    1136:	8b b1       	in	r24, 0x0b	; 11
    1138:	80 58       	subi	r24, 0x80	; 128
    113a:	8b b9       	out	0x0b, r24	; 11
    113c:	dd cf       	rjmp	.-70     	; 0x10f8 <main+0xf4>
            continue;
        }

        print_packet(board_id_read(), sequence, valid_samples, &measurement);
    113e:	bb 88       	ldd	r11, Y+19	; 0x13
    1140:	0e 94 86 00 	call	0x10c	; 0x10c <board_id_read>
    1144:	8e 01       	movw	r16, r28
    1146:	0e 5f       	subi	r16, 0xFE	; 254
    1148:	1f 4f       	sbci	r17, 0xFF	; 255
    114a:	2b 2d       	mov	r18, r11
    114c:	b7 01       	movw	r22, r14
    114e:	a6 01       	movw	r20, r12
    1150:	0e 94 88 06 	call	0xd10	; 0xd10 <print_packet>
        sequence++;
    1154:	8f ef       	ldi	r24, 0xFF	; 255
    1156:	c8 1a       	sub	r12, r24
    1158:	d8 0a       	sbc	r13, r24
    115a:	e8 0a       	sbc	r14, r24
    115c:	f8 0a       	sbc	r15, r24
        PORTD ^= (1 << PD5);
    115e:	9b b1       	in	r25, 0x0b	; 11
    1160:	80 e2       	ldi	r24, 0x20	; 32
    1162:	89 27       	eor	r24, r25
    1164:	8b b9       	out	0x0b, r24	; 11
    1166:	c8 cf       	rjmp	.-112    	; 0x10f8 <main+0xf4>

00001168 <make_i16>:
#define TADCT0        17508L
#define TADCRES_X10   601L

static int16_t make_i16(uint8_t msb, uint8_t lsb)
{
    return (int16_t)(((uint16_t)msb << 8) | (uint16_t)lsb);
    1168:	90 e0       	ldi	r25, 0x00	; 0
    116a:	98 2f       	mov	r25, r24
    116c:	88 27       	eor	r24, r24
}
    116e:	86 2b       	or	r24, r22
    1170:	08 95       	ret

00001172 <tmag5273_read_device_id>:

uint8_t tmag5273_read_device_id(uint8_t *device_id)
{
    return twi1_read_register(TMAG_I2C_ADDRESS, DEVICE_ID, device_id);
    1172:	ac 01       	movw	r20, r24
    1174:	6d e0       	ldi	r22, 0x0D	; 13
    1176:	85 e3       	ldi	r24, 0x35	; 53
    1178:	0e 94 4c 0a 	call	0x1498	; 0x1498 <twi1_read_register>
}
    117c:	08 95       	ret

0000117e <tmag5273_init>:

uint8_t tmag5273_init(void)
{
    /* Preserve the exact known-good configuration from firmware v0.1.0. */
    if (!twi1_write_register(TMAG_I2C_ADDRESS, DEVICE_CONFIG_1, 0x00U)) return 0;
    117e:	40 e0       	ldi	r20, 0x00	; 0
    1180:	60 e0       	ldi	r22, 0x00	; 0
    1182:	85 e3       	ldi	r24, 0x35	; 53
    1184:	0e 94 18 0a 	call	0x1430	; 0x1430 <twi1_write_register>
    1188:	88 23       	and	r24, r24
    118a:	e1 f0       	breq	.+56     	; 0x11c4 <tmag5273_init+0x46>
    if (!twi1_write_register(TMAG_I2C_ADDRESS, DEVICE_CONFIG_2, 0x00U)) return 0;
    118c:	40 e0       	ldi	r20, 0x00	; 0
    118e:	61 e0       	ldi	r22, 0x01	; 1
    1190:	85 e3       	ldi	r24, 0x35	; 53
    1192:	0e 94 18 0a 	call	0x1430	; 0x1430 <twi1_write_register>
    1196:	88 23       	and	r24, r24
    1198:	a9 f0       	breq	.+42     	; 0x11c4 <tmag5273_init+0x46>
    if (!twi1_write_register(TMAG_I2C_ADDRESS, SENSOR_CONFIG_1, 0x74U)) return 0;
    119a:	44 e7       	ldi	r20, 0x74	; 116
    119c:	62 e0       	ldi	r22, 0x02	; 2
    119e:	85 e3       	ldi	r24, 0x35	; 53
    11a0:	0e 94 18 0a 	call	0x1430	; 0x1430 <twi1_write_register>
    11a4:	88 23       	and	r24, r24
    11a6:	71 f0       	breq	.+28     	; 0x11c4 <tmag5273_init+0x46>
    if (!twi1_write_register(TMAG_I2C_ADDRESS, SENSOR_CONFIG_2, 0x03U)) return 0;
    11a8:	43 e0       	ldi	r20, 0x03	; 3
    11aa:	63 e0       	ldi	r22, 0x03	; 3
    11ac:	85 e3       	ldi	r24, 0x35	; 53
    11ae:	0e 94 18 0a 	call	0x1430	; 0x1430 <twi1_write_register>
    11b2:	88 23       	and	r24, r24
    11b4:	39 f0       	breq	.+14     	; 0x11c4 <tmag5273_init+0x46>
    if (!twi1_write_register(TMAG_I2C_ADDRESS, T_CONFIG, 0x01U)) return 0;
    11b6:	41 e0       	ldi	r20, 0x01	; 1
    11b8:	67 e0       	ldi	r22, 0x07	; 7
    11ba:	85 e3       	ldi	r24, 0x35	; 53
    11bc:	0e 94 18 0a 	call	0x1430	; 0x1430 <twi1_write_register>
    11c0:	81 11       	cpse	r24, r1
    return 1;
    11c2:	81 e0       	ldi	r24, 0x01	; 1
}
    11c4:	08 95       	ret

000011c6 <tmag5273_read_raw>:

uint8_t tmag5273_read_raw(tmag5273_raw_sample_t *sample)
{
    11c6:	0f 93       	push	r16
    11c8:	1f 93       	push	r17
    11ca:	cf 93       	push	r28
    11cc:	df 93       	push	r29
    11ce:	cd b7       	in	r28, 0x3d	; 61
    11d0:	de b7       	in	r29, 0x3e	; 62
    11d2:	29 97       	sbiw	r28, 0x09	; 9
    11d4:	0f b6       	in	r0, 0x3f	; 63
    11d6:	f8 94       	cli
    11d8:	de bf       	out	0x3e, r29	; 62
    11da:	0f be       	out	0x3f, r0	; 63
    11dc:	cd bf       	out	0x3d, r28	; 61
    11de:	8c 01       	movw	r16, r24
    uint8_t buffer[9];

    /* Trigger a conversion while the device is in standby mode. */
    if (!twi1_write_register(TMAG_I2C_ADDRESS, (uint8_t)(DEVICE_ID | 0x80U), 0x00U)) return 0;
    11e0:	40 e0       	ldi	r20, 0x00	; 0
    11e2:	6d e8       	ldi	r22, 0x8D	; 141
    11e4:	85 e3       	ldi	r24, 0x35	; 53
    11e6:	0e 94 18 0a 	call	0x1430	; 0x1430 <twi1_write_register>
    11ea:	88 23       	and	r24, r24
    11ec:	79 f1       	breq	.+94     	; 0x124c <tmag5273_read_raw+0x86>
    11ee:	81 ee       	ldi	r24, 0xE1	; 225
    11f0:	94 e0       	ldi	r25, 0x04	; 4
    11f2:	01 97       	sbiw	r24, 0x01	; 1
    11f4:	f1 f7       	brne	.-4      	; 0x11f2 <tmag5273_read_raw+0x2c>
    11f6:	00 c0       	rjmp	.+0      	; 0x11f8 <tmag5273_read_raw+0x32>
    11f8:	00 00       	nop
    _delay_ms(5);

    if (!twi1_read_block(TMAG_I2C_ADDRESS, T_MSB_RESULT, buffer, 9U)) return 0;
    11fa:	29 e0       	ldi	r18, 0x09	; 9
    11fc:	ae 01       	movw	r20, r28
    11fe:	4f 5f       	subi	r20, 0xFF	; 255
    1200:	5f 4f       	sbci	r21, 0xFF	; 255
    1202:	60 e1       	ldi	r22, 0x10	; 16
    1204:	85 e3       	ldi	r24, 0x35	; 53
    1206:	0e 94 8f 0a 	call	0x151e	; 0x151e <twi1_read_block>
    120a:	88 23       	and	r24, r24
    120c:	f9 f0       	breq	.+62     	; 0x124c <tmag5273_read_raw+0x86>

    sample->temperature_raw = make_i16(buffer[0], buffer[1]);
    120e:	6a 81       	ldd	r22, Y+2	; 0x02
    1210:	89 81       	ldd	r24, Y+1	; 0x01
    1212:	0e 94 b4 08 	call	0x1168	; 0x1168 <make_i16>
    1216:	f8 01       	movw	r30, r16
    1218:	91 83       	std	Z+1, r25	; 0x01
    121a:	80 83       	st	Z, r24
    sample->bx_raw = make_i16(buffer[2], buffer[3]);
    121c:	6c 81       	ldd	r22, Y+4	; 0x04
    121e:	8b 81       	ldd	r24, Y+3	; 0x03
    1220:	0e 94 b4 08 	call	0x1168	; 0x1168 <make_i16>
    1224:	f8 01       	movw	r30, r16
    1226:	93 83       	std	Z+3, r25	; 0x03
    1228:	82 83       	std	Z+2, r24	; 0x02
    sample->by_raw = make_i16(buffer[4], buffer[5]);
    122a:	6e 81       	ldd	r22, Y+6	; 0x06
    122c:	8d 81       	ldd	r24, Y+5	; 0x05
    122e:	0e 94 b4 08 	call	0x1168	; 0x1168 <make_i16>
    1232:	f8 01       	movw	r30, r16
    1234:	95 83       	std	Z+5, r25	; 0x05
    1236:	84 83       	std	Z+4, r24	; 0x04
    sample->bz_raw = make_i16(buffer[6], buffer[7]);
    1238:	68 85       	ldd	r22, Y+8	; 0x08
    123a:	8f 81       	ldd	r24, Y+7	; 0x07
    123c:	0e 94 b4 08 	call	0x1168	; 0x1168 <make_i16>
    1240:	f8 01       	movw	r30, r16
    1242:	97 83       	std	Z+7, r25	; 0x07
    1244:	86 83       	std	Z+6, r24	; 0x06
    sample->status = buffer[8];
    1246:	89 85       	ldd	r24, Y+9	; 0x09
    1248:	80 87       	std	Z+8, r24	; 0x08

    return 1;
    124a:	81 e0       	ldi	r24, 0x01	; 1
}
    124c:	29 96       	adiw	r28, 0x09	; 9
    124e:	0f b6       	in	r0, 0x3f	; 63
    1250:	f8 94       	cli
    1252:	de bf       	out	0x3e, r29	; 62
    1254:	0f be       	out	0x3f, r0	; 63
    1256:	cd bf       	out	0x3d, r28	; 61
    1258:	df 91       	pop	r29
    125a:	cf 91       	pop	r28
    125c:	1f 91       	pop	r17
    125e:	0f 91       	pop	r16
    1260:	08 95       	ret

00001262 <tmag5273_convert_averaged_raw>:
                                  int32_t bx_raw,
                                  int32_t by_raw,
                                  int32_t bz_raw,
                                  uint8_t status,
                                  tmag5273_measurement_t *measurement)
{
    1262:	3f 92       	push	r3
    1264:	4f 92       	push	r4
    1266:	5f 92       	push	r5
    1268:	6f 92       	push	r6
    126a:	7f 92       	push	r7
    126c:	8f 92       	push	r8
    126e:	9f 92       	push	r9
    1270:	af 92       	push	r10
    1272:	bf 92       	push	r11
    1274:	cf 92       	push	r12
    1276:	df 92       	push	r13
    1278:	ef 92       	push	r14
    127a:	ff 92       	push	r15
    127c:	0f 93       	push	r16
    127e:	1f 93       	push	r17
    1280:	cf 93       	push	r28
    1282:	df 93       	push	r29
    1284:	cd b7       	in	r28, 0x3d	; 61
    1286:	de b7       	in	r29, 0x3e	; 62
    1288:	29 01       	movw	r4, r18
    128a:	3a 01       	movw	r6, r20
    128c:	38 2c       	mov	r3, r8
    128e:	8c 88       	ldd	r8, Y+20	; 0x14
    1290:	9d 88       	ldd	r9, Y+21	; 0x15
    measurement->temperature_x100 = TSENSET0_X100
                                  + ((temperature_raw - TADCT0) * 1000L) / TADCRES_X10;
    1292:	9b 01       	movw	r18, r22
    1294:	ac 01       	movw	r20, r24
    1296:	24 56       	subi	r18, 0x64	; 100
    1298:	34 44       	sbci	r19, 0x44	; 68
    129a:	41 09       	sbc	r20, r1
    129c:	51 09       	sbc	r21, r1
    129e:	a8 ee       	ldi	r26, 0xE8	; 232
    12a0:	b3 e0       	ldi	r27, 0x03	; 3
    12a2:	0e 94 fd 0c 	call	0x19fa	; 0x19fa <__muluhisi3>
    12a6:	29 e5       	ldi	r18, 0x59	; 89
    12a8:	32 e0       	ldi	r19, 0x02	; 2
    12aa:	40 e0       	ldi	r20, 0x00	; 0
    12ac:	50 e0       	ldi	r21, 0x00	; 0
    12ae:	0e 94 cf 0c 	call	0x199e	; 0x199e <__divmodsi4>
    12b2:	da 01       	movw	r26, r20
    12b4:	c9 01       	movw	r24, r18
    12b6:	8c 53       	subi	r24, 0x3C	; 60
    12b8:	96 4f       	sbci	r25, 0xF6	; 246
    12ba:	af 4f       	sbci	r26, 0xFF	; 255
    12bc:	bf 4f       	sbci	r27, 0xFF	; 255
                                  int32_t by_raw,
                                  int32_t bz_raw,
                                  uint8_t status,
                                  tmag5273_measurement_t *measurement)
{
    measurement->temperature_x100 = TSENSET0_X100
    12be:	f4 01       	movw	r30, r8
    12c0:	80 83       	st	Z, r24
    12c2:	91 83       	std	Z+1, r25	; 0x01
    12c4:	a2 83       	std	Z+2, r26	; 0x02
    12c6:	b3 83       	std	Z+3, r27	; 0x03
                                  + ((temperature_raw - TADCT0) * 1000L) / TADCRES_X10;

    /* TMAG5273A2 in 2x range: +/-266 mT full scale.
       Outputs are expressed in hundredths of mT. */
    measurement->bx_x100 = (bx_raw * TMAG_FULL_SCALE_X100) / 32768L;
    12c8:	a8 ee       	ldi	r26, 0xE8	; 232
    12ca:	b7 e6       	ldi	r27, 0x67	; 103
    12cc:	a3 01       	movw	r20, r6
    12ce:	92 01       	movw	r18, r4
    12d0:	0e 94 fd 0c 	call	0x19fa	; 0x19fa <__muluhisi3>
    12d4:	2b 01       	movw	r4, r22
    12d6:	3c 01       	movw	r6, r24
    12d8:	99 23       	and	r25, r25
    12da:	34 f4       	brge	.+12     	; 0x12e8 <tmag5273_convert_averaged_raw+0x86>
    12dc:	ff ef       	ldi	r31, 0xFF	; 255
    12de:	4f 0e       	add	r4, r31
    12e0:	ff e7       	ldi	r31, 0x7F	; 127
    12e2:	5f 1e       	adc	r5, r31
    12e4:	61 1c       	adc	r6, r1
    12e6:	71 1c       	adc	r7, r1
    12e8:	d3 01       	movw	r26, r6
    12ea:	c2 01       	movw	r24, r4
    12ec:	07 2e       	mov	r0, r23
    12ee:	7f e0       	ldi	r23, 0x0F	; 15
    12f0:	b5 95       	asr	r27
    12f2:	a7 95       	ror	r26
    12f4:	97 95       	ror	r25
    12f6:	87 95       	ror	r24
    12f8:	7a 95       	dec	r23
    12fa:	d1 f7       	brne	.-12     	; 0x12f0 <tmag5273_convert_averaged_raw+0x8e>
    12fc:	70 2d       	mov	r23, r0
    12fe:	f4 01       	movw	r30, r8
    1300:	84 83       	std	Z+4, r24	; 0x04
    1302:	95 83       	std	Z+5, r25	; 0x05
    1304:	a6 83       	std	Z+6, r26	; 0x06
    1306:	b7 83       	std	Z+7, r27	; 0x07
    measurement->by_x100 = (by_raw * TMAG_FULL_SCALE_X100) / 32768L;
    1308:	a8 ee       	ldi	r26, 0xE8	; 232
    130a:	b7 e6       	ldi	r27, 0x67	; 103
    130c:	a8 01       	movw	r20, r16
    130e:	97 01       	movw	r18, r14
    1310:	0e 94 fd 0c 	call	0x19fa	; 0x19fa <__muluhisi3>
    1314:	8b 01       	movw	r16, r22
    1316:	9c 01       	movw	r18, r24
    1318:	99 23       	and	r25, r25
    131a:	24 f4       	brge	.+8      	; 0x1324 <tmag5273_convert_averaged_raw+0xc2>
    131c:	01 50       	subi	r16, 0x01	; 1
    131e:	10 48       	sbci	r17, 0x80	; 128
    1320:	2f 4f       	sbci	r18, 0xFF	; 255
    1322:	3f 4f       	sbci	r19, 0xFF	; 255
    1324:	d9 01       	movw	r26, r18
    1326:	c8 01       	movw	r24, r16
    1328:	07 2e       	mov	r0, r23
    132a:	7f e0       	ldi	r23, 0x0F	; 15
    132c:	b5 95       	asr	r27
    132e:	a7 95       	ror	r26
    1330:	97 95       	ror	r25
    1332:	87 95       	ror	r24
    1334:	7a 95       	dec	r23
    1336:	d1 f7       	brne	.-12     	; 0x132c <tmag5273_convert_averaged_raw+0xca>
    1338:	70 2d       	mov	r23, r0
    133a:	f4 01       	movw	r30, r8
    133c:	80 87       	std	Z+8, r24	; 0x08
    133e:	91 87       	std	Z+9, r25	; 0x09
    1340:	a2 87       	std	Z+10, r26	; 0x0a
    1342:	b3 87       	std	Z+11, r27	; 0x0b
    measurement->bz_x100 = (bz_raw * TMAG_FULL_SCALE_X100) / 32768L;
    1344:	a8 ee       	ldi	r26, 0xE8	; 232
    1346:	b7 e6       	ldi	r27, 0x67	; 103
    1348:	a6 01       	movw	r20, r12
    134a:	95 01       	movw	r18, r10
    134c:	0e 94 fd 0c 	call	0x19fa	; 0x19fa <__muluhisi3>
    1350:	8b 01       	movw	r16, r22
    1352:	9c 01       	movw	r18, r24
    1354:	99 23       	and	r25, r25
    1356:	24 f4       	brge	.+8      	; 0x1360 <tmag5273_convert_averaged_raw+0xfe>
    1358:	01 50       	subi	r16, 0x01	; 1
    135a:	10 48       	sbci	r17, 0x80	; 128
    135c:	2f 4f       	sbci	r18, 0xFF	; 255
    135e:	3f 4f       	sbci	r19, 0xFF	; 255
    1360:	d9 01       	movw	r26, r18
    1362:	c8 01       	movw	r24, r16
    1364:	07 2e       	mov	r0, r23
    1366:	7f e0       	ldi	r23, 0x0F	; 15
    1368:	b5 95       	asr	r27
    136a:	a7 95       	ror	r26
    136c:	97 95       	ror	r25
    136e:	87 95       	ror	r24
    1370:	7a 95       	dec	r23
    1372:	d1 f7       	brne	.-12     	; 0x1368 <tmag5273_convert_averaged_raw+0x106>
    1374:	70 2d       	mov	r23, r0
    1376:	f4 01       	movw	r30, r8
    1378:	84 87       	std	Z+12, r24	; 0x0c
    137a:	95 87       	std	Z+13, r25	; 0x0d
    137c:	a6 87       	std	Z+14, r26	; 0x0e
    137e:	b7 87       	std	Z+15, r27	; 0x0f
    measurement->status = status;
    1380:	30 8a       	std	Z+16, r3	; 0x10
}
    1382:	df 91       	pop	r29
    1384:	cf 91       	pop	r28
    1386:	1f 91       	pop	r17
    1388:	0f 91       	pop	r16
    138a:	ff 90       	pop	r15
    138c:	ef 90       	pop	r14
    138e:	df 90       	pop	r13
    1390:	cf 90       	pop	r12
    1392:	bf 90       	pop	r11
    1394:	af 90       	pop	r10
    1396:	9f 90       	pop	r9
    1398:	8f 90       	pop	r8
    139a:	7f 90       	pop	r7
    139c:	6f 90       	pop	r6
    139e:	5f 90       	pop	r5
    13a0:	4f 90       	pop	r4
    13a2:	3f 90       	pop	r3
    13a4:	08 95       	ret

000013a6 <twi1_start>:
{
    if (!twi1_start()) { twi1_stop(); return 0; }
    uint8_t status = twi1_write_byte((uint8_t)(address << 1));
    twi1_stop();
    return status == 0x18U;
}
    13a6:	84 ea       	ldi	r24, 0xA4	; 164
    13a8:	80 93 dc 00 	sts	0x00DC, r24	; 0x8000dc <__TEXT_REGION_LENGTH__+0x7f80dc>
    13ac:	80 91 dc 00 	lds	r24, 0x00DC	; 0x8000dc <__TEXT_REGION_LENGTH__+0x7f80dc>
    13b0:	88 23       	and	r24, r24
    13b2:	e4 f7       	brge	.-8      	; 0x13ac <twi1_start+0x6>
    13b4:	80 91 d9 00 	lds	r24, 0x00D9	; 0x8000d9 <__TEXT_REGION_LENGTH__+0x7f80d9>
    13b8:	88 7f       	andi	r24, 0xF8	; 248
    13ba:	88 30       	cpi	r24, 0x08	; 8
    13bc:	21 f0       	breq	.+8      	; 0x13c6 <twi1_start+0x20>
    13be:	80 31       	cpi	r24, 0x10	; 16
    13c0:	21 f4       	brne	.+8      	; 0x13ca <twi1_start+0x24>
    13c2:	81 e0       	ldi	r24, 0x01	; 1
    13c4:	08 95       	ret
    13c6:	81 e0       	ldi	r24, 0x01	; 1
    13c8:	08 95       	ret
    13ca:	80 e0       	ldi	r24, 0x00	; 0
    13cc:	08 95       	ret

000013ce <twi1_stop>:
    13ce:	84 e9       	ldi	r24, 0x94	; 148
    13d0:	80 93 dc 00 	sts	0x00DC, r24	; 0x8000dc <__TEXT_REGION_LENGTH__+0x7f80dc>
    13d4:	08 95       	ret

000013d6 <twi1_write_byte>:
    13d6:	80 93 db 00 	sts	0x00DB, r24	; 0x8000db <__TEXT_REGION_LENGTH__+0x7f80db>
    13da:	84 e8       	ldi	r24, 0x84	; 132
    13dc:	80 93 dc 00 	sts	0x00DC, r24	; 0x8000dc <__TEXT_REGION_LENGTH__+0x7f80dc>
    13e0:	80 91 dc 00 	lds	r24, 0x00DC	; 0x8000dc <__TEXT_REGION_LENGTH__+0x7f80dc>
    13e4:	88 23       	and	r24, r24
    13e6:	e4 f7       	brge	.-8      	; 0x13e0 <twi1_write_byte+0xa>
    13e8:	80 91 d9 00 	lds	r24, 0x00D9	; 0x8000d9 <__TEXT_REGION_LENGTH__+0x7f80d9>
    13ec:	88 7f       	andi	r24, 0xF8	; 248
    13ee:	08 95       	ret

000013f0 <twi1_read_ack>:
    13f0:	84 ec       	ldi	r24, 0xC4	; 196
    13f2:	80 93 dc 00 	sts	0x00DC, r24	; 0x8000dc <__TEXT_REGION_LENGTH__+0x7f80dc>
    13f6:	80 91 dc 00 	lds	r24, 0x00DC	; 0x8000dc <__TEXT_REGION_LENGTH__+0x7f80dc>
    13fa:	88 23       	and	r24, r24
    13fc:	e4 f7       	brge	.-8      	; 0x13f6 <twi1_read_ack+0x6>
    13fe:	80 91 db 00 	lds	r24, 0x00DB	; 0x8000db <__TEXT_REGION_LENGTH__+0x7f80db>
    1402:	08 95       	ret

00001404 <twi1_read_nack>:
    1404:	84 e8       	ldi	r24, 0x84	; 132
    1406:	80 93 dc 00 	sts	0x00DC, r24	; 0x8000dc <__TEXT_REGION_LENGTH__+0x7f80dc>
    140a:	80 91 dc 00 	lds	r24, 0x00DC	; 0x8000dc <__TEXT_REGION_LENGTH__+0x7f80dc>
    140e:	88 23       	and	r24, r24
    1410:	e4 f7       	brge	.-8      	; 0x140a <twi1_read_nack+0x6>
    1412:	80 91 db 00 	lds	r24, 0x00DB	; 0x8000db <__TEXT_REGION_LENGTH__+0x7f80db>
    1416:	08 95       	ret

00001418 <twi1_init>:
    1418:	8e b1       	in	r24, 0x0e	; 14
    141a:	83 60       	ori	r24, 0x03	; 3
    141c:	8e b9       	out	0x0e, r24	; 14
    141e:	10 92 d9 00 	sts	0x00D9, r1	; 0x8000d9 <__TEXT_REGION_LENGTH__+0x7f80d9>
    1422:	82 e0       	ldi	r24, 0x02	; 2
    1424:	80 93 d8 00 	sts	0x00D8, r24	; 0x8000d8 <__TEXT_REGION_LENGTH__+0x7f80d8>
    1428:	84 e0       	ldi	r24, 0x04	; 4
    142a:	80 93 dc 00 	sts	0x00DC, r24	; 0x8000dc <__TEXT_REGION_LENGTH__+0x7f80dc>
    142e:	08 95       	ret

00001430 <twi1_write_register>:

uint8_t twi1_write_register(uint8_t address, uint8_t reg, uint8_t value)
{
    1430:	0f 93       	push	r16
    1432:	1f 93       	push	r17
    1434:	cf 93       	push	r28
    1436:	df 93       	push	r29
    1438:	d8 2f       	mov	r29, r24
    143a:	16 2f       	mov	r17, r22
    143c:	04 2f       	mov	r16, r20
    if (!twi1_start()) { twi1_stop(); return 0; }
    143e:	0e 94 d3 09 	call	0x13a6	; 0x13a6 <twi1_start>
    1442:	c8 2f       	mov	r28, r24
    1444:	81 11       	cpse	r24, r1
    1446:	03 c0       	rjmp	.+6      	; 0x144e <twi1_write_register+0x1e>
    1448:	0e 94 e7 09 	call	0x13ce	; 0x13ce <twi1_stop>
    144c:	1f c0       	rjmp	.+62     	; 0x148c <twi1_write_register+0x5c>
    if (twi1_write_byte((uint8_t)(address << 1)) != 0x18U) { twi1_stop(); return 0; }
    144e:	8d 2f       	mov	r24, r29
    1450:	88 0f       	add	r24, r24
    1452:	0e 94 eb 09 	call	0x13d6	; 0x13d6 <twi1_write_byte>
    1456:	88 31       	cpi	r24, 0x18	; 24
    1458:	21 f0       	breq	.+8      	; 0x1462 <twi1_write_register+0x32>
    145a:	0e 94 e7 09 	call	0x13ce	; 0x13ce <twi1_stop>
    145e:	c0 e0       	ldi	r28, 0x00	; 0
    1460:	15 c0       	rjmp	.+42     	; 0x148c <twi1_write_register+0x5c>
    if (twi1_write_byte(reg) != 0x28U) { twi1_stop(); return 0; }
    1462:	81 2f       	mov	r24, r17
    1464:	0e 94 eb 09 	call	0x13d6	; 0x13d6 <twi1_write_byte>
    1468:	88 32       	cpi	r24, 0x28	; 40
    146a:	21 f0       	breq	.+8      	; 0x1474 <twi1_write_register+0x44>
    146c:	0e 94 e7 09 	call	0x13ce	; 0x13ce <twi1_stop>
    1470:	c0 e0       	ldi	r28, 0x00	; 0
    1472:	0c c0       	rjmp	.+24     	; 0x148c <twi1_write_register+0x5c>
    if (twi1_write_byte(value) != 0x28U) { twi1_stop(); return 0; }
    1474:	80 2f       	mov	r24, r16
    1476:	0e 94 eb 09 	call	0x13d6	; 0x13d6 <twi1_write_byte>
    147a:	88 32       	cpi	r24, 0x28	; 40
    147c:	21 f0       	breq	.+8      	; 0x1486 <twi1_write_register+0x56>
    147e:	0e 94 e7 09 	call	0x13ce	; 0x13ce <twi1_stop>
    1482:	c0 e0       	ldi	r28, 0x00	; 0
    1484:	03 c0       	rjmp	.+6      	; 0x148c <twi1_write_register+0x5c>
    twi1_stop();
    1486:	0e 94 e7 09 	call	0x13ce	; 0x13ce <twi1_stop>
    return 1;
    148a:	c1 e0       	ldi	r28, 0x01	; 1
}
    148c:	8c 2f       	mov	r24, r28
    148e:	df 91       	pop	r29
    1490:	cf 91       	pop	r28
    1492:	1f 91       	pop	r17
    1494:	0f 91       	pop	r16
    1496:	08 95       	ret

00001498 <twi1_read_register>:

uint8_t twi1_read_register(uint8_t address, uint8_t reg, uint8_t *value)
{
    1498:	ef 92       	push	r14
    149a:	ff 92       	push	r15
    149c:	1f 93       	push	r17
    149e:	cf 93       	push	r28
    14a0:	df 93       	push	r29
    14a2:	d8 2f       	mov	r29, r24
    14a4:	16 2f       	mov	r17, r22
    14a6:	7a 01       	movw	r14, r20
    if (!twi1_start()) { twi1_stop(); return 0; }
    14a8:	0e 94 d3 09 	call	0x13a6	; 0x13a6 <twi1_start>
    14ac:	c8 2f       	mov	r28, r24
    14ae:	81 11       	cpse	r24, r1
    14b0:	03 c0       	rjmp	.+6      	; 0x14b8 <twi1_read_register+0x20>
    14b2:	0e 94 e7 09 	call	0x13ce	; 0x13ce <twi1_stop>
    14b6:	2c c0       	rjmp	.+88     	; 0x1510 <twi1_read_register+0x78>
    if (twi1_write_byte((uint8_t)(address << 1)) != 0x18U) { twi1_stop(); return 0; }
    14b8:	dd 0f       	add	r29, r29
    14ba:	8d 2f       	mov	r24, r29
    14bc:	0e 94 eb 09 	call	0x13d6	; 0x13d6 <twi1_write_byte>
    14c0:	88 31       	cpi	r24, 0x18	; 24
    14c2:	21 f0       	breq	.+8      	; 0x14cc <twi1_read_register+0x34>
    14c4:	0e 94 e7 09 	call	0x13ce	; 0x13ce <twi1_stop>
    14c8:	c0 e0       	ldi	r28, 0x00	; 0
    14ca:	22 c0       	rjmp	.+68     	; 0x1510 <twi1_read_register+0x78>
    if (twi1_write_byte(reg) != 0x28U) { twi1_stop(); return 0; }
    14cc:	81 2f       	mov	r24, r17
    14ce:	0e 94 eb 09 	call	0x13d6	; 0x13d6 <twi1_write_byte>
    14d2:	88 32       	cpi	r24, 0x28	; 40
    14d4:	21 f0       	breq	.+8      	; 0x14de <twi1_read_register+0x46>
    14d6:	0e 94 e7 09 	call	0x13ce	; 0x13ce <twi1_stop>
    14da:	c0 e0       	ldi	r28, 0x00	; 0
    14dc:	19 c0       	rjmp	.+50     	; 0x1510 <twi1_read_register+0x78>
    if (!twi1_start()) { twi1_stop(); return 0; }
    14de:	0e 94 d3 09 	call	0x13a6	; 0x13a6 <twi1_start>
    14e2:	c8 2f       	mov	r28, r24
    14e4:	81 11       	cpse	r24, r1
    14e6:	03 c0       	rjmp	.+6      	; 0x14ee <twi1_read_register+0x56>
    14e8:	0e 94 e7 09 	call	0x13ce	; 0x13ce <twi1_stop>
    14ec:	11 c0       	rjmp	.+34     	; 0x1510 <twi1_read_register+0x78>
    if (twi1_write_byte((uint8_t)((address << 1) | 1U)) != 0x40U) { twi1_stop(); return 0; }
    14ee:	8d 2f       	mov	r24, r29
    14f0:	81 60       	ori	r24, 0x01	; 1
    14f2:	0e 94 eb 09 	call	0x13d6	; 0x13d6 <twi1_write_byte>
    14f6:	80 34       	cpi	r24, 0x40	; 64
    14f8:	21 f0       	breq	.+8      	; 0x1502 <twi1_read_register+0x6a>
    14fa:	0e 94 e7 09 	call	0x13ce	; 0x13ce <twi1_stop>
    14fe:	c0 e0       	ldi	r28, 0x00	; 0
    1500:	07 c0       	rjmp	.+14     	; 0x1510 <twi1_read_register+0x78>
    *value = twi1_read_nack();
    1502:	0e 94 02 0a 	call	0x1404	; 0x1404 <twi1_read_nack>
    1506:	f7 01       	movw	r30, r14
    1508:	80 83       	st	Z, r24
    twi1_stop();
    150a:	0e 94 e7 09 	call	0x13ce	; 0x13ce <twi1_stop>
    return 1;
    150e:	c1 e0       	ldi	r28, 0x01	; 1
}
    1510:	8c 2f       	mov	r24, r28
    1512:	df 91       	pop	r29
    1514:	cf 91       	pop	r28
    1516:	1f 91       	pop	r17
    1518:	ff 90       	pop	r15
    151a:	ef 90       	pop	r14
    151c:	08 95       	ret

0000151e <twi1_read_block>:

uint8_t twi1_read_block(uint8_t address, uint8_t reg, uint8_t *buffer, uint8_t length)
{
    151e:	ef 92       	push	r14
    1520:	ff 92       	push	r15
    1522:	0f 93       	push	r16
    1524:	1f 93       	push	r17
    1526:	cf 93       	push	r28
    1528:	df 93       	push	r29
    if (length == 0U) return 0;
    152a:	22 23       	and	r18, r18
    152c:	09 f4       	brne	.+2      	; 0x1530 <twi1_read_block+0x12>
    152e:	48 c0       	rjmp	.+144    	; 0x15c0 <twi1_read_block+0xa2>
    1530:	c2 2f       	mov	r28, r18
    1532:	7a 01       	movw	r14, r20
    1534:	06 2f       	mov	r16, r22
    1536:	18 2f       	mov	r17, r24

    if (!twi1_start()) { twi1_stop(); return 0; }
    1538:	0e 94 d3 09 	call	0x13a6	; 0x13a6 <twi1_start>
    153c:	d8 2f       	mov	r29, r24
    153e:	81 11       	cpse	r24, r1
    1540:	03 c0       	rjmp	.+6      	; 0x1548 <twi1_read_block+0x2a>
    1542:	0e 94 e7 09 	call	0x13ce	; 0x13ce <twi1_stop>
    1546:	3d c0       	rjmp	.+122    	; 0x15c2 <twi1_read_block+0xa4>
    if (twi1_write_byte((uint8_t)(address << 1)) != 0x18U) { twi1_stop(); return 0; }
    1548:	11 0f       	add	r17, r17
    154a:	81 2f       	mov	r24, r17
    154c:	0e 94 eb 09 	call	0x13d6	; 0x13d6 <twi1_write_byte>
    1550:	88 31       	cpi	r24, 0x18	; 24
    1552:	21 f0       	breq	.+8      	; 0x155c <twi1_read_block+0x3e>
    1554:	0e 94 e7 09 	call	0x13ce	; 0x13ce <twi1_stop>
    1558:	d0 e0       	ldi	r29, 0x00	; 0
    155a:	33 c0       	rjmp	.+102    	; 0x15c2 <twi1_read_block+0xa4>
    if (twi1_write_byte(reg) != 0x28U) { twi1_stop(); return 0; }
    155c:	80 2f       	mov	r24, r16
    155e:	0e 94 eb 09 	call	0x13d6	; 0x13d6 <twi1_write_byte>
    1562:	88 32       	cpi	r24, 0x28	; 40
    1564:	21 f0       	breq	.+8      	; 0x156e <twi1_read_block+0x50>
    1566:	0e 94 e7 09 	call	0x13ce	; 0x13ce <twi1_stop>
    156a:	d0 e0       	ldi	r29, 0x00	; 0
    156c:	2a c0       	rjmp	.+84     	; 0x15c2 <twi1_read_block+0xa4>
    if (!twi1_start()) { twi1_stop(); return 0; }
    156e:	0e 94 d3 09 	call	0x13a6	; 0x13a6 <twi1_start>
    1572:	d8 2f       	mov	r29, r24
    1574:	81 11       	cpse	r24, r1
    1576:	03 c0       	rjmp	.+6      	; 0x157e <twi1_read_block+0x60>
    1578:	0e 94 e7 09 	call	0x13ce	; 0x13ce <twi1_stop>
    157c:	22 c0       	rjmp	.+68     	; 0x15c2 <twi1_read_block+0xa4>
    if (twi1_write_byte((uint8_t)((address << 1) | 1U)) != 0x40U) { twi1_stop(); return 0; }
    157e:	81 2f       	mov	r24, r17
    1580:	81 60       	ori	r24, 0x01	; 1
    1582:	0e 94 eb 09 	call	0x13d6	; 0x13d6 <twi1_write_byte>
    1586:	80 34       	cpi	r24, 0x40	; 64
    1588:	a1 f0       	breq	.+40     	; 0x15b2 <twi1_read_block+0x94>
    158a:	0e 94 e7 09 	call	0x13ce	; 0x13ce <twi1_stop>
    158e:	d0 e0       	ldi	r29, 0x00	; 0
    1590:	18 c0       	rjmp	.+48     	; 0x15c2 <twi1_read_block+0xa4>

    for (uint8_t index = 0; index < length; index++) {
        buffer[index] = (index == (uint8_t)(length - 1U))
    1592:	87 01       	movw	r16, r14
    1594:	0d 0f       	add	r16, r29
    1596:	11 1d       	adc	r17, r1
    1598:	8f ef       	ldi	r24, 0xFF	; 255
    159a:	8c 0f       	add	r24, r28
    159c:	d8 13       	cpse	r29, r24
    159e:	03 c0       	rjmp	.+6      	; 0x15a6 <twi1_read_block+0x88>
    15a0:	0e 94 02 0a 	call	0x1404	; 0x1404 <twi1_read_nack>
    15a4:	02 c0       	rjmp	.+4      	; 0x15aa <twi1_read_block+0x8c>
    15a6:	0e 94 f8 09 	call	0x13f0	; 0x13f0 <twi1_read_ack>
    15aa:	f8 01       	movw	r30, r16
    15ac:	80 83       	st	Z, r24
    if (twi1_write_byte((uint8_t)(address << 1)) != 0x18U) { twi1_stop(); return 0; }
    if (twi1_write_byte(reg) != 0x28U) { twi1_stop(); return 0; }
    if (!twi1_start()) { twi1_stop(); return 0; }
    if (twi1_write_byte((uint8_t)((address << 1) | 1U)) != 0x40U) { twi1_stop(); return 0; }

    for (uint8_t index = 0; index < length; index++) {
    15ae:	df 5f       	subi	r29, 0xFF	; 255
    15b0:	01 c0       	rjmp	.+2      	; 0x15b4 <twi1_read_block+0x96>
    15b2:	d0 e0       	ldi	r29, 0x00	; 0
    15b4:	dc 17       	cp	r29, r28
    15b6:	68 f3       	brcs	.-38     	; 0x1592 <twi1_read_block+0x74>
        buffer[index] = (index == (uint8_t)(length - 1U))
                      ? twi1_read_nack()
                      : twi1_read_ack();
    }

    twi1_stop();
    15b8:	0e 94 e7 09 	call	0x13ce	; 0x13ce <twi1_stop>
    return 1;
    15bc:	d1 e0       	ldi	r29, 0x01	; 1
    15be:	01 c0       	rjmp	.+2      	; 0x15c2 <twi1_read_block+0xa4>
    return 1;
}

uint8_t twi1_read_block(uint8_t address, uint8_t reg, uint8_t *buffer, uint8_t length)
{
    if (length == 0U) return 0;
    15c0:	d0 e0       	ldi	r29, 0x00	; 0
                      : twi1_read_ack();
    }

    twi1_stop();
    return 1;
}
    15c2:	8d 2f       	mov	r24, r29
    15c4:	df 91       	pop	r29
    15c6:	cf 91       	pop	r28
    15c8:	1f 91       	pop	r17
    15ca:	0f 91       	pop	r16
    15cc:	ff 90       	pop	r15
    15ce:	ef 90       	pop	r14
    15d0:	08 95       	ret

000015d2 <__vector_18>:
static volatile uint8_t rx_tail = 0U;
static volatile uint8_t rx_overflow = 0U;
static volatile char rx_buffer[UART0_RX_BUFFER_SIZE];

ISR(USART0_RX_vect)
{
    15d2:	1f 92       	push	r1
    15d4:	0f 92       	push	r0
    15d6:	0f b6       	in	r0, 0x3f	; 63
    15d8:	0f 92       	push	r0
    15da:	11 24       	eor	r1, r1
    15dc:	2f 93       	push	r18
    15de:	8f 93       	push	r24
    15e0:	9f 93       	push	r25
    15e2:	ef 93       	push	r30
    15e4:	ff 93       	push	r31
    char value = (char)UDR0;
    15e6:	20 91 c6 00 	lds	r18, 0x00C6	; 0x8000c6 <__TEXT_REGION_LENGTH__+0x7f80c6>
    uint8_t next = (uint8_t)((rx_head + 1U) & UART0_RX_BUFFER_MASK);
    15ea:	80 91 f6 05 	lds	r24, 0x05F6	; 0x8005f6 <rx_head>
    15ee:	8f 5f       	subi	r24, 0xFF	; 255
    15f0:	8f 77       	andi	r24, 0x7F	; 127

    if (next == rx_tail) {
    15f2:	90 91 f5 05 	lds	r25, 0x05F5	; 0x8005f5 <rx_tail>
    15f6:	89 13       	cpse	r24, r25
    15f8:	04 c0       	rjmp	.+8      	; 0x1602 <__vector_18+0x30>
        rx_overflow = 1U;
    15fa:	81 e0       	ldi	r24, 0x01	; 1
    15fc:	80 93 f4 05 	sts	0x05F4, r24	; 0x8005f4 <rx_overflow>
        return;
    1600:	08 c0       	rjmp	.+16     	; 0x1612 <__vector_18+0x40>
    }

    rx_buffer[rx_head] = value;
    1602:	e0 91 f6 05 	lds	r30, 0x05F6	; 0x8005f6 <rx_head>
    1606:	f0 e0       	ldi	r31, 0x00	; 0
    1608:	ec 58       	subi	r30, 0x8C	; 140
    160a:	fa 4f       	sbci	r31, 0xFA	; 250
    160c:	20 83       	st	Z, r18
    rx_head = next;
    160e:	80 93 f6 05 	sts	0x05F6, r24	; 0x8005f6 <rx_head>
}
    1612:	ff 91       	pop	r31
    1614:	ef 91       	pop	r30
    1616:	9f 91       	pop	r25
    1618:	8f 91       	pop	r24
    161a:	2f 91       	pop	r18
    161c:	0f 90       	pop	r0
    161e:	0f be       	out	0x3f, r0	; 63
    1620:	0f 90       	pop	r0
    1622:	1f 90       	pop	r1
    1624:	18 95       	reti

00001626 <uart0_init>:

void uart0_init(void)
{
    UBRR0H = (uint8_t)(UBRR_VALUE >> 8);
    1626:	10 92 c5 00 	sts	0x00C5, r1	; 0x8000c5 <__TEXT_REGION_LENGTH__+0x7f80c5>
    UBRR0L = (uint8_t)(UBRR_VALUE & 0xFFU);
    162a:	8c e0       	ldi	r24, 0x0C	; 12
    162c:	80 93 c4 00 	sts	0x00C4, r24	; 0x8000c4 <__TEXT_REGION_LENGTH__+0x7f80c4>
    UCSR0A = 0x00;
    1630:	10 92 c0 00 	sts	0x00C0, r1	; 0x8000c0 <__TEXT_REGION_LENGTH__+0x7f80c0>
    UCSR0B = (1 << RXCIE0) | (1 << RXEN0) | (1 << TXEN0);
    1634:	88 e9       	ldi	r24, 0x98	; 152
    1636:	80 93 c1 00 	sts	0x00C1, r24	; 0x8000c1 <__TEXT_REGION_LENGTH__+0x7f80c1>
    UCSR0C = (1 << UCSZ01) | (1 << UCSZ00); /* 8N1 */
    163a:	86 e0       	ldi	r24, 0x06	; 6
    163c:	80 93 c2 00 	sts	0x00C2, r24	; 0x8000c2 <__TEXT_REGION_LENGTH__+0x7f80c2>
    1640:	08 95       	ret

00001642 <uart0_putc>:
}

void uart0_putc(char c)
{
    while (!(UCSR0A & (1 << UDRE0))) {}
    1642:	90 91 c0 00 	lds	r25, 0x00C0	; 0x8000c0 <__TEXT_REGION_LENGTH__+0x7f80c0>
    1646:	95 ff       	sbrs	r25, 5
    1648:	fc cf       	rjmp	.-8      	; 0x1642 <uart0_putc>
    UDR0 = c;
    164a:	80 93 c6 00 	sts	0x00C6, r24	; 0x8000c6 <__TEXT_REGION_LENGTH__+0x7f80c6>
    164e:	08 95       	ret

00001650 <uart0_print>:
}

void uart0_print(const char *s)
{
    1650:	cf 93       	push	r28
    1652:	df 93       	push	r29
    1654:	ec 01       	movw	r28, r24
    while (*s != '\0') uart0_putc(*s++);
    1656:	03 c0       	rjmp	.+6      	; 0x165e <uart0_print+0xe>
    1658:	21 96       	adiw	r28, 0x01	; 1
    165a:	0e 94 21 0b 	call	0x1642	; 0x1642 <uart0_putc>
    165e:	88 81       	ld	r24, Y
    1660:	81 11       	cpse	r24, r1
    1662:	fa cf       	rjmp	.-12     	; 0x1658 <uart0_print+0x8>
}
    1664:	df 91       	pop	r29
    1666:	cf 91       	pop	r28
    1668:	08 95       	ret

0000166a <uart0_print_hex8>:

void uart0_print_hex8(uint8_t value)
{
    166a:	cf 93       	push	r28
    166c:	c8 2f       	mov	r28, r24
    static const char hex[] = "0123456789ABCDEF";
    uart0_putc(hex[(value >> 4) & 0x0FU]);
    166e:	e8 2f       	mov	r30, r24
    1670:	e2 95       	swap	r30
    1672:	ef 70       	andi	r30, 0x0F	; 15
    1674:	f0 e0       	ldi	r31, 0x00	; 0
    1676:	ea 53       	subi	r30, 0x3A	; 58
    1678:	fb 4f       	sbci	r31, 0xFB	; 251
    167a:	80 81       	ld	r24, Z
    167c:	0e 94 21 0b 	call	0x1642	; 0x1642 <uart0_putc>
    uart0_putc(hex[value & 0x0FU]);
    1680:	cf 70       	andi	r28, 0x0F	; 15
    1682:	ec 2f       	mov	r30, r28
    1684:	f0 e0       	ldi	r31, 0x00	; 0
    1686:	ea 53       	subi	r30, 0x3A	; 58
    1688:	fb 4f       	sbci	r31, 0xFB	; 251
    168a:	80 81       	ld	r24, Z
    168c:	0e 94 21 0b 	call	0x1642	; 0x1642 <uart0_putc>
}
    1690:	cf 91       	pop	r28
    1692:	08 95       	ret

00001694 <uart0_print_uint16>:

void uart0_print_uint16(uint16_t value)
{
    1694:	1f 93       	push	r17
    1696:	cf 93       	push	r28
    1698:	df 93       	push	r29
    169a:	00 d0       	rcall	.+0      	; 0x169c <uart0_print_uint16+0x8>
    169c:	00 d0       	rcall	.+0      	; 0x169e <uart0_print_uint16+0xa>
    169e:	1f 92       	push	r1
    16a0:	cd b7       	in	r28, 0x3d	; 61
    16a2:	de b7       	in	r29, 0x3e	; 62
    16a4:	ac 01       	movw	r20, r24
    char buffer[5];
    uint8_t count = 0U;

    if (value == 0U) {
    16a6:	89 2b       	or	r24, r25
    16a8:	91 f5       	brne	.+100    	; 0x170e <uart0_print_uint16+0x7a>
        uart0_putc('0');
    16aa:	80 e3       	ldi	r24, 0x30	; 48
    16ac:	0e 94 21 0b 	call	0x1642	; 0x1642 <uart0_putc>
    16b0:	3f c0       	rjmp	.+126    	; 0x1730 <uart0_print_uint16+0x9c>
        return;
    }

    while (value > 0U) {
        buffer[count++] = (char)('0' + (value % 10U));
    16b2:	9a 01       	movw	r18, r20
    16b4:	ad ec       	ldi	r26, 0xCD	; 205
    16b6:	bc ec       	ldi	r27, 0xCC	; 204
    16b8:	0e 94 ee 0c 	call	0x19dc	; 0x19dc <__umulhisi3>
    16bc:	96 95       	lsr	r25
    16be:	87 95       	ror	r24
    16c0:	96 95       	lsr	r25
    16c2:	87 95       	ror	r24
    16c4:	96 95       	lsr	r25
    16c6:	87 95       	ror	r24
    16c8:	9c 01       	movw	r18, r24
    16ca:	22 0f       	add	r18, r18
    16cc:	33 1f       	adc	r19, r19
    16ce:	88 0f       	add	r24, r24
    16d0:	99 1f       	adc	r25, r25
    16d2:	88 0f       	add	r24, r24
    16d4:	99 1f       	adc	r25, r25
    16d6:	88 0f       	add	r24, r24
    16d8:	99 1f       	adc	r25, r25
    16da:	82 0f       	add	r24, r18
    16dc:	93 1f       	adc	r25, r19
    16de:	9a 01       	movw	r18, r20
    16e0:	28 1b       	sub	r18, r24
    16e2:	39 0b       	sbc	r19, r25
    16e4:	c9 01       	movw	r24, r18
    16e6:	80 5d       	subi	r24, 0xD0	; 208
    16e8:	e1 e0       	ldi	r30, 0x01	; 1
    16ea:	f0 e0       	ldi	r31, 0x00	; 0
    16ec:	ec 0f       	add	r30, r28
    16ee:	fd 1f       	adc	r31, r29
    16f0:	e1 0f       	add	r30, r17
    16f2:	f1 1d       	adc	r31, r1
    16f4:	80 83       	st	Z, r24
        value /= 10U;
    16f6:	9a 01       	movw	r18, r20
    16f8:	0e 94 ee 0c 	call	0x19dc	; 0x19dc <__umulhisi3>
    16fc:	ac 01       	movw	r20, r24
    16fe:	56 95       	lsr	r21
    1700:	47 95       	ror	r20
    1702:	56 95       	lsr	r21
    1704:	47 95       	ror	r20
    1706:	56 95       	lsr	r21
    1708:	47 95       	ror	r20
        uart0_putc('0');
        return;
    }

    while (value > 0U) {
        buffer[count++] = (char)('0' + (value % 10U));
    170a:	1f 5f       	subi	r17, 0xFF	; 255
    170c:	01 c0       	rjmp	.+2      	; 0x1710 <uart0_print_uint16+0x7c>
    170e:	10 e0       	ldi	r17, 0x00	; 0
    if (value == 0U) {
        uart0_putc('0');
        return;
    }

    while (value > 0U) {
    1710:	41 15       	cp	r20, r1
    1712:	51 05       	cpc	r21, r1
    1714:	71 f6       	brne	.-100    	; 0x16b2 <uart0_print_uint16+0x1e>
    1716:	0a c0       	rjmp	.+20     	; 0x172c <uart0_print_uint16+0x98>
        buffer[count++] = (char)('0' + (value % 10U));
        value /= 10U;
    }

    while (count > 0U) uart0_putc(buffer[--count]);
    1718:	11 50       	subi	r17, 0x01	; 1
    171a:	e1 e0       	ldi	r30, 0x01	; 1
    171c:	f0 e0       	ldi	r31, 0x00	; 0
    171e:	ec 0f       	add	r30, r28
    1720:	fd 1f       	adc	r31, r29
    1722:	e1 0f       	add	r30, r17
    1724:	f1 1d       	adc	r31, r1
    1726:	80 81       	ld	r24, Z
    1728:	0e 94 21 0b 	call	0x1642	; 0x1642 <uart0_putc>
    172c:	11 11       	cpse	r17, r1
    172e:	f4 cf       	rjmp	.-24     	; 0x1718 <uart0_print_uint16+0x84>
}
    1730:	0f 90       	pop	r0
    1732:	0f 90       	pop	r0
    1734:	0f 90       	pop	r0
    1736:	0f 90       	pop	r0
    1738:	0f 90       	pop	r0
    173a:	df 91       	pop	r29
    173c:	cf 91       	pop	r28
    173e:	1f 91       	pop	r17
    1740:	08 95       	ret

00001742 <uart0_print_uint32>:

void uart0_print_uint32(uint32_t value)
{
    1742:	1f 93       	push	r17
    1744:	cf 93       	push	r28
    1746:	df 93       	push	r29
    1748:	cd b7       	in	r28, 0x3d	; 61
    174a:	de b7       	in	r29, 0x3e	; 62
    174c:	2a 97       	sbiw	r28, 0x0a	; 10
    174e:	0f b6       	in	r0, 0x3f	; 63
    1750:	f8 94       	cli
    1752:	de bf       	out	0x3e, r29	; 62
    1754:	0f be       	out	0x3f, r0	; 63
    1756:	cd bf       	out	0x3d, r28	; 61
    char buffer[10];
    uint8_t count = 0U;

    if (value == 0UL) {
    1758:	61 15       	cp	r22, r1
    175a:	71 05       	cpc	r23, r1
    175c:	81 05       	cpc	r24, r1
    175e:	91 05       	cpc	r25, r1
    1760:	c1 f4       	brne	.+48     	; 0x1792 <uart0_print_uint32+0x50>
        uart0_putc('0');
    1762:	80 e3       	ldi	r24, 0x30	; 48
    1764:	0e 94 21 0b 	call	0x1642	; 0x1642 <uart0_putc>
    1768:	27 c0       	rjmp	.+78     	; 0x17b8 <uart0_print_uint32+0x76>
        return;
    }

    while (value > 0UL) {
        buffer[count++] = (char)('0' + (value % 10UL));
    176a:	2a e0       	ldi	r18, 0x0A	; 10
    176c:	30 e0       	ldi	r19, 0x00	; 0
    176e:	40 e0       	ldi	r20, 0x00	; 0
    1770:	50 e0       	ldi	r21, 0x00	; 0
    1772:	0e 94 ad 0c 	call	0x195a	; 0x195a <__udivmodsi4>
    1776:	60 5d       	subi	r22, 0xD0	; 208
    1778:	e1 e0       	ldi	r30, 0x01	; 1
    177a:	f0 e0       	ldi	r31, 0x00	; 0
    177c:	ec 0f       	add	r30, r28
    177e:	fd 1f       	adc	r31, r29
    1780:	e1 0f       	add	r30, r17
    1782:	f1 1d       	adc	r31, r1
    1784:	60 83       	st	Z, r22
        value /= 10UL;
    1786:	62 2f       	mov	r22, r18
    1788:	73 2f       	mov	r23, r19
    178a:	84 2f       	mov	r24, r20
    178c:	95 2f       	mov	r25, r21
        uart0_putc('0');
        return;
    }

    while (value > 0UL) {
        buffer[count++] = (char)('0' + (value % 10UL));
    178e:	1f 5f       	subi	r17, 0xFF	; 255
    1790:	01 c0       	rjmp	.+2      	; 0x1794 <uart0_print_uint32+0x52>
    1792:	10 e0       	ldi	r17, 0x00	; 0
    if (value == 0UL) {
        uart0_putc('0');
        return;
    }

    while (value > 0UL) {
    1794:	61 15       	cp	r22, r1
    1796:	71 05       	cpc	r23, r1
    1798:	81 05       	cpc	r24, r1
    179a:	91 05       	cpc	r25, r1
    179c:	31 f7       	brne	.-52     	; 0x176a <uart0_print_uint32+0x28>
    179e:	0a c0       	rjmp	.+20     	; 0x17b4 <uart0_print_uint32+0x72>
        buffer[count++] = (char)('0' + (value % 10UL));
        value /= 10UL;
    }

    while (count > 0U) uart0_putc(buffer[--count]);
    17a0:	11 50       	subi	r17, 0x01	; 1
    17a2:	e1 e0       	ldi	r30, 0x01	; 1
    17a4:	f0 e0       	ldi	r31, 0x00	; 0
    17a6:	ec 0f       	add	r30, r28
    17a8:	fd 1f       	adc	r31, r29
    17aa:	e1 0f       	add	r30, r17
    17ac:	f1 1d       	adc	r31, r1
    17ae:	80 81       	ld	r24, Z
    17b0:	0e 94 21 0b 	call	0x1642	; 0x1642 <uart0_putc>
    17b4:	11 11       	cpse	r17, r1
    17b6:	f4 cf       	rjmp	.-24     	; 0x17a0 <uart0_print_uint32+0x5e>
}
    17b8:	2a 96       	adiw	r28, 0x0a	; 10
    17ba:	0f b6       	in	r0, 0x3f	; 63
    17bc:	f8 94       	cli
    17be:	de bf       	out	0x3e, r29	; 62
    17c0:	0f be       	out	0x3f, r0	; 63
    17c2:	cd bf       	out	0x3d, r28	; 61
    17c4:	df 91       	pop	r29
    17c6:	cf 91       	pop	r28
    17c8:	1f 91       	pop	r17
    17ca:	08 95       	ret

000017cc <uart0_print_int32>:

void uart0_print_int32(int32_t value)
{
    17cc:	cf 92       	push	r12
    17ce:	df 92       	push	r13
    17d0:	ef 92       	push	r14
    17d2:	ff 92       	push	r15
    17d4:	6b 01       	movw	r12, r22
    17d6:	7c 01       	movw	r14, r24
    if (value < 0L) {
    17d8:	99 23       	and	r25, r25
    17da:	5c f4       	brge	.+22     	; 0x17f2 <uart0_print_int32+0x26>
        uart0_putc('-');
    17dc:	8d e2       	ldi	r24, 0x2D	; 45
    17de:	0e 94 21 0b 	call	0x1642	; 0x1642 <uart0_putc>
        value = -value;
    17e2:	f0 94       	com	r15
    17e4:	e0 94       	com	r14
    17e6:	d0 94       	com	r13
    17e8:	c0 94       	com	r12
    17ea:	c1 1c       	adc	r12, r1
    17ec:	d1 1c       	adc	r13, r1
    17ee:	e1 1c       	adc	r14, r1
    17f0:	f1 1c       	adc	r15, r1
    }
    uart0_print_uint32((uint32_t)value);
    17f2:	c7 01       	movw	r24, r14
    17f4:	b6 01       	movw	r22, r12
    17f6:	0e 94 a1 0b 	call	0x1742	; 0x1742 <uart0_print_uint32>
}
    17fa:	ff 90       	pop	r15
    17fc:	ef 90       	pop	r14
    17fe:	df 90       	pop	r13
    1800:	cf 90       	pop	r12
    1802:	08 95       	ret

00001804 <uart0_print_fixed_2>:

void uart0_print_fixed_2(int32_t value_x100)
{
    1804:	cf 92       	push	r12
    1806:	df 92       	push	r13
    1808:	ef 92       	push	r14
    180a:	ff 92       	push	r15
    180c:	cf 93       	push	r28
    180e:	df 93       	push	r29
    1810:	6b 01       	movw	r12, r22
    1812:	7c 01       	movw	r14, r24
    if (value_x100 < 0L) {
    1814:	99 23       	and	r25, r25
    1816:	5c f4       	brge	.+22     	; 0x182e <uart0_print_fixed_2+0x2a>
        uart0_putc('-');
    1818:	8d e2       	ldi	r24, 0x2D	; 45
    181a:	0e 94 21 0b 	call	0x1642	; 0x1642 <uart0_putc>
        value_x100 = -value_x100;
    181e:	f0 94       	com	r15
    1820:	e0 94       	com	r14
    1822:	d0 94       	com	r13
    1824:	c0 94       	com	r12
    1826:	c1 1c       	adc	r12, r1
    1828:	d1 1c       	adc	r13, r1
    182a:	e1 1c       	adc	r14, r1
    182c:	f1 1c       	adc	r15, r1
    }

    uart0_print_uint32((uint32_t)(value_x100 / 100L));
    182e:	c7 01       	movw	r24, r14
    1830:	b6 01       	movw	r22, r12
    1832:	24 e6       	ldi	r18, 0x64	; 100
    1834:	30 e0       	ldi	r19, 0x00	; 0
    1836:	40 e0       	ldi	r20, 0x00	; 0
    1838:	50 e0       	ldi	r21, 0x00	; 0
    183a:	0e 94 cf 0c 	call	0x199e	; 0x199e <__divmodsi4>
    183e:	d6 2f       	mov	r29, r22
    1840:	ca 01       	movw	r24, r20
    1842:	b9 01       	movw	r22, r18
    1844:	0e 94 a1 0b 	call	0x1742	; 0x1742 <uart0_print_uint32>
    uart0_putc('.');
    1848:	8e e2       	ldi	r24, 0x2E	; 46
    184a:	0e 94 21 0b 	call	0x1642	; 0x1642 <uart0_putc>

    uint8_t fraction = (uint8_t)(value_x100 % 100L);
    uart0_putc((char)('0' + (fraction / 10U)));
    184e:	cd ec       	ldi	r28, 0xCD	; 205
    1850:	dc 9f       	mul	r29, r28
    1852:	c1 2d       	mov	r28, r1
    1854:	11 24       	eor	r1, r1
    1856:	c6 95       	lsr	r28
    1858:	c6 95       	lsr	r28
    185a:	c6 95       	lsr	r28
    185c:	80 e3       	ldi	r24, 0x30	; 48
    185e:	8c 0f       	add	r24, r28
    1860:	0e 94 21 0b 	call	0x1642	; 0x1642 <uart0_putc>
    uart0_putc((char)('0' + (fraction % 10U)));
    1864:	cc 0f       	add	r28, r28
    1866:	8c 2f       	mov	r24, r28
    1868:	88 0f       	add	r24, r24
    186a:	88 0f       	add	r24, r24
    186c:	c8 0f       	add	r28, r24
    186e:	8d 2f       	mov	r24, r29
    1870:	8c 1b       	sub	r24, r28
    1872:	80 5d       	subi	r24, 0xD0	; 208
    1874:	0e 94 21 0b 	call	0x1642	; 0x1642 <uart0_putc>
}
    1878:	df 91       	pop	r29
    187a:	cf 91       	pop	r28
    187c:	ff 90       	pop	r15
    187e:	ef 90       	pop	r14
    1880:	df 90       	pop	r13
    1882:	cf 90       	pop	r12
    1884:	08 95       	ret

00001886 <uart0_readline>:

uint8_t uart0_readline(char *destination, uint8_t destination_size)
{
    1886:	dc 01       	movw	r26, r24
    static char line[UART0_COMMAND_MAX_LENGTH];
    static uint8_t length = 0U;

    while (rx_tail != rx_head) {
    1888:	5a c0       	rjmp	.+180    	; 0x193e <uart0_readline+0xb8>
        char value = rx_buffer[rx_tail];
    188a:	e0 91 f5 05 	lds	r30, 0x05F5	; 0x8005f5 <rx_tail>
    188e:	f0 e0       	ldi	r31, 0x00	; 0
    1890:	ec 58       	subi	r30, 0x8C	; 140
    1892:	fa 4f       	sbci	r31, 0xFA	; 250
    1894:	80 81       	ld	r24, Z
        rx_tail = (uint8_t)((rx_tail + 1U) & UART0_RX_BUFFER_MASK);
    1896:	90 91 f5 05 	lds	r25, 0x05F5	; 0x8005f5 <rx_tail>
    189a:	9f 5f       	subi	r25, 0xFF	; 255
    189c:	9f 77       	andi	r25, 0x7F	; 127
    189e:	90 93 f5 05 	sts	0x05F5, r25	; 0x8005f5 <rx_tail>

        if (value == '\r' || value == '\n') {
    18a2:	8d 30       	cpi	r24, 0x0D	; 13
    18a4:	11 f0       	breq	.+4      	; 0x18aa <uart0_readline+0x24>
    18a6:	8a 30       	cpi	r24, 0x0A	; 10
    18a8:	39 f5       	brne	.+78     	; 0x18f8 <uart0_readline+0x72>
            if (length == 0U) continue;
    18aa:	e0 91 73 05 	lds	r30, 0x0573	; 0x800573 <length.1688>
    18ae:	ee 23       	and	r30, r30
    18b0:	09 f4       	brne	.+2      	; 0x18b4 <uart0_readline+0x2e>
    18b2:	45 c0       	rjmp	.+138    	; 0x193e <uart0_readline+0xb8>

            line[length] = '\0';
    18b4:	f0 e0       	ldi	r31, 0x00	; 0
    18b6:	ed 5e       	subi	r30, 0xED	; 237
    18b8:	fa 4f       	sbci	r31, 0xFA	; 250
    18ba:	10 82       	st	Z, r1
            uint8_t index = 0U;
    18bc:	90 e0       	ldi	r25, 0x00	; 0
            while (index + 1U < destination_size && line[index] != '\0') {
    18be:	05 c0       	rjmp	.+10     	; 0x18ca <uart0_readline+0x44>
                destination[index] = line[index];
    18c0:	fd 01       	movw	r30, r26
    18c2:	e2 0f       	add	r30, r18
    18c4:	f3 1f       	adc	r31, r19
    18c6:	40 83       	st	Z, r20
                index++;
    18c8:	9f 5f       	subi	r25, 0xFF	; 255
        if (value == '\r' || value == '\n') {
            if (length == 0U) continue;

            line[length] = '\0';
            uint8_t index = 0U;
            while (index + 1U < destination_size && line[index] != '\0') {
    18ca:	29 2f       	mov	r18, r25
    18cc:	30 e0       	ldi	r19, 0x00	; 0
    18ce:	f9 01       	movw	r30, r18
    18d0:	31 96       	adiw	r30, 0x01	; 1
    18d2:	46 2f       	mov	r20, r22
    18d4:	50 e0       	ldi	r21, 0x00	; 0
    18d6:	e4 17       	cp	r30, r20
    18d8:	f5 07       	cpc	r31, r21
    18da:	30 f4       	brcc	.+12     	; 0x18e8 <uart0_readline+0x62>
    18dc:	f9 01       	movw	r30, r18
    18de:	ed 5e       	subi	r30, 0xED	; 237
    18e0:	fa 4f       	sbci	r31, 0xFA	; 250
    18e2:	40 81       	ld	r20, Z
    18e4:	41 11       	cpse	r20, r1
    18e6:	ec cf       	rjmp	.-40     	; 0x18c0 <uart0_readline+0x3a>
                destination[index] = line[index];
                index++;
            }
            destination[index] = '\0';
    18e8:	fd 01       	movw	r30, r26
    18ea:	e2 0f       	add	r30, r18
    18ec:	f3 1f       	adc	r31, r19
    18ee:	10 82       	st	Z, r1
            length = 0U;
    18f0:	10 92 73 05 	sts	0x0573, r1	; 0x800573 <length.1688>
            return 1U;
    18f4:	81 e0       	ldi	r24, 0x01	; 1
    18f6:	08 95       	ret
        }

        if (value == '\b' || value == 0x7F) {
    18f8:	88 30       	cpi	r24, 0x08	; 8
    18fa:	11 f0       	breq	.+4      	; 0x1900 <uart0_readline+0x7a>
    18fc:	8f 37       	cpi	r24, 0x7F	; 127
    18fe:	41 f4       	brne	.+16     	; 0x1910 <uart0_readline+0x8a>
            if (length > 0U) length--;
    1900:	80 91 73 05 	lds	r24, 0x0573	; 0x800573 <length.1688>
    1904:	88 23       	and	r24, r24
    1906:	d9 f0       	breq	.+54     	; 0x193e <uart0_readline+0xb8>
    1908:	81 50       	subi	r24, 0x01	; 1
    190a:	80 93 73 05 	sts	0x0573, r24	; 0x800573 <length.1688>
            continue;
    190e:	17 c0       	rjmp	.+46     	; 0x193e <uart0_readline+0xb8>
        }

        if (length + 1U < sizeof(line)) {
    1910:	e0 91 73 05 	lds	r30, 0x0573	; 0x800573 <length.1688>
    1914:	2e 2f       	mov	r18, r30
    1916:	30 e0       	ldi	r19, 0x00	; 0
    1918:	2f 5f       	subi	r18, 0xFF	; 255
    191a:	3f 4f       	sbci	r19, 0xFF	; 255
    191c:	20 36       	cpi	r18, 0x60	; 96
    191e:	31 05       	cpc	r19, r1
    1920:	48 f4       	brcc	.+18     	; 0x1934 <uart0_readline+0xae>
            line[length++] = value;
    1922:	91 e0       	ldi	r25, 0x01	; 1
    1924:	9e 0f       	add	r25, r30
    1926:	90 93 73 05 	sts	0x0573, r25	; 0x800573 <length.1688>
    192a:	f0 e0       	ldi	r31, 0x00	; 0
    192c:	ed 5e       	subi	r30, 0xED	; 237
    192e:	fa 4f       	sbci	r31, 0xFA	; 250
    1930:	80 83       	st	Z, r24
    1932:	05 c0       	rjmp	.+10     	; 0x193e <uart0_readline+0xb8>
        } else {
            length = 0U;
    1934:	10 92 73 05 	sts	0x0573, r1	; 0x800573 <length.1688>
            rx_overflow = 1U;
    1938:	81 e0       	ldi	r24, 0x01	; 1
    193a:	80 93 f4 05 	sts	0x05F4, r24	; 0x8005f4 <rx_overflow>
uint8_t uart0_readline(char *destination, uint8_t destination_size)
{
    static char line[UART0_COMMAND_MAX_LENGTH];
    static uint8_t length = 0U;

    while (rx_tail != rx_head) {
    193e:	90 91 f5 05 	lds	r25, 0x05F5	; 0x8005f5 <rx_tail>
    1942:	80 91 f6 05 	lds	r24, 0x05F6	; 0x8005f6 <rx_head>
    1946:	98 13       	cpse	r25, r24
    1948:	a0 cf       	rjmp	.-192    	; 0x188a <uart0_readline+0x4>
            length = 0U;
            rx_overflow = 1U;
        }
    }

    return 0U;
    194a:	80 e0       	ldi	r24, 0x00	; 0
}
    194c:	08 95       	ret

0000194e <uart0_rx_overflowed>:

uint8_t uart0_rx_overflowed(void)
{
    return rx_overflow;
    194e:	80 91 f4 05 	lds	r24, 0x05F4	; 0x8005f4 <rx_overflow>
}
    1952:	08 95       	ret

00001954 <uart0_clear_rx_overflow>:

void uart0_clear_rx_overflow(void)
{
    rx_overflow = 0U;
    1954:	10 92 f4 05 	sts	0x05F4, r1	; 0x8005f4 <rx_overflow>
    1958:	08 95       	ret

0000195a <__udivmodsi4>:
    195a:	a1 e2       	ldi	r26, 0x21	; 33
    195c:	1a 2e       	mov	r1, r26
    195e:	aa 1b       	sub	r26, r26
    1960:	bb 1b       	sub	r27, r27
    1962:	fd 01       	movw	r30, r26
    1964:	0d c0       	rjmp	.+26     	; 0x1980 <__udivmodsi4_ep>

00001966 <__udivmodsi4_loop>:
    1966:	aa 1f       	adc	r26, r26
    1968:	bb 1f       	adc	r27, r27
    196a:	ee 1f       	adc	r30, r30
    196c:	ff 1f       	adc	r31, r31
    196e:	a2 17       	cp	r26, r18
    1970:	b3 07       	cpc	r27, r19
    1972:	e4 07       	cpc	r30, r20
    1974:	f5 07       	cpc	r31, r21
    1976:	20 f0       	brcs	.+8      	; 0x1980 <__udivmodsi4_ep>
    1978:	a2 1b       	sub	r26, r18
    197a:	b3 0b       	sbc	r27, r19
    197c:	e4 0b       	sbc	r30, r20
    197e:	f5 0b       	sbc	r31, r21

00001980 <__udivmodsi4_ep>:
    1980:	66 1f       	adc	r22, r22
    1982:	77 1f       	adc	r23, r23
    1984:	88 1f       	adc	r24, r24
    1986:	99 1f       	adc	r25, r25
    1988:	1a 94       	dec	r1
    198a:	69 f7       	brne	.-38     	; 0x1966 <__udivmodsi4_loop>
    198c:	60 95       	com	r22
    198e:	70 95       	com	r23
    1990:	80 95       	com	r24
    1992:	90 95       	com	r25
    1994:	9b 01       	movw	r18, r22
    1996:	ac 01       	movw	r20, r24
    1998:	bd 01       	movw	r22, r26
    199a:	cf 01       	movw	r24, r30
    199c:	08 95       	ret

0000199e <__divmodsi4>:
    199e:	05 2e       	mov	r0, r21
    19a0:	97 fb       	bst	r25, 7
    19a2:	1e f4       	brtc	.+6      	; 0x19aa <__divmodsi4+0xc>
    19a4:	00 94       	com	r0
    19a6:	0e 94 e6 0c 	call	0x19cc	; 0x19cc <__negsi2>
    19aa:	57 fd       	sbrc	r21, 7
    19ac:	07 d0       	rcall	.+14     	; 0x19bc <__divmodsi4_neg2>
    19ae:	0e 94 ad 0c 	call	0x195a	; 0x195a <__udivmodsi4>
    19b2:	07 fc       	sbrc	r0, 7
    19b4:	03 d0       	rcall	.+6      	; 0x19bc <__divmodsi4_neg2>
    19b6:	4e f4       	brtc	.+18     	; 0x19ca <__divmodsi4_exit>
    19b8:	0c 94 e6 0c 	jmp	0x19cc	; 0x19cc <__negsi2>

000019bc <__divmodsi4_neg2>:
    19bc:	50 95       	com	r21
    19be:	40 95       	com	r20
    19c0:	30 95       	com	r19
    19c2:	21 95       	neg	r18
    19c4:	3f 4f       	sbci	r19, 0xFF	; 255
    19c6:	4f 4f       	sbci	r20, 0xFF	; 255
    19c8:	5f 4f       	sbci	r21, 0xFF	; 255

000019ca <__divmodsi4_exit>:
    19ca:	08 95       	ret

000019cc <__negsi2>:
    19cc:	90 95       	com	r25
    19ce:	80 95       	com	r24
    19d0:	70 95       	com	r23
    19d2:	61 95       	neg	r22
    19d4:	7f 4f       	sbci	r23, 0xFF	; 255
    19d6:	8f 4f       	sbci	r24, 0xFF	; 255
    19d8:	9f 4f       	sbci	r25, 0xFF	; 255
    19da:	08 95       	ret

000019dc <__umulhisi3>:
    19dc:	a2 9f       	mul	r26, r18
    19de:	b0 01       	movw	r22, r0
    19e0:	b3 9f       	mul	r27, r19
    19e2:	c0 01       	movw	r24, r0
    19e4:	a3 9f       	mul	r26, r19
    19e6:	70 0d       	add	r23, r0
    19e8:	81 1d       	adc	r24, r1
    19ea:	11 24       	eor	r1, r1
    19ec:	91 1d       	adc	r25, r1
    19ee:	b2 9f       	mul	r27, r18
    19f0:	70 0d       	add	r23, r0
    19f2:	81 1d       	adc	r24, r1
    19f4:	11 24       	eor	r1, r1
    19f6:	91 1d       	adc	r25, r1
    19f8:	08 95       	ret

000019fa <__muluhisi3>:
    19fa:	0e 94 ee 0c 	call	0x19dc	; 0x19dc <__umulhisi3>
    19fe:	a5 9f       	mul	r26, r21
    1a00:	90 0d       	add	r25, r0
    1a02:	b4 9f       	mul	r27, r20
    1a04:	90 0d       	add	r25, r0
    1a06:	a4 9f       	mul	r26, r20
    1a08:	80 0d       	add	r24, r0
    1a0a:	91 1d       	adc	r25, r1
    1a0c:	11 24       	eor	r1, r1
    1a0e:	08 95       	ret

00001a10 <__muldi3>:
    1a10:	df 93       	push	r29
    1a12:	cf 93       	push	r28
    1a14:	1f 93       	push	r17
    1a16:	0f 93       	push	r16
    1a18:	9a 9d       	mul	r25, r10
    1a1a:	f0 2d       	mov	r31, r0
    1a1c:	21 9f       	mul	r18, r17
    1a1e:	f0 0d       	add	r31, r0
    1a20:	8b 9d       	mul	r24, r11
    1a22:	f0 0d       	add	r31, r0
    1a24:	8a 9d       	mul	r24, r10
    1a26:	e0 2d       	mov	r30, r0
    1a28:	f1 0d       	add	r31, r1
    1a2a:	03 9f       	mul	r16, r19
    1a2c:	f0 0d       	add	r31, r0
    1a2e:	02 9f       	mul	r16, r18
    1a30:	e0 0d       	add	r30, r0
    1a32:	f1 1d       	adc	r31, r1
    1a34:	4e 9d       	mul	r20, r14
    1a36:	e0 0d       	add	r30, r0
    1a38:	f1 1d       	adc	r31, r1
    1a3a:	5e 9d       	mul	r21, r14
    1a3c:	f0 0d       	add	r31, r0
    1a3e:	4f 9d       	mul	r20, r15
    1a40:	f0 0d       	add	r31, r0
    1a42:	7f 93       	push	r23
    1a44:	6f 93       	push	r22
    1a46:	bf 92       	push	r11
    1a48:	af 92       	push	r10
    1a4a:	5f 93       	push	r21
    1a4c:	4f 93       	push	r20
    1a4e:	d5 01       	movw	r26, r10
    1a50:	0e 94 ee 0c 	call	0x19dc	; 0x19dc <__umulhisi3>
    1a54:	8b 01       	movw	r16, r22
    1a56:	ac 01       	movw	r20, r24
    1a58:	d7 01       	movw	r26, r14
    1a5a:	0e 94 ee 0c 	call	0x19dc	; 0x19dc <__umulhisi3>
    1a5e:	eb 01       	movw	r28, r22
    1a60:	e8 0f       	add	r30, r24
    1a62:	f9 1f       	adc	r31, r25
    1a64:	d6 01       	movw	r26, r12
    1a66:	0e 94 58 0d 	call	0x1ab0	; 0x1ab0 <__muldi3_6>
    1a6a:	2f 91       	pop	r18
    1a6c:	3f 91       	pop	r19
    1a6e:	d6 01       	movw	r26, r12
    1a70:	0e 94 ee 0c 	call	0x19dc	; 0x19dc <__umulhisi3>
    1a74:	c6 0f       	add	r28, r22
    1a76:	d7 1f       	adc	r29, r23
    1a78:	e8 1f       	adc	r30, r24
    1a7a:	f9 1f       	adc	r31, r25
    1a7c:	af 91       	pop	r26
    1a7e:	bf 91       	pop	r27
    1a80:	0e 94 58 0d 	call	0x1ab0	; 0x1ab0 <__muldi3_6>
    1a84:	2f 91       	pop	r18
    1a86:	3f 91       	pop	r19
    1a88:	0e 94 ee 0c 	call	0x19dc	; 0x19dc <__umulhisi3>
    1a8c:	c6 0f       	add	r28, r22
    1a8e:	d7 1f       	adc	r29, r23
    1a90:	e8 1f       	adc	r30, r24
    1a92:	f9 1f       	adc	r31, r25
    1a94:	d6 01       	movw	r26, r12
    1a96:	0e 94 ee 0c 	call	0x19dc	; 0x19dc <__umulhisi3>
    1a9a:	e6 0f       	add	r30, r22
    1a9c:	f7 1f       	adc	r31, r23
    1a9e:	98 01       	movw	r18, r16
    1aa0:	be 01       	movw	r22, r28
    1aa2:	cf 01       	movw	r24, r30
    1aa4:	11 24       	eor	r1, r1
    1aa6:	0f 91       	pop	r16
    1aa8:	1f 91       	pop	r17
    1aaa:	cf 91       	pop	r28
    1aac:	df 91       	pop	r29
    1aae:	08 95       	ret

00001ab0 <__muldi3_6>:
    1ab0:	0e 94 ee 0c 	call	0x19dc	; 0x19dc <__umulhisi3>
    1ab4:	46 0f       	add	r20, r22
    1ab6:	57 1f       	adc	r21, r23
    1ab8:	c8 1f       	adc	r28, r24
    1aba:	d9 1f       	adc	r29, r25
    1abc:	08 f4       	brcc	.+2      	; 0x1ac0 <__muldi3_6+0x10>
    1abe:	31 96       	adiw	r30, 0x01	; 1
    1ac0:	08 95       	ret

00001ac2 <__moddi3>:
    1ac2:	68 94       	set
    1ac4:	01 c0       	rjmp	.+2      	; 0x1ac8 <__divdi3_moddi3>

00001ac6 <__divdi3>:
    1ac6:	e8 94       	clt

00001ac8 <__divdi3_moddi3>:
    1ac8:	f9 2f       	mov	r31, r25
    1aca:	f1 2b       	or	r31, r17
    1acc:	12 f0       	brmi	.+4      	; 0x1ad2 <__divdi3_moddi3+0xa>
    1ace:	0c 94 95 0d 	jmp	0x1b2a	; 0x1b2a <__udivdi3_umoddi3>
    1ad2:	a0 e0       	ldi	r26, 0x00	; 0
    1ad4:	b0 e0       	ldi	r27, 0x00	; 0
    1ad6:	ef e6       	ldi	r30, 0x6F	; 111
    1ad8:	fd e0       	ldi	r31, 0x0D	; 13
    1ada:	0c 94 07 0e 	jmp	0x1c0e	; 0x1c0e <__prologue_saves__+0xc>
    1ade:	09 2e       	mov	r0, r25
    1ae0:	05 94       	asr	r0
    1ae2:	22 f4       	brpl	.+8      	; 0x1aec <__divdi3_moddi3+0x24>
    1ae4:	0e 94 f1 0d 	call	0x1be2	; 0x1be2 <__negdi2>
    1ae8:	11 23       	and	r17, r17
    1aea:	92 f4       	brpl	.+36     	; 0x1b10 <__divdi3_moddi3+0x48>
    1aec:	f0 e8       	ldi	r31, 0x80	; 128
    1aee:	0f 26       	eor	r0, r31
    1af0:	ff ef       	ldi	r31, 0xFF	; 255
    1af2:	e0 94       	com	r14
    1af4:	f0 94       	com	r15
    1af6:	00 95       	com	r16
    1af8:	10 95       	com	r17
    1afa:	b0 94       	com	r11
    1afc:	c0 94       	com	r12
    1afe:	d0 94       	com	r13
    1b00:	a1 94       	neg	r10
    1b02:	bf 0a       	sbc	r11, r31
    1b04:	cf 0a       	sbc	r12, r31
    1b06:	df 0a       	sbc	r13, r31
    1b08:	ef 0a       	sbc	r14, r31
    1b0a:	ff 0a       	sbc	r15, r31
    1b0c:	0f 0b       	sbc	r16, r31
    1b0e:	1f 0b       	sbc	r17, r31
    1b10:	0e 94 a0 0d 	call	0x1b40	; 0x1b40 <__udivmod64>
    1b14:	07 fc       	sbrc	r0, 7
    1b16:	0e 94 f1 0d 	call	0x1be2	; 0x1be2 <__negdi2>
    1b1a:	cd b7       	in	r28, 0x3d	; 61
    1b1c:	de b7       	in	r29, 0x3e	; 62
    1b1e:	ec e0       	ldi	r30, 0x0C	; 12
    1b20:	0c 94 23 0e 	jmp	0x1c46	; 0x1c46 <__epilogue_restores__+0xc>

00001b24 <__umoddi3>:
    1b24:	68 94       	set
    1b26:	01 c0       	rjmp	.+2      	; 0x1b2a <__udivdi3_umoddi3>

00001b28 <__udivdi3>:
    1b28:	e8 94       	clt

00001b2a <__udivdi3_umoddi3>:
    1b2a:	8f 92       	push	r8
    1b2c:	9f 92       	push	r9
    1b2e:	cf 93       	push	r28
    1b30:	df 93       	push	r29
    1b32:	0e 94 a0 0d 	call	0x1b40	; 0x1b40 <__udivmod64>
    1b36:	df 91       	pop	r29
    1b38:	cf 91       	pop	r28
    1b3a:	9f 90       	pop	r9
    1b3c:	8f 90       	pop	r8
    1b3e:	08 95       	ret

00001b40 <__udivmod64>:
    1b40:	88 24       	eor	r8, r8
    1b42:	99 24       	eor	r9, r9
    1b44:	f4 01       	movw	r30, r8
    1b46:	e4 01       	movw	r28, r8
    1b48:	b0 e4       	ldi	r27, 0x40	; 64
    1b4a:	9f 93       	push	r25
    1b4c:	aa 27       	eor	r26, r26
    1b4e:	9a 15       	cp	r25, r10
    1b50:	8b 04       	cpc	r8, r11
    1b52:	9c 04       	cpc	r9, r12
    1b54:	ed 05       	cpc	r30, r13
    1b56:	fe 05       	cpc	r31, r14
    1b58:	cf 05       	cpc	r28, r15
    1b5a:	d0 07       	cpc	r29, r16
    1b5c:	a1 07       	cpc	r26, r17
    1b5e:	98 f4       	brcc	.+38     	; 0x1b86 <__udivmod64+0x46>
    1b60:	ad 2f       	mov	r26, r29
    1b62:	dc 2f       	mov	r29, r28
    1b64:	cf 2f       	mov	r28, r31
    1b66:	fe 2f       	mov	r31, r30
    1b68:	e9 2d       	mov	r30, r9
    1b6a:	98 2c       	mov	r9, r8
    1b6c:	89 2e       	mov	r8, r25
    1b6e:	98 2f       	mov	r25, r24
    1b70:	87 2f       	mov	r24, r23
    1b72:	76 2f       	mov	r23, r22
    1b74:	65 2f       	mov	r22, r21
    1b76:	54 2f       	mov	r21, r20
    1b78:	43 2f       	mov	r20, r19
    1b7a:	32 2f       	mov	r19, r18
    1b7c:	22 27       	eor	r18, r18
    1b7e:	b8 50       	subi	r27, 0x08	; 8
    1b80:	31 f7       	brne	.-52     	; 0x1b4e <__udivmod64+0xe>
    1b82:	bf 91       	pop	r27
    1b84:	27 c0       	rjmp	.+78     	; 0x1bd4 <__udivmod64+0x94>
    1b86:	1b 2e       	mov	r1, r27
    1b88:	bf 91       	pop	r27
    1b8a:	bb 27       	eor	r27, r27
    1b8c:	22 0f       	add	r18, r18
    1b8e:	33 1f       	adc	r19, r19
    1b90:	44 1f       	adc	r20, r20
    1b92:	55 1f       	adc	r21, r21
    1b94:	66 1f       	adc	r22, r22
    1b96:	77 1f       	adc	r23, r23
    1b98:	88 1f       	adc	r24, r24
    1b9a:	99 1f       	adc	r25, r25
    1b9c:	88 1c       	adc	r8, r8
    1b9e:	99 1c       	adc	r9, r9
    1ba0:	ee 1f       	adc	r30, r30
    1ba2:	ff 1f       	adc	r31, r31
    1ba4:	cc 1f       	adc	r28, r28
    1ba6:	dd 1f       	adc	r29, r29
    1ba8:	aa 1f       	adc	r26, r26
    1baa:	bb 1f       	adc	r27, r27
    1bac:	8a 14       	cp	r8, r10
    1bae:	9b 04       	cpc	r9, r11
    1bb0:	ec 05       	cpc	r30, r12
    1bb2:	fd 05       	cpc	r31, r13
    1bb4:	ce 05       	cpc	r28, r14
    1bb6:	df 05       	cpc	r29, r15
    1bb8:	a0 07       	cpc	r26, r16
    1bba:	b1 07       	cpc	r27, r17
    1bbc:	48 f0       	brcs	.+18     	; 0x1bd0 <__udivmod64+0x90>
    1bbe:	8a 18       	sub	r8, r10
    1bc0:	9b 08       	sbc	r9, r11
    1bc2:	ec 09       	sbc	r30, r12
    1bc4:	fd 09       	sbc	r31, r13
    1bc6:	ce 09       	sbc	r28, r14
    1bc8:	df 09       	sbc	r29, r15
    1bca:	a0 0b       	sbc	r26, r16
    1bcc:	b1 0b       	sbc	r27, r17
    1bce:	21 60       	ori	r18, 0x01	; 1
    1bd0:	1a 94       	dec	r1
    1bd2:	e1 f6       	brne	.-72     	; 0x1b8c <__udivmod64+0x4c>
    1bd4:	2e f4       	brtc	.+10     	; 0x1be0 <__udivmod64+0xa0>
    1bd6:	94 01       	movw	r18, r8
    1bd8:	af 01       	movw	r20, r30
    1bda:	be 01       	movw	r22, r28
    1bdc:	cd 01       	movw	r24, r26
    1bde:	00 0c       	add	r0, r0
    1be0:	08 95       	ret

00001be2 <__negdi2>:
    1be2:	60 95       	com	r22
    1be4:	70 95       	com	r23
    1be6:	80 95       	com	r24
    1be8:	90 95       	com	r25
    1bea:	30 95       	com	r19
    1bec:	40 95       	com	r20
    1bee:	50 95       	com	r21
    1bf0:	21 95       	neg	r18
    1bf2:	3f 4f       	sbci	r19, 0xFF	; 255
    1bf4:	4f 4f       	sbci	r20, 0xFF	; 255
    1bf6:	5f 4f       	sbci	r21, 0xFF	; 255
    1bf8:	6f 4f       	sbci	r22, 0xFF	; 255
    1bfa:	7f 4f       	sbci	r23, 0xFF	; 255
    1bfc:	8f 4f       	sbci	r24, 0xFF	; 255
    1bfe:	9f 4f       	sbci	r25, 0xFF	; 255
    1c00:	08 95       	ret

00001c02 <__prologue_saves__>:
    1c02:	2f 92       	push	r2
    1c04:	3f 92       	push	r3
    1c06:	4f 92       	push	r4
    1c08:	5f 92       	push	r5
    1c0a:	6f 92       	push	r6
    1c0c:	7f 92       	push	r7
    1c0e:	8f 92       	push	r8
    1c10:	9f 92       	push	r9
    1c12:	af 92       	push	r10
    1c14:	bf 92       	push	r11
    1c16:	cf 92       	push	r12
    1c18:	df 92       	push	r13
    1c1a:	ef 92       	push	r14
    1c1c:	ff 92       	push	r15
    1c1e:	0f 93       	push	r16
    1c20:	1f 93       	push	r17
    1c22:	cf 93       	push	r28
    1c24:	df 93       	push	r29
    1c26:	cd b7       	in	r28, 0x3d	; 61
    1c28:	de b7       	in	r29, 0x3e	; 62
    1c2a:	ca 1b       	sub	r28, r26
    1c2c:	db 0b       	sbc	r29, r27
    1c2e:	0f b6       	in	r0, 0x3f	; 63
    1c30:	f8 94       	cli
    1c32:	de bf       	out	0x3e, r29	; 62
    1c34:	0f be       	out	0x3f, r0	; 63
    1c36:	cd bf       	out	0x3d, r28	; 61
    1c38:	09 94       	ijmp

00001c3a <__epilogue_restores__>:
    1c3a:	2a 88       	ldd	r2, Y+18	; 0x12
    1c3c:	39 88       	ldd	r3, Y+17	; 0x11
    1c3e:	48 88       	ldd	r4, Y+16	; 0x10
    1c40:	5f 84       	ldd	r5, Y+15	; 0x0f
    1c42:	6e 84       	ldd	r6, Y+14	; 0x0e
    1c44:	7d 84       	ldd	r7, Y+13	; 0x0d
    1c46:	8c 84       	ldd	r8, Y+12	; 0x0c
    1c48:	9b 84       	ldd	r9, Y+11	; 0x0b
    1c4a:	aa 84       	ldd	r10, Y+10	; 0x0a
    1c4c:	b9 84       	ldd	r11, Y+9	; 0x09
    1c4e:	c8 84       	ldd	r12, Y+8	; 0x08
    1c50:	df 80       	ldd	r13, Y+7	; 0x07
    1c52:	ee 80       	ldd	r14, Y+6	; 0x06
    1c54:	fd 80       	ldd	r15, Y+5	; 0x05
    1c56:	0c 81       	ldd	r16, Y+4	; 0x04
    1c58:	1b 81       	ldd	r17, Y+3	; 0x03
    1c5a:	aa 81       	ldd	r26, Y+2	; 0x02
    1c5c:	b9 81       	ldd	r27, Y+1	; 0x01
    1c5e:	ce 0f       	add	r28, r30
    1c60:	d1 1d       	adc	r29, r1
    1c62:	0f b6       	in	r0, 0x3f	; 63
    1c64:	f8 94       	cli
    1c66:	de bf       	out	0x3e, r29	; 62
    1c68:	0f be       	out	0x3f, r0	; 63
    1c6a:	cd bf       	out	0x3d, r28	; 61
    1c6c:	ed 01       	movw	r28, r26
    1c6e:	08 95       	ret

00001c70 <__cmpdi2_s8>:
    1c70:	00 24       	eor	r0, r0
    1c72:	a7 fd       	sbrc	r26, 7
    1c74:	00 94       	com	r0
    1c76:	2a 17       	cp	r18, r26
    1c78:	30 05       	cpc	r19, r0
    1c7a:	40 05       	cpc	r20, r0
    1c7c:	50 05       	cpc	r21, r0
    1c7e:	60 05       	cpc	r22, r0
    1c80:	70 05       	cpc	r23, r0
    1c82:	80 05       	cpc	r24, r0
    1c84:	90 05       	cpc	r25, r0
    1c86:	08 95       	ret

00001c88 <strtol>:
    1c88:	a0 e0       	ldi	r26, 0x00	; 0
    1c8a:	b0 e0       	ldi	r27, 0x00	; 0
    1c8c:	ea e4       	ldi	r30, 0x4A	; 74
    1c8e:	fe e0       	ldi	r31, 0x0E	; 14
    1c90:	0c 94 02 0e 	jmp	0x1c04	; 0x1c04 <__prologue_saves__+0x2>
    1c94:	5c 01       	movw	r10, r24
    1c96:	6b 01       	movw	r12, r22
    1c98:	7a 01       	movw	r14, r20
    1c9a:	61 15       	cp	r22, r1
    1c9c:	71 05       	cpc	r23, r1
    1c9e:	19 f0       	breq	.+6      	; 0x1ca6 <strtol+0x1e>
    1ca0:	fb 01       	movw	r30, r22
    1ca2:	91 83       	std	Z+1, r25	; 0x01
    1ca4:	80 83       	st	Z, r24
    1ca6:	e1 14       	cp	r14, r1
    1ca8:	f1 04       	cpc	r15, r1
    1caa:	29 f0       	breq	.+10     	; 0x1cb6 <strtol+0x2e>
    1cac:	c7 01       	movw	r24, r14
    1cae:	02 97       	sbiw	r24, 0x02	; 2
    1cb0:	83 97       	sbiw	r24, 0x23	; 35
    1cb2:	08 f0       	brcs	.+2      	; 0x1cb6 <strtol+0x2e>
    1cb4:	e5 c0       	rjmp	.+458    	; 0x1e80 <strtol+0x1f8>
    1cb6:	e5 01       	movw	r28, r10
    1cb8:	21 96       	adiw	r28, 0x01	; 1
    1cba:	f5 01       	movw	r30, r10
    1cbc:	10 81       	ld	r17, Z
    1cbe:	81 2f       	mov	r24, r17
    1cc0:	90 e0       	ldi	r25, 0x00	; 0
    1cc2:	0e 94 4f 10 	call	0x209e	; 0x209e <isspace>
    1cc6:	89 2b       	or	r24, r25
    1cc8:	11 f0       	breq	.+4      	; 0x1cce <strtol+0x46>
    1cca:	5e 01       	movw	r10, r28
    1ccc:	f4 cf       	rjmp	.-24     	; 0x1cb6 <strtol+0x2e>
    1cce:	1d 32       	cpi	r17, 0x2D	; 45
    1cd0:	29 f4       	brne	.+10     	; 0x1cdc <strtol+0x54>
    1cd2:	21 96       	adiw	r28, 0x01	; 1
    1cd4:	f5 01       	movw	r30, r10
    1cd6:	11 81       	ldd	r17, Z+1	; 0x01
    1cd8:	01 e0       	ldi	r16, 0x01	; 1
    1cda:	07 c0       	rjmp	.+14     	; 0x1cea <strtol+0x62>
    1cdc:	1b 32       	cpi	r17, 0x2B	; 43
    1cde:	21 f4       	brne	.+8      	; 0x1ce8 <strtol+0x60>
    1ce0:	e5 01       	movw	r28, r10
    1ce2:	22 96       	adiw	r28, 0x02	; 2
    1ce4:	f5 01       	movw	r30, r10
    1ce6:	11 81       	ldd	r17, Z+1	; 0x01
    1ce8:	00 e0       	ldi	r16, 0x00	; 0
    1cea:	e1 14       	cp	r14, r1
    1cec:	f1 04       	cpc	r15, r1
    1cee:	09 f1       	breq	.+66     	; 0x1d32 <strtol+0xaa>
    1cf0:	f0 e1       	ldi	r31, 0x10	; 16
    1cf2:	ef 16       	cp	r14, r31
    1cf4:	f1 04       	cpc	r15, r1
    1cf6:	29 f4       	brne	.+10     	; 0x1d02 <strtol+0x7a>
    1cf8:	3f c0       	rjmp	.+126    	; 0x1d78 <strtol+0xf0>
    1cfa:	10 e3       	ldi	r17, 0x30	; 48
    1cfc:	e1 14       	cp	r14, r1
    1cfe:	f1 04       	cpc	r15, r1
    1d00:	21 f1       	breq	.+72     	; 0x1d4a <strtol+0xc2>
    1d02:	28 e0       	ldi	r18, 0x08	; 8
    1d04:	e2 16       	cp	r14, r18
    1d06:	f1 04       	cpc	r15, r1
    1d08:	01 f1       	breq	.+64     	; 0x1d4a <strtol+0xc2>
    1d0a:	54 f4       	brge	.+20     	; 0x1d20 <strtol+0x98>
    1d0c:	e2 e0       	ldi	r30, 0x02	; 2
    1d0e:	ee 16       	cp	r14, r30
    1d10:	f1 04       	cpc	r15, r1
    1d12:	21 f5       	brne	.+72     	; 0x1d5c <strtol+0xd4>
    1d14:	81 2c       	mov	r8, r1
    1d16:	91 2c       	mov	r9, r1
    1d18:	a1 2c       	mov	r10, r1
    1d1a:	b0 e4       	ldi	r27, 0x40	; 64
    1d1c:	bb 2e       	mov	r11, r27
    1d1e:	3e c0       	rjmp	.+124    	; 0x1d9c <strtol+0x114>
    1d20:	fa e0       	ldi	r31, 0x0A	; 10
    1d22:	ef 16       	cp	r14, r31
    1d24:	f1 04       	cpc	r15, r1
    1d26:	39 f0       	breq	.+14     	; 0x1d36 <strtol+0xae>
    1d28:	20 e1       	ldi	r18, 0x10	; 16
    1d2a:	e2 16       	cp	r14, r18
    1d2c:	f1 04       	cpc	r15, r1
    1d2e:	b1 f4       	brne	.+44     	; 0x1d5c <strtol+0xd4>
    1d30:	30 c0       	rjmp	.+96     	; 0x1d92 <strtol+0x10a>
    1d32:	10 33       	cpi	r17, 0x30	; 48
    1d34:	19 f1       	breq	.+70     	; 0x1d7c <strtol+0xf4>
    1d36:	fa e0       	ldi	r31, 0x0A	; 10
    1d38:	ef 2e       	mov	r14, r31
    1d3a:	f1 2c       	mov	r15, r1
    1d3c:	ac ec       	ldi	r26, 0xCC	; 204
    1d3e:	8a 2e       	mov	r8, r26
    1d40:	98 2c       	mov	r9, r8
    1d42:	a8 2c       	mov	r10, r8
    1d44:	ac e0       	ldi	r26, 0x0C	; 12
    1d46:	ba 2e       	mov	r11, r26
    1d48:	29 c0       	rjmp	.+82     	; 0x1d9c <strtol+0x114>
    1d4a:	78 e0       	ldi	r23, 0x08	; 8
    1d4c:	e7 2e       	mov	r14, r23
    1d4e:	f1 2c       	mov	r15, r1
    1d50:	81 2c       	mov	r8, r1
    1d52:	91 2c       	mov	r9, r1
    1d54:	a1 2c       	mov	r10, r1
    1d56:	e0 e1       	ldi	r30, 0x10	; 16
    1d58:	be 2e       	mov	r11, r30
    1d5a:	20 c0       	rjmp	.+64     	; 0x1d9c <strtol+0x114>
    1d5c:	60 e0       	ldi	r22, 0x00	; 0
    1d5e:	70 e0       	ldi	r23, 0x00	; 0
    1d60:	80 e0       	ldi	r24, 0x00	; 0
    1d62:	90 e8       	ldi	r25, 0x80	; 128
    1d64:	97 01       	movw	r18, r14
    1d66:	0f 2c       	mov	r0, r15
    1d68:	00 0c       	add	r0, r0
    1d6a:	44 0b       	sbc	r20, r20
    1d6c:	55 0b       	sbc	r21, r21
    1d6e:	0e 94 ad 0c 	call	0x195a	; 0x195a <__udivmodsi4>
    1d72:	49 01       	movw	r8, r18
    1d74:	5a 01       	movw	r10, r20
    1d76:	12 c0       	rjmp	.+36     	; 0x1d9c <strtol+0x114>
    1d78:	10 33       	cpi	r17, 0x30	; 48
    1d7a:	59 f4       	brne	.+22     	; 0x1d92 <strtol+0x10a>
    1d7c:	88 81       	ld	r24, Y
    1d7e:	8f 7d       	andi	r24, 0xDF	; 223
    1d80:	88 35       	cpi	r24, 0x58	; 88
    1d82:	09 f0       	breq	.+2      	; 0x1d86 <strtol+0xfe>
    1d84:	ba cf       	rjmp	.-140    	; 0x1cfa <strtol+0x72>
    1d86:	19 81       	ldd	r17, Y+1	; 0x01
    1d88:	22 96       	adiw	r28, 0x02	; 2
    1d8a:	02 60       	ori	r16, 0x02	; 2
    1d8c:	80 e1       	ldi	r24, 0x10	; 16
    1d8e:	e8 2e       	mov	r14, r24
    1d90:	f1 2c       	mov	r15, r1
    1d92:	81 2c       	mov	r8, r1
    1d94:	91 2c       	mov	r9, r1
    1d96:	a1 2c       	mov	r10, r1
    1d98:	68 e0       	ldi	r22, 0x08	; 8
    1d9a:	b6 2e       	mov	r11, r22
    1d9c:	40 e0       	ldi	r20, 0x00	; 0
    1d9e:	60 e0       	ldi	r22, 0x00	; 0
    1da0:	70 e0       	ldi	r23, 0x00	; 0
    1da2:	cb 01       	movw	r24, r22
    1da4:	27 01       	movw	r4, r14
    1da6:	0f 2c       	mov	r0, r15
    1da8:	00 0c       	add	r0, r0
    1daa:	66 08       	sbc	r6, r6
    1dac:	77 08       	sbc	r7, r7
    1dae:	fe 01       	movw	r30, r28
    1db0:	50 ed       	ldi	r21, 0xD0	; 208
    1db2:	35 2e       	mov	r3, r21
    1db4:	31 0e       	add	r3, r17
    1db6:	29 e0       	ldi	r18, 0x09	; 9
    1db8:	23 15       	cp	r18, r3
    1dba:	70 f4       	brcc	.+28     	; 0x1dd8 <strtol+0x150>
    1dbc:	2f eb       	ldi	r18, 0xBF	; 191
    1dbe:	21 0f       	add	r18, r17
    1dc0:	2a 31       	cpi	r18, 0x1A	; 26
    1dc2:	18 f4       	brcc	.+6      	; 0x1dca <strtol+0x142>
    1dc4:	39 ec       	ldi	r19, 0xC9	; 201
    1dc6:	33 2e       	mov	r3, r19
    1dc8:	06 c0       	rjmp	.+12     	; 0x1dd6 <strtol+0x14e>
    1dca:	2f e9       	ldi	r18, 0x9F	; 159
    1dcc:	21 0f       	add	r18, r17
    1dce:	2a 31       	cpi	r18, 0x1A	; 26
    1dd0:	18 f5       	brcc	.+70     	; 0x1e18 <strtol+0x190>
    1dd2:	29 ea       	ldi	r18, 0xA9	; 169
    1dd4:	32 2e       	mov	r3, r18
    1dd6:	31 0e       	add	r3, r17
    1dd8:	23 2d       	mov	r18, r3
    1dda:	30 e0       	ldi	r19, 0x00	; 0
    1ddc:	2e 15       	cp	r18, r14
    1dde:	3f 05       	cpc	r19, r15
    1de0:	dc f4       	brge	.+54     	; 0x1e18 <strtol+0x190>
    1de2:	47 fd       	sbrc	r20, 7
    1de4:	16 c0       	rjmp	.+44     	; 0x1e12 <strtol+0x18a>
    1de6:	86 16       	cp	r8, r22
    1de8:	97 06       	cpc	r9, r23
    1dea:	a8 06       	cpc	r10, r24
    1dec:	b9 06       	cpc	r11, r25
    1dee:	70 f0       	brcs	.+28     	; 0x1e0c <strtol+0x184>
    1df0:	a3 01       	movw	r20, r6
    1df2:	92 01       	movw	r18, r4
    1df4:	0e 94 d6 10 	call	0x21ac	; 0x21ac <__mulsi3>
    1df8:	63 0d       	add	r22, r3
    1dfa:	71 1d       	adc	r23, r1
    1dfc:	81 1d       	adc	r24, r1
    1dfe:	91 1d       	adc	r25, r1
    1e00:	61 30       	cpi	r22, 0x01	; 1
    1e02:	71 05       	cpc	r23, r1
    1e04:	81 05       	cpc	r24, r1
    1e06:	20 e8       	ldi	r18, 0x80	; 128
    1e08:	92 07       	cpc	r25, r18
    1e0a:	10 f0       	brcs	.+4      	; 0x1e10 <strtol+0x188>
    1e0c:	4f ef       	ldi	r20, 0xFF	; 255
    1e0e:	01 c0       	rjmp	.+2      	; 0x1e12 <strtol+0x18a>
    1e10:	41 e0       	ldi	r20, 0x01	; 1
    1e12:	21 96       	adiw	r28, 0x01	; 1
    1e14:	10 81       	ld	r17, Z
    1e16:	cb cf       	rjmp	.-106    	; 0x1dae <strtol+0x126>
    1e18:	20 2f       	mov	r18, r16
    1e1a:	21 70       	andi	r18, 0x01	; 1
    1e1c:	c1 14       	cp	r12, r1
    1e1e:	d1 04       	cpc	r13, r1
    1e20:	71 f0       	breq	.+28     	; 0x1e3e <strtol+0x1b6>
    1e22:	44 23       	and	r20, r20
    1e24:	29 f0       	breq	.+10     	; 0x1e30 <strtol+0x1a8>
    1e26:	21 97       	sbiw	r28, 0x01	; 1
    1e28:	f6 01       	movw	r30, r12
    1e2a:	d1 83       	std	Z+1, r29	; 0x01
    1e2c:	c0 83       	st	Z, r28
    1e2e:	07 c0       	rjmp	.+14     	; 0x1e3e <strtol+0x1b6>
    1e30:	01 ff       	sbrs	r16, 1
    1e32:	19 c0       	rjmp	.+50     	; 0x1e66 <strtol+0x1de>
    1e34:	22 97       	sbiw	r28, 0x02	; 2
    1e36:	f6 01       	movw	r30, r12
    1e38:	d1 83       	std	Z+1, r29	; 0x01
    1e3a:	c0 83       	st	Z, r28
    1e3c:	14 c0       	rjmp	.+40     	; 0x1e66 <strtol+0x1de>
    1e3e:	47 ff       	sbrs	r20, 7
    1e40:	12 c0       	rjmp	.+36     	; 0x1e66 <strtol+0x1de>
    1e42:	22 23       	and	r18, r18
    1e44:	29 f0       	breq	.+10     	; 0x1e50 <strtol+0x1c8>
    1e46:	60 e0       	ldi	r22, 0x00	; 0
    1e48:	70 e0       	ldi	r23, 0x00	; 0
    1e4a:	80 e0       	ldi	r24, 0x00	; 0
    1e4c:	90 e8       	ldi	r25, 0x80	; 128
    1e4e:	04 c0       	rjmp	.+8      	; 0x1e58 <strtol+0x1d0>
    1e50:	6f ef       	ldi	r22, 0xFF	; 255
    1e52:	7f ef       	ldi	r23, 0xFF	; 255
    1e54:	8f ef       	ldi	r24, 0xFF	; 255
    1e56:	9f e7       	ldi	r25, 0x7F	; 127
    1e58:	22 e2       	ldi	r18, 0x22	; 34
    1e5a:	30 e0       	ldi	r19, 0x00	; 0
    1e5c:	30 93 f8 05 	sts	0x05F8, r19	; 0x8005f8 <errno+0x1>
    1e60:	20 93 f7 05 	sts	0x05F7, r18	; 0x8005f7 <errno>
    1e64:	09 c0       	rjmp	.+18     	; 0x1e78 <strtol+0x1f0>
    1e66:	22 23       	and	r18, r18
    1e68:	81 f0       	breq	.+32     	; 0x1e8a <strtol+0x202>
    1e6a:	90 95       	com	r25
    1e6c:	80 95       	com	r24
    1e6e:	70 95       	com	r23
    1e70:	61 95       	neg	r22
    1e72:	7f 4f       	sbci	r23, 0xFF	; 255
    1e74:	8f 4f       	sbci	r24, 0xFF	; 255
    1e76:	9f 4f       	sbci	r25, 0xFF	; 255
    1e78:	46 2f       	mov	r20, r22
    1e7a:	37 2f       	mov	r19, r23
    1e7c:	28 2f       	mov	r18, r24
    1e7e:	12 c0       	rjmp	.+36     	; 0x1ea4 <strtol+0x21c>
    1e80:	40 e0       	ldi	r20, 0x00	; 0
    1e82:	30 e0       	ldi	r19, 0x00	; 0
    1e84:	20 e0       	ldi	r18, 0x00	; 0
    1e86:	90 e0       	ldi	r25, 0x00	; 0
    1e88:	0d c0       	rjmp	.+26     	; 0x1ea4 <strtol+0x21c>
    1e8a:	97 ff       	sbrs	r25, 7
    1e8c:	f5 cf       	rjmp	.-22     	; 0x1e78 <strtol+0x1f0>
    1e8e:	82 e2       	ldi	r24, 0x22	; 34
    1e90:	90 e0       	ldi	r25, 0x00	; 0
    1e92:	90 93 f8 05 	sts	0x05F8, r25	; 0x8005f8 <errno+0x1>
    1e96:	80 93 f7 05 	sts	0x05F7, r24	; 0x8005f7 <errno>
    1e9a:	6f ef       	ldi	r22, 0xFF	; 255
    1e9c:	7f ef       	ldi	r23, 0xFF	; 255
    1e9e:	8f ef       	ldi	r24, 0xFF	; 255
    1ea0:	9f e7       	ldi	r25, 0x7F	; 127
    1ea2:	ea cf       	rjmp	.-44     	; 0x1e78 <strtol+0x1f0>
    1ea4:	64 2f       	mov	r22, r20
    1ea6:	73 2f       	mov	r23, r19
    1ea8:	82 2f       	mov	r24, r18
    1eaa:	cd b7       	in	r28, 0x3d	; 61
    1eac:	de b7       	in	r29, 0x3e	; 62
    1eae:	e1 e1       	ldi	r30, 0x11	; 17
    1eb0:	0c 94 1e 0e 	jmp	0x1c3c	; 0x1c3c <__epilogue_restores__+0x2>

00001eb4 <strtoul>:
    1eb4:	a0 e0       	ldi	r26, 0x00	; 0
    1eb6:	b0 e0       	ldi	r27, 0x00	; 0
    1eb8:	e0 e6       	ldi	r30, 0x60	; 96
    1eba:	ff e0       	ldi	r31, 0x0F	; 15
    1ebc:	0c 94 02 0e 	jmp	0x1c04	; 0x1c04 <__prologue_saves__+0x2>
    1ec0:	5c 01       	movw	r10, r24
    1ec2:	6b 01       	movw	r12, r22
    1ec4:	7a 01       	movw	r14, r20
    1ec6:	61 15       	cp	r22, r1
    1ec8:	71 05       	cpc	r23, r1
    1eca:	19 f0       	breq	.+6      	; 0x1ed2 <strtoul+0x1e>
    1ecc:	fb 01       	movw	r30, r22
    1ece:	91 83       	std	Z+1, r25	; 0x01
    1ed0:	80 83       	st	Z, r24
    1ed2:	e1 14       	cp	r14, r1
    1ed4:	f1 04       	cpc	r15, r1
    1ed6:	29 f0       	breq	.+10     	; 0x1ee2 <strtoul+0x2e>
    1ed8:	c7 01       	movw	r24, r14
    1eda:	02 97       	sbiw	r24, 0x02	; 2
    1edc:	83 97       	sbiw	r24, 0x23	; 35
    1ede:	08 f0       	brcs	.+2      	; 0x1ee2 <strtoul+0x2e>
    1ee0:	c9 c0       	rjmp	.+402    	; 0x2074 <strtoul+0x1c0>
    1ee2:	e5 01       	movw	r28, r10
    1ee4:	21 96       	adiw	r28, 0x01	; 1
    1ee6:	f5 01       	movw	r30, r10
    1ee8:	10 81       	ld	r17, Z
    1eea:	81 2f       	mov	r24, r17
    1eec:	90 e0       	ldi	r25, 0x00	; 0
    1eee:	0e 94 4f 10 	call	0x209e	; 0x209e <isspace>
    1ef2:	89 2b       	or	r24, r25
    1ef4:	11 f0       	breq	.+4      	; 0x1efa <strtoul+0x46>
    1ef6:	5e 01       	movw	r10, r28
    1ef8:	f4 cf       	rjmp	.-24     	; 0x1ee2 <strtoul+0x2e>
    1efa:	1d 32       	cpi	r17, 0x2D	; 45
    1efc:	29 f4       	brne	.+10     	; 0x1f08 <strtoul+0x54>
    1efe:	21 96       	adiw	r28, 0x01	; 1
    1f00:	f5 01       	movw	r30, r10
    1f02:	11 81       	ldd	r17, Z+1	; 0x01
    1f04:	01 e0       	ldi	r16, 0x01	; 1
    1f06:	07 c0       	rjmp	.+14     	; 0x1f16 <strtoul+0x62>
    1f08:	1b 32       	cpi	r17, 0x2B	; 43
    1f0a:	21 f4       	brne	.+8      	; 0x1f14 <strtoul+0x60>
    1f0c:	e5 01       	movw	r28, r10
    1f0e:	22 96       	adiw	r28, 0x02	; 2
    1f10:	f5 01       	movw	r30, r10
    1f12:	11 81       	ldd	r17, Z+1	; 0x01
    1f14:	00 e0       	ldi	r16, 0x00	; 0
    1f16:	e1 14       	cp	r14, r1
    1f18:	f1 04       	cpc	r15, r1
    1f1a:	b1 f0       	breq	.+44     	; 0x1f48 <strtoul+0x94>
    1f1c:	f0 e1       	ldi	r31, 0x10	; 16
    1f1e:	ef 16       	cp	r14, r31
    1f20:	f1 04       	cpc	r15, r1
    1f22:	29 f4       	brne	.+10     	; 0x1f2e <strtoul+0x7a>
    1f24:	b0 c0       	rjmp	.+352    	; 0x2086 <strtoul+0x1d2>
    1f26:	10 e3       	ldi	r17, 0x30	; 48
    1f28:	e1 14       	cp	r14, r1
    1f2a:	f1 04       	cpc	r15, r1
    1f2c:	01 f1       	breq	.+64     	; 0x1f6e <strtoul+0xba>
    1f2e:	2a e0       	ldi	r18, 0x0A	; 10
    1f30:	e2 16       	cp	r14, r18
    1f32:	f1 04       	cpc	r15, r1
    1f34:	b1 f1       	breq	.+108    	; 0x1fa2 <strtoul+0xee>
    1f36:	80 e1       	ldi	r24, 0x10	; 16
    1f38:	e8 16       	cp	r14, r24
    1f3a:	f1 04       	cpc	r15, r1
    1f3c:	71 f0       	breq	.+28     	; 0x1f5a <strtoul+0xa6>
    1f3e:	e8 e0       	ldi	r30, 0x08	; 8
    1f40:	ee 16       	cp	r14, r30
    1f42:	f1 04       	cpc	r15, r1
    1f44:	f1 f4       	brne	.+60     	; 0x1f82 <strtoul+0xce>
    1f46:	13 c0       	rjmp	.+38     	; 0x1f6e <strtoul+0xba>
    1f48:	10 33       	cpi	r17, 0x30	; 48
    1f4a:	41 f5       	brne	.+80     	; 0x1f9c <strtoul+0xe8>
    1f4c:	88 81       	ld	r24, Y
    1f4e:	8f 7d       	andi	r24, 0xDF	; 223
    1f50:	88 35       	cpi	r24, 0x58	; 88
    1f52:	49 f7       	brne	.-46     	; 0x1f26 <strtoul+0x72>
    1f54:	19 81       	ldd	r17, Y+1	; 0x01
    1f56:	22 96       	adiw	r28, 0x02	; 2
    1f58:	02 60       	ori	r16, 0x02	; 2
    1f5a:	f0 e1       	ldi	r31, 0x10	; 16
    1f5c:	ef 2e       	mov	r14, r31
    1f5e:	f1 2c       	mov	r15, r1
    1f60:	88 24       	eor	r8, r8
    1f62:	8a 94       	dec	r8
    1f64:	98 2c       	mov	r9, r8
    1f66:	a8 2c       	mov	r10, r8
    1f68:	af e0       	ldi	r26, 0x0F	; 15
    1f6a:	ba 2e       	mov	r11, r26
    1f6c:	20 c0       	rjmp	.+64     	; 0x1fae <strtoul+0xfa>
    1f6e:	78 e0       	ldi	r23, 0x08	; 8
    1f70:	e7 2e       	mov	r14, r23
    1f72:	f1 2c       	mov	r15, r1
    1f74:	88 24       	eor	r8, r8
    1f76:	8a 94       	dec	r8
    1f78:	98 2c       	mov	r9, r8
    1f7a:	a8 2c       	mov	r10, r8
    1f7c:	ef e1       	ldi	r30, 0x1F	; 31
    1f7e:	be 2e       	mov	r11, r30
    1f80:	16 c0       	rjmp	.+44     	; 0x1fae <strtoul+0xfa>
    1f82:	6f ef       	ldi	r22, 0xFF	; 255
    1f84:	7f ef       	ldi	r23, 0xFF	; 255
    1f86:	cb 01       	movw	r24, r22
    1f88:	97 01       	movw	r18, r14
    1f8a:	0f 2c       	mov	r0, r15
    1f8c:	00 0c       	add	r0, r0
    1f8e:	44 0b       	sbc	r20, r20
    1f90:	55 0b       	sbc	r21, r21
    1f92:	0e 94 ad 0c 	call	0x195a	; 0x195a <__udivmodsi4>
    1f96:	49 01       	movw	r8, r18
    1f98:	5a 01       	movw	r10, r20
    1f9a:	09 c0       	rjmp	.+18     	; 0x1fae <strtoul+0xfa>
    1f9c:	8a e0       	ldi	r24, 0x0A	; 10
    1f9e:	e8 2e       	mov	r14, r24
    1fa0:	f1 2c       	mov	r15, r1
    1fa2:	69 e9       	ldi	r22, 0x99	; 153
    1fa4:	86 2e       	mov	r8, r22
    1fa6:	98 2c       	mov	r9, r8
    1fa8:	a8 2c       	mov	r10, r8
    1faa:	69 e1       	ldi	r22, 0x19	; 25
    1fac:	b6 2e       	mov	r11, r22
    1fae:	40 e0       	ldi	r20, 0x00	; 0
    1fb0:	60 e0       	ldi	r22, 0x00	; 0
    1fb2:	70 e0       	ldi	r23, 0x00	; 0
    1fb4:	cb 01       	movw	r24, r22
    1fb6:	27 01       	movw	r4, r14
    1fb8:	0f 2c       	mov	r0, r15
    1fba:	00 0c       	add	r0, r0
    1fbc:	66 08       	sbc	r6, r6
    1fbe:	77 08       	sbc	r7, r7
    1fc0:	fe 01       	movw	r30, r28
    1fc2:	50 ed       	ldi	r21, 0xD0	; 208
    1fc4:	35 2e       	mov	r3, r21
    1fc6:	31 0e       	add	r3, r17
    1fc8:	29 e0       	ldi	r18, 0x09	; 9
    1fca:	23 15       	cp	r18, r3
    1fcc:	70 f4       	brcc	.+28     	; 0x1fea <strtoul+0x136>
    1fce:	2f eb       	ldi	r18, 0xBF	; 191
    1fd0:	21 0f       	add	r18, r17
    1fd2:	2a 31       	cpi	r18, 0x1A	; 26
    1fd4:	18 f4       	brcc	.+6      	; 0x1fdc <strtoul+0x128>
    1fd6:	39 ec       	ldi	r19, 0xC9	; 201
    1fd8:	33 2e       	mov	r3, r19
    1fda:	06 c0       	rjmp	.+12     	; 0x1fe8 <strtoul+0x134>
    1fdc:	2f e9       	ldi	r18, 0x9F	; 159
    1fde:	21 0f       	add	r18, r17
    1fe0:	2a 31       	cpi	r18, 0x1A	; 26
    1fe2:	30 f5       	brcc	.+76     	; 0x2030 <strtoul+0x17c>
    1fe4:	29 ea       	ldi	r18, 0xA9	; 169
    1fe6:	32 2e       	mov	r3, r18
    1fe8:	31 0e       	add	r3, r17
    1fea:	23 2d       	mov	r18, r3
    1fec:	30 e0       	ldi	r19, 0x00	; 0
    1fee:	2e 15       	cp	r18, r14
    1ff0:	3f 05       	cpc	r19, r15
    1ff2:	f4 f4       	brge	.+60     	; 0x2030 <strtoul+0x17c>
    1ff4:	4f 3f       	cpi	r20, 0xFF	; 255
    1ff6:	c9 f0       	breq	.+50     	; 0x202a <strtoul+0x176>
    1ff8:	86 16       	cp	r8, r22
    1ffa:	97 06       	cpc	r9, r23
    1ffc:	a8 06       	cpc	r10, r24
    1ffe:	b9 06       	cpc	r11, r25
    2000:	88 f0       	brcs	.+34     	; 0x2024 <strtoul+0x170>
    2002:	a3 01       	movw	r20, r6
    2004:	92 01       	movw	r18, r4
    2006:	0e 94 d6 10 	call	0x21ac	; 0x21ac <__mulsi3>
    200a:	23 2d       	mov	r18, r3
    200c:	30 e0       	ldi	r19, 0x00	; 0
    200e:	40 e0       	ldi	r20, 0x00	; 0
    2010:	50 e0       	ldi	r21, 0x00	; 0
    2012:	62 0f       	add	r22, r18
    2014:	73 1f       	adc	r23, r19
    2016:	84 1f       	adc	r24, r20
    2018:	95 1f       	adc	r25, r21
    201a:	62 17       	cp	r22, r18
    201c:	73 07       	cpc	r23, r19
    201e:	84 07       	cpc	r24, r20
    2020:	95 07       	cpc	r25, r21
    2022:	10 f4       	brcc	.+4      	; 0x2028 <strtoul+0x174>
    2024:	4f ef       	ldi	r20, 0xFF	; 255
    2026:	01 c0       	rjmp	.+2      	; 0x202a <strtoul+0x176>
    2028:	41 e0       	ldi	r20, 0x01	; 1
    202a:	21 96       	adiw	r28, 0x01	; 1
    202c:	10 81       	ld	r17, Z
    202e:	c8 cf       	rjmp	.-112    	; 0x1fc0 <strtoul+0x10c>
    2030:	c1 14       	cp	r12, r1
    2032:	d1 04       	cpc	r13, r1
    2034:	51 f0       	breq	.+20     	; 0x204a <strtoul+0x196>
    2036:	44 23       	and	r20, r20
    2038:	11 f0       	breq	.+4      	; 0x203e <strtoul+0x18a>
    203a:	21 97       	sbiw	r28, 0x01	; 1
    203c:	03 c0       	rjmp	.+6      	; 0x2044 <strtoul+0x190>
    203e:	01 ff       	sbrs	r16, 1
    2040:	04 c0       	rjmp	.+8      	; 0x204a <strtoul+0x196>
    2042:	22 97       	sbiw	r28, 0x02	; 2
    2044:	f6 01       	movw	r30, r12
    2046:	d1 83       	std	Z+1, r29	; 0x01
    2048:	c0 83       	st	Z, r28
    204a:	00 ff       	sbrs	r16, 0
    204c:	07 c0       	rjmp	.+14     	; 0x205c <strtoul+0x1a8>
    204e:	90 95       	com	r25
    2050:	80 95       	com	r24
    2052:	70 95       	com	r23
    2054:	61 95       	neg	r22
    2056:	7f 4f       	sbci	r23, 0xFF	; 255
    2058:	8f 4f       	sbci	r24, 0xFF	; 255
    205a:	9f 4f       	sbci	r25, 0xFF	; 255
    205c:	4f 3f       	cpi	r20, 0xFF	; 255
    205e:	79 f4       	brne	.+30     	; 0x207e <strtoul+0x1ca>
    2060:	82 e2       	ldi	r24, 0x22	; 34
    2062:	90 e0       	ldi	r25, 0x00	; 0
    2064:	90 93 f8 05 	sts	0x05F8, r25	; 0x8005f8 <errno+0x1>
    2068:	80 93 f7 05 	sts	0x05F7, r24	; 0x8005f7 <errno>
    206c:	3f ef       	ldi	r19, 0xFF	; 255
    206e:	2f ef       	ldi	r18, 0xFF	; 255
    2070:	9f ef       	ldi	r25, 0xFF	; 255
    2072:	0d c0       	rjmp	.+26     	; 0x208e <strtoul+0x1da>
    2074:	40 e0       	ldi	r20, 0x00	; 0
    2076:	30 e0       	ldi	r19, 0x00	; 0
    2078:	20 e0       	ldi	r18, 0x00	; 0
    207a:	90 e0       	ldi	r25, 0x00	; 0
    207c:	08 c0       	rjmp	.+16     	; 0x208e <strtoul+0x1da>
    207e:	46 2f       	mov	r20, r22
    2080:	37 2f       	mov	r19, r23
    2082:	28 2f       	mov	r18, r24
    2084:	04 c0       	rjmp	.+8      	; 0x208e <strtoul+0x1da>
    2086:	10 33       	cpi	r17, 0x30	; 48
    2088:	09 f0       	breq	.+2      	; 0x208c <strtoul+0x1d8>
    208a:	67 cf       	rjmp	.-306    	; 0x1f5a <strtoul+0xa6>
    208c:	5f cf       	rjmp	.-322    	; 0x1f4c <strtoul+0x98>
    208e:	64 2f       	mov	r22, r20
    2090:	73 2f       	mov	r23, r19
    2092:	82 2f       	mov	r24, r18
    2094:	cd b7       	in	r28, 0x3d	; 61
    2096:	de b7       	in	r29, 0x3e	; 62
    2098:	e1 e1       	ldi	r30, 0x11	; 17
    209a:	0c 94 1e 0e 	jmp	0x1c3c	; 0x1c3c <__epilogue_restores__+0x2>

0000209e <isspace>:
    209e:	91 11       	cpse	r25, r1
    20a0:	0c 94 a1 10 	jmp	0x2142	; 0x2142 <__ctype_isfalse>
    20a4:	80 32       	cpi	r24, 0x20	; 32
    20a6:	19 f0       	breq	.+6      	; 0x20ae <isspace+0x10>
    20a8:	89 50       	subi	r24, 0x09	; 9
    20aa:	85 50       	subi	r24, 0x05	; 5
    20ac:	c8 f7       	brcc	.-14     	; 0x20a0 <isspace+0x2>
    20ae:	08 95       	ret

000020b0 <strtok>:
    20b0:	48 ed       	ldi	r20, 0xD8	; 216
    20b2:	54 e0       	ldi	r21, 0x04	; 4
    20b4:	0e 94 7a 10 	call	0x20f4	; 0x20f4 <strtok_r>
    20b8:	08 95       	ret

000020ba <memcmp>:
    20ba:	fb 01       	movw	r30, r22
    20bc:	dc 01       	movw	r26, r24
    20be:	04 c0       	rjmp	.+8      	; 0x20c8 <memcmp+0xe>
    20c0:	8d 91       	ld	r24, X+
    20c2:	01 90       	ld	r0, Z+
    20c4:	80 19       	sub	r24, r0
    20c6:	21 f4       	brne	.+8      	; 0x20d0 <memcmp+0x16>
    20c8:	41 50       	subi	r20, 0x01	; 1
    20ca:	50 40       	sbci	r21, 0x00	; 0
    20cc:	c8 f7       	brcc	.-14     	; 0x20c0 <memcmp+0x6>
    20ce:	88 1b       	sub	r24, r24
    20d0:	99 0b       	sbc	r25, r25
    20d2:	08 95       	ret

000020d4 <memset>:
    20d4:	dc 01       	movw	r26, r24
    20d6:	01 c0       	rjmp	.+2      	; 0x20da <memset+0x6>
    20d8:	6d 93       	st	X+, r22
    20da:	41 50       	subi	r20, 0x01	; 1
    20dc:	50 40       	sbci	r21, 0x00	; 0
    20de:	e0 f7       	brcc	.-8      	; 0x20d8 <memset+0x4>
    20e0:	08 95       	ret

000020e2 <strcmp>:
    20e2:	fb 01       	movw	r30, r22
    20e4:	dc 01       	movw	r26, r24
    20e6:	8d 91       	ld	r24, X+
    20e8:	01 90       	ld	r0, Z+
    20ea:	80 19       	sub	r24, r0
    20ec:	01 10       	cpse	r0, r1
    20ee:	d9 f3       	breq	.-10     	; 0x20e6 <strcmp+0x4>
    20f0:	99 0b       	sbc	r25, r25
    20f2:	08 95       	ret

000020f4 <strtok_r>:
    20f4:	fa 01       	movw	r30, r20
    20f6:	a1 91       	ld	r26, Z+
    20f8:	b0 81       	ld	r27, Z
    20fa:	00 97       	sbiw	r24, 0x00	; 0
    20fc:	19 f4       	brne	.+6      	; 0x2104 <strtok_r+0x10>
    20fe:	10 97       	sbiw	r26, 0x00	; 0
    2100:	e1 f0       	breq	.+56     	; 0x213a <strtok_r+0x46>
    2102:	cd 01       	movw	r24, r26
    2104:	dc 01       	movw	r26, r24
    2106:	cd 01       	movw	r24, r26
    2108:	0d 90       	ld	r0, X+
    210a:	00 20       	and	r0, r0
    210c:	11 f4       	brne	.+4      	; 0x2112 <strtok_r+0x1e>
    210e:	c0 01       	movw	r24, r0
    2110:	13 c0       	rjmp	.+38     	; 0x2138 <strtok_r+0x44>
    2112:	fb 01       	movw	r30, r22
    2114:	21 91       	ld	r18, Z+
    2116:	22 23       	and	r18, r18
    2118:	19 f0       	breq	.+6      	; 0x2120 <strtok_r+0x2c>
    211a:	20 15       	cp	r18, r0
    211c:	d9 f7       	brne	.-10     	; 0x2114 <strtok_r+0x20>
    211e:	f3 cf       	rjmp	.-26     	; 0x2106 <strtok_r+0x12>
    2120:	fb 01       	movw	r30, r22
    2122:	21 91       	ld	r18, Z+
    2124:	20 15       	cp	r18, r0
    2126:	19 f4       	brne	.+6      	; 0x212e <strtok_r+0x3a>
    2128:	1e 92       	st	-X, r1
    212a:	11 96       	adiw	r26, 0x01	; 1
    212c:	06 c0       	rjmp	.+12     	; 0x213a <strtok_r+0x46>
    212e:	22 23       	and	r18, r18
    2130:	c1 f7       	brne	.-16     	; 0x2122 <strtok_r+0x2e>
    2132:	0d 90       	ld	r0, X+
    2134:	00 20       	and	r0, r0
    2136:	a1 f7       	brne	.-24     	; 0x2120 <strtok_r+0x2c>
    2138:	d0 01       	movw	r26, r0
    213a:	fa 01       	movw	r30, r20
    213c:	a1 93       	st	Z+, r26
    213e:	b0 83       	st	Z, r27
    2140:	08 95       	ret

00002142 <__ctype_isfalse>:
    2142:	99 27       	eor	r25, r25
    2144:	88 27       	eor	r24, r24

00002146 <__ctype_istrue>:
    2146:	08 95       	ret

00002148 <eeprom_read_block>:
    2148:	dc 01       	movw	r26, r24
    214a:	cb 01       	movw	r24, r22

0000214c <eeprom_read_blraw>:
    214c:	fc 01       	movw	r30, r24
    214e:	f9 99       	sbic	0x1f, 1	; 31
    2150:	fe cf       	rjmp	.-4      	; 0x214e <eeprom_read_blraw+0x2>
    2152:	06 c0       	rjmp	.+12     	; 0x2160 <eeprom_read_blraw+0x14>
    2154:	f2 bd       	out	0x22, r31	; 34
    2156:	e1 bd       	out	0x21, r30	; 33
    2158:	f8 9a       	sbi	0x1f, 0	; 31
    215a:	31 96       	adiw	r30, 0x01	; 1
    215c:	00 b4       	in	r0, 0x20	; 32
    215e:	0d 92       	st	X+, r0
    2160:	41 50       	subi	r20, 0x01	; 1
    2162:	50 40       	sbci	r21, 0x00	; 0
    2164:	b8 f7       	brcc	.-18     	; 0x2154 <eeprom_read_blraw+0x8>
    2166:	08 95       	ret

00002168 <eeprom_update_block>:
    2168:	dc 01       	movw	r26, r24
    216a:	a4 0f       	add	r26, r20
    216c:	b5 1f       	adc	r27, r21
    216e:	41 50       	subi	r20, 0x01	; 1
    2170:	50 40       	sbci	r21, 0x00	; 0
    2172:	48 f0       	brcs	.+18     	; 0x2186 <eeprom_update_block+0x1e>
    2174:	cb 01       	movw	r24, r22
    2176:	84 0f       	add	r24, r20
    2178:	95 1f       	adc	r25, r21
    217a:	2e 91       	ld	r18, -X
    217c:	0e 94 c5 10 	call	0x218a	; 0x218a <eeprom_update_r18>
    2180:	41 50       	subi	r20, 0x01	; 1
    2182:	50 40       	sbci	r21, 0x00	; 0
    2184:	d0 f7       	brcc	.-12     	; 0x217a <eeprom_update_block+0x12>
    2186:	08 95       	ret

00002188 <eeprom_update_byte>:
    2188:	26 2f       	mov	r18, r22

0000218a <eeprom_update_r18>:
    218a:	f9 99       	sbic	0x1f, 1	; 31
    218c:	fe cf       	rjmp	.-4      	; 0x218a <eeprom_update_r18>
    218e:	92 bd       	out	0x22, r25	; 34
    2190:	81 bd       	out	0x21, r24	; 33
    2192:	f8 9a       	sbi	0x1f, 0	; 31
    2194:	01 97       	sbiw	r24, 0x01	; 1
    2196:	00 b4       	in	r0, 0x20	; 32
    2198:	02 16       	cp	r0, r18
    219a:	39 f0       	breq	.+14     	; 0x21aa <eeprom_update_r18+0x20>
    219c:	1f ba       	out	0x1f, r1	; 31
    219e:	20 bd       	out	0x20, r18	; 32
    21a0:	0f b6       	in	r0, 0x3f	; 63
    21a2:	f8 94       	cli
    21a4:	fa 9a       	sbi	0x1f, 2	; 31
    21a6:	f9 9a       	sbi	0x1f, 1	; 31
    21a8:	0f be       	out	0x3f, r0	; 63
    21aa:	08 95       	ret

000021ac <__mulsi3>:
    21ac:	db 01       	movw	r26, r22
    21ae:	8f 93       	push	r24
    21b0:	9f 93       	push	r25
    21b2:	0e 94 fd 0c 	call	0x19fa	; 0x19fa <__muluhisi3>
    21b6:	bf 91       	pop	r27
    21b8:	af 91       	pop	r26
    21ba:	a2 9f       	mul	r26, r18
    21bc:	80 0d       	add	r24, r0
    21be:	91 1d       	adc	r25, r1
    21c0:	a3 9f       	mul	r26, r19
    21c2:	90 0d       	add	r25, r0
    21c4:	b2 9f       	mul	r27, r18
    21c6:	90 0d       	add	r25, r0
    21c8:	11 24       	eor	r1, r1
    21ca:	08 95       	ret

000021cc <_exit>:
    21cc:	f8 94       	cli

000021ce <__stop_program>:
    21ce:	ff cf       	rjmp	.-2      	; 0x21ce <__stop_program>
