
GccApplication1.elf:     file format elf32-avr

Sections:
Idx Name          Size      VMA       LMA       File off  Algn
  0 .data         0000057e  00800100  00002964  00002a18  2**0
                  CONTENTS, ALLOC, LOAD, DATA
  1 .text         00002964  00000000  00000000  000000b4  2**1
                  CONTENTS, ALLOC, LOAD, READONLY, CODE
  2 .bss          0000014b  0080067e  0080067e  00002f96  2**0
                  ALLOC
  3 .eeprom       0000003c  00810000  00810000  00002f96  2**0
                  CONTENTS, ALLOC, LOAD, DATA
  4 .comment      0000005c  00000000  00000000  00002fd2  2**0
                  CONTENTS, READONLY
  5 .note.gnu.avr.deviceinfo 00000040  00000000  00000000  00003030  2**2
                  CONTENTS, READONLY
  6 .debug_aranges 00000490  00000000  00000000  00003070  2**3
                  CONTENTS, READONLY, DEBUGGING
  7 .debug_info   000058fd  00000000  00000000  00003500  2**0
                  CONTENTS, READONLY, DEBUGGING
  8 .debug_abbrev 000019f2  00000000  00000000  00008dfd  2**0
                  CONTENTS, READONLY, DEBUGGING
  9 .debug_line   00002a47  00000000  00000000  0000a7ef  2**0
                  CONTENTS, READONLY, DEBUGGING
 10 .debug_frame  00000af0  00000000  00000000  0000d238  2**2
                  CONTENTS, READONLY, DEBUGGING
 11 .debug_str    0000111b  00000000  00000000  0000dd28  2**0
                  CONTENTS, READONLY, DEBUGGING
 12 .debug_loc    00002b99  00000000  00000000  0000ee43  2**0
                  CONTENTS, READONLY, DEBUGGING
 13 .debug_ranges 00000340  00000000  00000000  000119dc  2**0
                  CONTENTS, READONLY, DEBUGGING

Disassembly of section .text:

00000000 <__vectors>:
       0:	0c 94 5a 00 	jmp	0xb4	; 0xb4 <__ctors_end>
       4:	0c 94 77 00 	jmp	0xee	; 0xee <__bad_interrupt>
       8:	0c 94 77 00 	jmp	0xee	; 0xee <__bad_interrupt>
       c:	0c 94 77 00 	jmp	0xee	; 0xee <__bad_interrupt>
      10:	0c 94 77 00 	jmp	0xee	; 0xee <__bad_interrupt>
      14:	0c 94 77 00 	jmp	0xee	; 0xee <__bad_interrupt>
      18:	0c 94 77 00 	jmp	0xee	; 0xee <__bad_interrupt>
      1c:	0c 94 77 00 	jmp	0xee	; 0xee <__bad_interrupt>
      20:	0c 94 77 00 	jmp	0xee	; 0xee <__bad_interrupt>
      24:	0c 94 77 00 	jmp	0xee	; 0xee <__bad_interrupt>
      28:	0c 94 77 00 	jmp	0xee	; 0xee <__bad_interrupt>
      2c:	0c 94 77 00 	jmp	0xee	; 0xee <__bad_interrupt>
      30:	0c 94 77 00 	jmp	0xee	; 0xee <__bad_interrupt>
      34:	0c 94 77 00 	jmp	0xee	; 0xee <__bad_interrupt>
      38:	0c 94 30 06 	jmp	0xc60	; 0xc60 <__vector_14>
      3c:	0c 94 77 00 	jmp	0xee	; 0xee <__bad_interrupt>
      40:	0c 94 77 00 	jmp	0xee	; 0xee <__bad_interrupt>
      44:	0c 94 77 00 	jmp	0xee	; 0xee <__bad_interrupt>
      48:	0c 94 a1 0e 	jmp	0x1d42	; 0x1d42 <__vector_18>
      4c:	0c 94 77 00 	jmp	0xee	; 0xee <__bad_interrupt>
      50:	0c 94 77 00 	jmp	0xee	; 0xee <__bad_interrupt>
      54:	0c 94 77 00 	jmp	0xee	; 0xee <__bad_interrupt>
      58:	0c 94 77 00 	jmp	0xee	; 0xee <__bad_interrupt>
      5c:	0c 94 77 00 	jmp	0xee	; 0xee <__bad_interrupt>
      60:	0c 94 77 00 	jmp	0xee	; 0xee <__bad_interrupt>
      64:	0c 94 77 00 	jmp	0xee	; 0xee <__bad_interrupt>
      68:	0c 94 77 00 	jmp	0xee	; 0xee <__bad_interrupt>
      6c:	0c 94 77 00 	jmp	0xee	; 0xee <__bad_interrupt>
      70:	0c 94 77 00 	jmp	0xee	; 0xee <__bad_interrupt>
      74:	0c 94 77 00 	jmp	0xee	; 0xee <__bad_interrupt>
      78:	0c 94 77 00 	jmp	0xee	; 0xee <__bad_interrupt>
      7c:	0c 94 77 00 	jmp	0xee	; 0xee <__bad_interrupt>
      80:	0c 94 77 00 	jmp	0xee	; 0xee <__bad_interrupt>
      84:	0c 94 77 00 	jmp	0xee	; 0xee <__bad_interrupt>
      88:	0c 94 77 00 	jmp	0xee	; 0xee <__bad_interrupt>
      8c:	0c 94 77 00 	jmp	0xee	; 0xee <__bad_interrupt>
      90:	0c 94 77 00 	jmp	0xee	; 0xee <__bad_interrupt>
      94:	0c 94 77 00 	jmp	0xee	; 0xee <__bad_interrupt>
      98:	0c 94 77 00 	jmp	0xee	; 0xee <__bad_interrupt>
      9c:	0c 94 77 00 	jmp	0xee	; 0xee <__bad_interrupt>
      a0:	0c 94 77 00 	jmp	0xee	; 0xee <__bad_interrupt>
      a4:	0c 94 77 00 	jmp	0xee	; 0xee <__bad_interrupt>
      a8:	0c 94 77 00 	jmp	0xee	; 0xee <__bad_interrupt>
      ac:	0c 94 77 00 	jmp	0xee	; 0xee <__bad_interrupt>
      b0:	0c 94 77 00 	jmp	0xee	; 0xee <__bad_interrupt>

000000b4 <__ctors_end>:
      b4:	11 24       	eor	r1, r1
      b6:	1f be       	out	0x3f, r1	; 63
      b8:	cf ef       	ldi	r28, 0xFF	; 255
      ba:	d8 e0       	ldi	r29, 0x08	; 8
      bc:	de bf       	out	0x3e, r29	; 62
      be:	cd bf       	out	0x3d, r28	; 61

000000c0 <__do_copy_data>:
      c0:	16 e0       	ldi	r17, 0x06	; 6
      c2:	a0 e0       	ldi	r26, 0x00	; 0
      c4:	b1 e0       	ldi	r27, 0x01	; 1
      c6:	e4 e6       	ldi	r30, 0x64	; 100
      c8:	f9 e2       	ldi	r31, 0x29	; 41
      ca:	02 c0       	rjmp	.+4      	; 0xd0 <__do_copy_data+0x10>
      cc:	05 90       	lpm	r0, Z+
      ce:	0d 92       	st	X+, r0
      d0:	ae 37       	cpi	r26, 0x7E	; 126
      d2:	b1 07       	cpc	r27, r17
      d4:	d9 f7       	brne	.-10     	; 0xcc <__do_copy_data+0xc>

000000d6 <__do_clear_bss>:
      d6:	27 e0       	ldi	r18, 0x07	; 7
      d8:	ae e7       	ldi	r26, 0x7E	; 126
      da:	b6 e0       	ldi	r27, 0x06	; 6
      dc:	01 c0       	rjmp	.+2      	; 0xe0 <.do_clear_bss_start>

000000de <.do_clear_bss_loop>:
      de:	1d 92       	st	X+, r1

000000e0 <.do_clear_bss_start>:
      e0:	a9 3c       	cpi	r26, 0xC9	; 201
      e2:	b2 07       	cpc	r27, r18
      e4:	e1 f7       	brne	.-8      	; 0xde <.do_clear_bss_loop>
      e6:	0e 94 a7 07 	call	0xf4e	; 0xf4e <main>
      ea:	0c 94 b0 14 	jmp	0x2960	; 0x2960 <_exit>

000000ee <__bad_interrupt>:
      ee:	0c 94 00 00 	jmp	0	; 0x0 <__vectors>

000000f2 <board_id_init>:
#include "board_id.h"

void board_id_init(void)
{
    /* bit0..bit3 = PC0..PC3; bit4 = PD2. External 100 kohm pull-ups. */
    DDRC &= ~((1 << PC0) | (1 << PC1) | (1 << PC2) | (1 << PC3));
      f2:	87 b1       	in	r24, 0x07	; 7
      f4:	80 7f       	andi	r24, 0xF0	; 240
      f6:	87 b9       	out	0x07, r24	; 7
    DDRD &= ~(1 << PD2);
      f8:	8a b1       	in	r24, 0x0a	; 10
      fa:	8b 7f       	andi	r24, 0xFB	; 251
      fc:	8a b9       	out	0x0a, r24	; 10

    PORTC &= ~((1 << PC0) | (1 << PC1) | (1 << PC2) | (1 << PC3));
      fe:	88 b1       	in	r24, 0x08	; 8
     100:	80 7f       	andi	r24, 0xF0	; 240
     102:	88 b9       	out	0x08, r24	; 8
    PORTD &= ~(1 << PD2);
     104:	8b b1       	in	r24, 0x0b	; 11
     106:	8b 7f       	andi	r24, 0xFB	; 251
     108:	8b b9       	out	0x0b, r24	; 11
     10a:	08 95       	ret

0000010c <board_id_read>:

uint8_t board_id_read(void)
{
    uint8_t raw = 0;

    if (PINC & (1 << PC0)) raw |= (1 << 0);
     10c:	30 99       	sbic	0x06, 0	; 6
     10e:	02 c0       	rjmp	.+4      	; 0x114 <board_id_read+0x8>
    PORTD &= ~(1 << PD2);
}

uint8_t board_id_read(void)
{
    uint8_t raw = 0;
     110:	80 e0       	ldi	r24, 0x00	; 0
     112:	01 c0       	rjmp	.+2      	; 0x116 <board_id_read+0xa>

    if (PINC & (1 << PC0)) raw |= (1 << 0);
     114:	81 e0       	ldi	r24, 0x01	; 1
    if (PINC & (1 << PC1)) raw |= (1 << 1);
     116:	31 99       	sbic	0x06, 1	; 6
     118:	82 60       	ori	r24, 0x02	; 2
    if (PINC & (1 << PC2)) raw |= (1 << 2);
     11a:	32 99       	sbic	0x06, 2	; 6
     11c:	84 60       	ori	r24, 0x04	; 4
    if (PINC & (1 << PC3)) raw |= (1 << 3);
     11e:	33 99       	sbic	0x06, 3	; 6
     120:	88 60       	ori	r24, 0x08	; 8
    if (PIND & (1 << PD2)) raw |= (1 << 4);
     122:	4a 99       	sbic	0x09, 2	; 9
     124:	80 61       	ori	r24, 0x10	; 16

    /* Switch ON pulls low, so invert to obtain the board number. */
    return (uint8_t)((~raw) & 0x1FU);
     126:	80 95       	com	r24
}
     128:	8f 71       	andi	r24, 0x1F	; 31
     12a:	08 95       	ret

0000012c <apply_axis>:
}

static int32_t apply_axis(int32_t value_x100,
                          int32_t offset_x100,
                          int32_t gain_ppm)
{
     12c:	4f 92       	push	r4
     12e:	5f 92       	push	r5
     130:	6f 92       	push	r6
     132:	7f 92       	push	r7
     134:	af 92       	push	r10
     136:	bf 92       	push	r11
     138:	cf 92       	push	r12
     13a:	df 92       	push	r13
     13c:	ef 92       	push	r14
     13e:	ff 92       	push	r15
     140:	0f 93       	push	r16
     142:	1f 93       	push	r17
    int32_t corrected = value_x100 - offset_x100;
     144:	dc 01       	movw	r26, r24
     146:	cb 01       	movw	r24, r22
     148:	82 1b       	sub	r24, r18
     14a:	93 0b       	sbc	r25, r19
     14c:	a4 0b       	sbc	r26, r20
     14e:	b5 0b       	sbc	r27, r21
    int64_t scaled = (int64_t)corrected * (int64_t)gain_ppm;
     150:	2c 01       	movw	r4, r24
     152:	3d 01       	movw	r6, r26
     154:	77 0c       	add	r7, r7
     156:	44 08       	sbc	r4, r4
     158:	54 2c       	mov	r5, r4
     15a:	32 01       	movw	r6, r4
     15c:	b8 01       	movw	r22, r16
     15e:	a7 01       	movw	r20, r14
     160:	77 0f       	add	r23, r23
     162:	44 0b       	sbc	r20, r20
     164:	54 2f       	mov	r21, r20
     166:	ba 01       	movw	r22, r20
     168:	ae 2c       	mov	r10, r14
     16a:	bf 2c       	mov	r11, r15
     16c:	c0 2e       	mov	r12, r16
     16e:	d1 2e       	mov	r13, r17
     170:	e4 2e       	mov	r14, r20
     172:	f4 2e       	mov	r15, r20
     174:	04 2f       	mov	r16, r20
     176:	14 2f       	mov	r17, r20
     178:	28 2f       	mov	r18, r24
     17a:	39 2f       	mov	r19, r25
     17c:	4a 2f       	mov	r20, r26
     17e:	5b 2f       	mov	r21, r27
     180:	64 2d       	mov	r22, r4
     182:	74 2d       	mov	r23, r4
     184:	84 2d       	mov	r24, r4
     186:	94 2d       	mov	r25, r4
     188:	0e 94 c0 10 	call	0x2180	; 0x2180 <__muldi3>

    if (scaled >= 0) {
     18c:	a0 e0       	ldi	r26, 0x00	; 0
     18e:	0e 94 f0 11 	call	0x23e0	; 0x23e0 <__cmpdi2_s8>
     192:	4c f0       	brlt	.+18     	; 0x1a6 <apply_axis+0x7a>
        scaled += CALIBRATION_GAIN_UNITY_PPM / 2L;
     194:	20 5e       	subi	r18, 0xE0	; 224
     196:	3e 45       	sbci	r19, 0x5E	; 94
     198:	48 4f       	sbci	r20, 0xF8	; 248
     19a:	5f 4f       	sbci	r21, 0xFF	; 255
     19c:	6f 4f       	sbci	r22, 0xFF	; 255
     19e:	7f 4f       	sbci	r23, 0xFF	; 255
     1a0:	8f 4f       	sbci	r24, 0xFF	; 255
     1a2:	9f 4f       	sbci	r25, 0xFF	; 255
     1a4:	08 c0       	rjmp	.+16     	; 0x1b6 <apply_axis+0x8a>
    } else {
        scaled -= CALIBRATION_GAIN_UNITY_PPM / 2L;
     1a6:	20 52       	subi	r18, 0x20	; 32
     1a8:	31 4a       	sbci	r19, 0xA1	; 161
     1aa:	47 40       	sbci	r20, 0x07	; 7
     1ac:	51 09       	sbc	r21, r1
     1ae:	61 09       	sbc	r22, r1
     1b0:	71 09       	sbc	r23, r1
     1b2:	81 09       	sbc	r24, r1
     1b4:	91 09       	sbc	r25, r1
    }

    return (int32_t)(scaled / CALIBRATION_GAIN_UNITY_PPM);
     1b6:	68 94       	set
     1b8:	aa 24       	eor	r10, r10
     1ba:	a6 f8       	bld	r10, 6
     1bc:	0f 2e       	mov	r0, r31
     1be:	f2 e4       	ldi	r31, 0x42	; 66
     1c0:	bf 2e       	mov	r11, r31
     1c2:	f0 2d       	mov	r31, r0
     1c4:	0f 2e       	mov	r0, r31
     1c6:	ff e0       	ldi	r31, 0x0F	; 15
     1c8:	cf 2e       	mov	r12, r31
     1ca:	f0 2d       	mov	r31, r0
     1cc:	d1 2c       	mov	r13, r1
     1ce:	e1 2c       	mov	r14, r1
     1d0:	f1 2c       	mov	r15, r1
     1d2:	00 e0       	ldi	r16, 0x00	; 0
     1d4:	10 e0       	ldi	r17, 0x00	; 0
     1d6:	0e 94 1b 11 	call	0x2236	; 0x2236 <__divdi3>
     1da:	62 2f       	mov	r22, r18
     1dc:	73 2f       	mov	r23, r19
     1de:	84 2f       	mov	r24, r20
     1e0:	95 2f       	mov	r25, r21
}
     1e2:	1f 91       	pop	r17
     1e4:	0f 91       	pop	r16
     1e6:	ff 90       	pop	r15
     1e8:	ef 90       	pop	r14
     1ea:	df 90       	pop	r13
     1ec:	cf 90       	pop	r12
     1ee:	bf 90       	pop	r11
     1f0:	af 90       	pop	r10
     1f2:	7f 90       	pop	r7
     1f4:	6f 90       	pop	r6
     1f6:	5f 90       	pop	r5
     1f8:	4f 90       	pop	r4
     1fa:	08 95       	ret

000001fc <calibration_crc>:

static calibration_record_t EEMEM eeprom_calibration;

static uint16_t calibration_crc(const calibration_record_t *record)
{
    return crc16_ccitt(record, offsetof(calibration_record_t, crc));
     1fc:	66 e3       	ldi	r22, 0x36	; 54
     1fe:	70 e0       	ldi	r23, 0x00	; 0
     200:	0e 94 ff 05 	call	0xbfe	; 0xbfe <crc16_ccitt>
}
     204:	08 95       	ret

00000206 <calibration_make_defaults>:

void calibration_make_defaults(calibration_record_t *record)
{
     206:	cf 93       	push	r28
     208:	df 93       	push	r29
     20a:	ec 01       	movw	r28, r24
    memset(record, 0, sizeof(*record));
     20c:	88 e3       	ldi	r24, 0x38	; 56
     20e:	fe 01       	movw	r30, r28
     210:	11 92       	st	Z+, r1
     212:	8a 95       	dec	r24
     214:	e9 f7       	brne	.-6      	; 0x210 <calibration_make_defaults+0xa>
    record->magic = CALIBRATION_MAGIC;
     216:	88 e3       	ldi	r24, 0x38	; 56
     218:	92 e3       	ldi	r25, 0x32	; 50
     21a:	a4 e4       	ldi	r26, 0x44	; 68
     21c:	be e4       	ldi	r27, 0x4E	; 78
     21e:	88 83       	st	Y, r24
     220:	99 83       	std	Y+1, r25	; 0x01
     222:	aa 83       	std	Y+2, r26	; 0x02
     224:	bb 83       	std	Y+3, r27	; 0x03
    record->version = CALIBRATION_VERSION;
     226:	81 e0       	ldi	r24, 0x01	; 1
     228:	90 e0       	ldi	r25, 0x00	; 0
     22a:	9d 83       	std	Y+5, r25	; 0x05
     22c:	8c 83       	std	Y+4, r24	; 0x04
    record->size = sizeof(*record);
     22e:	88 e3       	ldi	r24, 0x38	; 56
     230:	90 e0       	ldi	r25, 0x00	; 0
     232:	9f 83       	std	Y+7, r25	; 0x07
     234:	8e 83       	std	Y+6, r24	; 0x06
    record->gain_x_ppm = CALIBRATION_GAIN_UNITY_PPM;
     236:	80 e4       	ldi	r24, 0x40	; 64
     238:	92 e4       	ldi	r25, 0x42	; 66
     23a:	af e0       	ldi	r26, 0x0F	; 15
     23c:	b0 e0       	ldi	r27, 0x00	; 0
     23e:	8c 8b       	std	Y+20, r24	; 0x14
     240:	9d 8b       	std	Y+21, r25	; 0x15
     242:	ae 8b       	std	Y+22, r26	; 0x16
     244:	bf 8b       	std	Y+23, r27	; 0x17
    record->gain_y_ppm = CALIBRATION_GAIN_UNITY_PPM;
     246:	88 8f       	std	Y+24, r24	; 0x18
     248:	99 8f       	std	Y+25, r25	; 0x19
     24a:	aa 8f       	std	Y+26, r26	; 0x1a
     24c:	bb 8f       	std	Y+27, r27	; 0x1b
    record->gain_z_ppm = CALIBRATION_GAIN_UNITY_PPM;
     24e:	8c 8f       	std	Y+28, r24	; 0x1c
     250:	9d 8f       	std	Y+29, r25	; 0x1d
     252:	ae 8f       	std	Y+30, r26	; 0x1e
     254:	bf 8f       	std	Y+31, r27	; 0x1f
    record->crc = calibration_crc(record);
     256:	ce 01       	movw	r24, r28
     258:	0e 94 fe 00 	call	0x1fc	; 0x1fc <calibration_crc>
     25c:	9f ab       	std	Y+55, r25	; 0x37
     25e:	8e ab       	std	Y+54, r24	; 0x36
}
     260:	df 91       	pop	r29
     262:	cf 91       	pop	r28
     264:	08 95       	ret

00000266 <calibration_load>:

calibration_status_t calibration_load(calibration_record_t *record)
{
     266:	0f 93       	push	r16
     268:	1f 93       	push	r17
     26a:	cf 93       	push	r28
     26c:	df 93       	push	r29
     26e:	ec 01       	movw	r28, r24
    eeprom_read_block(record, &eeprom_calibration, sizeof(*record));
     270:	48 e3       	ldi	r20, 0x38	; 56
     272:	50 e0       	ldi	r21, 0x00	; 0
     274:	60 e0       	ldi	r22, 0x00	; 0
     276:	70 e0       	ldi	r23, 0x00	; 0
     278:	0e 94 5c 14 	call	0x28b8	; 0x28b8 <eeprom_read_block>

    if (record->magic != CALIBRATION_MAGIC ||
     27c:	88 81       	ld	r24, Y
     27e:	99 81       	ldd	r25, Y+1	; 0x01
     280:	aa 81       	ldd	r26, Y+2	; 0x02
     282:	bb 81       	ldd	r27, Y+3	; 0x03
     284:	88 33       	cpi	r24, 0x38	; 56
     286:	92 43       	sbci	r25, 0x32	; 50
     288:	a4 44       	sbci	r26, 0x44	; 68
     28a:	be 44       	sbci	r27, 0x4E	; 78
     28c:	81 f4       	brne	.+32     	; 0x2ae <calibration_load+0x48>
        record->version != CALIBRATION_VERSION ||
     28e:	8c 81       	ldd	r24, Y+4	; 0x04
     290:	9d 81       	ldd	r25, Y+5	; 0x05

calibration_status_t calibration_load(calibration_record_t *record)
{
    eeprom_read_block(record, &eeprom_calibration, sizeof(*record));

    if (record->magic != CALIBRATION_MAGIC ||
     292:	01 97       	sbiw	r24, 0x01	; 1
     294:	61 f4       	brne	.+24     	; 0x2ae <calibration_load+0x48>
        record->version != CALIBRATION_VERSION ||
        record->size != sizeof(*record) ||
     296:	8e 81       	ldd	r24, Y+6	; 0x06
     298:	9f 81       	ldd	r25, Y+7	; 0x07
calibration_status_t calibration_load(calibration_record_t *record)
{
    eeprom_read_block(record, &eeprom_calibration, sizeof(*record));

    if (record->magic != CALIBRATION_MAGIC ||
        record->version != CALIBRATION_VERSION ||
     29a:	c8 97       	sbiw	r24, 0x38	; 56
     29c:	41 f4       	brne	.+16     	; 0x2ae <calibration_load+0x48>
        record->size != sizeof(*record) ||
        record->crc != calibration_crc(record)) {
     29e:	0e a9       	ldd	r16, Y+54	; 0x36
     2a0:	1f a9       	ldd	r17, Y+55	; 0x37
     2a2:	ce 01       	movw	r24, r28
     2a4:	0e 94 fe 00 	call	0x1fc	; 0x1fc <calibration_crc>
{
    eeprom_read_block(record, &eeprom_calibration, sizeof(*record));

    if (record->magic != CALIBRATION_MAGIC ||
        record->version != CALIBRATION_VERSION ||
        record->size != sizeof(*record) ||
     2a8:	08 17       	cp	r16, r24
     2aa:	19 07       	cpc	r17, r25
     2ac:	81 f0       	breq	.+32     	; 0x2ce <calibration_load+0x68>
        record->crc != calibration_crc(record)) {
        /* A completely erased EEPROM is a normal first-start condition. */
        if (record->magic != 0xFFFFFFFFUL) {
     2ae:	88 81       	ld	r24, Y
     2b0:	99 81       	ldd	r25, Y+1	; 0x01
     2b2:	aa 81       	ldd	r26, Y+2	; 0x02
     2b4:	bb 81       	ldd	r27, Y+3	; 0x03
     2b6:	8f 3f       	cpi	r24, 0xFF	; 255
     2b8:	9f 4f       	sbci	r25, 0xFF	; 255
     2ba:	af 4f       	sbci	r26, 0xFF	; 255
     2bc:	bf 4f       	sbci	r27, 0xFF	; 255
     2be:	11 f0       	breq	.+4      	; 0x2c4 <calibration_load+0x5e>
            diagnostics_record_eeprom_error();
     2c0:	0e 94 23 07 	call	0xe46	; 0xe46 <diagnostics_record_eeprom_error>
        }
        calibration_make_defaults(record);
     2c4:	ce 01       	movw	r24, r28
     2c6:	0e 94 03 01 	call	0x206	; 0x206 <calibration_make_defaults>
        return CALIBRATION_STATUS_DEFAULT;
     2ca:	80 e0       	ldi	r24, 0x00	; 0
     2cc:	01 c0       	rjmp	.+2      	; 0x2d0 <calibration_load+0x6a>
    }

    return CALIBRATION_STATUS_VALID;
     2ce:	81 e0       	ldi	r24, 0x01	; 1
}
     2d0:	df 91       	pop	r29
     2d2:	cf 91       	pop	r28
     2d4:	1f 91       	pop	r17
     2d6:	0f 91       	pop	r16
     2d8:	08 95       	ret

000002da <calibration_save>:

uint8_t calibration_save(const calibration_record_t *record)
{
     2da:	cf 93       	push	r28
     2dc:	df 93       	push	r29
     2de:	cd b7       	in	r28, 0x3d	; 61
     2e0:	de b7       	in	r29, 0x3e	; 62
     2e2:	c0 57       	subi	r28, 0x70	; 112
     2e4:	d1 09       	sbc	r29, r1
     2e6:	0f b6       	in	r0, 0x3f	; 63
     2e8:	f8 94       	cli
     2ea:	de bf       	out	0x3e, r29	; 62
     2ec:	0f be       	out	0x3f, r0	; 63
     2ee:	cd bf       	out	0x3d, r28	; 61
     2f0:	fc 01       	movw	r30, r24
    calibration_record_t copy = *record;
     2f2:	98 e3       	ldi	r25, 0x38	; 56
     2f4:	de 01       	movw	r26, r28
     2f6:	11 96       	adiw	r26, 0x01	; 1
     2f8:	01 90       	ld	r0, Z+
     2fa:	0d 92       	st	X+, r0
     2fc:	9a 95       	dec	r25
     2fe:	e1 f7       	brne	.-8      	; 0x2f8 <calibration_save+0x1e>
    copy.magic = CALIBRATION_MAGIC;
     300:	88 e3       	ldi	r24, 0x38	; 56
     302:	92 e3       	ldi	r25, 0x32	; 50
     304:	a4 e4       	ldi	r26, 0x44	; 68
     306:	be e4       	ldi	r27, 0x4E	; 78
     308:	89 83       	std	Y+1, r24	; 0x01
     30a:	9a 83       	std	Y+2, r25	; 0x02
     30c:	ab 83       	std	Y+3, r26	; 0x03
     30e:	bc 83       	std	Y+4, r27	; 0x04
    copy.version = CALIBRATION_VERSION;
     310:	81 e0       	ldi	r24, 0x01	; 1
     312:	90 e0       	ldi	r25, 0x00	; 0
     314:	9e 83       	std	Y+6, r25	; 0x06
     316:	8d 83       	std	Y+5, r24	; 0x05
    copy.size = sizeof(copy);
     318:	88 e3       	ldi	r24, 0x38	; 56
     31a:	90 e0       	ldi	r25, 0x00	; 0
     31c:	98 87       	std	Y+8, r25	; 0x08
     31e:	8f 83       	std	Y+7, r24	; 0x07
    copy.crc = calibration_crc(&copy);
     320:	ce 01       	movw	r24, r28
     322:	01 96       	adiw	r24, 0x01	; 1
     324:	0e 94 fe 00 	call	0x1fc	; 0x1fc <calibration_crc>
     328:	98 af       	std	Y+56, r25	; 0x38
     32a:	8f ab       	std	Y+55, r24	; 0x37

    eeprom_update_block(&copy, &eeprom_calibration, sizeof(copy));
     32c:	48 e3       	ldi	r20, 0x38	; 56
     32e:	50 e0       	ldi	r21, 0x00	; 0
     330:	60 e0       	ldi	r22, 0x00	; 0
     332:	70 e0       	ldi	r23, 0x00	; 0
     334:	ce 01       	movw	r24, r28
     336:	01 96       	adiw	r24, 0x01	; 1
     338:	0e 94 72 14 	call	0x28e4	; 0x28e4 <eeprom_update_block>

    calibration_record_t verify;
    eeprom_read_block(&verify, &eeprom_calibration, sizeof(verify));
     33c:	48 e3       	ldi	r20, 0x38	; 56
     33e:	50 e0       	ldi	r21, 0x00	; 0
     340:	60 e0       	ldi	r22, 0x00	; 0
     342:	70 e0       	ldi	r23, 0x00	; 0
     344:	ce 01       	movw	r24, r28
     346:	c9 96       	adiw	r24, 0x39	; 57
     348:	0e 94 5c 14 	call	0x28b8	; 0x28b8 <eeprom_read_block>

    if (memcmp(&copy, &verify, sizeof(copy)) != 0U) {
     34c:	48 e3       	ldi	r20, 0x38	; 56
     34e:	50 e0       	ldi	r21, 0x00	; 0
     350:	be 01       	movw	r22, r28
     352:	67 5c       	subi	r22, 0xC7	; 199
     354:	7f 4f       	sbci	r23, 0xFF	; 255
     356:	ce 01       	movw	r24, r28
     358:	01 96       	adiw	r24, 0x01	; 1
     35a:	0e 94 15 14 	call	0x282a	; 0x282a <memcmp>
     35e:	89 2b       	or	r24, r25
     360:	21 f0       	breq	.+8      	; 0x36a <calibration_save+0x90>
        diagnostics_record_eeprom_error();
     362:	0e 94 23 07 	call	0xe46	; 0xe46 <diagnostics_record_eeprom_error>
        return 0U;
     366:	80 e0       	ldi	r24, 0x00	; 0
     368:	01 c0       	rjmp	.+2      	; 0x36c <calibration_save+0x92>
    }
    return 1U;
     36a:	81 e0       	ldi	r24, 0x01	; 1
}
     36c:	c0 59       	subi	r28, 0x90	; 144
     36e:	df 4f       	sbci	r29, 0xFF	; 255
     370:	0f b6       	in	r0, 0x3f	; 63
     372:	f8 94       	cli
     374:	de bf       	out	0x3e, r29	; 62
     376:	0f be       	out	0x3f, r0	; 63
     378:	cd bf       	out	0x3d, r28	; 61
     37a:	df 91       	pop	r29
     37c:	cf 91       	pop	r28
     37e:	08 95       	ret

00000380 <calibration_factory_reset>:

void calibration_factory_reset(void)
{
     380:	cf 93       	push	r28
     382:	df 93       	push	r29
     384:	cd b7       	in	r28, 0x3d	; 61
     386:	de b7       	in	r29, 0x3e	; 62
     388:	e8 97       	sbiw	r28, 0x38	; 56
     38a:	0f b6       	in	r0, 0x3f	; 63
     38c:	f8 94       	cli
     38e:	de bf       	out	0x3e, r29	; 62
     390:	0f be       	out	0x3f, r0	; 63
     392:	cd bf       	out	0x3d, r28	; 61
    calibration_record_t erased;
    memset(&erased, 0xFF, sizeof(erased));
     394:	48 e3       	ldi	r20, 0x38	; 56
     396:	50 e0       	ldi	r21, 0x00	; 0
     398:	6f ef       	ldi	r22, 0xFF	; 255
     39a:	70 e0       	ldi	r23, 0x00	; 0
     39c:	ce 01       	movw	r24, r28
     39e:	01 96       	adiw	r24, 0x01	; 1
     3a0:	0e 94 22 14 	call	0x2844	; 0x2844 <memset>
    eeprom_update_block(&erased, &eeprom_calibration, sizeof(erased));
     3a4:	48 e3       	ldi	r20, 0x38	; 56
     3a6:	50 e0       	ldi	r21, 0x00	; 0
     3a8:	60 e0       	ldi	r22, 0x00	; 0
     3aa:	70 e0       	ldi	r23, 0x00	; 0
     3ac:	ce 01       	movw	r24, r28
     3ae:	01 96       	adiw	r24, 0x01	; 1
     3b0:	0e 94 72 14 	call	0x28e4	; 0x28e4 <eeprom_update_block>
}
     3b4:	e8 96       	adiw	r28, 0x38	; 56
     3b6:	0f b6       	in	r0, 0x3f	; 63
     3b8:	f8 94       	cli
     3ba:	de bf       	out	0x3e, r29	; 62
     3bc:	0f be       	out	0x3f, r0	; 63
     3be:	cd bf       	out	0x3d, r28	; 61
     3c0:	df 91       	pop	r29
     3c2:	cf 91       	pop	r28
     3c4:	08 95       	ret

000003c6 <calibration_apply>:
    return (int32_t)(scaled / CALIBRATION_GAIN_UNITY_PPM);
}

void calibration_apply(const calibration_record_t *record,
                       tmag5273_measurement_t *measurement)
{
     3c6:	cf 92       	push	r12
     3c8:	df 92       	push	r13
     3ca:	ef 92       	push	r14
     3cc:	ff 92       	push	r15
     3ce:	0f 93       	push	r16
     3d0:	1f 93       	push	r17
     3d2:	cf 93       	push	r28
     3d4:	df 93       	push	r29
     3d6:	6c 01       	movw	r12, r24
     3d8:	eb 01       	movw	r28, r22
    measurement->bx_x100 = apply_axis(measurement->bx_x100,
     3da:	fc 01       	movw	r30, r24
     3dc:	e4 88       	ldd	r14, Z+20	; 0x14
     3de:	f5 88       	ldd	r15, Z+21	; 0x15
     3e0:	06 89       	ldd	r16, Z+22	; 0x16
     3e2:	17 89       	ldd	r17, Z+23	; 0x17
     3e4:	20 85       	ldd	r18, Z+8	; 0x08
     3e6:	31 85       	ldd	r19, Z+9	; 0x09
     3e8:	42 85       	ldd	r20, Z+10	; 0x0a
     3ea:	53 85       	ldd	r21, Z+11	; 0x0b
     3ec:	6c 81       	ldd	r22, Y+4	; 0x04
     3ee:	7d 81       	ldd	r23, Y+5	; 0x05
     3f0:	8e 81       	ldd	r24, Y+6	; 0x06
     3f2:	9f 81       	ldd	r25, Y+7	; 0x07
     3f4:	0e 94 96 00 	call	0x12c	; 0x12c <apply_axis>
     3f8:	6c 83       	std	Y+4, r22	; 0x04
     3fa:	7d 83       	std	Y+5, r23	; 0x05
     3fc:	8e 83       	std	Y+6, r24	; 0x06
     3fe:	9f 83       	std	Y+7, r25	; 0x07
                                      record->offset_x_x100,
                                      record->gain_x_ppm);
    measurement->by_x100 = apply_axis(measurement->by_x100,
     400:	f6 01       	movw	r30, r12
     402:	e0 8c       	ldd	r14, Z+24	; 0x18
     404:	f1 8c       	ldd	r15, Z+25	; 0x19
     406:	02 8d       	ldd	r16, Z+26	; 0x1a
     408:	13 8d       	ldd	r17, Z+27	; 0x1b
     40a:	24 85       	ldd	r18, Z+12	; 0x0c
     40c:	35 85       	ldd	r19, Z+13	; 0x0d
     40e:	46 85       	ldd	r20, Z+14	; 0x0e
     410:	57 85       	ldd	r21, Z+15	; 0x0f
     412:	68 85       	ldd	r22, Y+8	; 0x08
     414:	79 85       	ldd	r23, Y+9	; 0x09
     416:	8a 85       	ldd	r24, Y+10	; 0x0a
     418:	9b 85       	ldd	r25, Y+11	; 0x0b
     41a:	0e 94 96 00 	call	0x12c	; 0x12c <apply_axis>
     41e:	68 87       	std	Y+8, r22	; 0x08
     420:	79 87       	std	Y+9, r23	; 0x09
     422:	8a 87       	std	Y+10, r24	; 0x0a
     424:	9b 87       	std	Y+11, r25	; 0x0b
                                      record->offset_y_x100,
                                      record->gain_y_ppm);
    measurement->bz_x100 = apply_axis(measurement->bz_x100,
     426:	f6 01       	movw	r30, r12
     428:	e4 8c       	ldd	r14, Z+28	; 0x1c
     42a:	f5 8c       	ldd	r15, Z+29	; 0x1d
     42c:	06 8d       	ldd	r16, Z+30	; 0x1e
     42e:	17 8d       	ldd	r17, Z+31	; 0x1f
     430:	20 89       	ldd	r18, Z+16	; 0x10
     432:	31 89       	ldd	r19, Z+17	; 0x11
     434:	42 89       	ldd	r20, Z+18	; 0x12
     436:	53 89       	ldd	r21, Z+19	; 0x13
     438:	6c 85       	ldd	r22, Y+12	; 0x0c
     43a:	7d 85       	ldd	r23, Y+13	; 0x0d
     43c:	8e 85       	ldd	r24, Y+14	; 0x0e
     43e:	9f 85       	ldd	r25, Y+15	; 0x0f
     440:	0e 94 96 00 	call	0x12c	; 0x12c <apply_axis>
     444:	6c 87       	std	Y+12, r22	; 0x0c
     446:	7d 87       	std	Y+13, r23	; 0x0d
     448:	8e 87       	std	Y+14, r24	; 0x0e
     44a:	9f 87       	std	Y+15, r25	; 0x0f
                                      record->offset_z_x100,
                                      record->gain_z_ppm);
}
     44c:	df 91       	pop	r29
     44e:	cf 91       	pop	r28
     450:	1f 91       	pop	r17
     452:	0f 91       	pop	r16
     454:	ff 90       	pop	r15
     456:	ef 90       	pop	r14
     458:	df 90       	pop	r13
     45a:	cf 90       	pop	r12
     45c:	08 95       	ret

0000045e <status_text>:
#include "node_identity.h"
#include "diagnostics.h"

static const char *status_text(calibration_status_t status)
{
    if (status == CALIBRATION_STATUS_VALID) return "VALID";
     45e:	81 30       	cpi	r24, 0x01	; 1
     460:	29 f0       	breq	.+10     	; 0x46c <status_text+0xe>
    if (status == CALIBRATION_STATUS_DIRTY) return "DIRTY";
     462:	82 30       	cpi	r24, 0x02	; 2
     464:	31 f4       	brne	.+12     	; 0x472 <status_text+0x14>
     466:	86 e0       	ldi	r24, 0x06	; 6
     468:	91 e0       	ldi	r25, 0x01	; 1
     46a:	08 95       	ret
#include "node_identity.h"
#include "diagnostics.h"

static const char *status_text(calibration_status_t status)
{
    if (status == CALIBRATION_STATUS_VALID) return "VALID";
     46c:	80 e0       	ldi	r24, 0x00	; 0
     46e:	91 e0       	ldi	r25, 0x01	; 1
     470:	08 95       	ret
    if (status == CALIBRATION_STATUS_DIRTY) return "DIRTY";
    return "DEFAULT";
     472:	8c e0       	ldi	r24, 0x0C	; 12
     474:	91 e0       	ldi	r25, 0x01	; 1
}
     476:	08 95       	ret

00000478 <response_error>:
    uart0_print(command);
    uart0_print("\r\n");
}

static void response_error(const char *reason)
{
     478:	cf 93       	push	r28
     47a:	df 93       	push	r29
     47c:	ec 01       	movw	r28, r24
    uart0_print("$ND280RSP,ERROR,REASON=");
     47e:	84 e1       	ldi	r24, 0x14	; 20
     480:	91 e0       	ldi	r25, 0x01	; 1
     482:	0e 94 e0 0e 	call	0x1dc0	; 0x1dc0 <uart0_print>
    uart0_print(reason);
     486:	ce 01       	movw	r24, r28
     488:	0e 94 e0 0e 	call	0x1dc0	; 0x1dc0 <uart0_print>
    uart0_print("\r\n");
     48c:	87 e9       	ldi	r24, 0x97	; 151
     48e:	95 e0       	ldi	r25, 0x05	; 5
     490:	0e 94 e0 0e 	call	0x1dc0	; 0x1dc0 <uart0_print>
}
     494:	df 91       	pop	r29
     496:	cf 91       	pop	r28
     498:	08 95       	ret

0000049a <response_ok>:
    if (status == CALIBRATION_STATUS_DIRTY) return "DIRTY";
    return "DEFAULT";
}

static void response_ok(const char *command)
{
     49a:	cf 93       	push	r28
     49c:	df 93       	push	r29
     49e:	ec 01       	movw	r28, r24
    uart0_print("$ND280RSP,OK,CMD=");
     4a0:	8c e2       	ldi	r24, 0x2C	; 44
     4a2:	91 e0       	ldi	r25, 0x01	; 1
     4a4:	0e 94 e0 0e 	call	0x1dc0	; 0x1dc0 <uart0_print>
    uart0_print(command);
     4a8:	ce 01       	movw	r24, r28
     4aa:	0e 94 e0 0e 	call	0x1dc0	; 0x1dc0 <uart0_print>
    uart0_print("\r\n");
     4ae:	87 e9       	ldi	r24, 0x97	; 151
     4b0:	95 e0       	ldi	r25, 0x05	; 5
     4b2:	0e 94 e0 0e 	call	0x1dc0	; 0x1dc0 <uart0_print>
}
     4b6:	df 91       	pop	r29
     4b8:	cf 91       	pop	r28
     4ba:	08 95       	ret

000004bc <parse_u32>:
    *value = (int32_t)parsed;
    return 1U;
}

static uint8_t parse_u32(const char *text, uint32_t *value)
{
     4bc:	ef 92       	push	r14
     4be:	ff 92       	push	r15
     4c0:	0f 93       	push	r16
     4c2:	1f 93       	push	r17
     4c4:	cf 93       	push	r28
     4c6:	df 93       	push	r29
     4c8:	00 d0       	rcall	.+0      	; 0x4ca <parse_u32+0xe>
     4ca:	cd b7       	in	r28, 0x3d	; 61
     4cc:	de b7       	in	r29, 0x3e	; 62
     4ce:	8c 01       	movw	r16, r24
     4d0:	7b 01       	movw	r14, r22
    char *end = 0;
     4d2:	1a 82       	std	Y+2, r1	; 0x02
     4d4:	19 82       	std	Y+1, r1	; 0x01
    unsigned long parsed = strtoul(text, &end, 10);
     4d6:	4a e0       	ldi	r20, 0x0A	; 10
     4d8:	50 e0       	ldi	r21, 0x00	; 0
     4da:	be 01       	movw	r22, r28
     4dc:	6f 5f       	subi	r22, 0xFF	; 255
     4de:	7f 4f       	sbci	r23, 0xFF	; 255
     4e0:	0e 94 12 13 	call	0x2624	; 0x2624 <strtoul>
    if (text == end || *end != '\0') return 0U;
     4e4:	e9 81       	ldd	r30, Y+1	; 0x01
     4e6:	fa 81       	ldd	r31, Y+2	; 0x02
     4e8:	0e 17       	cp	r16, r30
     4ea:	1f 07       	cpc	r17, r31
     4ec:	51 f0       	breq	.+20     	; 0x502 <parse_u32+0x46>
     4ee:	20 81       	ld	r18, Z
     4f0:	21 11       	cpse	r18, r1
     4f2:	09 c0       	rjmp	.+18     	; 0x506 <parse_u32+0x4a>
    *value = (uint32_t)parsed;
     4f4:	f7 01       	movw	r30, r14
     4f6:	60 83       	st	Z, r22
     4f8:	71 83       	std	Z+1, r23	; 0x01
     4fa:	82 83       	std	Z+2, r24	; 0x02
     4fc:	93 83       	std	Z+3, r25	; 0x03
    return 1U;
     4fe:	81 e0       	ldi	r24, 0x01	; 1
     500:	03 c0       	rjmp	.+6      	; 0x508 <parse_u32+0x4c>

static uint8_t parse_u32(const char *text, uint32_t *value)
{
    char *end = 0;
    unsigned long parsed = strtoul(text, &end, 10);
    if (text == end || *end != '\0') return 0U;
     502:	80 e0       	ldi	r24, 0x00	; 0
     504:	01 c0       	rjmp	.+2      	; 0x508 <parse_u32+0x4c>
     506:	80 e0       	ldi	r24, 0x00	; 0
    *value = (uint32_t)parsed;
    return 1U;
}
     508:	0f 90       	pop	r0
     50a:	0f 90       	pop	r0
     50c:	df 91       	pop	r29
     50e:	cf 91       	pop	r28
     510:	1f 91       	pop	r17
     512:	0f 91       	pop	r16
     514:	ff 90       	pop	r15
     516:	ef 90       	pop	r14
     518:	08 95       	ret

0000051a <get_three_u32>:
           parse_i32(a, va) && parse_i32(b, vb) && parse_i32(c, vc);
}

static uint8_t get_three_u32(char *a, char *b, char *c,
                             uint32_t *va, uint32_t *vb, uint32_t *vc)
{
     51a:	cf 92       	push	r12
     51c:	df 92       	push	r13
     51e:	ef 92       	push	r14
     520:	ff 92       	push	r15
     522:	0f 93       	push	r16
     524:	1f 93       	push	r17
     526:	cf 93       	push	r28
     528:	df 93       	push	r29
    return a && b && c &&
           parse_u32(a, va) && parse_u32(b, vb) && parse_u32(c, vc);
     52a:	00 97       	sbiw	r24, 0x00	; 0
     52c:	d9 f0       	breq	.+54     	; 0x564 <get_three_u32+0x4a>
}

static uint8_t get_three_u32(char *a, char *b, char *c,
                             uint32_t *va, uint32_t *vb, uint32_t *vc)
{
    return a && b && c &&
     52e:	61 15       	cp	r22, r1
     530:	71 05       	cpc	r23, r1
     532:	d1 f0       	breq	.+52     	; 0x568 <get_three_u32+0x4e>
     534:	41 15       	cp	r20, r1
     536:	51 05       	cpc	r21, r1
     538:	c9 f0       	breq	.+50     	; 0x56c <get_three_u32+0x52>
     53a:	6a 01       	movw	r12, r20
     53c:	eb 01       	movw	r28, r22
           parse_u32(a, va) && parse_u32(b, vb) && parse_u32(c, vc);
     53e:	b9 01       	movw	r22, r18
     540:	0e 94 5e 02 	call	0x4bc	; 0x4bc <parse_u32>
}

static uint8_t get_three_u32(char *a, char *b, char *c,
                             uint32_t *va, uint32_t *vb, uint32_t *vc)
{
    return a && b && c &&
     544:	88 23       	and	r24, r24
     546:	a1 f0       	breq	.+40     	; 0x570 <get_three_u32+0x56>
           parse_u32(a, va) && parse_u32(b, vb) && parse_u32(c, vc);
     548:	b8 01       	movw	r22, r16
     54a:	ce 01       	movw	r24, r28
     54c:	0e 94 5e 02 	call	0x4bc	; 0x4bc <parse_u32>
     550:	88 23       	and	r24, r24
     552:	81 f0       	breq	.+32     	; 0x574 <get_three_u32+0x5a>
     554:	b7 01       	movw	r22, r14
     556:	c6 01       	movw	r24, r12
     558:	0e 94 5e 02 	call	0x4bc	; 0x4bc <parse_u32>
     55c:	88 23       	and	r24, r24
     55e:	61 f0       	breq	.+24     	; 0x578 <get_three_u32+0x5e>
     560:	81 e0       	ldi	r24, 0x01	; 1
     562:	0b c0       	rjmp	.+22     	; 0x57a <get_three_u32+0x60>
     564:	80 e0       	ldi	r24, 0x00	; 0
     566:	09 c0       	rjmp	.+18     	; 0x57a <get_three_u32+0x60>
     568:	80 e0       	ldi	r24, 0x00	; 0
     56a:	07 c0       	rjmp	.+14     	; 0x57a <get_three_u32+0x60>
     56c:	80 e0       	ldi	r24, 0x00	; 0
     56e:	05 c0       	rjmp	.+10     	; 0x57a <get_three_u32+0x60>
     570:	80 e0       	ldi	r24, 0x00	; 0
     572:	03 c0       	rjmp	.+6      	; 0x57a <get_three_u32+0x60>
     574:	80 e0       	ldi	r24, 0x00	; 0
     576:	01 c0       	rjmp	.+2      	; 0x57a <get_three_u32+0x60>
     578:	80 e0       	ldi	r24, 0x00	; 0
}
     57a:	df 91       	pop	r29
     57c:	cf 91       	pop	r28
     57e:	1f 91       	pop	r17
     580:	0f 91       	pop	r16
     582:	ff 90       	pop	r15
     584:	ef 90       	pop	r14
     586:	df 90       	pop	r13
     588:	cf 90       	pop	r12
     58a:	08 95       	ret

0000058c <parse_i32>:
    uart0_print(reason);
    uart0_print("\r\n");
}

static uint8_t parse_i32(const char *text, int32_t *value)
{
     58c:	ef 92       	push	r14
     58e:	ff 92       	push	r15
     590:	0f 93       	push	r16
     592:	1f 93       	push	r17
     594:	cf 93       	push	r28
     596:	df 93       	push	r29
     598:	00 d0       	rcall	.+0      	; 0x59a <parse_i32+0xe>
     59a:	cd b7       	in	r28, 0x3d	; 61
     59c:	de b7       	in	r29, 0x3e	; 62
     59e:	8c 01       	movw	r16, r24
     5a0:	7b 01       	movw	r14, r22
    char *end = 0;
     5a2:	1a 82       	std	Y+2, r1	; 0x02
     5a4:	19 82       	std	Y+1, r1	; 0x01
    long parsed = strtol(text, &end, 10);
     5a6:	4a e0       	ldi	r20, 0x0A	; 10
     5a8:	50 e0       	ldi	r21, 0x00	; 0
     5aa:	be 01       	movw	r22, r28
     5ac:	6f 5f       	subi	r22, 0xFF	; 255
     5ae:	7f 4f       	sbci	r23, 0xFF	; 255
     5b0:	0e 94 fc 11 	call	0x23f8	; 0x23f8 <strtol>
    if (text == end || *end != '\0') return 0U;
     5b4:	e9 81       	ldd	r30, Y+1	; 0x01
     5b6:	fa 81       	ldd	r31, Y+2	; 0x02
     5b8:	0e 17       	cp	r16, r30
     5ba:	1f 07       	cpc	r17, r31
     5bc:	51 f0       	breq	.+20     	; 0x5d2 <parse_i32+0x46>
     5be:	20 81       	ld	r18, Z
     5c0:	21 11       	cpse	r18, r1
     5c2:	09 c0       	rjmp	.+18     	; 0x5d6 <parse_i32+0x4a>
    *value = (int32_t)parsed;
     5c4:	f7 01       	movw	r30, r14
     5c6:	60 83       	st	Z, r22
     5c8:	71 83       	std	Z+1, r23	; 0x01
     5ca:	82 83       	std	Z+2, r24	; 0x02
     5cc:	93 83       	std	Z+3, r25	; 0x03
    return 1U;
     5ce:	81 e0       	ldi	r24, 0x01	; 1
     5d0:	03 c0       	rjmp	.+6      	; 0x5d8 <parse_i32+0x4c>

static uint8_t parse_i32(const char *text, int32_t *value)
{
    char *end = 0;
    long parsed = strtol(text, &end, 10);
    if (text == end || *end != '\0') return 0U;
     5d2:	80 e0       	ldi	r24, 0x00	; 0
     5d4:	01 c0       	rjmp	.+2      	; 0x5d8 <parse_i32+0x4c>
     5d6:	80 e0       	ldi	r24, 0x00	; 0
    *value = (int32_t)parsed;
    return 1U;
}
     5d8:	0f 90       	pop	r0
     5da:	0f 90       	pop	r0
     5dc:	df 91       	pop	r29
     5de:	cf 91       	pop	r28
     5e0:	1f 91       	pop	r17
     5e2:	0f 91       	pop	r16
     5e4:	ff 90       	pop	r15
     5e6:	ef 90       	pop	r14
     5e8:	08 95       	ret

000005ea <get_three_i32>:
    uart0_print("\r\n");
}

static uint8_t get_three_i32(char *a, char *b, char *c,
                             int32_t *va, int32_t *vb, int32_t *vc)
{
     5ea:	cf 92       	push	r12
     5ec:	df 92       	push	r13
     5ee:	ef 92       	push	r14
     5f0:	ff 92       	push	r15
     5f2:	0f 93       	push	r16
     5f4:	1f 93       	push	r17
     5f6:	cf 93       	push	r28
     5f8:	df 93       	push	r29
    return a && b && c &&
           parse_i32(a, va) && parse_i32(b, vb) && parse_i32(c, vc);
     5fa:	00 97       	sbiw	r24, 0x00	; 0
     5fc:	d9 f0       	breq	.+54     	; 0x634 <get_three_i32+0x4a>
}

static uint8_t get_three_i32(char *a, char *b, char *c,
                             int32_t *va, int32_t *vb, int32_t *vc)
{
    return a && b && c &&
     5fe:	61 15       	cp	r22, r1
     600:	71 05       	cpc	r23, r1
     602:	d1 f0       	breq	.+52     	; 0x638 <get_three_i32+0x4e>
     604:	41 15       	cp	r20, r1
     606:	51 05       	cpc	r21, r1
     608:	c9 f0       	breq	.+50     	; 0x63c <get_three_i32+0x52>
     60a:	6a 01       	movw	r12, r20
     60c:	eb 01       	movw	r28, r22
           parse_i32(a, va) && parse_i32(b, vb) && parse_i32(c, vc);
     60e:	b9 01       	movw	r22, r18
     610:	0e 94 c6 02 	call	0x58c	; 0x58c <parse_i32>
}

static uint8_t get_three_i32(char *a, char *b, char *c,
                             int32_t *va, int32_t *vb, int32_t *vc)
{
    return a && b && c &&
     614:	88 23       	and	r24, r24
     616:	a1 f0       	breq	.+40     	; 0x640 <get_three_i32+0x56>
           parse_i32(a, va) && parse_i32(b, vb) && parse_i32(c, vc);
     618:	b8 01       	movw	r22, r16
     61a:	ce 01       	movw	r24, r28
     61c:	0e 94 c6 02 	call	0x58c	; 0x58c <parse_i32>
     620:	88 23       	and	r24, r24
     622:	81 f0       	breq	.+32     	; 0x644 <get_three_i32+0x5a>
     624:	b7 01       	movw	r22, r14
     626:	c6 01       	movw	r24, r12
     628:	0e 94 c6 02 	call	0x58c	; 0x58c <parse_i32>
     62c:	88 23       	and	r24, r24
     62e:	61 f0       	breq	.+24     	; 0x648 <get_three_i32+0x5e>
     630:	81 e0       	ldi	r24, 0x01	; 1
     632:	0b c0       	rjmp	.+22     	; 0x64a <get_three_i32+0x60>
     634:	80 e0       	ldi	r24, 0x00	; 0
     636:	09 c0       	rjmp	.+18     	; 0x64a <get_three_i32+0x60>
     638:	80 e0       	ldi	r24, 0x00	; 0
     63a:	07 c0       	rjmp	.+14     	; 0x64a <get_three_i32+0x60>
     63c:	80 e0       	ldi	r24, 0x00	; 0
     63e:	05 c0       	rjmp	.+10     	; 0x64a <get_three_i32+0x60>
     640:	80 e0       	ldi	r24, 0x00	; 0
     642:	03 c0       	rjmp	.+6      	; 0x64a <get_three_i32+0x60>
     644:	80 e0       	ldi	r24, 0x00	; 0
     646:	01 c0       	rjmp	.+2      	; 0x64a <get_three_i32+0x60>
     648:	80 e0       	ldi	r24, 0x00	; 0
}
     64a:	df 91       	pop	r29
     64c:	cf 91       	pop	r28
     64e:	1f 91       	pop	r17
     650:	0f 91       	pop	r16
     652:	ff 90       	pop	r15
     654:	ef 90       	pop	r14
     656:	df 90       	pop	r13
     658:	cf 90       	pop	r12
     65a:	08 95       	ret

0000065c <print_calibration>:
    return 1U;
}

static void print_calibration(const calibration_record_t *cal,
                              calibration_status_t status)
{
     65c:	1f 93       	push	r17
     65e:	cf 93       	push	r28
     660:	df 93       	push	r29
     662:	ec 01       	movw	r28, r24
     664:	16 2f       	mov	r17, r22
    uart0_print("$ND280CAL,STATE=");
     666:	8e e3       	ldi	r24, 0x3E	; 62
     668:	91 e0       	ldi	r25, 0x01	; 1
     66a:	0e 94 e0 0e 	call	0x1dc0	; 0x1dc0 <uart0_print>
    uart0_print(status_text(status));
     66e:	81 2f       	mov	r24, r17
     670:	0e 94 2f 02 	call	0x45e	; 0x45e <status_text>
     674:	0e 94 e0 0e 	call	0x1dc0	; 0x1dc0 <uart0_print>
    uart0_print(",VER=");
     678:	89 e4       	ldi	r24, 0x49	; 73
     67a:	96 e0       	ldi	r25, 0x06	; 6
     67c:	0e 94 e0 0e 	call	0x1dc0	; 0x1dc0 <uart0_print>
    uart0_print_uint16(cal->version);
     680:	8c 81       	ldd	r24, Y+4	; 0x04
     682:	9d 81       	ldd	r25, Y+5	; 0x05
     684:	0e 94 02 0f 	call	0x1e04	; 0x1e04 <uart0_print_uint16>
    uart0_print(",COUNT=");
     688:	8f e4       	ldi	r24, 0x4F	; 79
     68a:	91 e0       	ldi	r25, 0x01	; 1
     68c:	0e 94 e0 0e 	call	0x1dc0	; 0x1dc0 <uart0_print>
    uart0_print_uint32(cal->calibration_counter);
     690:	68 a9       	ldd	r22, Y+48	; 0x30
     692:	79 a9       	ldd	r23, Y+49	; 0x31
     694:	8a a9       	ldd	r24, Y+50	; 0x32
     696:	9b a9       	ldd	r25, Y+51	; 0x33
     698:	0e 94 59 0f 	call	0x1eb2	; 0x1eb2 <uart0_print_uint32>
    uart0_print(",OX=");
     69c:	87 e5       	ldi	r24, 0x57	; 87
     69e:	91 e0       	ldi	r25, 0x01	; 1
     6a0:	0e 94 e0 0e 	call	0x1dc0	; 0x1dc0 <uart0_print>
    uart0_print_int32(cal->offset_x_x100);
     6a4:	68 85       	ldd	r22, Y+8	; 0x08
     6a6:	79 85       	ldd	r23, Y+9	; 0x09
     6a8:	8a 85       	ldd	r24, Y+10	; 0x0a
     6aa:	9b 85       	ldd	r25, Y+11	; 0x0b
     6ac:	0e 94 9e 0f 	call	0x1f3c	; 0x1f3c <uart0_print_int32>
    uart0_print(",OY=");
     6b0:	8c e5       	ldi	r24, 0x5C	; 92
     6b2:	91 e0       	ldi	r25, 0x01	; 1
     6b4:	0e 94 e0 0e 	call	0x1dc0	; 0x1dc0 <uart0_print>
    uart0_print_int32(cal->offset_y_x100);
     6b8:	6c 85       	ldd	r22, Y+12	; 0x0c
     6ba:	7d 85       	ldd	r23, Y+13	; 0x0d
     6bc:	8e 85       	ldd	r24, Y+14	; 0x0e
     6be:	9f 85       	ldd	r25, Y+15	; 0x0f
     6c0:	0e 94 9e 0f 	call	0x1f3c	; 0x1f3c <uart0_print_int32>
    uart0_print(",OZ=");
     6c4:	81 e6       	ldi	r24, 0x61	; 97
     6c6:	91 e0       	ldi	r25, 0x01	; 1
     6c8:	0e 94 e0 0e 	call	0x1dc0	; 0x1dc0 <uart0_print>
    uart0_print_int32(cal->offset_z_x100);
     6cc:	68 89       	ldd	r22, Y+16	; 0x10
     6ce:	79 89       	ldd	r23, Y+17	; 0x11
     6d0:	8a 89       	ldd	r24, Y+18	; 0x12
     6d2:	9b 89       	ldd	r25, Y+19	; 0x13
     6d4:	0e 94 9e 0f 	call	0x1f3c	; 0x1f3c <uart0_print_int32>
    uart0_print(",GX=");
     6d8:	86 e6       	ldi	r24, 0x66	; 102
     6da:	91 e0       	ldi	r25, 0x01	; 1
     6dc:	0e 94 e0 0e 	call	0x1dc0	; 0x1dc0 <uart0_print>
    uart0_print_int32(cal->gain_x_ppm);
     6e0:	6c 89       	ldd	r22, Y+20	; 0x14
     6e2:	7d 89       	ldd	r23, Y+21	; 0x15
     6e4:	8e 89       	ldd	r24, Y+22	; 0x16
     6e6:	9f 89       	ldd	r25, Y+23	; 0x17
     6e8:	0e 94 9e 0f 	call	0x1f3c	; 0x1f3c <uart0_print_int32>
    uart0_print(",GY=");
     6ec:	8b e6       	ldi	r24, 0x6B	; 107
     6ee:	91 e0       	ldi	r25, 0x01	; 1
     6f0:	0e 94 e0 0e 	call	0x1dc0	; 0x1dc0 <uart0_print>
    uart0_print_int32(cal->gain_y_ppm);
     6f4:	68 8d       	ldd	r22, Y+24	; 0x18
     6f6:	79 8d       	ldd	r23, Y+25	; 0x19
     6f8:	8a 8d       	ldd	r24, Y+26	; 0x1a
     6fa:	9b 8d       	ldd	r25, Y+27	; 0x1b
     6fc:	0e 94 9e 0f 	call	0x1f3c	; 0x1f3c <uart0_print_int32>
    uart0_print(",GZ=");
     700:	80 e7       	ldi	r24, 0x70	; 112
     702:	91 e0       	ldi	r25, 0x01	; 1
     704:	0e 94 e0 0e 	call	0x1dc0	; 0x1dc0 <uart0_print>
    uart0_print_int32(cal->gain_z_ppm);
     708:	6c 8d       	ldd	r22, Y+28	; 0x1c
     70a:	7d 8d       	ldd	r23, Y+29	; 0x1d
     70c:	8e 8d       	ldd	r24, Y+30	; 0x1e
     70e:	9f 8d       	ldd	r25, Y+31	; 0x1f
     710:	0e 94 9e 0f 	call	0x1f3c	; 0x1f3c <uart0_print_int32>
    uart0_print(",NX=");
     714:	85 e7       	ldi	r24, 0x75	; 117
     716:	91 e0       	ldi	r25, 0x01	; 1
     718:	0e 94 e0 0e 	call	0x1dc0	; 0x1dc0 <uart0_print>
    uart0_print_uint32(cal->noise_sigma_x_x10000);
     71c:	68 a1       	ldd	r22, Y+32	; 0x20
     71e:	79 a1       	ldd	r23, Y+33	; 0x21
     720:	8a a1       	ldd	r24, Y+34	; 0x22
     722:	9b a1       	ldd	r25, Y+35	; 0x23
     724:	0e 94 59 0f 	call	0x1eb2	; 0x1eb2 <uart0_print_uint32>
    uart0_print(",NY=");
     728:	8a e7       	ldi	r24, 0x7A	; 122
     72a:	91 e0       	ldi	r25, 0x01	; 1
     72c:	0e 94 e0 0e 	call	0x1dc0	; 0x1dc0 <uart0_print>
    uart0_print_uint32(cal->noise_sigma_y_x10000);
     730:	6c a1       	ldd	r22, Y+36	; 0x24
     732:	7d a1       	ldd	r23, Y+37	; 0x25
     734:	8e a1       	ldd	r24, Y+38	; 0x26
     736:	9f a1       	ldd	r25, Y+39	; 0x27
     738:	0e 94 59 0f 	call	0x1eb2	; 0x1eb2 <uart0_print_uint32>
    uart0_print(",NZ=");
     73c:	8f e7       	ldi	r24, 0x7F	; 127
     73e:	91 e0       	ldi	r25, 0x01	; 1
     740:	0e 94 e0 0e 	call	0x1dc0	; 0x1dc0 <uart0_print>
    uart0_print_uint32(cal->noise_sigma_z_x10000);
     744:	68 a5       	ldd	r22, Y+40	; 0x28
     746:	79 a5       	ldd	r23, Y+41	; 0x29
     748:	8a a5       	ldd	r24, Y+42	; 0x2a
     74a:	9b a5       	ldd	r25, Y+43	; 0x2b
     74c:	0e 94 59 0f 	call	0x1eb2	; 0x1eb2 <uart0_print_uint32>
    uart0_print(",TCAL=");
     750:	84 e8       	ldi	r24, 0x84	; 132
     752:	91 e0       	ldi	r25, 0x01	; 1
     754:	0e 94 e0 0e 	call	0x1dc0	; 0x1dc0 <uart0_print>
    uart0_print_int32(cal->calibration_temperature_x100);
     758:	6c a5       	ldd	r22, Y+44	; 0x2c
     75a:	7d a5       	ldd	r23, Y+45	; 0x2d
     75c:	8e a5       	ldd	r24, Y+46	; 0x2e
     75e:	9f a5       	ldd	r25, Y+47	; 0x2f
     760:	0e 94 9e 0f 	call	0x1f3c	; 0x1f3c <uart0_print_int32>
    uart0_print("\r\n");
     764:	87 e9       	ldi	r24, 0x97	; 151
     766:	95 e0       	ldi	r25, 0x05	; 5
     768:	0e 94 e0 0e 	call	0x1dc0	; 0x1dc0 <uart0_print>
}
     76c:	df 91       	pop	r29
     76e:	cf 91       	pop	r28
     770:	1f 91       	pop	r17
     772:	08 95       	ret

00000774 <process_command>:

static void process_command(char *line,
                            calibration_record_t *cal,
                            calibration_status_t *status,
                            uint8_t node_id)
{
     774:	6f 92       	push	r6
     776:	7f 92       	push	r7
     778:	8f 92       	push	r8
     77a:	9f 92       	push	r9
     77c:	af 92       	push	r10
     77e:	bf 92       	push	r11
     780:	cf 92       	push	r12
     782:	df 92       	push	r13
     784:	ef 92       	push	r14
     786:	ff 92       	push	r15
     788:	0f 93       	push	r16
     78a:	1f 93       	push	r17
     78c:	cf 93       	push	r28
     78e:	df 93       	push	r29
     790:	cd b7       	in	r28, 0x3d	; 61
     792:	de b7       	in	r29, 0x3e	; 62
     794:	2c 97       	sbiw	r28, 0x0c	; 12
     796:	0f b6       	in	r0, 0x3f	; 63
     798:	f8 94       	cli
     79a:	de bf       	out	0x3e, r29	; 62
     79c:	0f be       	out	0x3f, r0	; 63
     79e:	cd bf       	out	0x3d, r28	; 61
     7a0:	5b 01       	movw	r10, r22
     7a2:	6a 01       	movw	r12, r20
     7a4:	f2 2e       	mov	r15, r18
    char *command = strtok(line, " ");
     7a6:	6b e8       	ldi	r22, 0x8B	; 139
     7a8:	71 e0       	ldi	r23, 0x01	; 1
     7aa:	0e 94 10 14 	call	0x2820	; 0x2820 <strtok>
     7ae:	8c 01       	movw	r16, r24
    if (!command) return;
     7b0:	00 97       	sbiw	r24, 0x00	; 0
     7b2:	09 f4       	brne	.+2      	; 0x7b6 <process_command+0x42>
     7b4:	d0 c1       	rjmp	.+928    	; 0xb56 <__stack+0x257>

    if (strcmp(command, "HELP") == 0) {
     7b6:	6d e8       	ldi	r22, 0x8D	; 141
     7b8:	71 e0       	ldi	r23, 0x01	; 1
     7ba:	0e 94 29 14 	call	0x2852	; 0x2852 <strcmp>
     7be:	89 2b       	or	r24, r25
     7c0:	29 f4       	brne	.+10     	; 0x7cc <process_command+0x58>
        uart0_print("$ND280RSP,COMMANDS=HELP|INFO|IDENTITY|DIAG|CAL READ|CAL OFFSET x y z|CAL GAIN x y z|CAL NOISE x y z|CAL TEMP t|CAL SAVE|CAL RESET\r\n");
     7c2:	82 e9       	ldi	r24, 0x92	; 146
     7c4:	91 e0       	ldi	r25, 0x01	; 1
     7c6:	0e 94 e0 0e 	call	0x1dc0	; 0x1dc0 <uart0_print>
        return;
     7ca:	c5 c1       	rjmp	.+906    	; 0xb56 <__stack+0x257>
    }

    if (strcmp(command, "INFO") == 0 || strcmp(command, "IDENTITY") == 0) {
     7cc:	66 e1       	ldi	r22, 0x16	; 22
     7ce:	72 e0       	ldi	r23, 0x02	; 2
     7d0:	c8 01       	movw	r24, r16
     7d2:	0e 94 29 14 	call	0x2852	; 0x2852 <strcmp>
     7d6:	89 2b       	or	r24, r25
     7d8:	39 f0       	breq	.+14     	; 0x7e8 <process_command+0x74>
     7da:	6b e1       	ldi	r22, 0x1B	; 27
     7dc:	72 e0       	ldi	r23, 0x02	; 2
     7de:	c8 01       	movw	r24, r16
     7e0:	0e 94 29 14 	call	0x2852	; 0x2852 <strcmp>
     7e4:	89 2b       	or	r24, r25
     7e6:	31 f4       	brne	.+12     	; 0x7f4 <process_command+0x80>
        node_identity_print_info(node_id, *status);
     7e8:	f6 01       	movw	r30, r12
     7ea:	60 81       	ld	r22, Z
     7ec:	8f 2d       	mov	r24, r15
     7ee:	0e 94 7f 09 	call	0x12fe	; 0x12fe <node_identity_print_info>
        return;
     7f2:	b1 c1       	rjmp	.+866    	; 0xb56 <__stack+0x257>
    }

    if (strcmp(command, "DIAG") == 0) {
     7f4:	64 e2       	ldi	r22, 0x24	; 36
     7f6:	72 e0       	ldi	r23, 0x02	; 2
     7f8:	c8 01       	movw	r24, r16
     7fa:	0e 94 29 14 	call	0x2852	; 0x2852 <strcmp>
     7fe:	89 2b       	or	r24, r25
     800:	21 f4       	brne	.+8      	; 0x80a <__DATA_REGION_LENGTH__+0xa>
        diagnostics_print_response(node_id);
     802:	8f 2d       	mov	r24, r15
     804:	0e 94 31 07 	call	0xe62	; 0xe62 <diagnostics_print_response>
        return;
     808:	a6 c1       	rjmp	.+844    	; 0xb56 <__stack+0x257>
    }

    if (strcmp(command, "CAL") != 0) {
     80a:	69 e2       	ldi	r22, 0x29	; 41
     80c:	72 e0       	ldi	r23, 0x02	; 2
     80e:	c8 01       	movw	r24, r16
     810:	0e 94 29 14 	call	0x2852	; 0x2852 <strcmp>
     814:	89 2b       	or	r24, r25
     816:	29 f0       	breq	.+10     	; 0x822 <__DATA_REGION_LENGTH__+0x22>
        response_error("UNKNOWN_COMMAND");
     818:	8d e2       	ldi	r24, 0x2D	; 45
     81a:	92 e0       	ldi	r25, 0x02	; 2
     81c:	0e 94 3c 02 	call	0x478	; 0x478 <response_error>
        return;
     820:	9a c1       	rjmp	.+820    	; 0xb56 <__stack+0x257>
    }

    char *subcommand = strtok(0, " ");
     822:	6b e8       	ldi	r22, 0x8B	; 139
     824:	71 e0       	ldi	r23, 0x01	; 1
     826:	80 e0       	ldi	r24, 0x00	; 0
     828:	90 e0       	ldi	r25, 0x00	; 0
     82a:	0e 94 10 14 	call	0x2820	; 0x2820 <strtok>
     82e:	8c 01       	movw	r16, r24
    if (!subcommand) {
     830:	00 97       	sbiw	r24, 0x00	; 0
     832:	29 f4       	brne	.+10     	; 0x83e <__DATA_REGION_LENGTH__+0x3e>
        response_error("MISSING_CAL_SUBCOMMAND");
     834:	8d e3       	ldi	r24, 0x3D	; 61
     836:	92 e0       	ldi	r25, 0x02	; 2
     838:	0e 94 3c 02 	call	0x478	; 0x478 <response_error>
        return;
     83c:	8c c1       	rjmp	.+792    	; 0xb56 <__stack+0x257>
    }

    if (strcmp(subcommand, "READ") == 0) {
     83e:	63 ed       	ldi	r22, 0xD3	; 211
     840:	73 e0       	ldi	r23, 0x03	; 3
     842:	0e 94 29 14 	call	0x2852	; 0x2852 <strcmp>
     846:	89 2b       	or	r24, r25
     848:	31 f4       	brne	.+12     	; 0x856 <__DATA_REGION_LENGTH__+0x56>
        print_calibration(cal, *status);
     84a:	f6 01       	movw	r30, r12
     84c:	60 81       	ld	r22, Z
     84e:	c5 01       	movw	r24, r10
     850:	0e 94 2e 03 	call	0x65c	; 0x65c <print_calibration>
        return;
     854:	80 c1       	rjmp	.+768    	; 0xb56 <__stack+0x257>
    }

    if (strcmp(subcommand, "OFFSET") == 0) {
     856:	6d e6       	ldi	r22, 0x6D	; 109
     858:	72 e0       	ldi	r23, 0x02	; 2
     85a:	c8 01       	movw	r24, r16
     85c:	0e 94 29 14 	call	0x2852	; 0x2852 <strcmp>
     860:	89 2b       	or	r24, r25
     862:	09 f0       	breq	.+2      	; 0x866 <__DATA_REGION_LENGTH__+0x66>
     864:	49 c0       	rjmp	.+146    	; 0x8f8 <__DATA_REGION_LENGTH__+0xf8>
        int32_t x, y, z;
        if (!get_three_i32(strtok(0, " "), strtok(0, " "), strtok(0, " "), &x, &y, &z)) {
     866:	6b e8       	ldi	r22, 0x8B	; 139
     868:	71 e0       	ldi	r23, 0x01	; 1
     86a:	80 e0       	ldi	r24, 0x00	; 0
     86c:	90 e0       	ldi	r25, 0x00	; 0
     86e:	0e 94 10 14 	call	0x2820	; 0x2820 <strtok>
     872:	3c 01       	movw	r6, r24
     874:	6b e8       	ldi	r22, 0x8B	; 139
     876:	71 e0       	ldi	r23, 0x01	; 1
     878:	80 e0       	ldi	r24, 0x00	; 0
     87a:	90 e0       	ldi	r25, 0x00	; 0
     87c:	0e 94 10 14 	call	0x2820	; 0x2820 <strtok>
     880:	4c 01       	movw	r8, r24
     882:	6b e8       	ldi	r22, 0x8B	; 139
     884:	71 e0       	ldi	r23, 0x01	; 1
     886:	80 e0       	ldi	r24, 0x00	; 0
     888:	90 e0       	ldi	r25, 0x00	; 0
     88a:	0e 94 10 14 	call	0x2820	; 0x2820 <strtok>
     88e:	9e 01       	movw	r18, r28
     890:	2f 5f       	subi	r18, 0xFF	; 255
     892:	3f 4f       	sbci	r19, 0xFF	; 255
     894:	79 01       	movw	r14, r18
     896:	8e 01       	movw	r16, r28
     898:	0b 5f       	subi	r16, 0xFB	; 251
     89a:	1f 4f       	sbci	r17, 0xFF	; 255
     89c:	28 5f       	subi	r18, 0xF8	; 248
     89e:	3f 4f       	sbci	r19, 0xFF	; 255
     8a0:	a3 01       	movw	r20, r6
     8a2:	b4 01       	movw	r22, r8
     8a4:	0e 94 f5 02 	call	0x5ea	; 0x5ea <get_three_i32>
     8a8:	81 11       	cpse	r24, r1
     8aa:	05 c0       	rjmp	.+10     	; 0x8b6 <__DATA_REGION_LENGTH__+0xb6>
            response_error("BAD_OFFSET_ARGUMENTS");
     8ac:	84 e5       	ldi	r24, 0x54	; 84
     8ae:	92 e0       	ldi	r25, 0x02	; 2
     8b0:	0e 94 3c 02 	call	0x478	; 0x478 <response_error>
            return;
     8b4:	50 c1       	rjmp	.+672    	; 0xb56 <__stack+0x257>
        }
        cal->offset_x_x100 = x;
     8b6:	89 85       	ldd	r24, Y+9	; 0x09
     8b8:	9a 85       	ldd	r25, Y+10	; 0x0a
     8ba:	ab 85       	ldd	r26, Y+11	; 0x0b
     8bc:	bc 85       	ldd	r27, Y+12	; 0x0c
     8be:	f5 01       	movw	r30, r10
     8c0:	80 87       	std	Z+8, r24	; 0x08
     8c2:	91 87       	std	Z+9, r25	; 0x09
     8c4:	a2 87       	std	Z+10, r26	; 0x0a
     8c6:	b3 87       	std	Z+11, r27	; 0x0b
        cal->offset_y_x100 = y;
     8c8:	8d 81       	ldd	r24, Y+5	; 0x05
     8ca:	9e 81       	ldd	r25, Y+6	; 0x06
     8cc:	af 81       	ldd	r26, Y+7	; 0x07
     8ce:	b8 85       	ldd	r27, Y+8	; 0x08
     8d0:	84 87       	std	Z+12, r24	; 0x0c
     8d2:	95 87       	std	Z+13, r25	; 0x0d
     8d4:	a6 87       	std	Z+14, r26	; 0x0e
     8d6:	b7 87       	std	Z+15, r27	; 0x0f
        cal->offset_z_x100 = z;
     8d8:	89 81       	ldd	r24, Y+1	; 0x01
     8da:	9a 81       	ldd	r25, Y+2	; 0x02
     8dc:	ab 81       	ldd	r26, Y+3	; 0x03
     8de:	bc 81       	ldd	r27, Y+4	; 0x04
     8e0:	80 8b       	std	Z+16, r24	; 0x10
     8e2:	91 8b       	std	Z+17, r25	; 0x11
     8e4:	a2 8b       	std	Z+18, r26	; 0x12
     8e6:	b3 8b       	std	Z+19, r27	; 0x13
        *status = CALIBRATION_STATUS_DIRTY;
     8e8:	82 e0       	ldi	r24, 0x02	; 2
     8ea:	f6 01       	movw	r30, r12
     8ec:	80 83       	st	Z, r24
        response_ok("CAL_OFFSET");
     8ee:	89 e6       	ldi	r24, 0x69	; 105
     8f0:	92 e0       	ldi	r25, 0x02	; 2
     8f2:	0e 94 4d 02 	call	0x49a	; 0x49a <response_ok>
        return;
     8f6:	2f c1       	rjmp	.+606    	; 0xb56 <__stack+0x257>
    }

    if (strcmp(subcommand, "GAIN") == 0) {
     8f8:	6b e8       	ldi	r22, 0x8B	; 139
     8fa:	72 e0       	ldi	r23, 0x02	; 2
     8fc:	c8 01       	movw	r24, r16
     8fe:	0e 94 29 14 	call	0x2852	; 0x2852 <strcmp>
     902:	89 2b       	or	r24, r25
     904:	09 f0       	breq	.+2      	; 0x908 <__stack+0x9>
     906:	58 c0       	rjmp	.+176    	; 0x9b8 <__stack+0xb9>
        int32_t x, y, z;
        if (!get_three_i32(strtok(0, " "), strtok(0, " "), strtok(0, " "), &x, &y, &z) ||
     908:	6b e8       	ldi	r22, 0x8B	; 139
     90a:	71 e0       	ldi	r23, 0x01	; 1
     90c:	80 e0       	ldi	r24, 0x00	; 0
     90e:	90 e0       	ldi	r25, 0x00	; 0
     910:	0e 94 10 14 	call	0x2820	; 0x2820 <strtok>
     914:	3c 01       	movw	r6, r24
     916:	6b e8       	ldi	r22, 0x8B	; 139
     918:	71 e0       	ldi	r23, 0x01	; 1
     91a:	80 e0       	ldi	r24, 0x00	; 0
     91c:	90 e0       	ldi	r25, 0x00	; 0
     91e:	0e 94 10 14 	call	0x2820	; 0x2820 <strtok>
     922:	4c 01       	movw	r8, r24
     924:	6b e8       	ldi	r22, 0x8B	; 139
     926:	71 e0       	ldi	r23, 0x01	; 1
     928:	80 e0       	ldi	r24, 0x00	; 0
     92a:	90 e0       	ldi	r25, 0x00	; 0
     92c:	0e 94 10 14 	call	0x2820	; 0x2820 <strtok>
     930:	9e 01       	movw	r18, r28
     932:	2f 5f       	subi	r18, 0xFF	; 255
     934:	3f 4f       	sbci	r19, 0xFF	; 255
     936:	79 01       	movw	r14, r18
     938:	8e 01       	movw	r16, r28
     93a:	0b 5f       	subi	r16, 0xFB	; 251
     93c:	1f 4f       	sbci	r17, 0xFF	; 255
     93e:	28 5f       	subi	r18, 0xF8	; 248
     940:	3f 4f       	sbci	r19, 0xFF	; 255
     942:	a3 01       	movw	r20, r6
     944:	b4 01       	movw	r22, r8
     946:	0e 94 f5 02 	call	0x5ea	; 0x5ea <get_three_i32>
     94a:	88 23       	and	r24, r24
     94c:	d9 f0       	breq	.+54     	; 0x984 <__stack+0x85>
            x <= 0L || y <= 0L || z <= 0L) {
     94e:	89 85       	ldd	r24, Y+9	; 0x09
     950:	9a 85       	ldd	r25, Y+10	; 0x0a
     952:	ab 85       	ldd	r26, Y+11	; 0x0b
     954:	bc 85       	ldd	r27, Y+12	; 0x0c
        return;
    }

    if (strcmp(subcommand, "GAIN") == 0) {
        int32_t x, y, z;
        if (!get_three_i32(strtok(0, " "), strtok(0, " "), strtok(0, " "), &x, &y, &z) ||
     956:	18 16       	cp	r1, r24
     958:	19 06       	cpc	r1, r25
     95a:	1a 06       	cpc	r1, r26
     95c:	1b 06       	cpc	r1, r27
     95e:	94 f4       	brge	.+36     	; 0x984 <__stack+0x85>
            x <= 0L || y <= 0L || z <= 0L) {
     960:	4d 81       	ldd	r20, Y+5	; 0x05
     962:	5e 81       	ldd	r21, Y+6	; 0x06
     964:	6f 81       	ldd	r22, Y+7	; 0x07
     966:	78 85       	ldd	r23, Y+8	; 0x08
     968:	14 16       	cp	r1, r20
     96a:	15 06       	cpc	r1, r21
     96c:	16 06       	cpc	r1, r22
     96e:	17 06       	cpc	r1, r23
     970:	4c f4       	brge	.+18     	; 0x984 <__stack+0x85>
     972:	09 81       	ldd	r16, Y+1	; 0x01
     974:	1a 81       	ldd	r17, Y+2	; 0x02
     976:	2b 81       	ldd	r18, Y+3	; 0x03
     978:	3c 81       	ldd	r19, Y+4	; 0x04
     97a:	10 16       	cp	r1, r16
     97c:	11 06       	cpc	r1, r17
     97e:	12 06       	cpc	r1, r18
     980:	13 06       	cpc	r1, r19
     982:	2c f0       	brlt	.+10     	; 0x98e <__stack+0x8f>
            response_error("BAD_GAIN_ARGUMENTS");
     984:	84 e7       	ldi	r24, 0x74	; 116
     986:	92 e0       	ldi	r25, 0x02	; 2
     988:	0e 94 3c 02 	call	0x478	; 0x478 <response_error>
            return;
     98c:	e4 c0       	rjmp	.+456    	; 0xb56 <__stack+0x257>
        }
        cal->gain_x_ppm = x;
     98e:	f5 01       	movw	r30, r10
     990:	84 8b       	std	Z+20, r24	; 0x14
     992:	95 8b       	std	Z+21, r25	; 0x15
     994:	a6 8b       	std	Z+22, r26	; 0x16
     996:	b7 8b       	std	Z+23, r27	; 0x17
        cal->gain_y_ppm = y;
     998:	40 8f       	std	Z+24, r20	; 0x18
     99a:	51 8f       	std	Z+25, r21	; 0x19
     99c:	62 8f       	std	Z+26, r22	; 0x1a
     99e:	73 8f       	std	Z+27, r23	; 0x1b
        cal->gain_z_ppm = z;
     9a0:	04 8f       	std	Z+28, r16	; 0x1c
     9a2:	15 8f       	std	Z+29, r17	; 0x1d
     9a4:	26 8f       	std	Z+30, r18	; 0x1e
     9a6:	37 8f       	std	Z+31, r19	; 0x1f
        *status = CALIBRATION_STATUS_DIRTY;
     9a8:	82 e0       	ldi	r24, 0x02	; 2
     9aa:	f6 01       	movw	r30, r12
     9ac:	80 83       	st	Z, r24
        response_ok("CAL_GAIN");
     9ae:	87 e8       	ldi	r24, 0x87	; 135
     9b0:	92 e0       	ldi	r25, 0x02	; 2
     9b2:	0e 94 4d 02 	call	0x49a	; 0x49a <response_ok>
        return;
     9b6:	cf c0       	rjmp	.+414    	; 0xb56 <__stack+0x257>
    }

    if (strcmp(subcommand, "NOISE") == 0) {
     9b8:	68 ea       	ldi	r22, 0xA8	; 168
     9ba:	72 e0       	ldi	r23, 0x02	; 2
     9bc:	c8 01       	movw	r24, r16
     9be:	0e 94 29 14 	call	0x2852	; 0x2852 <strcmp>
     9c2:	89 2b       	or	r24, r25
     9c4:	09 f0       	breq	.+2      	; 0x9c8 <__stack+0xc9>
     9c6:	49 c0       	rjmp	.+146    	; 0xa5a <__stack+0x15b>
        uint32_t x, y, z;
        if (!get_three_u32(strtok(0, " "), strtok(0, " "), strtok(0, " "), &x, &y, &z)) {
     9c8:	6b e8       	ldi	r22, 0x8B	; 139
     9ca:	71 e0       	ldi	r23, 0x01	; 1
     9cc:	80 e0       	ldi	r24, 0x00	; 0
     9ce:	90 e0       	ldi	r25, 0x00	; 0
     9d0:	0e 94 10 14 	call	0x2820	; 0x2820 <strtok>
     9d4:	3c 01       	movw	r6, r24
     9d6:	6b e8       	ldi	r22, 0x8B	; 139
     9d8:	71 e0       	ldi	r23, 0x01	; 1
     9da:	80 e0       	ldi	r24, 0x00	; 0
     9dc:	90 e0       	ldi	r25, 0x00	; 0
     9de:	0e 94 10 14 	call	0x2820	; 0x2820 <strtok>
     9e2:	4c 01       	movw	r8, r24
     9e4:	6b e8       	ldi	r22, 0x8B	; 139
     9e6:	71 e0       	ldi	r23, 0x01	; 1
     9e8:	80 e0       	ldi	r24, 0x00	; 0
     9ea:	90 e0       	ldi	r25, 0x00	; 0
     9ec:	0e 94 10 14 	call	0x2820	; 0x2820 <strtok>
     9f0:	9e 01       	movw	r18, r28
     9f2:	2f 5f       	subi	r18, 0xFF	; 255
     9f4:	3f 4f       	sbci	r19, 0xFF	; 255
     9f6:	79 01       	movw	r14, r18
     9f8:	8e 01       	movw	r16, r28
     9fa:	0b 5f       	subi	r16, 0xFB	; 251
     9fc:	1f 4f       	sbci	r17, 0xFF	; 255
     9fe:	28 5f       	subi	r18, 0xF8	; 248
     a00:	3f 4f       	sbci	r19, 0xFF	; 255
     a02:	a3 01       	movw	r20, r6
     a04:	b4 01       	movw	r22, r8
     a06:	0e 94 8d 02 	call	0x51a	; 0x51a <get_three_u32>
     a0a:	81 11       	cpse	r24, r1
     a0c:	05 c0       	rjmp	.+10     	; 0xa18 <__stack+0x119>
            response_error("BAD_NOISE_ARGUMENTS");
     a0e:	80 e9       	ldi	r24, 0x90	; 144
     a10:	92 e0       	ldi	r25, 0x02	; 2
     a12:	0e 94 3c 02 	call	0x478	; 0x478 <response_error>
            return;
     a16:	9f c0       	rjmp	.+318    	; 0xb56 <__stack+0x257>
        }
        cal->noise_sigma_x_x10000 = x;
     a18:	89 85       	ldd	r24, Y+9	; 0x09
     a1a:	9a 85       	ldd	r25, Y+10	; 0x0a
     a1c:	ab 85       	ldd	r26, Y+11	; 0x0b
     a1e:	bc 85       	ldd	r27, Y+12	; 0x0c
     a20:	f5 01       	movw	r30, r10
     a22:	80 a3       	std	Z+32, r24	; 0x20
     a24:	91 a3       	std	Z+33, r25	; 0x21
     a26:	a2 a3       	std	Z+34, r26	; 0x22
     a28:	b3 a3       	std	Z+35, r27	; 0x23
        cal->noise_sigma_y_x10000 = y;
     a2a:	8d 81       	ldd	r24, Y+5	; 0x05
     a2c:	9e 81       	ldd	r25, Y+6	; 0x06
     a2e:	af 81       	ldd	r26, Y+7	; 0x07
     a30:	b8 85       	ldd	r27, Y+8	; 0x08
     a32:	84 a3       	std	Z+36, r24	; 0x24
     a34:	95 a3       	std	Z+37, r25	; 0x25
     a36:	a6 a3       	std	Z+38, r26	; 0x26
     a38:	b7 a3       	std	Z+39, r27	; 0x27
        cal->noise_sigma_z_x10000 = z;
     a3a:	89 81       	ldd	r24, Y+1	; 0x01
     a3c:	9a 81       	ldd	r25, Y+2	; 0x02
     a3e:	ab 81       	ldd	r26, Y+3	; 0x03
     a40:	bc 81       	ldd	r27, Y+4	; 0x04
     a42:	80 a7       	std	Z+40, r24	; 0x28
     a44:	91 a7       	std	Z+41, r25	; 0x29
     a46:	a2 a7       	std	Z+42, r26	; 0x2a
     a48:	b3 a7       	std	Z+43, r27	; 0x2b
        *status = CALIBRATION_STATUS_DIRTY;
     a4a:	82 e0       	ldi	r24, 0x02	; 2
     a4c:	f6 01       	movw	r30, r12
     a4e:	80 83       	st	Z, r24
        response_ok("CAL_NOISE");
     a50:	84 ea       	ldi	r24, 0xA4	; 164
     a52:	92 e0       	ldi	r25, 0x02	; 2
     a54:	0e 94 4d 02 	call	0x49a	; 0x49a <response_ok>
        return;
     a58:	7e c0       	rjmp	.+252    	; 0xb56 <__stack+0x257>
    }

    if (strcmp(subcommand, "TEMP") == 0) {
     a5a:	64 ec       	ldi	r22, 0xC4	; 196
     a5c:	72 e0       	ldi	r23, 0x02	; 2
     a5e:	c8 01       	movw	r24, r16
     a60:	0e 94 29 14 	call	0x2852	; 0x2852 <strcmp>
     a64:	89 2b       	or	r24, r25
     a66:	29 f5       	brne	.+74     	; 0xab2 <__stack+0x1b3>
        int32_t value;
        char *argument = strtok(0, " ");
     a68:	6b e8       	ldi	r22, 0x8B	; 139
     a6a:	71 e0       	ldi	r23, 0x01	; 1
     a6c:	80 e0       	ldi	r24, 0x00	; 0
     a6e:	90 e0       	ldi	r25, 0x00	; 0
     a70:	0e 94 10 14 	call	0x2820	; 0x2820 <strtok>
        if (!argument || !parse_i32(argument, &value)) {
     a74:	00 97       	sbiw	r24, 0x00	; 0
     a76:	39 f0       	breq	.+14     	; 0xa86 <__stack+0x187>
     a78:	be 01       	movw	r22, r28
     a7a:	6f 5f       	subi	r22, 0xFF	; 255
     a7c:	7f 4f       	sbci	r23, 0xFF	; 255
     a7e:	0e 94 c6 02 	call	0x58c	; 0x58c <parse_i32>
     a82:	81 11       	cpse	r24, r1
     a84:	05 c0       	rjmp	.+10     	; 0xa90 <__stack+0x191>
            response_error("BAD_TEMP_ARGUMENT");
     a86:	8e ea       	ldi	r24, 0xAE	; 174
     a88:	92 e0       	ldi	r25, 0x02	; 2
     a8a:	0e 94 3c 02 	call	0x478	; 0x478 <response_error>
            return;
     a8e:	63 c0       	rjmp	.+198    	; 0xb56 <__stack+0x257>
        }
        cal->calibration_temperature_x100 = value;
     a90:	89 81       	ldd	r24, Y+1	; 0x01
     a92:	9a 81       	ldd	r25, Y+2	; 0x02
     a94:	ab 81       	ldd	r26, Y+3	; 0x03
     a96:	bc 81       	ldd	r27, Y+4	; 0x04
     a98:	f5 01       	movw	r30, r10
     a9a:	84 a7       	std	Z+44, r24	; 0x2c
     a9c:	95 a7       	std	Z+45, r25	; 0x2d
     a9e:	a6 a7       	std	Z+46, r26	; 0x2e
     aa0:	b7 a7       	std	Z+47, r27	; 0x2f
        *status = CALIBRATION_STATUS_DIRTY;
     aa2:	82 e0       	ldi	r24, 0x02	; 2
     aa4:	f6 01       	movw	r30, r12
     aa6:	80 83       	st	Z, r24
        response_ok("CAL_TEMP");
     aa8:	80 ec       	ldi	r24, 0xC0	; 192
     aaa:	92 e0       	ldi	r25, 0x02	; 2
     aac:	0e 94 4d 02 	call	0x49a	; 0x49a <response_ok>
        return;
     ab0:	52 c0       	rjmp	.+164    	; 0xb56 <__stack+0x257>
    }

    if (strcmp(subcommand, "SAVE") == 0) {
     ab2:	6d ec       	ldi	r22, 0xCD	; 205
     ab4:	72 e0       	ldi	r23, 0x02	; 2
     ab6:	c8 01       	movw	r24, r16
     ab8:	0e 94 29 14 	call	0x2852	; 0x2852 <strcmp>
     abc:	89 2b       	or	r24, r25
     abe:	79 f5       	brne	.+94     	; 0xb1e <__stack+0x21f>
        cal->calibration_counter++;
     ac0:	f5 01       	movw	r30, r10
     ac2:	80 a9       	ldd	r24, Z+48	; 0x30
     ac4:	91 a9       	ldd	r25, Z+49	; 0x31
     ac6:	a2 a9       	ldd	r26, Z+50	; 0x32
     ac8:	b3 a9       	ldd	r27, Z+51	; 0x33
     aca:	01 96       	adiw	r24, 0x01	; 1
     acc:	a1 1d       	adc	r26, r1
     ace:	b1 1d       	adc	r27, r1
     ad0:	80 ab       	std	Z+48, r24	; 0x30
     ad2:	91 ab       	std	Z+49, r25	; 0x31
     ad4:	a2 ab       	std	Z+50, r26	; 0x32
     ad6:	b3 ab       	std	Z+51, r27	; 0x33
        if (calibration_save(cal)) {
     ad8:	c5 01       	movw	r24, r10
     ada:	0e 94 6d 01 	call	0x2da	; 0x2da <calibration_save>
     ade:	88 23       	and	r24, r24
     ae0:	69 f0       	breq	.+26     	; 0xafc <__stack+0x1fd>
            *status = CALIBRATION_STATUS_VALID;
     ae2:	81 e0       	ldi	r24, 0x01	; 1
     ae4:	f6 01       	movw	r30, r12
     ae6:	80 83       	st	Z, r24
            response_ok("CAL_SAVE");
     ae8:	89 ec       	ldi	r24, 0xC9	; 201
     aea:	92 e0       	ldi	r25, 0x02	; 2
     aec:	0e 94 4d 02 	call	0x49a	; 0x49a <response_ok>
            print_calibration(cal, *status);
     af0:	f6 01       	movw	r30, r12
     af2:	60 81       	ld	r22, Z
     af4:	c5 01       	movw	r24, r10
     af6:	0e 94 2e 03 	call	0x65c	; 0x65c <print_calibration>
     afa:	2d c0       	rjmp	.+90     	; 0xb56 <__stack+0x257>
        } else {
            cal->calibration_counter--;
     afc:	f5 01       	movw	r30, r10
     afe:	80 a9       	ldd	r24, Z+48	; 0x30
     b00:	91 a9       	ldd	r25, Z+49	; 0x31
     b02:	a2 a9       	ldd	r26, Z+50	; 0x32
     b04:	b3 a9       	ldd	r27, Z+51	; 0x33
     b06:	01 97       	sbiw	r24, 0x01	; 1
     b08:	a1 09       	sbc	r26, r1
     b0a:	b1 09       	sbc	r27, r1
     b0c:	80 ab       	std	Z+48, r24	; 0x30
     b0e:	91 ab       	std	Z+49, r25	; 0x31
     b10:	a2 ab       	std	Z+50, r26	; 0x32
     b12:	b3 ab       	std	Z+51, r27	; 0x33
            response_error("EEPROM_VERIFY_FAILED");
     b14:	82 ed       	ldi	r24, 0xD2	; 210
     b16:	92 e0       	ldi	r25, 0x02	; 2
     b18:	0e 94 3c 02 	call	0x478	; 0x478 <response_error>
     b1c:	1c c0       	rjmp	.+56     	; 0xb56 <__stack+0x257>
        }
        return;
    }

    if (strcmp(subcommand, "RESET") == 0) {
     b1e:	6b ee       	ldi	r22, 0xEB	; 235
     b20:	72 e0       	ldi	r23, 0x02	; 2
     b22:	c8 01       	movw	r24, r16
     b24:	0e 94 29 14 	call	0x2852	; 0x2852 <strcmp>
     b28:	89 2b       	or	r24, r25
     b2a:	89 f4       	brne	.+34     	; 0xb4e <__stack+0x24f>
        calibration_factory_reset();
     b2c:	0e 94 c0 01 	call	0x380	; 0x380 <calibration_factory_reset>
        calibration_make_defaults(cal);
     b30:	c5 01       	movw	r24, r10
     b32:	0e 94 03 01 	call	0x206	; 0x206 <calibration_make_defaults>
        *status = CALIBRATION_STATUS_DEFAULT;
     b36:	f6 01       	movw	r30, r12
     b38:	10 82       	st	Z, r1
        response_ok("CAL_RESET");
     b3a:	87 ee       	ldi	r24, 0xE7	; 231
     b3c:	92 e0       	ldi	r25, 0x02	; 2
     b3e:	0e 94 4d 02 	call	0x49a	; 0x49a <response_ok>
        print_calibration(cal, *status);
     b42:	f6 01       	movw	r30, r12
     b44:	60 81       	ld	r22, Z
     b46:	c5 01       	movw	r24, r10
     b48:	0e 94 2e 03 	call	0x65c	; 0x65c <print_calibration>
        return;
     b4c:	04 c0       	rjmp	.+8      	; 0xb56 <__stack+0x257>
    }

    response_error("UNKNOWN_CAL_SUBCOMMAND");
     b4e:	81 ef       	ldi	r24, 0xF1	; 241
     b50:	92 e0       	ldi	r25, 0x02	; 2
     b52:	0e 94 3c 02 	call	0x478	; 0x478 <response_error>
}
     b56:	2c 96       	adiw	r28, 0x0c	; 12
     b58:	0f b6       	in	r0, 0x3f	; 63
     b5a:	f8 94       	cli
     b5c:	de bf       	out	0x3e, r29	; 62
     b5e:	0f be       	out	0x3f, r0	; 63
     b60:	cd bf       	out	0x3d, r28	; 61
     b62:	df 91       	pop	r29
     b64:	cf 91       	pop	r28
     b66:	1f 91       	pop	r17
     b68:	0f 91       	pop	r16
     b6a:	ff 90       	pop	r15
     b6c:	ef 90       	pop	r14
     b6e:	df 90       	pop	r13
     b70:	cf 90       	pop	r12
     b72:	bf 90       	pop	r11
     b74:	af 90       	pop	r10
     b76:	9f 90       	pop	r9
     b78:	8f 90       	pop	r8
     b7a:	7f 90       	pop	r7
     b7c:	6f 90       	pop	r6
     b7e:	08 95       	ret

00000b80 <commands_process_pending>:

void commands_process_pending(calibration_record_t *calibration,
                              calibration_status_t *status,
                              uint8_t node_id)
{
     b80:	df 92       	push	r13
     b82:	ef 92       	push	r14
     b84:	ff 92       	push	r15
     b86:	0f 93       	push	r16
     b88:	1f 93       	push	r17
     b8a:	cf 93       	push	r28
     b8c:	df 93       	push	r29
     b8e:	cd b7       	in	r28, 0x3d	; 61
     b90:	de b7       	in	r29, 0x3e	; 62
     b92:	c0 56       	subi	r28, 0x60	; 96
     b94:	d1 09       	sbc	r29, r1
     b96:	0f b6       	in	r0, 0x3f	; 63
     b98:	f8 94       	cli
     b9a:	de bf       	out	0x3e, r29	; 62
     b9c:	0f be       	out	0x3f, r0	; 63
     b9e:	cd bf       	out	0x3d, r28	; 61
     ba0:	8c 01       	movw	r16, r24
     ba2:	7b 01       	movw	r14, r22
     ba4:	d4 2e       	mov	r13, r20
    char line[UART0_COMMAND_MAX_LENGTH];

    if (uart0_rx_overflowed()) {
     ba6:	0e 94 5f 10 	call	0x20be	; 0x20be <uart0_rx_overflowed>
     baa:	88 23       	and	r24, r24
     bac:	91 f0       	breq	.+36     	; 0xbd2 <commands_process_pending+0x52>
        uart0_clear_rx_overflow();
     bae:	0e 94 62 10 	call	0x20c4	; 0x20c4 <uart0_clear_rx_overflow>
        diagnostics_record_uart_rx_overflow();
     bb2:	0e 94 15 07 	call	0xe2a	; 0xe2a <diagnostics_record_uart_rx_overflow>
        response_error("UART_RX_OVERFLOW");
     bb6:	88 e0       	ldi	r24, 0x08	; 8
     bb8:	93 e0       	ldi	r25, 0x03	; 3
     bba:	0e 94 3c 02 	call	0x478	; 0x478 <response_error>
     bbe:	09 c0       	rjmp	.+18     	; 0xbd2 <commands_process_pending+0x52>
    }

    while (uart0_readline(line, sizeof(line))) {
        diagnostics_record_uart_command();
     bc0:	0e 94 07 07 	call	0xe0e	; 0xe0e <diagnostics_record_uart_command>
        process_command(line, calibration, status, node_id);
     bc4:	2d 2d       	mov	r18, r13
     bc6:	a7 01       	movw	r20, r14
     bc8:	b8 01       	movw	r22, r16
     bca:	ce 01       	movw	r24, r28
     bcc:	01 96       	adiw	r24, 0x01	; 1
     bce:	0e 94 ba 03 	call	0x774	; 0x774 <process_command>
        uart0_clear_rx_overflow();
        diagnostics_record_uart_rx_overflow();
        response_error("UART_RX_OVERFLOW");
    }

    while (uart0_readline(line, sizeof(line))) {
     bd2:	60 e6       	ldi	r22, 0x60	; 96
     bd4:	ce 01       	movw	r24, r28
     bd6:	01 96       	adiw	r24, 0x01	; 1
     bd8:	0e 94 fb 0f 	call	0x1ff6	; 0x1ff6 <uart0_readline>
     bdc:	81 11       	cpse	r24, r1
     bde:	f0 cf       	rjmp	.-32     	; 0xbc0 <commands_process_pending+0x40>
        diagnostics_record_uart_command();
        process_command(line, calibration, status, node_id);
    }
}
     be0:	c0 5a       	subi	r28, 0xA0	; 160
     be2:	df 4f       	sbci	r29, 0xFF	; 255
     be4:	0f b6       	in	r0, 0x3f	; 63
     be6:	f8 94       	cli
     be8:	de bf       	out	0x3e, r29	; 62
     bea:	0f be       	out	0x3f, r0	; 63
     bec:	cd bf       	out	0x3d, r28	; 61
     bee:	df 91       	pop	r29
     bf0:	cf 91       	pop	r28
     bf2:	1f 91       	pop	r17
     bf4:	0f 91       	pop	r16
     bf6:	ff 90       	pop	r15
     bf8:	ef 90       	pop	r14
     bfa:	df 90       	pop	r13
     bfc:	08 95       	ret

00000bfe <crc16_ccitt>:
#include "crc16.h"

uint16_t crc16_ccitt(const void *data, size_t length)
{
     bfe:	dc 01       	movw	r26, r24
    const uint8_t *bytes = (const uint8_t *)data;
    uint16_t crc = 0xFFFFU;

    for (size_t i = 0; i < length; i++) {
     c00:	40 e0       	ldi	r20, 0x00	; 0
     c02:	50 e0       	ldi	r21, 0x00	; 0
#include "crc16.h"

uint16_t crc16_ccitt(const void *data, size_t length)
{
    const uint8_t *bytes = (const uint8_t *)data;
    uint16_t crc = 0xFFFFU;
     c04:	8f ef       	ldi	r24, 0xFF	; 255
     c06:	9f ef       	ldi	r25, 0xFF	; 255

    for (size_t i = 0; i < length; i++) {
     c08:	1b c0       	rjmp	.+54     	; 0xc40 <crc16_ccitt+0x42>
        crc ^= (uint16_t)bytes[i] << 8;
     c0a:	fd 01       	movw	r30, r26
     c0c:	e4 0f       	add	r30, r20
     c0e:	f5 1f       	adc	r31, r21
     c10:	20 81       	ld	r18, Z
     c12:	30 e0       	ldi	r19, 0x00	; 0
     c14:	32 2f       	mov	r19, r18
     c16:	22 27       	eor	r18, r18
     c18:	82 27       	eor	r24, r18
     c1a:	93 27       	eor	r25, r19
        for (uint8_t bit = 0; bit < 8U; bit++) {
     c1c:	20 e0       	ldi	r18, 0x00	; 0
     c1e:	0c c0       	rjmp	.+24     	; 0xc38 <crc16_ccitt+0x3a>
            if (crc & 0x8000U) {
     c20:	99 23       	and	r25, r25
     c22:	3c f4       	brge	.+14     	; 0xc32 <crc16_ccitt+0x34>
                crc = (uint16_t)((crc << 1) ^ 0x1021U);
     c24:	88 0f       	add	r24, r24
     c26:	99 1f       	adc	r25, r25
     c28:	31 e2       	ldi	r19, 0x21	; 33
     c2a:	83 27       	eor	r24, r19
     c2c:	30 e1       	ldi	r19, 0x10	; 16
     c2e:	93 27       	eor	r25, r19
     c30:	02 c0       	rjmp	.+4      	; 0xc36 <crc16_ccitt+0x38>
            } else {
                crc <<= 1;
     c32:	88 0f       	add	r24, r24
     c34:	99 1f       	adc	r25, r25
    const uint8_t *bytes = (const uint8_t *)data;
    uint16_t crc = 0xFFFFU;

    for (size_t i = 0; i < length; i++) {
        crc ^= (uint16_t)bytes[i] << 8;
        for (uint8_t bit = 0; bit < 8U; bit++) {
     c36:	2f 5f       	subi	r18, 0xFF	; 255
     c38:	28 30       	cpi	r18, 0x08	; 8
     c3a:	90 f3       	brcs	.-28     	; 0xc20 <crc16_ccitt+0x22>
uint16_t crc16_ccitt(const void *data, size_t length)
{
    const uint8_t *bytes = (const uint8_t *)data;
    uint16_t crc = 0xFFFFU;

    for (size_t i = 0; i < length; i++) {
     c3c:	4f 5f       	subi	r20, 0xFF	; 255
     c3e:	5f 4f       	sbci	r21, 0xFF	; 255
     c40:	46 17       	cp	r20, r22
     c42:	57 07       	cpc	r21, r23
     c44:	10 f3       	brcs	.-60     	; 0xc0a <crc16_ccitt+0xc>
            }
        }
    }

    return crc;
}
     c46:	08 95       	ret

00000c48 <timer0_init_1ms>:
void diagnostics_record_uart_rx_overflow(void)     { counters.uart_rx_overflows++; }
void diagnostics_record_eeprom_error(void)         { counters.eeprom_errors++; }

void diagnostics_get_counters(diagnostics_counters_t *destination)
{
    if (destination != 0) *destination = counters;
     c48:	82 e0       	ldi	r24, 0x02	; 2
     c4a:	84 bd       	out	0x24, r24	; 36
     c4c:	85 bd       	out	0x25, r24	; 37
     c4e:	8c e7       	ldi	r24, 0x7C	; 124
     c50:	87 bd       	out	0x27, r24	; 39
     c52:	16 bc       	out	0x26, r1	; 38
     c54:	ee e6       	ldi	r30, 0x6E	; 110
     c56:	f0 e0       	ldi	r31, 0x00	; 0
     c58:	80 81       	ld	r24, Z
     c5a:	82 60       	ori	r24, 0x02	; 2
     c5c:	80 83       	st	Z, r24
     c5e:	08 95       	ret

00000c60 <__vector_14>:
     c60:	1f 92       	push	r1
     c62:	0f 92       	push	r0
     c64:	0f b6       	in	r0, 0x3f	; 63
     c66:	0f 92       	push	r0
     c68:	11 24       	eor	r1, r1
     c6a:	8f 93       	push	r24
     c6c:	9f 93       	push	r25
     c6e:	af 93       	push	r26
     c70:	bf 93       	push	r27
     c72:	80 91 9d 06 	lds	r24, 0x069D	; 0x80069d <uptime_ms>
     c76:	90 91 9e 06 	lds	r25, 0x069E	; 0x80069e <uptime_ms+0x1>
     c7a:	a0 91 9f 06 	lds	r26, 0x069F	; 0x80069f <uptime_ms+0x2>
     c7e:	b0 91 a0 06 	lds	r27, 0x06A0	; 0x8006a0 <uptime_ms+0x3>
     c82:	01 96       	adiw	r24, 0x01	; 1
     c84:	a1 1d       	adc	r26, r1
     c86:	b1 1d       	adc	r27, r1
     c88:	80 93 9d 06 	sts	0x069D, r24	; 0x80069d <uptime_ms>
     c8c:	90 93 9e 06 	sts	0x069E, r25	; 0x80069e <uptime_ms+0x1>
     c90:	a0 93 9f 06 	sts	0x069F, r26	; 0x80069f <uptime_ms+0x2>
     c94:	b0 93 a0 06 	sts	0x06A0, r27	; 0x8006a0 <uptime_ms+0x3>
     c98:	bf 91       	pop	r27
     c9a:	af 91       	pop	r26
     c9c:	9f 91       	pop	r25
     c9e:	8f 91       	pop	r24
     ca0:	0f 90       	pop	r0
     ca2:	0f be       	out	0x3f, r0	; 63
     ca4:	0f 90       	pop	r0
     ca6:	1f 90       	pop	r1
     ca8:	18 95       	reti

00000caa <diagnostics_init>:
     caa:	84 b7       	in	r24, 0x34	; 52
     cac:	80 93 98 06 	sts	0x0698, r24	; 0x800698 <reset_flags>
     cb0:	14 be       	out	0x34, r1	; 52
     cb2:	e0 e8       	ldi	r30, 0x80	; 128
     cb4:	f6 e0       	ldi	r31, 0x06	; 6
     cb6:	10 82       	st	Z, r1
     cb8:	11 82       	std	Z+1, r1	; 0x01
     cba:	12 82       	std	Z+2, r1	; 0x02
     cbc:	13 82       	std	Z+3, r1	; 0x03
     cbe:	14 82       	std	Z+4, r1	; 0x04
     cc0:	15 82       	std	Z+5, r1	; 0x05
     cc2:	16 82       	std	Z+6, r1	; 0x06
     cc4:	17 82       	std	Z+7, r1	; 0x07
     cc6:	10 86       	std	Z+8, r1	; 0x08
     cc8:	11 86       	std	Z+9, r1	; 0x09
     cca:	12 86       	std	Z+10, r1	; 0x0a
     ccc:	13 86       	std	Z+11, r1	; 0x0b
     cce:	14 86       	std	Z+12, r1	; 0x0c
     cd0:	15 86       	std	Z+13, r1	; 0x0d
     cd2:	16 86       	std	Z+14, r1	; 0x0e
     cd4:	17 86       	std	Z+15, r1	; 0x0f
     cd6:	10 8a       	std	Z+16, r1	; 0x10
     cd8:	11 8a       	std	Z+17, r1	; 0x11
     cda:	12 8a       	std	Z+18, r1	; 0x12
     cdc:	13 8a       	std	Z+19, r1	; 0x13
     cde:	14 8a       	std	Z+20, r1	; 0x14
     ce0:	15 8a       	std	Z+21, r1	; 0x15
     ce2:	16 8a       	std	Z+22, r1	; 0x16
     ce4:	17 8a       	std	Z+23, r1	; 0x17
     ce6:	10 92 9d 06 	sts	0x069D, r1	; 0x80069d <uptime_ms>
     cea:	10 92 9e 06 	sts	0x069E, r1	; 0x80069e <uptime_ms+0x1>
     cee:	10 92 9f 06 	sts	0x069F, r1	; 0x80069f <uptime_ms+0x2>
     cf2:	10 92 a0 06 	sts	0x06A0, r1	; 0x8006a0 <uptime_ms+0x3>
     cf6:	88 e3       	ldi	r24, 0x38	; 56
     cf8:	90 e0       	ldi	r25, 0x00	; 0
     cfa:	0e 94 6c 14 	call	0x28d8	; 0x28d8 <eeprom_read_dword>
     cfe:	60 93 99 06 	sts	0x0699, r22	; 0x800699 <boot_count>
     d02:	70 93 9a 06 	sts	0x069A, r23	; 0x80069a <boot_count+0x1>
     d06:	80 93 9b 06 	sts	0x069B, r24	; 0x80069b <boot_count+0x2>
     d0a:	90 93 9c 06 	sts	0x069C, r25	; 0x80069c <boot_count+0x3>
     d0e:	6f 3f       	cpi	r22, 0xFF	; 255
     d10:	7f 4f       	sbci	r23, 0xFF	; 255
     d12:	8f 4f       	sbci	r24, 0xFF	; 255
     d14:	9f 4f       	sbci	r25, 0xFF	; 255
     d16:	41 f4       	brne	.+16     	; 0xd28 <diagnostics_init+0x7e>
     d18:	10 92 99 06 	sts	0x0699, r1	; 0x800699 <boot_count>
     d1c:	10 92 9a 06 	sts	0x069A, r1	; 0x80069a <boot_count+0x1>
     d20:	10 92 9b 06 	sts	0x069B, r1	; 0x80069b <boot_count+0x2>
     d24:	10 92 9c 06 	sts	0x069C, r1	; 0x80069c <boot_count+0x3>
     d28:	40 91 99 06 	lds	r20, 0x0699	; 0x800699 <boot_count>
     d2c:	50 91 9a 06 	lds	r21, 0x069A	; 0x80069a <boot_count+0x1>
     d30:	60 91 9b 06 	lds	r22, 0x069B	; 0x80069b <boot_count+0x2>
     d34:	70 91 9c 06 	lds	r23, 0x069C	; 0x80069c <boot_count+0x3>
     d38:	4f 5f       	subi	r20, 0xFF	; 255
     d3a:	5f 4f       	sbci	r21, 0xFF	; 255
     d3c:	6f 4f       	sbci	r22, 0xFF	; 255
     d3e:	7f 4f       	sbci	r23, 0xFF	; 255
     d40:	40 93 99 06 	sts	0x0699, r20	; 0x800699 <boot_count>
     d44:	50 93 9a 06 	sts	0x069A, r21	; 0x80069a <boot_count+0x1>
     d48:	60 93 9b 06 	sts	0x069B, r22	; 0x80069b <boot_count+0x2>
     d4c:	70 93 9c 06 	sts	0x069C, r23	; 0x80069c <boot_count+0x3>
     d50:	88 e3       	ldi	r24, 0x38	; 56
     d52:	90 e0       	ldi	r25, 0x00	; 0
     d54:	0e 94 94 14 	call	0x2928	; 0x2928 <eeprom_update_dword>
     d58:	0e 94 24 06 	call	0xc48	; 0xc48 <timer0_init_1ms>
     d5c:	08 95       	ret

00000d5e <diagnostics_get_uptime_ms>:
     d5e:	2f b7       	in	r18, 0x3f	; 63
     d60:	f8 94       	cli
     d62:	60 91 9d 06 	lds	r22, 0x069D	; 0x80069d <uptime_ms>
     d66:	70 91 9e 06 	lds	r23, 0x069E	; 0x80069e <uptime_ms+0x1>
     d6a:	80 91 9f 06 	lds	r24, 0x069F	; 0x80069f <uptime_ms+0x2>
     d6e:	90 91 a0 06 	lds	r25, 0x06A0	; 0x8006a0 <uptime_ms+0x3>
     d72:	2f bf       	out	0x3f, r18	; 63
     d74:	08 95       	ret

00000d76 <diagnostics_get_boot_count>:
     d76:	60 91 99 06 	lds	r22, 0x0699	; 0x800699 <boot_count>
     d7a:	70 91 9a 06 	lds	r23, 0x069A	; 0x80069a <boot_count+0x1>
     d7e:	80 91 9b 06 	lds	r24, 0x069B	; 0x80069b <boot_count+0x2>
     d82:	90 91 9c 06 	lds	r25, 0x069C	; 0x80069c <boot_count+0x3>
     d86:	08 95       	ret

00000d88 <diagnostics_get_reset_cause_text>:
     d88:	80 91 98 06 	lds	r24, 0x0698	; 0x800698 <reset_flags>
     d8c:	83 fd       	sbrc	r24, 3
     d8e:	09 c0       	rjmp	.+18     	; 0xda2 <diagnostics_get_reset_cause_text+0x1a>
     d90:	82 fd       	sbrc	r24, 2
     d92:	0a c0       	rjmp	.+20     	; 0xda8 <diagnostics_get_reset_cause_text+0x20>
     d94:	81 fd       	sbrc	r24, 1
     d96:	0b c0       	rjmp	.+22     	; 0xdae <diagnostics_get_reset_cause_text+0x26>
     d98:	80 ff       	sbrs	r24, 0
     d9a:	0c c0       	rjmp	.+24     	; 0xdb4 <diagnostics_get_reset_cause_text+0x2c>
     d9c:	85 e3       	ldi	r24, 0x35	; 53
     d9e:	93 e0       	ldi	r25, 0x03	; 3
     da0:	08 95       	ret
     da2:	89 e1       	ldi	r24, 0x19	; 25
     da4:	93 e0       	ldi	r25, 0x03	; 3
     da6:	08 95       	ret
     da8:	82 e2       	ldi	r24, 0x22	; 34
     daa:	93 e0       	ldi	r25, 0x03	; 3
     dac:	08 95       	ret
     dae:	8c e2       	ldi	r24, 0x2C	; 44
     db0:	93 e0       	ldi	r25, 0x03	; 3
     db2:	08 95       	ret
     db4:	8e e3       	ldi	r24, 0x3E	; 62
     db6:	93 e0       	ldi	r25, 0x03	; 3
     db8:	08 95       	ret

00000dba <diagnostics_record_measurement_ok>:
     dba:	e0 e8       	ldi	r30, 0x80	; 128
     dbc:	f6 e0       	ldi	r31, 0x06	; 6
     dbe:	80 81       	ld	r24, Z
     dc0:	91 81       	ldd	r25, Z+1	; 0x01
     dc2:	a2 81       	ldd	r26, Z+2	; 0x02
     dc4:	b3 81       	ldd	r27, Z+3	; 0x03
     dc6:	01 96       	adiw	r24, 0x01	; 1
     dc8:	a1 1d       	adc	r26, r1
     dca:	b1 1d       	adc	r27, r1
     dcc:	80 83       	st	Z, r24
     dce:	91 83       	std	Z+1, r25	; 0x01
     dd0:	a2 83       	std	Z+2, r26	; 0x02
     dd2:	b3 83       	std	Z+3, r27	; 0x03
     dd4:	08 95       	ret

00000dd6 <diagnostics_record_measurement_failed>:
     dd6:	e0 e8       	ldi	r30, 0x80	; 128
     dd8:	f6 e0       	ldi	r31, 0x06	; 6
     dda:	84 81       	ldd	r24, Z+4	; 0x04
     ddc:	95 81       	ldd	r25, Z+5	; 0x05
     dde:	a6 81       	ldd	r26, Z+6	; 0x06
     de0:	b7 81       	ldd	r27, Z+7	; 0x07
     de2:	01 96       	adiw	r24, 0x01	; 1
     de4:	a1 1d       	adc	r26, r1
     de6:	b1 1d       	adc	r27, r1
     de8:	84 83       	std	Z+4, r24	; 0x04
     dea:	95 83       	std	Z+5, r25	; 0x05
     dec:	a6 83       	std	Z+6, r26	; 0x06
     dee:	b7 83       	std	Z+7, r27	; 0x07
     df0:	08 95       	ret

00000df2 <diagnostics_record_twi_error>:
     df2:	e0 e8       	ldi	r30, 0x80	; 128
     df4:	f6 e0       	ldi	r31, 0x06	; 6
     df6:	80 85       	ldd	r24, Z+8	; 0x08
     df8:	91 85       	ldd	r25, Z+9	; 0x09
     dfa:	a2 85       	ldd	r26, Z+10	; 0x0a
     dfc:	b3 85       	ldd	r27, Z+11	; 0x0b
     dfe:	01 96       	adiw	r24, 0x01	; 1
     e00:	a1 1d       	adc	r26, r1
     e02:	b1 1d       	adc	r27, r1
     e04:	80 87       	std	Z+8, r24	; 0x08
     e06:	91 87       	std	Z+9, r25	; 0x09
     e08:	a2 87       	std	Z+10, r26	; 0x0a
     e0a:	b3 87       	std	Z+11, r27	; 0x0b
     e0c:	08 95       	ret

00000e0e <diagnostics_record_uart_command>:
     e0e:	e0 e8       	ldi	r30, 0x80	; 128
     e10:	f6 e0       	ldi	r31, 0x06	; 6
     e12:	84 85       	ldd	r24, Z+12	; 0x0c
     e14:	95 85       	ldd	r25, Z+13	; 0x0d
     e16:	a6 85       	ldd	r26, Z+14	; 0x0e
     e18:	b7 85       	ldd	r27, Z+15	; 0x0f
     e1a:	01 96       	adiw	r24, 0x01	; 1
     e1c:	a1 1d       	adc	r26, r1
     e1e:	b1 1d       	adc	r27, r1
     e20:	84 87       	std	Z+12, r24	; 0x0c
     e22:	95 87       	std	Z+13, r25	; 0x0d
     e24:	a6 87       	std	Z+14, r26	; 0x0e
     e26:	b7 87       	std	Z+15, r27	; 0x0f
     e28:	08 95       	ret

00000e2a <diagnostics_record_uart_rx_overflow>:
     e2a:	e0 e8       	ldi	r30, 0x80	; 128
     e2c:	f6 e0       	ldi	r31, 0x06	; 6
     e2e:	80 89       	ldd	r24, Z+16	; 0x10
     e30:	91 89       	ldd	r25, Z+17	; 0x11
     e32:	a2 89       	ldd	r26, Z+18	; 0x12
     e34:	b3 89       	ldd	r27, Z+19	; 0x13
     e36:	01 96       	adiw	r24, 0x01	; 1
     e38:	a1 1d       	adc	r26, r1
     e3a:	b1 1d       	adc	r27, r1
     e3c:	80 8b       	std	Z+16, r24	; 0x10
     e3e:	91 8b       	std	Z+17, r25	; 0x11
     e40:	a2 8b       	std	Z+18, r26	; 0x12
     e42:	b3 8b       	std	Z+19, r27	; 0x13
     e44:	08 95       	ret

00000e46 <diagnostics_record_eeprom_error>:
     e46:	e0 e8       	ldi	r30, 0x80	; 128
     e48:	f6 e0       	ldi	r31, 0x06	; 6
     e4a:	84 89       	ldd	r24, Z+20	; 0x14
     e4c:	95 89       	ldd	r25, Z+21	; 0x15
     e4e:	a6 89       	ldd	r26, Z+22	; 0x16
     e50:	b7 89       	ldd	r27, Z+23	; 0x17
     e52:	01 96       	adiw	r24, 0x01	; 1
     e54:	a1 1d       	adc	r26, r1
     e56:	b1 1d       	adc	r27, r1
     e58:	84 8b       	std	Z+20, r24	; 0x14
     e5a:	95 8b       	std	Z+21, r25	; 0x15
     e5c:	a6 8b       	std	Z+22, r26	; 0x16
     e5e:	b7 8b       	std	Z+23, r27	; 0x17
     e60:	08 95       	ret

00000e62 <diagnostics_print_response>:
}

void diagnostics_print_response(uint8_t node_id)
{
     e62:	cf 93       	push	r28
     e64:	df 93       	push	r29
     e66:	c8 2f       	mov	r28, r24
    uart0_print("$ND280DIAG,ID=");
     e68:	86 e4       	ldi	r24, 0x46	; 70
     e6a:	93 e0       	ldi	r25, 0x03	; 3
     e6c:	0e 94 e0 0e 	call	0x1dc0	; 0x1dc0 <uart0_print>
    uart0_print_uint16(node_id);
     e70:	8c 2f       	mov	r24, r28
     e72:	90 e0       	ldi	r25, 0x00	; 0
     e74:	0e 94 02 0f 	call	0x1e04	; 0x1e04 <uart0_print_uint16>
    uart0_print(",UPTIME_MS=");
     e78:	85 e5       	ldi	r24, 0x55	; 85
     e7a:	93 e0       	ldi	r25, 0x03	; 3
     e7c:	0e 94 e0 0e 	call	0x1dc0	; 0x1dc0 <uart0_print>
    uart0_print_uint32(diagnostics_get_uptime_ms());
     e80:	0e 94 af 06 	call	0xd5e	; 0xd5e <diagnostics_get_uptime_ms>
     e84:	0e 94 59 0f 	call	0x1eb2	; 0x1eb2 <uart0_print_uint32>
    uart0_print(",BOOTS=");
     e88:	81 e6       	ldi	r24, 0x61	; 97
     e8a:	93 e0       	ldi	r25, 0x03	; 3
     e8c:	0e 94 e0 0e 	call	0x1dc0	; 0x1dc0 <uart0_print>
    uart0_print_uint32(boot_count);
     e90:	60 91 99 06 	lds	r22, 0x0699	; 0x800699 <boot_count>
     e94:	70 91 9a 06 	lds	r23, 0x069A	; 0x80069a <boot_count+0x1>
     e98:	80 91 9b 06 	lds	r24, 0x069B	; 0x80069b <boot_count+0x2>
     e9c:	90 91 9c 06 	lds	r25, 0x069C	; 0x80069c <boot_count+0x3>
     ea0:	0e 94 59 0f 	call	0x1eb2	; 0x1eb2 <uart0_print_uint32>
    uart0_print(",MEAS_OK=");
     ea4:	89 e6       	ldi	r24, 0x69	; 105
     ea6:	93 e0       	ldi	r25, 0x03	; 3
     ea8:	0e 94 e0 0e 	call	0x1dc0	; 0x1dc0 <uart0_print>
    uart0_print_uint32(counters.measurements_ok);
     eac:	c0 e8       	ldi	r28, 0x80	; 128
     eae:	d6 e0       	ldi	r29, 0x06	; 6
     eb0:	68 81       	ld	r22, Y
     eb2:	79 81       	ldd	r23, Y+1	; 0x01
     eb4:	8a 81       	ldd	r24, Y+2	; 0x02
     eb6:	9b 81       	ldd	r25, Y+3	; 0x03
     eb8:	0e 94 59 0f 	call	0x1eb2	; 0x1eb2 <uart0_print_uint32>
    uart0_print(",MEAS_FAIL=");
     ebc:	83 e7       	ldi	r24, 0x73	; 115
     ebe:	93 e0       	ldi	r25, 0x03	; 3
     ec0:	0e 94 e0 0e 	call	0x1dc0	; 0x1dc0 <uart0_print>
    uart0_print_uint32(counters.measurements_failed);
     ec4:	6c 81       	ldd	r22, Y+4	; 0x04
     ec6:	7d 81       	ldd	r23, Y+5	; 0x05
     ec8:	8e 81       	ldd	r24, Y+6	; 0x06
     eca:	9f 81       	ldd	r25, Y+7	; 0x07
     ecc:	0e 94 59 0f 	call	0x1eb2	; 0x1eb2 <uart0_print_uint32>
    uart0_print(",TWI_ERR=");
     ed0:	8f e7       	ldi	r24, 0x7F	; 127
     ed2:	93 e0       	ldi	r25, 0x03	; 3
     ed4:	0e 94 e0 0e 	call	0x1dc0	; 0x1dc0 <uart0_print>
    uart0_print_uint32(counters.twi_errors);
     ed8:	68 85       	ldd	r22, Y+8	; 0x08
     eda:	79 85       	ldd	r23, Y+9	; 0x09
     edc:	8a 85       	ldd	r24, Y+10	; 0x0a
     ede:	9b 85       	ldd	r25, Y+11	; 0x0b
     ee0:	0e 94 59 0f 	call	0x1eb2	; 0x1eb2 <uart0_print_uint32>
    uart0_print(",UART_CMD=");
     ee4:	89 e8       	ldi	r24, 0x89	; 137
     ee6:	93 e0       	ldi	r25, 0x03	; 3
     ee8:	0e 94 e0 0e 	call	0x1dc0	; 0x1dc0 <uart0_print>
    uart0_print_uint32(counters.uart_commands);
     eec:	6c 85       	ldd	r22, Y+12	; 0x0c
     eee:	7d 85       	ldd	r23, Y+13	; 0x0d
     ef0:	8e 85       	ldd	r24, Y+14	; 0x0e
     ef2:	9f 85       	ldd	r25, Y+15	; 0x0f
     ef4:	0e 94 59 0f 	call	0x1eb2	; 0x1eb2 <uart0_print_uint32>
    uart0_print(",UART_OVF=");
     ef8:	84 e9       	ldi	r24, 0x94	; 148
     efa:	93 e0       	ldi	r25, 0x03	; 3
     efc:	0e 94 e0 0e 	call	0x1dc0	; 0x1dc0 <uart0_print>
    uart0_print_uint32(counters.uart_rx_overflows);
     f00:	68 89       	ldd	r22, Y+16	; 0x10
     f02:	79 89       	ldd	r23, Y+17	; 0x11
     f04:	8a 89       	ldd	r24, Y+18	; 0x12
     f06:	9b 89       	ldd	r25, Y+19	; 0x13
     f08:	0e 94 59 0f 	call	0x1eb2	; 0x1eb2 <uart0_print_uint32>
    uart0_print(",EEPROM_ERR=");
     f0c:	8f e9       	ldi	r24, 0x9F	; 159
     f0e:	93 e0       	ldi	r25, 0x03	; 3
     f10:	0e 94 e0 0e 	call	0x1dc0	; 0x1dc0 <uart0_print>
    uart0_print_uint32(counters.eeprom_errors);
     f14:	6c 89       	ldd	r22, Y+20	; 0x14
     f16:	7d 89       	ldd	r23, Y+21	; 0x15
     f18:	8e 89       	ldd	r24, Y+22	; 0x16
     f1a:	9f 89       	ldd	r25, Y+23	; 0x17
     f1c:	0e 94 59 0f 	call	0x1eb2	; 0x1eb2 <uart0_print_uint32>
    uart0_print(",RESET=");
     f20:	8c ea       	ldi	r24, 0xAC	; 172
     f22:	93 e0       	ldi	r25, 0x03	; 3
     f24:	0e 94 e0 0e 	call	0x1dc0	; 0x1dc0 <uart0_print>
    uart0_print(diagnostics_get_reset_cause_text());
     f28:	0e 94 c4 06 	call	0xd88	; 0xd88 <diagnostics_get_reset_cause_text>
     f2c:	0e 94 e0 0e 	call	0x1dc0	; 0x1dc0 <uart0_print>
    uart0_print(",RESET_FLAGS=0x");
     f30:	84 eb       	ldi	r24, 0xB4	; 180
     f32:	93 e0       	ldi	r25, 0x03	; 3
     f34:	0e 94 e0 0e 	call	0x1dc0	; 0x1dc0 <uart0_print>
    uart0_print_hex8(reset_flags);
     f38:	80 91 98 06 	lds	r24, 0x0698	; 0x800698 <reset_flags>
     f3c:	0e 94 ed 0e 	call	0x1dda	; 0x1dda <uart0_print_hex8>
    uart0_print("\r\n");
     f40:	87 e9       	ldi	r24, 0x97	; 151
     f42:	95 e0       	ldi	r25, 0x05	; 5
     f44:	0e 94 e0 0e 	call	0x1dc0	; 0x1dc0 <uart0_print>
}
     f48:	df 91       	pop	r29
     f4a:	cf 91       	pop	r28
     f4c:	08 95       	ret

00000f4e <main>:
#include "node_app.h"

int main(void)
{
    node_app_init();
     f4e:	0e 94 ba 08 	call	0x1174	; 0x1174 <node_app_init>

    while (1) {
        node_app_process();
     f52:	0e 94 09 09 	call	0x1212	; 0x1212 <node_app_process>
     f56:	fd cf       	rjmp	.-6      	; 0xf52 <main+0x4>

00000f58 <measurement_service_acquire_average>:

uint8_t measurement_service_acquire_average(
    const calibration_record_t *calibration,
    measurement_result_t *result,
    void (*background_process)(void))
{
     f58:	2f 92       	push	r2
     f5a:	3f 92       	push	r3
     f5c:	4f 92       	push	r4
     f5e:	5f 92       	push	r5
     f60:	6f 92       	push	r6
     f62:	7f 92       	push	r7
     f64:	8f 92       	push	r8
     f66:	9f 92       	push	r9
     f68:	af 92       	push	r10
     f6a:	bf 92       	push	r11
     f6c:	cf 92       	push	r12
     f6e:	df 92       	push	r13
     f70:	ef 92       	push	r14
     f72:	ff 92       	push	r15
     f74:	0f 93       	push	r16
     f76:	1f 93       	push	r17
     f78:	cf 93       	push	r28
     f7a:	df 93       	push	r29
     f7c:	cd b7       	in	r28, 0x3d	; 61
     f7e:	de b7       	in	r29, 0x3e	; 62
     f80:	6a 97       	sbiw	r28, 0x1a	; 26
     f82:	0f b6       	in	r0, 0x3f	; 63
     f84:	f8 94       	cli
     f86:	de bf       	out	0x3e, r29	; 62
     f88:	0f be       	out	0x3f, r0	; 63
     f8a:	cd bf       	out	0x3d, r28	; 61
    int32_t sum_by = 0;
    int32_t sum_bz = 0;
    uint8_t last_status = 0;
    uint8_t valid = 0;

    if (calibration == 0 || result == 0) return 0U;
     f8c:	00 97       	sbiw	r24, 0x00	; 0
     f8e:	09 f4       	brne	.+2      	; 0xf92 <measurement_service_acquire_average+0x3a>
     f90:	b6 c0       	rjmp	.+364    	; 0x10fe <measurement_service_acquire_average+0x1a6>
     f92:	61 15       	cp	r22, r1
     f94:	71 05       	cpc	r23, r1
     f96:	09 f4       	brne	.+2      	; 0xf9a <measurement_service_acquire_average+0x42>
     f98:	b4 c0       	rjmp	.+360    	; 0x1102 <measurement_service_acquire_average+0x1aa>
     f9a:	1a 01       	movw	r2, r20
     f9c:	78 8b       	std	Y+16, r23	; 0x10
     f9e:	6f 87       	std	Y+15, r22	; 0x0f
     fa0:	9e 8b       	std	Y+22, r25	; 0x16
     fa2:	8d 8b       	std	Y+21, r24	; 0x15
     fa4:	10 e0       	ldi	r17, 0x00	; 0
     fa6:	00 e0       	ldi	r16, 0x00	; 0
     fa8:	1e 86       	std	Y+14, r1	; 0x0e
     faa:	41 2c       	mov	r4, r1
     fac:	51 2c       	mov	r5, r1
     fae:	32 01       	movw	r6, r4
     fb0:	1a 86       	std	Y+10, r1	; 0x0a
     fb2:	1b 86       	std	Y+11, r1	; 0x0b
     fb4:	1c 86       	std	Y+12, r1	; 0x0c
     fb6:	1d 86       	std	Y+13, r1	; 0x0d
     fb8:	81 2c       	mov	r8, r1
     fba:	91 2c       	mov	r9, r1
     fbc:	54 01       	movw	r10, r8
     fbe:	c1 2c       	mov	r12, r1
     fc0:	d1 2c       	mov	r13, r1
     fc2:	76 01       	movw	r14, r12
     fc4:	45 c0       	rjmp	.+138    	; 0x1050 <measurement_service_acquire_average+0xf8>

    for (uint8_t index = 0; index < AVERAGE_SAMPLES; index++) {
        tmag5273_raw_sample_t sample;

        if (tmag5273_read_raw(&sample)) {
     fc6:	ce 01       	movw	r24, r28
     fc8:	01 96       	adiw	r24, 0x01	; 1
     fca:	0e 94 49 0b 	call	0x1692	; 0x1692 <tmag5273_read_raw>
     fce:	88 23       	and	r24, r24
     fd0:	99 f1       	breq	.+102    	; 0x1038 <measurement_service_acquire_average+0xe0>
            sum_temperature += sample.temperature_raw;
     fd2:	89 81       	ldd	r24, Y+1	; 0x01
     fd4:	9a 81       	ldd	r25, Y+2	; 0x02
     fd6:	09 2e       	mov	r0, r25
     fd8:	00 0c       	add	r0, r0
     fda:	aa 0b       	sbc	r26, r26
     fdc:	bb 0b       	sbc	r27, r27
     fde:	c8 0e       	add	r12, r24
     fe0:	d9 1e       	adc	r13, r25
     fe2:	ea 1e       	adc	r14, r26
     fe4:	fb 1e       	adc	r15, r27
            sum_bx += sample.bx_raw;
     fe6:	8b 81       	ldd	r24, Y+3	; 0x03
     fe8:	9c 81       	ldd	r25, Y+4	; 0x04
     fea:	09 2e       	mov	r0, r25
     fec:	00 0c       	add	r0, r0
     fee:	aa 0b       	sbc	r26, r26
     ff0:	bb 0b       	sbc	r27, r27
     ff2:	88 0e       	add	r8, r24
     ff4:	99 1e       	adc	r9, r25
     ff6:	aa 1e       	adc	r10, r26
     ff8:	bb 1e       	adc	r11, r27
            sum_by += sample.by_raw;
     ffa:	8d 81       	ldd	r24, Y+5	; 0x05
     ffc:	9e 81       	ldd	r25, Y+6	; 0x06
     ffe:	09 2e       	mov	r0, r25
    1000:	00 0c       	add	r0, r0
    1002:	aa 0b       	sbc	r26, r26
    1004:	bb 0b       	sbc	r27, r27
    1006:	2a 85       	ldd	r18, Y+10	; 0x0a
    1008:	3b 85       	ldd	r19, Y+11	; 0x0b
    100a:	4c 85       	ldd	r20, Y+12	; 0x0c
    100c:	5d 85       	ldd	r21, Y+13	; 0x0d
    100e:	28 0f       	add	r18, r24
    1010:	39 1f       	adc	r19, r25
    1012:	4a 1f       	adc	r20, r26
    1014:	5b 1f       	adc	r21, r27
    1016:	2a 87       	std	Y+10, r18	; 0x0a
    1018:	3b 87       	std	Y+11, r19	; 0x0b
    101a:	4c 87       	std	Y+12, r20	; 0x0c
    101c:	5d 87       	std	Y+13, r21	; 0x0d
            sum_bz += sample.bz_raw;
    101e:	8f 81       	ldd	r24, Y+7	; 0x07
    1020:	98 85       	ldd	r25, Y+8	; 0x08
    1022:	09 2e       	mov	r0, r25
    1024:	00 0c       	add	r0, r0
    1026:	aa 0b       	sbc	r26, r26
    1028:	bb 0b       	sbc	r27, r27
    102a:	48 0e       	add	r4, r24
    102c:	59 1e       	adc	r5, r25
    102e:	6a 1e       	adc	r6, r26
    1030:	7b 1e       	adc	r7, r27
            last_status = sample.status;
    1032:	39 85       	ldd	r19, Y+9	; 0x09
    1034:	3e 87       	std	Y+14, r19	; 0x0e
            valid++;
    1036:	0f 5f       	subi	r16, 0xFF	; 255
        }

        if (background_process != 0) background_process();
    1038:	21 14       	cp	r2, r1
    103a:	31 04       	cpc	r3, r1
    103c:	11 f0       	breq	.+4      	; 0x1042 <measurement_service_acquire_average+0xea>
    103e:	f1 01       	movw	r30, r2
    1040:	09 95       	icall
	#else
		//round up by default
		__ticks_dc = (uint32_t)(ceil(fabs(__tmp)));
	#endif

	__builtin_avr_delay_cycles(__ticks_dc);
    1042:	87 ea       	ldi	r24, 0xA7	; 167
    1044:	91 e6       	ldi	r25, 0x61	; 97
    1046:	01 97       	sbiw	r24, 0x01	; 1
    1048:	f1 f7       	brne	.-4      	; 0x1046 <measurement_service_acquire_average+0xee>
    104a:	00 c0       	rjmp	.+0      	; 0x104c <measurement_service_acquire_average+0xf4>
    104c:	00 00       	nop
    uint8_t last_status = 0;
    uint8_t valid = 0;

    if (calibration == 0 || result == 0) return 0U;

    for (uint8_t index = 0; index < AVERAGE_SAMPLES; index++) {
    104e:	1f 5f       	subi	r17, 0xFF	; 255
    1050:	1a 30       	cpi	r17, 0x0A	; 10
    1052:	08 f4       	brcc	.+2      	; 0x1056 <measurement_service_acquire_average+0xfe>
    1054:	b8 cf       	rjmp	.-144    	; 0xfc6 <measurement_service_acquire_average+0x6e>

        if (background_process != 0) background_process();
        _delay_ms(SAMPLE_INTERVAL_MS);
    }

    result->valid_samples = valid;
    1056:	af 85       	ldd	r26, Y+15	; 0x0f
    1058:	b8 89       	ldd	r27, Y+16	; 0x10
    105a:	51 96       	adiw	r26, 0x11	; 17
    105c:	0c 93       	st	X, r16
    if (valid == 0U) return 0U;
    105e:	00 23       	and	r16, r16
    1060:	09 f4       	brne	.+2      	; 0x1064 <measurement_service_acquire_average+0x10c>
    1062:	51 c0       	rjmp	.+162    	; 0x1106 <measurement_service_acquire_average+0x1ae>

    tmag5273_convert_averaged_raw(sum_temperature / valid,
    1064:	20 2f       	mov	r18, r16
    1066:	30 e0       	ldi	r19, 0x00	; 0
    1068:	40 e0       	ldi	r20, 0x00	; 0
    106a:	50 e0       	ldi	r21, 0x00	; 0
    106c:	29 8b       	std	Y+17, r18	; 0x11
    106e:	3a 8b       	std	Y+18, r19	; 0x12
    1070:	4b 8b       	std	Y+19, r20	; 0x13
    1072:	5c 8b       	std	Y+20, r21	; 0x14
    1074:	c3 01       	movw	r24, r6
    1076:	b2 01       	movw	r22, r4
    1078:	0e 94 87 10 	call	0x210e	; 0x210e <__divmodsi4>
    107c:	2f 8b       	std	Y+23, r18	; 0x17
    107e:	38 8f       	std	Y+24, r19	; 0x18
    1080:	49 8f       	std	Y+25, r20	; 0x19
    1082:	5a 8f       	std	Y+26, r21	; 0x1a
    1084:	6a 85       	ldd	r22, Y+10	; 0x0a
    1086:	7b 85       	ldd	r23, Y+11	; 0x0b
    1088:	8c 85       	ldd	r24, Y+12	; 0x0c
    108a:	9d 85       	ldd	r25, Y+13	; 0x0d
    108c:	29 89       	ldd	r18, Y+17	; 0x11
    108e:	3a 89       	ldd	r19, Y+18	; 0x12
    1090:	4b 89       	ldd	r20, Y+19	; 0x13
    1092:	5c 89       	ldd	r21, Y+20	; 0x14
    1094:	0e 94 87 10 	call	0x210e	; 0x210e <__divmodsi4>
    1098:	2a 87       	std	Y+10, r18	; 0x0a
    109a:	3b 87       	std	Y+11, r19	; 0x0b
    109c:	4c 87       	std	Y+12, r20	; 0x0c
    109e:	5d 87       	std	Y+13, r21	; 0x0d
    10a0:	c5 01       	movw	r24, r10
    10a2:	b4 01       	movw	r22, r8
    10a4:	29 89       	ldd	r18, Y+17	; 0x11
    10a6:	3a 89       	ldd	r19, Y+18	; 0x12
    10a8:	4b 89       	ldd	r20, Y+19	; 0x13
    10aa:	5c 89       	ldd	r21, Y+20	; 0x14
    10ac:	0e 94 87 10 	call	0x210e	; 0x210e <__divmodsi4>
    10b0:	29 01       	movw	r4, r18
    10b2:	3a 01       	movw	r6, r20
    10b4:	c7 01       	movw	r24, r14
    10b6:	b6 01       	movw	r22, r12
    10b8:	29 89       	ldd	r18, Y+17	; 0x11
    10ba:	3a 89       	ldd	r19, Y+18	; 0x12
    10bc:	4b 89       	ldd	r20, Y+19	; 0x13
    10be:	5c 89       	ldd	r21, Y+20	; 0x14
    10c0:	0e 94 87 10 	call	0x210e	; 0x210e <__divmodsi4>
    10c4:	ca 01       	movw	r24, r20
    10c6:	b9 01       	movw	r22, r18
    10c8:	38 89       	ldd	r19, Y+16	; 0x10
    10ca:	3f 93       	push	r19
    10cc:	4f 85       	ldd	r20, Y+15	; 0x0f
    10ce:	4f 93       	push	r20
    10d0:	8e 84       	ldd	r8, Y+14	; 0x0e
    10d2:	af 88       	ldd	r10, Y+23	; 0x17
    10d4:	b8 8c       	ldd	r11, Y+24	; 0x18
    10d6:	c9 8c       	ldd	r12, Y+25	; 0x19
    10d8:	da 8c       	ldd	r13, Y+26	; 0x1a
    10da:	ea 84       	ldd	r14, Y+10	; 0x0a
    10dc:	fb 84       	ldd	r15, Y+11	; 0x0b
    10de:	0c 85       	ldd	r16, Y+12	; 0x0c
    10e0:	1d 85       	ldd	r17, Y+13	; 0x0d
    10e2:	a3 01       	movw	r20, r6
    10e4:	92 01       	movw	r18, r4
    10e6:	0e 94 a2 0b 	call	0x1744	; 0x1744 <tmag5273_convert_averaged_raw>
                                  sum_by / valid,
                                  sum_bz / valid,
                                  last_status,
                                  &result->value);

    calibration_apply(calibration, &result->value);
    10ea:	6f 85       	ldd	r22, Y+15	; 0x0f
    10ec:	78 89       	ldd	r23, Y+16	; 0x10
    10ee:	8d 89       	ldd	r24, Y+21	; 0x15
    10f0:	9e 89       	ldd	r25, Y+22	; 0x16
    10f2:	0e 94 e3 01 	call	0x3c6	; 0x3c6 <calibration_apply>
    return 1U;
    10f6:	0f 90       	pop	r0
    10f8:	0f 90       	pop	r0
    10fa:	81 e0       	ldi	r24, 0x01	; 1
    10fc:	05 c0       	rjmp	.+10     	; 0x1108 <measurement_service_acquire_average+0x1b0>
    int32_t sum_by = 0;
    int32_t sum_bz = 0;
    uint8_t last_status = 0;
    uint8_t valid = 0;

    if (calibration == 0 || result == 0) return 0U;
    10fe:	80 e0       	ldi	r24, 0x00	; 0
    1100:	03 c0       	rjmp	.+6      	; 0x1108 <measurement_service_acquire_average+0x1b0>
    1102:	80 e0       	ldi	r24, 0x00	; 0
    1104:	01 c0       	rjmp	.+2      	; 0x1108 <measurement_service_acquire_average+0x1b0>
        if (background_process != 0) background_process();
        _delay_ms(SAMPLE_INTERVAL_MS);
    }

    result->valid_samples = valid;
    if (valid == 0U) return 0U;
    1106:	80 e0       	ldi	r24, 0x00	; 0
                                  last_status,
                                  &result->value);

    calibration_apply(calibration, &result->value);
    return 1U;
}
    1108:	6a 96       	adiw	r28, 0x1a	; 26
    110a:	0f b6       	in	r0, 0x3f	; 63
    110c:	f8 94       	cli
    110e:	de bf       	out	0x3e, r29	; 62
    1110:	0f be       	out	0x3f, r0	; 63
    1112:	cd bf       	out	0x3d, r28	; 61
    1114:	df 91       	pop	r29
    1116:	cf 91       	pop	r28
    1118:	1f 91       	pop	r17
    111a:	0f 91       	pop	r16
    111c:	ff 90       	pop	r15
    111e:	ef 90       	pop	r14
    1120:	df 90       	pop	r13
    1122:	cf 90       	pop	r12
    1124:	bf 90       	pop	r11
    1126:	af 90       	pop	r10
    1128:	9f 90       	pop	r9
    112a:	8f 90       	pop	r8
    112c:	7f 90       	pop	r7
    112e:	6f 90       	pop	r6
    1130:	5f 90       	pop	r5
    1132:	4f 90       	pop	r4
    1134:	3f 90       	pop	r3
    1136:	2f 90       	pop	r2
    1138:	08 95       	ret

0000113a <process_commands>:
static uint32_t sequence;
static uint8_t node_id;

static void process_commands(void)
{
    commands_process_pending(&calibration, &calibration_status, node_id);
    113a:	40 91 a1 06 	lds	r20, 0x06A1	; 0x8006a1 <node_id>
    113e:	66 ea       	ldi	r22, 0xA6	; 166
    1140:	76 e0       	ldi	r23, 0x06	; 6
    1142:	87 ea       	ldi	r24, 0xA7	; 167
    1144:	96 e0       	ldi	r25, 0x06	; 6
    1146:	0e 94 c0 05 	call	0xb80	; 0xb80 <commands_process_pending>
    status_leds_set_calibration_state(calibration_status);
    114a:	80 91 a6 06 	lds	r24, 0x06A6	; 0x8006a6 <calibration_status>
    114e:	0e 94 bd 0a 	call	0x157a	; 0x157a <status_leds_set_calibration_state>
    status_leds_process();
    1152:	0e 94 cf 0a 	call	0x159e	; 0x159e <status_leds_process>
    1156:	08 95       	ret

00001158 <fatal_error>:
}

static void fatal_error(const char *message)
{
    transport_service_publish_error(message);
    1158:	0e 94 9e 0c 	call	0x193c	; 0x193c <transport_service_publish_error>
    status_leds_set_sensor_state(STATUS_SENSOR_ERROR);
    115c:	82 e0       	ldi	r24, 0x02	; 2
    115e:	0e 94 a5 0a 	call	0x154a	; 0x154a <status_leds_set_sensor_state>

    while (1) {
        process_commands();
    1162:	0e 94 9d 08 	call	0x113a	; 0x113a <process_commands>
    1166:	8f e4       	ldi	r24, 0x4F	; 79
    1168:	93 ec       	ldi	r25, 0xC3	; 195
    116a:	01 97       	sbiw	r24, 0x01	; 1
    116c:	f1 f7       	brne	.-4      	; 0x116a <fatal_error+0x12>
    116e:	00 c0       	rjmp	.+0      	; 0x1170 <fatal_error+0x18>
    1170:	00 00       	nop
    1172:	f7 cf       	rjmp	.-18     	; 0x1162 <fatal_error+0xa>

00001174 <node_app_init>:
        _delay_ms(200);
    }
}

void node_app_init(void)
{
    1174:	cf 93       	push	r28
    1176:	df 93       	push	r29
    1178:	1f 92       	push	r1
    117a:	cd b7       	in	r28, 0x3d	; 61
    117c:	de b7       	in	r29, 0x3e	; 62
    uint8_t device_id = 0;
    117e:	19 82       	std	Y+1, r1	; 0x01

    diagnostics_init();
    1180:	0e 94 55 06 	call	0xcaa	; 0xcaa <diagnostics_init>
    transport_service_init();
    1184:	0e 94 9b 0c 	call	0x1936	; 0x1936 <transport_service_init>
    twi1_init();
    1188:	0e 94 c4 0d 	call	0x1b88	; 0x1b88 <twi1_init>
    board_id_init();
    118c:	0e 94 79 00 	call	0xf2	; 0xf2 <board_id_init>
    status_leds_init();
    1190:	0e 94 4b 0a 	call	0x1496	; 0x1496 <status_leds_init>
    status_leds_run_post();
    1194:	0e 94 59 0a 	call	0x14b2	; 0x14b2 <status_leds_run_post>
    sei();
    1198:	78 94       	sei

    node_id = board_id_read();
    119a:	0e 94 86 00 	call	0x10c	; 0x10c <board_id_read>
    119e:	80 93 a1 06 	sts	0x06A1, r24	; 0x8006a1 <node_id>
    sequence = 0UL;
    11a2:	10 92 a2 06 	sts	0x06A2, r1	; 0x8006a2 <sequence>
    11a6:	10 92 a3 06 	sts	0x06A3, r1	; 0x8006a3 <sequence+0x1>
    11aa:	10 92 a4 06 	sts	0x06A4, r1	; 0x8006a4 <sequence+0x2>
    11ae:	10 92 a5 06 	sts	0x06A5, r1	; 0x8006a5 <sequence+0x3>
    calibration_status = calibration_load(&calibration);
    11b2:	87 ea       	ldi	r24, 0xA7	; 167
    11b4:	96 e0       	ldi	r25, 0x06	; 6
    11b6:	0e 94 33 01 	call	0x266	; 0x266 <calibration_load>
    11ba:	80 93 a6 06 	sts	0x06A6, r24	; 0x8006a6 <calibration_status>
    status_leds_set_calibration_state(calibration_status);
    11be:	0e 94 bd 0a 	call	0x157a	; 0x157a <status_leds_set_calibration_state>

    if (!tmag5273_read_device_id(&device_id)) {
    11c2:	ce 01       	movw	r24, r28
    11c4:	01 96       	adiw	r24, 0x01	; 1
    11c6:	0e 94 1a 0b 	call	0x1634	; 0x1634 <tmag5273_read_device_id>
    11ca:	81 11       	cpse	r24, r1
    11cc:	04 c0       	rjmp	.+8      	; 0x11d6 <node_app_init+0x62>
        fatal_error("TMAG_DEVICE_ID_READ");
    11ce:	84 ec       	ldi	r24, 0xC4	; 196
    11d0:	93 e0       	ldi	r25, 0x03	; 3
    11d2:	0e 94 ac 08 	call	0x1158	; 0x1158 <fatal_error>
    }

    if (!tmag5273_init()) {
    11d6:	0e 94 2a 0b 	call	0x1654	; 0x1654 <tmag5273_init>
    11da:	81 11       	cpse	r24, r1
    11dc:	04 c0       	rjmp	.+8      	; 0x11e6 <node_app_init+0x72>
        fatal_error("TMAG_INIT");
    11de:	88 ed       	ldi	r24, 0xD8	; 216
    11e0:	93 e0       	ldi	r25, 0x03	; 3
    11e2:	0e 94 ac 08 	call	0x1158	; 0x1158 <fatal_error>
    }

    status_leds_set_sensor_state(STATUS_SENSOR_OK);
    11e6:	81 e0       	ldi	r24, 0x01	; 1
    11e8:	0e 94 a5 0a 	call	0x154a	; 0x154a <status_leds_set_sensor_state>

    transport_service_print_startup(&calibration,
    11ec:	29 81       	ldd	r18, Y+1	; 0x01
    11ee:	40 91 a1 06 	lds	r20, 0x06A1	; 0x8006a1 <node_id>
    11f2:	60 91 a6 06 	lds	r22, 0x06A6	; 0x8006a6 <calibration_status>
    11f6:	87 ea       	ldi	r24, 0xA7	; 167
    11f8:	96 e0       	ldi	r25, 0x06	; 6
    11fa:	0e 94 af 0c 	call	0x195e	; 0x195e <transport_service_print_startup>
                                    calibration_status,
                                    node_id,
                                    device_id);
    node_identity_print_boot_banner(node_id, calibration_status);
    11fe:	60 91 a6 06 	lds	r22, 0x06A6	; 0x8006a6 <calibration_status>
    1202:	80 91 a1 06 	lds	r24, 0x06A1	; 0x8006a1 <node_id>
    1206:	0e 94 f3 09 	call	0x13e6	; 0x13e6 <node_identity_print_boot_banner>
}
    120a:	0f 90       	pop	r0
    120c:	df 91       	pop	r29
    120e:	cf 91       	pop	r28
    1210:	08 95       	ret

00001212 <node_app_process>:

void node_app_process(void)
{
    1212:	0f 93       	push	r16
    1214:	1f 93       	push	r17
    1216:	cf 93       	push	r28
    1218:	df 93       	push	r29
    121a:	cd b7       	in	r28, 0x3d	; 61
    121c:	de b7       	in	r29, 0x3e	; 62
    121e:	62 97       	sbiw	r28, 0x12	; 18
    1220:	0f b6       	in	r0, 0x3f	; 63
    1222:	f8 94       	cli
    1224:	de bf       	out	0x3e, r29	; 62
    1226:	0f be       	out	0x3f, r0	; 63
    1228:	cd bf       	out	0x3d, r28	; 61
    measurement_result_t result;

    process_commands();
    122a:	0e 94 9d 08 	call	0x113a	; 0x113a <process_commands>

    if (!measurement_service_acquire_average(&calibration,
    122e:	4d e9       	ldi	r20, 0x9D	; 157
    1230:	58 e0       	ldi	r21, 0x08	; 8
    1232:	be 01       	movw	r22, r28
    1234:	6f 5f       	subi	r22, 0xFF	; 255
    1236:	7f 4f       	sbci	r23, 0xFF	; 255
    1238:	87 ea       	ldi	r24, 0xA7	; 167
    123a:	96 e0       	ldi	r25, 0x06	; 6
    123c:	0e 94 ac 07 	call	0xf58	; 0xf58 <measurement_service_acquire_average>
    1240:	81 11       	cpse	r24, r1
    1242:	18 c0       	rjmp	.+48     	; 0x1274 <node_app_process+0x62>
                                             &result,
                                             process_commands)) {
        uart0_print("ERROR,TMAG_NO_VALID_SAMPLES,SEQ=");
    1244:	82 ee       	ldi	r24, 0xE2	; 226
    1246:	93 e0       	ldi	r25, 0x03	; 3
    1248:	0e 94 e0 0e 	call	0x1dc0	; 0x1dc0 <uart0_print>
        uart0_print_uint32(sequence);
    124c:	60 91 a2 06 	lds	r22, 0x06A2	; 0x8006a2 <sequence>
    1250:	70 91 a3 06 	lds	r23, 0x06A3	; 0x8006a3 <sequence+0x1>
    1254:	80 91 a4 06 	lds	r24, 0x06A4	; 0x8006a4 <sequence+0x2>
    1258:	90 91 a5 06 	lds	r25, 0x06A5	; 0x8006a5 <sequence+0x3>
    125c:	0e 94 59 0f 	call	0x1eb2	; 0x1eb2 <uart0_print_uint32>
        uart0_print("\r\n");
    1260:	87 e9       	ldi	r24, 0x97	; 151
    1262:	95 e0       	ldi	r25, 0x05	; 5
    1264:	0e 94 e0 0e 	call	0x1dc0	; 0x1dc0 <uart0_print>
        status_leds_set_sensor_state(STATUS_SENSOR_ERROR);
    1268:	82 e0       	ldi	r24, 0x02	; 2
    126a:	0e 94 a5 0a 	call	0x154a	; 0x154a <status_leds_set_sensor_state>
        diagnostics_record_measurement_failed();
    126e:	0e 94 eb 06 	call	0xdd6	; 0xdd6 <diagnostics_record_measurement_failed>
    1272:	2d c0       	rjmp	.+90     	; 0x12ce <node_app_process+0xbc>
        return;
    }

    status_leds_set_sensor_state(STATUS_SENSOR_OK);
    1274:	81 e0       	ldi	r24, 0x01	; 1
    1276:	0e 94 a5 0a 	call	0x154a	; 0x154a <status_leds_set_sensor_state>
    diagnostics_record_measurement_ok();
    127a:	0e 94 dd 06 	call	0xdba	; 0xdba <diagnostics_record_measurement_ok>

    transport_service_publish_measurement(node_id,
    127e:	40 91 a2 06 	lds	r20, 0x06A2	; 0x8006a2 <sequence>
    1282:	50 91 a3 06 	lds	r21, 0x06A3	; 0x8006a3 <sequence+0x1>
    1286:	60 91 a4 06 	lds	r22, 0x06A4	; 0x8006a4 <sequence+0x2>
    128a:	70 91 a5 06 	lds	r23, 0x06A5	; 0x8006a5 <sequence+0x3>
    128e:	8e 01       	movw	r16, r28
    1290:	0f 5f       	subi	r16, 0xFF	; 255
    1292:	1f 4f       	sbci	r17, 0xFF	; 255
    1294:	20 91 a6 06 	lds	r18, 0x06A6	; 0x8006a6 <calibration_status>
    1298:	80 91 a1 06 	lds	r24, 0x06A1	; 0x8006a1 <node_id>
    129c:	0e 94 15 0d 	call	0x1a2a	; 0x1a2a <transport_service_publish_measurement>
                                          sequence,
                                          calibration_status,
                                          &result);
    sequence++;
    12a0:	80 91 a2 06 	lds	r24, 0x06A2	; 0x8006a2 <sequence>
    12a4:	90 91 a3 06 	lds	r25, 0x06A3	; 0x8006a3 <sequence+0x1>
    12a8:	a0 91 a4 06 	lds	r26, 0x06A4	; 0x8006a4 <sequence+0x2>
    12ac:	b0 91 a5 06 	lds	r27, 0x06A5	; 0x8006a5 <sequence+0x3>
    12b0:	01 96       	adiw	r24, 0x01	; 1
    12b2:	a1 1d       	adc	r26, r1
    12b4:	b1 1d       	adc	r27, r1
    12b6:	80 93 a2 06 	sts	0x06A2, r24	; 0x8006a2 <sequence>
    12ba:	90 93 a3 06 	sts	0x06A3, r25	; 0x8006a3 <sequence+0x1>
    12be:	a0 93 a4 06 	sts	0x06A4, r26	; 0x8006a4 <sequence+0x2>
    12c2:	b0 93 a5 06 	sts	0x06A5, r27	; 0x8006a5 <sequence+0x3>

    /* PD5 remains the established heartbeat: one toggle per published packet. */
    PORTD ^= (1 << PD5);
    12c6:	9b b1       	in	r25, 0x0b	; 11
    12c8:	80 e2       	ldi	r24, 0x20	; 32
    12ca:	89 27       	eor	r24, r25
    12cc:	8b b9       	out	0x0b, r24	; 11
}
    12ce:	62 96       	adiw	r28, 0x12	; 18
    12d0:	0f b6       	in	r0, 0x3f	; 63
    12d2:	f8 94       	cli
    12d4:	de bf       	out	0x3e, r29	; 62
    12d6:	0f be       	out	0x3f, r0	; 63
    12d8:	cd bf       	out	0x3d, r28	; 61
    12da:	df 91       	pop	r29
    12dc:	cf 91       	pop	r28
    12de:	1f 91       	pop	r17
    12e0:	0f 91       	pop	r16
    12e2:	08 95       	ret

000012e4 <calibration_status_text>:
#include "node_identity.h"
#include "uart0.h"

static const char *calibration_status_text(calibration_status_t status)
{
    if (status == CALIBRATION_STATUS_VALID) return "VALID";
    12e4:	81 30       	cpi	r24, 0x01	; 1
    12e6:	29 f0       	breq	.+10     	; 0x12f2 <calibration_status_text+0xe>
    if (status == CALIBRATION_STATUS_DIRTY) return "DIRTY";
    12e8:	82 30       	cpi	r24, 0x02	; 2
    12ea:	31 f4       	brne	.+12     	; 0x12f8 <calibration_status_text+0x14>
    12ec:	86 e0       	ldi	r24, 0x06	; 6
    12ee:	91 e0       	ldi	r25, 0x01	; 1
    12f0:	08 95       	ret
#include "node_identity.h"
#include "uart0.h"

static const char *calibration_status_text(calibration_status_t status)
{
    if (status == CALIBRATION_STATUS_VALID) return "VALID";
    12f2:	80 e0       	ldi	r24, 0x00	; 0
    12f4:	91 e0       	ldi	r25, 0x01	; 1
    12f6:	08 95       	ret
    if (status == CALIBRATION_STATUS_DIRTY) return "DIRTY";
    return "DEFAULT";
    12f8:	8c e0       	ldi	r24, 0x0C	; 12
    12fa:	91 e0       	ldi	r25, 0x01	; 1
}
    12fc:	08 95       	ret

000012fe <node_identity_print_info>:

void node_identity_print_info(uint8_t node_id,
                              calibration_status_t calibration_status)
{
    12fe:	cf 93       	push	r28
    1300:	df 93       	push	r29
    1302:	d8 2f       	mov	r29, r24
    1304:	c6 2f       	mov	r28, r22
    uart0_print("$ND280INFO,ID=");
    1306:	83 e0       	ldi	r24, 0x03	; 3
    1308:	94 e0       	ldi	r25, 0x04	; 4
    130a:	0e 94 e0 0e 	call	0x1dc0	; 0x1dc0 <uart0_print>
    uart0_print_uint16(node_id);
    130e:	8d 2f       	mov	r24, r29
    1310:	90 e0       	ldi	r25, 0x00	; 0
    1312:	0e 94 02 0f 	call	0x1e04	; 0x1e04 <uart0_print_uint16>
    uart0_print(",NODEOS=");
    1316:	82 e1       	ldi	r24, 0x12	; 18
    1318:	94 e0       	ldi	r25, 0x04	; 4
    131a:	0e 94 e0 0e 	call	0x1dc0	; 0x1dc0 <uart0_print>
    uart0_print(NODEOS_VERSION);
    131e:	8b e1       	ldi	r24, 0x1B	; 27
    1320:	94 e0       	ldi	r25, 0x04	; 4
    1322:	0e 94 e0 0e 	call	0x1dc0	; 0x1dc0 <uart0_print>
    uart0_print(",PROTO=");
    1326:	88 e2       	ldi	r24, 0x28	; 40
    1328:	94 e0       	ldi	r25, 0x04	; 4
    132a:	0e 94 e0 0e 	call	0x1dc0	; 0x1dc0 <uart0_print>
    uart0_print_uint16(NODEOS_PROTOCOL_VERSION);
    132e:	81 e0       	ldi	r24, 0x01	; 1
    1330:	90 e0       	ldi	r25, 0x00	; 0
    1332:	0e 94 02 0f 	call	0x1e04	; 0x1e04 <uart0_print_uint16>
    uart0_print(",BOARD_REV=");
    1336:	80 e3       	ldi	r24, 0x30	; 48
    1338:	94 e0       	ldi	r25, 0x04	; 4
    133a:	0e 94 e0 0e 	call	0x1dc0	; 0x1dc0 <uart0_print>
    uart0_print(NODE_BOARD_REVISION);
    133e:	8c e3       	ldi	r24, 0x3C	; 60
    1340:	94 e0       	ldi	r25, 0x04	; 4
    1342:	0e 94 e0 0e 	call	0x1dc0	; 0x1dc0 <uart0_print>
    uart0_print(",HW=");
    1346:	8e e3       	ldi	r24, 0x3E	; 62
    1348:	94 e0       	ldi	r25, 0x04	; 4
    134a:	0e 94 e0 0e 	call	0x1dc0	; 0x1dc0 <uart0_print>
    uart0_print(NODE_HARDWARE_NAME);
    134e:	83 e4       	ldi	r24, 0x43	; 67
    1350:	94 e0       	ldi	r25, 0x04	; 4
    1352:	0e 94 e0 0e 	call	0x1dc0	; 0x1dc0 <uart0_print>
    uart0_print(",MCU=");
    1356:	84 e5       	ldi	r24, 0x54	; 84
    1358:	94 e0       	ldi	r25, 0x04	; 4
    135a:	0e 94 e0 0e 	call	0x1dc0	; 0x1dc0 <uart0_print>
    uart0_print(NODE_MCU_NAME);
    135e:	8a e5       	ldi	r24, 0x5A	; 90
    1360:	94 e0       	ldi	r25, 0x04	; 4
    1362:	0e 94 e0 0e 	call	0x1dc0	; 0x1dc0 <uart0_print>
    uart0_print(",SENSOR=");
    1366:	86 e6       	ldi	r24, 0x66	; 102
    1368:	94 e0       	ldi	r25, 0x04	; 4
    136a:	0e 94 e0 0e 	call	0x1dc0	; 0x1dc0 <uart0_print>
    uart0_print(NODE_SENSOR_NAME);
    136e:	8f e6       	ldi	r24, 0x6F	; 111
    1370:	94 e0       	ldi	r25, 0x04	; 4
    1372:	0e 94 e0 0e 	call	0x1dc0	; 0x1dc0 <uart0_print>
    uart0_print(",RANGE=");
    1376:	8a e7       	ldi	r24, 0x7A	; 122
    1378:	94 e0       	ldi	r25, 0x04	; 4
    137a:	0e 94 e0 0e 	call	0x1dc0	; 0x1dc0 <uart0_print>
    uart0_print_uint16(TMAG_FULL_SCALE_MT);
    137e:	8a e0       	ldi	r24, 0x0A	; 10
    1380:	91 e0       	ldi	r25, 0x01	; 1
    1382:	0e 94 02 0f 	call	0x1e04	; 0x1e04 <uart0_print_uint16>
    uart0_print(",AVG=");
    1386:	82 e8       	ldi	r24, 0x82	; 130
    1388:	94 e0       	ldi	r25, 0x04	; 4
    138a:	0e 94 e0 0e 	call	0x1dc0	; 0x1dc0 <uart0_print>
    uart0_print_uint16(AVERAGE_SAMPLES);
    138e:	8a e0       	ldi	r24, 0x0A	; 10
    1390:	90 e0       	ldi	r25, 0x00	; 0
    1392:	0e 94 02 0f 	call	0x1e04	; 0x1e04 <uart0_print_uint16>
    uart0_print(",EEPROM_VER=");
    1396:	88 e8       	ldi	r24, 0x88	; 136
    1398:	94 e0       	ldi	r25, 0x04	; 4
    139a:	0e 94 e0 0e 	call	0x1dc0	; 0x1dc0 <uart0_print>
    uart0_print_uint16(CALIBRATION_VERSION);
    139e:	81 e0       	ldi	r24, 0x01	; 1
    13a0:	90 e0       	ldi	r25, 0x00	; 0
    13a2:	0e 94 02 0f 	call	0x1e04	; 0x1e04 <uart0_print_uint16>
    uart0_print(",CAL=");
    13a6:	85 e9       	ldi	r24, 0x95	; 149
    13a8:	94 e0       	ldi	r25, 0x04	; 4
    13aa:	0e 94 e0 0e 	call	0x1dc0	; 0x1dc0 <uart0_print>
    uart0_print(calibration_status_text(calibration_status));
    13ae:	8c 2f       	mov	r24, r28
    13b0:	0e 94 72 09 	call	0x12e4	; 0x12e4 <calibration_status_text>
    13b4:	0e 94 e0 0e 	call	0x1dc0	; 0x1dc0 <uart0_print>
    uart0_print(",BUILD_DATE=");
    13b8:	8b e9       	ldi	r24, 0x9B	; 155
    13ba:	94 e0       	ldi	r25, 0x04	; 4
    13bc:	0e 94 e0 0e 	call	0x1dc0	; 0x1dc0 <uart0_print>
    uart0_print(__DATE__);
    13c0:	88 ea       	ldi	r24, 0xA8	; 168
    13c2:	94 e0       	ldi	r25, 0x04	; 4
    13c4:	0e 94 e0 0e 	call	0x1dc0	; 0x1dc0 <uart0_print>
    uart0_print(",BUILD_TIME=");
    13c8:	84 eb       	ldi	r24, 0xB4	; 180
    13ca:	94 e0       	ldi	r25, 0x04	; 4
    13cc:	0e 94 e0 0e 	call	0x1dc0	; 0x1dc0 <uart0_print>
    uart0_print(__TIME__);
    13d0:	81 ec       	ldi	r24, 0xC1	; 193
    13d2:	94 e0       	ldi	r25, 0x04	; 4
    13d4:	0e 94 e0 0e 	call	0x1dc0	; 0x1dc0 <uart0_print>
    uart0_print("\r\n");
    13d8:	87 e9       	ldi	r24, 0x97	; 151
    13da:	95 e0       	ldi	r25, 0x05	; 5
    13dc:	0e 94 e0 0e 	call	0x1dc0	; 0x1dc0 <uart0_print>
}
    13e0:	df 91       	pop	r29
    13e2:	cf 91       	pop	r28
    13e4:	08 95       	ret

000013e6 <node_identity_print_boot_banner>:

void node_identity_print_boot_banner(uint8_t node_id,
                                     calibration_status_t calibration_status)
{
    13e6:	cf 93       	push	r28
    13e8:	df 93       	push	r29
    13ea:	d8 2f       	mov	r29, r24
    13ec:	c6 2f       	mov	r28, r22
    uart0_print("NODEOS_VERSION=");
    13ee:	8a ec       	ldi	r24, 0xCA	; 202
    13f0:	94 e0       	ldi	r25, 0x04	; 4
    13f2:	0e 94 e0 0e 	call	0x1dc0	; 0x1dc0 <uart0_print>
    uart0_print(NODEOS_VERSION);
    13f6:	8b e1       	ldi	r24, 0x1B	; 27
    13f8:	94 e0       	ldi	r25, 0x04	; 4
    13fa:	0e 94 e0 0e 	call	0x1dc0	; 0x1dc0 <uart0_print>
    uart0_print(",PROTOCOL=");
    13fe:	8a ed       	ldi	r24, 0xDA	; 218
    1400:	94 e0       	ldi	r25, 0x04	; 4
    1402:	0e 94 e0 0e 	call	0x1dc0	; 0x1dc0 <uart0_print>
    uart0_print_uint16(NODEOS_PROTOCOL_VERSION);
    1406:	81 e0       	ldi	r24, 0x01	; 1
    1408:	90 e0       	ldi	r25, 0x00	; 0
    140a:	0e 94 02 0f 	call	0x1e04	; 0x1e04 <uart0_print_uint16>
    uart0_print(",BOARD_REV=");
    140e:	80 e3       	ldi	r24, 0x30	; 48
    1410:	94 e0       	ldi	r25, 0x04	; 4
    1412:	0e 94 e0 0e 	call	0x1dc0	; 0x1dc0 <uart0_print>
    uart0_print(NODE_BOARD_REVISION);
    1416:	8c e3       	ldi	r24, 0x3C	; 60
    1418:	94 e0       	ldi	r25, 0x04	; 4
    141a:	0e 94 e0 0e 	call	0x1dc0	; 0x1dc0 <uart0_print>
    uart0_print(",MCU=");
    141e:	84 e5       	ldi	r24, 0x54	; 84
    1420:	94 e0       	ldi	r25, 0x04	; 4
    1422:	0e 94 e0 0e 	call	0x1dc0	; 0x1dc0 <uart0_print>
    uart0_print(NODE_MCU_NAME);
    1426:	8a e5       	ldi	r24, 0x5A	; 90
    1428:	94 e0       	ldi	r25, 0x04	; 4
    142a:	0e 94 e0 0e 	call	0x1dc0	; 0x1dc0 <uart0_print>
    uart0_print(",SENSOR=");
    142e:	86 e6       	ldi	r24, 0x66	; 102
    1430:	94 e0       	ldi	r25, 0x04	; 4
    1432:	0e 94 e0 0e 	call	0x1dc0	; 0x1dc0 <uart0_print>
    uart0_print(NODE_SENSOR_NAME);
    1436:	8f e6       	ldi	r24, 0x6F	; 111
    1438:	94 e0       	ldi	r25, 0x04	; 4
    143a:	0e 94 e0 0e 	call	0x1dc0	; 0x1dc0 <uart0_print>
    uart0_print(",NODE_ID=");
    143e:	85 ee       	ldi	r24, 0xE5	; 229
    1440:	94 e0       	ldi	r25, 0x04	; 4
    1442:	0e 94 e0 0e 	call	0x1dc0	; 0x1dc0 <uart0_print>
    uart0_print_uint16(node_id);
    1446:	8d 2f       	mov	r24, r29
    1448:	90 e0       	ldi	r25, 0x00	; 0
    144a:	0e 94 02 0f 	call	0x1e04	; 0x1e04 <uart0_print_uint16>
    uart0_print(",CAL=");
    144e:	85 e9       	ldi	r24, 0x95	; 149
    1450:	94 e0       	ldi	r25, 0x04	; 4
    1452:	0e 94 e0 0e 	call	0x1dc0	; 0x1dc0 <uart0_print>
    uart0_print(calibration_status_text(calibration_status));
    1456:	8c 2f       	mov	r24, r28
    1458:	0e 94 72 09 	call	0x12e4	; 0x12e4 <calibration_status_text>
    145c:	0e 94 e0 0e 	call	0x1dc0	; 0x1dc0 <uart0_print>
    uart0_print("\r\nBUILD_DATE=");
    1460:	8f ee       	ldi	r24, 0xEF	; 239
    1462:	94 e0       	ldi	r25, 0x04	; 4
    1464:	0e 94 e0 0e 	call	0x1dc0	; 0x1dc0 <uart0_print>
    uart0_print(__DATE__);
    1468:	88 ea       	ldi	r24, 0xA8	; 168
    146a:	94 e0       	ldi	r25, 0x04	; 4
    146c:	0e 94 e0 0e 	call	0x1dc0	; 0x1dc0 <uart0_print>
    uart0_print(",BUILD_TIME=");
    1470:	84 eb       	ldi	r24, 0xB4	; 180
    1472:	94 e0       	ldi	r25, 0x04	; 4
    1474:	0e 94 e0 0e 	call	0x1dc0	; 0x1dc0 <uart0_print>
    uart0_print(__TIME__);
    1478:	81 ec       	ldi	r24, 0xC1	; 193
    147a:	94 e0       	ldi	r25, 0x04	; 4
    147c:	0e 94 e0 0e 	call	0x1dc0	; 0x1dc0 <uart0_print>
    uart0_print("\r\n");
    1480:	87 e9       	ldi	r24, 0x97	; 151
    1482:	95 e0       	ldi	r25, 0x05	; 5
    1484:	0e 94 e0 0e 	call	0x1dc0	; 0x1dc0 <uart0_print>
}
    1488:	df 91       	pop	r29
    148a:	cf 91       	pop	r28
    148c:	08 95       	ret

0000148e <leds_all_off>:
static uint8_t sensor_ticks = 0U;
static uint8_t calibration_ticks = 0U;

static void leds_all_off(void)
{
    PORTD &= ~ALL_STATUS_LEDS;
    148e:	8b b1       	in	r24, 0x0b	; 11
    1490:	8f 71       	andi	r24, 0x1F	; 31
    1492:	8b b9       	out	0x0b, r24	; 11
    1494:	08 95       	ret

00001496 <status_leds_init>:
}

void status_leds_init(void)
{
    DDRD |= ALL_STATUS_LEDS;
    1496:	8a b1       	in	r24, 0x0a	; 10
    1498:	80 6e       	ori	r24, 0xE0	; 224
    149a:	8a b9       	out	0x0a, r24	; 10
    leds_all_off();
    149c:	0e 94 47 0a 	call	0x148e	; 0x148e <leds_all_off>

    sensor_state = STATUS_SENSOR_STARTING;
    14a0:	10 92 e2 06 	sts	0x06E2, r1	; 0x8006e2 <sensor_state>
    calibration_state = CALIBRATION_STATUS_DEFAULT;
    14a4:	10 92 e1 06 	sts	0x06E1, r1	; 0x8006e1 <calibration_state>
    sensor_ticks = 0U;
    14a8:	10 92 e0 06 	sts	0x06E0, r1	; 0x8006e0 <sensor_ticks>
    calibration_ticks = 0U;
    14ac:	10 92 df 06 	sts	0x06DF, r1	; 0x8006df <calibration_ticks>
    14b0:	08 95       	ret

000014b2 <status_leds_run_post>:
}

void status_leds_run_post(void)
{
    /* PD5 -> PD6 -> PD7 -> all LEDs. */
    leds_all_off();
    14b2:	0e 94 47 0a 	call	0x148e	; 0x148e <leds_all_off>

    PORTD |= (1 << HEARTBEAT_LED);
    14b6:	8b b1       	in	r24, 0x0b	; 11
    14b8:	80 62       	ori	r24, 0x20	; 32
    14ba:	8b b9       	out	0x0b, r24	; 11
    14bc:	8f e5       	ldi	r24, 0x5F	; 95
    14be:	9a ee       	ldi	r25, 0xEA	; 234
    14c0:	01 97       	sbiw	r24, 0x01	; 1
    14c2:	f1 f7       	brne	.-4      	; 0x14c0 <status_leds_run_post+0xe>
    14c4:	00 c0       	rjmp	.+0      	; 0x14c6 <status_leds_run_post+0x14>
    14c6:	00 00       	nop
    _delay_ms(POST_SINGLE_LED_MS);
    leds_all_off();
    14c8:	0e 94 47 0a 	call	0x148e	; 0x148e <leds_all_off>
    14cc:	8f e2       	ldi	r24, 0x2F	; 47
    14ce:	95 e7       	ldi	r25, 0x75	; 117
    14d0:	01 97       	sbiw	r24, 0x01	; 1
    14d2:	f1 f7       	brne	.-4      	; 0x14d0 <status_leds_run_post+0x1e>
    14d4:	00 c0       	rjmp	.+0      	; 0x14d6 <status_leds_run_post+0x24>
    14d6:	00 00       	nop
    _delay_ms(POST_GAP_MS);

    PORTD |= (1 << SENSOR_LED);
    14d8:	8b b1       	in	r24, 0x0b	; 11
    14da:	80 64       	ori	r24, 0x40	; 64
    14dc:	8b b9       	out	0x0b, r24	; 11
    14de:	8f e5       	ldi	r24, 0x5F	; 95
    14e0:	9a ee       	ldi	r25, 0xEA	; 234
    14e2:	01 97       	sbiw	r24, 0x01	; 1
    14e4:	f1 f7       	brne	.-4      	; 0x14e2 <status_leds_run_post+0x30>
    14e6:	00 c0       	rjmp	.+0      	; 0x14e8 <status_leds_run_post+0x36>
    14e8:	00 00       	nop
    _delay_ms(POST_SINGLE_LED_MS);
    leds_all_off();
    14ea:	0e 94 47 0a 	call	0x148e	; 0x148e <leds_all_off>
    14ee:	8f e2       	ldi	r24, 0x2F	; 47
    14f0:	95 e7       	ldi	r25, 0x75	; 117
    14f2:	01 97       	sbiw	r24, 0x01	; 1
    14f4:	f1 f7       	brne	.-4      	; 0x14f2 <status_leds_run_post+0x40>
    14f6:	00 c0       	rjmp	.+0      	; 0x14f8 <status_leds_run_post+0x46>
    14f8:	00 00       	nop
    _delay_ms(POST_GAP_MS);

    PORTD |= (1 << SYSTEM_LED);
    14fa:	8b b1       	in	r24, 0x0b	; 11
    14fc:	80 68       	ori	r24, 0x80	; 128
    14fe:	8b b9       	out	0x0b, r24	; 11
    1500:	8f e5       	ldi	r24, 0x5F	; 95
    1502:	9a ee       	ldi	r25, 0xEA	; 234
    1504:	01 97       	sbiw	r24, 0x01	; 1
    1506:	f1 f7       	brne	.-4      	; 0x1504 <status_leds_run_post+0x52>
    1508:	00 c0       	rjmp	.+0      	; 0x150a <status_leds_run_post+0x58>
    150a:	00 00       	nop
    _delay_ms(POST_SINGLE_LED_MS);
    leds_all_off();
    150c:	0e 94 47 0a 	call	0x148e	; 0x148e <leds_all_off>
    1510:	8f e2       	ldi	r24, 0x2F	; 47
    1512:	95 e7       	ldi	r25, 0x75	; 117
    1514:	01 97       	sbiw	r24, 0x01	; 1
    1516:	f1 f7       	brne	.-4      	; 0x1514 <status_leds_run_post+0x62>
    1518:	00 c0       	rjmp	.+0      	; 0x151a <status_leds_run_post+0x68>
    151a:	00 00       	nop
    _delay_ms(POST_GAP_MS);

    PORTD |= ALL_STATUS_LEDS;
    151c:	8b b1       	in	r24, 0x0b	; 11
    151e:	80 6e       	ori	r24, 0xE0	; 224
    1520:	8b b9       	out	0x0b, r24	; 11
    1522:	9f e9       	ldi	r25, 0x9F	; 159
    1524:	26 e8       	ldi	r18, 0x86	; 134
    1526:	81 e0       	ldi	r24, 0x01	; 1
    1528:	91 50       	subi	r25, 0x01	; 1
    152a:	20 40       	sbci	r18, 0x00	; 0
    152c:	80 40       	sbci	r24, 0x00	; 0
    152e:	e1 f7       	brne	.-8      	; 0x1528 <status_leds_run_post+0x76>
    1530:	00 c0       	rjmp	.+0      	; 0x1532 <status_leds_run_post+0x80>
    1532:	00 00       	nop
    _delay_ms(POST_ALL_LEDS_MS);
    leds_all_off();
    1534:	0e 94 47 0a 	call	0x148e	; 0x148e <leds_all_off>

    /* Restore the startup state used by the runtime state machine. */
    sensor_state = STATUS_SENSOR_STARTING;
    1538:	10 92 e2 06 	sts	0x06E2, r1	; 0x8006e2 <sensor_state>
    calibration_state = CALIBRATION_STATUS_DEFAULT;
    153c:	10 92 e1 06 	sts	0x06E1, r1	; 0x8006e1 <calibration_state>
    sensor_ticks = 0U;
    1540:	10 92 e0 06 	sts	0x06E0, r1	; 0x8006e0 <sensor_ticks>
    calibration_ticks = 0U;
    1544:	10 92 df 06 	sts	0x06DF, r1	; 0x8006df <calibration_ticks>
    1548:	08 95       	ret

0000154a <status_leds_set_sensor_state>:
}

void status_leds_set_sensor_state(status_sensor_state_t state)
{
    if (sensor_state != state) {
    154a:	90 91 e2 06 	lds	r25, 0x06E2	; 0x8006e2 <sensor_state>
    154e:	98 17       	cp	r25, r24
    1550:	99 f0       	breq	.+38     	; 0x1578 <status_leds_set_sensor_state+0x2e>
        sensor_state = state;
    1552:	80 93 e2 06 	sts	0x06E2, r24	; 0x8006e2 <sensor_state>
        sensor_ticks = 0U;
    1556:	10 92 e0 06 	sts	0x06E0, r1	; 0x8006e0 <sensor_ticks>

        if (state == STATUS_SENSOR_STARTING) {
    155a:	81 11       	cpse	r24, r1
    155c:	04 c0       	rjmp	.+8      	; 0x1566 <status_leds_set_sensor_state+0x1c>
            PORTD &= ~(1 << SENSOR_LED);
    155e:	8b b1       	in	r24, 0x0b	; 11
    1560:	8f 7b       	andi	r24, 0xBF	; 191
    1562:	8b b9       	out	0x0b, r24	; 11
    1564:	08 95       	ret
        } else if (state == STATUS_SENSOR_OK) {
    1566:	81 30       	cpi	r24, 0x01	; 1
    1568:	21 f4       	brne	.+8      	; 0x1572 <status_leds_set_sensor_state+0x28>
            PORTD |= (1 << SENSOR_LED);
    156a:	8b b1       	in	r24, 0x0b	; 11
    156c:	80 64       	ori	r24, 0x40	; 64
    156e:	8b b9       	out	0x0b, r24	; 11
    1570:	08 95       	ret
        } else {
            PORTD &= ~(1 << SENSOR_LED);
    1572:	8b b1       	in	r24, 0x0b	; 11
    1574:	8f 7b       	andi	r24, 0xBF	; 191
    1576:	8b b9       	out	0x0b, r24	; 11
    1578:	08 95       	ret

0000157a <status_leds_set_calibration_state>:
    }
}

void status_leds_set_calibration_state(calibration_status_t state)
{
    if (calibration_state != state) {
    157a:	90 91 e1 06 	lds	r25, 0x06E1	; 0x8006e1 <calibration_state>
    157e:	98 17       	cp	r25, r24
    1580:	69 f0       	breq	.+26     	; 0x159c <status_leds_set_calibration_state+0x22>
        calibration_state = state;
    1582:	80 93 e1 06 	sts	0x06E1, r24	; 0x8006e1 <calibration_state>
        calibration_ticks = 0U;
    1586:	10 92 df 06 	sts	0x06DF, r1	; 0x8006df <calibration_ticks>

        if (state == CALIBRATION_STATUS_VALID) {
    158a:	81 30       	cpi	r24, 0x01	; 1
    158c:	21 f4       	brne	.+8      	; 0x1596 <status_leds_set_calibration_state+0x1c>
            PORTD |= (1 << SYSTEM_LED);
    158e:	8b b1       	in	r24, 0x0b	; 11
    1590:	80 68       	ori	r24, 0x80	; 128
    1592:	8b b9       	out	0x0b, r24	; 11
    1594:	08 95       	ret
        } else {
            PORTD &= ~(1 << SYSTEM_LED);
    1596:	8b b1       	in	r24, 0x0b	; 11
    1598:	8f 77       	andi	r24, 0x7F	; 127
    159a:	8b b9       	out	0x0b, r24	; 11
    159c:	08 95       	ret

0000159e <status_leds_process>:
    }
}

void status_leds_process(void)
{
    if (sensor_state == STATUS_SENSOR_OK) {
    159e:	80 91 e2 06 	lds	r24, 0x06E2	; 0x8006e2 <sensor_state>
    15a2:	81 30       	cpi	r24, 0x01	; 1
    15a4:	21 f4       	brne	.+8      	; 0x15ae <status_leds_process+0x10>
        PORTD |= (1 << SENSOR_LED);
    15a6:	8b b1       	in	r24, 0x0b	; 11
    15a8:	80 64       	ori	r24, 0x40	; 64
    15aa:	8b b9       	out	0x0b, r24	; 11
    15ac:	13 c0       	rjmp	.+38     	; 0x15d4 <status_leds_process+0x36>
    } else if (sensor_state == STATUS_SENSOR_STARTING) {
    15ae:	81 11       	cpse	r24, r1
    15b0:	04 c0       	rjmp	.+8      	; 0x15ba <status_leds_process+0x1c>
        PORTD &= ~(1 << SENSOR_LED);
    15b2:	8b b1       	in	r24, 0x0b	; 11
    15b4:	8f 7b       	andi	r24, 0xBF	; 191
    15b6:	8b b9       	out	0x0b, r24	; 11
    15b8:	0d c0       	rjmp	.+26     	; 0x15d4 <status_leds_process+0x36>
    } else {
        sensor_ticks++;
    15ba:	80 91 e0 06 	lds	r24, 0x06E0	; 0x8006e0 <sensor_ticks>
    15be:	8f 5f       	subi	r24, 0xFF	; 255
    15c0:	80 93 e0 06 	sts	0x06E0, r24	; 0x8006e0 <sensor_ticks>
        if (sensor_ticks >= SENSOR_ERROR_TOGGLE_TICKS) {
    15c4:	82 30       	cpi	r24, 0x02	; 2
    15c6:	30 f0       	brcs	.+12     	; 0x15d4 <status_leds_process+0x36>
            sensor_ticks = 0U;
    15c8:	10 92 e0 06 	sts	0x06E0, r1	; 0x8006e0 <sensor_ticks>
            PORTD ^= (1 << SENSOR_LED);
    15cc:	9b b1       	in	r25, 0x0b	; 11
    15ce:	80 e4       	ldi	r24, 0x40	; 64
    15d0:	89 27       	eor	r24, r25
    15d2:	8b b9       	out	0x0b, r24	; 11
        }
    }

    if (calibration_state == CALIBRATION_STATUS_DEFAULT) {
    15d4:	80 91 e1 06 	lds	r24, 0x06E1	; 0x8006e1 <calibration_state>
    15d8:	81 11       	cpse	r24, r1
    15da:	04 c0       	rjmp	.+8      	; 0x15e4 <status_leds_process+0x46>
        PORTD &= ~(1 << SYSTEM_LED);
    15dc:	8b b1       	in	r24, 0x0b	; 11
    15de:	8f 77       	andi	r24, 0x7F	; 127
    15e0:	8b b9       	out	0x0b, r24	; 11
    15e2:	08 95       	ret
    } else if (calibration_state == CALIBRATION_STATUS_VALID) {
    15e4:	81 30       	cpi	r24, 0x01	; 1
    15e6:	21 f4       	brne	.+8      	; 0x15f0 <status_leds_process+0x52>
        PORTD |= (1 << SYSTEM_LED);
    15e8:	8b b1       	in	r24, 0x0b	; 11
    15ea:	80 68       	ori	r24, 0x80	; 128
    15ec:	8b b9       	out	0x0b, r24	; 11
    15ee:	08 95       	ret
    } else {
        calibration_ticks++;
    15f0:	80 91 df 06 	lds	r24, 0x06DF	; 0x8006df <calibration_ticks>
    15f4:	8f 5f       	subi	r24, 0xFF	; 255
    15f6:	80 93 df 06 	sts	0x06DF, r24	; 0x8006df <calibration_ticks>
        if (calibration_ticks >= CAL_DIRTY_TOGGLE_TICKS) {
    15fa:	85 30       	cpi	r24, 0x05	; 5
    15fc:	28 f0       	brcs	.+10     	; 0x1608 <status_leds_process+0x6a>
            calibration_ticks = 0U;
    15fe:	10 92 df 06 	sts	0x06DF, r1	; 0x8006df <calibration_ticks>
            PORTD ^= (1 << SYSTEM_LED);
    1602:	8b b1       	in	r24, 0x0b	; 11
    1604:	80 58       	subi	r24, 0x80	; 128
    1606:	8b b9       	out	0x0b, r24	; 11
    1608:	08 95       	ret

0000160a <make_i16>:
#define TADCT0        17508L
#define TADCRES_X10   601L

static int16_t make_i16(uint8_t msb, uint8_t lsb)
{
    return (int16_t)(((uint16_t)msb << 8) | (uint16_t)lsb);
    160a:	90 e0       	ldi	r25, 0x00	; 0
    160c:	98 2f       	mov	r25, r24
    160e:	88 27       	eor	r24, r24
}
    1610:	86 2b       	or	r24, r22
    1612:	08 95       	ret

00001614 <checked_write>:
    }
    return 1U;
}

static uint8_t checked_write(uint8_t reg, uint8_t value)
{
    1614:	cf 93       	push	r28
    1616:	46 2f       	mov	r20, r22
    if (!twi1_write_register(TMAG_I2C_ADDRESS, reg, value)) {
    1618:	68 2f       	mov	r22, r24
    161a:	85 e3       	ldi	r24, 0x35	; 53
    161c:	0e 94 d0 0d 	call	0x1ba0	; 0x1ba0 <twi1_write_register>
    1620:	c8 2f       	mov	r28, r24
    1622:	81 11       	cpse	r24, r1
    1624:	03 c0       	rjmp	.+6      	; 0x162c <checked_write+0x18>
        diagnostics_record_twi_error();
    1626:	0e 94 f9 06 	call	0xdf2	; 0xdf2 <diagnostics_record_twi_error>
        return 0U;
    162a:	01 c0       	rjmp	.+2      	; 0x162e <checked_write+0x1a>
    }
    return 1U;
    162c:	c1 e0       	ldi	r28, 0x01	; 1
}
    162e:	8c 2f       	mov	r24, r28
    1630:	cf 91       	pop	r28
    1632:	08 95       	ret

00001634 <tmag5273_read_device_id>:
{
    return (int16_t)(((uint16_t)msb << 8) | (uint16_t)lsb);
}

uint8_t tmag5273_read_device_id(uint8_t *device_id)
{
    1634:	cf 93       	push	r28
    if (!twi1_read_register(TMAG_I2C_ADDRESS, DEVICE_ID, device_id)) {
    1636:	ac 01       	movw	r20, r24
    1638:	6d e0       	ldi	r22, 0x0D	; 13
    163a:	85 e3       	ldi	r24, 0x35	; 53
    163c:	0e 94 04 0e 	call	0x1c08	; 0x1c08 <twi1_read_register>
    1640:	c8 2f       	mov	r28, r24
    1642:	81 11       	cpse	r24, r1
    1644:	03 c0       	rjmp	.+6      	; 0x164c <tmag5273_read_device_id+0x18>
        diagnostics_record_twi_error();
    1646:	0e 94 f9 06 	call	0xdf2	; 0xdf2 <diagnostics_record_twi_error>
        return 0U;
    164a:	01 c0       	rjmp	.+2      	; 0x164e <tmag5273_read_device_id+0x1a>
    }
    return 1U;
    164c:	c1 e0       	ldi	r28, 0x01	; 1
}
    164e:	8c 2f       	mov	r24, r28
    1650:	cf 91       	pop	r28
    1652:	08 95       	ret

00001654 <tmag5273_init>:
}

uint8_t tmag5273_init(void)
{
    /* Preserve the exact known-good configuration from firmware v0.1.0. */
    if (!checked_write(DEVICE_CONFIG_1, 0x00U)) return 0U;
    1654:	60 e0       	ldi	r22, 0x00	; 0
    1656:	80 e0       	ldi	r24, 0x00	; 0
    1658:	0e 94 0a 0b 	call	0x1614	; 0x1614 <checked_write>
    165c:	88 23       	and	r24, r24
    165e:	c1 f0       	breq	.+48     	; 0x1690 <tmag5273_init+0x3c>
    if (!checked_write(DEVICE_CONFIG_2, 0x00U)) return 0U;
    1660:	60 e0       	ldi	r22, 0x00	; 0
    1662:	81 e0       	ldi	r24, 0x01	; 1
    1664:	0e 94 0a 0b 	call	0x1614	; 0x1614 <checked_write>
    1668:	88 23       	and	r24, r24
    166a:	91 f0       	breq	.+36     	; 0x1690 <tmag5273_init+0x3c>
    if (!checked_write(SENSOR_CONFIG_1, 0x74U)) return 0U;
    166c:	64 e7       	ldi	r22, 0x74	; 116
    166e:	82 e0       	ldi	r24, 0x02	; 2
    1670:	0e 94 0a 0b 	call	0x1614	; 0x1614 <checked_write>
    1674:	88 23       	and	r24, r24
    1676:	61 f0       	breq	.+24     	; 0x1690 <tmag5273_init+0x3c>
    if (!checked_write(SENSOR_CONFIG_2, 0x03U)) return 0U;
    1678:	63 e0       	ldi	r22, 0x03	; 3
    167a:	83 e0       	ldi	r24, 0x03	; 3
    167c:	0e 94 0a 0b 	call	0x1614	; 0x1614 <checked_write>
    1680:	88 23       	and	r24, r24
    1682:	31 f0       	breq	.+12     	; 0x1690 <tmag5273_init+0x3c>
    if (!checked_write(T_CONFIG, 0x01U)) return 0U;
    1684:	61 e0       	ldi	r22, 0x01	; 1
    1686:	87 e0       	ldi	r24, 0x07	; 7
    1688:	0e 94 0a 0b 	call	0x1614	; 0x1614 <checked_write>
    168c:	81 11       	cpse	r24, r1
    return 1U;
    168e:	81 e0       	ldi	r24, 0x01	; 1
}
    1690:	08 95       	ret

00001692 <tmag5273_read_raw>:

uint8_t tmag5273_read_raw(tmag5273_raw_sample_t *sample)
{
    1692:	ef 92       	push	r14
    1694:	ff 92       	push	r15
    1696:	1f 93       	push	r17
    1698:	cf 93       	push	r28
    169a:	df 93       	push	r29
    169c:	cd b7       	in	r28, 0x3d	; 61
    169e:	de b7       	in	r29, 0x3e	; 62
    16a0:	29 97       	sbiw	r28, 0x09	; 9
    16a2:	0f b6       	in	r0, 0x3f	; 63
    16a4:	f8 94       	cli
    16a6:	de bf       	out	0x3e, r29	; 62
    16a8:	0f be       	out	0x3f, r0	; 63
    16aa:	cd bf       	out	0x3d, r28	; 61
    16ac:	7c 01       	movw	r14, r24
    uint8_t buffer[9];

    /* Trigger a conversion while the device is in standby mode. */
    if (!twi1_write_register(TMAG_I2C_ADDRESS, (uint8_t)(DEVICE_ID | 0x80U), 0x00U)) {
    16ae:	40 e0       	ldi	r20, 0x00	; 0
    16b0:	6d e8       	ldi	r22, 0x8D	; 141
    16b2:	85 e3       	ldi	r24, 0x35	; 53
    16b4:	0e 94 d0 0d 	call	0x1ba0	; 0x1ba0 <twi1_write_register>
    16b8:	18 2f       	mov	r17, r24
    16ba:	81 11       	cpse	r24, r1
    16bc:	03 c0       	rjmp	.+6      	; 0x16c4 <tmag5273_read_raw+0x32>
        diagnostics_record_twi_error();
    16be:	0e 94 f9 06 	call	0xdf2	; 0xdf2 <diagnostics_record_twi_error>
        return 0U;
    16c2:	33 c0       	rjmp	.+102    	; 0x172a <tmag5273_read_raw+0x98>
    16c4:	81 ee       	ldi	r24, 0xE1	; 225
    16c6:	94 e0       	ldi	r25, 0x04	; 4
    16c8:	01 97       	sbiw	r24, 0x01	; 1
    16ca:	f1 f7       	brne	.-4      	; 0x16c8 <tmag5273_read_raw+0x36>
    16cc:	00 c0       	rjmp	.+0      	; 0x16ce <tmag5273_read_raw+0x3c>
    16ce:	00 00       	nop
    }
    _delay_ms(5);

    if (!twi1_read_block(TMAG_I2C_ADDRESS, T_MSB_RESULT, buffer, 9U)) {
    16d0:	29 e0       	ldi	r18, 0x09	; 9
    16d2:	ae 01       	movw	r20, r28
    16d4:	4f 5f       	subi	r20, 0xFF	; 255
    16d6:	5f 4f       	sbci	r21, 0xFF	; 255
    16d8:	60 e1       	ldi	r22, 0x10	; 16
    16da:	85 e3       	ldi	r24, 0x35	; 53
    16dc:	0e 94 47 0e 	call	0x1c8e	; 0x1c8e <twi1_read_block>
    16e0:	18 2f       	mov	r17, r24
    16e2:	81 11       	cpse	r24, r1
    16e4:	03 c0       	rjmp	.+6      	; 0x16ec <tmag5273_read_raw+0x5a>
        diagnostics_record_twi_error();
    16e6:	0e 94 f9 06 	call	0xdf2	; 0xdf2 <diagnostics_record_twi_error>
        return 0U;
    16ea:	1f c0       	rjmp	.+62     	; 0x172a <tmag5273_read_raw+0x98>
    }

    sample->temperature_raw = make_i16(buffer[0], buffer[1]);
    16ec:	6a 81       	ldd	r22, Y+2	; 0x02
    16ee:	89 81       	ldd	r24, Y+1	; 0x01
    16f0:	0e 94 05 0b 	call	0x160a	; 0x160a <make_i16>
    16f4:	f7 01       	movw	r30, r14
    16f6:	91 83       	std	Z+1, r25	; 0x01
    16f8:	80 83       	st	Z, r24
    sample->bx_raw = make_i16(buffer[2], buffer[3]);
    16fa:	6c 81       	ldd	r22, Y+4	; 0x04
    16fc:	8b 81       	ldd	r24, Y+3	; 0x03
    16fe:	0e 94 05 0b 	call	0x160a	; 0x160a <make_i16>
    1702:	f7 01       	movw	r30, r14
    1704:	93 83       	std	Z+3, r25	; 0x03
    1706:	82 83       	std	Z+2, r24	; 0x02
    sample->by_raw = make_i16(buffer[4], buffer[5]);
    1708:	6e 81       	ldd	r22, Y+6	; 0x06
    170a:	8d 81       	ldd	r24, Y+5	; 0x05
    170c:	0e 94 05 0b 	call	0x160a	; 0x160a <make_i16>
    1710:	f7 01       	movw	r30, r14
    1712:	95 83       	std	Z+5, r25	; 0x05
    1714:	84 83       	std	Z+4, r24	; 0x04
    sample->bz_raw = make_i16(buffer[6], buffer[7]);
    1716:	68 85       	ldd	r22, Y+8	; 0x08
    1718:	8f 81       	ldd	r24, Y+7	; 0x07
    171a:	0e 94 05 0b 	call	0x160a	; 0x160a <make_i16>
    171e:	f7 01       	movw	r30, r14
    1720:	97 83       	std	Z+7, r25	; 0x07
    1722:	86 83       	std	Z+6, r24	; 0x06
    sample->status = buffer[8];
    1724:	89 85       	ldd	r24, Y+9	; 0x09
    1726:	80 87       	std	Z+8, r24	; 0x08

    return 1;
    1728:	11 e0       	ldi	r17, 0x01	; 1
}
    172a:	81 2f       	mov	r24, r17
    172c:	29 96       	adiw	r28, 0x09	; 9
    172e:	0f b6       	in	r0, 0x3f	; 63
    1730:	f8 94       	cli
    1732:	de bf       	out	0x3e, r29	; 62
    1734:	0f be       	out	0x3f, r0	; 63
    1736:	cd bf       	out	0x3d, r28	; 61
    1738:	df 91       	pop	r29
    173a:	cf 91       	pop	r28
    173c:	1f 91       	pop	r17
    173e:	ff 90       	pop	r15
    1740:	ef 90       	pop	r14
    1742:	08 95       	ret

00001744 <tmag5273_convert_averaged_raw>:
                                  int32_t bx_raw,
                                  int32_t by_raw,
                                  int32_t bz_raw,
                                  uint8_t status,
                                  tmag5273_measurement_t *measurement)
{
    1744:	3f 92       	push	r3
    1746:	4f 92       	push	r4
    1748:	5f 92       	push	r5
    174a:	6f 92       	push	r6
    174c:	7f 92       	push	r7
    174e:	8f 92       	push	r8
    1750:	9f 92       	push	r9
    1752:	af 92       	push	r10
    1754:	bf 92       	push	r11
    1756:	cf 92       	push	r12
    1758:	df 92       	push	r13
    175a:	ef 92       	push	r14
    175c:	ff 92       	push	r15
    175e:	0f 93       	push	r16
    1760:	1f 93       	push	r17
    1762:	cf 93       	push	r28
    1764:	df 93       	push	r29
    1766:	cd b7       	in	r28, 0x3d	; 61
    1768:	de b7       	in	r29, 0x3e	; 62
    176a:	29 01       	movw	r4, r18
    176c:	3a 01       	movw	r6, r20
    176e:	38 2c       	mov	r3, r8
    1770:	8c 88       	ldd	r8, Y+20	; 0x14
    1772:	9d 88       	ldd	r9, Y+21	; 0x15
    measurement->temperature_x100 = TSENSET0_X100
                                  + ((temperature_raw - TADCT0) * 1000L) / TADCRES_X10;
    1774:	9b 01       	movw	r18, r22
    1776:	ac 01       	movw	r20, r24
    1778:	24 56       	subi	r18, 0x64	; 100
    177a:	34 44       	sbci	r19, 0x44	; 68
    177c:	41 09       	sbc	r20, r1
    177e:	51 09       	sbc	r21, r1
    1780:	a8 ee       	ldi	r26, 0xE8	; 232
    1782:	b3 e0       	ldi	r27, 0x03	; 3
    1784:	0e 94 b5 10 	call	0x216a	; 0x216a <__muluhisi3>
    1788:	29 e5       	ldi	r18, 0x59	; 89
    178a:	32 e0       	ldi	r19, 0x02	; 2
    178c:	40 e0       	ldi	r20, 0x00	; 0
    178e:	50 e0       	ldi	r21, 0x00	; 0
    1790:	0e 94 87 10 	call	0x210e	; 0x210e <__divmodsi4>
    1794:	da 01       	movw	r26, r20
    1796:	c9 01       	movw	r24, r18
    1798:	8c 53       	subi	r24, 0x3C	; 60
    179a:	96 4f       	sbci	r25, 0xF6	; 246
    179c:	af 4f       	sbci	r26, 0xFF	; 255
    179e:	bf 4f       	sbci	r27, 0xFF	; 255
                                  int32_t by_raw,
                                  int32_t bz_raw,
                                  uint8_t status,
                                  tmag5273_measurement_t *measurement)
{
    measurement->temperature_x100 = TSENSET0_X100
    17a0:	f4 01       	movw	r30, r8
    17a2:	80 83       	st	Z, r24
    17a4:	91 83       	std	Z+1, r25	; 0x01
    17a6:	a2 83       	std	Z+2, r26	; 0x02
    17a8:	b3 83       	std	Z+3, r27	; 0x03
                                  + ((temperature_raw - TADCT0) * 1000L) / TADCRES_X10;

    /* TMAG5273A2 in 2x range: +/-266 mT full scale.
       Outputs are expressed in hundredths of mT. */
    measurement->bx_x100 = (bx_raw * TMAG_FULL_SCALE_X100) / 32768L;
    17aa:	a8 ee       	ldi	r26, 0xE8	; 232
    17ac:	b7 e6       	ldi	r27, 0x67	; 103
    17ae:	a3 01       	movw	r20, r6
    17b0:	92 01       	movw	r18, r4
    17b2:	0e 94 b5 10 	call	0x216a	; 0x216a <__muluhisi3>
    17b6:	2b 01       	movw	r4, r22
    17b8:	3c 01       	movw	r6, r24
    17ba:	99 23       	and	r25, r25
    17bc:	34 f4       	brge	.+12     	; 0x17ca <tmag5273_convert_averaged_raw+0x86>
    17be:	ff ef       	ldi	r31, 0xFF	; 255
    17c0:	4f 0e       	add	r4, r31
    17c2:	ff e7       	ldi	r31, 0x7F	; 127
    17c4:	5f 1e       	adc	r5, r31
    17c6:	61 1c       	adc	r6, r1
    17c8:	71 1c       	adc	r7, r1
    17ca:	d3 01       	movw	r26, r6
    17cc:	c2 01       	movw	r24, r4
    17ce:	07 2e       	mov	r0, r23
    17d0:	7f e0       	ldi	r23, 0x0F	; 15
    17d2:	b5 95       	asr	r27
    17d4:	a7 95       	ror	r26
    17d6:	97 95       	ror	r25
    17d8:	87 95       	ror	r24
    17da:	7a 95       	dec	r23
    17dc:	d1 f7       	brne	.-12     	; 0x17d2 <tmag5273_convert_averaged_raw+0x8e>
    17de:	70 2d       	mov	r23, r0
    17e0:	f4 01       	movw	r30, r8
    17e2:	84 83       	std	Z+4, r24	; 0x04
    17e4:	95 83       	std	Z+5, r25	; 0x05
    17e6:	a6 83       	std	Z+6, r26	; 0x06
    17e8:	b7 83       	std	Z+7, r27	; 0x07
    measurement->by_x100 = (by_raw * TMAG_FULL_SCALE_X100) / 32768L;
    17ea:	a8 ee       	ldi	r26, 0xE8	; 232
    17ec:	b7 e6       	ldi	r27, 0x67	; 103
    17ee:	a8 01       	movw	r20, r16
    17f0:	97 01       	movw	r18, r14
    17f2:	0e 94 b5 10 	call	0x216a	; 0x216a <__muluhisi3>
    17f6:	8b 01       	movw	r16, r22
    17f8:	9c 01       	movw	r18, r24
    17fa:	99 23       	and	r25, r25
    17fc:	24 f4       	brge	.+8      	; 0x1806 <tmag5273_convert_averaged_raw+0xc2>
    17fe:	01 50       	subi	r16, 0x01	; 1
    1800:	10 48       	sbci	r17, 0x80	; 128
    1802:	2f 4f       	sbci	r18, 0xFF	; 255
    1804:	3f 4f       	sbci	r19, 0xFF	; 255
    1806:	d9 01       	movw	r26, r18
    1808:	c8 01       	movw	r24, r16
    180a:	07 2e       	mov	r0, r23
    180c:	7f e0       	ldi	r23, 0x0F	; 15
    180e:	b5 95       	asr	r27
    1810:	a7 95       	ror	r26
    1812:	97 95       	ror	r25
    1814:	87 95       	ror	r24
    1816:	7a 95       	dec	r23
    1818:	d1 f7       	brne	.-12     	; 0x180e <tmag5273_convert_averaged_raw+0xca>
    181a:	70 2d       	mov	r23, r0
    181c:	f4 01       	movw	r30, r8
    181e:	80 87       	std	Z+8, r24	; 0x08
    1820:	91 87       	std	Z+9, r25	; 0x09
    1822:	a2 87       	std	Z+10, r26	; 0x0a
    1824:	b3 87       	std	Z+11, r27	; 0x0b
    measurement->bz_x100 = (bz_raw * TMAG_FULL_SCALE_X100) / 32768L;
    1826:	a8 ee       	ldi	r26, 0xE8	; 232
    1828:	b7 e6       	ldi	r27, 0x67	; 103
    182a:	a6 01       	movw	r20, r12
    182c:	95 01       	movw	r18, r10
    182e:	0e 94 b5 10 	call	0x216a	; 0x216a <__muluhisi3>
    1832:	8b 01       	movw	r16, r22
    1834:	9c 01       	movw	r18, r24
    1836:	99 23       	and	r25, r25
    1838:	24 f4       	brge	.+8      	; 0x1842 <tmag5273_convert_averaged_raw+0xfe>
    183a:	01 50       	subi	r16, 0x01	; 1
    183c:	10 48       	sbci	r17, 0x80	; 128
    183e:	2f 4f       	sbci	r18, 0xFF	; 255
    1840:	3f 4f       	sbci	r19, 0xFF	; 255
    1842:	d9 01       	movw	r26, r18
    1844:	c8 01       	movw	r24, r16
    1846:	07 2e       	mov	r0, r23
    1848:	7f e0       	ldi	r23, 0x0F	; 15
    184a:	b5 95       	asr	r27
    184c:	a7 95       	ror	r26
    184e:	97 95       	ror	r25
    1850:	87 95       	ror	r24
    1852:	7a 95       	dec	r23
    1854:	d1 f7       	brne	.-12     	; 0x184a <tmag5273_convert_averaged_raw+0x106>
    1856:	70 2d       	mov	r23, r0
    1858:	f4 01       	movw	r30, r8
    185a:	84 87       	std	Z+12, r24	; 0x0c
    185c:	95 87       	std	Z+13, r25	; 0x0d
    185e:	a6 87       	std	Z+14, r26	; 0x0e
    1860:	b7 87       	std	Z+15, r27	; 0x0f
    measurement->status = status;
    1862:	30 8a       	std	Z+16, r3	; 0x10
}
    1864:	df 91       	pop	r29
    1866:	cf 91       	pop	r28
    1868:	1f 91       	pop	r17
    186a:	0f 91       	pop	r16
    186c:	ff 90       	pop	r15
    186e:	ef 90       	pop	r14
    1870:	df 90       	pop	r13
    1872:	cf 90       	pop	r12
    1874:	bf 90       	pop	r11
    1876:	af 90       	pop	r10
    1878:	9f 90       	pop	r9
    187a:	8f 90       	pop	r8
    187c:	7f 90       	pop	r7
    187e:	6f 90       	pop	r6
    1880:	5f 90       	pop	r5
    1882:	4f 90       	pop	r4
    1884:	3f 90       	pop	r3
    1886:	08 95       	ret

00001888 <transport_service_calibration_status_text>:
#include "uart0.h"
#include "diagnostics.h"

const char *transport_service_calibration_status_text(calibration_status_t status)
{
    if (status == CALIBRATION_STATUS_VALID) return "VALID";
    1888:	81 30       	cpi	r24, 0x01	; 1
    188a:	29 f0       	breq	.+10     	; 0x1896 <transport_service_calibration_status_text+0xe>
    if (status == CALIBRATION_STATUS_DIRTY) return "DIRTY";
    188c:	82 30       	cpi	r24, 0x02	; 2
    188e:	31 f4       	brne	.+12     	; 0x189c <transport_service_calibration_status_text+0x14>
    1890:	86 e0       	ldi	r24, 0x06	; 6
    1892:	91 e0       	ldi	r25, 0x01	; 1
    1894:	08 95       	ret
#include "uart0.h"
#include "diagnostics.h"

const char *transport_service_calibration_status_text(calibration_status_t status)
{
    if (status == CALIBRATION_STATUS_VALID) return "VALID";
    1896:	80 e0       	ldi	r24, 0x00	; 0
    1898:	91 e0       	ldi	r25, 0x01	; 1
    189a:	08 95       	ret
    if (status == CALIBRATION_STATUS_DIRTY) return "DIRTY";
    return "DEFAULT";
    189c:	8c e0       	ldi	r24, 0x0C	; 12
    189e:	91 e0       	ldi	r25, 0x01	; 1
}
    18a0:	08 95       	ret

000018a2 <print_calibration_summary>:
    uart0_print("\r\n");
}

static void print_calibration_summary(const calibration_record_t *calibration,
                                      calibration_status_t status)
{
    18a2:	1f 93       	push	r17
    18a4:	cf 93       	push	r28
    18a6:	df 93       	push	r29
    18a8:	ec 01       	movw	r28, r24
    18aa:	16 2f       	mov	r17, r22
    uart0_print("CALIBRATION=");
    18ac:	8d ef       	ldi	r24, 0xFD	; 253
    18ae:	94 e0       	ldi	r25, 0x04	; 4
    18b0:	0e 94 e0 0e 	call	0x1dc0	; 0x1dc0 <uart0_print>
    uart0_print(transport_service_calibration_status_text(status));
    18b4:	81 2f       	mov	r24, r17
    18b6:	0e 94 44 0c 	call	0x1888	; 0x1888 <transport_service_calibration_status_text>
    18ba:	0e 94 e0 0e 	call	0x1dc0	; 0x1dc0 <uart0_print>
    uart0_print(",VERSION=");
    18be:	8a e0       	ldi	r24, 0x0A	; 10
    18c0:	95 e0       	ldi	r25, 0x05	; 5
    18c2:	0e 94 e0 0e 	call	0x1dc0	; 0x1dc0 <uart0_print>
    uart0_print_uint16(calibration->version);
    18c6:	8c 81       	ldd	r24, Y+4	; 0x04
    18c8:	9d 81       	ldd	r25, Y+5	; 0x05
    18ca:	0e 94 02 0f 	call	0x1e04	; 0x1e04 <uart0_print_uint16>
    uart0_print(",COUNTER=");
    18ce:	84 e1       	ldi	r24, 0x14	; 20
    18d0:	95 e0       	ldi	r25, 0x05	; 5
    18d2:	0e 94 e0 0e 	call	0x1dc0	; 0x1dc0 <uart0_print>
    uart0_print_uint32(calibration->calibration_counter);
    18d6:	68 a9       	ldd	r22, Y+48	; 0x30
    18d8:	79 a9       	ldd	r23, Y+49	; 0x31
    18da:	8a a9       	ldd	r24, Y+50	; 0x32
    18dc:	9b a9       	ldd	r25, Y+51	; 0x33
    18de:	0e 94 59 0f 	call	0x1eb2	; 0x1eb2 <uart0_print_uint32>
    uart0_print("\r\n");
    18e2:	87 e9       	ldi	r24, 0x97	; 151
    18e4:	95 e0       	ldi	r25, 0x05	; 5
    18e6:	0e 94 e0 0e 	call	0x1dc0	; 0x1dc0 <uart0_print>

    uart0_print("CAL_OFFSET_X=");
    18ea:	8e e1       	ldi	r24, 0x1E	; 30
    18ec:	95 e0       	ldi	r25, 0x05	; 5
    18ee:	0e 94 e0 0e 	call	0x1dc0	; 0x1dc0 <uart0_print>
    uart0_print_fixed_2(calibration->offset_x_x100);
    18f2:	68 85       	ldd	r22, Y+8	; 0x08
    18f4:	79 85       	ldd	r23, Y+9	; 0x09
    18f6:	8a 85       	ldd	r24, Y+10	; 0x0a
    18f8:	9b 85       	ldd	r25, Y+11	; 0x0b
    18fa:	0e 94 ba 0f 	call	0x1f74	; 0x1f74 <uart0_print_fixed_2>
    uart0_print(",CAL_OFFSET_Y=");
    18fe:	8c e2       	ldi	r24, 0x2C	; 44
    1900:	95 e0       	ldi	r25, 0x05	; 5
    1902:	0e 94 e0 0e 	call	0x1dc0	; 0x1dc0 <uart0_print>
    uart0_print_fixed_2(calibration->offset_y_x100);
    1906:	6c 85       	ldd	r22, Y+12	; 0x0c
    1908:	7d 85       	ldd	r23, Y+13	; 0x0d
    190a:	8e 85       	ldd	r24, Y+14	; 0x0e
    190c:	9f 85       	ldd	r25, Y+15	; 0x0f
    190e:	0e 94 ba 0f 	call	0x1f74	; 0x1f74 <uart0_print_fixed_2>
    uart0_print(",CAL_OFFSET_Z=");
    1912:	8b e3       	ldi	r24, 0x3B	; 59
    1914:	95 e0       	ldi	r25, 0x05	; 5
    1916:	0e 94 e0 0e 	call	0x1dc0	; 0x1dc0 <uart0_print>
    uart0_print_fixed_2(calibration->offset_z_x100);
    191a:	68 89       	ldd	r22, Y+16	; 0x10
    191c:	79 89       	ldd	r23, Y+17	; 0x11
    191e:	8a 89       	ldd	r24, Y+18	; 0x12
    1920:	9b 89       	ldd	r25, Y+19	; 0x13
    1922:	0e 94 ba 0f 	call	0x1f74	; 0x1f74 <uart0_print_fixed_2>
    uart0_print("\r\n");
    1926:	87 e9       	ldi	r24, 0x97	; 151
    1928:	95 e0       	ldi	r25, 0x05	; 5
    192a:	0e 94 e0 0e 	call	0x1dc0	; 0x1dc0 <uart0_print>
}
    192e:	df 91       	pop	r29
    1930:	cf 91       	pop	r28
    1932:	1f 91       	pop	r17
    1934:	08 95       	ret

00001936 <transport_service_init>:
    return "DEFAULT";
}

void transport_service_init(void)
{
    uart0_init();
    1936:	0e 94 cb 0e 	call	0x1d96	; 0x1d96 <uart0_init>
    193a:	08 95       	ret

0000193c <transport_service_publish_error>:
}

void transport_service_publish_error(const char *message)
{
    193c:	cf 93       	push	r28
    193e:	df 93       	push	r29
    1940:	ec 01       	movw	r28, r24
    uart0_print("ERROR,");
    1942:	8a e4       	ldi	r24, 0x4A	; 74
    1944:	95 e0       	ldi	r25, 0x05	; 5
    1946:	0e 94 e0 0e 	call	0x1dc0	; 0x1dc0 <uart0_print>
    uart0_print(message);
    194a:	ce 01       	movw	r24, r28
    194c:	0e 94 e0 0e 	call	0x1dc0	; 0x1dc0 <uart0_print>
    uart0_print("\r\n");
    1950:	87 e9       	ldi	r24, 0x97	; 151
    1952:	95 e0       	ldi	r25, 0x05	; 5
    1954:	0e 94 e0 0e 	call	0x1dc0	; 0x1dc0 <uart0_print>
}
    1958:	df 91       	pop	r29
    195a:	cf 91       	pop	r28
    195c:	08 95       	ret

0000195e <transport_service_print_startup>:

void transport_service_print_startup(const calibration_record_t *calibration,
                                     calibration_status_t status,
                                     uint8_t node_id,
                                     uint8_t device_id)
{
    195e:	ff 92       	push	r15
    1960:	0f 93       	push	r16
    1962:	1f 93       	push	r17
    1964:	cf 93       	push	r28
    1966:	df 93       	push	r29
    1968:	8c 01       	movw	r16, r24
    196a:	f6 2e       	mov	r15, r22
    196c:	c4 2f       	mov	r28, r20
    196e:	d2 2f       	mov	r29, r18
    uart0_print("\r\nND280 Magnetic Field Node v");
    1970:	81 e5       	ldi	r24, 0x51	; 81
    1972:	95 e0       	ldi	r25, 0x05	; 5
    1974:	0e 94 e0 0e 	call	0x1dc0	; 0x1dc0 <uart0_print>
    uart0_print(FIRMWARE_VERSION);
    1978:	8b e1       	ldi	r24, 0x1B	; 27
    197a:	94 e0       	ldi	r25, 0x04	; 4
    197c:	0e 94 e0 0e 	call	0x1dc0	; 0x1dc0 <uart0_print>
    uart0_print("\r\nUART0=4800,RX_COMMANDS=ON,TWI1=PE0/PE1\r\n");
    1980:	8f e6       	ldi	r24, 0x6F	; 111
    1982:	95 e0       	ldi	r25, 0x05	; 5
    1984:	0e 94 e0 0e 	call	0x1dc0	; 0x1dc0 <uart0_print>
    uart0_print("AVERAGE_SAMPLES=");
    1988:	8a e9       	ldi	r24, 0x9A	; 154
    198a:	95 e0       	ldi	r25, 0x05	; 5
    198c:	0e 94 e0 0e 	call	0x1dc0	; 0x1dc0 <uart0_print>
    uart0_print_uint16(AVERAGE_SAMPLES);
    1990:	8a e0       	ldi	r24, 0x0A	; 10
    1992:	90 e0       	ldi	r25, 0x00	; 0
    1994:	0e 94 02 0f 	call	0x1e04	; 0x1e04 <uart0_print_uint16>
    uart0_print(",SAMPLE_INTERVAL_MS=");
    1998:	8b ea       	ldi	r24, 0xAB	; 171
    199a:	95 e0       	ldi	r25, 0x05	; 5
    199c:	0e 94 e0 0e 	call	0x1dc0	; 0x1dc0 <uart0_print>
    uart0_print_uint16(SAMPLE_INTERVAL_MS);
    19a0:	84 e6       	ldi	r24, 0x64	; 100
    19a2:	90 e0       	ldi	r25, 0x00	; 0
    19a4:	0e 94 02 0f 	call	0x1e04	; 0x1e04 <uart0_print_uint16>
    uart0_print("\r\nTMAG_VARIANT=");
    19a8:	80 ec       	ldi	r24, 0xC0	; 192
    19aa:	95 e0       	ldi	r25, 0x05	; 5
    19ac:	0e 94 e0 0e 	call	0x1dc0	; 0x1dc0 <uart0_print>
    uart0_print(TMAG_VARIANT);
    19b0:	87 e7       	ldi	r24, 0x77	; 119
    19b2:	94 e0       	ldi	r25, 0x04	; 4
    19b4:	0e 94 e0 0e 	call	0x1dc0	; 0x1dc0 <uart0_print>
    uart0_print(",TMAG_RANGE_MT=");
    19b8:	80 ed       	ldi	r24, 0xD0	; 208
    19ba:	95 e0       	ldi	r25, 0x05	; 5
    19bc:	0e 94 e0 0e 	call	0x1dc0	; 0x1dc0 <uart0_print>
    uart0_print_uint16(TMAG_FULL_SCALE_MT);
    19c0:	8a e0       	ldi	r24, 0x0A	; 10
    19c2:	91 e0       	ldi	r25, 0x01	; 1
    19c4:	0e 94 02 0f 	call	0x1e04	; 0x1e04 <uart0_print_uint16>
    uart0_print("\r\n");
    19c8:	87 e9       	ldi	r24, 0x97	; 151
    19ca:	95 e0       	ldi	r25, 0x05	; 5
    19cc:	0e 94 e0 0e 	call	0x1dc0	; 0x1dc0 <uart0_print>

    print_calibration_summary(calibration, status);
    19d0:	6f 2d       	mov	r22, r15
    19d2:	c8 01       	movw	r24, r16
    19d4:	0e 94 51 0c 	call	0x18a2	; 0x18a2 <print_calibration_summary>

    uart0_print("TMAG_DEVICE_ID=0x");
    19d8:	80 ee       	ldi	r24, 0xE0	; 224
    19da:	95 e0       	ldi	r25, 0x05	; 5
    19dc:	0e 94 e0 0e 	call	0x1dc0	; 0x1dc0 <uart0_print>
    uart0_print_hex8(device_id);
    19e0:	8d 2f       	mov	r24, r29
    19e2:	0e 94 ed 0e 	call	0x1dda	; 0x1dda <uart0_print_hex8>
    uart0_print("\r\nTMAG_INIT=OK\r\nBOARD_ID=");
    19e6:	82 ef       	ldi	r24, 0xF2	; 242
    19e8:	95 e0       	ldi	r25, 0x05	; 5
    19ea:	0e 94 e0 0e 	call	0x1dc0	; 0x1dc0 <uart0_print>
    uart0_print_uint16(node_id);
    19ee:	8c 2f       	mov	r24, r28
    19f0:	90 e0       	ldi	r25, 0x00	; 0
    19f2:	0e 94 02 0f 	call	0x1e04	; 0x1e04 <uart0_print_uint16>
    uart0_print("\r\nRESET_CAUSE=");
    19f6:	8c e0       	ldi	r24, 0x0C	; 12
    19f8:	96 e0       	ldi	r25, 0x06	; 6
    19fa:	0e 94 e0 0e 	call	0x1dc0	; 0x1dc0 <uart0_print>
    uart0_print(diagnostics_get_reset_cause_text());
    19fe:	0e 94 c4 06 	call	0xd88	; 0xd88 <diagnostics_get_reset_cause_text>
    1a02:	0e 94 e0 0e 	call	0x1dc0	; 0x1dc0 <uart0_print>
    uart0_print(",BOOT_COUNT=");
    1a06:	8b e1       	ldi	r24, 0x1B	; 27
    1a08:	96 e0       	ldi	r25, 0x06	; 6
    1a0a:	0e 94 e0 0e 	call	0x1dc0	; 0x1dc0 <uart0_print>
    uart0_print_uint32(diagnostics_get_boot_count());
    1a0e:	0e 94 bb 06 	call	0xd76	; 0xd76 <diagnostics_get_boot_count>
    1a12:	0e 94 59 0f 	call	0x1eb2	; 0x1eb2 <uart0_print_uint32>
    uart0_print("\r\nTYPE HELP FOR COMMANDS\r\n");
    1a16:	88 e2       	ldi	r24, 0x28	; 40
    1a18:	96 e0       	ldi	r25, 0x06	; 6
    1a1a:	0e 94 e0 0e 	call	0x1dc0	; 0x1dc0 <uart0_print>
}
    1a1e:	df 91       	pop	r29
    1a20:	cf 91       	pop	r28
    1a22:	1f 91       	pop	r17
    1a24:	0f 91       	pop	r16
    1a26:	ff 90       	pop	r15
    1a28:	08 95       	ret

00001a2a <transport_service_publish_measurement>:

void transport_service_publish_measurement(uint8_t node_id,
                                           uint32_t sequence,
                                           calibration_status_t status,
                                           const measurement_result_t *result)
{
    1a2a:	8f 92       	push	r8
    1a2c:	9f 92       	push	r9
    1a2e:	af 92       	push	r10
    1a30:	bf 92       	push	r11
    1a32:	ef 92       	push	r14
    1a34:	ff 92       	push	r15
    1a36:	0f 93       	push	r16
    1a38:	1f 93       	push	r17
    1a3a:	cf 93       	push	r28
    1a3c:	df 93       	push	r29
    1a3e:	e8 2e       	mov	r14, r24
    1a40:	4a 01       	movw	r8, r20
    1a42:	5b 01       	movw	r10, r22
    1a44:	f2 2e       	mov	r15, r18
    1a46:	e8 01       	movw	r28, r16
    uart0_print("$ND280,VER=");
    1a48:	83 e4       	ldi	r24, 0x43	; 67
    1a4a:	96 e0       	ldi	r25, 0x06	; 6
    1a4c:	0e 94 e0 0e 	call	0x1dc0	; 0x1dc0 <uart0_print>
    uart0_print(FIRMWARE_VERSION);
    1a50:	8b e1       	ldi	r24, 0x1B	; 27
    1a52:	94 e0       	ldi	r25, 0x04	; 4
    1a54:	0e 94 e0 0e 	call	0x1dc0	; 0x1dc0 <uart0_print>
    uart0_print(",ID=");
    1a58:	80 e5       	ldi	r24, 0x50	; 80
    1a5a:	93 e0       	ldi	r25, 0x03	; 3
    1a5c:	0e 94 e0 0e 	call	0x1dc0	; 0x1dc0 <uart0_print>
    uart0_print_uint16(node_id);
    1a60:	8e 2d       	mov	r24, r14
    1a62:	90 e0       	ldi	r25, 0x00	; 0
    1a64:	0e 94 02 0f 	call	0x1e04	; 0x1e04 <uart0_print_uint16>
    uart0_print(",SEQ=");
    1a68:	8d ef       	ldi	r24, 0xFD	; 253
    1a6a:	93 e0       	ldi	r25, 0x03	; 3
    1a6c:	0e 94 e0 0e 	call	0x1dc0	; 0x1dc0 <uart0_print>
    uart0_print_uint32(sequence);
    1a70:	c5 01       	movw	r24, r10
    1a72:	b4 01       	movw	r22, r8
    1a74:	0e 94 59 0f 	call	0x1eb2	; 0x1eb2 <uart0_print_uint32>
    uart0_print(",AVG=");
    1a78:	82 e8       	ldi	r24, 0x82	; 130
    1a7a:	94 e0       	ldi	r25, 0x04	; 4
    1a7c:	0e 94 e0 0e 	call	0x1dc0	; 0x1dc0 <uart0_print>
    uart0_print_uint16(result->valid_samples);
    1a80:	89 89       	ldd	r24, Y+17	; 0x11
    1a82:	90 e0       	ldi	r25, 0x00	; 0
    1a84:	0e 94 02 0f 	call	0x1e04	; 0x1e04 <uart0_print_uint16>
    uart0_print(",CAL=");
    1a88:	85 e9       	ldi	r24, 0x95	; 149
    1a8a:	94 e0       	ldi	r25, 0x04	; 4
    1a8c:	0e 94 e0 0e 	call	0x1dc0	; 0x1dc0 <uart0_print>
    uart0_print(transport_service_calibration_status_text(status));
    1a90:	8f 2d       	mov	r24, r15
    1a92:	0e 94 44 0c 	call	0x1888	; 0x1888 <transport_service_calibration_status_text>
    1a96:	0e 94 e0 0e 	call	0x1dc0	; 0x1dc0 <uart0_print>
    uart0_print(",T=");
    1a9a:	8f e4       	ldi	r24, 0x4F	; 79
    1a9c:	96 e0       	ldi	r25, 0x06	; 6
    1a9e:	0e 94 e0 0e 	call	0x1dc0	; 0x1dc0 <uart0_print>
    uart0_print_fixed_2(result->value.temperature_x100);
    1aa2:	68 81       	ld	r22, Y
    1aa4:	79 81       	ldd	r23, Y+1	; 0x01
    1aa6:	8a 81       	ldd	r24, Y+2	; 0x02
    1aa8:	9b 81       	ldd	r25, Y+3	; 0x03
    1aaa:	0e 94 ba 0f 	call	0x1f74	; 0x1f74 <uart0_print_fixed_2>
    uart0_print(",BX=");
    1aae:	83 e5       	ldi	r24, 0x53	; 83
    1ab0:	96 e0       	ldi	r25, 0x06	; 6
    1ab2:	0e 94 e0 0e 	call	0x1dc0	; 0x1dc0 <uart0_print>
    uart0_print_fixed_2(result->value.bx_x100);
    1ab6:	6c 81       	ldd	r22, Y+4	; 0x04
    1ab8:	7d 81       	ldd	r23, Y+5	; 0x05
    1aba:	8e 81       	ldd	r24, Y+6	; 0x06
    1abc:	9f 81       	ldd	r25, Y+7	; 0x07
    1abe:	0e 94 ba 0f 	call	0x1f74	; 0x1f74 <uart0_print_fixed_2>
    uart0_print(",BY=");
    1ac2:	88 e5       	ldi	r24, 0x58	; 88
    1ac4:	96 e0       	ldi	r25, 0x06	; 6
    1ac6:	0e 94 e0 0e 	call	0x1dc0	; 0x1dc0 <uart0_print>
    uart0_print_fixed_2(result->value.by_x100);
    1aca:	68 85       	ldd	r22, Y+8	; 0x08
    1acc:	79 85       	ldd	r23, Y+9	; 0x09
    1ace:	8a 85       	ldd	r24, Y+10	; 0x0a
    1ad0:	9b 85       	ldd	r25, Y+11	; 0x0b
    1ad2:	0e 94 ba 0f 	call	0x1f74	; 0x1f74 <uart0_print_fixed_2>
    uart0_print(",BZ=");
    1ad6:	8d e5       	ldi	r24, 0x5D	; 93
    1ad8:	96 e0       	ldi	r25, 0x06	; 6
    1ada:	0e 94 e0 0e 	call	0x1dc0	; 0x1dc0 <uart0_print>
    uart0_print_fixed_2(result->value.bz_x100);
    1ade:	6c 85       	ldd	r22, Y+12	; 0x0c
    1ae0:	7d 85       	ldd	r23, Y+13	; 0x0d
    1ae2:	8e 85       	ldd	r24, Y+14	; 0x0e
    1ae4:	9f 85       	ldd	r25, Y+15	; 0x0f
    1ae6:	0e 94 ba 0f 	call	0x1f74	; 0x1f74 <uart0_print_fixed_2>
    uart0_print(",STATUS=0x");
    1aea:	82 e6       	ldi	r24, 0x62	; 98
    1aec:	96 e0       	ldi	r25, 0x06	; 6
    1aee:	0e 94 e0 0e 	call	0x1dc0	; 0x1dc0 <uart0_print>
    uart0_print_hex8(result->value.status);
    1af2:	88 89       	ldd	r24, Y+16	; 0x10
    1af4:	0e 94 ed 0e 	call	0x1dda	; 0x1dda <uart0_print_hex8>
    uart0_print("\r\n");
    1af8:	87 e9       	ldi	r24, 0x97	; 151
    1afa:	95 e0       	ldi	r25, 0x05	; 5
    1afc:	0e 94 e0 0e 	call	0x1dc0	; 0x1dc0 <uart0_print>
}
    1b00:	df 91       	pop	r29
    1b02:	cf 91       	pop	r28
    1b04:	1f 91       	pop	r17
    1b06:	0f 91       	pop	r16
    1b08:	ff 90       	pop	r15
    1b0a:	ef 90       	pop	r14
    1b0c:	bf 90       	pop	r11
    1b0e:	af 90       	pop	r10
    1b10:	9f 90       	pop	r9
    1b12:	8f 90       	pop	r8
    1b14:	08 95       	ret

00001b16 <twi1_start>:
{
    if (!twi1_start()) { twi1_stop(); return 0; }
    uint8_t status = twi1_write_byte((uint8_t)(address << 1));
    twi1_stop();
    return status == 0x18U;
}
    1b16:	84 ea       	ldi	r24, 0xA4	; 164
    1b18:	80 93 dc 00 	sts	0x00DC, r24	; 0x8000dc <__TEXT_REGION_LENGTH__+0x7f80dc>
    1b1c:	80 91 dc 00 	lds	r24, 0x00DC	; 0x8000dc <__TEXT_REGION_LENGTH__+0x7f80dc>
    1b20:	88 23       	and	r24, r24
    1b22:	e4 f7       	brge	.-8      	; 0x1b1c <twi1_start+0x6>
    1b24:	80 91 d9 00 	lds	r24, 0x00D9	; 0x8000d9 <__TEXT_REGION_LENGTH__+0x7f80d9>
    1b28:	88 7f       	andi	r24, 0xF8	; 248
    1b2a:	88 30       	cpi	r24, 0x08	; 8
    1b2c:	21 f0       	breq	.+8      	; 0x1b36 <twi1_start+0x20>
    1b2e:	80 31       	cpi	r24, 0x10	; 16
    1b30:	21 f4       	brne	.+8      	; 0x1b3a <twi1_start+0x24>
    1b32:	81 e0       	ldi	r24, 0x01	; 1
    1b34:	08 95       	ret
    1b36:	81 e0       	ldi	r24, 0x01	; 1
    1b38:	08 95       	ret
    1b3a:	80 e0       	ldi	r24, 0x00	; 0
    1b3c:	08 95       	ret

00001b3e <twi1_stop>:
    1b3e:	84 e9       	ldi	r24, 0x94	; 148
    1b40:	80 93 dc 00 	sts	0x00DC, r24	; 0x8000dc <__TEXT_REGION_LENGTH__+0x7f80dc>
    1b44:	08 95       	ret

00001b46 <twi1_write_byte>:
    1b46:	80 93 db 00 	sts	0x00DB, r24	; 0x8000db <__TEXT_REGION_LENGTH__+0x7f80db>
    1b4a:	84 e8       	ldi	r24, 0x84	; 132
    1b4c:	80 93 dc 00 	sts	0x00DC, r24	; 0x8000dc <__TEXT_REGION_LENGTH__+0x7f80dc>
    1b50:	80 91 dc 00 	lds	r24, 0x00DC	; 0x8000dc <__TEXT_REGION_LENGTH__+0x7f80dc>
    1b54:	88 23       	and	r24, r24
    1b56:	e4 f7       	brge	.-8      	; 0x1b50 <twi1_write_byte+0xa>
    1b58:	80 91 d9 00 	lds	r24, 0x00D9	; 0x8000d9 <__TEXT_REGION_LENGTH__+0x7f80d9>
    1b5c:	88 7f       	andi	r24, 0xF8	; 248
    1b5e:	08 95       	ret

00001b60 <twi1_read_ack>:
    1b60:	84 ec       	ldi	r24, 0xC4	; 196
    1b62:	80 93 dc 00 	sts	0x00DC, r24	; 0x8000dc <__TEXT_REGION_LENGTH__+0x7f80dc>
    1b66:	80 91 dc 00 	lds	r24, 0x00DC	; 0x8000dc <__TEXT_REGION_LENGTH__+0x7f80dc>
    1b6a:	88 23       	and	r24, r24
    1b6c:	e4 f7       	brge	.-8      	; 0x1b66 <twi1_read_ack+0x6>
    1b6e:	80 91 db 00 	lds	r24, 0x00DB	; 0x8000db <__TEXT_REGION_LENGTH__+0x7f80db>
    1b72:	08 95       	ret

00001b74 <twi1_read_nack>:
    1b74:	84 e8       	ldi	r24, 0x84	; 132
    1b76:	80 93 dc 00 	sts	0x00DC, r24	; 0x8000dc <__TEXT_REGION_LENGTH__+0x7f80dc>
    1b7a:	80 91 dc 00 	lds	r24, 0x00DC	; 0x8000dc <__TEXT_REGION_LENGTH__+0x7f80dc>
    1b7e:	88 23       	and	r24, r24
    1b80:	e4 f7       	brge	.-8      	; 0x1b7a <twi1_read_nack+0x6>
    1b82:	80 91 db 00 	lds	r24, 0x00DB	; 0x8000db <__TEXT_REGION_LENGTH__+0x7f80db>
    1b86:	08 95       	ret

00001b88 <twi1_init>:
    1b88:	8e b1       	in	r24, 0x0e	; 14
    1b8a:	83 60       	ori	r24, 0x03	; 3
    1b8c:	8e b9       	out	0x0e, r24	; 14
    1b8e:	10 92 d9 00 	sts	0x00D9, r1	; 0x8000d9 <__TEXT_REGION_LENGTH__+0x7f80d9>
    1b92:	82 e0       	ldi	r24, 0x02	; 2
    1b94:	80 93 d8 00 	sts	0x00D8, r24	; 0x8000d8 <__TEXT_REGION_LENGTH__+0x7f80d8>
    1b98:	84 e0       	ldi	r24, 0x04	; 4
    1b9a:	80 93 dc 00 	sts	0x00DC, r24	; 0x8000dc <__TEXT_REGION_LENGTH__+0x7f80dc>
    1b9e:	08 95       	ret

00001ba0 <twi1_write_register>:

uint8_t twi1_write_register(uint8_t address, uint8_t reg, uint8_t value)
{
    1ba0:	0f 93       	push	r16
    1ba2:	1f 93       	push	r17
    1ba4:	cf 93       	push	r28
    1ba6:	df 93       	push	r29
    1ba8:	d8 2f       	mov	r29, r24
    1baa:	16 2f       	mov	r17, r22
    1bac:	04 2f       	mov	r16, r20
    if (!twi1_start()) { twi1_stop(); return 0; }
    1bae:	0e 94 8b 0d 	call	0x1b16	; 0x1b16 <twi1_start>
    1bb2:	c8 2f       	mov	r28, r24
    1bb4:	81 11       	cpse	r24, r1
    1bb6:	03 c0       	rjmp	.+6      	; 0x1bbe <twi1_write_register+0x1e>
    1bb8:	0e 94 9f 0d 	call	0x1b3e	; 0x1b3e <twi1_stop>
    1bbc:	1f c0       	rjmp	.+62     	; 0x1bfc <twi1_write_register+0x5c>
    if (twi1_write_byte((uint8_t)(address << 1)) != 0x18U) { twi1_stop(); return 0; }
    1bbe:	8d 2f       	mov	r24, r29
    1bc0:	88 0f       	add	r24, r24
    1bc2:	0e 94 a3 0d 	call	0x1b46	; 0x1b46 <twi1_write_byte>
    1bc6:	88 31       	cpi	r24, 0x18	; 24
    1bc8:	21 f0       	breq	.+8      	; 0x1bd2 <twi1_write_register+0x32>
    1bca:	0e 94 9f 0d 	call	0x1b3e	; 0x1b3e <twi1_stop>
    1bce:	c0 e0       	ldi	r28, 0x00	; 0
    1bd0:	15 c0       	rjmp	.+42     	; 0x1bfc <twi1_write_register+0x5c>
    if (twi1_write_byte(reg) != 0x28U) { twi1_stop(); return 0; }
    1bd2:	81 2f       	mov	r24, r17
    1bd4:	0e 94 a3 0d 	call	0x1b46	; 0x1b46 <twi1_write_byte>
    1bd8:	88 32       	cpi	r24, 0x28	; 40
    1bda:	21 f0       	breq	.+8      	; 0x1be4 <twi1_write_register+0x44>
    1bdc:	0e 94 9f 0d 	call	0x1b3e	; 0x1b3e <twi1_stop>
    1be0:	c0 e0       	ldi	r28, 0x00	; 0
    1be2:	0c c0       	rjmp	.+24     	; 0x1bfc <twi1_write_register+0x5c>
    if (twi1_write_byte(value) != 0x28U) { twi1_stop(); return 0; }
    1be4:	80 2f       	mov	r24, r16
    1be6:	0e 94 a3 0d 	call	0x1b46	; 0x1b46 <twi1_write_byte>
    1bea:	88 32       	cpi	r24, 0x28	; 40
    1bec:	21 f0       	breq	.+8      	; 0x1bf6 <twi1_write_register+0x56>
    1bee:	0e 94 9f 0d 	call	0x1b3e	; 0x1b3e <twi1_stop>
    1bf2:	c0 e0       	ldi	r28, 0x00	; 0
    1bf4:	03 c0       	rjmp	.+6      	; 0x1bfc <twi1_write_register+0x5c>
    twi1_stop();
    1bf6:	0e 94 9f 0d 	call	0x1b3e	; 0x1b3e <twi1_stop>
    return 1;
    1bfa:	c1 e0       	ldi	r28, 0x01	; 1
}
    1bfc:	8c 2f       	mov	r24, r28
    1bfe:	df 91       	pop	r29
    1c00:	cf 91       	pop	r28
    1c02:	1f 91       	pop	r17
    1c04:	0f 91       	pop	r16
    1c06:	08 95       	ret

00001c08 <twi1_read_register>:

uint8_t twi1_read_register(uint8_t address, uint8_t reg, uint8_t *value)
{
    1c08:	ef 92       	push	r14
    1c0a:	ff 92       	push	r15
    1c0c:	1f 93       	push	r17
    1c0e:	cf 93       	push	r28
    1c10:	df 93       	push	r29
    1c12:	d8 2f       	mov	r29, r24
    1c14:	16 2f       	mov	r17, r22
    1c16:	7a 01       	movw	r14, r20
    if (!twi1_start()) { twi1_stop(); return 0; }
    1c18:	0e 94 8b 0d 	call	0x1b16	; 0x1b16 <twi1_start>
    1c1c:	c8 2f       	mov	r28, r24
    1c1e:	81 11       	cpse	r24, r1
    1c20:	03 c0       	rjmp	.+6      	; 0x1c28 <twi1_read_register+0x20>
    1c22:	0e 94 9f 0d 	call	0x1b3e	; 0x1b3e <twi1_stop>
    1c26:	2c c0       	rjmp	.+88     	; 0x1c80 <twi1_read_register+0x78>
    if (twi1_write_byte((uint8_t)(address << 1)) != 0x18U) { twi1_stop(); return 0; }
    1c28:	dd 0f       	add	r29, r29
    1c2a:	8d 2f       	mov	r24, r29
    1c2c:	0e 94 a3 0d 	call	0x1b46	; 0x1b46 <twi1_write_byte>
    1c30:	88 31       	cpi	r24, 0x18	; 24
    1c32:	21 f0       	breq	.+8      	; 0x1c3c <twi1_read_register+0x34>
    1c34:	0e 94 9f 0d 	call	0x1b3e	; 0x1b3e <twi1_stop>
    1c38:	c0 e0       	ldi	r28, 0x00	; 0
    1c3a:	22 c0       	rjmp	.+68     	; 0x1c80 <twi1_read_register+0x78>
    if (twi1_write_byte(reg) != 0x28U) { twi1_stop(); return 0; }
    1c3c:	81 2f       	mov	r24, r17
    1c3e:	0e 94 a3 0d 	call	0x1b46	; 0x1b46 <twi1_write_byte>
    1c42:	88 32       	cpi	r24, 0x28	; 40
    1c44:	21 f0       	breq	.+8      	; 0x1c4e <twi1_read_register+0x46>
    1c46:	0e 94 9f 0d 	call	0x1b3e	; 0x1b3e <twi1_stop>
    1c4a:	c0 e0       	ldi	r28, 0x00	; 0
    1c4c:	19 c0       	rjmp	.+50     	; 0x1c80 <twi1_read_register+0x78>
    if (!twi1_start()) { twi1_stop(); return 0; }
    1c4e:	0e 94 8b 0d 	call	0x1b16	; 0x1b16 <twi1_start>
    1c52:	c8 2f       	mov	r28, r24
    1c54:	81 11       	cpse	r24, r1
    1c56:	03 c0       	rjmp	.+6      	; 0x1c5e <twi1_read_register+0x56>
    1c58:	0e 94 9f 0d 	call	0x1b3e	; 0x1b3e <twi1_stop>
    1c5c:	11 c0       	rjmp	.+34     	; 0x1c80 <twi1_read_register+0x78>
    if (twi1_write_byte((uint8_t)((address << 1) | 1U)) != 0x40U) { twi1_stop(); return 0; }
    1c5e:	8d 2f       	mov	r24, r29
    1c60:	81 60       	ori	r24, 0x01	; 1
    1c62:	0e 94 a3 0d 	call	0x1b46	; 0x1b46 <twi1_write_byte>
    1c66:	80 34       	cpi	r24, 0x40	; 64
    1c68:	21 f0       	breq	.+8      	; 0x1c72 <twi1_read_register+0x6a>
    1c6a:	0e 94 9f 0d 	call	0x1b3e	; 0x1b3e <twi1_stop>
    1c6e:	c0 e0       	ldi	r28, 0x00	; 0
    1c70:	07 c0       	rjmp	.+14     	; 0x1c80 <twi1_read_register+0x78>
    *value = twi1_read_nack();
    1c72:	0e 94 ba 0d 	call	0x1b74	; 0x1b74 <twi1_read_nack>
    1c76:	f7 01       	movw	r30, r14
    1c78:	80 83       	st	Z, r24
    twi1_stop();
    1c7a:	0e 94 9f 0d 	call	0x1b3e	; 0x1b3e <twi1_stop>
    return 1;
    1c7e:	c1 e0       	ldi	r28, 0x01	; 1
}
    1c80:	8c 2f       	mov	r24, r28
    1c82:	df 91       	pop	r29
    1c84:	cf 91       	pop	r28
    1c86:	1f 91       	pop	r17
    1c88:	ff 90       	pop	r15
    1c8a:	ef 90       	pop	r14
    1c8c:	08 95       	ret

00001c8e <twi1_read_block>:

uint8_t twi1_read_block(uint8_t address, uint8_t reg, uint8_t *buffer, uint8_t length)
{
    1c8e:	ef 92       	push	r14
    1c90:	ff 92       	push	r15
    1c92:	0f 93       	push	r16
    1c94:	1f 93       	push	r17
    1c96:	cf 93       	push	r28
    1c98:	df 93       	push	r29
    if (length == 0U) return 0;
    1c9a:	22 23       	and	r18, r18
    1c9c:	09 f4       	brne	.+2      	; 0x1ca0 <twi1_read_block+0x12>
    1c9e:	48 c0       	rjmp	.+144    	; 0x1d30 <twi1_read_block+0xa2>
    1ca0:	c2 2f       	mov	r28, r18
    1ca2:	7a 01       	movw	r14, r20
    1ca4:	06 2f       	mov	r16, r22
    1ca6:	18 2f       	mov	r17, r24

    if (!twi1_start()) { twi1_stop(); return 0; }
    1ca8:	0e 94 8b 0d 	call	0x1b16	; 0x1b16 <twi1_start>
    1cac:	d8 2f       	mov	r29, r24
    1cae:	81 11       	cpse	r24, r1
    1cb0:	03 c0       	rjmp	.+6      	; 0x1cb8 <twi1_read_block+0x2a>
    1cb2:	0e 94 9f 0d 	call	0x1b3e	; 0x1b3e <twi1_stop>
    1cb6:	3d c0       	rjmp	.+122    	; 0x1d32 <twi1_read_block+0xa4>
    if (twi1_write_byte((uint8_t)(address << 1)) != 0x18U) { twi1_stop(); return 0; }
    1cb8:	11 0f       	add	r17, r17
    1cba:	81 2f       	mov	r24, r17
    1cbc:	0e 94 a3 0d 	call	0x1b46	; 0x1b46 <twi1_write_byte>
    1cc0:	88 31       	cpi	r24, 0x18	; 24
    1cc2:	21 f0       	breq	.+8      	; 0x1ccc <twi1_read_block+0x3e>
    1cc4:	0e 94 9f 0d 	call	0x1b3e	; 0x1b3e <twi1_stop>
    1cc8:	d0 e0       	ldi	r29, 0x00	; 0
    1cca:	33 c0       	rjmp	.+102    	; 0x1d32 <twi1_read_block+0xa4>
    if (twi1_write_byte(reg) != 0x28U) { twi1_stop(); return 0; }
    1ccc:	80 2f       	mov	r24, r16
    1cce:	0e 94 a3 0d 	call	0x1b46	; 0x1b46 <twi1_write_byte>
    1cd2:	88 32       	cpi	r24, 0x28	; 40
    1cd4:	21 f0       	breq	.+8      	; 0x1cde <twi1_read_block+0x50>
    1cd6:	0e 94 9f 0d 	call	0x1b3e	; 0x1b3e <twi1_stop>
    1cda:	d0 e0       	ldi	r29, 0x00	; 0
    1cdc:	2a c0       	rjmp	.+84     	; 0x1d32 <twi1_read_block+0xa4>
    if (!twi1_start()) { twi1_stop(); return 0; }
    1cde:	0e 94 8b 0d 	call	0x1b16	; 0x1b16 <twi1_start>
    1ce2:	d8 2f       	mov	r29, r24
    1ce4:	81 11       	cpse	r24, r1
    1ce6:	03 c0       	rjmp	.+6      	; 0x1cee <twi1_read_block+0x60>
    1ce8:	0e 94 9f 0d 	call	0x1b3e	; 0x1b3e <twi1_stop>
    1cec:	22 c0       	rjmp	.+68     	; 0x1d32 <twi1_read_block+0xa4>
    if (twi1_write_byte((uint8_t)((address << 1) | 1U)) != 0x40U) { twi1_stop(); return 0; }
    1cee:	81 2f       	mov	r24, r17
    1cf0:	81 60       	ori	r24, 0x01	; 1
    1cf2:	0e 94 a3 0d 	call	0x1b46	; 0x1b46 <twi1_write_byte>
    1cf6:	80 34       	cpi	r24, 0x40	; 64
    1cf8:	a1 f0       	breq	.+40     	; 0x1d22 <twi1_read_block+0x94>
    1cfa:	0e 94 9f 0d 	call	0x1b3e	; 0x1b3e <twi1_stop>
    1cfe:	d0 e0       	ldi	r29, 0x00	; 0
    1d00:	18 c0       	rjmp	.+48     	; 0x1d32 <twi1_read_block+0xa4>

    for (uint8_t index = 0; index < length; index++) {
        buffer[index] = (index == (uint8_t)(length - 1U))
    1d02:	87 01       	movw	r16, r14
    1d04:	0d 0f       	add	r16, r29
    1d06:	11 1d       	adc	r17, r1
    1d08:	8f ef       	ldi	r24, 0xFF	; 255
    1d0a:	8c 0f       	add	r24, r28
    1d0c:	d8 13       	cpse	r29, r24
    1d0e:	03 c0       	rjmp	.+6      	; 0x1d16 <twi1_read_block+0x88>
    1d10:	0e 94 ba 0d 	call	0x1b74	; 0x1b74 <twi1_read_nack>
    1d14:	02 c0       	rjmp	.+4      	; 0x1d1a <twi1_read_block+0x8c>
    1d16:	0e 94 b0 0d 	call	0x1b60	; 0x1b60 <twi1_read_ack>
    1d1a:	f8 01       	movw	r30, r16
    1d1c:	80 83       	st	Z, r24
    if (twi1_write_byte((uint8_t)(address << 1)) != 0x18U) { twi1_stop(); return 0; }
    if (twi1_write_byte(reg) != 0x28U) { twi1_stop(); return 0; }
    if (!twi1_start()) { twi1_stop(); return 0; }
    if (twi1_write_byte((uint8_t)((address << 1) | 1U)) != 0x40U) { twi1_stop(); return 0; }

    for (uint8_t index = 0; index < length; index++) {
    1d1e:	df 5f       	subi	r29, 0xFF	; 255
    1d20:	01 c0       	rjmp	.+2      	; 0x1d24 <twi1_read_block+0x96>
    1d22:	d0 e0       	ldi	r29, 0x00	; 0
    1d24:	dc 17       	cp	r29, r28
    1d26:	68 f3       	brcs	.-38     	; 0x1d02 <twi1_read_block+0x74>
        buffer[index] = (index == (uint8_t)(length - 1U))
                      ? twi1_read_nack()
                      : twi1_read_ack();
    }

    twi1_stop();
    1d28:	0e 94 9f 0d 	call	0x1b3e	; 0x1b3e <twi1_stop>
    return 1;
    1d2c:	d1 e0       	ldi	r29, 0x01	; 1
    1d2e:	01 c0       	rjmp	.+2      	; 0x1d32 <twi1_read_block+0xa4>
    return 1;
}

uint8_t twi1_read_block(uint8_t address, uint8_t reg, uint8_t *buffer, uint8_t length)
{
    if (length == 0U) return 0;
    1d30:	d0 e0       	ldi	r29, 0x00	; 0
                      : twi1_read_ack();
    }

    twi1_stop();
    return 1;
}
    1d32:	8d 2f       	mov	r24, r29
    1d34:	df 91       	pop	r29
    1d36:	cf 91       	pop	r28
    1d38:	1f 91       	pop	r17
    1d3a:	0f 91       	pop	r16
    1d3c:	ff 90       	pop	r15
    1d3e:	ef 90       	pop	r14
    1d40:	08 95       	ret

00001d42 <__vector_18>:
static volatile uint8_t rx_tail = 0U;
static volatile uint8_t rx_overflow = 0U;
static volatile char rx_buffer[UART0_RX_BUFFER_SIZE];

ISR(USART0_RX_vect)
{
    1d42:	1f 92       	push	r1
    1d44:	0f 92       	push	r0
    1d46:	0f b6       	in	r0, 0x3f	; 63
    1d48:	0f 92       	push	r0
    1d4a:	11 24       	eor	r1, r1
    1d4c:	2f 93       	push	r18
    1d4e:	8f 93       	push	r24
    1d50:	9f 93       	push	r25
    1d52:	ef 93       	push	r30
    1d54:	ff 93       	push	r31
    char value = (char)UDR0;
    1d56:	20 91 c6 00 	lds	r18, 0x00C6	; 0x8000c6 <__TEXT_REGION_LENGTH__+0x7f80c6>
    uint8_t next = (uint8_t)((rx_head + 1U) & UART0_RX_BUFFER_MASK);
    1d5a:	80 91 c6 07 	lds	r24, 0x07C6	; 0x8007c6 <rx_head>
    1d5e:	8f 5f       	subi	r24, 0xFF	; 255
    1d60:	8f 77       	andi	r24, 0x7F	; 127

    if (next == rx_tail) {
    1d62:	90 91 c5 07 	lds	r25, 0x07C5	; 0x8007c5 <rx_tail>
    1d66:	89 13       	cpse	r24, r25
    1d68:	04 c0       	rjmp	.+8      	; 0x1d72 <__vector_18+0x30>
        rx_overflow = 1U;
    1d6a:	81 e0       	ldi	r24, 0x01	; 1
    1d6c:	80 93 c4 07 	sts	0x07C4, r24	; 0x8007c4 <rx_overflow>
        return;
    1d70:	08 c0       	rjmp	.+16     	; 0x1d82 <__vector_18+0x40>
    }

    rx_buffer[rx_head] = value;
    1d72:	e0 91 c6 07 	lds	r30, 0x07C6	; 0x8007c6 <rx_head>
    1d76:	f0 e0       	ldi	r31, 0x00	; 0
    1d78:	ec 5b       	subi	r30, 0xBC	; 188
    1d7a:	f8 4f       	sbci	r31, 0xF8	; 248
    1d7c:	20 83       	st	Z, r18
    rx_head = next;
    1d7e:	80 93 c6 07 	sts	0x07C6, r24	; 0x8007c6 <rx_head>
}
    1d82:	ff 91       	pop	r31
    1d84:	ef 91       	pop	r30
    1d86:	9f 91       	pop	r25
    1d88:	8f 91       	pop	r24
    1d8a:	2f 91       	pop	r18
    1d8c:	0f 90       	pop	r0
    1d8e:	0f be       	out	0x3f, r0	; 63
    1d90:	0f 90       	pop	r0
    1d92:	1f 90       	pop	r1
    1d94:	18 95       	reti

00001d96 <uart0_init>:

void uart0_init(void)
{
    UBRR0H = (uint8_t)(UBRR_VALUE >> 8);
    1d96:	10 92 c5 00 	sts	0x00C5, r1	; 0x8000c5 <__TEXT_REGION_LENGTH__+0x7f80c5>
    UBRR0L = (uint8_t)(UBRR_VALUE & 0xFFU);
    1d9a:	8c e0       	ldi	r24, 0x0C	; 12
    1d9c:	80 93 c4 00 	sts	0x00C4, r24	; 0x8000c4 <__TEXT_REGION_LENGTH__+0x7f80c4>
    UCSR0A = 0x00;
    1da0:	10 92 c0 00 	sts	0x00C0, r1	; 0x8000c0 <__TEXT_REGION_LENGTH__+0x7f80c0>
    UCSR0B = (1 << RXCIE0) | (1 << RXEN0) | (1 << TXEN0);
    1da4:	88 e9       	ldi	r24, 0x98	; 152
    1da6:	80 93 c1 00 	sts	0x00C1, r24	; 0x8000c1 <__TEXT_REGION_LENGTH__+0x7f80c1>
    UCSR0C = (1 << UCSZ01) | (1 << UCSZ00); /* 8N1 */
    1daa:	86 e0       	ldi	r24, 0x06	; 6
    1dac:	80 93 c2 00 	sts	0x00C2, r24	; 0x8000c2 <__TEXT_REGION_LENGTH__+0x7f80c2>
    1db0:	08 95       	ret

00001db2 <uart0_putc>:
}

void uart0_putc(char c)
{
    while (!(UCSR0A & (1 << UDRE0))) {}
    1db2:	90 91 c0 00 	lds	r25, 0x00C0	; 0x8000c0 <__TEXT_REGION_LENGTH__+0x7f80c0>
    1db6:	95 ff       	sbrs	r25, 5
    1db8:	fc cf       	rjmp	.-8      	; 0x1db2 <uart0_putc>
    UDR0 = c;
    1dba:	80 93 c6 00 	sts	0x00C6, r24	; 0x8000c6 <__TEXT_REGION_LENGTH__+0x7f80c6>
    1dbe:	08 95       	ret

00001dc0 <uart0_print>:
}

void uart0_print(const char *s)
{
    1dc0:	cf 93       	push	r28
    1dc2:	df 93       	push	r29
    1dc4:	ec 01       	movw	r28, r24
    while (*s != '\0') uart0_putc(*s++);
    1dc6:	03 c0       	rjmp	.+6      	; 0x1dce <uart0_print+0xe>
    1dc8:	21 96       	adiw	r28, 0x01	; 1
    1dca:	0e 94 d9 0e 	call	0x1db2	; 0x1db2 <uart0_putc>
    1dce:	88 81       	ld	r24, Y
    1dd0:	81 11       	cpse	r24, r1
    1dd2:	fa cf       	rjmp	.-12     	; 0x1dc8 <uart0_print+0x8>
}
    1dd4:	df 91       	pop	r29
    1dd6:	cf 91       	pop	r28
    1dd8:	08 95       	ret

00001dda <uart0_print_hex8>:

void uart0_print_hex8(uint8_t value)
{
    1dda:	cf 93       	push	r28
    1ddc:	c8 2f       	mov	r28, r24
    static const char hex[] = "0123456789ABCDEF";
    uart0_putc(hex[(value >> 4) & 0x0FU]);
    1dde:	e8 2f       	mov	r30, r24
    1de0:	e2 95       	swap	r30
    1de2:	ef 70       	andi	r30, 0x0F	; 15
    1de4:	f0 e0       	ldi	r31, 0x00	; 0
    1de6:	e3 59       	subi	r30, 0x93	; 147
    1de8:	f9 4f       	sbci	r31, 0xF9	; 249
    1dea:	80 81       	ld	r24, Z
    1dec:	0e 94 d9 0e 	call	0x1db2	; 0x1db2 <uart0_putc>
    uart0_putc(hex[value & 0x0FU]);
    1df0:	cf 70       	andi	r28, 0x0F	; 15
    1df2:	ec 2f       	mov	r30, r28
    1df4:	f0 e0       	ldi	r31, 0x00	; 0
    1df6:	e3 59       	subi	r30, 0x93	; 147
    1df8:	f9 4f       	sbci	r31, 0xF9	; 249
    1dfa:	80 81       	ld	r24, Z
    1dfc:	0e 94 d9 0e 	call	0x1db2	; 0x1db2 <uart0_putc>
}
    1e00:	cf 91       	pop	r28
    1e02:	08 95       	ret

00001e04 <uart0_print_uint16>:

void uart0_print_uint16(uint16_t value)
{
    1e04:	1f 93       	push	r17
    1e06:	cf 93       	push	r28
    1e08:	df 93       	push	r29
    1e0a:	00 d0       	rcall	.+0      	; 0x1e0c <uart0_print_uint16+0x8>
    1e0c:	00 d0       	rcall	.+0      	; 0x1e0e <uart0_print_uint16+0xa>
    1e0e:	1f 92       	push	r1
    1e10:	cd b7       	in	r28, 0x3d	; 61
    1e12:	de b7       	in	r29, 0x3e	; 62
    1e14:	ac 01       	movw	r20, r24
    char buffer[5];
    uint8_t count = 0U;

    if (value == 0U) {
    1e16:	89 2b       	or	r24, r25
    1e18:	91 f5       	brne	.+100    	; 0x1e7e <uart0_print_uint16+0x7a>
        uart0_putc('0');
    1e1a:	80 e3       	ldi	r24, 0x30	; 48
    1e1c:	0e 94 d9 0e 	call	0x1db2	; 0x1db2 <uart0_putc>
    1e20:	3f c0       	rjmp	.+126    	; 0x1ea0 <uart0_print_uint16+0x9c>
        return;
    }

    while (value > 0U) {
        buffer[count++] = (char)('0' + (value % 10U));
    1e22:	9a 01       	movw	r18, r20
    1e24:	ad ec       	ldi	r26, 0xCD	; 205
    1e26:	bc ec       	ldi	r27, 0xCC	; 204
    1e28:	0e 94 a6 10 	call	0x214c	; 0x214c <__umulhisi3>
    1e2c:	96 95       	lsr	r25
    1e2e:	87 95       	ror	r24
    1e30:	96 95       	lsr	r25
    1e32:	87 95       	ror	r24
    1e34:	96 95       	lsr	r25
    1e36:	87 95       	ror	r24
    1e38:	9c 01       	movw	r18, r24
    1e3a:	22 0f       	add	r18, r18
    1e3c:	33 1f       	adc	r19, r19
    1e3e:	88 0f       	add	r24, r24
    1e40:	99 1f       	adc	r25, r25
    1e42:	88 0f       	add	r24, r24
    1e44:	99 1f       	adc	r25, r25
    1e46:	88 0f       	add	r24, r24
    1e48:	99 1f       	adc	r25, r25
    1e4a:	82 0f       	add	r24, r18
    1e4c:	93 1f       	adc	r25, r19
    1e4e:	9a 01       	movw	r18, r20
    1e50:	28 1b       	sub	r18, r24
    1e52:	39 0b       	sbc	r19, r25
    1e54:	c9 01       	movw	r24, r18
    1e56:	80 5d       	subi	r24, 0xD0	; 208
    1e58:	e1 e0       	ldi	r30, 0x01	; 1
    1e5a:	f0 e0       	ldi	r31, 0x00	; 0
    1e5c:	ec 0f       	add	r30, r28
    1e5e:	fd 1f       	adc	r31, r29
    1e60:	e1 0f       	add	r30, r17
    1e62:	f1 1d       	adc	r31, r1
    1e64:	80 83       	st	Z, r24
        value /= 10U;
    1e66:	9a 01       	movw	r18, r20
    1e68:	0e 94 a6 10 	call	0x214c	; 0x214c <__umulhisi3>
    1e6c:	ac 01       	movw	r20, r24
    1e6e:	56 95       	lsr	r21
    1e70:	47 95       	ror	r20
    1e72:	56 95       	lsr	r21
    1e74:	47 95       	ror	r20
    1e76:	56 95       	lsr	r21
    1e78:	47 95       	ror	r20
        uart0_putc('0');
        return;
    }

    while (value > 0U) {
        buffer[count++] = (char)('0' + (value % 10U));
    1e7a:	1f 5f       	subi	r17, 0xFF	; 255
    1e7c:	01 c0       	rjmp	.+2      	; 0x1e80 <uart0_print_uint16+0x7c>
    1e7e:	10 e0       	ldi	r17, 0x00	; 0
    if (value == 0U) {
        uart0_putc('0');
        return;
    }

    while (value > 0U) {
    1e80:	41 15       	cp	r20, r1
    1e82:	51 05       	cpc	r21, r1
    1e84:	71 f6       	brne	.-100    	; 0x1e22 <uart0_print_uint16+0x1e>
    1e86:	0a c0       	rjmp	.+20     	; 0x1e9c <uart0_print_uint16+0x98>
        buffer[count++] = (char)('0' + (value % 10U));
        value /= 10U;
    }

    while (count > 0U) uart0_putc(buffer[--count]);
    1e88:	11 50       	subi	r17, 0x01	; 1
    1e8a:	e1 e0       	ldi	r30, 0x01	; 1
    1e8c:	f0 e0       	ldi	r31, 0x00	; 0
    1e8e:	ec 0f       	add	r30, r28
    1e90:	fd 1f       	adc	r31, r29
    1e92:	e1 0f       	add	r30, r17
    1e94:	f1 1d       	adc	r31, r1
    1e96:	80 81       	ld	r24, Z
    1e98:	0e 94 d9 0e 	call	0x1db2	; 0x1db2 <uart0_putc>
    1e9c:	11 11       	cpse	r17, r1
    1e9e:	f4 cf       	rjmp	.-24     	; 0x1e88 <uart0_print_uint16+0x84>
}
    1ea0:	0f 90       	pop	r0
    1ea2:	0f 90       	pop	r0
    1ea4:	0f 90       	pop	r0
    1ea6:	0f 90       	pop	r0
    1ea8:	0f 90       	pop	r0
    1eaa:	df 91       	pop	r29
    1eac:	cf 91       	pop	r28
    1eae:	1f 91       	pop	r17
    1eb0:	08 95       	ret

00001eb2 <uart0_print_uint32>:

void uart0_print_uint32(uint32_t value)
{
    1eb2:	1f 93       	push	r17
    1eb4:	cf 93       	push	r28
    1eb6:	df 93       	push	r29
    1eb8:	cd b7       	in	r28, 0x3d	; 61
    1eba:	de b7       	in	r29, 0x3e	; 62
    1ebc:	2a 97       	sbiw	r28, 0x0a	; 10
    1ebe:	0f b6       	in	r0, 0x3f	; 63
    1ec0:	f8 94       	cli
    1ec2:	de bf       	out	0x3e, r29	; 62
    1ec4:	0f be       	out	0x3f, r0	; 63
    1ec6:	cd bf       	out	0x3d, r28	; 61
    char buffer[10];
    uint8_t count = 0U;

    if (value == 0UL) {
    1ec8:	61 15       	cp	r22, r1
    1eca:	71 05       	cpc	r23, r1
    1ecc:	81 05       	cpc	r24, r1
    1ece:	91 05       	cpc	r25, r1
    1ed0:	c1 f4       	brne	.+48     	; 0x1f02 <uart0_print_uint32+0x50>
        uart0_putc('0');
    1ed2:	80 e3       	ldi	r24, 0x30	; 48
    1ed4:	0e 94 d9 0e 	call	0x1db2	; 0x1db2 <uart0_putc>
    1ed8:	27 c0       	rjmp	.+78     	; 0x1f28 <uart0_print_uint32+0x76>
        return;
    }

    while (value > 0UL) {
        buffer[count++] = (char)('0' + (value % 10UL));
    1eda:	2a e0       	ldi	r18, 0x0A	; 10
    1edc:	30 e0       	ldi	r19, 0x00	; 0
    1ede:	40 e0       	ldi	r20, 0x00	; 0
    1ee0:	50 e0       	ldi	r21, 0x00	; 0
    1ee2:	0e 94 65 10 	call	0x20ca	; 0x20ca <__udivmodsi4>
    1ee6:	60 5d       	subi	r22, 0xD0	; 208
    1ee8:	e1 e0       	ldi	r30, 0x01	; 1
    1eea:	f0 e0       	ldi	r31, 0x00	; 0
    1eec:	ec 0f       	add	r30, r28
    1eee:	fd 1f       	adc	r31, r29
    1ef0:	e1 0f       	add	r30, r17
    1ef2:	f1 1d       	adc	r31, r1
    1ef4:	60 83       	st	Z, r22
        value /= 10UL;
    1ef6:	62 2f       	mov	r22, r18
    1ef8:	73 2f       	mov	r23, r19
    1efa:	84 2f       	mov	r24, r20
    1efc:	95 2f       	mov	r25, r21
        uart0_putc('0');
        return;
    }

    while (value > 0UL) {
        buffer[count++] = (char)('0' + (value % 10UL));
    1efe:	1f 5f       	subi	r17, 0xFF	; 255
    1f00:	01 c0       	rjmp	.+2      	; 0x1f04 <uart0_print_uint32+0x52>
    1f02:	10 e0       	ldi	r17, 0x00	; 0
    if (value == 0UL) {
        uart0_putc('0');
        return;
    }

    while (value > 0UL) {
    1f04:	61 15       	cp	r22, r1
    1f06:	71 05       	cpc	r23, r1
    1f08:	81 05       	cpc	r24, r1
    1f0a:	91 05       	cpc	r25, r1
    1f0c:	31 f7       	brne	.-52     	; 0x1eda <uart0_print_uint32+0x28>
    1f0e:	0a c0       	rjmp	.+20     	; 0x1f24 <uart0_print_uint32+0x72>
        buffer[count++] = (char)('0' + (value % 10UL));
        value /= 10UL;
    }

    while (count > 0U) uart0_putc(buffer[--count]);
    1f10:	11 50       	subi	r17, 0x01	; 1
    1f12:	e1 e0       	ldi	r30, 0x01	; 1
    1f14:	f0 e0       	ldi	r31, 0x00	; 0
    1f16:	ec 0f       	add	r30, r28
    1f18:	fd 1f       	adc	r31, r29
    1f1a:	e1 0f       	add	r30, r17
    1f1c:	f1 1d       	adc	r31, r1
    1f1e:	80 81       	ld	r24, Z
    1f20:	0e 94 d9 0e 	call	0x1db2	; 0x1db2 <uart0_putc>
    1f24:	11 11       	cpse	r17, r1
    1f26:	f4 cf       	rjmp	.-24     	; 0x1f10 <uart0_print_uint32+0x5e>
}
    1f28:	2a 96       	adiw	r28, 0x0a	; 10
    1f2a:	0f b6       	in	r0, 0x3f	; 63
    1f2c:	f8 94       	cli
    1f2e:	de bf       	out	0x3e, r29	; 62
    1f30:	0f be       	out	0x3f, r0	; 63
    1f32:	cd bf       	out	0x3d, r28	; 61
    1f34:	df 91       	pop	r29
    1f36:	cf 91       	pop	r28
    1f38:	1f 91       	pop	r17
    1f3a:	08 95       	ret

00001f3c <uart0_print_int32>:

void uart0_print_int32(int32_t value)
{
    1f3c:	cf 92       	push	r12
    1f3e:	df 92       	push	r13
    1f40:	ef 92       	push	r14
    1f42:	ff 92       	push	r15
    1f44:	6b 01       	movw	r12, r22
    1f46:	7c 01       	movw	r14, r24
    if (value < 0L) {
    1f48:	99 23       	and	r25, r25
    1f4a:	5c f4       	brge	.+22     	; 0x1f62 <uart0_print_int32+0x26>
        uart0_putc('-');
    1f4c:	8d e2       	ldi	r24, 0x2D	; 45
    1f4e:	0e 94 d9 0e 	call	0x1db2	; 0x1db2 <uart0_putc>
        value = -value;
    1f52:	f0 94       	com	r15
    1f54:	e0 94       	com	r14
    1f56:	d0 94       	com	r13
    1f58:	c0 94       	com	r12
    1f5a:	c1 1c       	adc	r12, r1
    1f5c:	d1 1c       	adc	r13, r1
    1f5e:	e1 1c       	adc	r14, r1
    1f60:	f1 1c       	adc	r15, r1
    }
    uart0_print_uint32((uint32_t)value);
    1f62:	c7 01       	movw	r24, r14
    1f64:	b6 01       	movw	r22, r12
    1f66:	0e 94 59 0f 	call	0x1eb2	; 0x1eb2 <uart0_print_uint32>
}
    1f6a:	ff 90       	pop	r15
    1f6c:	ef 90       	pop	r14
    1f6e:	df 90       	pop	r13
    1f70:	cf 90       	pop	r12
    1f72:	08 95       	ret

00001f74 <uart0_print_fixed_2>:

void uart0_print_fixed_2(int32_t value_x100)
{
    1f74:	cf 92       	push	r12
    1f76:	df 92       	push	r13
    1f78:	ef 92       	push	r14
    1f7a:	ff 92       	push	r15
    1f7c:	cf 93       	push	r28
    1f7e:	df 93       	push	r29
    1f80:	6b 01       	movw	r12, r22
    1f82:	7c 01       	movw	r14, r24
    if (value_x100 < 0L) {
    1f84:	99 23       	and	r25, r25
    1f86:	5c f4       	brge	.+22     	; 0x1f9e <uart0_print_fixed_2+0x2a>
        uart0_putc('-');
    1f88:	8d e2       	ldi	r24, 0x2D	; 45
    1f8a:	0e 94 d9 0e 	call	0x1db2	; 0x1db2 <uart0_putc>
        value_x100 = -value_x100;
    1f8e:	f0 94       	com	r15
    1f90:	e0 94       	com	r14
    1f92:	d0 94       	com	r13
    1f94:	c0 94       	com	r12
    1f96:	c1 1c       	adc	r12, r1
    1f98:	d1 1c       	adc	r13, r1
    1f9a:	e1 1c       	adc	r14, r1
    1f9c:	f1 1c       	adc	r15, r1
    }

    uart0_print_uint32((uint32_t)(value_x100 / 100L));
    1f9e:	c7 01       	movw	r24, r14
    1fa0:	b6 01       	movw	r22, r12
    1fa2:	24 e6       	ldi	r18, 0x64	; 100
    1fa4:	30 e0       	ldi	r19, 0x00	; 0
    1fa6:	40 e0       	ldi	r20, 0x00	; 0
    1fa8:	50 e0       	ldi	r21, 0x00	; 0
    1faa:	0e 94 87 10 	call	0x210e	; 0x210e <__divmodsi4>
    1fae:	d6 2f       	mov	r29, r22
    1fb0:	ca 01       	movw	r24, r20
    1fb2:	b9 01       	movw	r22, r18
    1fb4:	0e 94 59 0f 	call	0x1eb2	; 0x1eb2 <uart0_print_uint32>
    uart0_putc('.');
    1fb8:	8e e2       	ldi	r24, 0x2E	; 46
    1fba:	0e 94 d9 0e 	call	0x1db2	; 0x1db2 <uart0_putc>

    uint8_t fraction = (uint8_t)(value_x100 % 100L);
    uart0_putc((char)('0' + (fraction / 10U)));
    1fbe:	cd ec       	ldi	r28, 0xCD	; 205
    1fc0:	dc 9f       	mul	r29, r28
    1fc2:	c1 2d       	mov	r28, r1
    1fc4:	11 24       	eor	r1, r1
    1fc6:	c6 95       	lsr	r28
    1fc8:	c6 95       	lsr	r28
    1fca:	c6 95       	lsr	r28
    1fcc:	80 e3       	ldi	r24, 0x30	; 48
    1fce:	8c 0f       	add	r24, r28
    1fd0:	0e 94 d9 0e 	call	0x1db2	; 0x1db2 <uart0_putc>
    uart0_putc((char)('0' + (fraction % 10U)));
    1fd4:	cc 0f       	add	r28, r28
    1fd6:	8c 2f       	mov	r24, r28
    1fd8:	88 0f       	add	r24, r24
    1fda:	88 0f       	add	r24, r24
    1fdc:	c8 0f       	add	r28, r24
    1fde:	8d 2f       	mov	r24, r29
    1fe0:	8c 1b       	sub	r24, r28
    1fe2:	80 5d       	subi	r24, 0xD0	; 208
    1fe4:	0e 94 d9 0e 	call	0x1db2	; 0x1db2 <uart0_putc>
}
    1fe8:	df 91       	pop	r29
    1fea:	cf 91       	pop	r28
    1fec:	ff 90       	pop	r15
    1fee:	ef 90       	pop	r14
    1ff0:	df 90       	pop	r13
    1ff2:	cf 90       	pop	r12
    1ff4:	08 95       	ret

00001ff6 <uart0_readline>:

uint8_t uart0_readline(char *destination, uint8_t destination_size)
{
    1ff6:	dc 01       	movw	r26, r24
    static char line[UART0_COMMAND_MAX_LENGTH];
    static uint8_t length = 0U;

    while (rx_tail != rx_head) {
    1ff8:	5a c0       	rjmp	.+180    	; 0x20ae <uart0_readline+0xb8>
        char value = rx_buffer[rx_tail];
    1ffa:	e0 91 c5 07 	lds	r30, 0x07C5	; 0x8007c5 <rx_tail>
    1ffe:	f0 e0       	ldi	r31, 0x00	; 0
    2000:	ec 5b       	subi	r30, 0xBC	; 188
    2002:	f8 4f       	sbci	r31, 0xF8	; 248
    2004:	80 81       	ld	r24, Z
        rx_tail = (uint8_t)((rx_tail + 1U) & UART0_RX_BUFFER_MASK);
    2006:	90 91 c5 07 	lds	r25, 0x07C5	; 0x8007c5 <rx_tail>
    200a:	9f 5f       	subi	r25, 0xFF	; 255
    200c:	9f 77       	andi	r25, 0x7F	; 127
    200e:	90 93 c5 07 	sts	0x07C5, r25	; 0x8007c5 <rx_tail>

        if (value == '\r' || value == '\n') {
    2012:	8d 30       	cpi	r24, 0x0D	; 13
    2014:	11 f0       	breq	.+4      	; 0x201a <uart0_readline+0x24>
    2016:	8a 30       	cpi	r24, 0x0A	; 10
    2018:	39 f5       	brne	.+78     	; 0x2068 <uart0_readline+0x72>
            if (length == 0U) continue;
    201a:	e0 91 43 07 	lds	r30, 0x0743	; 0x800743 <length.1688>
    201e:	ee 23       	and	r30, r30
    2020:	09 f4       	brne	.+2      	; 0x2024 <uart0_readline+0x2e>
    2022:	45 c0       	rjmp	.+138    	; 0x20ae <uart0_readline+0xb8>

            line[length] = '\0';
    2024:	f0 e0       	ldi	r31, 0x00	; 0
    2026:	ed 51       	subi	r30, 0x1D	; 29
    2028:	f9 4f       	sbci	r31, 0xF9	; 249
    202a:	10 82       	st	Z, r1
            uint8_t index = 0U;
    202c:	90 e0       	ldi	r25, 0x00	; 0
            while (index + 1U < destination_size && line[index] != '\0') {
    202e:	05 c0       	rjmp	.+10     	; 0x203a <uart0_readline+0x44>
                destination[index] = line[index];
    2030:	fd 01       	movw	r30, r26
    2032:	e2 0f       	add	r30, r18
    2034:	f3 1f       	adc	r31, r19
    2036:	40 83       	st	Z, r20
                index++;
    2038:	9f 5f       	subi	r25, 0xFF	; 255
        if (value == '\r' || value == '\n') {
            if (length == 0U) continue;

            line[length] = '\0';
            uint8_t index = 0U;
            while (index + 1U < destination_size && line[index] != '\0') {
    203a:	29 2f       	mov	r18, r25
    203c:	30 e0       	ldi	r19, 0x00	; 0
    203e:	f9 01       	movw	r30, r18
    2040:	31 96       	adiw	r30, 0x01	; 1
    2042:	46 2f       	mov	r20, r22
    2044:	50 e0       	ldi	r21, 0x00	; 0
    2046:	e4 17       	cp	r30, r20
    2048:	f5 07       	cpc	r31, r21
    204a:	30 f4       	brcc	.+12     	; 0x2058 <uart0_readline+0x62>
    204c:	f9 01       	movw	r30, r18
    204e:	ed 51       	subi	r30, 0x1D	; 29
    2050:	f9 4f       	sbci	r31, 0xF9	; 249
    2052:	40 81       	ld	r20, Z
    2054:	41 11       	cpse	r20, r1
    2056:	ec cf       	rjmp	.-40     	; 0x2030 <uart0_readline+0x3a>
                destination[index] = line[index];
                index++;
            }
            destination[index] = '\0';
    2058:	fd 01       	movw	r30, r26
    205a:	e2 0f       	add	r30, r18
    205c:	f3 1f       	adc	r31, r19
    205e:	10 82       	st	Z, r1
            length = 0U;
    2060:	10 92 43 07 	sts	0x0743, r1	; 0x800743 <length.1688>
            return 1U;
    2064:	81 e0       	ldi	r24, 0x01	; 1
    2066:	08 95       	ret
        }

        if (value == '\b' || value == 0x7F) {
    2068:	88 30       	cpi	r24, 0x08	; 8
    206a:	11 f0       	breq	.+4      	; 0x2070 <uart0_readline+0x7a>
    206c:	8f 37       	cpi	r24, 0x7F	; 127
    206e:	41 f4       	brne	.+16     	; 0x2080 <uart0_readline+0x8a>
            if (length > 0U) length--;
    2070:	80 91 43 07 	lds	r24, 0x0743	; 0x800743 <length.1688>
    2074:	88 23       	and	r24, r24
    2076:	d9 f0       	breq	.+54     	; 0x20ae <uart0_readline+0xb8>
    2078:	81 50       	subi	r24, 0x01	; 1
    207a:	80 93 43 07 	sts	0x0743, r24	; 0x800743 <length.1688>
            continue;
    207e:	17 c0       	rjmp	.+46     	; 0x20ae <uart0_readline+0xb8>
        }

        if (length + 1U < sizeof(line)) {
    2080:	e0 91 43 07 	lds	r30, 0x0743	; 0x800743 <length.1688>
    2084:	2e 2f       	mov	r18, r30
    2086:	30 e0       	ldi	r19, 0x00	; 0
    2088:	2f 5f       	subi	r18, 0xFF	; 255
    208a:	3f 4f       	sbci	r19, 0xFF	; 255
    208c:	20 36       	cpi	r18, 0x60	; 96
    208e:	31 05       	cpc	r19, r1
    2090:	48 f4       	brcc	.+18     	; 0x20a4 <uart0_readline+0xae>
            line[length++] = value;
    2092:	91 e0       	ldi	r25, 0x01	; 1
    2094:	9e 0f       	add	r25, r30
    2096:	90 93 43 07 	sts	0x0743, r25	; 0x800743 <length.1688>
    209a:	f0 e0       	ldi	r31, 0x00	; 0
    209c:	ed 51       	subi	r30, 0x1D	; 29
    209e:	f9 4f       	sbci	r31, 0xF9	; 249
    20a0:	80 83       	st	Z, r24
    20a2:	05 c0       	rjmp	.+10     	; 0x20ae <uart0_readline+0xb8>
        } else {
            length = 0U;
    20a4:	10 92 43 07 	sts	0x0743, r1	; 0x800743 <length.1688>
            rx_overflow = 1U;
    20a8:	81 e0       	ldi	r24, 0x01	; 1
    20aa:	80 93 c4 07 	sts	0x07C4, r24	; 0x8007c4 <rx_overflow>
uint8_t uart0_readline(char *destination, uint8_t destination_size)
{
    static char line[UART0_COMMAND_MAX_LENGTH];
    static uint8_t length = 0U;

    while (rx_tail != rx_head) {
    20ae:	90 91 c5 07 	lds	r25, 0x07C5	; 0x8007c5 <rx_tail>
    20b2:	80 91 c6 07 	lds	r24, 0x07C6	; 0x8007c6 <rx_head>
    20b6:	98 13       	cpse	r25, r24
    20b8:	a0 cf       	rjmp	.-192    	; 0x1ffa <uart0_readline+0x4>
            length = 0U;
            rx_overflow = 1U;
        }
    }

    return 0U;
    20ba:	80 e0       	ldi	r24, 0x00	; 0
}
    20bc:	08 95       	ret

000020be <uart0_rx_overflowed>:

uint8_t uart0_rx_overflowed(void)
{
    return rx_overflow;
    20be:	80 91 c4 07 	lds	r24, 0x07C4	; 0x8007c4 <rx_overflow>
}
    20c2:	08 95       	ret

000020c4 <uart0_clear_rx_overflow>:

void uart0_clear_rx_overflow(void)
{
    rx_overflow = 0U;
    20c4:	10 92 c4 07 	sts	0x07C4, r1	; 0x8007c4 <rx_overflow>
    20c8:	08 95       	ret

000020ca <__udivmodsi4>:
    20ca:	a1 e2       	ldi	r26, 0x21	; 33
    20cc:	1a 2e       	mov	r1, r26
    20ce:	aa 1b       	sub	r26, r26
    20d0:	bb 1b       	sub	r27, r27
    20d2:	fd 01       	movw	r30, r26
    20d4:	0d c0       	rjmp	.+26     	; 0x20f0 <__udivmodsi4_ep>

000020d6 <__udivmodsi4_loop>:
    20d6:	aa 1f       	adc	r26, r26
    20d8:	bb 1f       	adc	r27, r27
    20da:	ee 1f       	adc	r30, r30
    20dc:	ff 1f       	adc	r31, r31
    20de:	a2 17       	cp	r26, r18
    20e0:	b3 07       	cpc	r27, r19
    20e2:	e4 07       	cpc	r30, r20
    20e4:	f5 07       	cpc	r31, r21
    20e6:	20 f0       	brcs	.+8      	; 0x20f0 <__udivmodsi4_ep>
    20e8:	a2 1b       	sub	r26, r18
    20ea:	b3 0b       	sbc	r27, r19
    20ec:	e4 0b       	sbc	r30, r20
    20ee:	f5 0b       	sbc	r31, r21

000020f0 <__udivmodsi4_ep>:
    20f0:	66 1f       	adc	r22, r22
    20f2:	77 1f       	adc	r23, r23
    20f4:	88 1f       	adc	r24, r24
    20f6:	99 1f       	adc	r25, r25
    20f8:	1a 94       	dec	r1
    20fa:	69 f7       	brne	.-38     	; 0x20d6 <__udivmodsi4_loop>
    20fc:	60 95       	com	r22
    20fe:	70 95       	com	r23
    2100:	80 95       	com	r24
    2102:	90 95       	com	r25
    2104:	9b 01       	movw	r18, r22
    2106:	ac 01       	movw	r20, r24
    2108:	bd 01       	movw	r22, r26
    210a:	cf 01       	movw	r24, r30
    210c:	08 95       	ret

0000210e <__divmodsi4>:
    210e:	05 2e       	mov	r0, r21
    2110:	97 fb       	bst	r25, 7
    2112:	1e f4       	brtc	.+6      	; 0x211a <__divmodsi4+0xc>
    2114:	00 94       	com	r0
    2116:	0e 94 9e 10 	call	0x213c	; 0x213c <__negsi2>
    211a:	57 fd       	sbrc	r21, 7
    211c:	07 d0       	rcall	.+14     	; 0x212c <__divmodsi4_neg2>
    211e:	0e 94 65 10 	call	0x20ca	; 0x20ca <__udivmodsi4>
    2122:	07 fc       	sbrc	r0, 7
    2124:	03 d0       	rcall	.+6      	; 0x212c <__divmodsi4_neg2>
    2126:	4e f4       	brtc	.+18     	; 0x213a <__divmodsi4_exit>
    2128:	0c 94 9e 10 	jmp	0x213c	; 0x213c <__negsi2>

0000212c <__divmodsi4_neg2>:
    212c:	50 95       	com	r21
    212e:	40 95       	com	r20
    2130:	30 95       	com	r19
    2132:	21 95       	neg	r18
    2134:	3f 4f       	sbci	r19, 0xFF	; 255
    2136:	4f 4f       	sbci	r20, 0xFF	; 255
    2138:	5f 4f       	sbci	r21, 0xFF	; 255

0000213a <__divmodsi4_exit>:
    213a:	08 95       	ret

0000213c <__negsi2>:
    213c:	90 95       	com	r25
    213e:	80 95       	com	r24
    2140:	70 95       	com	r23
    2142:	61 95       	neg	r22
    2144:	7f 4f       	sbci	r23, 0xFF	; 255
    2146:	8f 4f       	sbci	r24, 0xFF	; 255
    2148:	9f 4f       	sbci	r25, 0xFF	; 255
    214a:	08 95       	ret

0000214c <__umulhisi3>:
    214c:	a2 9f       	mul	r26, r18
    214e:	b0 01       	movw	r22, r0
    2150:	b3 9f       	mul	r27, r19
    2152:	c0 01       	movw	r24, r0
    2154:	a3 9f       	mul	r26, r19
    2156:	70 0d       	add	r23, r0
    2158:	81 1d       	adc	r24, r1
    215a:	11 24       	eor	r1, r1
    215c:	91 1d       	adc	r25, r1
    215e:	b2 9f       	mul	r27, r18
    2160:	70 0d       	add	r23, r0
    2162:	81 1d       	adc	r24, r1
    2164:	11 24       	eor	r1, r1
    2166:	91 1d       	adc	r25, r1
    2168:	08 95       	ret

0000216a <__muluhisi3>:
    216a:	0e 94 a6 10 	call	0x214c	; 0x214c <__umulhisi3>
    216e:	a5 9f       	mul	r26, r21
    2170:	90 0d       	add	r25, r0
    2172:	b4 9f       	mul	r27, r20
    2174:	90 0d       	add	r25, r0
    2176:	a4 9f       	mul	r26, r20
    2178:	80 0d       	add	r24, r0
    217a:	91 1d       	adc	r25, r1
    217c:	11 24       	eor	r1, r1
    217e:	08 95       	ret

00002180 <__muldi3>:
    2180:	df 93       	push	r29
    2182:	cf 93       	push	r28
    2184:	1f 93       	push	r17
    2186:	0f 93       	push	r16
    2188:	9a 9d       	mul	r25, r10
    218a:	f0 2d       	mov	r31, r0
    218c:	21 9f       	mul	r18, r17
    218e:	f0 0d       	add	r31, r0
    2190:	8b 9d       	mul	r24, r11
    2192:	f0 0d       	add	r31, r0
    2194:	8a 9d       	mul	r24, r10
    2196:	e0 2d       	mov	r30, r0
    2198:	f1 0d       	add	r31, r1
    219a:	03 9f       	mul	r16, r19
    219c:	f0 0d       	add	r31, r0
    219e:	02 9f       	mul	r16, r18
    21a0:	e0 0d       	add	r30, r0
    21a2:	f1 1d       	adc	r31, r1
    21a4:	4e 9d       	mul	r20, r14
    21a6:	e0 0d       	add	r30, r0
    21a8:	f1 1d       	adc	r31, r1
    21aa:	5e 9d       	mul	r21, r14
    21ac:	f0 0d       	add	r31, r0
    21ae:	4f 9d       	mul	r20, r15
    21b0:	f0 0d       	add	r31, r0
    21b2:	7f 93       	push	r23
    21b4:	6f 93       	push	r22
    21b6:	bf 92       	push	r11
    21b8:	af 92       	push	r10
    21ba:	5f 93       	push	r21
    21bc:	4f 93       	push	r20
    21be:	d5 01       	movw	r26, r10
    21c0:	0e 94 a6 10 	call	0x214c	; 0x214c <__umulhisi3>
    21c4:	8b 01       	movw	r16, r22
    21c6:	ac 01       	movw	r20, r24
    21c8:	d7 01       	movw	r26, r14
    21ca:	0e 94 a6 10 	call	0x214c	; 0x214c <__umulhisi3>
    21ce:	eb 01       	movw	r28, r22
    21d0:	e8 0f       	add	r30, r24
    21d2:	f9 1f       	adc	r31, r25
    21d4:	d6 01       	movw	r26, r12
    21d6:	0e 94 10 11 	call	0x2220	; 0x2220 <__muldi3_6>
    21da:	2f 91       	pop	r18
    21dc:	3f 91       	pop	r19
    21de:	d6 01       	movw	r26, r12
    21e0:	0e 94 a6 10 	call	0x214c	; 0x214c <__umulhisi3>
    21e4:	c6 0f       	add	r28, r22
    21e6:	d7 1f       	adc	r29, r23
    21e8:	e8 1f       	adc	r30, r24
    21ea:	f9 1f       	adc	r31, r25
    21ec:	af 91       	pop	r26
    21ee:	bf 91       	pop	r27
    21f0:	0e 94 10 11 	call	0x2220	; 0x2220 <__muldi3_6>
    21f4:	2f 91       	pop	r18
    21f6:	3f 91       	pop	r19
    21f8:	0e 94 a6 10 	call	0x214c	; 0x214c <__umulhisi3>
    21fc:	c6 0f       	add	r28, r22
    21fe:	d7 1f       	adc	r29, r23
    2200:	e8 1f       	adc	r30, r24
    2202:	f9 1f       	adc	r31, r25
    2204:	d6 01       	movw	r26, r12
    2206:	0e 94 a6 10 	call	0x214c	; 0x214c <__umulhisi3>
    220a:	e6 0f       	add	r30, r22
    220c:	f7 1f       	adc	r31, r23
    220e:	98 01       	movw	r18, r16
    2210:	be 01       	movw	r22, r28
    2212:	cf 01       	movw	r24, r30
    2214:	11 24       	eor	r1, r1
    2216:	0f 91       	pop	r16
    2218:	1f 91       	pop	r17
    221a:	cf 91       	pop	r28
    221c:	df 91       	pop	r29
    221e:	08 95       	ret

00002220 <__muldi3_6>:
    2220:	0e 94 a6 10 	call	0x214c	; 0x214c <__umulhisi3>
    2224:	46 0f       	add	r20, r22
    2226:	57 1f       	adc	r21, r23
    2228:	c8 1f       	adc	r28, r24
    222a:	d9 1f       	adc	r29, r25
    222c:	08 f4       	brcc	.+2      	; 0x2230 <__muldi3_6+0x10>
    222e:	31 96       	adiw	r30, 0x01	; 1
    2230:	08 95       	ret

00002232 <__moddi3>:
    2232:	68 94       	set
    2234:	01 c0       	rjmp	.+2      	; 0x2238 <__divdi3_moddi3>

00002236 <__divdi3>:
    2236:	e8 94       	clt

00002238 <__divdi3_moddi3>:
    2238:	f9 2f       	mov	r31, r25
    223a:	f1 2b       	or	r31, r17
    223c:	12 f0       	brmi	.+4      	; 0x2242 <__divdi3_moddi3+0xa>
    223e:	0c 94 4d 11 	jmp	0x229a	; 0x229a <__udivdi3_umoddi3>
    2242:	a0 e0       	ldi	r26, 0x00	; 0
    2244:	b0 e0       	ldi	r27, 0x00	; 0
    2246:	e7 e2       	ldi	r30, 0x27	; 39
    2248:	f1 e1       	ldi	r31, 0x11	; 17
    224a:	0c 94 bf 11 	jmp	0x237e	; 0x237e <__prologue_saves__+0xc>
    224e:	09 2e       	mov	r0, r25
    2250:	05 94       	asr	r0
    2252:	22 f4       	brpl	.+8      	; 0x225c <__divdi3_moddi3+0x24>
    2254:	0e 94 a9 11 	call	0x2352	; 0x2352 <__negdi2>
    2258:	11 23       	and	r17, r17
    225a:	92 f4       	brpl	.+36     	; 0x2280 <__divdi3_moddi3+0x48>
    225c:	f0 e8       	ldi	r31, 0x80	; 128
    225e:	0f 26       	eor	r0, r31
    2260:	ff ef       	ldi	r31, 0xFF	; 255
    2262:	e0 94       	com	r14
    2264:	f0 94       	com	r15
    2266:	00 95       	com	r16
    2268:	10 95       	com	r17
    226a:	b0 94       	com	r11
    226c:	c0 94       	com	r12
    226e:	d0 94       	com	r13
    2270:	a1 94       	neg	r10
    2272:	bf 0a       	sbc	r11, r31
    2274:	cf 0a       	sbc	r12, r31
    2276:	df 0a       	sbc	r13, r31
    2278:	ef 0a       	sbc	r14, r31
    227a:	ff 0a       	sbc	r15, r31
    227c:	0f 0b       	sbc	r16, r31
    227e:	1f 0b       	sbc	r17, r31
    2280:	0e 94 58 11 	call	0x22b0	; 0x22b0 <__udivmod64>
    2284:	07 fc       	sbrc	r0, 7
    2286:	0e 94 a9 11 	call	0x2352	; 0x2352 <__negdi2>
    228a:	cd b7       	in	r28, 0x3d	; 61
    228c:	de b7       	in	r29, 0x3e	; 62
    228e:	ec e0       	ldi	r30, 0x0C	; 12
    2290:	0c 94 db 11 	jmp	0x23b6	; 0x23b6 <__epilogue_restores__+0xc>

00002294 <__umoddi3>:
    2294:	68 94       	set
    2296:	01 c0       	rjmp	.+2      	; 0x229a <__udivdi3_umoddi3>

00002298 <__udivdi3>:
    2298:	e8 94       	clt

0000229a <__udivdi3_umoddi3>:
    229a:	8f 92       	push	r8
    229c:	9f 92       	push	r9
    229e:	cf 93       	push	r28
    22a0:	df 93       	push	r29
    22a2:	0e 94 58 11 	call	0x22b0	; 0x22b0 <__udivmod64>
    22a6:	df 91       	pop	r29
    22a8:	cf 91       	pop	r28
    22aa:	9f 90       	pop	r9
    22ac:	8f 90       	pop	r8
    22ae:	08 95       	ret

000022b0 <__udivmod64>:
    22b0:	88 24       	eor	r8, r8
    22b2:	99 24       	eor	r9, r9
    22b4:	f4 01       	movw	r30, r8
    22b6:	e4 01       	movw	r28, r8
    22b8:	b0 e4       	ldi	r27, 0x40	; 64
    22ba:	9f 93       	push	r25
    22bc:	aa 27       	eor	r26, r26
    22be:	9a 15       	cp	r25, r10
    22c0:	8b 04       	cpc	r8, r11
    22c2:	9c 04       	cpc	r9, r12
    22c4:	ed 05       	cpc	r30, r13
    22c6:	fe 05       	cpc	r31, r14
    22c8:	cf 05       	cpc	r28, r15
    22ca:	d0 07       	cpc	r29, r16
    22cc:	a1 07       	cpc	r26, r17
    22ce:	98 f4       	brcc	.+38     	; 0x22f6 <__udivmod64+0x46>
    22d0:	ad 2f       	mov	r26, r29
    22d2:	dc 2f       	mov	r29, r28
    22d4:	cf 2f       	mov	r28, r31
    22d6:	fe 2f       	mov	r31, r30
    22d8:	e9 2d       	mov	r30, r9
    22da:	98 2c       	mov	r9, r8
    22dc:	89 2e       	mov	r8, r25
    22de:	98 2f       	mov	r25, r24
    22e0:	87 2f       	mov	r24, r23
    22e2:	76 2f       	mov	r23, r22
    22e4:	65 2f       	mov	r22, r21
    22e6:	54 2f       	mov	r21, r20
    22e8:	43 2f       	mov	r20, r19
    22ea:	32 2f       	mov	r19, r18
    22ec:	22 27       	eor	r18, r18
    22ee:	b8 50       	subi	r27, 0x08	; 8
    22f0:	31 f7       	brne	.-52     	; 0x22be <__udivmod64+0xe>
    22f2:	bf 91       	pop	r27
    22f4:	27 c0       	rjmp	.+78     	; 0x2344 <__udivmod64+0x94>
    22f6:	1b 2e       	mov	r1, r27
    22f8:	bf 91       	pop	r27
    22fa:	bb 27       	eor	r27, r27
    22fc:	22 0f       	add	r18, r18
    22fe:	33 1f       	adc	r19, r19
    2300:	44 1f       	adc	r20, r20
    2302:	55 1f       	adc	r21, r21
    2304:	66 1f       	adc	r22, r22
    2306:	77 1f       	adc	r23, r23
    2308:	88 1f       	adc	r24, r24
    230a:	99 1f       	adc	r25, r25
    230c:	88 1c       	adc	r8, r8
    230e:	99 1c       	adc	r9, r9
    2310:	ee 1f       	adc	r30, r30
    2312:	ff 1f       	adc	r31, r31
    2314:	cc 1f       	adc	r28, r28
    2316:	dd 1f       	adc	r29, r29
    2318:	aa 1f       	adc	r26, r26
    231a:	bb 1f       	adc	r27, r27
    231c:	8a 14       	cp	r8, r10
    231e:	9b 04       	cpc	r9, r11
    2320:	ec 05       	cpc	r30, r12
    2322:	fd 05       	cpc	r31, r13
    2324:	ce 05       	cpc	r28, r14
    2326:	df 05       	cpc	r29, r15
    2328:	a0 07       	cpc	r26, r16
    232a:	b1 07       	cpc	r27, r17
    232c:	48 f0       	brcs	.+18     	; 0x2340 <__udivmod64+0x90>
    232e:	8a 18       	sub	r8, r10
    2330:	9b 08       	sbc	r9, r11
    2332:	ec 09       	sbc	r30, r12
    2334:	fd 09       	sbc	r31, r13
    2336:	ce 09       	sbc	r28, r14
    2338:	df 09       	sbc	r29, r15
    233a:	a0 0b       	sbc	r26, r16
    233c:	b1 0b       	sbc	r27, r17
    233e:	21 60       	ori	r18, 0x01	; 1
    2340:	1a 94       	dec	r1
    2342:	e1 f6       	brne	.-72     	; 0x22fc <__udivmod64+0x4c>
    2344:	2e f4       	brtc	.+10     	; 0x2350 <__udivmod64+0xa0>
    2346:	94 01       	movw	r18, r8
    2348:	af 01       	movw	r20, r30
    234a:	be 01       	movw	r22, r28
    234c:	cd 01       	movw	r24, r26
    234e:	00 0c       	add	r0, r0
    2350:	08 95       	ret

00002352 <__negdi2>:
    2352:	60 95       	com	r22
    2354:	70 95       	com	r23
    2356:	80 95       	com	r24
    2358:	90 95       	com	r25
    235a:	30 95       	com	r19
    235c:	40 95       	com	r20
    235e:	50 95       	com	r21
    2360:	21 95       	neg	r18
    2362:	3f 4f       	sbci	r19, 0xFF	; 255
    2364:	4f 4f       	sbci	r20, 0xFF	; 255
    2366:	5f 4f       	sbci	r21, 0xFF	; 255
    2368:	6f 4f       	sbci	r22, 0xFF	; 255
    236a:	7f 4f       	sbci	r23, 0xFF	; 255
    236c:	8f 4f       	sbci	r24, 0xFF	; 255
    236e:	9f 4f       	sbci	r25, 0xFF	; 255
    2370:	08 95       	ret

00002372 <__prologue_saves__>:
    2372:	2f 92       	push	r2
    2374:	3f 92       	push	r3
    2376:	4f 92       	push	r4
    2378:	5f 92       	push	r5
    237a:	6f 92       	push	r6
    237c:	7f 92       	push	r7
    237e:	8f 92       	push	r8
    2380:	9f 92       	push	r9
    2382:	af 92       	push	r10
    2384:	bf 92       	push	r11
    2386:	cf 92       	push	r12
    2388:	df 92       	push	r13
    238a:	ef 92       	push	r14
    238c:	ff 92       	push	r15
    238e:	0f 93       	push	r16
    2390:	1f 93       	push	r17
    2392:	cf 93       	push	r28
    2394:	df 93       	push	r29
    2396:	cd b7       	in	r28, 0x3d	; 61
    2398:	de b7       	in	r29, 0x3e	; 62
    239a:	ca 1b       	sub	r28, r26
    239c:	db 0b       	sbc	r29, r27
    239e:	0f b6       	in	r0, 0x3f	; 63
    23a0:	f8 94       	cli
    23a2:	de bf       	out	0x3e, r29	; 62
    23a4:	0f be       	out	0x3f, r0	; 63
    23a6:	cd bf       	out	0x3d, r28	; 61
    23a8:	09 94       	ijmp

000023aa <__epilogue_restores__>:
    23aa:	2a 88       	ldd	r2, Y+18	; 0x12
    23ac:	39 88       	ldd	r3, Y+17	; 0x11
    23ae:	48 88       	ldd	r4, Y+16	; 0x10
    23b0:	5f 84       	ldd	r5, Y+15	; 0x0f
    23b2:	6e 84       	ldd	r6, Y+14	; 0x0e
    23b4:	7d 84       	ldd	r7, Y+13	; 0x0d
    23b6:	8c 84       	ldd	r8, Y+12	; 0x0c
    23b8:	9b 84       	ldd	r9, Y+11	; 0x0b
    23ba:	aa 84       	ldd	r10, Y+10	; 0x0a
    23bc:	b9 84       	ldd	r11, Y+9	; 0x09
    23be:	c8 84       	ldd	r12, Y+8	; 0x08
    23c0:	df 80       	ldd	r13, Y+7	; 0x07
    23c2:	ee 80       	ldd	r14, Y+6	; 0x06
    23c4:	fd 80       	ldd	r15, Y+5	; 0x05
    23c6:	0c 81       	ldd	r16, Y+4	; 0x04
    23c8:	1b 81       	ldd	r17, Y+3	; 0x03
    23ca:	aa 81       	ldd	r26, Y+2	; 0x02
    23cc:	b9 81       	ldd	r27, Y+1	; 0x01
    23ce:	ce 0f       	add	r28, r30
    23d0:	d1 1d       	adc	r29, r1
    23d2:	0f b6       	in	r0, 0x3f	; 63
    23d4:	f8 94       	cli
    23d6:	de bf       	out	0x3e, r29	; 62
    23d8:	0f be       	out	0x3f, r0	; 63
    23da:	cd bf       	out	0x3d, r28	; 61
    23dc:	ed 01       	movw	r28, r26
    23de:	08 95       	ret

000023e0 <__cmpdi2_s8>:
    23e0:	00 24       	eor	r0, r0
    23e2:	a7 fd       	sbrc	r26, 7
    23e4:	00 94       	com	r0
    23e6:	2a 17       	cp	r18, r26
    23e8:	30 05       	cpc	r19, r0
    23ea:	40 05       	cpc	r20, r0
    23ec:	50 05       	cpc	r21, r0
    23ee:	60 05       	cpc	r22, r0
    23f0:	70 05       	cpc	r23, r0
    23f2:	80 05       	cpc	r24, r0
    23f4:	90 05       	cpc	r25, r0
    23f6:	08 95       	ret

000023f8 <strtol>:
    23f8:	a0 e0       	ldi	r26, 0x00	; 0
    23fa:	b0 e0       	ldi	r27, 0x00	; 0
    23fc:	e2 e0       	ldi	r30, 0x02	; 2
    23fe:	f2 e1       	ldi	r31, 0x12	; 18
    2400:	0c 94 ba 11 	jmp	0x2374	; 0x2374 <__prologue_saves__+0x2>
    2404:	5c 01       	movw	r10, r24
    2406:	6b 01       	movw	r12, r22
    2408:	7a 01       	movw	r14, r20
    240a:	61 15       	cp	r22, r1
    240c:	71 05       	cpc	r23, r1
    240e:	19 f0       	breq	.+6      	; 0x2416 <strtol+0x1e>
    2410:	fb 01       	movw	r30, r22
    2412:	91 83       	std	Z+1, r25	; 0x01
    2414:	80 83       	st	Z, r24
    2416:	e1 14       	cp	r14, r1
    2418:	f1 04       	cpc	r15, r1
    241a:	29 f0       	breq	.+10     	; 0x2426 <strtol+0x2e>
    241c:	c7 01       	movw	r24, r14
    241e:	02 97       	sbiw	r24, 0x02	; 2
    2420:	83 97       	sbiw	r24, 0x23	; 35
    2422:	08 f0       	brcs	.+2      	; 0x2426 <strtol+0x2e>
    2424:	e5 c0       	rjmp	.+458    	; 0x25f0 <strtol+0x1f8>
    2426:	e5 01       	movw	r28, r10
    2428:	21 96       	adiw	r28, 0x01	; 1
    242a:	f5 01       	movw	r30, r10
    242c:	10 81       	ld	r17, Z
    242e:	81 2f       	mov	r24, r17
    2430:	90 e0       	ldi	r25, 0x00	; 0
    2432:	0e 94 07 14 	call	0x280e	; 0x280e <isspace>
    2436:	89 2b       	or	r24, r25
    2438:	11 f0       	breq	.+4      	; 0x243e <strtol+0x46>
    243a:	5e 01       	movw	r10, r28
    243c:	f4 cf       	rjmp	.-24     	; 0x2426 <strtol+0x2e>
    243e:	1d 32       	cpi	r17, 0x2D	; 45
    2440:	29 f4       	brne	.+10     	; 0x244c <strtol+0x54>
    2442:	21 96       	adiw	r28, 0x01	; 1
    2444:	f5 01       	movw	r30, r10
    2446:	11 81       	ldd	r17, Z+1	; 0x01
    2448:	01 e0       	ldi	r16, 0x01	; 1
    244a:	07 c0       	rjmp	.+14     	; 0x245a <strtol+0x62>
    244c:	1b 32       	cpi	r17, 0x2B	; 43
    244e:	21 f4       	brne	.+8      	; 0x2458 <strtol+0x60>
    2450:	e5 01       	movw	r28, r10
    2452:	22 96       	adiw	r28, 0x02	; 2
    2454:	f5 01       	movw	r30, r10
    2456:	11 81       	ldd	r17, Z+1	; 0x01
    2458:	00 e0       	ldi	r16, 0x00	; 0
    245a:	e1 14       	cp	r14, r1
    245c:	f1 04       	cpc	r15, r1
    245e:	09 f1       	breq	.+66     	; 0x24a2 <strtol+0xaa>
    2460:	f0 e1       	ldi	r31, 0x10	; 16
    2462:	ef 16       	cp	r14, r31
    2464:	f1 04       	cpc	r15, r1
    2466:	29 f4       	brne	.+10     	; 0x2472 <strtol+0x7a>
    2468:	3f c0       	rjmp	.+126    	; 0x24e8 <strtol+0xf0>
    246a:	10 e3       	ldi	r17, 0x30	; 48
    246c:	e1 14       	cp	r14, r1
    246e:	f1 04       	cpc	r15, r1
    2470:	21 f1       	breq	.+72     	; 0x24ba <strtol+0xc2>
    2472:	28 e0       	ldi	r18, 0x08	; 8
    2474:	e2 16       	cp	r14, r18
    2476:	f1 04       	cpc	r15, r1
    2478:	01 f1       	breq	.+64     	; 0x24ba <strtol+0xc2>
    247a:	54 f4       	brge	.+20     	; 0x2490 <strtol+0x98>
    247c:	e2 e0       	ldi	r30, 0x02	; 2
    247e:	ee 16       	cp	r14, r30
    2480:	f1 04       	cpc	r15, r1
    2482:	21 f5       	brne	.+72     	; 0x24cc <strtol+0xd4>
    2484:	81 2c       	mov	r8, r1
    2486:	91 2c       	mov	r9, r1
    2488:	a1 2c       	mov	r10, r1
    248a:	b0 e4       	ldi	r27, 0x40	; 64
    248c:	bb 2e       	mov	r11, r27
    248e:	3e c0       	rjmp	.+124    	; 0x250c <strtol+0x114>
    2490:	fa e0       	ldi	r31, 0x0A	; 10
    2492:	ef 16       	cp	r14, r31
    2494:	f1 04       	cpc	r15, r1
    2496:	39 f0       	breq	.+14     	; 0x24a6 <strtol+0xae>
    2498:	20 e1       	ldi	r18, 0x10	; 16
    249a:	e2 16       	cp	r14, r18
    249c:	f1 04       	cpc	r15, r1
    249e:	b1 f4       	brne	.+44     	; 0x24cc <strtol+0xd4>
    24a0:	30 c0       	rjmp	.+96     	; 0x2502 <strtol+0x10a>
    24a2:	10 33       	cpi	r17, 0x30	; 48
    24a4:	19 f1       	breq	.+70     	; 0x24ec <strtol+0xf4>
    24a6:	fa e0       	ldi	r31, 0x0A	; 10
    24a8:	ef 2e       	mov	r14, r31
    24aa:	f1 2c       	mov	r15, r1
    24ac:	ac ec       	ldi	r26, 0xCC	; 204
    24ae:	8a 2e       	mov	r8, r26
    24b0:	98 2c       	mov	r9, r8
    24b2:	a8 2c       	mov	r10, r8
    24b4:	ac e0       	ldi	r26, 0x0C	; 12
    24b6:	ba 2e       	mov	r11, r26
    24b8:	29 c0       	rjmp	.+82     	; 0x250c <strtol+0x114>
    24ba:	78 e0       	ldi	r23, 0x08	; 8
    24bc:	e7 2e       	mov	r14, r23
    24be:	f1 2c       	mov	r15, r1
    24c0:	81 2c       	mov	r8, r1
    24c2:	91 2c       	mov	r9, r1
    24c4:	a1 2c       	mov	r10, r1
    24c6:	e0 e1       	ldi	r30, 0x10	; 16
    24c8:	be 2e       	mov	r11, r30
    24ca:	20 c0       	rjmp	.+64     	; 0x250c <strtol+0x114>
    24cc:	60 e0       	ldi	r22, 0x00	; 0
    24ce:	70 e0       	ldi	r23, 0x00	; 0
    24d0:	80 e0       	ldi	r24, 0x00	; 0
    24d2:	90 e8       	ldi	r25, 0x80	; 128
    24d4:	97 01       	movw	r18, r14
    24d6:	0f 2c       	mov	r0, r15
    24d8:	00 0c       	add	r0, r0
    24da:	44 0b       	sbc	r20, r20
    24dc:	55 0b       	sbc	r21, r21
    24de:	0e 94 65 10 	call	0x20ca	; 0x20ca <__udivmodsi4>
    24e2:	49 01       	movw	r8, r18
    24e4:	5a 01       	movw	r10, r20
    24e6:	12 c0       	rjmp	.+36     	; 0x250c <strtol+0x114>
    24e8:	10 33       	cpi	r17, 0x30	; 48
    24ea:	59 f4       	brne	.+22     	; 0x2502 <strtol+0x10a>
    24ec:	88 81       	ld	r24, Y
    24ee:	8f 7d       	andi	r24, 0xDF	; 223
    24f0:	88 35       	cpi	r24, 0x58	; 88
    24f2:	09 f0       	breq	.+2      	; 0x24f6 <strtol+0xfe>
    24f4:	ba cf       	rjmp	.-140    	; 0x246a <strtol+0x72>
    24f6:	19 81       	ldd	r17, Y+1	; 0x01
    24f8:	22 96       	adiw	r28, 0x02	; 2
    24fa:	02 60       	ori	r16, 0x02	; 2
    24fc:	80 e1       	ldi	r24, 0x10	; 16
    24fe:	e8 2e       	mov	r14, r24
    2500:	f1 2c       	mov	r15, r1
    2502:	81 2c       	mov	r8, r1
    2504:	91 2c       	mov	r9, r1
    2506:	a1 2c       	mov	r10, r1
    2508:	68 e0       	ldi	r22, 0x08	; 8
    250a:	b6 2e       	mov	r11, r22
    250c:	40 e0       	ldi	r20, 0x00	; 0
    250e:	60 e0       	ldi	r22, 0x00	; 0
    2510:	70 e0       	ldi	r23, 0x00	; 0
    2512:	cb 01       	movw	r24, r22
    2514:	27 01       	movw	r4, r14
    2516:	0f 2c       	mov	r0, r15
    2518:	00 0c       	add	r0, r0
    251a:	66 08       	sbc	r6, r6
    251c:	77 08       	sbc	r7, r7
    251e:	fe 01       	movw	r30, r28
    2520:	50 ed       	ldi	r21, 0xD0	; 208
    2522:	35 2e       	mov	r3, r21
    2524:	31 0e       	add	r3, r17
    2526:	29 e0       	ldi	r18, 0x09	; 9
    2528:	23 15       	cp	r18, r3
    252a:	70 f4       	brcc	.+28     	; 0x2548 <strtol+0x150>
    252c:	2f eb       	ldi	r18, 0xBF	; 191
    252e:	21 0f       	add	r18, r17
    2530:	2a 31       	cpi	r18, 0x1A	; 26
    2532:	18 f4       	brcc	.+6      	; 0x253a <strtol+0x142>
    2534:	39 ec       	ldi	r19, 0xC9	; 201
    2536:	33 2e       	mov	r3, r19
    2538:	06 c0       	rjmp	.+12     	; 0x2546 <strtol+0x14e>
    253a:	2f e9       	ldi	r18, 0x9F	; 159
    253c:	21 0f       	add	r18, r17
    253e:	2a 31       	cpi	r18, 0x1A	; 26
    2540:	18 f5       	brcc	.+70     	; 0x2588 <strtol+0x190>
    2542:	29 ea       	ldi	r18, 0xA9	; 169
    2544:	32 2e       	mov	r3, r18
    2546:	31 0e       	add	r3, r17
    2548:	23 2d       	mov	r18, r3
    254a:	30 e0       	ldi	r19, 0x00	; 0
    254c:	2e 15       	cp	r18, r14
    254e:	3f 05       	cpc	r19, r15
    2550:	dc f4       	brge	.+54     	; 0x2588 <strtol+0x190>
    2552:	47 fd       	sbrc	r20, 7
    2554:	16 c0       	rjmp	.+44     	; 0x2582 <strtol+0x18a>
    2556:	86 16       	cp	r8, r22
    2558:	97 06       	cpc	r9, r23
    255a:	a8 06       	cpc	r10, r24
    255c:	b9 06       	cpc	r11, r25
    255e:	70 f0       	brcs	.+28     	; 0x257c <strtol+0x184>
    2560:	a3 01       	movw	r20, r6
    2562:	92 01       	movw	r18, r4
    2564:	0e 94 a0 14 	call	0x2940	; 0x2940 <__mulsi3>
    2568:	63 0d       	add	r22, r3
    256a:	71 1d       	adc	r23, r1
    256c:	81 1d       	adc	r24, r1
    256e:	91 1d       	adc	r25, r1
    2570:	61 30       	cpi	r22, 0x01	; 1
    2572:	71 05       	cpc	r23, r1
    2574:	81 05       	cpc	r24, r1
    2576:	20 e8       	ldi	r18, 0x80	; 128
    2578:	92 07       	cpc	r25, r18
    257a:	10 f0       	brcs	.+4      	; 0x2580 <strtol+0x188>
    257c:	4f ef       	ldi	r20, 0xFF	; 255
    257e:	01 c0       	rjmp	.+2      	; 0x2582 <strtol+0x18a>
    2580:	41 e0       	ldi	r20, 0x01	; 1
    2582:	21 96       	adiw	r28, 0x01	; 1
    2584:	10 81       	ld	r17, Z
    2586:	cb cf       	rjmp	.-106    	; 0x251e <strtol+0x126>
    2588:	20 2f       	mov	r18, r16
    258a:	21 70       	andi	r18, 0x01	; 1
    258c:	c1 14       	cp	r12, r1
    258e:	d1 04       	cpc	r13, r1
    2590:	71 f0       	breq	.+28     	; 0x25ae <strtol+0x1b6>
    2592:	44 23       	and	r20, r20
    2594:	29 f0       	breq	.+10     	; 0x25a0 <strtol+0x1a8>
    2596:	21 97       	sbiw	r28, 0x01	; 1
    2598:	f6 01       	movw	r30, r12
    259a:	d1 83       	std	Z+1, r29	; 0x01
    259c:	c0 83       	st	Z, r28
    259e:	07 c0       	rjmp	.+14     	; 0x25ae <strtol+0x1b6>
    25a0:	01 ff       	sbrs	r16, 1
    25a2:	19 c0       	rjmp	.+50     	; 0x25d6 <strtol+0x1de>
    25a4:	22 97       	sbiw	r28, 0x02	; 2
    25a6:	f6 01       	movw	r30, r12
    25a8:	d1 83       	std	Z+1, r29	; 0x01
    25aa:	c0 83       	st	Z, r28
    25ac:	14 c0       	rjmp	.+40     	; 0x25d6 <strtol+0x1de>
    25ae:	47 ff       	sbrs	r20, 7
    25b0:	12 c0       	rjmp	.+36     	; 0x25d6 <strtol+0x1de>
    25b2:	22 23       	and	r18, r18
    25b4:	29 f0       	breq	.+10     	; 0x25c0 <strtol+0x1c8>
    25b6:	60 e0       	ldi	r22, 0x00	; 0
    25b8:	70 e0       	ldi	r23, 0x00	; 0
    25ba:	80 e0       	ldi	r24, 0x00	; 0
    25bc:	90 e8       	ldi	r25, 0x80	; 128
    25be:	04 c0       	rjmp	.+8      	; 0x25c8 <strtol+0x1d0>
    25c0:	6f ef       	ldi	r22, 0xFF	; 255
    25c2:	7f ef       	ldi	r23, 0xFF	; 255
    25c4:	8f ef       	ldi	r24, 0xFF	; 255
    25c6:	9f e7       	ldi	r25, 0x7F	; 127
    25c8:	22 e2       	ldi	r18, 0x22	; 34
    25ca:	30 e0       	ldi	r19, 0x00	; 0
    25cc:	30 93 c8 07 	sts	0x07C8, r19	; 0x8007c8 <errno+0x1>
    25d0:	20 93 c7 07 	sts	0x07C7, r18	; 0x8007c7 <errno>
    25d4:	09 c0       	rjmp	.+18     	; 0x25e8 <strtol+0x1f0>
    25d6:	22 23       	and	r18, r18
    25d8:	81 f0       	breq	.+32     	; 0x25fa <strtol+0x202>
    25da:	90 95       	com	r25
    25dc:	80 95       	com	r24
    25de:	70 95       	com	r23
    25e0:	61 95       	neg	r22
    25e2:	7f 4f       	sbci	r23, 0xFF	; 255
    25e4:	8f 4f       	sbci	r24, 0xFF	; 255
    25e6:	9f 4f       	sbci	r25, 0xFF	; 255
    25e8:	46 2f       	mov	r20, r22
    25ea:	37 2f       	mov	r19, r23
    25ec:	28 2f       	mov	r18, r24
    25ee:	12 c0       	rjmp	.+36     	; 0x2614 <strtol+0x21c>
    25f0:	40 e0       	ldi	r20, 0x00	; 0
    25f2:	30 e0       	ldi	r19, 0x00	; 0
    25f4:	20 e0       	ldi	r18, 0x00	; 0
    25f6:	90 e0       	ldi	r25, 0x00	; 0
    25f8:	0d c0       	rjmp	.+26     	; 0x2614 <strtol+0x21c>
    25fa:	97 ff       	sbrs	r25, 7
    25fc:	f5 cf       	rjmp	.-22     	; 0x25e8 <strtol+0x1f0>
    25fe:	82 e2       	ldi	r24, 0x22	; 34
    2600:	90 e0       	ldi	r25, 0x00	; 0
    2602:	90 93 c8 07 	sts	0x07C8, r25	; 0x8007c8 <errno+0x1>
    2606:	80 93 c7 07 	sts	0x07C7, r24	; 0x8007c7 <errno>
    260a:	6f ef       	ldi	r22, 0xFF	; 255
    260c:	7f ef       	ldi	r23, 0xFF	; 255
    260e:	8f ef       	ldi	r24, 0xFF	; 255
    2610:	9f e7       	ldi	r25, 0x7F	; 127
    2612:	ea cf       	rjmp	.-44     	; 0x25e8 <strtol+0x1f0>
    2614:	64 2f       	mov	r22, r20
    2616:	73 2f       	mov	r23, r19
    2618:	82 2f       	mov	r24, r18
    261a:	cd b7       	in	r28, 0x3d	; 61
    261c:	de b7       	in	r29, 0x3e	; 62
    261e:	e1 e1       	ldi	r30, 0x11	; 17
    2620:	0c 94 d6 11 	jmp	0x23ac	; 0x23ac <__epilogue_restores__+0x2>

00002624 <strtoul>:
    2624:	a0 e0       	ldi	r26, 0x00	; 0
    2626:	b0 e0       	ldi	r27, 0x00	; 0
    2628:	e8 e1       	ldi	r30, 0x18	; 24
    262a:	f3 e1       	ldi	r31, 0x13	; 19
    262c:	0c 94 ba 11 	jmp	0x2374	; 0x2374 <__prologue_saves__+0x2>
    2630:	5c 01       	movw	r10, r24
    2632:	6b 01       	movw	r12, r22
    2634:	7a 01       	movw	r14, r20
    2636:	61 15       	cp	r22, r1
    2638:	71 05       	cpc	r23, r1
    263a:	19 f0       	breq	.+6      	; 0x2642 <strtoul+0x1e>
    263c:	fb 01       	movw	r30, r22
    263e:	91 83       	std	Z+1, r25	; 0x01
    2640:	80 83       	st	Z, r24
    2642:	e1 14       	cp	r14, r1
    2644:	f1 04       	cpc	r15, r1
    2646:	29 f0       	breq	.+10     	; 0x2652 <strtoul+0x2e>
    2648:	c7 01       	movw	r24, r14
    264a:	02 97       	sbiw	r24, 0x02	; 2
    264c:	83 97       	sbiw	r24, 0x23	; 35
    264e:	08 f0       	brcs	.+2      	; 0x2652 <strtoul+0x2e>
    2650:	c9 c0       	rjmp	.+402    	; 0x27e4 <strtoul+0x1c0>
    2652:	e5 01       	movw	r28, r10
    2654:	21 96       	adiw	r28, 0x01	; 1
    2656:	f5 01       	movw	r30, r10
    2658:	10 81       	ld	r17, Z
    265a:	81 2f       	mov	r24, r17
    265c:	90 e0       	ldi	r25, 0x00	; 0
    265e:	0e 94 07 14 	call	0x280e	; 0x280e <isspace>
    2662:	89 2b       	or	r24, r25
    2664:	11 f0       	breq	.+4      	; 0x266a <strtoul+0x46>
    2666:	5e 01       	movw	r10, r28
    2668:	f4 cf       	rjmp	.-24     	; 0x2652 <strtoul+0x2e>
    266a:	1d 32       	cpi	r17, 0x2D	; 45
    266c:	29 f4       	brne	.+10     	; 0x2678 <strtoul+0x54>
    266e:	21 96       	adiw	r28, 0x01	; 1
    2670:	f5 01       	movw	r30, r10
    2672:	11 81       	ldd	r17, Z+1	; 0x01
    2674:	01 e0       	ldi	r16, 0x01	; 1
    2676:	07 c0       	rjmp	.+14     	; 0x2686 <strtoul+0x62>
    2678:	1b 32       	cpi	r17, 0x2B	; 43
    267a:	21 f4       	brne	.+8      	; 0x2684 <strtoul+0x60>
    267c:	e5 01       	movw	r28, r10
    267e:	22 96       	adiw	r28, 0x02	; 2
    2680:	f5 01       	movw	r30, r10
    2682:	11 81       	ldd	r17, Z+1	; 0x01
    2684:	00 e0       	ldi	r16, 0x00	; 0
    2686:	e1 14       	cp	r14, r1
    2688:	f1 04       	cpc	r15, r1
    268a:	b1 f0       	breq	.+44     	; 0x26b8 <strtoul+0x94>
    268c:	f0 e1       	ldi	r31, 0x10	; 16
    268e:	ef 16       	cp	r14, r31
    2690:	f1 04       	cpc	r15, r1
    2692:	29 f4       	brne	.+10     	; 0x269e <strtoul+0x7a>
    2694:	b0 c0       	rjmp	.+352    	; 0x27f6 <strtoul+0x1d2>
    2696:	10 e3       	ldi	r17, 0x30	; 48
    2698:	e1 14       	cp	r14, r1
    269a:	f1 04       	cpc	r15, r1
    269c:	01 f1       	breq	.+64     	; 0x26de <strtoul+0xba>
    269e:	2a e0       	ldi	r18, 0x0A	; 10
    26a0:	e2 16       	cp	r14, r18
    26a2:	f1 04       	cpc	r15, r1
    26a4:	b1 f1       	breq	.+108    	; 0x2712 <strtoul+0xee>
    26a6:	80 e1       	ldi	r24, 0x10	; 16
    26a8:	e8 16       	cp	r14, r24
    26aa:	f1 04       	cpc	r15, r1
    26ac:	71 f0       	breq	.+28     	; 0x26ca <strtoul+0xa6>
    26ae:	e8 e0       	ldi	r30, 0x08	; 8
    26b0:	ee 16       	cp	r14, r30
    26b2:	f1 04       	cpc	r15, r1
    26b4:	f1 f4       	brne	.+60     	; 0x26f2 <strtoul+0xce>
    26b6:	13 c0       	rjmp	.+38     	; 0x26de <strtoul+0xba>
    26b8:	10 33       	cpi	r17, 0x30	; 48
    26ba:	41 f5       	brne	.+80     	; 0x270c <strtoul+0xe8>
    26bc:	88 81       	ld	r24, Y
    26be:	8f 7d       	andi	r24, 0xDF	; 223
    26c0:	88 35       	cpi	r24, 0x58	; 88
    26c2:	49 f7       	brne	.-46     	; 0x2696 <strtoul+0x72>
    26c4:	19 81       	ldd	r17, Y+1	; 0x01
    26c6:	22 96       	adiw	r28, 0x02	; 2
    26c8:	02 60       	ori	r16, 0x02	; 2
    26ca:	f0 e1       	ldi	r31, 0x10	; 16
    26cc:	ef 2e       	mov	r14, r31
    26ce:	f1 2c       	mov	r15, r1
    26d0:	88 24       	eor	r8, r8
    26d2:	8a 94       	dec	r8
    26d4:	98 2c       	mov	r9, r8
    26d6:	a8 2c       	mov	r10, r8
    26d8:	af e0       	ldi	r26, 0x0F	; 15
    26da:	ba 2e       	mov	r11, r26
    26dc:	20 c0       	rjmp	.+64     	; 0x271e <strtoul+0xfa>
    26de:	78 e0       	ldi	r23, 0x08	; 8
    26e0:	e7 2e       	mov	r14, r23
    26e2:	f1 2c       	mov	r15, r1
    26e4:	88 24       	eor	r8, r8
    26e6:	8a 94       	dec	r8
    26e8:	98 2c       	mov	r9, r8
    26ea:	a8 2c       	mov	r10, r8
    26ec:	ef e1       	ldi	r30, 0x1F	; 31
    26ee:	be 2e       	mov	r11, r30
    26f0:	16 c0       	rjmp	.+44     	; 0x271e <strtoul+0xfa>
    26f2:	6f ef       	ldi	r22, 0xFF	; 255
    26f4:	7f ef       	ldi	r23, 0xFF	; 255
    26f6:	cb 01       	movw	r24, r22
    26f8:	97 01       	movw	r18, r14
    26fa:	0f 2c       	mov	r0, r15
    26fc:	00 0c       	add	r0, r0
    26fe:	44 0b       	sbc	r20, r20
    2700:	55 0b       	sbc	r21, r21
    2702:	0e 94 65 10 	call	0x20ca	; 0x20ca <__udivmodsi4>
    2706:	49 01       	movw	r8, r18
    2708:	5a 01       	movw	r10, r20
    270a:	09 c0       	rjmp	.+18     	; 0x271e <strtoul+0xfa>
    270c:	8a e0       	ldi	r24, 0x0A	; 10
    270e:	e8 2e       	mov	r14, r24
    2710:	f1 2c       	mov	r15, r1
    2712:	69 e9       	ldi	r22, 0x99	; 153
    2714:	86 2e       	mov	r8, r22
    2716:	98 2c       	mov	r9, r8
    2718:	a8 2c       	mov	r10, r8
    271a:	69 e1       	ldi	r22, 0x19	; 25
    271c:	b6 2e       	mov	r11, r22
    271e:	40 e0       	ldi	r20, 0x00	; 0
    2720:	60 e0       	ldi	r22, 0x00	; 0
    2722:	70 e0       	ldi	r23, 0x00	; 0
    2724:	cb 01       	movw	r24, r22
    2726:	27 01       	movw	r4, r14
    2728:	0f 2c       	mov	r0, r15
    272a:	00 0c       	add	r0, r0
    272c:	66 08       	sbc	r6, r6
    272e:	77 08       	sbc	r7, r7
    2730:	fe 01       	movw	r30, r28
    2732:	50 ed       	ldi	r21, 0xD0	; 208
    2734:	35 2e       	mov	r3, r21
    2736:	31 0e       	add	r3, r17
    2738:	29 e0       	ldi	r18, 0x09	; 9
    273a:	23 15       	cp	r18, r3
    273c:	70 f4       	brcc	.+28     	; 0x275a <strtoul+0x136>
    273e:	2f eb       	ldi	r18, 0xBF	; 191
    2740:	21 0f       	add	r18, r17
    2742:	2a 31       	cpi	r18, 0x1A	; 26
    2744:	18 f4       	brcc	.+6      	; 0x274c <strtoul+0x128>
    2746:	39 ec       	ldi	r19, 0xC9	; 201
    2748:	33 2e       	mov	r3, r19
    274a:	06 c0       	rjmp	.+12     	; 0x2758 <strtoul+0x134>
    274c:	2f e9       	ldi	r18, 0x9F	; 159
    274e:	21 0f       	add	r18, r17
    2750:	2a 31       	cpi	r18, 0x1A	; 26
    2752:	30 f5       	brcc	.+76     	; 0x27a0 <strtoul+0x17c>
    2754:	29 ea       	ldi	r18, 0xA9	; 169
    2756:	32 2e       	mov	r3, r18
    2758:	31 0e       	add	r3, r17
    275a:	23 2d       	mov	r18, r3
    275c:	30 e0       	ldi	r19, 0x00	; 0
    275e:	2e 15       	cp	r18, r14
    2760:	3f 05       	cpc	r19, r15
    2762:	f4 f4       	brge	.+60     	; 0x27a0 <strtoul+0x17c>
    2764:	4f 3f       	cpi	r20, 0xFF	; 255
    2766:	c9 f0       	breq	.+50     	; 0x279a <strtoul+0x176>
    2768:	86 16       	cp	r8, r22
    276a:	97 06       	cpc	r9, r23
    276c:	a8 06       	cpc	r10, r24
    276e:	b9 06       	cpc	r11, r25
    2770:	88 f0       	brcs	.+34     	; 0x2794 <strtoul+0x170>
    2772:	a3 01       	movw	r20, r6
    2774:	92 01       	movw	r18, r4
    2776:	0e 94 a0 14 	call	0x2940	; 0x2940 <__mulsi3>
    277a:	23 2d       	mov	r18, r3
    277c:	30 e0       	ldi	r19, 0x00	; 0
    277e:	40 e0       	ldi	r20, 0x00	; 0
    2780:	50 e0       	ldi	r21, 0x00	; 0
    2782:	62 0f       	add	r22, r18
    2784:	73 1f       	adc	r23, r19
    2786:	84 1f       	adc	r24, r20
    2788:	95 1f       	adc	r25, r21
    278a:	62 17       	cp	r22, r18
    278c:	73 07       	cpc	r23, r19
    278e:	84 07       	cpc	r24, r20
    2790:	95 07       	cpc	r25, r21
    2792:	10 f4       	brcc	.+4      	; 0x2798 <strtoul+0x174>
    2794:	4f ef       	ldi	r20, 0xFF	; 255
    2796:	01 c0       	rjmp	.+2      	; 0x279a <strtoul+0x176>
    2798:	41 e0       	ldi	r20, 0x01	; 1
    279a:	21 96       	adiw	r28, 0x01	; 1
    279c:	10 81       	ld	r17, Z
    279e:	c8 cf       	rjmp	.-112    	; 0x2730 <strtoul+0x10c>
    27a0:	c1 14       	cp	r12, r1
    27a2:	d1 04       	cpc	r13, r1
    27a4:	51 f0       	breq	.+20     	; 0x27ba <strtoul+0x196>
    27a6:	44 23       	and	r20, r20
    27a8:	11 f0       	breq	.+4      	; 0x27ae <strtoul+0x18a>
    27aa:	21 97       	sbiw	r28, 0x01	; 1
    27ac:	03 c0       	rjmp	.+6      	; 0x27b4 <strtoul+0x190>
    27ae:	01 ff       	sbrs	r16, 1
    27b0:	04 c0       	rjmp	.+8      	; 0x27ba <strtoul+0x196>
    27b2:	22 97       	sbiw	r28, 0x02	; 2
    27b4:	f6 01       	movw	r30, r12
    27b6:	d1 83       	std	Z+1, r29	; 0x01
    27b8:	c0 83       	st	Z, r28
    27ba:	00 ff       	sbrs	r16, 0
    27bc:	07 c0       	rjmp	.+14     	; 0x27cc <strtoul+0x1a8>
    27be:	90 95       	com	r25
    27c0:	80 95       	com	r24
    27c2:	70 95       	com	r23
    27c4:	61 95       	neg	r22
    27c6:	7f 4f       	sbci	r23, 0xFF	; 255
    27c8:	8f 4f       	sbci	r24, 0xFF	; 255
    27ca:	9f 4f       	sbci	r25, 0xFF	; 255
    27cc:	4f 3f       	cpi	r20, 0xFF	; 255
    27ce:	79 f4       	brne	.+30     	; 0x27ee <strtoul+0x1ca>
    27d0:	82 e2       	ldi	r24, 0x22	; 34
    27d2:	90 e0       	ldi	r25, 0x00	; 0
    27d4:	90 93 c8 07 	sts	0x07C8, r25	; 0x8007c8 <errno+0x1>
    27d8:	80 93 c7 07 	sts	0x07C7, r24	; 0x8007c7 <errno>
    27dc:	3f ef       	ldi	r19, 0xFF	; 255
    27de:	2f ef       	ldi	r18, 0xFF	; 255
    27e0:	9f ef       	ldi	r25, 0xFF	; 255
    27e2:	0d c0       	rjmp	.+26     	; 0x27fe <strtoul+0x1da>
    27e4:	40 e0       	ldi	r20, 0x00	; 0
    27e6:	30 e0       	ldi	r19, 0x00	; 0
    27e8:	20 e0       	ldi	r18, 0x00	; 0
    27ea:	90 e0       	ldi	r25, 0x00	; 0
    27ec:	08 c0       	rjmp	.+16     	; 0x27fe <strtoul+0x1da>
    27ee:	46 2f       	mov	r20, r22
    27f0:	37 2f       	mov	r19, r23
    27f2:	28 2f       	mov	r18, r24
    27f4:	04 c0       	rjmp	.+8      	; 0x27fe <strtoul+0x1da>
    27f6:	10 33       	cpi	r17, 0x30	; 48
    27f8:	09 f0       	breq	.+2      	; 0x27fc <strtoul+0x1d8>
    27fa:	67 cf       	rjmp	.-306    	; 0x26ca <strtoul+0xa6>
    27fc:	5f cf       	rjmp	.-322    	; 0x26bc <strtoul+0x98>
    27fe:	64 2f       	mov	r22, r20
    2800:	73 2f       	mov	r23, r19
    2802:	82 2f       	mov	r24, r18
    2804:	cd b7       	in	r28, 0x3d	; 61
    2806:	de b7       	in	r29, 0x3e	; 62
    2808:	e1 e1       	ldi	r30, 0x11	; 17
    280a:	0c 94 d6 11 	jmp	0x23ac	; 0x23ac <__epilogue_restores__+0x2>

0000280e <isspace>:
    280e:	91 11       	cpse	r25, r1
    2810:	0c 94 59 14 	jmp	0x28b2	; 0x28b2 <__ctype_isfalse>
    2814:	80 32       	cpi	r24, 0x20	; 32
    2816:	19 f0       	breq	.+6      	; 0x281e <isspace+0x10>
    2818:	89 50       	subi	r24, 0x09	; 9
    281a:	85 50       	subi	r24, 0x05	; 5
    281c:	c8 f7       	brcc	.-14     	; 0x2810 <isspace+0x2>
    281e:	08 95       	ret

00002820 <strtok>:
    2820:	4e e7       	ldi	r20, 0x7E	; 126
    2822:	56 e0       	ldi	r21, 0x06	; 6
    2824:	0e 94 32 14 	call	0x2864	; 0x2864 <strtok_r>
    2828:	08 95       	ret

0000282a <memcmp>:
    282a:	fb 01       	movw	r30, r22
    282c:	dc 01       	movw	r26, r24
    282e:	04 c0       	rjmp	.+8      	; 0x2838 <memcmp+0xe>
    2830:	8d 91       	ld	r24, X+
    2832:	01 90       	ld	r0, Z+
    2834:	80 19       	sub	r24, r0
    2836:	21 f4       	brne	.+8      	; 0x2840 <memcmp+0x16>
    2838:	41 50       	subi	r20, 0x01	; 1
    283a:	50 40       	sbci	r21, 0x00	; 0
    283c:	c8 f7       	brcc	.-14     	; 0x2830 <memcmp+0x6>
    283e:	88 1b       	sub	r24, r24
    2840:	99 0b       	sbc	r25, r25
    2842:	08 95       	ret

00002844 <memset>:
    2844:	dc 01       	movw	r26, r24
    2846:	01 c0       	rjmp	.+2      	; 0x284a <memset+0x6>
    2848:	6d 93       	st	X+, r22
    284a:	41 50       	subi	r20, 0x01	; 1
    284c:	50 40       	sbci	r21, 0x00	; 0
    284e:	e0 f7       	brcc	.-8      	; 0x2848 <memset+0x4>
    2850:	08 95       	ret

00002852 <strcmp>:
    2852:	fb 01       	movw	r30, r22
    2854:	dc 01       	movw	r26, r24
    2856:	8d 91       	ld	r24, X+
    2858:	01 90       	ld	r0, Z+
    285a:	80 19       	sub	r24, r0
    285c:	01 10       	cpse	r0, r1
    285e:	d9 f3       	breq	.-10     	; 0x2856 <strcmp+0x4>
    2860:	99 0b       	sbc	r25, r25
    2862:	08 95       	ret

00002864 <strtok_r>:
    2864:	fa 01       	movw	r30, r20
    2866:	a1 91       	ld	r26, Z+
    2868:	b0 81       	ld	r27, Z
    286a:	00 97       	sbiw	r24, 0x00	; 0
    286c:	19 f4       	brne	.+6      	; 0x2874 <strtok_r+0x10>
    286e:	10 97       	sbiw	r26, 0x00	; 0
    2870:	e1 f0       	breq	.+56     	; 0x28aa <strtok_r+0x46>
    2872:	cd 01       	movw	r24, r26
    2874:	dc 01       	movw	r26, r24
    2876:	cd 01       	movw	r24, r26
    2878:	0d 90       	ld	r0, X+
    287a:	00 20       	and	r0, r0
    287c:	11 f4       	brne	.+4      	; 0x2882 <strtok_r+0x1e>
    287e:	c0 01       	movw	r24, r0
    2880:	13 c0       	rjmp	.+38     	; 0x28a8 <strtok_r+0x44>
    2882:	fb 01       	movw	r30, r22
    2884:	21 91       	ld	r18, Z+
    2886:	22 23       	and	r18, r18
    2888:	19 f0       	breq	.+6      	; 0x2890 <strtok_r+0x2c>
    288a:	20 15       	cp	r18, r0
    288c:	d9 f7       	brne	.-10     	; 0x2884 <strtok_r+0x20>
    288e:	f3 cf       	rjmp	.-26     	; 0x2876 <strtok_r+0x12>
    2890:	fb 01       	movw	r30, r22
    2892:	21 91       	ld	r18, Z+
    2894:	20 15       	cp	r18, r0
    2896:	19 f4       	brne	.+6      	; 0x289e <strtok_r+0x3a>
    2898:	1e 92       	st	-X, r1
    289a:	11 96       	adiw	r26, 0x01	; 1
    289c:	06 c0       	rjmp	.+12     	; 0x28aa <strtok_r+0x46>
    289e:	22 23       	and	r18, r18
    28a0:	c1 f7       	brne	.-16     	; 0x2892 <strtok_r+0x2e>
    28a2:	0d 90       	ld	r0, X+
    28a4:	00 20       	and	r0, r0
    28a6:	a1 f7       	brne	.-24     	; 0x2890 <strtok_r+0x2c>
    28a8:	d0 01       	movw	r26, r0
    28aa:	fa 01       	movw	r30, r20
    28ac:	a1 93       	st	Z+, r26
    28ae:	b0 83       	st	Z, r27
    28b0:	08 95       	ret

000028b2 <__ctype_isfalse>:
    28b2:	99 27       	eor	r25, r25
    28b4:	88 27       	eor	r24, r24

000028b6 <__ctype_istrue>:
    28b6:	08 95       	ret

000028b8 <eeprom_read_block>:
    28b8:	dc 01       	movw	r26, r24
    28ba:	cb 01       	movw	r24, r22

000028bc <eeprom_read_blraw>:
    28bc:	fc 01       	movw	r30, r24
    28be:	f9 99       	sbic	0x1f, 1	; 31
    28c0:	fe cf       	rjmp	.-4      	; 0x28be <eeprom_read_blraw+0x2>
    28c2:	06 c0       	rjmp	.+12     	; 0x28d0 <eeprom_read_blraw+0x14>
    28c4:	f2 bd       	out	0x22, r31	; 34
    28c6:	e1 bd       	out	0x21, r30	; 33
    28c8:	f8 9a       	sbi	0x1f, 0	; 31
    28ca:	31 96       	adiw	r30, 0x01	; 1
    28cc:	00 b4       	in	r0, 0x20	; 32
    28ce:	0d 92       	st	X+, r0
    28d0:	41 50       	subi	r20, 0x01	; 1
    28d2:	50 40       	sbci	r21, 0x00	; 0
    28d4:	b8 f7       	brcc	.-18     	; 0x28c4 <eeprom_read_blraw+0x8>
    28d6:	08 95       	ret

000028d8 <eeprom_read_dword>:
    28d8:	a6 e1       	ldi	r26, 0x16	; 22
    28da:	b0 e0       	ldi	r27, 0x00	; 0
    28dc:	44 e0       	ldi	r20, 0x04	; 4
    28de:	50 e0       	ldi	r21, 0x00	; 0
    28e0:	0c 94 5e 14 	jmp	0x28bc	; 0x28bc <eeprom_read_blraw>

000028e4 <eeprom_update_block>:
    28e4:	dc 01       	movw	r26, r24
    28e6:	a4 0f       	add	r26, r20
    28e8:	b5 1f       	adc	r27, r21
    28ea:	41 50       	subi	r20, 0x01	; 1
    28ec:	50 40       	sbci	r21, 0x00	; 0
    28ee:	48 f0       	brcs	.+18     	; 0x2902 <eeprom_update_block+0x1e>
    28f0:	cb 01       	movw	r24, r22
    28f2:	84 0f       	add	r24, r20
    28f4:	95 1f       	adc	r25, r21
    28f6:	2e 91       	ld	r18, -X
    28f8:	0e 94 83 14 	call	0x2906	; 0x2906 <eeprom_update_r18>
    28fc:	41 50       	subi	r20, 0x01	; 1
    28fe:	50 40       	sbci	r21, 0x00	; 0
    2900:	d0 f7       	brcc	.-12     	; 0x28f6 <eeprom_update_block+0x12>
    2902:	08 95       	ret

00002904 <eeprom_update_byte>:
    2904:	26 2f       	mov	r18, r22

00002906 <eeprom_update_r18>:
    2906:	f9 99       	sbic	0x1f, 1	; 31
    2908:	fe cf       	rjmp	.-4      	; 0x2906 <eeprom_update_r18>
    290a:	92 bd       	out	0x22, r25	; 34
    290c:	81 bd       	out	0x21, r24	; 33
    290e:	f8 9a       	sbi	0x1f, 0	; 31
    2910:	01 97       	sbiw	r24, 0x01	; 1
    2912:	00 b4       	in	r0, 0x20	; 32
    2914:	02 16       	cp	r0, r18
    2916:	39 f0       	breq	.+14     	; 0x2926 <eeprom_update_r18+0x20>
    2918:	1f ba       	out	0x1f, r1	; 31
    291a:	20 bd       	out	0x20, r18	; 32
    291c:	0f b6       	in	r0, 0x3f	; 63
    291e:	f8 94       	cli
    2920:	fa 9a       	sbi	0x1f, 2	; 31
    2922:	f9 9a       	sbi	0x1f, 1	; 31
    2924:	0f be       	out	0x3f, r0	; 63
    2926:	08 95       	ret

00002928 <eeprom_update_dword>:
    2928:	03 96       	adiw	r24, 0x03	; 3
    292a:	27 2f       	mov	r18, r23
    292c:	0e 94 83 14 	call	0x2906	; 0x2906 <eeprom_update_r18>
    2930:	0e 94 82 14 	call	0x2904	; 0x2904 <eeprom_update_byte>
    2934:	25 2f       	mov	r18, r21
    2936:	0e 94 83 14 	call	0x2906	; 0x2906 <eeprom_update_r18>
    293a:	24 2f       	mov	r18, r20
    293c:	0c 94 83 14 	jmp	0x2906	; 0x2906 <eeprom_update_r18>

00002940 <__mulsi3>:
    2940:	db 01       	movw	r26, r22
    2942:	8f 93       	push	r24
    2944:	9f 93       	push	r25
    2946:	0e 94 b5 10 	call	0x216a	; 0x216a <__muluhisi3>
    294a:	bf 91       	pop	r27
    294c:	af 91       	pop	r26
    294e:	a2 9f       	mul	r26, r18
    2950:	80 0d       	add	r24, r0
    2952:	91 1d       	adc	r25, r1
    2954:	a3 9f       	mul	r26, r19
    2956:	90 0d       	add	r25, r0
    2958:	b2 9f       	mul	r27, r18
    295a:	90 0d       	add	r25, r0
    295c:	11 24       	eor	r1, r1
    295e:	08 95       	ret

00002960 <_exit>:
    2960:	f8 94       	cli

00002962 <__stop_program>:
    2962:	ff cf       	rjmp	.-2      	; 0x2962 <__stop_program>
