
GccApplication1.elf:     file format elf32-avr

Sections:
Idx Name          Size      VMA       LMA       File off  Algn
  0 .data         000003e0  00800100  00002434  000024e8  2**0
                  CONTENTS, ALLOC, LOAD, DATA
  1 .text         00002434  00000000  00000000  000000b4  2**1
                  CONTENTS, ALLOC, LOAD, READONLY, CODE
  2 .bss          0000012a  008004e0  008004e0  000028c8  2**0
                  ALLOC
  3 .eeprom       00000038  00810000  00810000  000028c8  2**0
                  CONTENTS, ALLOC, LOAD, DATA
  4 .comment      0000005c  00000000  00000000  00002900  2**0
                  CONTENTS, READONLY
  5 .note.gnu.avr.deviceinfo 00000040  00000000  00000000  0000295c  2**2
                  CONTENTS, READONLY
  6 .debug_aranges 00000388  00000000  00000000  000029a0  2**3
                  CONTENTS, READONLY, DEBUGGING
  7 .debug_info   00004b66  00000000  00000000  00002d28  2**0
                  CONTENTS, READONLY, DEBUGGING
  8 .debug_abbrev 00001736  00000000  00000000  0000788e  2**0
                  CONTENTS, READONLY, DEBUGGING
  9 .debug_line   00002281  00000000  00000000  00008fc4  2**0
                  CONTENTS, READONLY, DEBUGGING
 10 .debug_frame  00000940  00000000  00000000  0000b248  2**2
                  CONTENTS, READONLY, DEBUGGING
 11 .debug_str    00000e62  00000000  00000000  0000bb88  2**0
                  CONTENTS, READONLY, DEBUGGING
 12 .debug_loc    000028d1  00000000  00000000  0000c9ea  2**0
                  CONTENTS, READONLY, DEBUGGING
 13 .debug_ranges 00000298  00000000  00000000  0000f2bb  2**0
                  CONTENTS, READONLY, DEBUGGING

Disassembly of section .text:

00000000 <__vectors>:
       0:	0c 94 5a 00 	jmp	0xb4	; 0xb4 <__ctors_end>
       4:	0c 94 77 00 	jmp	0xee	; 0xee <__bad_interrupt>
       8:	0c 94 77 00 	jmp	0xee	; 0xee <__bad_interrupt>
       c:	0c 94 77 00 	jmp	0xee	; 0xee <__bad_interrupt>
      10:	0c 94 77 00 	jmp	0xee	; 0xee <__bad_interrupt>
      14:	0c 94 77 00 	jmp	0xee	; 0xee <__bad_interrupt>
      18:	0c 94 77 00 	jmp	0xee	; 0xee <__bad_interrupt>
      1c:	0c 94 77 00 	jmp	0xee	; 0xee <__bad_interrupt>
      20:	0c 94 77 00 	jmp	0xee	; 0xee <__bad_interrupt>
      24:	0c 94 77 00 	jmp	0xee	; 0xee <__bad_interrupt>
      28:	0c 94 77 00 	jmp	0xee	; 0xee <__bad_interrupt>
      2c:	0c 94 77 00 	jmp	0xee	; 0xee <__bad_interrupt>
      30:	0c 94 77 00 	jmp	0xee	; 0xee <__bad_interrupt>
      34:	0c 94 77 00 	jmp	0xee	; 0xee <__bad_interrupt>
      38:	0c 94 77 00 	jmp	0xee	; 0xee <__bad_interrupt>
      3c:	0c 94 77 00 	jmp	0xee	; 0xee <__bad_interrupt>
      40:	0c 94 77 00 	jmp	0xee	; 0xee <__bad_interrupt>
      44:	0c 94 77 00 	jmp	0xee	; 0xee <__bad_interrupt>
      48:	0c 94 1b 0c 	jmp	0x1836	; 0x1836 <__vector_18>
      4c:	0c 94 77 00 	jmp	0xee	; 0xee <__bad_interrupt>
      50:	0c 94 77 00 	jmp	0xee	; 0xee <__bad_interrupt>
      54:	0c 94 77 00 	jmp	0xee	; 0xee <__bad_interrupt>
      58:	0c 94 77 00 	jmp	0xee	; 0xee <__bad_interrupt>
      5c:	0c 94 77 00 	jmp	0xee	; 0xee <__bad_interrupt>
      60:	0c 94 77 00 	jmp	0xee	; 0xee <__bad_interrupt>
      64:	0c 94 77 00 	jmp	0xee	; 0xee <__bad_interrupt>
      68:	0c 94 77 00 	jmp	0xee	; 0xee <__bad_interrupt>
      6c:	0c 94 77 00 	jmp	0xee	; 0xee <__bad_interrupt>
      70:	0c 94 77 00 	jmp	0xee	; 0xee <__bad_interrupt>
      74:	0c 94 77 00 	jmp	0xee	; 0xee <__bad_interrupt>
      78:	0c 94 77 00 	jmp	0xee	; 0xee <__bad_interrupt>
      7c:	0c 94 77 00 	jmp	0xee	; 0xee <__bad_interrupt>
      80:	0c 94 77 00 	jmp	0xee	; 0xee <__bad_interrupt>
      84:	0c 94 77 00 	jmp	0xee	; 0xee <__bad_interrupt>
      88:	0c 94 77 00 	jmp	0xee	; 0xee <__bad_interrupt>
      8c:	0c 94 77 00 	jmp	0xee	; 0xee <__bad_interrupt>
      90:	0c 94 77 00 	jmp	0xee	; 0xee <__bad_interrupt>
      94:	0c 94 77 00 	jmp	0xee	; 0xee <__bad_interrupt>
      98:	0c 94 77 00 	jmp	0xee	; 0xee <__bad_interrupt>
      9c:	0c 94 77 00 	jmp	0xee	; 0xee <__bad_interrupt>
      a0:	0c 94 77 00 	jmp	0xee	; 0xee <__bad_interrupt>
      a4:	0c 94 77 00 	jmp	0xee	; 0xee <__bad_interrupt>
      a8:	0c 94 77 00 	jmp	0xee	; 0xee <__bad_interrupt>
      ac:	0c 94 77 00 	jmp	0xee	; 0xee <__bad_interrupt>
      b0:	0c 94 77 00 	jmp	0xee	; 0xee <__bad_interrupt>

000000b4 <__ctors_end>:
      b4:	11 24       	eor	r1, r1
      b6:	1f be       	out	0x3f, r1	; 63
      b8:	cf ef       	ldi	r28, 0xFF	; 255
      ba:	d8 e0       	ldi	r29, 0x08	; 8
      bc:	de bf       	out	0x3e, r29	; 62
      be:	cd bf       	out	0x3d, r28	; 61

000000c0 <__do_copy_data>:
      c0:	14 e0       	ldi	r17, 0x04	; 4
      c2:	a0 e0       	ldi	r26, 0x00	; 0
      c4:	b1 e0       	ldi	r27, 0x01	; 1
      c6:	e4 e3       	ldi	r30, 0x34	; 52
      c8:	f4 e2       	ldi	r31, 0x24	; 36
      ca:	02 c0       	rjmp	.+4      	; 0xd0 <__do_copy_data+0x10>
      cc:	05 90       	lpm	r0, Z+
      ce:	0d 92       	st	X+, r0
      d0:	a0 3e       	cpi	r26, 0xE0	; 224
      d2:	b1 07       	cpc	r27, r17
      d4:	d9 f7       	brne	.-10     	; 0xcc <__do_copy_data+0xc>

000000d6 <__do_clear_bss>:
      d6:	26 e0       	ldi	r18, 0x06	; 6
      d8:	a0 ee       	ldi	r26, 0xE0	; 224
      da:	b4 e0       	ldi	r27, 0x04	; 4
      dc:	01 c0       	rjmp	.+2      	; 0xe0 <.do_clear_bss_start>

000000de <.do_clear_bss_loop>:
      de:	1d 92       	st	X+, r1

000000e0 <.do_clear_bss_start>:
      e0:	aa 30       	cpi	r26, 0x0A	; 10
      e2:	b2 07       	cpc	r27, r18
      e4:	e1 f7       	brne	.-8      	; 0xde <.do_clear_bss_loop>
      e6:	0e 94 32 06 	call	0xc64	; 0xc64 <main>
      ea:	0c 94 18 12 	jmp	0x2430	; 0x2430 <_exit>

000000ee <__bad_interrupt>:
      ee:	0c 94 00 00 	jmp	0	; 0x0 <__vectors>

000000f2 <board_id_init>:
#include "board_id.h"

void board_id_init(void)
{
    /* bit0..bit3 = PC0..PC3; bit4 = PD2. External 100 kohm pull-ups. */
    DDRC &= ~((1 << PC0) | (1 << PC1) | (1 << PC2) | (1 << PC3));
      f2:	87 b1       	in	r24, 0x07	; 7
      f4:	80 7f       	andi	r24, 0xF0	; 240
      f6:	87 b9       	out	0x07, r24	; 7
    DDRD &= ~(1 << PD2);
      f8:	8a b1       	in	r24, 0x0a	; 10
      fa:	8b 7f       	andi	r24, 0xFB	; 251
      fc:	8a b9       	out	0x0a, r24	; 10

    PORTC &= ~((1 << PC0) | (1 << PC1) | (1 << PC2) | (1 << PC3));
      fe:	88 b1       	in	r24, 0x08	; 8
     100:	80 7f       	andi	r24, 0xF0	; 240
     102:	88 b9       	out	0x08, r24	; 8
    PORTD &= ~(1 << PD2);
     104:	8b b1       	in	r24, 0x0b	; 11
     106:	8b 7f       	andi	r24, 0xFB	; 251
     108:	8b b9       	out	0x0b, r24	; 11
     10a:	08 95       	ret

0000010c <board_id_read>:

uint8_t board_id_read(void)
{
    uint8_t raw = 0;

    if (PINC & (1 << PC0)) raw |= (1 << 0);
     10c:	30 99       	sbic	0x06, 0	; 6
     10e:	02 c0       	rjmp	.+4      	; 0x114 <board_id_read+0x8>
    PORTD &= ~(1 << PD2);
}

uint8_t board_id_read(void)
{
    uint8_t raw = 0;
     110:	80 e0       	ldi	r24, 0x00	; 0
     112:	01 c0       	rjmp	.+2      	; 0x116 <board_id_read+0xa>

    if (PINC & (1 << PC0)) raw |= (1 << 0);
     114:	81 e0       	ldi	r24, 0x01	; 1
    if (PINC & (1 << PC1)) raw |= (1 << 1);
     116:	31 99       	sbic	0x06, 1	; 6
     118:	82 60       	ori	r24, 0x02	; 2
    if (PINC & (1 << PC2)) raw |= (1 << 2);
     11a:	32 99       	sbic	0x06, 2	; 6
     11c:	84 60       	ori	r24, 0x04	; 4
    if (PINC & (1 << PC3)) raw |= (1 << 3);
     11e:	33 99       	sbic	0x06, 3	; 6
     120:	88 60       	ori	r24, 0x08	; 8
    if (PIND & (1 << PD2)) raw |= (1 << 4);
     122:	4a 99       	sbic	0x09, 2	; 9
     124:	80 61       	ori	r24, 0x10	; 16

    /* Switch ON pulls low, so invert to obtain the board number. */
    return (uint8_t)((~raw) & 0x1FU);
     126:	80 95       	com	r24
}
     128:	8f 71       	andi	r24, 0x1F	; 31
     12a:	08 95       	ret

0000012c <apply_axis>:
}

static int32_t apply_axis(int32_t value_x100,
                          int32_t offset_x100,
                          int32_t gain_ppm)
{
     12c:	4f 92       	push	r4
     12e:	5f 92       	push	r5
     130:	6f 92       	push	r6
     132:	7f 92       	push	r7
     134:	af 92       	push	r10
     136:	bf 92       	push	r11
     138:	cf 92       	push	r12
     13a:	df 92       	push	r13
     13c:	ef 92       	push	r14
     13e:	ff 92       	push	r15
     140:	0f 93       	push	r16
     142:	1f 93       	push	r17
    int32_t corrected = value_x100 - offset_x100;
     144:	dc 01       	movw	r26, r24
     146:	cb 01       	movw	r24, r22
     148:	82 1b       	sub	r24, r18
     14a:	93 0b       	sbc	r25, r19
     14c:	a4 0b       	sbc	r26, r20
     14e:	b5 0b       	sbc	r27, r21
    int64_t scaled = (int64_t)corrected * (int64_t)gain_ppm;
     150:	2c 01       	movw	r4, r24
     152:	3d 01       	movw	r6, r26
     154:	77 0c       	add	r7, r7
     156:	44 08       	sbc	r4, r4
     158:	54 2c       	mov	r5, r4
     15a:	32 01       	movw	r6, r4
     15c:	b8 01       	movw	r22, r16
     15e:	a7 01       	movw	r20, r14
     160:	77 0f       	add	r23, r23
     162:	44 0b       	sbc	r20, r20
     164:	54 2f       	mov	r21, r20
     166:	ba 01       	movw	r22, r20
     168:	ae 2c       	mov	r10, r14
     16a:	bf 2c       	mov	r11, r15
     16c:	c0 2e       	mov	r12, r16
     16e:	d1 2e       	mov	r13, r17
     170:	e4 2e       	mov	r14, r20
     172:	f4 2e       	mov	r15, r20
     174:	04 2f       	mov	r16, r20
     176:	14 2f       	mov	r17, r20
     178:	28 2f       	mov	r18, r24
     17a:	39 2f       	mov	r19, r25
     17c:	4a 2f       	mov	r20, r26
     17e:	5b 2f       	mov	r21, r27
     180:	64 2d       	mov	r22, r4
     182:	74 2d       	mov	r23, r4
     184:	84 2d       	mov	r24, r4
     186:	94 2d       	mov	r25, r4
     188:	0e 94 3a 0e 	call	0x1c74	; 0x1c74 <__muldi3>

    if (scaled >= 0) {
     18c:	a0 e0       	ldi	r26, 0x00	; 0
     18e:	0e 94 6a 0f 	call	0x1ed4	; 0x1ed4 <__cmpdi2_s8>
     192:	4c f0       	brlt	.+18     	; 0x1a6 <apply_axis+0x7a>
        scaled += CALIBRATION_GAIN_UNITY_PPM / 2L;
     194:	20 5e       	subi	r18, 0xE0	; 224
     196:	3e 45       	sbci	r19, 0x5E	; 94
     198:	48 4f       	sbci	r20, 0xF8	; 248
     19a:	5f 4f       	sbci	r21, 0xFF	; 255
     19c:	6f 4f       	sbci	r22, 0xFF	; 255
     19e:	7f 4f       	sbci	r23, 0xFF	; 255
     1a0:	8f 4f       	sbci	r24, 0xFF	; 255
     1a2:	9f 4f       	sbci	r25, 0xFF	; 255
     1a4:	08 c0       	rjmp	.+16     	; 0x1b6 <apply_axis+0x8a>
    } else {
        scaled -= CALIBRATION_GAIN_UNITY_PPM / 2L;
     1a6:	20 52       	subi	r18, 0x20	; 32
     1a8:	31 4a       	sbci	r19, 0xA1	; 161
     1aa:	47 40       	sbci	r20, 0x07	; 7
     1ac:	51 09       	sbc	r21, r1
     1ae:	61 09       	sbc	r22, r1
     1b0:	71 09       	sbc	r23, r1
     1b2:	81 09       	sbc	r24, r1
     1b4:	91 09       	sbc	r25, r1
    }

    return (int32_t)(scaled / CALIBRATION_GAIN_UNITY_PPM);
     1b6:	68 94       	set
     1b8:	aa 24       	eor	r10, r10
     1ba:	a6 f8       	bld	r10, 6
     1bc:	0f 2e       	mov	r0, r31
     1be:	f2 e4       	ldi	r31, 0x42	; 66
     1c0:	bf 2e       	mov	r11, r31
     1c2:	f0 2d       	mov	r31, r0
     1c4:	0f 2e       	mov	r0, r31
     1c6:	ff e0       	ldi	r31, 0x0F	; 15
     1c8:	cf 2e       	mov	r12, r31
     1ca:	f0 2d       	mov	r31, r0
     1cc:	d1 2c       	mov	r13, r1
     1ce:	e1 2c       	mov	r14, r1
     1d0:	f1 2c       	mov	r15, r1
     1d2:	00 e0       	ldi	r16, 0x00	; 0
     1d4:	10 e0       	ldi	r17, 0x00	; 0
     1d6:	0e 94 95 0e 	call	0x1d2a	; 0x1d2a <__divdi3>
     1da:	62 2f       	mov	r22, r18
     1dc:	73 2f       	mov	r23, r19
     1de:	84 2f       	mov	r24, r20
     1e0:	95 2f       	mov	r25, r21
}
     1e2:	1f 91       	pop	r17
     1e4:	0f 91       	pop	r16
     1e6:	ff 90       	pop	r15
     1e8:	ef 90       	pop	r14
     1ea:	df 90       	pop	r13
     1ec:	cf 90       	pop	r12
     1ee:	bf 90       	pop	r11
     1f0:	af 90       	pop	r10
     1f2:	7f 90       	pop	r7
     1f4:	6f 90       	pop	r6
     1f6:	5f 90       	pop	r5
     1f8:	4f 90       	pop	r4
     1fa:	08 95       	ret

000001fc <calibration_crc>:

static calibration_record_t EEMEM eeprom_calibration;

static uint16_t calibration_crc(const calibration_record_t *record)
{
    return crc16_ccitt(record, offsetof(calibration_record_t, crc));
     1fc:	66 e3       	ldi	r22, 0x36	; 54
     1fe:	70 e0       	ldi	r23, 0x00	; 0
     200:	0e 94 0d 06 	call	0xc1a	; 0xc1a <crc16_ccitt>
}
     204:	08 95       	ret

00000206 <calibration_make_defaults>:

void calibration_make_defaults(calibration_record_t *record)
{
     206:	cf 93       	push	r28
     208:	df 93       	push	r29
     20a:	ec 01       	movw	r28, r24
    memset(record, 0, sizeof(*record));
     20c:	88 e3       	ldi	r24, 0x38	; 56
     20e:	fe 01       	movw	r30, r28
     210:	11 92       	st	Z+, r1
     212:	8a 95       	dec	r24
     214:	e9 f7       	brne	.-6      	; 0x210 <calibration_make_defaults+0xa>
    record->magic = CALIBRATION_MAGIC;
     216:	88 e3       	ldi	r24, 0x38	; 56
     218:	92 e3       	ldi	r25, 0x32	; 50
     21a:	a4 e4       	ldi	r26, 0x44	; 68
     21c:	be e4       	ldi	r27, 0x4E	; 78
     21e:	88 83       	st	Y, r24
     220:	99 83       	std	Y+1, r25	; 0x01
     222:	aa 83       	std	Y+2, r26	; 0x02
     224:	bb 83       	std	Y+3, r27	; 0x03
    record->version = CALIBRATION_VERSION;
     226:	81 e0       	ldi	r24, 0x01	; 1
     228:	90 e0       	ldi	r25, 0x00	; 0
     22a:	9d 83       	std	Y+5, r25	; 0x05
     22c:	8c 83       	std	Y+4, r24	; 0x04
    record->size = sizeof(*record);
     22e:	88 e3       	ldi	r24, 0x38	; 56
     230:	90 e0       	ldi	r25, 0x00	; 0
     232:	9f 83       	std	Y+7, r25	; 0x07
     234:	8e 83       	std	Y+6, r24	; 0x06
    record->gain_x_ppm = CALIBRATION_GAIN_UNITY_PPM;
     236:	80 e4       	ldi	r24, 0x40	; 64
     238:	92 e4       	ldi	r25, 0x42	; 66
     23a:	af e0       	ldi	r26, 0x0F	; 15
     23c:	b0 e0       	ldi	r27, 0x00	; 0
     23e:	8c 8b       	std	Y+20, r24	; 0x14
     240:	9d 8b       	std	Y+21, r25	; 0x15
     242:	ae 8b       	std	Y+22, r26	; 0x16
     244:	bf 8b       	std	Y+23, r27	; 0x17
    record->gain_y_ppm = CALIBRATION_GAIN_UNITY_PPM;
     246:	88 8f       	std	Y+24, r24	; 0x18
     248:	99 8f       	std	Y+25, r25	; 0x19
     24a:	aa 8f       	std	Y+26, r26	; 0x1a
     24c:	bb 8f       	std	Y+27, r27	; 0x1b
    record->gain_z_ppm = CALIBRATION_GAIN_UNITY_PPM;
     24e:	8c 8f       	std	Y+28, r24	; 0x1c
     250:	9d 8f       	std	Y+29, r25	; 0x1d
     252:	ae 8f       	std	Y+30, r26	; 0x1e
     254:	bf 8f       	std	Y+31, r27	; 0x1f
    record->crc = calibration_crc(record);
     256:	ce 01       	movw	r24, r28
     258:	0e 94 fe 00 	call	0x1fc	; 0x1fc <calibration_crc>
     25c:	9f ab       	std	Y+55, r25	; 0x37
     25e:	8e ab       	std	Y+54, r24	; 0x36
}
     260:	df 91       	pop	r29
     262:	cf 91       	pop	r28
     264:	08 95       	ret

00000266 <calibration_load>:

calibration_status_t calibration_load(calibration_record_t *record)
{
     266:	0f 93       	push	r16
     268:	1f 93       	push	r17
     26a:	cf 93       	push	r28
     26c:	df 93       	push	r29
     26e:	ec 01       	movw	r28, r24
    eeprom_read_block(record, &eeprom_calibration, sizeof(*record));
     270:	48 e3       	ldi	r20, 0x38	; 56
     272:	50 e0       	ldi	r21, 0x00	; 0
     274:	60 e0       	ldi	r22, 0x00	; 0
     276:	70 e0       	ldi	r23, 0x00	; 0
     278:	0e 94 d6 11 	call	0x23ac	; 0x23ac <eeprom_read_block>

    if (record->magic != CALIBRATION_MAGIC ||
     27c:	88 81       	ld	r24, Y
     27e:	99 81       	ldd	r25, Y+1	; 0x01
     280:	aa 81       	ldd	r26, Y+2	; 0x02
     282:	bb 81       	ldd	r27, Y+3	; 0x03
     284:	88 33       	cpi	r24, 0x38	; 56
     286:	92 43       	sbci	r25, 0x32	; 50
     288:	a4 44       	sbci	r26, 0x44	; 68
     28a:	be 44       	sbci	r27, 0x4E	; 78
     28c:	81 f4       	brne	.+32     	; 0x2ae <calibration_load+0x48>
        record->version != CALIBRATION_VERSION ||
     28e:	8c 81       	ldd	r24, Y+4	; 0x04
     290:	9d 81       	ldd	r25, Y+5	; 0x05

calibration_status_t calibration_load(calibration_record_t *record)
{
    eeprom_read_block(record, &eeprom_calibration, sizeof(*record));

    if (record->magic != CALIBRATION_MAGIC ||
     292:	01 97       	sbiw	r24, 0x01	; 1
     294:	61 f4       	brne	.+24     	; 0x2ae <calibration_load+0x48>
        record->version != CALIBRATION_VERSION ||
        record->size != sizeof(*record) ||
     296:	8e 81       	ldd	r24, Y+6	; 0x06
     298:	9f 81       	ldd	r25, Y+7	; 0x07
calibration_status_t calibration_load(calibration_record_t *record)
{
    eeprom_read_block(record, &eeprom_calibration, sizeof(*record));

    if (record->magic != CALIBRATION_MAGIC ||
        record->version != CALIBRATION_VERSION ||
     29a:	c8 97       	sbiw	r24, 0x38	; 56
     29c:	41 f4       	brne	.+16     	; 0x2ae <calibration_load+0x48>
        record->size != sizeof(*record) ||
        record->crc != calibration_crc(record)) {
     29e:	0e a9       	ldd	r16, Y+54	; 0x36
     2a0:	1f a9       	ldd	r17, Y+55	; 0x37
     2a2:	ce 01       	movw	r24, r28
     2a4:	0e 94 fe 00 	call	0x1fc	; 0x1fc <calibration_crc>
{
    eeprom_read_block(record, &eeprom_calibration, sizeof(*record));

    if (record->magic != CALIBRATION_MAGIC ||
        record->version != CALIBRATION_VERSION ||
        record->size != sizeof(*record) ||
     2a8:	08 17       	cp	r16, r24
     2aa:	19 07       	cpc	r17, r25
     2ac:	29 f0       	breq	.+10     	; 0x2b8 <calibration_load+0x52>
        record->crc != calibration_crc(record)) {
        calibration_make_defaults(record);
     2ae:	ce 01       	movw	r24, r28
     2b0:	0e 94 03 01 	call	0x206	; 0x206 <calibration_make_defaults>
        return CALIBRATION_STATUS_DEFAULT;
     2b4:	80 e0       	ldi	r24, 0x00	; 0
     2b6:	01 c0       	rjmp	.+2      	; 0x2ba <calibration_load+0x54>
    }

    return CALIBRATION_STATUS_VALID;
     2b8:	81 e0       	ldi	r24, 0x01	; 1
}
     2ba:	df 91       	pop	r29
     2bc:	cf 91       	pop	r28
     2be:	1f 91       	pop	r17
     2c0:	0f 91       	pop	r16
     2c2:	08 95       	ret

000002c4 <calibration_save>:

uint8_t calibration_save(const calibration_record_t *record)
{
     2c4:	cf 93       	push	r28
     2c6:	df 93       	push	r29
     2c8:	cd b7       	in	r28, 0x3d	; 61
     2ca:	de b7       	in	r29, 0x3e	; 62
     2cc:	c0 57       	subi	r28, 0x70	; 112
     2ce:	d1 09       	sbc	r29, r1
     2d0:	0f b6       	in	r0, 0x3f	; 63
     2d2:	f8 94       	cli
     2d4:	de bf       	out	0x3e, r29	; 62
     2d6:	0f be       	out	0x3f, r0	; 63
     2d8:	cd bf       	out	0x3d, r28	; 61
     2da:	fc 01       	movw	r30, r24
    calibration_record_t copy = *record;
     2dc:	98 e3       	ldi	r25, 0x38	; 56
     2de:	de 01       	movw	r26, r28
     2e0:	11 96       	adiw	r26, 0x01	; 1
     2e2:	01 90       	ld	r0, Z+
     2e4:	0d 92       	st	X+, r0
     2e6:	9a 95       	dec	r25
     2e8:	e1 f7       	brne	.-8      	; 0x2e2 <calibration_save+0x1e>
    copy.magic = CALIBRATION_MAGIC;
     2ea:	88 e3       	ldi	r24, 0x38	; 56
     2ec:	92 e3       	ldi	r25, 0x32	; 50
     2ee:	a4 e4       	ldi	r26, 0x44	; 68
     2f0:	be e4       	ldi	r27, 0x4E	; 78
     2f2:	89 83       	std	Y+1, r24	; 0x01
     2f4:	9a 83       	std	Y+2, r25	; 0x02
     2f6:	ab 83       	std	Y+3, r26	; 0x03
     2f8:	bc 83       	std	Y+4, r27	; 0x04
    copy.version = CALIBRATION_VERSION;
     2fa:	81 e0       	ldi	r24, 0x01	; 1
     2fc:	90 e0       	ldi	r25, 0x00	; 0
     2fe:	9e 83       	std	Y+6, r25	; 0x06
     300:	8d 83       	std	Y+5, r24	; 0x05
    copy.size = sizeof(copy);
     302:	88 e3       	ldi	r24, 0x38	; 56
     304:	90 e0       	ldi	r25, 0x00	; 0
     306:	98 87       	std	Y+8, r25	; 0x08
     308:	8f 83       	std	Y+7, r24	; 0x07
    copy.crc = calibration_crc(&copy);
     30a:	ce 01       	movw	r24, r28
     30c:	01 96       	adiw	r24, 0x01	; 1
     30e:	0e 94 fe 00 	call	0x1fc	; 0x1fc <calibration_crc>
     312:	98 af       	std	Y+56, r25	; 0x38
     314:	8f ab       	std	Y+55, r24	; 0x37

    eeprom_update_block(&copy, &eeprom_calibration, sizeof(copy));
     316:	48 e3       	ldi	r20, 0x38	; 56
     318:	50 e0       	ldi	r21, 0x00	; 0
     31a:	60 e0       	ldi	r22, 0x00	; 0
     31c:	70 e0       	ldi	r23, 0x00	; 0
     31e:	ce 01       	movw	r24, r28
     320:	01 96       	adiw	r24, 0x01	; 1
     322:	0e 94 e6 11 	call	0x23cc	; 0x23cc <eeprom_update_block>

    calibration_record_t verify;
    eeprom_read_block(&verify, &eeprom_calibration, sizeof(verify));
     326:	48 e3       	ldi	r20, 0x38	; 56
     328:	50 e0       	ldi	r21, 0x00	; 0
     32a:	60 e0       	ldi	r22, 0x00	; 0
     32c:	70 e0       	ldi	r23, 0x00	; 0
     32e:	ce 01       	movw	r24, r28
     330:	c9 96       	adiw	r24, 0x39	; 57
     332:	0e 94 d6 11 	call	0x23ac	; 0x23ac <eeprom_read_block>

    return (memcmp(&copy, &verify, sizeof(copy)) == 0U);
     336:	48 e3       	ldi	r20, 0x38	; 56
     338:	50 e0       	ldi	r21, 0x00	; 0
     33a:	be 01       	movw	r22, r28
     33c:	67 5c       	subi	r22, 0xC7	; 199
     33e:	7f 4f       	sbci	r23, 0xFF	; 255
     340:	ce 01       	movw	r24, r28
     342:	01 96       	adiw	r24, 0x01	; 1
     344:	0e 94 8f 11 	call	0x231e	; 0x231e <memcmp>
     348:	21 e0       	ldi	r18, 0x01	; 1
     34a:	89 2b       	or	r24, r25
     34c:	09 f0       	breq	.+2      	; 0x350 <calibration_save+0x8c>
     34e:	20 e0       	ldi	r18, 0x00	; 0
}
     350:	82 2f       	mov	r24, r18
     352:	c0 59       	subi	r28, 0x90	; 144
     354:	df 4f       	sbci	r29, 0xFF	; 255
     356:	0f b6       	in	r0, 0x3f	; 63
     358:	f8 94       	cli
     35a:	de bf       	out	0x3e, r29	; 62
     35c:	0f be       	out	0x3f, r0	; 63
     35e:	cd bf       	out	0x3d, r28	; 61
     360:	df 91       	pop	r29
     362:	cf 91       	pop	r28
     364:	08 95       	ret

00000366 <calibration_factory_reset>:

void calibration_factory_reset(void)
{
     366:	cf 93       	push	r28
     368:	df 93       	push	r29
     36a:	cd b7       	in	r28, 0x3d	; 61
     36c:	de b7       	in	r29, 0x3e	; 62
     36e:	e8 97       	sbiw	r28, 0x38	; 56
     370:	0f b6       	in	r0, 0x3f	; 63
     372:	f8 94       	cli
     374:	de bf       	out	0x3e, r29	; 62
     376:	0f be       	out	0x3f, r0	; 63
     378:	cd bf       	out	0x3d, r28	; 61
    calibration_record_t erased;
    memset(&erased, 0xFF, sizeof(erased));
     37a:	48 e3       	ldi	r20, 0x38	; 56
     37c:	50 e0       	ldi	r21, 0x00	; 0
     37e:	6f ef       	ldi	r22, 0xFF	; 255
     380:	70 e0       	ldi	r23, 0x00	; 0
     382:	ce 01       	movw	r24, r28
     384:	01 96       	adiw	r24, 0x01	; 1
     386:	0e 94 9c 11 	call	0x2338	; 0x2338 <memset>
    eeprom_update_block(&erased, &eeprom_calibration, sizeof(erased));
     38a:	48 e3       	ldi	r20, 0x38	; 56
     38c:	50 e0       	ldi	r21, 0x00	; 0
     38e:	60 e0       	ldi	r22, 0x00	; 0
     390:	70 e0       	ldi	r23, 0x00	; 0
     392:	ce 01       	movw	r24, r28
     394:	01 96       	adiw	r24, 0x01	; 1
     396:	0e 94 e6 11 	call	0x23cc	; 0x23cc <eeprom_update_block>
}
     39a:	e8 96       	adiw	r28, 0x38	; 56
     39c:	0f b6       	in	r0, 0x3f	; 63
     39e:	f8 94       	cli
     3a0:	de bf       	out	0x3e, r29	; 62
     3a2:	0f be       	out	0x3f, r0	; 63
     3a4:	cd bf       	out	0x3d, r28	; 61
     3a6:	df 91       	pop	r29
     3a8:	cf 91       	pop	r28
     3aa:	08 95       	ret

000003ac <calibration_apply>:
    return (int32_t)(scaled / CALIBRATION_GAIN_UNITY_PPM);
}

void calibration_apply(const calibration_record_t *record,
                       tmag5273_measurement_t *measurement)
{
     3ac:	cf 92       	push	r12
     3ae:	df 92       	push	r13
     3b0:	ef 92       	push	r14
     3b2:	ff 92       	push	r15
     3b4:	0f 93       	push	r16
     3b6:	1f 93       	push	r17
     3b8:	cf 93       	push	r28
     3ba:	df 93       	push	r29
     3bc:	6c 01       	movw	r12, r24
     3be:	eb 01       	movw	r28, r22
    measurement->bx_x100 = apply_axis(measurement->bx_x100,
     3c0:	fc 01       	movw	r30, r24
     3c2:	e4 88       	ldd	r14, Z+20	; 0x14
     3c4:	f5 88       	ldd	r15, Z+21	; 0x15
     3c6:	06 89       	ldd	r16, Z+22	; 0x16
     3c8:	17 89       	ldd	r17, Z+23	; 0x17
     3ca:	20 85       	ldd	r18, Z+8	; 0x08
     3cc:	31 85       	ldd	r19, Z+9	; 0x09
     3ce:	42 85       	ldd	r20, Z+10	; 0x0a
     3d0:	53 85       	ldd	r21, Z+11	; 0x0b
     3d2:	6c 81       	ldd	r22, Y+4	; 0x04
     3d4:	7d 81       	ldd	r23, Y+5	; 0x05
     3d6:	8e 81       	ldd	r24, Y+6	; 0x06
     3d8:	9f 81       	ldd	r25, Y+7	; 0x07
     3da:	0e 94 96 00 	call	0x12c	; 0x12c <apply_axis>
     3de:	6c 83       	std	Y+4, r22	; 0x04
     3e0:	7d 83       	std	Y+5, r23	; 0x05
     3e2:	8e 83       	std	Y+6, r24	; 0x06
     3e4:	9f 83       	std	Y+7, r25	; 0x07
                                      record->offset_x_x100,
                                      record->gain_x_ppm);
    measurement->by_x100 = apply_axis(measurement->by_x100,
     3e6:	f6 01       	movw	r30, r12
     3e8:	e0 8c       	ldd	r14, Z+24	; 0x18
     3ea:	f1 8c       	ldd	r15, Z+25	; 0x19
     3ec:	02 8d       	ldd	r16, Z+26	; 0x1a
     3ee:	13 8d       	ldd	r17, Z+27	; 0x1b
     3f0:	24 85       	ldd	r18, Z+12	; 0x0c
     3f2:	35 85       	ldd	r19, Z+13	; 0x0d
     3f4:	46 85       	ldd	r20, Z+14	; 0x0e
     3f6:	57 85       	ldd	r21, Z+15	; 0x0f
     3f8:	68 85       	ldd	r22, Y+8	; 0x08
     3fa:	79 85       	ldd	r23, Y+9	; 0x09
     3fc:	8a 85       	ldd	r24, Y+10	; 0x0a
     3fe:	9b 85       	ldd	r25, Y+11	; 0x0b
     400:	0e 94 96 00 	call	0x12c	; 0x12c <apply_axis>
     404:	68 87       	std	Y+8, r22	; 0x08
     406:	79 87       	std	Y+9, r23	; 0x09
     408:	8a 87       	std	Y+10, r24	; 0x0a
     40a:	9b 87       	std	Y+11, r25	; 0x0b
                                      record->offset_y_x100,
                                      record->gain_y_ppm);
    measurement->bz_x100 = apply_axis(measurement->bz_x100,
     40c:	f6 01       	movw	r30, r12
     40e:	e4 8c       	ldd	r14, Z+28	; 0x1c
     410:	f5 8c       	ldd	r15, Z+29	; 0x1d
     412:	06 8d       	ldd	r16, Z+30	; 0x1e
     414:	17 8d       	ldd	r17, Z+31	; 0x1f
     416:	20 89       	ldd	r18, Z+16	; 0x10
     418:	31 89       	ldd	r19, Z+17	; 0x11
     41a:	42 89       	ldd	r20, Z+18	; 0x12
     41c:	53 89       	ldd	r21, Z+19	; 0x13
     41e:	6c 85       	ldd	r22, Y+12	; 0x0c
     420:	7d 85       	ldd	r23, Y+13	; 0x0d
     422:	8e 85       	ldd	r24, Y+14	; 0x0e
     424:	9f 85       	ldd	r25, Y+15	; 0x0f
     426:	0e 94 96 00 	call	0x12c	; 0x12c <apply_axis>
     42a:	6c 87       	std	Y+12, r22	; 0x0c
     42c:	7d 87       	std	Y+13, r23	; 0x0d
     42e:	8e 87       	std	Y+14, r24	; 0x0e
     430:	9f 87       	std	Y+15, r25	; 0x0f
                                      record->offset_z_x100,
                                      record->gain_z_ppm);
}
     432:	df 91       	pop	r29
     434:	cf 91       	pop	r28
     436:	1f 91       	pop	r17
     438:	0f 91       	pop	r16
     43a:	ff 90       	pop	r15
     43c:	ef 90       	pop	r14
     43e:	df 90       	pop	r13
     440:	cf 90       	pop	r12
     442:	08 95       	ret

00000444 <status_text>:
#include "config.h"
#include "uart0.h"

static const char *status_text(calibration_status_t status)
{
    if (status == CALIBRATION_STATUS_VALID) return "VALID";
     444:	81 30       	cpi	r24, 0x01	; 1
     446:	29 f0       	breq	.+10     	; 0x452 <status_text+0xe>
    if (status == CALIBRATION_STATUS_DIRTY) return "DIRTY";
     448:	82 30       	cpi	r24, 0x02	; 2
     44a:	31 f4       	brne	.+12     	; 0x458 <status_text+0x14>
     44c:	86 e0       	ldi	r24, 0x06	; 6
     44e:	91 e0       	ldi	r25, 0x01	; 1
     450:	08 95       	ret
#include "config.h"
#include "uart0.h"

static const char *status_text(calibration_status_t status)
{
    if (status == CALIBRATION_STATUS_VALID) return "VALID";
     452:	80 e0       	ldi	r24, 0x00	; 0
     454:	91 e0       	ldi	r25, 0x01	; 1
     456:	08 95       	ret
    if (status == CALIBRATION_STATUS_DIRTY) return "DIRTY";
    return "DEFAULT";
     458:	8c e0       	ldi	r24, 0x0C	; 12
     45a:	91 e0       	ldi	r25, 0x01	; 1
}
     45c:	08 95       	ret

0000045e <response_error>:
    uart0_print(command);
    uart0_print("\r\n");
}

static void response_error(const char *reason)
{
     45e:	cf 93       	push	r28
     460:	df 93       	push	r29
     462:	ec 01       	movw	r28, r24
    uart0_print("$ND280RSP,ERROR,REASON=");
     464:	84 e1       	ldi	r24, 0x14	; 20
     466:	91 e0       	ldi	r25, 0x01	; 1
     468:	0e 94 5a 0c 	call	0x18b4	; 0x18b4 <uart0_print>
    uart0_print(reason);
     46c:	ce 01       	movw	r24, r28
     46e:	0e 94 5a 0c 	call	0x18b4	; 0x18b4 <uart0_print>
    uart0_print("\r\n");
     472:	85 e1       	ldi	r24, 0x15	; 21
     474:	94 e0       	ldi	r25, 0x04	; 4
     476:	0e 94 5a 0c 	call	0x18b4	; 0x18b4 <uart0_print>
}
     47a:	df 91       	pop	r29
     47c:	cf 91       	pop	r28
     47e:	08 95       	ret

00000480 <response_ok>:
    if (status == CALIBRATION_STATUS_DIRTY) return "DIRTY";
    return "DEFAULT";
}

static void response_ok(const char *command)
{
     480:	cf 93       	push	r28
     482:	df 93       	push	r29
     484:	ec 01       	movw	r28, r24
    uart0_print("$ND280RSP,OK,CMD=");
     486:	8c e2       	ldi	r24, 0x2C	; 44
     488:	91 e0       	ldi	r25, 0x01	; 1
     48a:	0e 94 5a 0c 	call	0x18b4	; 0x18b4 <uart0_print>
    uart0_print(command);
     48e:	ce 01       	movw	r24, r28
     490:	0e 94 5a 0c 	call	0x18b4	; 0x18b4 <uart0_print>
    uart0_print("\r\n");
     494:	85 e1       	ldi	r24, 0x15	; 21
     496:	94 e0       	ldi	r25, 0x04	; 4
     498:	0e 94 5a 0c 	call	0x18b4	; 0x18b4 <uart0_print>
}
     49c:	df 91       	pop	r29
     49e:	cf 91       	pop	r28
     4a0:	08 95       	ret

000004a2 <parse_u32>:
    *value = (int32_t)parsed;
    return 1U;
}

static uint8_t parse_u32(const char *text, uint32_t *value)
{
     4a2:	ef 92       	push	r14
     4a4:	ff 92       	push	r15
     4a6:	0f 93       	push	r16
     4a8:	1f 93       	push	r17
     4aa:	cf 93       	push	r28
     4ac:	df 93       	push	r29
     4ae:	00 d0       	rcall	.+0      	; 0x4b0 <parse_u32+0xe>
     4b0:	cd b7       	in	r28, 0x3d	; 61
     4b2:	de b7       	in	r29, 0x3e	; 62
     4b4:	8c 01       	movw	r16, r24
     4b6:	7b 01       	movw	r14, r22
    char *end = 0;
     4b8:	1a 82       	std	Y+2, r1	; 0x02
     4ba:	19 82       	std	Y+1, r1	; 0x01
    unsigned long parsed = strtoul(text, &end, 10);
     4bc:	4a e0       	ldi	r20, 0x0A	; 10
     4be:	50 e0       	ldi	r21, 0x00	; 0
     4c0:	be 01       	movw	r22, r28
     4c2:	6f 5f       	subi	r22, 0xFF	; 255
     4c4:	7f 4f       	sbci	r23, 0xFF	; 255
     4c6:	0e 94 8c 10 	call	0x2118	; 0x2118 <strtoul>
    if (text == end || *end != '\0') return 0U;
     4ca:	e9 81       	ldd	r30, Y+1	; 0x01
     4cc:	fa 81       	ldd	r31, Y+2	; 0x02
     4ce:	0e 17       	cp	r16, r30
     4d0:	1f 07       	cpc	r17, r31
     4d2:	51 f0       	breq	.+20     	; 0x4e8 <parse_u32+0x46>
     4d4:	20 81       	ld	r18, Z
     4d6:	21 11       	cpse	r18, r1
     4d8:	09 c0       	rjmp	.+18     	; 0x4ec <parse_u32+0x4a>
    *value = (uint32_t)parsed;
     4da:	f7 01       	movw	r30, r14
     4dc:	60 83       	st	Z, r22
     4de:	71 83       	std	Z+1, r23	; 0x01
     4e0:	82 83       	std	Z+2, r24	; 0x02
     4e2:	93 83       	std	Z+3, r25	; 0x03
    return 1U;
     4e4:	81 e0       	ldi	r24, 0x01	; 1
     4e6:	03 c0       	rjmp	.+6      	; 0x4ee <parse_u32+0x4c>

static uint8_t parse_u32(const char *text, uint32_t *value)
{
    char *end = 0;
    unsigned long parsed = strtoul(text, &end, 10);
    if (text == end || *end != '\0') return 0U;
     4e8:	80 e0       	ldi	r24, 0x00	; 0
     4ea:	01 c0       	rjmp	.+2      	; 0x4ee <parse_u32+0x4c>
     4ec:	80 e0       	ldi	r24, 0x00	; 0
    *value = (uint32_t)parsed;
    return 1U;
}
     4ee:	0f 90       	pop	r0
     4f0:	0f 90       	pop	r0
     4f2:	df 91       	pop	r29
     4f4:	cf 91       	pop	r28
     4f6:	1f 91       	pop	r17
     4f8:	0f 91       	pop	r16
     4fa:	ff 90       	pop	r15
     4fc:	ef 90       	pop	r14
     4fe:	08 95       	ret

00000500 <get_three_u32>:
           parse_i32(a, va) && parse_i32(b, vb) && parse_i32(c, vc);
}

static uint8_t get_three_u32(char *a, char *b, char *c,
                             uint32_t *va, uint32_t *vb, uint32_t *vc)
{
     500:	cf 92       	push	r12
     502:	df 92       	push	r13
     504:	ef 92       	push	r14
     506:	ff 92       	push	r15
     508:	0f 93       	push	r16
     50a:	1f 93       	push	r17
     50c:	cf 93       	push	r28
     50e:	df 93       	push	r29
    return a && b && c &&
           parse_u32(a, va) && parse_u32(b, vb) && parse_u32(c, vc);
     510:	00 97       	sbiw	r24, 0x00	; 0
     512:	d9 f0       	breq	.+54     	; 0x54a <get_three_u32+0x4a>
}

static uint8_t get_three_u32(char *a, char *b, char *c,
                             uint32_t *va, uint32_t *vb, uint32_t *vc)
{
    return a && b && c &&
     514:	61 15       	cp	r22, r1
     516:	71 05       	cpc	r23, r1
     518:	d1 f0       	breq	.+52     	; 0x54e <get_three_u32+0x4e>
     51a:	41 15       	cp	r20, r1
     51c:	51 05       	cpc	r21, r1
     51e:	c9 f0       	breq	.+50     	; 0x552 <get_three_u32+0x52>
     520:	6a 01       	movw	r12, r20
     522:	eb 01       	movw	r28, r22
           parse_u32(a, va) && parse_u32(b, vb) && parse_u32(c, vc);
     524:	b9 01       	movw	r22, r18
     526:	0e 94 51 02 	call	0x4a2	; 0x4a2 <parse_u32>
}

static uint8_t get_three_u32(char *a, char *b, char *c,
                             uint32_t *va, uint32_t *vb, uint32_t *vc)
{
    return a && b && c &&
     52a:	88 23       	and	r24, r24
     52c:	a1 f0       	breq	.+40     	; 0x556 <get_three_u32+0x56>
           parse_u32(a, va) && parse_u32(b, vb) && parse_u32(c, vc);
     52e:	b8 01       	movw	r22, r16
     530:	ce 01       	movw	r24, r28
     532:	0e 94 51 02 	call	0x4a2	; 0x4a2 <parse_u32>
     536:	88 23       	and	r24, r24
     538:	81 f0       	breq	.+32     	; 0x55a <get_three_u32+0x5a>
     53a:	b7 01       	movw	r22, r14
     53c:	c6 01       	movw	r24, r12
     53e:	0e 94 51 02 	call	0x4a2	; 0x4a2 <parse_u32>
     542:	88 23       	and	r24, r24
     544:	61 f0       	breq	.+24     	; 0x55e <get_three_u32+0x5e>
     546:	81 e0       	ldi	r24, 0x01	; 1
     548:	0b c0       	rjmp	.+22     	; 0x560 <get_three_u32+0x60>
     54a:	80 e0       	ldi	r24, 0x00	; 0
     54c:	09 c0       	rjmp	.+18     	; 0x560 <get_three_u32+0x60>
     54e:	80 e0       	ldi	r24, 0x00	; 0
     550:	07 c0       	rjmp	.+14     	; 0x560 <get_three_u32+0x60>
     552:	80 e0       	ldi	r24, 0x00	; 0
     554:	05 c0       	rjmp	.+10     	; 0x560 <get_three_u32+0x60>
     556:	80 e0       	ldi	r24, 0x00	; 0
     558:	03 c0       	rjmp	.+6      	; 0x560 <get_three_u32+0x60>
     55a:	80 e0       	ldi	r24, 0x00	; 0
     55c:	01 c0       	rjmp	.+2      	; 0x560 <get_three_u32+0x60>
     55e:	80 e0       	ldi	r24, 0x00	; 0
}
     560:	df 91       	pop	r29
     562:	cf 91       	pop	r28
     564:	1f 91       	pop	r17
     566:	0f 91       	pop	r16
     568:	ff 90       	pop	r15
     56a:	ef 90       	pop	r14
     56c:	df 90       	pop	r13
     56e:	cf 90       	pop	r12
     570:	08 95       	ret

00000572 <parse_i32>:
    uart0_print(reason);
    uart0_print("\r\n");
}

static uint8_t parse_i32(const char *text, int32_t *value)
{
     572:	ef 92       	push	r14
     574:	ff 92       	push	r15
     576:	0f 93       	push	r16
     578:	1f 93       	push	r17
     57a:	cf 93       	push	r28
     57c:	df 93       	push	r29
     57e:	00 d0       	rcall	.+0      	; 0x580 <parse_i32+0xe>
     580:	cd b7       	in	r28, 0x3d	; 61
     582:	de b7       	in	r29, 0x3e	; 62
     584:	8c 01       	movw	r16, r24
     586:	7b 01       	movw	r14, r22
    char *end = 0;
     588:	1a 82       	std	Y+2, r1	; 0x02
     58a:	19 82       	std	Y+1, r1	; 0x01
    long parsed = strtol(text, &end, 10);
     58c:	4a e0       	ldi	r20, 0x0A	; 10
     58e:	50 e0       	ldi	r21, 0x00	; 0
     590:	be 01       	movw	r22, r28
     592:	6f 5f       	subi	r22, 0xFF	; 255
     594:	7f 4f       	sbci	r23, 0xFF	; 255
     596:	0e 94 76 0f 	call	0x1eec	; 0x1eec <strtol>
    if (text == end || *end != '\0') return 0U;
     59a:	e9 81       	ldd	r30, Y+1	; 0x01
     59c:	fa 81       	ldd	r31, Y+2	; 0x02
     59e:	0e 17       	cp	r16, r30
     5a0:	1f 07       	cpc	r17, r31
     5a2:	51 f0       	breq	.+20     	; 0x5b8 <parse_i32+0x46>
     5a4:	20 81       	ld	r18, Z
     5a6:	21 11       	cpse	r18, r1
     5a8:	09 c0       	rjmp	.+18     	; 0x5bc <parse_i32+0x4a>
    *value = (int32_t)parsed;
     5aa:	f7 01       	movw	r30, r14
     5ac:	60 83       	st	Z, r22
     5ae:	71 83       	std	Z+1, r23	; 0x01
     5b0:	82 83       	std	Z+2, r24	; 0x02
     5b2:	93 83       	std	Z+3, r25	; 0x03
    return 1U;
     5b4:	81 e0       	ldi	r24, 0x01	; 1
     5b6:	03 c0       	rjmp	.+6      	; 0x5be <parse_i32+0x4c>

static uint8_t parse_i32(const char *text, int32_t *value)
{
    char *end = 0;
    long parsed = strtol(text, &end, 10);
    if (text == end || *end != '\0') return 0U;
     5b8:	80 e0       	ldi	r24, 0x00	; 0
     5ba:	01 c0       	rjmp	.+2      	; 0x5be <parse_i32+0x4c>
     5bc:	80 e0       	ldi	r24, 0x00	; 0
    *value = (int32_t)parsed;
    return 1U;
}
     5be:	0f 90       	pop	r0
     5c0:	0f 90       	pop	r0
     5c2:	df 91       	pop	r29
     5c4:	cf 91       	pop	r28
     5c6:	1f 91       	pop	r17
     5c8:	0f 91       	pop	r16
     5ca:	ff 90       	pop	r15
     5cc:	ef 90       	pop	r14
     5ce:	08 95       	ret

000005d0 <get_three_i32>:
    uart0_print("\r\n");
}

static uint8_t get_three_i32(char *a, char *b, char *c,
                             int32_t *va, int32_t *vb, int32_t *vc)
{
     5d0:	cf 92       	push	r12
     5d2:	df 92       	push	r13
     5d4:	ef 92       	push	r14
     5d6:	ff 92       	push	r15
     5d8:	0f 93       	push	r16
     5da:	1f 93       	push	r17
     5dc:	cf 93       	push	r28
     5de:	df 93       	push	r29
    return a && b && c &&
           parse_i32(a, va) && parse_i32(b, vb) && parse_i32(c, vc);
     5e0:	00 97       	sbiw	r24, 0x00	; 0
     5e2:	d9 f0       	breq	.+54     	; 0x61a <get_three_i32+0x4a>
}

static uint8_t get_three_i32(char *a, char *b, char *c,
                             int32_t *va, int32_t *vb, int32_t *vc)
{
    return a && b && c &&
     5e4:	61 15       	cp	r22, r1
     5e6:	71 05       	cpc	r23, r1
     5e8:	d1 f0       	breq	.+52     	; 0x61e <get_three_i32+0x4e>
     5ea:	41 15       	cp	r20, r1
     5ec:	51 05       	cpc	r21, r1
     5ee:	c9 f0       	breq	.+50     	; 0x622 <get_three_i32+0x52>
     5f0:	6a 01       	movw	r12, r20
     5f2:	eb 01       	movw	r28, r22
           parse_i32(a, va) && parse_i32(b, vb) && parse_i32(c, vc);
     5f4:	b9 01       	movw	r22, r18
     5f6:	0e 94 b9 02 	call	0x572	; 0x572 <parse_i32>
}

static uint8_t get_three_i32(char *a, char *b, char *c,
                             int32_t *va, int32_t *vb, int32_t *vc)
{
    return a && b && c &&
     5fa:	88 23       	and	r24, r24
     5fc:	a1 f0       	breq	.+40     	; 0x626 <get_three_i32+0x56>
           parse_i32(a, va) && parse_i32(b, vb) && parse_i32(c, vc);
     5fe:	b8 01       	movw	r22, r16
     600:	ce 01       	movw	r24, r28
     602:	0e 94 b9 02 	call	0x572	; 0x572 <parse_i32>
     606:	88 23       	and	r24, r24
     608:	81 f0       	breq	.+32     	; 0x62a <get_three_i32+0x5a>
     60a:	b7 01       	movw	r22, r14
     60c:	c6 01       	movw	r24, r12
     60e:	0e 94 b9 02 	call	0x572	; 0x572 <parse_i32>
     612:	88 23       	and	r24, r24
     614:	61 f0       	breq	.+24     	; 0x62e <get_three_i32+0x5e>
     616:	81 e0       	ldi	r24, 0x01	; 1
     618:	0b c0       	rjmp	.+22     	; 0x630 <get_three_i32+0x60>
     61a:	80 e0       	ldi	r24, 0x00	; 0
     61c:	09 c0       	rjmp	.+18     	; 0x630 <get_three_i32+0x60>
     61e:	80 e0       	ldi	r24, 0x00	; 0
     620:	07 c0       	rjmp	.+14     	; 0x630 <get_three_i32+0x60>
     622:	80 e0       	ldi	r24, 0x00	; 0
     624:	05 c0       	rjmp	.+10     	; 0x630 <get_three_i32+0x60>
     626:	80 e0       	ldi	r24, 0x00	; 0
     628:	03 c0       	rjmp	.+6      	; 0x630 <get_three_i32+0x60>
     62a:	80 e0       	ldi	r24, 0x00	; 0
     62c:	01 c0       	rjmp	.+2      	; 0x630 <get_three_i32+0x60>
     62e:	80 e0       	ldi	r24, 0x00	; 0
}
     630:	df 91       	pop	r29
     632:	cf 91       	pop	r28
     634:	1f 91       	pop	r17
     636:	0f 91       	pop	r16
     638:	ff 90       	pop	r15
     63a:	ef 90       	pop	r14
     63c:	df 90       	pop	r13
     63e:	cf 90       	pop	r12
     640:	08 95       	ret

00000642 <print_calibration>:
    return 1U;
}

static void print_calibration(const calibration_record_t *cal,
                              calibration_status_t status)
{
     642:	1f 93       	push	r17
     644:	cf 93       	push	r28
     646:	df 93       	push	r29
     648:	ec 01       	movw	r28, r24
     64a:	16 2f       	mov	r17, r22
    uart0_print("$ND280CAL,STATE=");
     64c:	8e e3       	ldi	r24, 0x3E	; 62
     64e:	91 e0       	ldi	r25, 0x01	; 1
     650:	0e 94 5a 0c 	call	0x18b4	; 0x18b4 <uart0_print>
    uart0_print(status_text(status));
     654:	81 2f       	mov	r24, r17
     656:	0e 94 22 02 	call	0x444	; 0x444 <status_text>
     65a:	0e 94 5a 0c 	call	0x18b4	; 0x18b4 <uart0_print>
    uart0_print(",VER=");
     65e:	8b ea       	ldi	r24, 0xAB	; 171
     660:	94 e0       	ldi	r25, 0x04	; 4
     662:	0e 94 5a 0c 	call	0x18b4	; 0x18b4 <uart0_print>
    uart0_print_uint16(cal->version);
     666:	8c 81       	ldd	r24, Y+4	; 0x04
     668:	9d 81       	ldd	r25, Y+5	; 0x05
     66a:	0e 94 7c 0c 	call	0x18f8	; 0x18f8 <uart0_print_uint16>
    uart0_print(",COUNT=");
     66e:	8f e4       	ldi	r24, 0x4F	; 79
     670:	91 e0       	ldi	r25, 0x01	; 1
     672:	0e 94 5a 0c 	call	0x18b4	; 0x18b4 <uart0_print>
    uart0_print_uint32(cal->calibration_counter);
     676:	68 a9       	ldd	r22, Y+48	; 0x30
     678:	79 a9       	ldd	r23, Y+49	; 0x31
     67a:	8a a9       	ldd	r24, Y+50	; 0x32
     67c:	9b a9       	ldd	r25, Y+51	; 0x33
     67e:	0e 94 d3 0c 	call	0x19a6	; 0x19a6 <uart0_print_uint32>
    uart0_print(",OX=");
     682:	87 e5       	ldi	r24, 0x57	; 87
     684:	91 e0       	ldi	r25, 0x01	; 1
     686:	0e 94 5a 0c 	call	0x18b4	; 0x18b4 <uart0_print>
    uart0_print_int32(cal->offset_x_x100);
     68a:	68 85       	ldd	r22, Y+8	; 0x08
     68c:	79 85       	ldd	r23, Y+9	; 0x09
     68e:	8a 85       	ldd	r24, Y+10	; 0x0a
     690:	9b 85       	ldd	r25, Y+11	; 0x0b
     692:	0e 94 18 0d 	call	0x1a30	; 0x1a30 <uart0_print_int32>
    uart0_print(",OY=");
     696:	8c e5       	ldi	r24, 0x5C	; 92
     698:	91 e0       	ldi	r25, 0x01	; 1
     69a:	0e 94 5a 0c 	call	0x18b4	; 0x18b4 <uart0_print>
    uart0_print_int32(cal->offset_y_x100);
     69e:	6c 85       	ldd	r22, Y+12	; 0x0c
     6a0:	7d 85       	ldd	r23, Y+13	; 0x0d
     6a2:	8e 85       	ldd	r24, Y+14	; 0x0e
     6a4:	9f 85       	ldd	r25, Y+15	; 0x0f
     6a6:	0e 94 18 0d 	call	0x1a30	; 0x1a30 <uart0_print_int32>
    uart0_print(",OZ=");
     6aa:	81 e6       	ldi	r24, 0x61	; 97
     6ac:	91 e0       	ldi	r25, 0x01	; 1
     6ae:	0e 94 5a 0c 	call	0x18b4	; 0x18b4 <uart0_print>
    uart0_print_int32(cal->offset_z_x100);
     6b2:	68 89       	ldd	r22, Y+16	; 0x10
     6b4:	79 89       	ldd	r23, Y+17	; 0x11
     6b6:	8a 89       	ldd	r24, Y+18	; 0x12
     6b8:	9b 89       	ldd	r25, Y+19	; 0x13
     6ba:	0e 94 18 0d 	call	0x1a30	; 0x1a30 <uart0_print_int32>
    uart0_print(",GX=");
     6be:	86 e6       	ldi	r24, 0x66	; 102
     6c0:	91 e0       	ldi	r25, 0x01	; 1
     6c2:	0e 94 5a 0c 	call	0x18b4	; 0x18b4 <uart0_print>
    uart0_print_int32(cal->gain_x_ppm);
     6c6:	6c 89       	ldd	r22, Y+20	; 0x14
     6c8:	7d 89       	ldd	r23, Y+21	; 0x15
     6ca:	8e 89       	ldd	r24, Y+22	; 0x16
     6cc:	9f 89       	ldd	r25, Y+23	; 0x17
     6ce:	0e 94 18 0d 	call	0x1a30	; 0x1a30 <uart0_print_int32>
    uart0_print(",GY=");
     6d2:	8b e6       	ldi	r24, 0x6B	; 107
     6d4:	91 e0       	ldi	r25, 0x01	; 1
     6d6:	0e 94 5a 0c 	call	0x18b4	; 0x18b4 <uart0_print>
    uart0_print_int32(cal->gain_y_ppm);
     6da:	68 8d       	ldd	r22, Y+24	; 0x18
     6dc:	79 8d       	ldd	r23, Y+25	; 0x19
     6de:	8a 8d       	ldd	r24, Y+26	; 0x1a
     6e0:	9b 8d       	ldd	r25, Y+27	; 0x1b
     6e2:	0e 94 18 0d 	call	0x1a30	; 0x1a30 <uart0_print_int32>
    uart0_print(",GZ=");
     6e6:	80 e7       	ldi	r24, 0x70	; 112
     6e8:	91 e0       	ldi	r25, 0x01	; 1
     6ea:	0e 94 5a 0c 	call	0x18b4	; 0x18b4 <uart0_print>
    uart0_print_int32(cal->gain_z_ppm);
     6ee:	6c 8d       	ldd	r22, Y+28	; 0x1c
     6f0:	7d 8d       	ldd	r23, Y+29	; 0x1d
     6f2:	8e 8d       	ldd	r24, Y+30	; 0x1e
     6f4:	9f 8d       	ldd	r25, Y+31	; 0x1f
     6f6:	0e 94 18 0d 	call	0x1a30	; 0x1a30 <uart0_print_int32>
    uart0_print(",NX=");
     6fa:	85 e7       	ldi	r24, 0x75	; 117
     6fc:	91 e0       	ldi	r25, 0x01	; 1
     6fe:	0e 94 5a 0c 	call	0x18b4	; 0x18b4 <uart0_print>
    uart0_print_uint32(cal->noise_sigma_x_x10000);
     702:	68 a1       	ldd	r22, Y+32	; 0x20
     704:	79 a1       	ldd	r23, Y+33	; 0x21
     706:	8a a1       	ldd	r24, Y+34	; 0x22
     708:	9b a1       	ldd	r25, Y+35	; 0x23
     70a:	0e 94 d3 0c 	call	0x19a6	; 0x19a6 <uart0_print_uint32>
    uart0_print(",NY=");
     70e:	8a e7       	ldi	r24, 0x7A	; 122
     710:	91 e0       	ldi	r25, 0x01	; 1
     712:	0e 94 5a 0c 	call	0x18b4	; 0x18b4 <uart0_print>
    uart0_print_uint32(cal->noise_sigma_y_x10000);
     716:	6c a1       	ldd	r22, Y+36	; 0x24
     718:	7d a1       	ldd	r23, Y+37	; 0x25
     71a:	8e a1       	ldd	r24, Y+38	; 0x26
     71c:	9f a1       	ldd	r25, Y+39	; 0x27
     71e:	0e 94 d3 0c 	call	0x19a6	; 0x19a6 <uart0_print_uint32>
    uart0_print(",NZ=");
     722:	8f e7       	ldi	r24, 0x7F	; 127
     724:	91 e0       	ldi	r25, 0x01	; 1
     726:	0e 94 5a 0c 	call	0x18b4	; 0x18b4 <uart0_print>
    uart0_print_uint32(cal->noise_sigma_z_x10000);
     72a:	68 a5       	ldd	r22, Y+40	; 0x28
     72c:	79 a5       	ldd	r23, Y+41	; 0x29
     72e:	8a a5       	ldd	r24, Y+42	; 0x2a
     730:	9b a5       	ldd	r25, Y+43	; 0x2b
     732:	0e 94 d3 0c 	call	0x19a6	; 0x19a6 <uart0_print_uint32>
    uart0_print(",TCAL=");
     736:	84 e8       	ldi	r24, 0x84	; 132
     738:	91 e0       	ldi	r25, 0x01	; 1
     73a:	0e 94 5a 0c 	call	0x18b4	; 0x18b4 <uart0_print>
    uart0_print_int32(cal->calibration_temperature_x100);
     73e:	6c a5       	ldd	r22, Y+44	; 0x2c
     740:	7d a5       	ldd	r23, Y+45	; 0x2d
     742:	8e a5       	ldd	r24, Y+46	; 0x2e
     744:	9f a5       	ldd	r25, Y+47	; 0x2f
     746:	0e 94 18 0d 	call	0x1a30	; 0x1a30 <uart0_print_int32>
    uart0_print("\r\n");
     74a:	85 e1       	ldi	r24, 0x15	; 21
     74c:	94 e0       	ldi	r25, 0x04	; 4
     74e:	0e 94 5a 0c 	call	0x18b4	; 0x18b4 <uart0_print>
}
     752:	df 91       	pop	r29
     754:	cf 91       	pop	r28
     756:	1f 91       	pop	r17
     758:	08 95       	ret

0000075a <process_command>:

static void process_command(char *line,
                            calibration_record_t *cal,
                            calibration_status_t *status,
                            uint8_t node_id)
{
     75a:	6f 92       	push	r6
     75c:	7f 92       	push	r7
     75e:	8f 92       	push	r8
     760:	9f 92       	push	r9
     762:	af 92       	push	r10
     764:	bf 92       	push	r11
     766:	cf 92       	push	r12
     768:	df 92       	push	r13
     76a:	ef 92       	push	r14
     76c:	ff 92       	push	r15
     76e:	0f 93       	push	r16
     770:	1f 93       	push	r17
     772:	cf 93       	push	r28
     774:	df 93       	push	r29
     776:	cd b7       	in	r28, 0x3d	; 61
     778:	de b7       	in	r29, 0x3e	; 62
     77a:	2c 97       	sbiw	r28, 0x0c	; 12
     77c:	0f b6       	in	r0, 0x3f	; 63
     77e:	f8 94       	cli
     780:	de bf       	out	0x3e, r29	; 62
     782:	0f be       	out	0x3f, r0	; 63
     784:	cd bf       	out	0x3d, r28	; 61
     786:	6b 01       	movw	r12, r22
     788:	5a 01       	movw	r10, r20
     78a:	f2 2e       	mov	r15, r18
    char *command = strtok(line, " ");
     78c:	6b e8       	ldi	r22, 0x8B	; 139
     78e:	71 e0       	ldi	r23, 0x01	; 1
     790:	0e 94 8a 11 	call	0x2314	; 0x2314 <strtok>
     794:	8c 01       	movw	r16, r24
    if (!command) return;
     796:	00 97       	sbiw	r24, 0x00	; 0
     798:	09 f4       	brne	.+2      	; 0x79c <process_command+0x42>
     79a:	ef c1       	rjmp	.+990    	; 0xb7a <__stack+0x27b>

    if (strcmp(command, "HELP") == 0) {
     79c:	6d e8       	ldi	r22, 0x8D	; 141
     79e:	71 e0       	ldi	r23, 0x01	; 1
     7a0:	0e 94 a3 11 	call	0x2346	; 0x2346 <strcmp>
     7a4:	89 2b       	or	r24, r25
     7a6:	29 f4       	brne	.+10     	; 0x7b2 <process_command+0x58>
        uart0_print("$ND280RSP,COMMANDS=HELP|INFO|CAL READ|CAL OFFSET x y z|CAL GAIN x y z|CAL NOISE x y z|CAL TEMP t|CAL SAVE|CAL RESET\r\n");
     7a8:	82 e9       	ldi	r24, 0x92	; 146
     7aa:	91 e0       	ldi	r25, 0x01	; 1
     7ac:	0e 94 5a 0c 	call	0x18b4	; 0x18b4 <uart0_print>
        return;
     7b0:	e4 c1       	rjmp	.+968    	; 0xb7a <__stack+0x27b>
    }

    if (strcmp(command, "INFO") == 0) {
     7b2:	68 e0       	ldi	r22, 0x08	; 8
     7b4:	72 e0       	ldi	r23, 0x02	; 2
     7b6:	c8 01       	movw	r24, r16
     7b8:	0e 94 a3 11 	call	0x2346	; 0x2346 <strcmp>
     7bc:	89 2b       	or	r24, r25
     7be:	b9 f5       	brne	.+110    	; 0x82e <__DATA_REGION_LENGTH__+0x2e>
        uart0_print("$ND280INFO,ID=");
     7c0:	8d e0       	ldi	r24, 0x0D	; 13
     7c2:	92 e0       	ldi	r25, 0x02	; 2
     7c4:	0e 94 5a 0c 	call	0x18b4	; 0x18b4 <uart0_print>
        uart0_print_uint16(node_id);
     7c8:	8f 2d       	mov	r24, r15
     7ca:	90 e0       	ldi	r25, 0x00	; 0
     7cc:	0e 94 7c 0c 	call	0x18f8	; 0x18f8 <uart0_print_uint16>
        uart0_print(",FW=");
     7d0:	8c e1       	ldi	r24, 0x1C	; 28
     7d2:	92 e0       	ldi	r25, 0x02	; 2
     7d4:	0e 94 5a 0c 	call	0x18b4	; 0x18b4 <uart0_print>
        uart0_print(FIRMWARE_VERSION);
     7d8:	81 e2       	ldi	r24, 0x21	; 33
     7da:	92 e0       	ldi	r25, 0x02	; 2
     7dc:	0e 94 5a 0c 	call	0x18b4	; 0x18b4 <uart0_print>
        uart0_print(",TMAG=");
     7e0:	8e e2       	ldi	r24, 0x2E	; 46
     7e2:	92 e0       	ldi	r25, 0x02	; 2
     7e4:	0e 94 5a 0c 	call	0x18b4	; 0x18b4 <uart0_print>
        uart0_print(TMAG_VARIANT);
     7e8:	85 e3       	ldi	r24, 0x35	; 53
     7ea:	92 e0       	ldi	r25, 0x02	; 2
     7ec:	0e 94 5a 0c 	call	0x18b4	; 0x18b4 <uart0_print>
        uart0_print(",RANGE=");
     7f0:	88 e3       	ldi	r24, 0x38	; 56
     7f2:	92 e0       	ldi	r25, 0x02	; 2
     7f4:	0e 94 5a 0c 	call	0x18b4	; 0x18b4 <uart0_print>
        uart0_print_uint16(TMAG_FULL_SCALE_MT);
     7f8:	8a e0       	ldi	r24, 0x0A	; 10
     7fa:	91 e0       	ldi	r25, 0x01	; 1
     7fc:	0e 94 7c 0c 	call	0x18f8	; 0x18f8 <uart0_print_uint16>
        uart0_print(",AVG=");
     800:	80 e4       	ldi	r24, 0x40	; 64
     802:	92 e0       	ldi	r25, 0x02	; 2
     804:	0e 94 5a 0c 	call	0x18b4	; 0x18b4 <uart0_print>
        uart0_print_uint16(AVERAGE_SAMPLES);
     808:	8a e0       	ldi	r24, 0x0A	; 10
     80a:	90 e0       	ldi	r25, 0x00	; 0
     80c:	0e 94 7c 0c 	call	0x18f8	; 0x18f8 <uart0_print_uint16>
        uart0_print(",CAL=");
     810:	86 e4       	ldi	r24, 0x46	; 70
     812:	92 e0       	ldi	r25, 0x02	; 2
     814:	0e 94 5a 0c 	call	0x18b4	; 0x18b4 <uart0_print>
        uart0_print(status_text(*status));
     818:	f5 01       	movw	r30, r10
     81a:	80 81       	ld	r24, Z
     81c:	0e 94 22 02 	call	0x444	; 0x444 <status_text>
     820:	0e 94 5a 0c 	call	0x18b4	; 0x18b4 <uart0_print>
        uart0_print("\r\n");
     824:	85 e1       	ldi	r24, 0x15	; 21
     826:	94 e0       	ldi	r25, 0x04	; 4
     828:	0e 94 5a 0c 	call	0x18b4	; 0x18b4 <uart0_print>
        return;
     82c:	a6 c1       	rjmp	.+844    	; 0xb7a <__stack+0x27b>
    }

    if (strcmp(command, "CAL") != 0) {
     82e:	6c e4       	ldi	r22, 0x4C	; 76
     830:	72 e0       	ldi	r23, 0x02	; 2
     832:	c8 01       	movw	r24, r16
     834:	0e 94 a3 11 	call	0x2346	; 0x2346 <strcmp>
     838:	89 2b       	or	r24, r25
     83a:	29 f0       	breq	.+10     	; 0x846 <__DATA_REGION_LENGTH__+0x46>
        response_error("UNKNOWN_COMMAND");
     83c:	80 e5       	ldi	r24, 0x50	; 80
     83e:	92 e0       	ldi	r25, 0x02	; 2
     840:	0e 94 2f 02 	call	0x45e	; 0x45e <response_error>
        return;
     844:	9a c1       	rjmp	.+820    	; 0xb7a <__stack+0x27b>
    }

    char *subcommand = strtok(0, " ");
     846:	6b e8       	ldi	r22, 0x8B	; 139
     848:	71 e0       	ldi	r23, 0x01	; 1
     84a:	80 e0       	ldi	r24, 0x00	; 0
     84c:	90 e0       	ldi	r25, 0x00	; 0
     84e:	0e 94 8a 11 	call	0x2314	; 0x2314 <strtok>
     852:	8c 01       	movw	r16, r24
    if (!subcommand) {
     854:	00 97       	sbiw	r24, 0x00	; 0
     856:	29 f4       	brne	.+10     	; 0x862 <__DATA_REGION_LENGTH__+0x62>
        response_error("MISSING_CAL_SUBCOMMAND");
     858:	80 e6       	ldi	r24, 0x60	; 96
     85a:	92 e0       	ldi	r25, 0x02	; 2
     85c:	0e 94 2f 02 	call	0x45e	; 0x45e <response_error>
        return;
     860:	8c c1       	rjmp	.+792    	; 0xb7a <__stack+0x27b>
    }

    if (strcmp(subcommand, "READ") == 0) {
     862:	6b e4       	ldi	r22, 0x4B	; 75
     864:	73 e0       	ldi	r23, 0x03	; 3
     866:	0e 94 a3 11 	call	0x2346	; 0x2346 <strcmp>
     86a:	89 2b       	or	r24, r25
     86c:	31 f4       	brne	.+12     	; 0x87a <__DATA_REGION_LENGTH__+0x7a>
        print_calibration(cal, *status);
     86e:	f5 01       	movw	r30, r10
     870:	60 81       	ld	r22, Z
     872:	c6 01       	movw	r24, r12
     874:	0e 94 21 03 	call	0x642	; 0x642 <print_calibration>
        return;
     878:	80 c1       	rjmp	.+768    	; 0xb7a <__stack+0x27b>
    }

    if (strcmp(subcommand, "OFFSET") == 0) {
     87a:	60 e9       	ldi	r22, 0x90	; 144
     87c:	72 e0       	ldi	r23, 0x02	; 2
     87e:	c8 01       	movw	r24, r16
     880:	0e 94 a3 11 	call	0x2346	; 0x2346 <strcmp>
     884:	89 2b       	or	r24, r25
     886:	09 f0       	breq	.+2      	; 0x88a <__DATA_REGION_LENGTH__+0x8a>
     888:	49 c0       	rjmp	.+146    	; 0x91c <__stack+0x1d>
        int32_t x, y, z;
        if (!get_three_i32(strtok(0, " "), strtok(0, " "), strtok(0, " "), &x, &y, &z)) {
     88a:	6b e8       	ldi	r22, 0x8B	; 139
     88c:	71 e0       	ldi	r23, 0x01	; 1
     88e:	80 e0       	ldi	r24, 0x00	; 0
     890:	90 e0       	ldi	r25, 0x00	; 0
     892:	0e 94 8a 11 	call	0x2314	; 0x2314 <strtok>
     896:	3c 01       	movw	r6, r24
     898:	6b e8       	ldi	r22, 0x8B	; 139
     89a:	71 e0       	ldi	r23, 0x01	; 1
     89c:	80 e0       	ldi	r24, 0x00	; 0
     89e:	90 e0       	ldi	r25, 0x00	; 0
     8a0:	0e 94 8a 11 	call	0x2314	; 0x2314 <strtok>
     8a4:	4c 01       	movw	r8, r24
     8a6:	6b e8       	ldi	r22, 0x8B	; 139
     8a8:	71 e0       	ldi	r23, 0x01	; 1
     8aa:	80 e0       	ldi	r24, 0x00	; 0
     8ac:	90 e0       	ldi	r25, 0x00	; 0
     8ae:	0e 94 8a 11 	call	0x2314	; 0x2314 <strtok>
     8b2:	9e 01       	movw	r18, r28
     8b4:	2f 5f       	subi	r18, 0xFF	; 255
     8b6:	3f 4f       	sbci	r19, 0xFF	; 255
     8b8:	79 01       	movw	r14, r18
     8ba:	8e 01       	movw	r16, r28
     8bc:	0b 5f       	subi	r16, 0xFB	; 251
     8be:	1f 4f       	sbci	r17, 0xFF	; 255
     8c0:	28 5f       	subi	r18, 0xF8	; 248
     8c2:	3f 4f       	sbci	r19, 0xFF	; 255
     8c4:	a3 01       	movw	r20, r6
     8c6:	b4 01       	movw	r22, r8
     8c8:	0e 94 e8 02 	call	0x5d0	; 0x5d0 <get_three_i32>
     8cc:	81 11       	cpse	r24, r1
     8ce:	05 c0       	rjmp	.+10     	; 0x8da <__DATA_REGION_LENGTH__+0xda>
            response_error("BAD_OFFSET_ARGUMENTS");
     8d0:	87 e7       	ldi	r24, 0x77	; 119
     8d2:	92 e0       	ldi	r25, 0x02	; 2
     8d4:	0e 94 2f 02 	call	0x45e	; 0x45e <response_error>
            return;
     8d8:	50 c1       	rjmp	.+672    	; 0xb7a <__stack+0x27b>
        }
        cal->offset_x_x100 = x;
     8da:	89 85       	ldd	r24, Y+9	; 0x09
     8dc:	9a 85       	ldd	r25, Y+10	; 0x0a
     8de:	ab 85       	ldd	r26, Y+11	; 0x0b
     8e0:	bc 85       	ldd	r27, Y+12	; 0x0c
     8e2:	f6 01       	movw	r30, r12
     8e4:	80 87       	std	Z+8, r24	; 0x08
     8e6:	91 87       	std	Z+9, r25	; 0x09
     8e8:	a2 87       	std	Z+10, r26	; 0x0a
     8ea:	b3 87       	std	Z+11, r27	; 0x0b
        cal->offset_y_x100 = y;
     8ec:	8d 81       	ldd	r24, Y+5	; 0x05
     8ee:	9e 81       	ldd	r25, Y+6	; 0x06
     8f0:	af 81       	ldd	r26, Y+7	; 0x07
     8f2:	b8 85       	ldd	r27, Y+8	; 0x08
     8f4:	84 87       	std	Z+12, r24	; 0x0c
     8f6:	95 87       	std	Z+13, r25	; 0x0d
     8f8:	a6 87       	std	Z+14, r26	; 0x0e
     8fa:	b7 87       	std	Z+15, r27	; 0x0f
        cal->offset_z_x100 = z;
     8fc:	89 81       	ldd	r24, Y+1	; 0x01
     8fe:	9a 81       	ldd	r25, Y+2	; 0x02
     900:	ab 81       	ldd	r26, Y+3	; 0x03
     902:	bc 81       	ldd	r27, Y+4	; 0x04
     904:	80 8b       	std	Z+16, r24	; 0x10
     906:	91 8b       	std	Z+17, r25	; 0x11
     908:	a2 8b       	std	Z+18, r26	; 0x12
     90a:	b3 8b       	std	Z+19, r27	; 0x13
        *status = CALIBRATION_STATUS_DIRTY;
     90c:	82 e0       	ldi	r24, 0x02	; 2
     90e:	f5 01       	movw	r30, r10
     910:	80 83       	st	Z, r24
        response_ok("CAL_OFFSET");
     912:	8c e8       	ldi	r24, 0x8C	; 140
     914:	92 e0       	ldi	r25, 0x02	; 2
     916:	0e 94 40 02 	call	0x480	; 0x480 <response_ok>
        return;
     91a:	2f c1       	rjmp	.+606    	; 0xb7a <__stack+0x27b>
    }

    if (strcmp(subcommand, "GAIN") == 0) {
     91c:	6e ea       	ldi	r22, 0xAE	; 174
     91e:	72 e0       	ldi	r23, 0x02	; 2
     920:	c8 01       	movw	r24, r16
     922:	0e 94 a3 11 	call	0x2346	; 0x2346 <strcmp>
     926:	89 2b       	or	r24, r25
     928:	09 f0       	breq	.+2      	; 0x92c <__stack+0x2d>
     92a:	58 c0       	rjmp	.+176    	; 0x9dc <__stack+0xdd>
        int32_t x, y, z;
        if (!get_three_i32(strtok(0, " "), strtok(0, " "), strtok(0, " "), &x, &y, &z) ||
     92c:	6b e8       	ldi	r22, 0x8B	; 139
     92e:	71 e0       	ldi	r23, 0x01	; 1
     930:	80 e0       	ldi	r24, 0x00	; 0
     932:	90 e0       	ldi	r25, 0x00	; 0
     934:	0e 94 8a 11 	call	0x2314	; 0x2314 <strtok>
     938:	3c 01       	movw	r6, r24
     93a:	6b e8       	ldi	r22, 0x8B	; 139
     93c:	71 e0       	ldi	r23, 0x01	; 1
     93e:	80 e0       	ldi	r24, 0x00	; 0
     940:	90 e0       	ldi	r25, 0x00	; 0
     942:	0e 94 8a 11 	call	0x2314	; 0x2314 <strtok>
     946:	4c 01       	movw	r8, r24
     948:	6b e8       	ldi	r22, 0x8B	; 139
     94a:	71 e0       	ldi	r23, 0x01	; 1
     94c:	80 e0       	ldi	r24, 0x00	; 0
     94e:	90 e0       	ldi	r25, 0x00	; 0
     950:	0e 94 8a 11 	call	0x2314	; 0x2314 <strtok>
     954:	9e 01       	movw	r18, r28
     956:	2f 5f       	subi	r18, 0xFF	; 255
     958:	3f 4f       	sbci	r19, 0xFF	; 255
     95a:	79 01       	movw	r14, r18
     95c:	8e 01       	movw	r16, r28
     95e:	0b 5f       	subi	r16, 0xFB	; 251
     960:	1f 4f       	sbci	r17, 0xFF	; 255
     962:	28 5f       	subi	r18, 0xF8	; 248
     964:	3f 4f       	sbci	r19, 0xFF	; 255
     966:	a3 01       	movw	r20, r6
     968:	b4 01       	movw	r22, r8
     96a:	0e 94 e8 02 	call	0x5d0	; 0x5d0 <get_three_i32>
     96e:	88 23       	and	r24, r24
     970:	d9 f0       	breq	.+54     	; 0x9a8 <__stack+0xa9>
            x <= 0L || y <= 0L || z <= 0L) {
     972:	89 85       	ldd	r24, Y+9	; 0x09
     974:	9a 85       	ldd	r25, Y+10	; 0x0a
     976:	ab 85       	ldd	r26, Y+11	; 0x0b
     978:	bc 85       	ldd	r27, Y+12	; 0x0c
        return;
    }

    if (strcmp(subcommand, "GAIN") == 0) {
        int32_t x, y, z;
        if (!get_three_i32(strtok(0, " "), strtok(0, " "), strtok(0, " "), &x, &y, &z) ||
     97a:	18 16       	cp	r1, r24
     97c:	19 06       	cpc	r1, r25
     97e:	1a 06       	cpc	r1, r26
     980:	1b 06       	cpc	r1, r27
     982:	94 f4       	brge	.+36     	; 0x9a8 <__stack+0xa9>
            x <= 0L || y <= 0L || z <= 0L) {
     984:	4d 81       	ldd	r20, Y+5	; 0x05
     986:	5e 81       	ldd	r21, Y+6	; 0x06
     988:	6f 81       	ldd	r22, Y+7	; 0x07
     98a:	78 85       	ldd	r23, Y+8	; 0x08
     98c:	14 16       	cp	r1, r20
     98e:	15 06       	cpc	r1, r21
     990:	16 06       	cpc	r1, r22
     992:	17 06       	cpc	r1, r23
     994:	4c f4       	brge	.+18     	; 0x9a8 <__stack+0xa9>
     996:	09 81       	ldd	r16, Y+1	; 0x01
     998:	1a 81       	ldd	r17, Y+2	; 0x02
     99a:	2b 81       	ldd	r18, Y+3	; 0x03
     99c:	3c 81       	ldd	r19, Y+4	; 0x04
     99e:	10 16       	cp	r1, r16
     9a0:	11 06       	cpc	r1, r17
     9a2:	12 06       	cpc	r1, r18
     9a4:	13 06       	cpc	r1, r19
     9a6:	2c f0       	brlt	.+10     	; 0x9b2 <__stack+0xb3>
            response_error("BAD_GAIN_ARGUMENTS");
     9a8:	87 e9       	ldi	r24, 0x97	; 151
     9aa:	92 e0       	ldi	r25, 0x02	; 2
     9ac:	0e 94 2f 02 	call	0x45e	; 0x45e <response_error>
            return;
     9b0:	e4 c0       	rjmp	.+456    	; 0xb7a <__stack+0x27b>
        }
        cal->gain_x_ppm = x;
     9b2:	f6 01       	movw	r30, r12
     9b4:	84 8b       	std	Z+20, r24	; 0x14
     9b6:	95 8b       	std	Z+21, r25	; 0x15
     9b8:	a6 8b       	std	Z+22, r26	; 0x16
     9ba:	b7 8b       	std	Z+23, r27	; 0x17
        cal->gain_y_ppm = y;
     9bc:	40 8f       	std	Z+24, r20	; 0x18
     9be:	51 8f       	std	Z+25, r21	; 0x19
     9c0:	62 8f       	std	Z+26, r22	; 0x1a
     9c2:	73 8f       	std	Z+27, r23	; 0x1b
        cal->gain_z_ppm = z;
     9c4:	04 8f       	std	Z+28, r16	; 0x1c
     9c6:	15 8f       	std	Z+29, r17	; 0x1d
     9c8:	26 8f       	std	Z+30, r18	; 0x1e
     9ca:	37 8f       	std	Z+31, r19	; 0x1f
        *status = CALIBRATION_STATUS_DIRTY;
     9cc:	82 e0       	ldi	r24, 0x02	; 2
     9ce:	f5 01       	movw	r30, r10
     9d0:	80 83       	st	Z, r24
        response_ok("CAL_GAIN");
     9d2:	8a ea       	ldi	r24, 0xAA	; 170
     9d4:	92 e0       	ldi	r25, 0x02	; 2
     9d6:	0e 94 40 02 	call	0x480	; 0x480 <response_ok>
        return;
     9da:	cf c0       	rjmp	.+414    	; 0xb7a <__stack+0x27b>
    }

    if (strcmp(subcommand, "NOISE") == 0) {
     9dc:	6b ec       	ldi	r22, 0xCB	; 203
     9de:	72 e0       	ldi	r23, 0x02	; 2
     9e0:	c8 01       	movw	r24, r16
     9e2:	0e 94 a3 11 	call	0x2346	; 0x2346 <strcmp>
     9e6:	89 2b       	or	r24, r25
     9e8:	09 f0       	breq	.+2      	; 0x9ec <__stack+0xed>
     9ea:	49 c0       	rjmp	.+146    	; 0xa7e <__stack+0x17f>
        uint32_t x, y, z;
        if (!get_three_u32(strtok(0, " "), strtok(0, " "), strtok(0, " "), &x, &y, &z)) {
     9ec:	6b e8       	ldi	r22, 0x8B	; 139
     9ee:	71 e0       	ldi	r23, 0x01	; 1
     9f0:	80 e0       	ldi	r24, 0x00	; 0
     9f2:	90 e0       	ldi	r25, 0x00	; 0
     9f4:	0e 94 8a 11 	call	0x2314	; 0x2314 <strtok>
     9f8:	3c 01       	movw	r6, r24
     9fa:	6b e8       	ldi	r22, 0x8B	; 139
     9fc:	71 e0       	ldi	r23, 0x01	; 1
     9fe:	80 e0       	ldi	r24, 0x00	; 0
     a00:	90 e0       	ldi	r25, 0x00	; 0
     a02:	0e 94 8a 11 	call	0x2314	; 0x2314 <strtok>
     a06:	4c 01       	movw	r8, r24
     a08:	6b e8       	ldi	r22, 0x8B	; 139
     a0a:	71 e0       	ldi	r23, 0x01	; 1
     a0c:	80 e0       	ldi	r24, 0x00	; 0
     a0e:	90 e0       	ldi	r25, 0x00	; 0
     a10:	0e 94 8a 11 	call	0x2314	; 0x2314 <strtok>
     a14:	9e 01       	movw	r18, r28
     a16:	2f 5f       	subi	r18, 0xFF	; 255
     a18:	3f 4f       	sbci	r19, 0xFF	; 255
     a1a:	79 01       	movw	r14, r18
     a1c:	8e 01       	movw	r16, r28
     a1e:	0b 5f       	subi	r16, 0xFB	; 251
     a20:	1f 4f       	sbci	r17, 0xFF	; 255
     a22:	28 5f       	subi	r18, 0xF8	; 248
     a24:	3f 4f       	sbci	r19, 0xFF	; 255
     a26:	a3 01       	movw	r20, r6
     a28:	b4 01       	movw	r22, r8
     a2a:	0e 94 80 02 	call	0x500	; 0x500 <get_three_u32>
     a2e:	81 11       	cpse	r24, r1
     a30:	05 c0       	rjmp	.+10     	; 0xa3c <__stack+0x13d>
            response_error("BAD_NOISE_ARGUMENTS");
     a32:	83 eb       	ldi	r24, 0xB3	; 179
     a34:	92 e0       	ldi	r25, 0x02	; 2
     a36:	0e 94 2f 02 	call	0x45e	; 0x45e <response_error>
            return;
     a3a:	9f c0       	rjmp	.+318    	; 0xb7a <__stack+0x27b>
        }
        cal->noise_sigma_x_x10000 = x;
     a3c:	89 85       	ldd	r24, Y+9	; 0x09
     a3e:	9a 85       	ldd	r25, Y+10	; 0x0a
     a40:	ab 85       	ldd	r26, Y+11	; 0x0b
     a42:	bc 85       	ldd	r27, Y+12	; 0x0c
     a44:	f6 01       	movw	r30, r12
     a46:	80 a3       	std	Z+32, r24	; 0x20
     a48:	91 a3       	std	Z+33, r25	; 0x21
     a4a:	a2 a3       	std	Z+34, r26	; 0x22
     a4c:	b3 a3       	std	Z+35, r27	; 0x23
        cal->noise_sigma_y_x10000 = y;
     a4e:	8d 81       	ldd	r24, Y+5	; 0x05
     a50:	9e 81       	ldd	r25, Y+6	; 0x06
     a52:	af 81       	ldd	r26, Y+7	; 0x07
     a54:	b8 85       	ldd	r27, Y+8	; 0x08
     a56:	84 a3       	std	Z+36, r24	; 0x24
     a58:	95 a3       	std	Z+37, r25	; 0x25
     a5a:	a6 a3       	std	Z+38, r26	; 0x26
     a5c:	b7 a3       	std	Z+39, r27	; 0x27
        cal->noise_sigma_z_x10000 = z;
     a5e:	89 81       	ldd	r24, Y+1	; 0x01
     a60:	9a 81       	ldd	r25, Y+2	; 0x02
     a62:	ab 81       	ldd	r26, Y+3	; 0x03
     a64:	bc 81       	ldd	r27, Y+4	; 0x04
     a66:	80 a7       	std	Z+40, r24	; 0x28
     a68:	91 a7       	std	Z+41, r25	; 0x29
     a6a:	a2 a7       	std	Z+42, r26	; 0x2a
     a6c:	b3 a7       	std	Z+43, r27	; 0x2b
        *status = CALIBRATION_STATUS_DIRTY;
     a6e:	82 e0       	ldi	r24, 0x02	; 2
     a70:	f5 01       	movw	r30, r10
     a72:	80 83       	st	Z, r24
        response_ok("CAL_NOISE");
     a74:	87 ec       	ldi	r24, 0xC7	; 199
     a76:	92 e0       	ldi	r25, 0x02	; 2
     a78:	0e 94 40 02 	call	0x480	; 0x480 <response_ok>
        return;
     a7c:	7e c0       	rjmp	.+252    	; 0xb7a <__stack+0x27b>
    }

    if (strcmp(subcommand, "TEMP") == 0) {
     a7e:	67 ee       	ldi	r22, 0xE7	; 231
     a80:	72 e0       	ldi	r23, 0x02	; 2
     a82:	c8 01       	movw	r24, r16
     a84:	0e 94 a3 11 	call	0x2346	; 0x2346 <strcmp>
     a88:	89 2b       	or	r24, r25
     a8a:	29 f5       	brne	.+74     	; 0xad6 <__stack+0x1d7>
        int32_t value;
        char *argument = strtok(0, " ");
     a8c:	6b e8       	ldi	r22, 0x8B	; 139
     a8e:	71 e0       	ldi	r23, 0x01	; 1
     a90:	80 e0       	ldi	r24, 0x00	; 0
     a92:	90 e0       	ldi	r25, 0x00	; 0
     a94:	0e 94 8a 11 	call	0x2314	; 0x2314 <strtok>
        if (!argument || !parse_i32(argument, &value)) {
     a98:	00 97       	sbiw	r24, 0x00	; 0
     a9a:	39 f0       	breq	.+14     	; 0xaaa <__stack+0x1ab>
     a9c:	be 01       	movw	r22, r28
     a9e:	6f 5f       	subi	r22, 0xFF	; 255
     aa0:	7f 4f       	sbci	r23, 0xFF	; 255
     aa2:	0e 94 b9 02 	call	0x572	; 0x572 <parse_i32>
     aa6:	81 11       	cpse	r24, r1
     aa8:	05 c0       	rjmp	.+10     	; 0xab4 <__stack+0x1b5>
            response_error("BAD_TEMP_ARGUMENT");
     aaa:	81 ed       	ldi	r24, 0xD1	; 209
     aac:	92 e0       	ldi	r25, 0x02	; 2
     aae:	0e 94 2f 02 	call	0x45e	; 0x45e <response_error>
            return;
     ab2:	63 c0       	rjmp	.+198    	; 0xb7a <__stack+0x27b>
        }
        cal->calibration_temperature_x100 = value;
     ab4:	89 81       	ldd	r24, Y+1	; 0x01
     ab6:	9a 81       	ldd	r25, Y+2	; 0x02
     ab8:	ab 81       	ldd	r26, Y+3	; 0x03
     aba:	bc 81       	ldd	r27, Y+4	; 0x04
     abc:	f6 01       	movw	r30, r12
     abe:	84 a7       	std	Z+44, r24	; 0x2c
     ac0:	95 a7       	std	Z+45, r25	; 0x2d
     ac2:	a6 a7       	std	Z+46, r26	; 0x2e
     ac4:	b7 a7       	std	Z+47, r27	; 0x2f
        *status = CALIBRATION_STATUS_DIRTY;
     ac6:	82 e0       	ldi	r24, 0x02	; 2
     ac8:	f5 01       	movw	r30, r10
     aca:	80 83       	st	Z, r24
        response_ok("CAL_TEMP");
     acc:	83 ee       	ldi	r24, 0xE3	; 227
     ace:	92 e0       	ldi	r25, 0x02	; 2
     ad0:	0e 94 40 02 	call	0x480	; 0x480 <response_ok>
        return;
     ad4:	52 c0       	rjmp	.+164    	; 0xb7a <__stack+0x27b>
    }

    if (strcmp(subcommand, "SAVE") == 0) {
     ad6:	60 ef       	ldi	r22, 0xF0	; 240
     ad8:	72 e0       	ldi	r23, 0x02	; 2
     ada:	c8 01       	movw	r24, r16
     adc:	0e 94 a3 11 	call	0x2346	; 0x2346 <strcmp>
     ae0:	89 2b       	or	r24, r25
     ae2:	79 f5       	brne	.+94     	; 0xb42 <__stack+0x243>
        cal->calibration_counter++;
     ae4:	f6 01       	movw	r30, r12
     ae6:	80 a9       	ldd	r24, Z+48	; 0x30
     ae8:	91 a9       	ldd	r25, Z+49	; 0x31
     aea:	a2 a9       	ldd	r26, Z+50	; 0x32
     aec:	b3 a9       	ldd	r27, Z+51	; 0x33
     aee:	01 96       	adiw	r24, 0x01	; 1
     af0:	a1 1d       	adc	r26, r1
     af2:	b1 1d       	adc	r27, r1
     af4:	80 ab       	std	Z+48, r24	; 0x30
     af6:	91 ab       	std	Z+49, r25	; 0x31
     af8:	a2 ab       	std	Z+50, r26	; 0x32
     afa:	b3 ab       	std	Z+51, r27	; 0x33
        if (calibration_save(cal)) {
     afc:	c6 01       	movw	r24, r12
     afe:	0e 94 62 01 	call	0x2c4	; 0x2c4 <calibration_save>
     b02:	88 23       	and	r24, r24
     b04:	69 f0       	breq	.+26     	; 0xb20 <__stack+0x221>
            *status = CALIBRATION_STATUS_VALID;
     b06:	81 e0       	ldi	r24, 0x01	; 1
     b08:	f5 01       	movw	r30, r10
     b0a:	80 83       	st	Z, r24
            response_ok("CAL_SAVE");
     b0c:	8c ee       	ldi	r24, 0xEC	; 236
     b0e:	92 e0       	ldi	r25, 0x02	; 2
     b10:	0e 94 40 02 	call	0x480	; 0x480 <response_ok>
            print_calibration(cal, *status);
     b14:	f5 01       	movw	r30, r10
     b16:	60 81       	ld	r22, Z
     b18:	c6 01       	movw	r24, r12
     b1a:	0e 94 21 03 	call	0x642	; 0x642 <print_calibration>
     b1e:	2d c0       	rjmp	.+90     	; 0xb7a <__stack+0x27b>
        } else {
            cal->calibration_counter--;
     b20:	f6 01       	movw	r30, r12
     b22:	80 a9       	ldd	r24, Z+48	; 0x30
     b24:	91 a9       	ldd	r25, Z+49	; 0x31
     b26:	a2 a9       	ldd	r26, Z+50	; 0x32
     b28:	b3 a9       	ldd	r27, Z+51	; 0x33
     b2a:	01 97       	sbiw	r24, 0x01	; 1
     b2c:	a1 09       	sbc	r26, r1
     b2e:	b1 09       	sbc	r27, r1
     b30:	80 ab       	std	Z+48, r24	; 0x30
     b32:	91 ab       	std	Z+49, r25	; 0x31
     b34:	a2 ab       	std	Z+50, r26	; 0x32
     b36:	b3 ab       	std	Z+51, r27	; 0x33
            response_error("EEPROM_VERIFY_FAILED");
     b38:	85 ef       	ldi	r24, 0xF5	; 245
     b3a:	92 e0       	ldi	r25, 0x02	; 2
     b3c:	0e 94 2f 02 	call	0x45e	; 0x45e <response_error>
     b40:	1c c0       	rjmp	.+56     	; 0xb7a <__stack+0x27b>
        }
        return;
    }

    if (strcmp(subcommand, "RESET") == 0) {
     b42:	6e e0       	ldi	r22, 0x0E	; 14
     b44:	73 e0       	ldi	r23, 0x03	; 3
     b46:	c8 01       	movw	r24, r16
     b48:	0e 94 a3 11 	call	0x2346	; 0x2346 <strcmp>
     b4c:	89 2b       	or	r24, r25
     b4e:	89 f4       	brne	.+34     	; 0xb72 <__stack+0x273>
        calibration_factory_reset();
     b50:	0e 94 b3 01 	call	0x366	; 0x366 <calibration_factory_reset>
        calibration_make_defaults(cal);
     b54:	c6 01       	movw	r24, r12
     b56:	0e 94 03 01 	call	0x206	; 0x206 <calibration_make_defaults>
        *status = CALIBRATION_STATUS_DEFAULT;
     b5a:	f5 01       	movw	r30, r10
     b5c:	10 82       	st	Z, r1
        response_ok("CAL_RESET");
     b5e:	8a e0       	ldi	r24, 0x0A	; 10
     b60:	93 e0       	ldi	r25, 0x03	; 3
     b62:	0e 94 40 02 	call	0x480	; 0x480 <response_ok>
        print_calibration(cal, *status);
     b66:	f5 01       	movw	r30, r10
     b68:	60 81       	ld	r22, Z
     b6a:	c6 01       	movw	r24, r12
     b6c:	0e 94 21 03 	call	0x642	; 0x642 <print_calibration>
        return;
     b70:	04 c0       	rjmp	.+8      	; 0xb7a <__stack+0x27b>
    }

    response_error("UNKNOWN_CAL_SUBCOMMAND");
     b72:	84 e1       	ldi	r24, 0x14	; 20
     b74:	93 e0       	ldi	r25, 0x03	; 3
     b76:	0e 94 2f 02 	call	0x45e	; 0x45e <response_error>
}
     b7a:	2c 96       	adiw	r28, 0x0c	; 12
     b7c:	0f b6       	in	r0, 0x3f	; 63
     b7e:	f8 94       	cli
     b80:	de bf       	out	0x3e, r29	; 62
     b82:	0f be       	out	0x3f, r0	; 63
     b84:	cd bf       	out	0x3d, r28	; 61
     b86:	df 91       	pop	r29
     b88:	cf 91       	pop	r28
     b8a:	1f 91       	pop	r17
     b8c:	0f 91       	pop	r16
     b8e:	ff 90       	pop	r15
     b90:	ef 90       	pop	r14
     b92:	df 90       	pop	r13
     b94:	cf 90       	pop	r12
     b96:	bf 90       	pop	r11
     b98:	af 90       	pop	r10
     b9a:	9f 90       	pop	r9
     b9c:	8f 90       	pop	r8
     b9e:	7f 90       	pop	r7
     ba0:	6f 90       	pop	r6
     ba2:	08 95       	ret

00000ba4 <commands_process_pending>:

void commands_process_pending(calibration_record_t *calibration,
                              calibration_status_t *status,
                              uint8_t node_id)
{
     ba4:	df 92       	push	r13
     ba6:	ef 92       	push	r14
     ba8:	ff 92       	push	r15
     baa:	0f 93       	push	r16
     bac:	1f 93       	push	r17
     bae:	cf 93       	push	r28
     bb0:	df 93       	push	r29
     bb2:	cd b7       	in	r28, 0x3d	; 61
     bb4:	de b7       	in	r29, 0x3e	; 62
     bb6:	c0 56       	subi	r28, 0x60	; 96
     bb8:	d1 09       	sbc	r29, r1
     bba:	0f b6       	in	r0, 0x3f	; 63
     bbc:	f8 94       	cli
     bbe:	de bf       	out	0x3e, r29	; 62
     bc0:	0f be       	out	0x3f, r0	; 63
     bc2:	cd bf       	out	0x3d, r28	; 61
     bc4:	8c 01       	movw	r16, r24
     bc6:	7b 01       	movw	r14, r22
     bc8:	d4 2e       	mov	r13, r20
    char line[UART0_COMMAND_MAX_LENGTH];

    if (uart0_rx_overflowed()) {
     bca:	0e 94 d9 0d 	call	0x1bb2	; 0x1bb2 <uart0_rx_overflowed>
     bce:	88 23       	and	r24, r24
     bd0:	71 f0       	breq	.+28     	; 0xbee <commands_process_pending+0x4a>
        uart0_clear_rx_overflow();
     bd2:	0e 94 dc 0d 	call	0x1bb8	; 0x1bb8 <uart0_clear_rx_overflow>
        response_error("UART_RX_OVERFLOW");
     bd6:	8b e2       	ldi	r24, 0x2B	; 43
     bd8:	93 e0       	ldi	r25, 0x03	; 3
     bda:	0e 94 2f 02 	call	0x45e	; 0x45e <response_error>
     bde:	07 c0       	rjmp	.+14     	; 0xbee <commands_process_pending+0x4a>
    }

    while (uart0_readline(line, sizeof(line))) {
        process_command(line, calibration, status, node_id);
     be0:	2d 2d       	mov	r18, r13
     be2:	a7 01       	movw	r20, r14
     be4:	b8 01       	movw	r22, r16
     be6:	ce 01       	movw	r24, r28
     be8:	01 96       	adiw	r24, 0x01	; 1
     bea:	0e 94 ad 03 	call	0x75a	; 0x75a <process_command>
    if (uart0_rx_overflowed()) {
        uart0_clear_rx_overflow();
        response_error("UART_RX_OVERFLOW");
    }

    while (uart0_readline(line, sizeof(line))) {
     bee:	60 e6       	ldi	r22, 0x60	; 96
     bf0:	ce 01       	movw	r24, r28
     bf2:	01 96       	adiw	r24, 0x01	; 1
     bf4:	0e 94 75 0d 	call	0x1aea	; 0x1aea <uart0_readline>
     bf8:	81 11       	cpse	r24, r1
     bfa:	f2 cf       	rjmp	.-28     	; 0xbe0 <commands_process_pending+0x3c>
        process_command(line, calibration, status, node_id);
    }
}
     bfc:	c0 5a       	subi	r28, 0xA0	; 160
     bfe:	df 4f       	sbci	r29, 0xFF	; 255
     c00:	0f b6       	in	r0, 0x3f	; 63
     c02:	f8 94       	cli
     c04:	de bf       	out	0x3e, r29	; 62
     c06:	0f be       	out	0x3f, r0	; 63
     c08:	cd bf       	out	0x3d, r28	; 61
     c0a:	df 91       	pop	r29
     c0c:	cf 91       	pop	r28
     c0e:	1f 91       	pop	r17
     c10:	0f 91       	pop	r16
     c12:	ff 90       	pop	r15
     c14:	ef 90       	pop	r14
     c16:	df 90       	pop	r13
     c18:	08 95       	ret

00000c1a <crc16_ccitt>:
#include "crc16.h"

uint16_t crc16_ccitt(const void *data, size_t length)
{
     c1a:	dc 01       	movw	r26, r24
    const uint8_t *bytes = (const uint8_t *)data;
    uint16_t crc = 0xFFFFU;

    for (size_t i = 0; i < length; i++) {
     c1c:	40 e0       	ldi	r20, 0x00	; 0
     c1e:	50 e0       	ldi	r21, 0x00	; 0
#include "crc16.h"

uint16_t crc16_ccitt(const void *data, size_t length)
{
    const uint8_t *bytes = (const uint8_t *)data;
    uint16_t crc = 0xFFFFU;
     c20:	8f ef       	ldi	r24, 0xFF	; 255
     c22:	9f ef       	ldi	r25, 0xFF	; 255

    for (size_t i = 0; i < length; i++) {
     c24:	1b c0       	rjmp	.+54     	; 0xc5c <crc16_ccitt+0x42>
        crc ^= (uint16_t)bytes[i] << 8;
     c26:	fd 01       	movw	r30, r26
     c28:	e4 0f       	add	r30, r20
     c2a:	f5 1f       	adc	r31, r21
     c2c:	20 81       	ld	r18, Z
     c2e:	30 e0       	ldi	r19, 0x00	; 0
     c30:	32 2f       	mov	r19, r18
     c32:	22 27       	eor	r18, r18
     c34:	82 27       	eor	r24, r18
     c36:	93 27       	eor	r25, r19
        for (uint8_t bit = 0; bit < 8U; bit++) {
     c38:	20 e0       	ldi	r18, 0x00	; 0
     c3a:	0c c0       	rjmp	.+24     	; 0xc54 <crc16_ccitt+0x3a>
            if (crc & 0x8000U) {
     c3c:	99 23       	and	r25, r25
     c3e:	3c f4       	brge	.+14     	; 0xc4e <crc16_ccitt+0x34>
                crc = (uint16_t)((crc << 1) ^ 0x1021U);
     c40:	88 0f       	add	r24, r24
     c42:	99 1f       	adc	r25, r25
     c44:	31 e2       	ldi	r19, 0x21	; 33
     c46:	83 27       	eor	r24, r19
     c48:	30 e1       	ldi	r19, 0x10	; 16
     c4a:	93 27       	eor	r25, r19
     c4c:	02 c0       	rjmp	.+4      	; 0xc52 <crc16_ccitt+0x38>
            } else {
                crc <<= 1;
     c4e:	88 0f       	add	r24, r24
     c50:	99 1f       	adc	r25, r25
    const uint8_t *bytes = (const uint8_t *)data;
    uint16_t crc = 0xFFFFU;

    for (size_t i = 0; i < length; i++) {
        crc ^= (uint16_t)bytes[i] << 8;
        for (uint8_t bit = 0; bit < 8U; bit++) {
     c52:	2f 5f       	subi	r18, 0xFF	; 255
     c54:	28 30       	cpi	r18, 0x08	; 8
     c56:	90 f3       	brcs	.-28     	; 0xc3c <crc16_ccitt+0x22>
uint16_t crc16_ccitt(const void *data, size_t length)
{
    const uint8_t *bytes = (const uint8_t *)data;
    uint16_t crc = 0xFFFFU;

    for (size_t i = 0; i < length; i++) {
     c58:	4f 5f       	subi	r20, 0xFF	; 255
     c5a:	5f 4f       	sbci	r21, 0xFF	; 255
     c5c:	46 17       	cp	r20, r22
     c5e:	57 07       	cpc	r21, r23
     c60:	10 f3       	brcs	.-60     	; 0xc26 <crc16_ccitt+0xc>
            }
        }
    }

    return crc;
}
     c62:	08 95       	ret

00000c64 <main>:
#include "node_app.h"

int main(void)
{
    node_app_init();
     c64:	0e 94 45 07 	call	0xe8a	; 0xe8a <node_app_init>

    while (1) {
        node_app_process();
     c68:	0e 94 8c 07 	call	0xf18	; 0xf18 <node_app_process>
     c6c:	fd cf       	rjmp	.-6      	; 0xc68 <main+0x4>

00000c6e <measurement_service_acquire_average>:

uint8_t measurement_service_acquire_average(
    const calibration_record_t *calibration,
    measurement_result_t *result,
    void (*background_process)(void))
{
     c6e:	2f 92       	push	r2
     c70:	3f 92       	push	r3
     c72:	4f 92       	push	r4
     c74:	5f 92       	push	r5
     c76:	6f 92       	push	r6
     c78:	7f 92       	push	r7
     c7a:	8f 92       	push	r8
     c7c:	9f 92       	push	r9
     c7e:	af 92       	push	r10
     c80:	bf 92       	push	r11
     c82:	cf 92       	push	r12
     c84:	df 92       	push	r13
     c86:	ef 92       	push	r14
     c88:	ff 92       	push	r15
     c8a:	0f 93       	push	r16
     c8c:	1f 93       	push	r17
     c8e:	cf 93       	push	r28
     c90:	df 93       	push	r29
     c92:	cd b7       	in	r28, 0x3d	; 61
     c94:	de b7       	in	r29, 0x3e	; 62
     c96:	6a 97       	sbiw	r28, 0x1a	; 26
     c98:	0f b6       	in	r0, 0x3f	; 63
     c9a:	f8 94       	cli
     c9c:	de bf       	out	0x3e, r29	; 62
     c9e:	0f be       	out	0x3f, r0	; 63
     ca0:	cd bf       	out	0x3d, r28	; 61
    int32_t sum_by = 0;
    int32_t sum_bz = 0;
    uint8_t last_status = 0;
    uint8_t valid = 0;

    if (calibration == 0 || result == 0) return 0U;
     ca2:	00 97       	sbiw	r24, 0x00	; 0
     ca4:	09 f4       	brne	.+2      	; 0xca8 <measurement_service_acquire_average+0x3a>
     ca6:	b6 c0       	rjmp	.+364    	; 0xe14 <measurement_service_acquire_average+0x1a6>
     ca8:	61 15       	cp	r22, r1
     caa:	71 05       	cpc	r23, r1
     cac:	09 f4       	brne	.+2      	; 0xcb0 <measurement_service_acquire_average+0x42>
     cae:	b4 c0       	rjmp	.+360    	; 0xe18 <measurement_service_acquire_average+0x1aa>
     cb0:	1a 01       	movw	r2, r20
     cb2:	78 8b       	std	Y+16, r23	; 0x10
     cb4:	6f 87       	std	Y+15, r22	; 0x0f
     cb6:	9e 8b       	std	Y+22, r25	; 0x16
     cb8:	8d 8b       	std	Y+21, r24	; 0x15
     cba:	10 e0       	ldi	r17, 0x00	; 0
     cbc:	00 e0       	ldi	r16, 0x00	; 0
     cbe:	1e 86       	std	Y+14, r1	; 0x0e
     cc0:	41 2c       	mov	r4, r1
     cc2:	51 2c       	mov	r5, r1
     cc4:	32 01       	movw	r6, r4
     cc6:	1a 86       	std	Y+10, r1	; 0x0a
     cc8:	1b 86       	std	Y+11, r1	; 0x0b
     cca:	1c 86       	std	Y+12, r1	; 0x0c
     ccc:	1d 86       	std	Y+13, r1	; 0x0d
     cce:	81 2c       	mov	r8, r1
     cd0:	91 2c       	mov	r9, r1
     cd2:	54 01       	movw	r10, r8
     cd4:	c1 2c       	mov	r12, r1
     cd6:	d1 2c       	mov	r13, r1
     cd8:	76 01       	movw	r14, r12
     cda:	45 c0       	rjmp	.+138    	; 0xd66 <measurement_service_acquire_average+0xf8>

    for (uint8_t index = 0; index < AVERAGE_SAMPLES; index++) {
        tmag5273_raw_sample_t sample;

        if (tmag5273_read_raw(&sample)) {
     cdc:	ce 01       	movw	r24, r28
     cde:	01 96       	adiw	r24, 0x01	; 1
     ce0:	0e 94 de 08 	call	0x11bc	; 0x11bc <tmag5273_read_raw>
     ce4:	88 23       	and	r24, r24
     ce6:	99 f1       	breq	.+102    	; 0xd4e <measurement_service_acquire_average+0xe0>
            sum_temperature += sample.temperature_raw;
     ce8:	89 81       	ldd	r24, Y+1	; 0x01
     cea:	9a 81       	ldd	r25, Y+2	; 0x02
     cec:	09 2e       	mov	r0, r25
     cee:	00 0c       	add	r0, r0
     cf0:	aa 0b       	sbc	r26, r26
     cf2:	bb 0b       	sbc	r27, r27
     cf4:	c8 0e       	add	r12, r24
     cf6:	d9 1e       	adc	r13, r25
     cf8:	ea 1e       	adc	r14, r26
     cfa:	fb 1e       	adc	r15, r27
            sum_bx += sample.bx_raw;
     cfc:	8b 81       	ldd	r24, Y+3	; 0x03
     cfe:	9c 81       	ldd	r25, Y+4	; 0x04
     d00:	09 2e       	mov	r0, r25
     d02:	00 0c       	add	r0, r0
     d04:	aa 0b       	sbc	r26, r26
     d06:	bb 0b       	sbc	r27, r27
     d08:	88 0e       	add	r8, r24
     d0a:	99 1e       	adc	r9, r25
     d0c:	aa 1e       	adc	r10, r26
     d0e:	bb 1e       	adc	r11, r27
            sum_by += sample.by_raw;
     d10:	8d 81       	ldd	r24, Y+5	; 0x05
     d12:	9e 81       	ldd	r25, Y+6	; 0x06
     d14:	09 2e       	mov	r0, r25
     d16:	00 0c       	add	r0, r0
     d18:	aa 0b       	sbc	r26, r26
     d1a:	bb 0b       	sbc	r27, r27
     d1c:	2a 85       	ldd	r18, Y+10	; 0x0a
     d1e:	3b 85       	ldd	r19, Y+11	; 0x0b
     d20:	4c 85       	ldd	r20, Y+12	; 0x0c
     d22:	5d 85       	ldd	r21, Y+13	; 0x0d
     d24:	28 0f       	add	r18, r24
     d26:	39 1f       	adc	r19, r25
     d28:	4a 1f       	adc	r20, r26
     d2a:	5b 1f       	adc	r21, r27
     d2c:	2a 87       	std	Y+10, r18	; 0x0a
     d2e:	3b 87       	std	Y+11, r19	; 0x0b
     d30:	4c 87       	std	Y+12, r20	; 0x0c
     d32:	5d 87       	std	Y+13, r21	; 0x0d
            sum_bz += sample.bz_raw;
     d34:	8f 81       	ldd	r24, Y+7	; 0x07
     d36:	98 85       	ldd	r25, Y+8	; 0x08
     d38:	09 2e       	mov	r0, r25
     d3a:	00 0c       	add	r0, r0
     d3c:	aa 0b       	sbc	r26, r26
     d3e:	bb 0b       	sbc	r27, r27
     d40:	48 0e       	add	r4, r24
     d42:	59 1e       	adc	r5, r25
     d44:	6a 1e       	adc	r6, r26
     d46:	7b 1e       	adc	r7, r27
            last_status = sample.status;
     d48:	39 85       	ldd	r19, Y+9	; 0x09
     d4a:	3e 87       	std	Y+14, r19	; 0x0e
            valid++;
     d4c:	0f 5f       	subi	r16, 0xFF	; 255
        }

        if (background_process != 0) background_process();
     d4e:	21 14       	cp	r2, r1
     d50:	31 04       	cpc	r3, r1
     d52:	11 f0       	breq	.+4      	; 0xd58 <measurement_service_acquire_average+0xea>
     d54:	f1 01       	movw	r30, r2
     d56:	09 95       	icall
	#else
		//round up by default
		__ticks_dc = (uint32_t)(ceil(fabs(__tmp)));
	#endif

	__builtin_avr_delay_cycles(__ticks_dc);
     d58:	87 ea       	ldi	r24, 0xA7	; 167
     d5a:	91 e6       	ldi	r25, 0x61	; 97
     d5c:	01 97       	sbiw	r24, 0x01	; 1
     d5e:	f1 f7       	brne	.-4      	; 0xd5c <measurement_service_acquire_average+0xee>
     d60:	00 c0       	rjmp	.+0      	; 0xd62 <measurement_service_acquire_average+0xf4>
     d62:	00 00       	nop
    uint8_t last_status = 0;
    uint8_t valid = 0;

    if (calibration == 0 || result == 0) return 0U;

    for (uint8_t index = 0; index < AVERAGE_SAMPLES; index++) {
     d64:	1f 5f       	subi	r17, 0xFF	; 255
     d66:	1a 30       	cpi	r17, 0x0A	; 10
     d68:	08 f4       	brcc	.+2      	; 0xd6c <measurement_service_acquire_average+0xfe>
     d6a:	b8 cf       	rjmp	.-144    	; 0xcdc <measurement_service_acquire_average+0x6e>

        if (background_process != 0) background_process();
        _delay_ms(SAMPLE_INTERVAL_MS);
    }

    result->valid_samples = valid;
     d6c:	af 85       	ldd	r26, Y+15	; 0x0f
     d6e:	b8 89       	ldd	r27, Y+16	; 0x10
     d70:	51 96       	adiw	r26, 0x11	; 17
     d72:	0c 93       	st	X, r16
    if (valid == 0U) return 0U;
     d74:	00 23       	and	r16, r16
     d76:	09 f4       	brne	.+2      	; 0xd7a <measurement_service_acquire_average+0x10c>
     d78:	51 c0       	rjmp	.+162    	; 0xe1c <measurement_service_acquire_average+0x1ae>

    tmag5273_convert_averaged_raw(sum_temperature / valid,
     d7a:	20 2f       	mov	r18, r16
     d7c:	30 e0       	ldi	r19, 0x00	; 0
     d7e:	40 e0       	ldi	r20, 0x00	; 0
     d80:	50 e0       	ldi	r21, 0x00	; 0
     d82:	29 8b       	std	Y+17, r18	; 0x11
     d84:	3a 8b       	std	Y+18, r19	; 0x12
     d86:	4b 8b       	std	Y+19, r20	; 0x13
     d88:	5c 8b       	std	Y+20, r21	; 0x14
     d8a:	c3 01       	movw	r24, r6
     d8c:	b2 01       	movw	r22, r4
     d8e:	0e 94 01 0e 	call	0x1c02	; 0x1c02 <__divmodsi4>
     d92:	2f 8b       	std	Y+23, r18	; 0x17
     d94:	38 8f       	std	Y+24, r19	; 0x18
     d96:	49 8f       	std	Y+25, r20	; 0x19
     d98:	5a 8f       	std	Y+26, r21	; 0x1a
     d9a:	6a 85       	ldd	r22, Y+10	; 0x0a
     d9c:	7b 85       	ldd	r23, Y+11	; 0x0b
     d9e:	8c 85       	ldd	r24, Y+12	; 0x0c
     da0:	9d 85       	ldd	r25, Y+13	; 0x0d
     da2:	29 89       	ldd	r18, Y+17	; 0x11
     da4:	3a 89       	ldd	r19, Y+18	; 0x12
     da6:	4b 89       	ldd	r20, Y+19	; 0x13
     da8:	5c 89       	ldd	r21, Y+20	; 0x14
     daa:	0e 94 01 0e 	call	0x1c02	; 0x1c02 <__divmodsi4>
     dae:	2a 87       	std	Y+10, r18	; 0x0a
     db0:	3b 87       	std	Y+11, r19	; 0x0b
     db2:	4c 87       	std	Y+12, r20	; 0x0c
     db4:	5d 87       	std	Y+13, r21	; 0x0d
     db6:	c5 01       	movw	r24, r10
     db8:	b4 01       	movw	r22, r8
     dba:	29 89       	ldd	r18, Y+17	; 0x11
     dbc:	3a 89       	ldd	r19, Y+18	; 0x12
     dbe:	4b 89       	ldd	r20, Y+19	; 0x13
     dc0:	5c 89       	ldd	r21, Y+20	; 0x14
     dc2:	0e 94 01 0e 	call	0x1c02	; 0x1c02 <__divmodsi4>
     dc6:	29 01       	movw	r4, r18
     dc8:	3a 01       	movw	r6, r20
     dca:	c7 01       	movw	r24, r14
     dcc:	b6 01       	movw	r22, r12
     dce:	29 89       	ldd	r18, Y+17	; 0x11
     dd0:	3a 89       	ldd	r19, Y+18	; 0x12
     dd2:	4b 89       	ldd	r20, Y+19	; 0x13
     dd4:	5c 89       	ldd	r21, Y+20	; 0x14
     dd6:	0e 94 01 0e 	call	0x1c02	; 0x1c02 <__divmodsi4>
     dda:	ca 01       	movw	r24, r20
     ddc:	b9 01       	movw	r22, r18
     dde:	38 89       	ldd	r19, Y+16	; 0x10
     de0:	3f 93       	push	r19
     de2:	4f 85       	ldd	r20, Y+15	; 0x0f
     de4:	4f 93       	push	r20
     de6:	8e 84       	ldd	r8, Y+14	; 0x0e
     de8:	af 88       	ldd	r10, Y+23	; 0x17
     dea:	b8 8c       	ldd	r11, Y+24	; 0x18
     dec:	c9 8c       	ldd	r12, Y+25	; 0x19
     dee:	da 8c       	ldd	r13, Y+26	; 0x1a
     df0:	ea 84       	ldd	r14, Y+10	; 0x0a
     df2:	fb 84       	ldd	r15, Y+11	; 0x0b
     df4:	0c 85       	ldd	r16, Y+12	; 0x0c
     df6:	1d 85       	ldd	r17, Y+13	; 0x0d
     df8:	a3 01       	movw	r20, r6
     dfa:	92 01       	movw	r18, r4
     dfc:	0e 94 2c 09 	call	0x1258	; 0x1258 <tmag5273_convert_averaged_raw>
                                  sum_by / valid,
                                  sum_bz / valid,
                                  last_status,
                                  &result->value);

    calibration_apply(calibration, &result->value);
     e00:	6f 85       	ldd	r22, Y+15	; 0x0f
     e02:	78 89       	ldd	r23, Y+16	; 0x10
     e04:	8d 89       	ldd	r24, Y+21	; 0x15
     e06:	9e 89       	ldd	r25, Y+22	; 0x16
     e08:	0e 94 d6 01 	call	0x3ac	; 0x3ac <calibration_apply>
    return 1U;
     e0c:	0f 90       	pop	r0
     e0e:	0f 90       	pop	r0
     e10:	81 e0       	ldi	r24, 0x01	; 1
     e12:	05 c0       	rjmp	.+10     	; 0xe1e <measurement_service_acquire_average+0x1b0>
    int32_t sum_by = 0;
    int32_t sum_bz = 0;
    uint8_t last_status = 0;
    uint8_t valid = 0;

    if (calibration == 0 || result == 0) return 0U;
     e14:	80 e0       	ldi	r24, 0x00	; 0
     e16:	03 c0       	rjmp	.+6      	; 0xe1e <measurement_service_acquire_average+0x1b0>
     e18:	80 e0       	ldi	r24, 0x00	; 0
     e1a:	01 c0       	rjmp	.+2      	; 0xe1e <measurement_service_acquire_average+0x1b0>
        if (background_process != 0) background_process();
        _delay_ms(SAMPLE_INTERVAL_MS);
    }

    result->valid_samples = valid;
    if (valid == 0U) return 0U;
     e1c:	80 e0       	ldi	r24, 0x00	; 0
                                  last_status,
                                  &result->value);

    calibration_apply(calibration, &result->value);
    return 1U;
}
     e1e:	6a 96       	adiw	r28, 0x1a	; 26
     e20:	0f b6       	in	r0, 0x3f	; 63
     e22:	f8 94       	cli
     e24:	de bf       	out	0x3e, r29	; 62
     e26:	0f be       	out	0x3f, r0	; 63
     e28:	cd bf       	out	0x3d, r28	; 61
     e2a:	df 91       	pop	r29
     e2c:	cf 91       	pop	r28
     e2e:	1f 91       	pop	r17
     e30:	0f 91       	pop	r16
     e32:	ff 90       	pop	r15
     e34:	ef 90       	pop	r14
     e36:	df 90       	pop	r13
     e38:	cf 90       	pop	r12
     e3a:	bf 90       	pop	r11
     e3c:	af 90       	pop	r10
     e3e:	9f 90       	pop	r9
     e40:	8f 90       	pop	r8
     e42:	7f 90       	pop	r7
     e44:	6f 90       	pop	r6
     e46:	5f 90       	pop	r5
     e48:	4f 90       	pop	r4
     e4a:	3f 90       	pop	r3
     e4c:	2f 90       	pop	r2
     e4e:	08 95       	ret

00000e50 <process_commands>:
static uint32_t sequence;
static uint8_t node_id;

static void process_commands(void)
{
    commands_process_pending(&calibration, &calibration_status, node_id);
     e50:	40 91 e2 04 	lds	r20, 0x04E2	; 0x8004e2 <node_id>
     e54:	67 ee       	ldi	r22, 0xE7	; 231
     e56:	74 e0       	ldi	r23, 0x04	; 4
     e58:	88 ee       	ldi	r24, 0xE8	; 232
     e5a:	94 e0       	ldi	r25, 0x04	; 4
     e5c:	0e 94 d2 05 	call	0xba4	; 0xba4 <commands_process_pending>
    status_leds_set_calibration_state(calibration_status);
     e60:	80 91 e7 04 	lds	r24, 0x04E7	; 0x8004e7 <calibration_status>
     e64:	0e 94 67 08 	call	0x10ce	; 0x10ce <status_leds_set_calibration_state>
    status_leds_process();
     e68:	0e 94 79 08 	call	0x10f2	; 0x10f2 <status_leds_process>
     e6c:	08 95       	ret

00000e6e <fatal_error>:
}

static void fatal_error(const char *message)
{
    transport_service_publish_error(message);
     e6e:	0e 94 28 0a 	call	0x1450	; 0x1450 <transport_service_publish_error>
    status_leds_set_sensor_state(STATUS_SENSOR_ERROR);
     e72:	82 e0       	ldi	r24, 0x02	; 2
     e74:	0e 94 4f 08 	call	0x109e	; 0x109e <status_leds_set_sensor_state>

    while (1) {
        process_commands();
     e78:	0e 94 28 07 	call	0xe50	; 0xe50 <process_commands>
     e7c:	8f e4       	ldi	r24, 0x4F	; 79
     e7e:	93 ec       	ldi	r25, 0xC3	; 195
     e80:	01 97       	sbiw	r24, 0x01	; 1
     e82:	f1 f7       	brne	.-4      	; 0xe80 <fatal_error+0x12>
     e84:	00 c0       	rjmp	.+0      	; 0xe86 <fatal_error+0x18>
     e86:	00 00       	nop
     e88:	f7 cf       	rjmp	.-18     	; 0xe78 <fatal_error+0xa>

00000e8a <node_app_init>:
        _delay_ms(200);
    }
}

void node_app_init(void)
{
     e8a:	cf 93       	push	r28
     e8c:	df 93       	push	r29
     e8e:	1f 92       	push	r1
     e90:	cd b7       	in	r28, 0x3d	; 61
     e92:	de b7       	in	r29, 0x3e	; 62
    uint8_t device_id = 0;
     e94:	19 82       	std	Y+1, r1	; 0x01

    transport_service_init();
     e96:	0e 94 25 0a 	call	0x144a	; 0x144a <transport_service_init>
    twi1_init();
     e9a:	0e 94 3e 0b 	call	0x167c	; 0x167c <twi1_init>
    board_id_init();
     e9e:	0e 94 79 00 	call	0xf2	; 0xf2 <board_id_init>
    status_leds_init();
     ea2:	0e 94 f5 07 	call	0xfea	; 0xfea <status_leds_init>
    status_leds_run_post();
     ea6:	0e 94 03 08 	call	0x1006	; 0x1006 <status_leds_run_post>
    sei();
     eaa:	78 94       	sei

    node_id = board_id_read();
     eac:	0e 94 86 00 	call	0x10c	; 0x10c <board_id_read>
     eb0:	80 93 e2 04 	sts	0x04E2, r24	; 0x8004e2 <node_id>
    sequence = 0UL;
     eb4:	10 92 e3 04 	sts	0x04E3, r1	; 0x8004e3 <sequence>
     eb8:	10 92 e4 04 	sts	0x04E4, r1	; 0x8004e4 <sequence+0x1>
     ebc:	10 92 e5 04 	sts	0x04E5, r1	; 0x8004e5 <sequence+0x2>
     ec0:	10 92 e6 04 	sts	0x04E6, r1	; 0x8004e6 <sequence+0x3>
    calibration_status = calibration_load(&calibration);
     ec4:	88 ee       	ldi	r24, 0xE8	; 232
     ec6:	94 e0       	ldi	r25, 0x04	; 4
     ec8:	0e 94 33 01 	call	0x266	; 0x266 <calibration_load>
     ecc:	80 93 e7 04 	sts	0x04E7, r24	; 0x8004e7 <calibration_status>
    status_leds_set_calibration_state(calibration_status);
     ed0:	0e 94 67 08 	call	0x10ce	; 0x10ce <status_leds_set_calibration_state>

    if (!tmag5273_read_device_id(&device_id)) {
     ed4:	ce 01       	movw	r24, r28
     ed6:	01 96       	adiw	r24, 0x01	; 1
     ed8:	0e 94 b4 08 	call	0x1168	; 0x1168 <tmag5273_read_device_id>
     edc:	81 11       	cpse	r24, r1
     ede:	04 c0       	rjmp	.+8      	; 0xee8 <node_app_init+0x5e>
        fatal_error("TMAG_DEVICE_ID_READ");
     ee0:	8c e3       	ldi	r24, 0x3C	; 60
     ee2:	93 e0       	ldi	r25, 0x03	; 3
     ee4:	0e 94 37 07 	call	0xe6e	; 0xe6e <fatal_error>
    }

    if (!tmag5273_init()) {
     ee8:	0e 94 ba 08 	call	0x1174	; 0x1174 <tmag5273_init>
     eec:	81 11       	cpse	r24, r1
     eee:	04 c0       	rjmp	.+8      	; 0xef8 <node_app_init+0x6e>
        fatal_error("TMAG_INIT");
     ef0:	80 e5       	ldi	r24, 0x50	; 80
     ef2:	93 e0       	ldi	r25, 0x03	; 3
     ef4:	0e 94 37 07 	call	0xe6e	; 0xe6e <fatal_error>
    }

    status_leds_set_sensor_state(STATUS_SENSOR_OK);
     ef8:	81 e0       	ldi	r24, 0x01	; 1
     efa:	0e 94 4f 08 	call	0x109e	; 0x109e <status_leds_set_sensor_state>

    transport_service_print_startup(&calibration,
     efe:	29 81       	ldd	r18, Y+1	; 0x01
     f00:	40 91 e2 04 	lds	r20, 0x04E2	; 0x8004e2 <node_id>
     f04:	60 91 e7 04 	lds	r22, 0x04E7	; 0x8004e7 <calibration_status>
     f08:	88 ee       	ldi	r24, 0xE8	; 232
     f0a:	94 e0       	ldi	r25, 0x04	; 4
     f0c:	0e 94 39 0a 	call	0x1472	; 0x1472 <transport_service_print_startup>
                                    calibration_status,
                                    node_id,
                                    device_id);
}
     f10:	0f 90       	pop	r0
     f12:	df 91       	pop	r29
     f14:	cf 91       	pop	r28
     f16:	08 95       	ret

00000f18 <node_app_process>:

void node_app_process(void)
{
     f18:	0f 93       	push	r16
     f1a:	1f 93       	push	r17
     f1c:	cf 93       	push	r28
     f1e:	df 93       	push	r29
     f20:	cd b7       	in	r28, 0x3d	; 61
     f22:	de b7       	in	r29, 0x3e	; 62
     f24:	62 97       	sbiw	r28, 0x12	; 18
     f26:	0f b6       	in	r0, 0x3f	; 63
     f28:	f8 94       	cli
     f2a:	de bf       	out	0x3e, r29	; 62
     f2c:	0f be       	out	0x3f, r0	; 63
     f2e:	cd bf       	out	0x3d, r28	; 61
    measurement_result_t result;

    process_commands();
     f30:	0e 94 28 07 	call	0xe50	; 0xe50 <process_commands>

    if (!measurement_service_acquire_average(&calibration,
     f34:	48 e2       	ldi	r20, 0x28	; 40
     f36:	57 e0       	ldi	r21, 0x07	; 7
     f38:	be 01       	movw	r22, r28
     f3a:	6f 5f       	subi	r22, 0xFF	; 255
     f3c:	7f 4f       	sbci	r23, 0xFF	; 255
     f3e:	88 ee       	ldi	r24, 0xE8	; 232
     f40:	94 e0       	ldi	r25, 0x04	; 4
     f42:	0e 94 37 06 	call	0xc6e	; 0xc6e <measurement_service_acquire_average>
     f46:	81 11       	cpse	r24, r1
     f48:	16 c0       	rjmp	.+44     	; 0xf76 <node_app_process+0x5e>
                                             &result,
                                             process_commands)) {
        uart0_print("ERROR,TMAG_NO_VALID_SAMPLES,SEQ=");
     f4a:	8a e5       	ldi	r24, 0x5A	; 90
     f4c:	93 e0       	ldi	r25, 0x03	; 3
     f4e:	0e 94 5a 0c 	call	0x18b4	; 0x18b4 <uart0_print>
        uart0_print_uint32(sequence);
     f52:	60 91 e3 04 	lds	r22, 0x04E3	; 0x8004e3 <sequence>
     f56:	70 91 e4 04 	lds	r23, 0x04E4	; 0x8004e4 <sequence+0x1>
     f5a:	80 91 e5 04 	lds	r24, 0x04E5	; 0x8004e5 <sequence+0x2>
     f5e:	90 91 e6 04 	lds	r25, 0x04E6	; 0x8004e6 <sequence+0x3>
     f62:	0e 94 d3 0c 	call	0x19a6	; 0x19a6 <uart0_print_uint32>
        uart0_print("\r\n");
     f66:	85 e1       	ldi	r24, 0x15	; 21
     f68:	94 e0       	ldi	r25, 0x04	; 4
     f6a:	0e 94 5a 0c 	call	0x18b4	; 0x18b4 <uart0_print>
        status_leds_set_sensor_state(STATUS_SENSOR_ERROR);
     f6e:	82 e0       	ldi	r24, 0x02	; 2
     f70:	0e 94 4f 08 	call	0x109e	; 0x109e <status_leds_set_sensor_state>
     f74:	2b c0       	rjmp	.+86     	; 0xfcc <node_app_process+0xb4>
        return;
    }

    status_leds_set_sensor_state(STATUS_SENSOR_OK);
     f76:	81 e0       	ldi	r24, 0x01	; 1
     f78:	0e 94 4f 08 	call	0x109e	; 0x109e <status_leds_set_sensor_state>

    transport_service_publish_measurement(node_id,
     f7c:	40 91 e3 04 	lds	r20, 0x04E3	; 0x8004e3 <sequence>
     f80:	50 91 e4 04 	lds	r21, 0x04E4	; 0x8004e4 <sequence+0x1>
     f84:	60 91 e5 04 	lds	r22, 0x04E5	; 0x8004e5 <sequence+0x2>
     f88:	70 91 e6 04 	lds	r23, 0x04E6	; 0x8004e6 <sequence+0x3>
     f8c:	8e 01       	movw	r16, r28
     f8e:	0f 5f       	subi	r16, 0xFF	; 255
     f90:	1f 4f       	sbci	r17, 0xFF	; 255
     f92:	20 91 e7 04 	lds	r18, 0x04E7	; 0x8004e7 <calibration_status>
     f96:	80 91 e2 04 	lds	r24, 0x04E2	; 0x8004e2 <node_id>
     f9a:	0e 94 8f 0a 	call	0x151e	; 0x151e <transport_service_publish_measurement>
                                          sequence,
                                          calibration_status,
                                          &result);
    sequence++;
     f9e:	80 91 e3 04 	lds	r24, 0x04E3	; 0x8004e3 <sequence>
     fa2:	90 91 e4 04 	lds	r25, 0x04E4	; 0x8004e4 <sequence+0x1>
     fa6:	a0 91 e5 04 	lds	r26, 0x04E5	; 0x8004e5 <sequence+0x2>
     faa:	b0 91 e6 04 	lds	r27, 0x04E6	; 0x8004e6 <sequence+0x3>
     fae:	01 96       	adiw	r24, 0x01	; 1
     fb0:	a1 1d       	adc	r26, r1
     fb2:	b1 1d       	adc	r27, r1
     fb4:	80 93 e3 04 	sts	0x04E3, r24	; 0x8004e3 <sequence>
     fb8:	90 93 e4 04 	sts	0x04E4, r25	; 0x8004e4 <sequence+0x1>
     fbc:	a0 93 e5 04 	sts	0x04E5, r26	; 0x8004e5 <sequence+0x2>
     fc0:	b0 93 e6 04 	sts	0x04E6, r27	; 0x8004e6 <sequence+0x3>

    /* PD5 remains the established heartbeat: one toggle per published packet. */
    PORTD ^= (1 << PD5);
     fc4:	9b b1       	in	r25, 0x0b	; 11
     fc6:	80 e2       	ldi	r24, 0x20	; 32
     fc8:	89 27       	eor	r24, r25
     fca:	8b b9       	out	0x0b, r24	; 11
}
     fcc:	62 96       	adiw	r28, 0x12	; 18
     fce:	0f b6       	in	r0, 0x3f	; 63
     fd0:	f8 94       	cli
     fd2:	de bf       	out	0x3e, r29	; 62
     fd4:	0f be       	out	0x3f, r0	; 63
     fd6:	cd bf       	out	0x3d, r28	; 61
     fd8:	df 91       	pop	r29
     fda:	cf 91       	pop	r28
     fdc:	1f 91       	pop	r17
     fde:	0f 91       	pop	r16
     fe0:	08 95       	ret

00000fe2 <leds_all_off>:
static uint8_t sensor_ticks = 0U;
static uint8_t calibration_ticks = 0U;

static void leds_all_off(void)
{
    PORTD &= ~ALL_STATUS_LEDS;
     fe2:	8b b1       	in	r24, 0x0b	; 11
     fe4:	8f 71       	andi	r24, 0x1F	; 31
     fe6:	8b b9       	out	0x0b, r24	; 11
     fe8:	08 95       	ret

00000fea <status_leds_init>:
}

void status_leds_init(void)
{
    DDRD |= ALL_STATUS_LEDS;
     fea:	8a b1       	in	r24, 0x0a	; 10
     fec:	80 6e       	ori	r24, 0xE0	; 224
     fee:	8a b9       	out	0x0a, r24	; 10
    leds_all_off();
     ff0:	0e 94 f1 07 	call	0xfe2	; 0xfe2 <leds_all_off>

    sensor_state = STATUS_SENSOR_STARTING;
     ff4:	10 92 23 05 	sts	0x0523, r1	; 0x800523 <sensor_state>
    calibration_state = CALIBRATION_STATUS_DEFAULT;
     ff8:	10 92 22 05 	sts	0x0522, r1	; 0x800522 <calibration_state>
    sensor_ticks = 0U;
     ffc:	10 92 21 05 	sts	0x0521, r1	; 0x800521 <sensor_ticks>
    calibration_ticks = 0U;
    1000:	10 92 20 05 	sts	0x0520, r1	; 0x800520 <calibration_ticks>
    1004:	08 95       	ret

00001006 <status_leds_run_post>:
}

void status_leds_run_post(void)
{
    /* PD5 -> PD6 -> PD7 -> all LEDs. */
    leds_all_off();
    1006:	0e 94 f1 07 	call	0xfe2	; 0xfe2 <leds_all_off>

    PORTD |= (1 << HEARTBEAT_LED);
    100a:	8b b1       	in	r24, 0x0b	; 11
    100c:	80 62       	ori	r24, 0x20	; 32
    100e:	8b b9       	out	0x0b, r24	; 11
    1010:	8f e5       	ldi	r24, 0x5F	; 95
    1012:	9a ee       	ldi	r25, 0xEA	; 234
    1014:	01 97       	sbiw	r24, 0x01	; 1
    1016:	f1 f7       	brne	.-4      	; 0x1014 <status_leds_run_post+0xe>
    1018:	00 c0       	rjmp	.+0      	; 0x101a <status_leds_run_post+0x14>
    101a:	00 00       	nop
    _delay_ms(POST_SINGLE_LED_MS);
    leds_all_off();
    101c:	0e 94 f1 07 	call	0xfe2	; 0xfe2 <leds_all_off>
    1020:	8f e2       	ldi	r24, 0x2F	; 47
    1022:	95 e7       	ldi	r25, 0x75	; 117
    1024:	01 97       	sbiw	r24, 0x01	; 1
    1026:	f1 f7       	brne	.-4      	; 0x1024 <status_leds_run_post+0x1e>
    1028:	00 c0       	rjmp	.+0      	; 0x102a <status_leds_run_post+0x24>
    102a:	00 00       	nop
    _delay_ms(POST_GAP_MS);

    PORTD |= (1 << SENSOR_LED);
    102c:	8b b1       	in	r24, 0x0b	; 11
    102e:	80 64       	ori	r24, 0x40	; 64
    1030:	8b b9       	out	0x0b, r24	; 11
    1032:	8f e5       	ldi	r24, 0x5F	; 95
    1034:	9a ee       	ldi	r25, 0xEA	; 234
    1036:	01 97       	sbiw	r24, 0x01	; 1
    1038:	f1 f7       	brne	.-4      	; 0x1036 <status_leds_run_post+0x30>
    103a:	00 c0       	rjmp	.+0      	; 0x103c <status_leds_run_post+0x36>
    103c:	00 00       	nop
    _delay_ms(POST_SINGLE_LED_MS);
    leds_all_off();
    103e:	0e 94 f1 07 	call	0xfe2	; 0xfe2 <leds_all_off>
    1042:	8f e2       	ldi	r24, 0x2F	; 47
    1044:	95 e7       	ldi	r25, 0x75	; 117
    1046:	01 97       	sbiw	r24, 0x01	; 1
    1048:	f1 f7       	brne	.-4      	; 0x1046 <status_leds_run_post+0x40>
    104a:	00 c0       	rjmp	.+0      	; 0x104c <status_leds_run_post+0x46>
    104c:	00 00       	nop
    _delay_ms(POST_GAP_MS);

    PORTD |= (1 << SYSTEM_LED);
    104e:	8b b1       	in	r24, 0x0b	; 11
    1050:	80 68       	ori	r24, 0x80	; 128
    1052:	8b b9       	out	0x0b, r24	; 11
    1054:	8f e5       	ldi	r24, 0x5F	; 95
    1056:	9a ee       	ldi	r25, 0xEA	; 234
    1058:	01 97       	sbiw	r24, 0x01	; 1
    105a:	f1 f7       	brne	.-4      	; 0x1058 <status_leds_run_post+0x52>
    105c:	00 c0       	rjmp	.+0      	; 0x105e <status_leds_run_post+0x58>
    105e:	00 00       	nop
    _delay_ms(POST_SINGLE_LED_MS);
    leds_all_off();
    1060:	0e 94 f1 07 	call	0xfe2	; 0xfe2 <leds_all_off>
    1064:	8f e2       	ldi	r24, 0x2F	; 47
    1066:	95 e7       	ldi	r25, 0x75	; 117
    1068:	01 97       	sbiw	r24, 0x01	; 1
    106a:	f1 f7       	brne	.-4      	; 0x1068 <status_leds_run_post+0x62>
    106c:	00 c0       	rjmp	.+0      	; 0x106e <status_leds_run_post+0x68>
    106e:	00 00       	nop
    _delay_ms(POST_GAP_MS);

    PORTD |= ALL_STATUS_LEDS;
    1070:	8b b1       	in	r24, 0x0b	; 11
    1072:	80 6e       	ori	r24, 0xE0	; 224
    1074:	8b b9       	out	0x0b, r24	; 11
    1076:	9f e9       	ldi	r25, 0x9F	; 159
    1078:	26 e8       	ldi	r18, 0x86	; 134
    107a:	81 e0       	ldi	r24, 0x01	; 1
    107c:	91 50       	subi	r25, 0x01	; 1
    107e:	20 40       	sbci	r18, 0x00	; 0
    1080:	80 40       	sbci	r24, 0x00	; 0
    1082:	e1 f7       	brne	.-8      	; 0x107c <status_leds_run_post+0x76>
    1084:	00 c0       	rjmp	.+0      	; 0x1086 <status_leds_run_post+0x80>
    1086:	00 00       	nop
    _delay_ms(POST_ALL_LEDS_MS);
    leds_all_off();
    1088:	0e 94 f1 07 	call	0xfe2	; 0xfe2 <leds_all_off>

    /* Restore the startup state used by the runtime state machine. */
    sensor_state = STATUS_SENSOR_STARTING;
    108c:	10 92 23 05 	sts	0x0523, r1	; 0x800523 <sensor_state>
    calibration_state = CALIBRATION_STATUS_DEFAULT;
    1090:	10 92 22 05 	sts	0x0522, r1	; 0x800522 <calibration_state>
    sensor_ticks = 0U;
    1094:	10 92 21 05 	sts	0x0521, r1	; 0x800521 <sensor_ticks>
    calibration_ticks = 0U;
    1098:	10 92 20 05 	sts	0x0520, r1	; 0x800520 <calibration_ticks>
    109c:	08 95       	ret

0000109e <status_leds_set_sensor_state>:
}

void status_leds_set_sensor_state(status_sensor_state_t state)
{
    if (sensor_state != state) {
    109e:	90 91 23 05 	lds	r25, 0x0523	; 0x800523 <sensor_state>
    10a2:	98 17       	cp	r25, r24
    10a4:	99 f0       	breq	.+38     	; 0x10cc <status_leds_set_sensor_state+0x2e>
        sensor_state = state;
    10a6:	80 93 23 05 	sts	0x0523, r24	; 0x800523 <sensor_state>
        sensor_ticks = 0U;
    10aa:	10 92 21 05 	sts	0x0521, r1	; 0x800521 <sensor_ticks>

        if (state == STATUS_SENSOR_STARTING) {
    10ae:	81 11       	cpse	r24, r1
    10b0:	04 c0       	rjmp	.+8      	; 0x10ba <status_leds_set_sensor_state+0x1c>
            PORTD &= ~(1 << SENSOR_LED);
    10b2:	8b b1       	in	r24, 0x0b	; 11
    10b4:	8f 7b       	andi	r24, 0xBF	; 191
    10b6:	8b b9       	out	0x0b, r24	; 11
    10b8:	08 95       	ret
        } else if (state == STATUS_SENSOR_OK) {
    10ba:	81 30       	cpi	r24, 0x01	; 1
    10bc:	21 f4       	brne	.+8      	; 0x10c6 <status_leds_set_sensor_state+0x28>
            PORTD |= (1 << SENSOR_LED);
    10be:	8b b1       	in	r24, 0x0b	; 11
    10c0:	80 64       	ori	r24, 0x40	; 64
    10c2:	8b b9       	out	0x0b, r24	; 11
    10c4:	08 95       	ret
        } else {
            PORTD &= ~(1 << SENSOR_LED);
    10c6:	8b b1       	in	r24, 0x0b	; 11
    10c8:	8f 7b       	andi	r24, 0xBF	; 191
    10ca:	8b b9       	out	0x0b, r24	; 11
    10cc:	08 95       	ret

000010ce <status_leds_set_calibration_state>:
    }
}

void status_leds_set_calibration_state(calibration_status_t state)
{
    if (calibration_state != state) {
    10ce:	90 91 22 05 	lds	r25, 0x0522	; 0x800522 <calibration_state>
    10d2:	98 17       	cp	r25, r24
    10d4:	69 f0       	breq	.+26     	; 0x10f0 <status_leds_set_calibration_state+0x22>
        calibration_state = state;
    10d6:	80 93 22 05 	sts	0x0522, r24	; 0x800522 <calibration_state>
        calibration_ticks = 0U;
    10da:	10 92 20 05 	sts	0x0520, r1	; 0x800520 <calibration_ticks>

        if (state == CALIBRATION_STATUS_VALID) {
    10de:	81 30       	cpi	r24, 0x01	; 1
    10e0:	21 f4       	brne	.+8      	; 0x10ea <status_leds_set_calibration_state+0x1c>
            PORTD |= (1 << SYSTEM_LED);
    10e2:	8b b1       	in	r24, 0x0b	; 11
    10e4:	80 68       	ori	r24, 0x80	; 128
    10e6:	8b b9       	out	0x0b, r24	; 11
    10e8:	08 95       	ret
        } else {
            PORTD &= ~(1 << SYSTEM_LED);
    10ea:	8b b1       	in	r24, 0x0b	; 11
    10ec:	8f 77       	andi	r24, 0x7F	; 127
    10ee:	8b b9       	out	0x0b, r24	; 11
    10f0:	08 95       	ret

000010f2 <status_leds_process>:
    }
}

void status_leds_process(void)
{
    if (sensor_state == STATUS_SENSOR_OK) {
    10f2:	80 91 23 05 	lds	r24, 0x0523	; 0x800523 <sensor_state>
    10f6:	81 30       	cpi	r24, 0x01	; 1
    10f8:	21 f4       	brne	.+8      	; 0x1102 <status_leds_process+0x10>
        PORTD |= (1 << SENSOR_LED);
    10fa:	8b b1       	in	r24, 0x0b	; 11
    10fc:	80 64       	ori	r24, 0x40	; 64
    10fe:	8b b9       	out	0x0b, r24	; 11
    1100:	13 c0       	rjmp	.+38     	; 0x1128 <status_leds_process+0x36>
    } else if (sensor_state == STATUS_SENSOR_STARTING) {
    1102:	81 11       	cpse	r24, r1
    1104:	04 c0       	rjmp	.+8      	; 0x110e <status_leds_process+0x1c>
        PORTD &= ~(1 << SENSOR_LED);
    1106:	8b b1       	in	r24, 0x0b	; 11
    1108:	8f 7b       	andi	r24, 0xBF	; 191
    110a:	8b b9       	out	0x0b, r24	; 11
    110c:	0d c0       	rjmp	.+26     	; 0x1128 <status_leds_process+0x36>
    } else {
        sensor_ticks++;
    110e:	80 91 21 05 	lds	r24, 0x0521	; 0x800521 <sensor_ticks>
    1112:	8f 5f       	subi	r24, 0xFF	; 255
    1114:	80 93 21 05 	sts	0x0521, r24	; 0x800521 <sensor_ticks>
        if (sensor_ticks >= SENSOR_ERROR_TOGGLE_TICKS) {
    1118:	82 30       	cpi	r24, 0x02	; 2
    111a:	30 f0       	brcs	.+12     	; 0x1128 <status_leds_process+0x36>
            sensor_ticks = 0U;
    111c:	10 92 21 05 	sts	0x0521, r1	; 0x800521 <sensor_ticks>
            PORTD ^= (1 << SENSOR_LED);
    1120:	9b b1       	in	r25, 0x0b	; 11
    1122:	80 e4       	ldi	r24, 0x40	; 64
    1124:	89 27       	eor	r24, r25
    1126:	8b b9       	out	0x0b, r24	; 11
        }
    }

    if (calibration_state == CALIBRATION_STATUS_DEFAULT) {
    1128:	80 91 22 05 	lds	r24, 0x0522	; 0x800522 <calibration_state>
    112c:	81 11       	cpse	r24, r1
    112e:	04 c0       	rjmp	.+8      	; 0x1138 <status_leds_process+0x46>
        PORTD &= ~(1 << SYSTEM_LED);
    1130:	8b b1       	in	r24, 0x0b	; 11
    1132:	8f 77       	andi	r24, 0x7F	; 127
    1134:	8b b9       	out	0x0b, r24	; 11
    1136:	08 95       	ret
    } else if (calibration_state == CALIBRATION_STATUS_VALID) {
    1138:	81 30       	cpi	r24, 0x01	; 1
    113a:	21 f4       	brne	.+8      	; 0x1144 <status_leds_process+0x52>
        PORTD |= (1 << SYSTEM_LED);
    113c:	8b b1       	in	r24, 0x0b	; 11
    113e:	80 68       	ori	r24, 0x80	; 128
    1140:	8b b9       	out	0x0b, r24	; 11
    1142:	08 95       	ret
    } else {
        calibration_ticks++;
    1144:	80 91 20 05 	lds	r24, 0x0520	; 0x800520 <calibration_ticks>
    1148:	8f 5f       	subi	r24, 0xFF	; 255
    114a:	80 93 20 05 	sts	0x0520, r24	; 0x800520 <calibration_ticks>
        if (calibration_ticks >= CAL_DIRTY_TOGGLE_TICKS) {
    114e:	85 30       	cpi	r24, 0x05	; 5
    1150:	28 f0       	brcs	.+10     	; 0x115c <status_leds_process+0x6a>
            calibration_ticks = 0U;
    1152:	10 92 20 05 	sts	0x0520, r1	; 0x800520 <calibration_ticks>
            PORTD ^= (1 << SYSTEM_LED);
    1156:	8b b1       	in	r24, 0x0b	; 11
    1158:	80 58       	subi	r24, 0x80	; 128
    115a:	8b b9       	out	0x0b, r24	; 11
    115c:	08 95       	ret

0000115e <make_i16>:
#define TADCT0        17508L
#define TADCRES_X10   601L

static int16_t make_i16(uint8_t msb, uint8_t lsb)
{
    return (int16_t)(((uint16_t)msb << 8) | (uint16_t)lsb);
    115e:	90 e0       	ldi	r25, 0x00	; 0
    1160:	98 2f       	mov	r25, r24
    1162:	88 27       	eor	r24, r24
}
    1164:	86 2b       	or	r24, r22
    1166:	08 95       	ret

00001168 <tmag5273_read_device_id>:

uint8_t tmag5273_read_device_id(uint8_t *device_id)
{
    return twi1_read_register(TMAG_I2C_ADDRESS, DEVICE_ID, device_id);
    1168:	ac 01       	movw	r20, r24
    116a:	6d e0       	ldi	r22, 0x0D	; 13
    116c:	85 e3       	ldi	r24, 0x35	; 53
    116e:	0e 94 7e 0b 	call	0x16fc	; 0x16fc <twi1_read_register>
}
    1172:	08 95       	ret

00001174 <tmag5273_init>:

uint8_t tmag5273_init(void)
{
    /* Preserve the exact known-good configuration from firmware v0.1.0. */
    if (!twi1_write_register(TMAG_I2C_ADDRESS, DEVICE_CONFIG_1, 0x00U)) return 0;
    1174:	40 e0       	ldi	r20, 0x00	; 0
    1176:	60 e0       	ldi	r22, 0x00	; 0
    1178:	85 e3       	ldi	r24, 0x35	; 53
    117a:	0e 94 4a 0b 	call	0x1694	; 0x1694 <twi1_write_register>
    117e:	88 23       	and	r24, r24
    1180:	e1 f0       	breq	.+56     	; 0x11ba <tmag5273_init+0x46>
    if (!twi1_write_register(TMAG_I2C_ADDRESS, DEVICE_CONFIG_2, 0x00U)) return 0;
    1182:	40 e0       	ldi	r20, 0x00	; 0
    1184:	61 e0       	ldi	r22, 0x01	; 1
    1186:	85 e3       	ldi	r24, 0x35	; 53
    1188:	0e 94 4a 0b 	call	0x1694	; 0x1694 <twi1_write_register>
    118c:	88 23       	and	r24, r24
    118e:	a9 f0       	breq	.+42     	; 0x11ba <tmag5273_init+0x46>
    if (!twi1_write_register(TMAG_I2C_ADDRESS, SENSOR_CONFIG_1, 0x74U)) return 0;
    1190:	44 e7       	ldi	r20, 0x74	; 116
    1192:	62 e0       	ldi	r22, 0x02	; 2
    1194:	85 e3       	ldi	r24, 0x35	; 53
    1196:	0e 94 4a 0b 	call	0x1694	; 0x1694 <twi1_write_register>
    119a:	88 23       	and	r24, r24
    119c:	71 f0       	breq	.+28     	; 0x11ba <tmag5273_init+0x46>
    if (!twi1_write_register(TMAG_I2C_ADDRESS, SENSOR_CONFIG_2, 0x03U)) return 0;
    119e:	43 e0       	ldi	r20, 0x03	; 3
    11a0:	63 e0       	ldi	r22, 0x03	; 3
    11a2:	85 e3       	ldi	r24, 0x35	; 53
    11a4:	0e 94 4a 0b 	call	0x1694	; 0x1694 <twi1_write_register>
    11a8:	88 23       	and	r24, r24
    11aa:	39 f0       	breq	.+14     	; 0x11ba <tmag5273_init+0x46>
    if (!twi1_write_register(TMAG_I2C_ADDRESS, T_CONFIG, 0x01U)) return 0;
    11ac:	41 e0       	ldi	r20, 0x01	; 1
    11ae:	67 e0       	ldi	r22, 0x07	; 7
    11b0:	85 e3       	ldi	r24, 0x35	; 53
    11b2:	0e 94 4a 0b 	call	0x1694	; 0x1694 <twi1_write_register>
    11b6:	81 11       	cpse	r24, r1
    return 1;
    11b8:	81 e0       	ldi	r24, 0x01	; 1
}
    11ba:	08 95       	ret

000011bc <tmag5273_read_raw>:

uint8_t tmag5273_read_raw(tmag5273_raw_sample_t *sample)
{
    11bc:	0f 93       	push	r16
    11be:	1f 93       	push	r17
    11c0:	cf 93       	push	r28
    11c2:	df 93       	push	r29
    11c4:	cd b7       	in	r28, 0x3d	; 61
    11c6:	de b7       	in	r29, 0x3e	; 62
    11c8:	29 97       	sbiw	r28, 0x09	; 9
    11ca:	0f b6       	in	r0, 0x3f	; 63
    11cc:	f8 94       	cli
    11ce:	de bf       	out	0x3e, r29	; 62
    11d0:	0f be       	out	0x3f, r0	; 63
    11d2:	cd bf       	out	0x3d, r28	; 61
    11d4:	8c 01       	movw	r16, r24
    uint8_t buffer[9];

    /* Trigger a conversion while the device is in standby mode. */
    if (!twi1_write_register(TMAG_I2C_ADDRESS, (uint8_t)(DEVICE_ID | 0x80U), 0x00U)) return 0;
    11d6:	40 e0       	ldi	r20, 0x00	; 0
    11d8:	6d e8       	ldi	r22, 0x8D	; 141
    11da:	85 e3       	ldi	r24, 0x35	; 53
    11dc:	0e 94 4a 0b 	call	0x1694	; 0x1694 <twi1_write_register>
    11e0:	88 23       	and	r24, r24
    11e2:	79 f1       	breq	.+94     	; 0x1242 <tmag5273_read_raw+0x86>
    11e4:	81 ee       	ldi	r24, 0xE1	; 225
    11e6:	94 e0       	ldi	r25, 0x04	; 4
    11e8:	01 97       	sbiw	r24, 0x01	; 1
    11ea:	f1 f7       	brne	.-4      	; 0x11e8 <tmag5273_read_raw+0x2c>
    11ec:	00 c0       	rjmp	.+0      	; 0x11ee <tmag5273_read_raw+0x32>
    11ee:	00 00       	nop
    _delay_ms(5);

    if (!twi1_read_block(TMAG_I2C_ADDRESS, T_MSB_RESULT, buffer, 9U)) return 0;
    11f0:	29 e0       	ldi	r18, 0x09	; 9
    11f2:	ae 01       	movw	r20, r28
    11f4:	4f 5f       	subi	r20, 0xFF	; 255
    11f6:	5f 4f       	sbci	r21, 0xFF	; 255
    11f8:	60 e1       	ldi	r22, 0x10	; 16
    11fa:	85 e3       	ldi	r24, 0x35	; 53
    11fc:	0e 94 c1 0b 	call	0x1782	; 0x1782 <twi1_read_block>
    1200:	88 23       	and	r24, r24
    1202:	f9 f0       	breq	.+62     	; 0x1242 <tmag5273_read_raw+0x86>

    sample->temperature_raw = make_i16(buffer[0], buffer[1]);
    1204:	6a 81       	ldd	r22, Y+2	; 0x02
    1206:	89 81       	ldd	r24, Y+1	; 0x01
    1208:	0e 94 af 08 	call	0x115e	; 0x115e <make_i16>
    120c:	f8 01       	movw	r30, r16
    120e:	91 83       	std	Z+1, r25	; 0x01
    1210:	80 83       	st	Z, r24
    sample->bx_raw = make_i16(buffer[2], buffer[3]);
    1212:	6c 81       	ldd	r22, Y+4	; 0x04
    1214:	8b 81       	ldd	r24, Y+3	; 0x03
    1216:	0e 94 af 08 	call	0x115e	; 0x115e <make_i16>
    121a:	f8 01       	movw	r30, r16
    121c:	93 83       	std	Z+3, r25	; 0x03
    121e:	82 83       	std	Z+2, r24	; 0x02
    sample->by_raw = make_i16(buffer[4], buffer[5]);
    1220:	6e 81       	ldd	r22, Y+6	; 0x06
    1222:	8d 81       	ldd	r24, Y+5	; 0x05
    1224:	0e 94 af 08 	call	0x115e	; 0x115e <make_i16>
    1228:	f8 01       	movw	r30, r16
    122a:	95 83       	std	Z+5, r25	; 0x05
    122c:	84 83       	std	Z+4, r24	; 0x04
    sample->bz_raw = make_i16(buffer[6], buffer[7]);
    122e:	68 85       	ldd	r22, Y+8	; 0x08
    1230:	8f 81       	ldd	r24, Y+7	; 0x07
    1232:	0e 94 af 08 	call	0x115e	; 0x115e <make_i16>
    1236:	f8 01       	movw	r30, r16
    1238:	97 83       	std	Z+7, r25	; 0x07
    123a:	86 83       	std	Z+6, r24	; 0x06
    sample->status = buffer[8];
    123c:	89 85       	ldd	r24, Y+9	; 0x09
    123e:	80 87       	std	Z+8, r24	; 0x08

    return 1;
    1240:	81 e0       	ldi	r24, 0x01	; 1
}
    1242:	29 96       	adiw	r28, 0x09	; 9
    1244:	0f b6       	in	r0, 0x3f	; 63
    1246:	f8 94       	cli
    1248:	de bf       	out	0x3e, r29	; 62
    124a:	0f be       	out	0x3f, r0	; 63
    124c:	cd bf       	out	0x3d, r28	; 61
    124e:	df 91       	pop	r29
    1250:	cf 91       	pop	r28
    1252:	1f 91       	pop	r17
    1254:	0f 91       	pop	r16
    1256:	08 95       	ret

00001258 <tmag5273_convert_averaged_raw>:
                                  int32_t bx_raw,
                                  int32_t by_raw,
                                  int32_t bz_raw,
                                  uint8_t status,
                                  tmag5273_measurement_t *measurement)
{
    1258:	3f 92       	push	r3
    125a:	4f 92       	push	r4
    125c:	5f 92       	push	r5
    125e:	6f 92       	push	r6
    1260:	7f 92       	push	r7
    1262:	8f 92       	push	r8
    1264:	9f 92       	push	r9
    1266:	af 92       	push	r10
    1268:	bf 92       	push	r11
    126a:	cf 92       	push	r12
    126c:	df 92       	push	r13
    126e:	ef 92       	push	r14
    1270:	ff 92       	push	r15
    1272:	0f 93       	push	r16
    1274:	1f 93       	push	r17
    1276:	cf 93       	push	r28
    1278:	df 93       	push	r29
    127a:	cd b7       	in	r28, 0x3d	; 61
    127c:	de b7       	in	r29, 0x3e	; 62
    127e:	29 01       	movw	r4, r18
    1280:	3a 01       	movw	r6, r20
    1282:	38 2c       	mov	r3, r8
    1284:	8c 88       	ldd	r8, Y+20	; 0x14
    1286:	9d 88       	ldd	r9, Y+21	; 0x15
    measurement->temperature_x100 = TSENSET0_X100
                                  + ((temperature_raw - TADCT0) * 1000L) / TADCRES_X10;
    1288:	9b 01       	movw	r18, r22
    128a:	ac 01       	movw	r20, r24
    128c:	24 56       	subi	r18, 0x64	; 100
    128e:	34 44       	sbci	r19, 0x44	; 68
    1290:	41 09       	sbc	r20, r1
    1292:	51 09       	sbc	r21, r1
    1294:	a8 ee       	ldi	r26, 0xE8	; 232
    1296:	b3 e0       	ldi	r27, 0x03	; 3
    1298:	0e 94 2f 0e 	call	0x1c5e	; 0x1c5e <__muluhisi3>
    129c:	29 e5       	ldi	r18, 0x59	; 89
    129e:	32 e0       	ldi	r19, 0x02	; 2
    12a0:	40 e0       	ldi	r20, 0x00	; 0
    12a2:	50 e0       	ldi	r21, 0x00	; 0
    12a4:	0e 94 01 0e 	call	0x1c02	; 0x1c02 <__divmodsi4>
    12a8:	da 01       	movw	r26, r20
    12aa:	c9 01       	movw	r24, r18
    12ac:	8c 53       	subi	r24, 0x3C	; 60
    12ae:	96 4f       	sbci	r25, 0xF6	; 246
    12b0:	af 4f       	sbci	r26, 0xFF	; 255
    12b2:	bf 4f       	sbci	r27, 0xFF	; 255
                                  int32_t by_raw,
                                  int32_t bz_raw,
                                  uint8_t status,
                                  tmag5273_measurement_t *measurement)
{
    measurement->temperature_x100 = TSENSET0_X100
    12b4:	f4 01       	movw	r30, r8
    12b6:	80 83       	st	Z, r24
    12b8:	91 83       	std	Z+1, r25	; 0x01
    12ba:	a2 83       	std	Z+2, r26	; 0x02
    12bc:	b3 83       	std	Z+3, r27	; 0x03
                                  + ((temperature_raw - TADCT0) * 1000L) / TADCRES_X10;

    /* TMAG5273A2 in 2x range: +/-266 mT full scale.
       Outputs are expressed in hundredths of mT. */
    measurement->bx_x100 = (bx_raw * TMAG_FULL_SCALE_X100) / 32768L;
    12be:	a8 ee       	ldi	r26, 0xE8	; 232
    12c0:	b7 e6       	ldi	r27, 0x67	; 103
    12c2:	a3 01       	movw	r20, r6
    12c4:	92 01       	movw	r18, r4
    12c6:	0e 94 2f 0e 	call	0x1c5e	; 0x1c5e <__muluhisi3>
    12ca:	2b 01       	movw	r4, r22
    12cc:	3c 01       	movw	r6, r24
    12ce:	99 23       	and	r25, r25
    12d0:	34 f4       	brge	.+12     	; 0x12de <tmag5273_convert_averaged_raw+0x86>
    12d2:	ff ef       	ldi	r31, 0xFF	; 255
    12d4:	4f 0e       	add	r4, r31
    12d6:	ff e7       	ldi	r31, 0x7F	; 127
    12d8:	5f 1e       	adc	r5, r31
    12da:	61 1c       	adc	r6, r1
    12dc:	71 1c       	adc	r7, r1
    12de:	d3 01       	movw	r26, r6
    12e0:	c2 01       	movw	r24, r4
    12e2:	07 2e       	mov	r0, r23
    12e4:	7f e0       	ldi	r23, 0x0F	; 15
    12e6:	b5 95       	asr	r27
    12e8:	a7 95       	ror	r26
    12ea:	97 95       	ror	r25
    12ec:	87 95       	ror	r24
    12ee:	7a 95       	dec	r23
    12f0:	d1 f7       	brne	.-12     	; 0x12e6 <tmag5273_convert_averaged_raw+0x8e>
    12f2:	70 2d       	mov	r23, r0
    12f4:	f4 01       	movw	r30, r8
    12f6:	84 83       	std	Z+4, r24	; 0x04
    12f8:	95 83       	std	Z+5, r25	; 0x05
    12fa:	a6 83       	std	Z+6, r26	; 0x06
    12fc:	b7 83       	std	Z+7, r27	; 0x07
    measurement->by_x100 = (by_raw * TMAG_FULL_SCALE_X100) / 32768L;
    12fe:	a8 ee       	ldi	r26, 0xE8	; 232
    1300:	b7 e6       	ldi	r27, 0x67	; 103
    1302:	a8 01       	movw	r20, r16
    1304:	97 01       	movw	r18, r14
    1306:	0e 94 2f 0e 	call	0x1c5e	; 0x1c5e <__muluhisi3>
    130a:	8b 01       	movw	r16, r22
    130c:	9c 01       	movw	r18, r24
    130e:	99 23       	and	r25, r25
    1310:	24 f4       	brge	.+8      	; 0x131a <tmag5273_convert_averaged_raw+0xc2>
    1312:	01 50       	subi	r16, 0x01	; 1
    1314:	10 48       	sbci	r17, 0x80	; 128
    1316:	2f 4f       	sbci	r18, 0xFF	; 255
    1318:	3f 4f       	sbci	r19, 0xFF	; 255
    131a:	d9 01       	movw	r26, r18
    131c:	c8 01       	movw	r24, r16
    131e:	07 2e       	mov	r0, r23
    1320:	7f e0       	ldi	r23, 0x0F	; 15
    1322:	b5 95       	asr	r27
    1324:	a7 95       	ror	r26
    1326:	97 95       	ror	r25
    1328:	87 95       	ror	r24
    132a:	7a 95       	dec	r23
    132c:	d1 f7       	brne	.-12     	; 0x1322 <tmag5273_convert_averaged_raw+0xca>
    132e:	70 2d       	mov	r23, r0
    1330:	f4 01       	movw	r30, r8
    1332:	80 87       	std	Z+8, r24	; 0x08
    1334:	91 87       	std	Z+9, r25	; 0x09
    1336:	a2 87       	std	Z+10, r26	; 0x0a
    1338:	b3 87       	std	Z+11, r27	; 0x0b
    measurement->bz_x100 = (bz_raw * TMAG_FULL_SCALE_X100) / 32768L;
    133a:	a8 ee       	ldi	r26, 0xE8	; 232
    133c:	b7 e6       	ldi	r27, 0x67	; 103
    133e:	a6 01       	movw	r20, r12
    1340:	95 01       	movw	r18, r10
    1342:	0e 94 2f 0e 	call	0x1c5e	; 0x1c5e <__muluhisi3>
    1346:	8b 01       	movw	r16, r22
    1348:	9c 01       	movw	r18, r24
    134a:	99 23       	and	r25, r25
    134c:	24 f4       	brge	.+8      	; 0x1356 <tmag5273_convert_averaged_raw+0xfe>
    134e:	01 50       	subi	r16, 0x01	; 1
    1350:	10 48       	sbci	r17, 0x80	; 128
    1352:	2f 4f       	sbci	r18, 0xFF	; 255
    1354:	3f 4f       	sbci	r19, 0xFF	; 255
    1356:	d9 01       	movw	r26, r18
    1358:	c8 01       	movw	r24, r16
    135a:	07 2e       	mov	r0, r23
    135c:	7f e0       	ldi	r23, 0x0F	; 15
    135e:	b5 95       	asr	r27
    1360:	a7 95       	ror	r26
    1362:	97 95       	ror	r25
    1364:	87 95       	ror	r24
    1366:	7a 95       	dec	r23
    1368:	d1 f7       	brne	.-12     	; 0x135e <tmag5273_convert_averaged_raw+0x106>
    136a:	70 2d       	mov	r23, r0
    136c:	f4 01       	movw	r30, r8
    136e:	84 87       	std	Z+12, r24	; 0x0c
    1370:	95 87       	std	Z+13, r25	; 0x0d
    1372:	a6 87       	std	Z+14, r26	; 0x0e
    1374:	b7 87       	std	Z+15, r27	; 0x0f
    measurement->status = status;
    1376:	30 8a       	std	Z+16, r3	; 0x10
}
    1378:	df 91       	pop	r29
    137a:	cf 91       	pop	r28
    137c:	1f 91       	pop	r17
    137e:	0f 91       	pop	r16
    1380:	ff 90       	pop	r15
    1382:	ef 90       	pop	r14
    1384:	df 90       	pop	r13
    1386:	cf 90       	pop	r12
    1388:	bf 90       	pop	r11
    138a:	af 90       	pop	r10
    138c:	9f 90       	pop	r9
    138e:	8f 90       	pop	r8
    1390:	7f 90       	pop	r7
    1392:	6f 90       	pop	r6
    1394:	5f 90       	pop	r5
    1396:	4f 90       	pop	r4
    1398:	3f 90       	pop	r3
    139a:	08 95       	ret

0000139c <transport_service_calibration_status_text>:
#include "transport_service.h"
#include "uart0.h"

const char *transport_service_calibration_status_text(calibration_status_t status)
{
    if (status == CALIBRATION_STATUS_VALID) return "VALID";
    139c:	81 30       	cpi	r24, 0x01	; 1
    139e:	29 f0       	breq	.+10     	; 0x13aa <transport_service_calibration_status_text+0xe>
    if (status == CALIBRATION_STATUS_DIRTY) return "DIRTY";
    13a0:	82 30       	cpi	r24, 0x02	; 2
    13a2:	31 f4       	brne	.+12     	; 0x13b0 <transport_service_calibration_status_text+0x14>
    13a4:	86 e0       	ldi	r24, 0x06	; 6
    13a6:	91 e0       	ldi	r25, 0x01	; 1
    13a8:	08 95       	ret
#include "transport_service.h"
#include "uart0.h"

const char *transport_service_calibration_status_text(calibration_status_t status)
{
    if (status == CALIBRATION_STATUS_VALID) return "VALID";
    13aa:	80 e0       	ldi	r24, 0x00	; 0
    13ac:	91 e0       	ldi	r25, 0x01	; 1
    13ae:	08 95       	ret
    if (status == CALIBRATION_STATUS_DIRTY) return "DIRTY";
    return "DEFAULT";
    13b0:	8c e0       	ldi	r24, 0x0C	; 12
    13b2:	91 e0       	ldi	r25, 0x01	; 1
}
    13b4:	08 95       	ret

000013b6 <print_calibration_summary>:
    uart0_print("\r\n");
}

static void print_calibration_summary(const calibration_record_t *calibration,
                                      calibration_status_t status)
{
    13b6:	1f 93       	push	r17
    13b8:	cf 93       	push	r28
    13ba:	df 93       	push	r29
    13bc:	ec 01       	movw	r28, r24
    13be:	16 2f       	mov	r17, r22
    uart0_print("CALIBRATION=");
    13c0:	8b e7       	ldi	r24, 0x7B	; 123
    13c2:	93 e0       	ldi	r25, 0x03	; 3
    13c4:	0e 94 5a 0c 	call	0x18b4	; 0x18b4 <uart0_print>
    uart0_print(transport_service_calibration_status_text(status));
    13c8:	81 2f       	mov	r24, r17
    13ca:	0e 94 ce 09 	call	0x139c	; 0x139c <transport_service_calibration_status_text>
    13ce:	0e 94 5a 0c 	call	0x18b4	; 0x18b4 <uart0_print>
    uart0_print(",VERSION=");
    13d2:	88 e8       	ldi	r24, 0x88	; 136
    13d4:	93 e0       	ldi	r25, 0x03	; 3
    13d6:	0e 94 5a 0c 	call	0x18b4	; 0x18b4 <uart0_print>
    uart0_print_uint16(calibration->version);
    13da:	8c 81       	ldd	r24, Y+4	; 0x04
    13dc:	9d 81       	ldd	r25, Y+5	; 0x05
    13de:	0e 94 7c 0c 	call	0x18f8	; 0x18f8 <uart0_print_uint16>
    uart0_print(",COUNTER=");
    13e2:	82 e9       	ldi	r24, 0x92	; 146
    13e4:	93 e0       	ldi	r25, 0x03	; 3
    13e6:	0e 94 5a 0c 	call	0x18b4	; 0x18b4 <uart0_print>
    uart0_print_uint32(calibration->calibration_counter);
    13ea:	68 a9       	ldd	r22, Y+48	; 0x30
    13ec:	79 a9       	ldd	r23, Y+49	; 0x31
    13ee:	8a a9       	ldd	r24, Y+50	; 0x32
    13f0:	9b a9       	ldd	r25, Y+51	; 0x33
    13f2:	0e 94 d3 0c 	call	0x19a6	; 0x19a6 <uart0_print_uint32>
    uart0_print("\r\n");
    13f6:	85 e1       	ldi	r24, 0x15	; 21
    13f8:	94 e0       	ldi	r25, 0x04	; 4
    13fa:	0e 94 5a 0c 	call	0x18b4	; 0x18b4 <uart0_print>

    uart0_print("CAL_OFFSET_X=");
    13fe:	8c e9       	ldi	r24, 0x9C	; 156
    1400:	93 e0       	ldi	r25, 0x03	; 3
    1402:	0e 94 5a 0c 	call	0x18b4	; 0x18b4 <uart0_print>
    uart0_print_fixed_2(calibration->offset_x_x100);
    1406:	68 85       	ldd	r22, Y+8	; 0x08
    1408:	79 85       	ldd	r23, Y+9	; 0x09
    140a:	8a 85       	ldd	r24, Y+10	; 0x0a
    140c:	9b 85       	ldd	r25, Y+11	; 0x0b
    140e:	0e 94 34 0d 	call	0x1a68	; 0x1a68 <uart0_print_fixed_2>
    uart0_print(",CAL_OFFSET_Y=");
    1412:	8a ea       	ldi	r24, 0xAA	; 170
    1414:	93 e0       	ldi	r25, 0x03	; 3
    1416:	0e 94 5a 0c 	call	0x18b4	; 0x18b4 <uart0_print>
    uart0_print_fixed_2(calibration->offset_y_x100);
    141a:	6c 85       	ldd	r22, Y+12	; 0x0c
    141c:	7d 85       	ldd	r23, Y+13	; 0x0d
    141e:	8e 85       	ldd	r24, Y+14	; 0x0e
    1420:	9f 85       	ldd	r25, Y+15	; 0x0f
    1422:	0e 94 34 0d 	call	0x1a68	; 0x1a68 <uart0_print_fixed_2>
    uart0_print(",CAL_OFFSET_Z=");
    1426:	89 eb       	ldi	r24, 0xB9	; 185
    1428:	93 e0       	ldi	r25, 0x03	; 3
    142a:	0e 94 5a 0c 	call	0x18b4	; 0x18b4 <uart0_print>
    uart0_print_fixed_2(calibration->offset_z_x100);
    142e:	68 89       	ldd	r22, Y+16	; 0x10
    1430:	79 89       	ldd	r23, Y+17	; 0x11
    1432:	8a 89       	ldd	r24, Y+18	; 0x12
    1434:	9b 89       	ldd	r25, Y+19	; 0x13
    1436:	0e 94 34 0d 	call	0x1a68	; 0x1a68 <uart0_print_fixed_2>
    uart0_print("\r\n");
    143a:	85 e1       	ldi	r24, 0x15	; 21
    143c:	94 e0       	ldi	r25, 0x04	; 4
    143e:	0e 94 5a 0c 	call	0x18b4	; 0x18b4 <uart0_print>
}
    1442:	df 91       	pop	r29
    1444:	cf 91       	pop	r28
    1446:	1f 91       	pop	r17
    1448:	08 95       	ret

0000144a <transport_service_init>:
    return "DEFAULT";
}

void transport_service_init(void)
{
    uart0_init();
    144a:	0e 94 45 0c 	call	0x188a	; 0x188a <uart0_init>
    144e:	08 95       	ret

00001450 <transport_service_publish_error>:
}

void transport_service_publish_error(const char *message)
{
    1450:	cf 93       	push	r28
    1452:	df 93       	push	r29
    1454:	ec 01       	movw	r28, r24
    uart0_print("ERROR,");
    1456:	88 ec       	ldi	r24, 0xC8	; 200
    1458:	93 e0       	ldi	r25, 0x03	; 3
    145a:	0e 94 5a 0c 	call	0x18b4	; 0x18b4 <uart0_print>
    uart0_print(message);
    145e:	ce 01       	movw	r24, r28
    1460:	0e 94 5a 0c 	call	0x18b4	; 0x18b4 <uart0_print>
    uart0_print("\r\n");
    1464:	85 e1       	ldi	r24, 0x15	; 21
    1466:	94 e0       	ldi	r25, 0x04	; 4
    1468:	0e 94 5a 0c 	call	0x18b4	; 0x18b4 <uart0_print>
}
    146c:	df 91       	pop	r29
    146e:	cf 91       	pop	r28
    1470:	08 95       	ret

00001472 <transport_service_print_startup>:

void transport_service_print_startup(const calibration_record_t *calibration,
                                     calibration_status_t status,
                                     uint8_t node_id,
                                     uint8_t device_id)
{
    1472:	ff 92       	push	r15
    1474:	0f 93       	push	r16
    1476:	1f 93       	push	r17
    1478:	cf 93       	push	r28
    147a:	df 93       	push	r29
    147c:	8c 01       	movw	r16, r24
    147e:	f6 2e       	mov	r15, r22
    1480:	c4 2f       	mov	r28, r20
    1482:	d2 2f       	mov	r29, r18
    uart0_print("\r\nND280 Magnetic Field Node v");
    1484:	8f ec       	ldi	r24, 0xCF	; 207
    1486:	93 e0       	ldi	r25, 0x03	; 3
    1488:	0e 94 5a 0c 	call	0x18b4	; 0x18b4 <uart0_print>
    uart0_print(FIRMWARE_VERSION);
    148c:	81 e2       	ldi	r24, 0x21	; 33
    148e:	92 e0       	ldi	r25, 0x02	; 2
    1490:	0e 94 5a 0c 	call	0x18b4	; 0x18b4 <uart0_print>
    uart0_print("\r\nUART0=4800,RX_COMMANDS=ON,TWI1=PE0/PE1\r\n");
    1494:	8d ee       	ldi	r24, 0xED	; 237
    1496:	93 e0       	ldi	r25, 0x03	; 3
    1498:	0e 94 5a 0c 	call	0x18b4	; 0x18b4 <uart0_print>
    uart0_print("AVERAGE_SAMPLES=");
    149c:	88 e1       	ldi	r24, 0x18	; 24
    149e:	94 e0       	ldi	r25, 0x04	; 4
    14a0:	0e 94 5a 0c 	call	0x18b4	; 0x18b4 <uart0_print>
    uart0_print_uint16(AVERAGE_SAMPLES);
    14a4:	8a e0       	ldi	r24, 0x0A	; 10
    14a6:	90 e0       	ldi	r25, 0x00	; 0
    14a8:	0e 94 7c 0c 	call	0x18f8	; 0x18f8 <uart0_print_uint16>
    uart0_print(",SAMPLE_INTERVAL_MS=");
    14ac:	89 e2       	ldi	r24, 0x29	; 41
    14ae:	94 e0       	ldi	r25, 0x04	; 4
    14b0:	0e 94 5a 0c 	call	0x18b4	; 0x18b4 <uart0_print>
    uart0_print_uint16(SAMPLE_INTERVAL_MS);
    14b4:	84 e6       	ldi	r24, 0x64	; 100
    14b6:	90 e0       	ldi	r25, 0x00	; 0
    14b8:	0e 94 7c 0c 	call	0x18f8	; 0x18f8 <uart0_print_uint16>
    uart0_print("\r\nTMAG_VARIANT=");
    14bc:	8e e3       	ldi	r24, 0x3E	; 62
    14be:	94 e0       	ldi	r25, 0x04	; 4
    14c0:	0e 94 5a 0c 	call	0x18b4	; 0x18b4 <uart0_print>
    uart0_print(TMAG_VARIANT);
    14c4:	85 e3       	ldi	r24, 0x35	; 53
    14c6:	92 e0       	ldi	r25, 0x02	; 2
    14c8:	0e 94 5a 0c 	call	0x18b4	; 0x18b4 <uart0_print>
    uart0_print(",TMAG_RANGE_MT=");
    14cc:	8e e4       	ldi	r24, 0x4E	; 78
    14ce:	94 e0       	ldi	r25, 0x04	; 4
    14d0:	0e 94 5a 0c 	call	0x18b4	; 0x18b4 <uart0_print>
    uart0_print_uint16(TMAG_FULL_SCALE_MT);
    14d4:	8a e0       	ldi	r24, 0x0A	; 10
    14d6:	91 e0       	ldi	r25, 0x01	; 1
    14d8:	0e 94 7c 0c 	call	0x18f8	; 0x18f8 <uart0_print_uint16>
    uart0_print("\r\n");
    14dc:	85 e1       	ldi	r24, 0x15	; 21
    14de:	94 e0       	ldi	r25, 0x04	; 4
    14e0:	0e 94 5a 0c 	call	0x18b4	; 0x18b4 <uart0_print>

    print_calibration_summary(calibration, status);
    14e4:	6f 2d       	mov	r22, r15
    14e6:	c8 01       	movw	r24, r16
    14e8:	0e 94 db 09 	call	0x13b6	; 0x13b6 <print_calibration_summary>

    uart0_print("TMAG_DEVICE_ID=0x");
    14ec:	8e e5       	ldi	r24, 0x5E	; 94
    14ee:	94 e0       	ldi	r25, 0x04	; 4
    14f0:	0e 94 5a 0c 	call	0x18b4	; 0x18b4 <uart0_print>
    uart0_print_hex8(device_id);
    14f4:	8d 2f       	mov	r24, r29
    14f6:	0e 94 67 0c 	call	0x18ce	; 0x18ce <uart0_print_hex8>
    uart0_print("\r\nTMAG_INIT=OK\r\nBOARD_ID=");
    14fa:	80 e7       	ldi	r24, 0x70	; 112
    14fc:	94 e0       	ldi	r25, 0x04	; 4
    14fe:	0e 94 5a 0c 	call	0x18b4	; 0x18b4 <uart0_print>
    uart0_print_uint16(node_id);
    1502:	8c 2f       	mov	r24, r28
    1504:	90 e0       	ldi	r25, 0x00	; 0
    1506:	0e 94 7c 0c 	call	0x18f8	; 0x18f8 <uart0_print_uint16>
    uart0_print("\r\nTYPE HELP FOR COMMANDS\r\n");
    150a:	8a e8       	ldi	r24, 0x8A	; 138
    150c:	94 e0       	ldi	r25, 0x04	; 4
    150e:	0e 94 5a 0c 	call	0x18b4	; 0x18b4 <uart0_print>
}
    1512:	df 91       	pop	r29
    1514:	cf 91       	pop	r28
    1516:	1f 91       	pop	r17
    1518:	0f 91       	pop	r16
    151a:	ff 90       	pop	r15
    151c:	08 95       	ret

0000151e <transport_service_publish_measurement>:

void transport_service_publish_measurement(uint8_t node_id,
                                           uint32_t sequence,
                                           calibration_status_t status,
                                           const measurement_result_t *result)
{
    151e:	8f 92       	push	r8
    1520:	9f 92       	push	r9
    1522:	af 92       	push	r10
    1524:	bf 92       	push	r11
    1526:	ef 92       	push	r14
    1528:	ff 92       	push	r15
    152a:	0f 93       	push	r16
    152c:	1f 93       	push	r17
    152e:	cf 93       	push	r28
    1530:	df 93       	push	r29
    1532:	e8 2e       	mov	r14, r24
    1534:	4a 01       	movw	r8, r20
    1536:	5b 01       	movw	r10, r22
    1538:	f2 2e       	mov	r15, r18
    153a:	e8 01       	movw	r28, r16
    uart0_print("$ND280,VER=");
    153c:	85 ea       	ldi	r24, 0xA5	; 165
    153e:	94 e0       	ldi	r25, 0x04	; 4
    1540:	0e 94 5a 0c 	call	0x18b4	; 0x18b4 <uart0_print>
    uart0_print(FIRMWARE_VERSION);
    1544:	81 e2       	ldi	r24, 0x21	; 33
    1546:	92 e0       	ldi	r25, 0x02	; 2
    1548:	0e 94 5a 0c 	call	0x18b4	; 0x18b4 <uart0_print>
    uart0_print(",ID=");
    154c:	87 e1       	ldi	r24, 0x17	; 23
    154e:	92 e0       	ldi	r25, 0x02	; 2
    1550:	0e 94 5a 0c 	call	0x18b4	; 0x18b4 <uart0_print>
    uart0_print_uint16(node_id);
    1554:	8e 2d       	mov	r24, r14
    1556:	90 e0       	ldi	r25, 0x00	; 0
    1558:	0e 94 7c 0c 	call	0x18f8	; 0x18f8 <uart0_print_uint16>
    uart0_print(",SEQ=");
    155c:	85 e7       	ldi	r24, 0x75	; 117
    155e:	93 e0       	ldi	r25, 0x03	; 3
    1560:	0e 94 5a 0c 	call	0x18b4	; 0x18b4 <uart0_print>
    uart0_print_uint32(sequence);
    1564:	c5 01       	movw	r24, r10
    1566:	b4 01       	movw	r22, r8
    1568:	0e 94 d3 0c 	call	0x19a6	; 0x19a6 <uart0_print_uint32>
    uart0_print(",AVG=");
    156c:	80 e4       	ldi	r24, 0x40	; 64
    156e:	92 e0       	ldi	r25, 0x02	; 2
    1570:	0e 94 5a 0c 	call	0x18b4	; 0x18b4 <uart0_print>
    uart0_print_uint16(result->valid_samples);
    1574:	89 89       	ldd	r24, Y+17	; 0x11
    1576:	90 e0       	ldi	r25, 0x00	; 0
    1578:	0e 94 7c 0c 	call	0x18f8	; 0x18f8 <uart0_print_uint16>
    uart0_print(",CAL=");
    157c:	86 e4       	ldi	r24, 0x46	; 70
    157e:	92 e0       	ldi	r25, 0x02	; 2
    1580:	0e 94 5a 0c 	call	0x18b4	; 0x18b4 <uart0_print>
    uart0_print(transport_service_calibration_status_text(status));
    1584:	8f 2d       	mov	r24, r15
    1586:	0e 94 ce 09 	call	0x139c	; 0x139c <transport_service_calibration_status_text>
    158a:	0e 94 5a 0c 	call	0x18b4	; 0x18b4 <uart0_print>
    uart0_print(",T=");
    158e:	81 eb       	ldi	r24, 0xB1	; 177
    1590:	94 e0       	ldi	r25, 0x04	; 4
    1592:	0e 94 5a 0c 	call	0x18b4	; 0x18b4 <uart0_print>
    uart0_print_fixed_2(result->value.temperature_x100);
    1596:	68 81       	ld	r22, Y
    1598:	79 81       	ldd	r23, Y+1	; 0x01
    159a:	8a 81       	ldd	r24, Y+2	; 0x02
    159c:	9b 81       	ldd	r25, Y+3	; 0x03
    159e:	0e 94 34 0d 	call	0x1a68	; 0x1a68 <uart0_print_fixed_2>
    uart0_print(",BX=");
    15a2:	85 eb       	ldi	r24, 0xB5	; 181
    15a4:	94 e0       	ldi	r25, 0x04	; 4
    15a6:	0e 94 5a 0c 	call	0x18b4	; 0x18b4 <uart0_print>
    uart0_print_fixed_2(result->value.bx_x100);
    15aa:	6c 81       	ldd	r22, Y+4	; 0x04
    15ac:	7d 81       	ldd	r23, Y+5	; 0x05
    15ae:	8e 81       	ldd	r24, Y+6	; 0x06
    15b0:	9f 81       	ldd	r25, Y+7	; 0x07
    15b2:	0e 94 34 0d 	call	0x1a68	; 0x1a68 <uart0_print_fixed_2>
    uart0_print(",BY=");
    15b6:	8a eb       	ldi	r24, 0xBA	; 186
    15b8:	94 e0       	ldi	r25, 0x04	; 4
    15ba:	0e 94 5a 0c 	call	0x18b4	; 0x18b4 <uart0_print>
    uart0_print_fixed_2(result->value.by_x100);
    15be:	68 85       	ldd	r22, Y+8	; 0x08
    15c0:	79 85       	ldd	r23, Y+9	; 0x09
    15c2:	8a 85       	ldd	r24, Y+10	; 0x0a
    15c4:	9b 85       	ldd	r25, Y+11	; 0x0b
    15c6:	0e 94 34 0d 	call	0x1a68	; 0x1a68 <uart0_print_fixed_2>
    uart0_print(",BZ=");
    15ca:	8f eb       	ldi	r24, 0xBF	; 191
    15cc:	94 e0       	ldi	r25, 0x04	; 4
    15ce:	0e 94 5a 0c 	call	0x18b4	; 0x18b4 <uart0_print>
    uart0_print_fixed_2(result->value.bz_x100);
    15d2:	6c 85       	ldd	r22, Y+12	; 0x0c
    15d4:	7d 85       	ldd	r23, Y+13	; 0x0d
    15d6:	8e 85       	ldd	r24, Y+14	; 0x0e
    15d8:	9f 85       	ldd	r25, Y+15	; 0x0f
    15da:	0e 94 34 0d 	call	0x1a68	; 0x1a68 <uart0_print_fixed_2>
    uart0_print(",STATUS=0x");
    15de:	84 ec       	ldi	r24, 0xC4	; 196
    15e0:	94 e0       	ldi	r25, 0x04	; 4
    15e2:	0e 94 5a 0c 	call	0x18b4	; 0x18b4 <uart0_print>
    uart0_print_hex8(result->value.status);
    15e6:	88 89       	ldd	r24, Y+16	; 0x10
    15e8:	0e 94 67 0c 	call	0x18ce	; 0x18ce <uart0_print_hex8>
    uart0_print("\r\n");
    15ec:	85 e1       	ldi	r24, 0x15	; 21
    15ee:	94 e0       	ldi	r25, 0x04	; 4
    15f0:	0e 94 5a 0c 	call	0x18b4	; 0x18b4 <uart0_print>
}
    15f4:	df 91       	pop	r29
    15f6:	cf 91       	pop	r28
    15f8:	1f 91       	pop	r17
    15fa:	0f 91       	pop	r16
    15fc:	ff 90       	pop	r15
    15fe:	ef 90       	pop	r14
    1600:	bf 90       	pop	r11
    1602:	af 90       	pop	r10
    1604:	9f 90       	pop	r9
    1606:	8f 90       	pop	r8
    1608:	08 95       	ret

0000160a <twi1_start>:
{
    if (!twi1_start()) { twi1_stop(); return 0; }
    uint8_t status = twi1_write_byte((uint8_t)(address << 1));
    twi1_stop();
    return status == 0x18U;
}
    160a:	84 ea       	ldi	r24, 0xA4	; 164
    160c:	80 93 dc 00 	sts	0x00DC, r24	; 0x8000dc <__TEXT_REGION_LENGTH__+0x7f80dc>
    1610:	80 91 dc 00 	lds	r24, 0x00DC	; 0x8000dc <__TEXT_REGION_LENGTH__+0x7f80dc>
    1614:	88 23       	and	r24, r24
    1616:	e4 f7       	brge	.-8      	; 0x1610 <twi1_start+0x6>
    1618:	80 91 d9 00 	lds	r24, 0x00D9	; 0x8000d9 <__TEXT_REGION_LENGTH__+0x7f80d9>
    161c:	88 7f       	andi	r24, 0xF8	; 248
    161e:	88 30       	cpi	r24, 0x08	; 8
    1620:	21 f0       	breq	.+8      	; 0x162a <twi1_start+0x20>
    1622:	80 31       	cpi	r24, 0x10	; 16
    1624:	21 f4       	brne	.+8      	; 0x162e <twi1_start+0x24>
    1626:	81 e0       	ldi	r24, 0x01	; 1
    1628:	08 95       	ret
    162a:	81 e0       	ldi	r24, 0x01	; 1
    162c:	08 95       	ret
    162e:	80 e0       	ldi	r24, 0x00	; 0
    1630:	08 95       	ret

00001632 <twi1_stop>:
    1632:	84 e9       	ldi	r24, 0x94	; 148
    1634:	80 93 dc 00 	sts	0x00DC, r24	; 0x8000dc <__TEXT_REGION_LENGTH__+0x7f80dc>
    1638:	08 95       	ret

0000163a <twi1_write_byte>:
    163a:	80 93 db 00 	sts	0x00DB, r24	; 0x8000db <__TEXT_REGION_LENGTH__+0x7f80db>
    163e:	84 e8       	ldi	r24, 0x84	; 132
    1640:	80 93 dc 00 	sts	0x00DC, r24	; 0x8000dc <__TEXT_REGION_LENGTH__+0x7f80dc>
    1644:	80 91 dc 00 	lds	r24, 0x00DC	; 0x8000dc <__TEXT_REGION_LENGTH__+0x7f80dc>
    1648:	88 23       	and	r24, r24
    164a:	e4 f7       	brge	.-8      	; 0x1644 <twi1_write_byte+0xa>
    164c:	80 91 d9 00 	lds	r24, 0x00D9	; 0x8000d9 <__TEXT_REGION_LENGTH__+0x7f80d9>
    1650:	88 7f       	andi	r24, 0xF8	; 248
    1652:	08 95       	ret

00001654 <twi1_read_ack>:
    1654:	84 ec       	ldi	r24, 0xC4	; 196
    1656:	80 93 dc 00 	sts	0x00DC, r24	; 0x8000dc <__TEXT_REGION_LENGTH__+0x7f80dc>
    165a:	80 91 dc 00 	lds	r24, 0x00DC	; 0x8000dc <__TEXT_REGION_LENGTH__+0x7f80dc>
    165e:	88 23       	and	r24, r24
    1660:	e4 f7       	brge	.-8      	; 0x165a <twi1_read_ack+0x6>
    1662:	80 91 db 00 	lds	r24, 0x00DB	; 0x8000db <__TEXT_REGION_LENGTH__+0x7f80db>
    1666:	08 95       	ret

00001668 <twi1_read_nack>:
    1668:	84 e8       	ldi	r24, 0x84	; 132
    166a:	80 93 dc 00 	sts	0x00DC, r24	; 0x8000dc <__TEXT_REGION_LENGTH__+0x7f80dc>
    166e:	80 91 dc 00 	lds	r24, 0x00DC	; 0x8000dc <__TEXT_REGION_LENGTH__+0x7f80dc>
    1672:	88 23       	and	r24, r24
    1674:	e4 f7       	brge	.-8      	; 0x166e <twi1_read_nack+0x6>
    1676:	80 91 db 00 	lds	r24, 0x00DB	; 0x8000db <__TEXT_REGION_LENGTH__+0x7f80db>
    167a:	08 95       	ret

0000167c <twi1_init>:
    167c:	8e b1       	in	r24, 0x0e	; 14
    167e:	83 60       	ori	r24, 0x03	; 3
    1680:	8e b9       	out	0x0e, r24	; 14
    1682:	10 92 d9 00 	sts	0x00D9, r1	; 0x8000d9 <__TEXT_REGION_LENGTH__+0x7f80d9>
    1686:	82 e0       	ldi	r24, 0x02	; 2
    1688:	80 93 d8 00 	sts	0x00D8, r24	; 0x8000d8 <__TEXT_REGION_LENGTH__+0x7f80d8>
    168c:	84 e0       	ldi	r24, 0x04	; 4
    168e:	80 93 dc 00 	sts	0x00DC, r24	; 0x8000dc <__TEXT_REGION_LENGTH__+0x7f80dc>
    1692:	08 95       	ret

00001694 <twi1_write_register>:

uint8_t twi1_write_register(uint8_t address, uint8_t reg, uint8_t value)
{
    1694:	0f 93       	push	r16
    1696:	1f 93       	push	r17
    1698:	cf 93       	push	r28
    169a:	df 93       	push	r29
    169c:	d8 2f       	mov	r29, r24
    169e:	16 2f       	mov	r17, r22
    16a0:	04 2f       	mov	r16, r20
    if (!twi1_start()) { twi1_stop(); return 0; }
    16a2:	0e 94 05 0b 	call	0x160a	; 0x160a <twi1_start>
    16a6:	c8 2f       	mov	r28, r24
    16a8:	81 11       	cpse	r24, r1
    16aa:	03 c0       	rjmp	.+6      	; 0x16b2 <twi1_write_register+0x1e>
    16ac:	0e 94 19 0b 	call	0x1632	; 0x1632 <twi1_stop>
    16b0:	1f c0       	rjmp	.+62     	; 0x16f0 <twi1_write_register+0x5c>
    if (twi1_write_byte((uint8_t)(address << 1)) != 0x18U) { twi1_stop(); return 0; }
    16b2:	8d 2f       	mov	r24, r29
    16b4:	88 0f       	add	r24, r24
    16b6:	0e 94 1d 0b 	call	0x163a	; 0x163a <twi1_write_byte>
    16ba:	88 31       	cpi	r24, 0x18	; 24
    16bc:	21 f0       	breq	.+8      	; 0x16c6 <twi1_write_register+0x32>
    16be:	0e 94 19 0b 	call	0x1632	; 0x1632 <twi1_stop>
    16c2:	c0 e0       	ldi	r28, 0x00	; 0
    16c4:	15 c0       	rjmp	.+42     	; 0x16f0 <twi1_write_register+0x5c>
    if (twi1_write_byte(reg) != 0x28U) { twi1_stop(); return 0; }
    16c6:	81 2f       	mov	r24, r17
    16c8:	0e 94 1d 0b 	call	0x163a	; 0x163a <twi1_write_byte>
    16cc:	88 32       	cpi	r24, 0x28	; 40
    16ce:	21 f0       	breq	.+8      	; 0x16d8 <twi1_write_register+0x44>
    16d0:	0e 94 19 0b 	call	0x1632	; 0x1632 <twi1_stop>
    16d4:	c0 e0       	ldi	r28, 0x00	; 0
    16d6:	0c c0       	rjmp	.+24     	; 0x16f0 <twi1_write_register+0x5c>
    if (twi1_write_byte(value) != 0x28U) { twi1_stop(); return 0; }
    16d8:	80 2f       	mov	r24, r16
    16da:	0e 94 1d 0b 	call	0x163a	; 0x163a <twi1_write_byte>
    16de:	88 32       	cpi	r24, 0x28	; 40
    16e0:	21 f0       	breq	.+8      	; 0x16ea <twi1_write_register+0x56>
    16e2:	0e 94 19 0b 	call	0x1632	; 0x1632 <twi1_stop>
    16e6:	c0 e0       	ldi	r28, 0x00	; 0
    16e8:	03 c0       	rjmp	.+6      	; 0x16f0 <twi1_write_register+0x5c>
    twi1_stop();
    16ea:	0e 94 19 0b 	call	0x1632	; 0x1632 <twi1_stop>
    return 1;
    16ee:	c1 e0       	ldi	r28, 0x01	; 1
}
    16f0:	8c 2f       	mov	r24, r28
    16f2:	df 91       	pop	r29
    16f4:	cf 91       	pop	r28
    16f6:	1f 91       	pop	r17
    16f8:	0f 91       	pop	r16
    16fa:	08 95       	ret

000016fc <twi1_read_register>:

uint8_t twi1_read_register(uint8_t address, uint8_t reg, uint8_t *value)
{
    16fc:	ef 92       	push	r14
    16fe:	ff 92       	push	r15
    1700:	1f 93       	push	r17
    1702:	cf 93       	push	r28
    1704:	df 93       	push	r29
    1706:	d8 2f       	mov	r29, r24
    1708:	16 2f       	mov	r17, r22
    170a:	7a 01       	movw	r14, r20
    if (!twi1_start()) { twi1_stop(); return 0; }
    170c:	0e 94 05 0b 	call	0x160a	; 0x160a <twi1_start>
    1710:	c8 2f       	mov	r28, r24
    1712:	81 11       	cpse	r24, r1
    1714:	03 c0       	rjmp	.+6      	; 0x171c <twi1_read_register+0x20>
    1716:	0e 94 19 0b 	call	0x1632	; 0x1632 <twi1_stop>
    171a:	2c c0       	rjmp	.+88     	; 0x1774 <twi1_read_register+0x78>
    if (twi1_write_byte((uint8_t)(address << 1)) != 0x18U) { twi1_stop(); return 0; }
    171c:	dd 0f       	add	r29, r29
    171e:	8d 2f       	mov	r24, r29
    1720:	0e 94 1d 0b 	call	0x163a	; 0x163a <twi1_write_byte>
    1724:	88 31       	cpi	r24, 0x18	; 24
    1726:	21 f0       	breq	.+8      	; 0x1730 <twi1_read_register+0x34>
    1728:	0e 94 19 0b 	call	0x1632	; 0x1632 <twi1_stop>
    172c:	c0 e0       	ldi	r28, 0x00	; 0
    172e:	22 c0       	rjmp	.+68     	; 0x1774 <twi1_read_register+0x78>
    if (twi1_write_byte(reg) != 0x28U) { twi1_stop(); return 0; }
    1730:	81 2f       	mov	r24, r17
    1732:	0e 94 1d 0b 	call	0x163a	; 0x163a <twi1_write_byte>
    1736:	88 32       	cpi	r24, 0x28	; 40
    1738:	21 f0       	breq	.+8      	; 0x1742 <twi1_read_register+0x46>
    173a:	0e 94 19 0b 	call	0x1632	; 0x1632 <twi1_stop>
    173e:	c0 e0       	ldi	r28, 0x00	; 0
    1740:	19 c0       	rjmp	.+50     	; 0x1774 <twi1_read_register+0x78>
    if (!twi1_start()) { twi1_stop(); return 0; }
    1742:	0e 94 05 0b 	call	0x160a	; 0x160a <twi1_start>
    1746:	c8 2f       	mov	r28, r24
    1748:	81 11       	cpse	r24, r1
    174a:	03 c0       	rjmp	.+6      	; 0x1752 <twi1_read_register+0x56>
    174c:	0e 94 19 0b 	call	0x1632	; 0x1632 <twi1_stop>
    1750:	11 c0       	rjmp	.+34     	; 0x1774 <twi1_read_register+0x78>
    if (twi1_write_byte((uint8_t)((address << 1) | 1U)) != 0x40U) { twi1_stop(); return 0; }
    1752:	8d 2f       	mov	r24, r29
    1754:	81 60       	ori	r24, 0x01	; 1
    1756:	0e 94 1d 0b 	call	0x163a	; 0x163a <twi1_write_byte>
    175a:	80 34       	cpi	r24, 0x40	; 64
    175c:	21 f0       	breq	.+8      	; 0x1766 <twi1_read_register+0x6a>
    175e:	0e 94 19 0b 	call	0x1632	; 0x1632 <twi1_stop>
    1762:	c0 e0       	ldi	r28, 0x00	; 0
    1764:	07 c0       	rjmp	.+14     	; 0x1774 <twi1_read_register+0x78>
    *value = twi1_read_nack();
    1766:	0e 94 34 0b 	call	0x1668	; 0x1668 <twi1_read_nack>
    176a:	f7 01       	movw	r30, r14
    176c:	80 83       	st	Z, r24
    twi1_stop();
    176e:	0e 94 19 0b 	call	0x1632	; 0x1632 <twi1_stop>
    return 1;
    1772:	c1 e0       	ldi	r28, 0x01	; 1
}
    1774:	8c 2f       	mov	r24, r28
    1776:	df 91       	pop	r29
    1778:	cf 91       	pop	r28
    177a:	1f 91       	pop	r17
    177c:	ff 90       	pop	r15
    177e:	ef 90       	pop	r14
    1780:	08 95       	ret

00001782 <twi1_read_block>:

uint8_t twi1_read_block(uint8_t address, uint8_t reg, uint8_t *buffer, uint8_t length)
{
    1782:	ef 92       	push	r14
    1784:	ff 92       	push	r15
    1786:	0f 93       	push	r16
    1788:	1f 93       	push	r17
    178a:	cf 93       	push	r28
    178c:	df 93       	push	r29
    if (length == 0U) return 0;
    178e:	22 23       	and	r18, r18
    1790:	09 f4       	brne	.+2      	; 0x1794 <twi1_read_block+0x12>
    1792:	48 c0       	rjmp	.+144    	; 0x1824 <twi1_read_block+0xa2>
    1794:	c2 2f       	mov	r28, r18
    1796:	7a 01       	movw	r14, r20
    1798:	06 2f       	mov	r16, r22
    179a:	18 2f       	mov	r17, r24

    if (!twi1_start()) { twi1_stop(); return 0; }
    179c:	0e 94 05 0b 	call	0x160a	; 0x160a <twi1_start>
    17a0:	d8 2f       	mov	r29, r24
    17a2:	81 11       	cpse	r24, r1
    17a4:	03 c0       	rjmp	.+6      	; 0x17ac <twi1_read_block+0x2a>
    17a6:	0e 94 19 0b 	call	0x1632	; 0x1632 <twi1_stop>
    17aa:	3d c0       	rjmp	.+122    	; 0x1826 <twi1_read_block+0xa4>
    if (twi1_write_byte((uint8_t)(address << 1)) != 0x18U) { twi1_stop(); return 0; }
    17ac:	11 0f       	add	r17, r17
    17ae:	81 2f       	mov	r24, r17
    17b0:	0e 94 1d 0b 	call	0x163a	; 0x163a <twi1_write_byte>
    17b4:	88 31       	cpi	r24, 0x18	; 24
    17b6:	21 f0       	breq	.+8      	; 0x17c0 <twi1_read_block+0x3e>
    17b8:	0e 94 19 0b 	call	0x1632	; 0x1632 <twi1_stop>
    17bc:	d0 e0       	ldi	r29, 0x00	; 0
    17be:	33 c0       	rjmp	.+102    	; 0x1826 <twi1_read_block+0xa4>
    if (twi1_write_byte(reg) != 0x28U) { twi1_stop(); return 0; }
    17c0:	80 2f       	mov	r24, r16
    17c2:	0e 94 1d 0b 	call	0x163a	; 0x163a <twi1_write_byte>
    17c6:	88 32       	cpi	r24, 0x28	; 40
    17c8:	21 f0       	breq	.+8      	; 0x17d2 <twi1_read_block+0x50>
    17ca:	0e 94 19 0b 	call	0x1632	; 0x1632 <twi1_stop>
    17ce:	d0 e0       	ldi	r29, 0x00	; 0
    17d0:	2a c0       	rjmp	.+84     	; 0x1826 <twi1_read_block+0xa4>
    if (!twi1_start()) { twi1_stop(); return 0; }
    17d2:	0e 94 05 0b 	call	0x160a	; 0x160a <twi1_start>
    17d6:	d8 2f       	mov	r29, r24
    17d8:	81 11       	cpse	r24, r1
    17da:	03 c0       	rjmp	.+6      	; 0x17e2 <twi1_read_block+0x60>
    17dc:	0e 94 19 0b 	call	0x1632	; 0x1632 <twi1_stop>
    17e0:	22 c0       	rjmp	.+68     	; 0x1826 <twi1_read_block+0xa4>
    if (twi1_write_byte((uint8_t)((address << 1) | 1U)) != 0x40U) { twi1_stop(); return 0; }
    17e2:	81 2f       	mov	r24, r17
    17e4:	81 60       	ori	r24, 0x01	; 1
    17e6:	0e 94 1d 0b 	call	0x163a	; 0x163a <twi1_write_byte>
    17ea:	80 34       	cpi	r24, 0x40	; 64
    17ec:	a1 f0       	breq	.+40     	; 0x1816 <twi1_read_block+0x94>
    17ee:	0e 94 19 0b 	call	0x1632	; 0x1632 <twi1_stop>
    17f2:	d0 e0       	ldi	r29, 0x00	; 0
    17f4:	18 c0       	rjmp	.+48     	; 0x1826 <twi1_read_block+0xa4>

    for (uint8_t index = 0; index < length; index++) {
        buffer[index] = (index == (uint8_t)(length - 1U))
    17f6:	87 01       	movw	r16, r14
    17f8:	0d 0f       	add	r16, r29
    17fa:	11 1d       	adc	r17, r1
    17fc:	8f ef       	ldi	r24, 0xFF	; 255
    17fe:	8c 0f       	add	r24, r28
    1800:	d8 13       	cpse	r29, r24
    1802:	03 c0       	rjmp	.+6      	; 0x180a <twi1_read_block+0x88>
    1804:	0e 94 34 0b 	call	0x1668	; 0x1668 <twi1_read_nack>
    1808:	02 c0       	rjmp	.+4      	; 0x180e <twi1_read_block+0x8c>
    180a:	0e 94 2a 0b 	call	0x1654	; 0x1654 <twi1_read_ack>
    180e:	f8 01       	movw	r30, r16
    1810:	80 83       	st	Z, r24
    if (twi1_write_byte((uint8_t)(address << 1)) != 0x18U) { twi1_stop(); return 0; }
    if (twi1_write_byte(reg) != 0x28U) { twi1_stop(); return 0; }
    if (!twi1_start()) { twi1_stop(); return 0; }
    if (twi1_write_byte((uint8_t)((address << 1) | 1U)) != 0x40U) { twi1_stop(); return 0; }

    for (uint8_t index = 0; index < length; index++) {
    1812:	df 5f       	subi	r29, 0xFF	; 255
    1814:	01 c0       	rjmp	.+2      	; 0x1818 <twi1_read_block+0x96>
    1816:	d0 e0       	ldi	r29, 0x00	; 0
    1818:	dc 17       	cp	r29, r28
    181a:	68 f3       	brcs	.-38     	; 0x17f6 <twi1_read_block+0x74>
        buffer[index] = (index == (uint8_t)(length - 1U))
                      ? twi1_read_nack()
                      : twi1_read_ack();
    }

    twi1_stop();
    181c:	0e 94 19 0b 	call	0x1632	; 0x1632 <twi1_stop>
    return 1;
    1820:	d1 e0       	ldi	r29, 0x01	; 1
    1822:	01 c0       	rjmp	.+2      	; 0x1826 <twi1_read_block+0xa4>
    return 1;
}

uint8_t twi1_read_block(uint8_t address, uint8_t reg, uint8_t *buffer, uint8_t length)
{
    if (length == 0U) return 0;
    1824:	d0 e0       	ldi	r29, 0x00	; 0
                      : twi1_read_ack();
    }

    twi1_stop();
    return 1;
}
    1826:	8d 2f       	mov	r24, r29
    1828:	df 91       	pop	r29
    182a:	cf 91       	pop	r28
    182c:	1f 91       	pop	r17
    182e:	0f 91       	pop	r16
    1830:	ff 90       	pop	r15
    1832:	ef 90       	pop	r14
    1834:	08 95       	ret

00001836 <__vector_18>:
static volatile uint8_t rx_tail = 0U;
static volatile uint8_t rx_overflow = 0U;
static volatile char rx_buffer[UART0_RX_BUFFER_SIZE];

ISR(USART0_RX_vect)
{
    1836:	1f 92       	push	r1
    1838:	0f 92       	push	r0
    183a:	0f b6       	in	r0, 0x3f	; 63
    183c:	0f 92       	push	r0
    183e:	11 24       	eor	r1, r1
    1840:	2f 93       	push	r18
    1842:	8f 93       	push	r24
    1844:	9f 93       	push	r25
    1846:	ef 93       	push	r30
    1848:	ff 93       	push	r31
    char value = (char)UDR0;
    184a:	20 91 c6 00 	lds	r18, 0x00C6	; 0x8000c6 <__TEXT_REGION_LENGTH__+0x7f80c6>
    uint8_t next = (uint8_t)((rx_head + 1U) & UART0_RX_BUFFER_MASK);
    184e:	80 91 07 06 	lds	r24, 0x0607	; 0x800607 <rx_head>
    1852:	8f 5f       	subi	r24, 0xFF	; 255
    1854:	8f 77       	andi	r24, 0x7F	; 127

    if (next == rx_tail) {
    1856:	90 91 06 06 	lds	r25, 0x0606	; 0x800606 <rx_tail>
    185a:	89 13       	cpse	r24, r25
    185c:	04 c0       	rjmp	.+8      	; 0x1866 <__vector_18+0x30>
        rx_overflow = 1U;
    185e:	81 e0       	ldi	r24, 0x01	; 1
    1860:	80 93 05 06 	sts	0x0605, r24	; 0x800605 <rx_overflow>
        return;
    1864:	08 c0       	rjmp	.+16     	; 0x1876 <__vector_18+0x40>
    }

    rx_buffer[rx_head] = value;
    1866:	e0 91 07 06 	lds	r30, 0x0607	; 0x800607 <rx_head>
    186a:	f0 e0       	ldi	r31, 0x00	; 0
    186c:	eb 57       	subi	r30, 0x7B	; 123
    186e:	fa 4f       	sbci	r31, 0xFA	; 250
    1870:	20 83       	st	Z, r18
    rx_head = next;
    1872:	80 93 07 06 	sts	0x0607, r24	; 0x800607 <rx_head>
}
    1876:	ff 91       	pop	r31
    1878:	ef 91       	pop	r30
    187a:	9f 91       	pop	r25
    187c:	8f 91       	pop	r24
    187e:	2f 91       	pop	r18
    1880:	0f 90       	pop	r0
    1882:	0f be       	out	0x3f, r0	; 63
    1884:	0f 90       	pop	r0
    1886:	1f 90       	pop	r1
    1888:	18 95       	reti

0000188a <uart0_init>:

void uart0_init(void)
{
    UBRR0H = (uint8_t)(UBRR_VALUE >> 8);
    188a:	10 92 c5 00 	sts	0x00C5, r1	; 0x8000c5 <__TEXT_REGION_LENGTH__+0x7f80c5>
    UBRR0L = (uint8_t)(UBRR_VALUE & 0xFFU);
    188e:	8c e0       	ldi	r24, 0x0C	; 12
    1890:	80 93 c4 00 	sts	0x00C4, r24	; 0x8000c4 <__TEXT_REGION_LENGTH__+0x7f80c4>
    UCSR0A = 0x00;
    1894:	10 92 c0 00 	sts	0x00C0, r1	; 0x8000c0 <__TEXT_REGION_LENGTH__+0x7f80c0>
    UCSR0B = (1 << RXCIE0) | (1 << RXEN0) | (1 << TXEN0);
    1898:	88 e9       	ldi	r24, 0x98	; 152
    189a:	80 93 c1 00 	sts	0x00C1, r24	; 0x8000c1 <__TEXT_REGION_LENGTH__+0x7f80c1>
    UCSR0C = (1 << UCSZ01) | (1 << UCSZ00); /* 8N1 */
    189e:	86 e0       	ldi	r24, 0x06	; 6
    18a0:	80 93 c2 00 	sts	0x00C2, r24	; 0x8000c2 <__TEXT_REGION_LENGTH__+0x7f80c2>
    18a4:	08 95       	ret

000018a6 <uart0_putc>:
}

void uart0_putc(char c)
{
    while (!(UCSR0A & (1 << UDRE0))) {}
    18a6:	90 91 c0 00 	lds	r25, 0x00C0	; 0x8000c0 <__TEXT_REGION_LENGTH__+0x7f80c0>
    18aa:	95 ff       	sbrs	r25, 5
    18ac:	fc cf       	rjmp	.-8      	; 0x18a6 <uart0_putc>
    UDR0 = c;
    18ae:	80 93 c6 00 	sts	0x00C6, r24	; 0x8000c6 <__TEXT_REGION_LENGTH__+0x7f80c6>
    18b2:	08 95       	ret

000018b4 <uart0_print>:
}

void uart0_print(const char *s)
{
    18b4:	cf 93       	push	r28
    18b6:	df 93       	push	r29
    18b8:	ec 01       	movw	r28, r24
    while (*s != '\0') uart0_putc(*s++);
    18ba:	03 c0       	rjmp	.+6      	; 0x18c2 <uart0_print+0xe>
    18bc:	21 96       	adiw	r28, 0x01	; 1
    18be:	0e 94 53 0c 	call	0x18a6	; 0x18a6 <uart0_putc>
    18c2:	88 81       	ld	r24, Y
    18c4:	81 11       	cpse	r24, r1
    18c6:	fa cf       	rjmp	.-12     	; 0x18bc <uart0_print+0x8>
}
    18c8:	df 91       	pop	r29
    18ca:	cf 91       	pop	r28
    18cc:	08 95       	ret

000018ce <uart0_print_hex8>:

void uart0_print_hex8(uint8_t value)
{
    18ce:	cf 93       	push	r28
    18d0:	c8 2f       	mov	r28, r24
    static const char hex[] = "0123456789ABCDEF";
    uart0_putc(hex[(value >> 4) & 0x0FU]);
    18d2:	e8 2f       	mov	r30, r24
    18d4:	e2 95       	swap	r30
    18d6:	ef 70       	andi	r30, 0x0F	; 15
    18d8:	f0 e0       	ldi	r31, 0x00	; 0
    18da:	e1 53       	subi	r30, 0x31	; 49
    18dc:	fb 4f       	sbci	r31, 0xFB	; 251
    18de:	80 81       	ld	r24, Z
    18e0:	0e 94 53 0c 	call	0x18a6	; 0x18a6 <uart0_putc>
    uart0_putc(hex[value & 0x0FU]);
    18e4:	cf 70       	andi	r28, 0x0F	; 15
    18e6:	ec 2f       	mov	r30, r28
    18e8:	f0 e0       	ldi	r31, 0x00	; 0
    18ea:	e1 53       	subi	r30, 0x31	; 49
    18ec:	fb 4f       	sbci	r31, 0xFB	; 251
    18ee:	80 81       	ld	r24, Z
    18f0:	0e 94 53 0c 	call	0x18a6	; 0x18a6 <uart0_putc>
}
    18f4:	cf 91       	pop	r28
    18f6:	08 95       	ret

000018f8 <uart0_print_uint16>:

void uart0_print_uint16(uint16_t value)
{
    18f8:	1f 93       	push	r17
    18fa:	cf 93       	push	r28
    18fc:	df 93       	push	r29
    18fe:	00 d0       	rcall	.+0      	; 0x1900 <uart0_print_uint16+0x8>
    1900:	00 d0       	rcall	.+0      	; 0x1902 <uart0_print_uint16+0xa>
    1902:	1f 92       	push	r1
    1904:	cd b7       	in	r28, 0x3d	; 61
    1906:	de b7       	in	r29, 0x3e	; 62
    1908:	ac 01       	movw	r20, r24
    char buffer[5];
    uint8_t count = 0U;

    if (value == 0U) {
    190a:	89 2b       	or	r24, r25
    190c:	91 f5       	brne	.+100    	; 0x1972 <uart0_print_uint16+0x7a>
        uart0_putc('0');
    190e:	80 e3       	ldi	r24, 0x30	; 48
    1910:	0e 94 53 0c 	call	0x18a6	; 0x18a6 <uart0_putc>
    1914:	3f c0       	rjmp	.+126    	; 0x1994 <uart0_print_uint16+0x9c>
        return;
    }

    while (value > 0U) {
        buffer[count++] = (char)('0' + (value % 10U));
    1916:	9a 01       	movw	r18, r20
    1918:	ad ec       	ldi	r26, 0xCD	; 205
    191a:	bc ec       	ldi	r27, 0xCC	; 204
    191c:	0e 94 20 0e 	call	0x1c40	; 0x1c40 <__umulhisi3>
    1920:	96 95       	lsr	r25
    1922:	87 95       	ror	r24
    1924:	96 95       	lsr	r25
    1926:	87 95       	ror	r24
    1928:	96 95       	lsr	r25
    192a:	87 95       	ror	r24
    192c:	9c 01       	movw	r18, r24
    192e:	22 0f       	add	r18, r18
    1930:	33 1f       	adc	r19, r19
    1932:	88 0f       	add	r24, r24
    1934:	99 1f       	adc	r25, r25
    1936:	88 0f       	add	r24, r24
    1938:	99 1f       	adc	r25, r25
    193a:	88 0f       	add	r24, r24
    193c:	99 1f       	adc	r25, r25
    193e:	82 0f       	add	r24, r18
    1940:	93 1f       	adc	r25, r19
    1942:	9a 01       	movw	r18, r20
    1944:	28 1b       	sub	r18, r24
    1946:	39 0b       	sbc	r19, r25
    1948:	c9 01       	movw	r24, r18
    194a:	80 5d       	subi	r24, 0xD0	; 208
    194c:	e1 e0       	ldi	r30, 0x01	; 1
    194e:	f0 e0       	ldi	r31, 0x00	; 0
    1950:	ec 0f       	add	r30, r28
    1952:	fd 1f       	adc	r31, r29
    1954:	e1 0f       	add	r30, r17
    1956:	f1 1d       	adc	r31, r1
    1958:	80 83       	st	Z, r24
        value /= 10U;
    195a:	9a 01       	movw	r18, r20
    195c:	0e 94 20 0e 	call	0x1c40	; 0x1c40 <__umulhisi3>
    1960:	ac 01       	movw	r20, r24
    1962:	56 95       	lsr	r21
    1964:	47 95       	ror	r20
    1966:	56 95       	lsr	r21
    1968:	47 95       	ror	r20
    196a:	56 95       	lsr	r21
    196c:	47 95       	ror	r20
        uart0_putc('0');
        return;
    }

    while (value > 0U) {
        buffer[count++] = (char)('0' + (value % 10U));
    196e:	1f 5f       	subi	r17, 0xFF	; 255
    1970:	01 c0       	rjmp	.+2      	; 0x1974 <uart0_print_uint16+0x7c>
    1972:	10 e0       	ldi	r17, 0x00	; 0
    if (value == 0U) {
        uart0_putc('0');
        return;
    }

    while (value > 0U) {
    1974:	41 15       	cp	r20, r1
    1976:	51 05       	cpc	r21, r1
    1978:	71 f6       	brne	.-100    	; 0x1916 <uart0_print_uint16+0x1e>
    197a:	0a c0       	rjmp	.+20     	; 0x1990 <uart0_print_uint16+0x98>
        buffer[count++] = (char)('0' + (value % 10U));
        value /= 10U;
    }

    while (count > 0U) uart0_putc(buffer[--count]);
    197c:	11 50       	subi	r17, 0x01	; 1
    197e:	e1 e0       	ldi	r30, 0x01	; 1
    1980:	f0 e0       	ldi	r31, 0x00	; 0
    1982:	ec 0f       	add	r30, r28
    1984:	fd 1f       	adc	r31, r29
    1986:	e1 0f       	add	r30, r17
    1988:	f1 1d       	adc	r31, r1
    198a:	80 81       	ld	r24, Z
    198c:	0e 94 53 0c 	call	0x18a6	; 0x18a6 <uart0_putc>
    1990:	11 11       	cpse	r17, r1
    1992:	f4 cf       	rjmp	.-24     	; 0x197c <uart0_print_uint16+0x84>
}
    1994:	0f 90       	pop	r0
    1996:	0f 90       	pop	r0
    1998:	0f 90       	pop	r0
    199a:	0f 90       	pop	r0
    199c:	0f 90       	pop	r0
    199e:	df 91       	pop	r29
    19a0:	cf 91       	pop	r28
    19a2:	1f 91       	pop	r17
    19a4:	08 95       	ret

000019a6 <uart0_print_uint32>:

void uart0_print_uint32(uint32_t value)
{
    19a6:	1f 93       	push	r17
    19a8:	cf 93       	push	r28
    19aa:	df 93       	push	r29
    19ac:	cd b7       	in	r28, 0x3d	; 61
    19ae:	de b7       	in	r29, 0x3e	; 62
    19b0:	2a 97       	sbiw	r28, 0x0a	; 10
    19b2:	0f b6       	in	r0, 0x3f	; 63
    19b4:	f8 94       	cli
    19b6:	de bf       	out	0x3e, r29	; 62
    19b8:	0f be       	out	0x3f, r0	; 63
    19ba:	cd bf       	out	0x3d, r28	; 61
    char buffer[10];
    uint8_t count = 0U;

    if (value == 0UL) {
    19bc:	61 15       	cp	r22, r1
    19be:	71 05       	cpc	r23, r1
    19c0:	81 05       	cpc	r24, r1
    19c2:	91 05       	cpc	r25, r1
    19c4:	c1 f4       	brne	.+48     	; 0x19f6 <uart0_print_uint32+0x50>
        uart0_putc('0');
    19c6:	80 e3       	ldi	r24, 0x30	; 48
    19c8:	0e 94 53 0c 	call	0x18a6	; 0x18a6 <uart0_putc>
    19cc:	27 c0       	rjmp	.+78     	; 0x1a1c <uart0_print_uint32+0x76>
        return;
    }

    while (value > 0UL) {
        buffer[count++] = (char)('0' + (value % 10UL));
    19ce:	2a e0       	ldi	r18, 0x0A	; 10
    19d0:	30 e0       	ldi	r19, 0x00	; 0
    19d2:	40 e0       	ldi	r20, 0x00	; 0
    19d4:	50 e0       	ldi	r21, 0x00	; 0
    19d6:	0e 94 df 0d 	call	0x1bbe	; 0x1bbe <__udivmodsi4>
    19da:	60 5d       	subi	r22, 0xD0	; 208
    19dc:	e1 e0       	ldi	r30, 0x01	; 1
    19de:	f0 e0       	ldi	r31, 0x00	; 0
    19e0:	ec 0f       	add	r30, r28
    19e2:	fd 1f       	adc	r31, r29
    19e4:	e1 0f       	add	r30, r17
    19e6:	f1 1d       	adc	r31, r1
    19e8:	60 83       	st	Z, r22
        value /= 10UL;
    19ea:	62 2f       	mov	r22, r18
    19ec:	73 2f       	mov	r23, r19
    19ee:	84 2f       	mov	r24, r20
    19f0:	95 2f       	mov	r25, r21
        uart0_putc('0');
        return;
    }

    while (value > 0UL) {
        buffer[count++] = (char)('0' + (value % 10UL));
    19f2:	1f 5f       	subi	r17, 0xFF	; 255
    19f4:	01 c0       	rjmp	.+2      	; 0x19f8 <uart0_print_uint32+0x52>
    19f6:	10 e0       	ldi	r17, 0x00	; 0
    if (value == 0UL) {
        uart0_putc('0');
        return;
    }

    while (value > 0UL) {
    19f8:	61 15       	cp	r22, r1
    19fa:	71 05       	cpc	r23, r1
    19fc:	81 05       	cpc	r24, r1
    19fe:	91 05       	cpc	r25, r1
    1a00:	31 f7       	brne	.-52     	; 0x19ce <uart0_print_uint32+0x28>
    1a02:	0a c0       	rjmp	.+20     	; 0x1a18 <uart0_print_uint32+0x72>
        buffer[count++] = (char)('0' + (value % 10UL));
        value /= 10UL;
    }

    while (count > 0U) uart0_putc(buffer[--count]);
    1a04:	11 50       	subi	r17, 0x01	; 1
    1a06:	e1 e0       	ldi	r30, 0x01	; 1
    1a08:	f0 e0       	ldi	r31, 0x00	; 0
    1a0a:	ec 0f       	add	r30, r28
    1a0c:	fd 1f       	adc	r31, r29
    1a0e:	e1 0f       	add	r30, r17
    1a10:	f1 1d       	adc	r31, r1
    1a12:	80 81       	ld	r24, Z
    1a14:	0e 94 53 0c 	call	0x18a6	; 0x18a6 <uart0_putc>
    1a18:	11 11       	cpse	r17, r1
    1a1a:	f4 cf       	rjmp	.-24     	; 0x1a04 <uart0_print_uint32+0x5e>
}
    1a1c:	2a 96       	adiw	r28, 0x0a	; 10
    1a1e:	0f b6       	in	r0, 0x3f	; 63
    1a20:	f8 94       	cli
    1a22:	de bf       	out	0x3e, r29	; 62
    1a24:	0f be       	out	0x3f, r0	; 63
    1a26:	cd bf       	out	0x3d, r28	; 61
    1a28:	df 91       	pop	r29
    1a2a:	cf 91       	pop	r28
    1a2c:	1f 91       	pop	r17
    1a2e:	08 95       	ret

00001a30 <uart0_print_int32>:

void uart0_print_int32(int32_t value)
{
    1a30:	cf 92       	push	r12
    1a32:	df 92       	push	r13
    1a34:	ef 92       	push	r14
    1a36:	ff 92       	push	r15
    1a38:	6b 01       	movw	r12, r22
    1a3a:	7c 01       	movw	r14, r24
    if (value < 0L) {
    1a3c:	99 23       	and	r25, r25
    1a3e:	5c f4       	brge	.+22     	; 0x1a56 <uart0_print_int32+0x26>
        uart0_putc('-');
    1a40:	8d e2       	ldi	r24, 0x2D	; 45
    1a42:	0e 94 53 0c 	call	0x18a6	; 0x18a6 <uart0_putc>
        value = -value;
    1a46:	f0 94       	com	r15
    1a48:	e0 94       	com	r14
    1a4a:	d0 94       	com	r13
    1a4c:	c0 94       	com	r12
    1a4e:	c1 1c       	adc	r12, r1
    1a50:	d1 1c       	adc	r13, r1
    1a52:	e1 1c       	adc	r14, r1
    1a54:	f1 1c       	adc	r15, r1
    }
    uart0_print_uint32((uint32_t)value);
    1a56:	c7 01       	movw	r24, r14
    1a58:	b6 01       	movw	r22, r12
    1a5a:	0e 94 d3 0c 	call	0x19a6	; 0x19a6 <uart0_print_uint32>
}
    1a5e:	ff 90       	pop	r15
    1a60:	ef 90       	pop	r14
    1a62:	df 90       	pop	r13
    1a64:	cf 90       	pop	r12
    1a66:	08 95       	ret

00001a68 <uart0_print_fixed_2>:

void uart0_print_fixed_2(int32_t value_x100)
{
    1a68:	cf 92       	push	r12
    1a6a:	df 92       	push	r13
    1a6c:	ef 92       	push	r14
    1a6e:	ff 92       	push	r15
    1a70:	cf 93       	push	r28
    1a72:	df 93       	push	r29
    1a74:	6b 01       	movw	r12, r22
    1a76:	7c 01       	movw	r14, r24
    if (value_x100 < 0L) {
    1a78:	99 23       	and	r25, r25
    1a7a:	5c f4       	brge	.+22     	; 0x1a92 <uart0_print_fixed_2+0x2a>
        uart0_putc('-');
    1a7c:	8d e2       	ldi	r24, 0x2D	; 45
    1a7e:	0e 94 53 0c 	call	0x18a6	; 0x18a6 <uart0_putc>
        value_x100 = -value_x100;
    1a82:	f0 94       	com	r15
    1a84:	e0 94       	com	r14
    1a86:	d0 94       	com	r13
    1a88:	c0 94       	com	r12
    1a8a:	c1 1c       	adc	r12, r1
    1a8c:	d1 1c       	adc	r13, r1
    1a8e:	e1 1c       	adc	r14, r1
    1a90:	f1 1c       	adc	r15, r1
    }

    uart0_print_uint32((uint32_t)(value_x100 / 100L));
    1a92:	c7 01       	movw	r24, r14
    1a94:	b6 01       	movw	r22, r12
    1a96:	24 e6       	ldi	r18, 0x64	; 100
    1a98:	30 e0       	ldi	r19, 0x00	; 0
    1a9a:	40 e0       	ldi	r20, 0x00	; 0
    1a9c:	50 e0       	ldi	r21, 0x00	; 0
    1a9e:	0e 94 01 0e 	call	0x1c02	; 0x1c02 <__divmodsi4>
    1aa2:	d6 2f       	mov	r29, r22
    1aa4:	ca 01       	movw	r24, r20
    1aa6:	b9 01       	movw	r22, r18
    1aa8:	0e 94 d3 0c 	call	0x19a6	; 0x19a6 <uart0_print_uint32>
    uart0_putc('.');
    1aac:	8e e2       	ldi	r24, 0x2E	; 46
    1aae:	0e 94 53 0c 	call	0x18a6	; 0x18a6 <uart0_putc>

    uint8_t fraction = (uint8_t)(value_x100 % 100L);
    uart0_putc((char)('0' + (fraction / 10U)));
    1ab2:	cd ec       	ldi	r28, 0xCD	; 205
    1ab4:	dc 9f       	mul	r29, r28
    1ab6:	c1 2d       	mov	r28, r1
    1ab8:	11 24       	eor	r1, r1
    1aba:	c6 95       	lsr	r28
    1abc:	c6 95       	lsr	r28
    1abe:	c6 95       	lsr	r28
    1ac0:	80 e3       	ldi	r24, 0x30	; 48
    1ac2:	8c 0f       	add	r24, r28
    1ac4:	0e 94 53 0c 	call	0x18a6	; 0x18a6 <uart0_putc>
    uart0_putc((char)('0' + (fraction % 10U)));
    1ac8:	cc 0f       	add	r28, r28
    1aca:	8c 2f       	mov	r24, r28
    1acc:	88 0f       	add	r24, r24
    1ace:	88 0f       	add	r24, r24
    1ad0:	c8 0f       	add	r28, r24
    1ad2:	8d 2f       	mov	r24, r29
    1ad4:	8c 1b       	sub	r24, r28
    1ad6:	80 5d       	subi	r24, 0xD0	; 208
    1ad8:	0e 94 53 0c 	call	0x18a6	; 0x18a6 <uart0_putc>
}
    1adc:	df 91       	pop	r29
    1ade:	cf 91       	pop	r28
    1ae0:	ff 90       	pop	r15
    1ae2:	ef 90       	pop	r14
    1ae4:	df 90       	pop	r13
    1ae6:	cf 90       	pop	r12
    1ae8:	08 95       	ret

00001aea <uart0_readline>:

uint8_t uart0_readline(char *destination, uint8_t destination_size)
{
    1aea:	dc 01       	movw	r26, r24
    static char line[UART0_COMMAND_MAX_LENGTH];
    static uint8_t length = 0U;

    while (rx_tail != rx_head) {
    1aec:	5a c0       	rjmp	.+180    	; 0x1ba2 <uart0_readline+0xb8>
        char value = rx_buffer[rx_tail];
    1aee:	e0 91 06 06 	lds	r30, 0x0606	; 0x800606 <rx_tail>
    1af2:	f0 e0       	ldi	r31, 0x00	; 0
    1af4:	eb 57       	subi	r30, 0x7B	; 123
    1af6:	fa 4f       	sbci	r31, 0xFA	; 250
    1af8:	80 81       	ld	r24, Z
        rx_tail = (uint8_t)((rx_tail + 1U) & UART0_RX_BUFFER_MASK);
    1afa:	90 91 06 06 	lds	r25, 0x0606	; 0x800606 <rx_tail>
    1afe:	9f 5f       	subi	r25, 0xFF	; 255
    1b00:	9f 77       	andi	r25, 0x7F	; 127
    1b02:	90 93 06 06 	sts	0x0606, r25	; 0x800606 <rx_tail>

        if (value == '\r' || value == '\n') {
    1b06:	8d 30       	cpi	r24, 0x0D	; 13
    1b08:	11 f0       	breq	.+4      	; 0x1b0e <uart0_readline+0x24>
    1b0a:	8a 30       	cpi	r24, 0x0A	; 10
    1b0c:	39 f5       	brne	.+78     	; 0x1b5c <uart0_readline+0x72>
            if (length == 0U) continue;
    1b0e:	e0 91 84 05 	lds	r30, 0x0584	; 0x800584 <length.1688>
    1b12:	ee 23       	and	r30, r30
    1b14:	09 f4       	brne	.+2      	; 0x1b18 <uart0_readline+0x2e>
    1b16:	45 c0       	rjmp	.+138    	; 0x1ba2 <uart0_readline+0xb8>

            line[length] = '\0';
    1b18:	f0 e0       	ldi	r31, 0x00	; 0
    1b1a:	ec 5d       	subi	r30, 0xDC	; 220
    1b1c:	fa 4f       	sbci	r31, 0xFA	; 250
    1b1e:	10 82       	st	Z, r1
            uint8_t index = 0U;
    1b20:	90 e0       	ldi	r25, 0x00	; 0
            while (index + 1U < destination_size && line[index] != '\0') {
    1b22:	05 c0       	rjmp	.+10     	; 0x1b2e <uart0_readline+0x44>
                destination[index] = line[index];
    1b24:	fd 01       	movw	r30, r26
    1b26:	e2 0f       	add	r30, r18
    1b28:	f3 1f       	adc	r31, r19
    1b2a:	40 83       	st	Z, r20
                index++;
    1b2c:	9f 5f       	subi	r25, 0xFF	; 255
        if (value == '\r' || value == '\n') {
            if (length == 0U) continue;

            line[length] = '\0';
            uint8_t index = 0U;
            while (index + 1U < destination_size && line[index] != '\0') {
    1b2e:	29 2f       	mov	r18, r25
    1b30:	30 e0       	ldi	r19, 0x00	; 0
    1b32:	f9 01       	movw	r30, r18
    1b34:	31 96       	adiw	r30, 0x01	; 1
    1b36:	46 2f       	mov	r20, r22
    1b38:	50 e0       	ldi	r21, 0x00	; 0
    1b3a:	e4 17       	cp	r30, r20
    1b3c:	f5 07       	cpc	r31, r21
    1b3e:	30 f4       	brcc	.+12     	; 0x1b4c <uart0_readline+0x62>
    1b40:	f9 01       	movw	r30, r18
    1b42:	ec 5d       	subi	r30, 0xDC	; 220
    1b44:	fa 4f       	sbci	r31, 0xFA	; 250
    1b46:	40 81       	ld	r20, Z
    1b48:	41 11       	cpse	r20, r1
    1b4a:	ec cf       	rjmp	.-40     	; 0x1b24 <uart0_readline+0x3a>
                destination[index] = line[index];
                index++;
            }
            destination[index] = '\0';
    1b4c:	fd 01       	movw	r30, r26
    1b4e:	e2 0f       	add	r30, r18
    1b50:	f3 1f       	adc	r31, r19
    1b52:	10 82       	st	Z, r1
            length = 0U;
    1b54:	10 92 84 05 	sts	0x0584, r1	; 0x800584 <length.1688>
            return 1U;
    1b58:	81 e0       	ldi	r24, 0x01	; 1
    1b5a:	08 95       	ret
        }

        if (value == '\b' || value == 0x7F) {
    1b5c:	88 30       	cpi	r24, 0x08	; 8
    1b5e:	11 f0       	breq	.+4      	; 0x1b64 <uart0_readline+0x7a>
    1b60:	8f 37       	cpi	r24, 0x7F	; 127
    1b62:	41 f4       	brne	.+16     	; 0x1b74 <uart0_readline+0x8a>
            if (length > 0U) length--;
    1b64:	80 91 84 05 	lds	r24, 0x0584	; 0x800584 <length.1688>
    1b68:	88 23       	and	r24, r24
    1b6a:	d9 f0       	breq	.+54     	; 0x1ba2 <uart0_readline+0xb8>
    1b6c:	81 50       	subi	r24, 0x01	; 1
    1b6e:	80 93 84 05 	sts	0x0584, r24	; 0x800584 <length.1688>
            continue;
    1b72:	17 c0       	rjmp	.+46     	; 0x1ba2 <uart0_readline+0xb8>
        }

        if (length + 1U < sizeof(line)) {
    1b74:	e0 91 84 05 	lds	r30, 0x0584	; 0x800584 <length.1688>
    1b78:	2e 2f       	mov	r18, r30
    1b7a:	30 e0       	ldi	r19, 0x00	; 0
    1b7c:	2f 5f       	subi	r18, 0xFF	; 255
    1b7e:	3f 4f       	sbci	r19, 0xFF	; 255
    1b80:	20 36       	cpi	r18, 0x60	; 96
    1b82:	31 05       	cpc	r19, r1
    1b84:	48 f4       	brcc	.+18     	; 0x1b98 <uart0_readline+0xae>
            line[length++] = value;
    1b86:	91 e0       	ldi	r25, 0x01	; 1
    1b88:	9e 0f       	add	r25, r30
    1b8a:	90 93 84 05 	sts	0x0584, r25	; 0x800584 <length.1688>
    1b8e:	f0 e0       	ldi	r31, 0x00	; 0
    1b90:	ec 5d       	subi	r30, 0xDC	; 220
    1b92:	fa 4f       	sbci	r31, 0xFA	; 250
    1b94:	80 83       	st	Z, r24
    1b96:	05 c0       	rjmp	.+10     	; 0x1ba2 <uart0_readline+0xb8>
        } else {
            length = 0U;
    1b98:	10 92 84 05 	sts	0x0584, r1	; 0x800584 <length.1688>
            rx_overflow = 1U;
    1b9c:	81 e0       	ldi	r24, 0x01	; 1
    1b9e:	80 93 05 06 	sts	0x0605, r24	; 0x800605 <rx_overflow>
uint8_t uart0_readline(char *destination, uint8_t destination_size)
{
    static char line[UART0_COMMAND_MAX_LENGTH];
    static uint8_t length = 0U;

    while (rx_tail != rx_head) {
    1ba2:	90 91 06 06 	lds	r25, 0x0606	; 0x800606 <rx_tail>
    1ba6:	80 91 07 06 	lds	r24, 0x0607	; 0x800607 <rx_head>
    1baa:	98 13       	cpse	r25, r24
    1bac:	a0 cf       	rjmp	.-192    	; 0x1aee <uart0_readline+0x4>
            length = 0U;
            rx_overflow = 1U;
        }
    }

    return 0U;
    1bae:	80 e0       	ldi	r24, 0x00	; 0
}
    1bb0:	08 95       	ret

00001bb2 <uart0_rx_overflowed>:

uint8_t uart0_rx_overflowed(void)
{
    return rx_overflow;
    1bb2:	80 91 05 06 	lds	r24, 0x0605	; 0x800605 <rx_overflow>
}
    1bb6:	08 95       	ret

00001bb8 <uart0_clear_rx_overflow>:

void uart0_clear_rx_overflow(void)
{
    rx_overflow = 0U;
    1bb8:	10 92 05 06 	sts	0x0605, r1	; 0x800605 <rx_overflow>
    1bbc:	08 95       	ret

00001bbe <__udivmodsi4>:
    1bbe:	a1 e2       	ldi	r26, 0x21	; 33
    1bc0:	1a 2e       	mov	r1, r26
    1bc2:	aa 1b       	sub	r26, r26
    1bc4:	bb 1b       	sub	r27, r27
    1bc6:	fd 01       	movw	r30, r26
    1bc8:	0d c0       	rjmp	.+26     	; 0x1be4 <__udivmodsi4_ep>

00001bca <__udivmodsi4_loop>:
    1bca:	aa 1f       	adc	r26, r26
    1bcc:	bb 1f       	adc	r27, r27
    1bce:	ee 1f       	adc	r30, r30
    1bd0:	ff 1f       	adc	r31, r31
    1bd2:	a2 17       	cp	r26, r18
    1bd4:	b3 07       	cpc	r27, r19
    1bd6:	e4 07       	cpc	r30, r20
    1bd8:	f5 07       	cpc	r31, r21
    1bda:	20 f0       	brcs	.+8      	; 0x1be4 <__udivmodsi4_ep>
    1bdc:	a2 1b       	sub	r26, r18
    1bde:	b3 0b       	sbc	r27, r19
    1be0:	e4 0b       	sbc	r30, r20
    1be2:	f5 0b       	sbc	r31, r21

00001be4 <__udivmodsi4_ep>:
    1be4:	66 1f       	adc	r22, r22
    1be6:	77 1f       	adc	r23, r23
    1be8:	88 1f       	adc	r24, r24
    1bea:	99 1f       	adc	r25, r25
    1bec:	1a 94       	dec	r1
    1bee:	69 f7       	brne	.-38     	; 0x1bca <__udivmodsi4_loop>
    1bf0:	60 95       	com	r22
    1bf2:	70 95       	com	r23
    1bf4:	80 95       	com	r24
    1bf6:	90 95       	com	r25
    1bf8:	9b 01       	movw	r18, r22
    1bfa:	ac 01       	movw	r20, r24
    1bfc:	bd 01       	movw	r22, r26
    1bfe:	cf 01       	movw	r24, r30
    1c00:	08 95       	ret

00001c02 <__divmodsi4>:
    1c02:	05 2e       	mov	r0, r21
    1c04:	97 fb       	bst	r25, 7
    1c06:	1e f4       	brtc	.+6      	; 0x1c0e <__divmodsi4+0xc>
    1c08:	00 94       	com	r0
    1c0a:	0e 94 18 0e 	call	0x1c30	; 0x1c30 <__negsi2>
    1c0e:	57 fd       	sbrc	r21, 7
    1c10:	07 d0       	rcall	.+14     	; 0x1c20 <__divmodsi4_neg2>
    1c12:	0e 94 df 0d 	call	0x1bbe	; 0x1bbe <__udivmodsi4>
    1c16:	07 fc       	sbrc	r0, 7
    1c18:	03 d0       	rcall	.+6      	; 0x1c20 <__divmodsi4_neg2>
    1c1a:	4e f4       	brtc	.+18     	; 0x1c2e <__divmodsi4_exit>
    1c1c:	0c 94 18 0e 	jmp	0x1c30	; 0x1c30 <__negsi2>

00001c20 <__divmodsi4_neg2>:
    1c20:	50 95       	com	r21
    1c22:	40 95       	com	r20
    1c24:	30 95       	com	r19
    1c26:	21 95       	neg	r18
    1c28:	3f 4f       	sbci	r19, 0xFF	; 255
    1c2a:	4f 4f       	sbci	r20, 0xFF	; 255
    1c2c:	5f 4f       	sbci	r21, 0xFF	; 255

00001c2e <__divmodsi4_exit>:
    1c2e:	08 95       	ret

00001c30 <__negsi2>:
    1c30:	90 95       	com	r25
    1c32:	80 95       	com	r24
    1c34:	70 95       	com	r23
    1c36:	61 95       	neg	r22
    1c38:	7f 4f       	sbci	r23, 0xFF	; 255
    1c3a:	8f 4f       	sbci	r24, 0xFF	; 255
    1c3c:	9f 4f       	sbci	r25, 0xFF	; 255
    1c3e:	08 95       	ret

00001c40 <__umulhisi3>:
    1c40:	a2 9f       	mul	r26, r18
    1c42:	b0 01       	movw	r22, r0
    1c44:	b3 9f       	mul	r27, r19
    1c46:	c0 01       	movw	r24, r0
    1c48:	a3 9f       	mul	r26, r19
    1c4a:	70 0d       	add	r23, r0
    1c4c:	81 1d       	adc	r24, r1
    1c4e:	11 24       	eor	r1, r1
    1c50:	91 1d       	adc	r25, r1
    1c52:	b2 9f       	mul	r27, r18
    1c54:	70 0d       	add	r23, r0
    1c56:	81 1d       	adc	r24, r1
    1c58:	11 24       	eor	r1, r1
    1c5a:	91 1d       	adc	r25, r1
    1c5c:	08 95       	ret

00001c5e <__muluhisi3>:
    1c5e:	0e 94 20 0e 	call	0x1c40	; 0x1c40 <__umulhisi3>
    1c62:	a5 9f       	mul	r26, r21
    1c64:	90 0d       	add	r25, r0
    1c66:	b4 9f       	mul	r27, r20
    1c68:	90 0d       	add	r25, r0
    1c6a:	a4 9f       	mul	r26, r20
    1c6c:	80 0d       	add	r24, r0
    1c6e:	91 1d       	adc	r25, r1
    1c70:	11 24       	eor	r1, r1
    1c72:	08 95       	ret

00001c74 <__muldi3>:
    1c74:	df 93       	push	r29
    1c76:	cf 93       	push	r28
    1c78:	1f 93       	push	r17
    1c7a:	0f 93       	push	r16
    1c7c:	9a 9d       	mul	r25, r10
    1c7e:	f0 2d       	mov	r31, r0
    1c80:	21 9f       	mul	r18, r17
    1c82:	f0 0d       	add	r31, r0
    1c84:	8b 9d       	mul	r24, r11
    1c86:	f0 0d       	add	r31, r0
    1c88:	8a 9d       	mul	r24, r10
    1c8a:	e0 2d       	mov	r30, r0
    1c8c:	f1 0d       	add	r31, r1
    1c8e:	03 9f       	mul	r16, r19
    1c90:	f0 0d       	add	r31, r0
    1c92:	02 9f       	mul	r16, r18
    1c94:	e0 0d       	add	r30, r0
    1c96:	f1 1d       	adc	r31, r1
    1c98:	4e 9d       	mul	r20, r14
    1c9a:	e0 0d       	add	r30, r0
    1c9c:	f1 1d       	adc	r31, r1
    1c9e:	5e 9d       	mul	r21, r14
    1ca0:	f0 0d       	add	r31, r0
    1ca2:	4f 9d       	mul	r20, r15
    1ca4:	f0 0d       	add	r31, r0
    1ca6:	7f 93       	push	r23
    1ca8:	6f 93       	push	r22
    1caa:	bf 92       	push	r11
    1cac:	af 92       	push	r10
    1cae:	5f 93       	push	r21
    1cb0:	4f 93       	push	r20
    1cb2:	d5 01       	movw	r26, r10
    1cb4:	0e 94 20 0e 	call	0x1c40	; 0x1c40 <__umulhisi3>
    1cb8:	8b 01       	movw	r16, r22
    1cba:	ac 01       	movw	r20, r24
    1cbc:	d7 01       	movw	r26, r14
    1cbe:	0e 94 20 0e 	call	0x1c40	; 0x1c40 <__umulhisi3>
    1cc2:	eb 01       	movw	r28, r22
    1cc4:	e8 0f       	add	r30, r24
    1cc6:	f9 1f       	adc	r31, r25
    1cc8:	d6 01       	movw	r26, r12
    1cca:	0e 94 8a 0e 	call	0x1d14	; 0x1d14 <__muldi3_6>
    1cce:	2f 91       	pop	r18
    1cd0:	3f 91       	pop	r19
    1cd2:	d6 01       	movw	r26, r12
    1cd4:	0e 94 20 0e 	call	0x1c40	; 0x1c40 <__umulhisi3>
    1cd8:	c6 0f       	add	r28, r22
    1cda:	d7 1f       	adc	r29, r23
    1cdc:	e8 1f       	adc	r30, r24
    1cde:	f9 1f       	adc	r31, r25
    1ce0:	af 91       	pop	r26
    1ce2:	bf 91       	pop	r27
    1ce4:	0e 94 8a 0e 	call	0x1d14	; 0x1d14 <__muldi3_6>
    1ce8:	2f 91       	pop	r18
    1cea:	3f 91       	pop	r19
    1cec:	0e 94 20 0e 	call	0x1c40	; 0x1c40 <__umulhisi3>
    1cf0:	c6 0f       	add	r28, r22
    1cf2:	d7 1f       	adc	r29, r23
    1cf4:	e8 1f       	adc	r30, r24
    1cf6:	f9 1f       	adc	r31, r25
    1cf8:	d6 01       	movw	r26, r12
    1cfa:	0e 94 20 0e 	call	0x1c40	; 0x1c40 <__umulhisi3>
    1cfe:	e6 0f       	add	r30, r22
    1d00:	f7 1f       	adc	r31, r23
    1d02:	98 01       	movw	r18, r16
    1d04:	be 01       	movw	r22, r28
    1d06:	cf 01       	movw	r24, r30
    1d08:	11 24       	eor	r1, r1
    1d0a:	0f 91       	pop	r16
    1d0c:	1f 91       	pop	r17
    1d0e:	cf 91       	pop	r28
    1d10:	df 91       	pop	r29
    1d12:	08 95       	ret

00001d14 <__muldi3_6>:
    1d14:	0e 94 20 0e 	call	0x1c40	; 0x1c40 <__umulhisi3>
    1d18:	46 0f       	add	r20, r22
    1d1a:	57 1f       	adc	r21, r23
    1d1c:	c8 1f       	adc	r28, r24
    1d1e:	d9 1f       	adc	r29, r25
    1d20:	08 f4       	brcc	.+2      	; 0x1d24 <__muldi3_6+0x10>
    1d22:	31 96       	adiw	r30, 0x01	; 1
    1d24:	08 95       	ret

00001d26 <__moddi3>:
    1d26:	68 94       	set
    1d28:	01 c0       	rjmp	.+2      	; 0x1d2c <__divdi3_moddi3>

00001d2a <__divdi3>:
    1d2a:	e8 94       	clt

00001d2c <__divdi3_moddi3>:
    1d2c:	f9 2f       	mov	r31, r25
    1d2e:	f1 2b       	or	r31, r17
    1d30:	12 f0       	brmi	.+4      	; 0x1d36 <__divdi3_moddi3+0xa>
    1d32:	0c 94 c7 0e 	jmp	0x1d8e	; 0x1d8e <__udivdi3_umoddi3>
    1d36:	a0 e0       	ldi	r26, 0x00	; 0
    1d38:	b0 e0       	ldi	r27, 0x00	; 0
    1d3a:	e1 ea       	ldi	r30, 0xA1	; 161
    1d3c:	fe e0       	ldi	r31, 0x0E	; 14
    1d3e:	0c 94 39 0f 	jmp	0x1e72	; 0x1e72 <__prologue_saves__+0xc>
    1d42:	09 2e       	mov	r0, r25
    1d44:	05 94       	asr	r0
    1d46:	22 f4       	brpl	.+8      	; 0x1d50 <__divdi3_moddi3+0x24>
    1d48:	0e 94 23 0f 	call	0x1e46	; 0x1e46 <__negdi2>
    1d4c:	11 23       	and	r17, r17
    1d4e:	92 f4       	brpl	.+36     	; 0x1d74 <__divdi3_moddi3+0x48>
    1d50:	f0 e8       	ldi	r31, 0x80	; 128
    1d52:	0f 26       	eor	r0, r31
    1d54:	ff ef       	ldi	r31, 0xFF	; 255
    1d56:	e0 94       	com	r14
    1d58:	f0 94       	com	r15
    1d5a:	00 95       	com	r16
    1d5c:	10 95       	com	r17
    1d5e:	b0 94       	com	r11
    1d60:	c0 94       	com	r12
    1d62:	d0 94       	com	r13
    1d64:	a1 94       	neg	r10
    1d66:	bf 0a       	sbc	r11, r31
    1d68:	cf 0a       	sbc	r12, r31
    1d6a:	df 0a       	sbc	r13, r31
    1d6c:	ef 0a       	sbc	r14, r31
    1d6e:	ff 0a       	sbc	r15, r31
    1d70:	0f 0b       	sbc	r16, r31
    1d72:	1f 0b       	sbc	r17, r31
    1d74:	0e 94 d2 0e 	call	0x1da4	; 0x1da4 <__udivmod64>
    1d78:	07 fc       	sbrc	r0, 7
    1d7a:	0e 94 23 0f 	call	0x1e46	; 0x1e46 <__negdi2>
    1d7e:	cd b7       	in	r28, 0x3d	; 61
    1d80:	de b7       	in	r29, 0x3e	; 62
    1d82:	ec e0       	ldi	r30, 0x0C	; 12
    1d84:	0c 94 55 0f 	jmp	0x1eaa	; 0x1eaa <__epilogue_restores__+0xc>

00001d88 <__umoddi3>:
    1d88:	68 94       	set
    1d8a:	01 c0       	rjmp	.+2      	; 0x1d8e <__udivdi3_umoddi3>

00001d8c <__udivdi3>:
    1d8c:	e8 94       	clt

00001d8e <__udivdi3_umoddi3>:
    1d8e:	8f 92       	push	r8
    1d90:	9f 92       	push	r9
    1d92:	cf 93       	push	r28
    1d94:	df 93       	push	r29
    1d96:	0e 94 d2 0e 	call	0x1da4	; 0x1da4 <__udivmod64>
    1d9a:	df 91       	pop	r29
    1d9c:	cf 91       	pop	r28
    1d9e:	9f 90       	pop	r9
    1da0:	8f 90       	pop	r8
    1da2:	08 95       	ret

00001da4 <__udivmod64>:
    1da4:	88 24       	eor	r8, r8
    1da6:	99 24       	eor	r9, r9
    1da8:	f4 01       	movw	r30, r8
    1daa:	e4 01       	movw	r28, r8
    1dac:	b0 e4       	ldi	r27, 0x40	; 64
    1dae:	9f 93       	push	r25
    1db0:	aa 27       	eor	r26, r26
    1db2:	9a 15       	cp	r25, r10
    1db4:	8b 04       	cpc	r8, r11
    1db6:	9c 04       	cpc	r9, r12
    1db8:	ed 05       	cpc	r30, r13
    1dba:	fe 05       	cpc	r31, r14
    1dbc:	cf 05       	cpc	r28, r15
    1dbe:	d0 07       	cpc	r29, r16
    1dc0:	a1 07       	cpc	r26, r17
    1dc2:	98 f4       	brcc	.+38     	; 0x1dea <__udivmod64+0x46>
    1dc4:	ad 2f       	mov	r26, r29
    1dc6:	dc 2f       	mov	r29, r28
    1dc8:	cf 2f       	mov	r28, r31
    1dca:	fe 2f       	mov	r31, r30
    1dcc:	e9 2d       	mov	r30, r9
    1dce:	98 2c       	mov	r9, r8
    1dd0:	89 2e       	mov	r8, r25
    1dd2:	98 2f       	mov	r25, r24
    1dd4:	87 2f       	mov	r24, r23
    1dd6:	76 2f       	mov	r23, r22
    1dd8:	65 2f       	mov	r22, r21
    1dda:	54 2f       	mov	r21, r20
    1ddc:	43 2f       	mov	r20, r19
    1dde:	32 2f       	mov	r19, r18
    1de0:	22 27       	eor	r18, r18
    1de2:	b8 50       	subi	r27, 0x08	; 8
    1de4:	31 f7       	brne	.-52     	; 0x1db2 <__udivmod64+0xe>
    1de6:	bf 91       	pop	r27
    1de8:	27 c0       	rjmp	.+78     	; 0x1e38 <__udivmod64+0x94>
    1dea:	1b 2e       	mov	r1, r27
    1dec:	bf 91       	pop	r27
    1dee:	bb 27       	eor	r27, r27
    1df0:	22 0f       	add	r18, r18
    1df2:	33 1f       	adc	r19, r19
    1df4:	44 1f       	adc	r20, r20
    1df6:	55 1f       	adc	r21, r21
    1df8:	66 1f       	adc	r22, r22
    1dfa:	77 1f       	adc	r23, r23
    1dfc:	88 1f       	adc	r24, r24
    1dfe:	99 1f       	adc	r25, r25
    1e00:	88 1c       	adc	r8, r8
    1e02:	99 1c       	adc	r9, r9
    1e04:	ee 1f       	adc	r30, r30
    1e06:	ff 1f       	adc	r31, r31
    1e08:	cc 1f       	adc	r28, r28
    1e0a:	dd 1f       	adc	r29, r29
    1e0c:	aa 1f       	adc	r26, r26
    1e0e:	bb 1f       	adc	r27, r27
    1e10:	8a 14       	cp	r8, r10
    1e12:	9b 04       	cpc	r9, r11
    1e14:	ec 05       	cpc	r30, r12
    1e16:	fd 05       	cpc	r31, r13
    1e18:	ce 05       	cpc	r28, r14
    1e1a:	df 05       	cpc	r29, r15
    1e1c:	a0 07       	cpc	r26, r16
    1e1e:	b1 07       	cpc	r27, r17
    1e20:	48 f0       	brcs	.+18     	; 0x1e34 <__udivmod64+0x90>
    1e22:	8a 18       	sub	r8, r10
    1e24:	9b 08       	sbc	r9, r11
    1e26:	ec 09       	sbc	r30, r12
    1e28:	fd 09       	sbc	r31, r13
    1e2a:	ce 09       	sbc	r28, r14
    1e2c:	df 09       	sbc	r29, r15
    1e2e:	a0 0b       	sbc	r26, r16
    1e30:	b1 0b       	sbc	r27, r17
    1e32:	21 60       	ori	r18, 0x01	; 1
    1e34:	1a 94       	dec	r1
    1e36:	e1 f6       	brne	.-72     	; 0x1df0 <__udivmod64+0x4c>
    1e38:	2e f4       	brtc	.+10     	; 0x1e44 <__udivmod64+0xa0>
    1e3a:	94 01       	movw	r18, r8
    1e3c:	af 01       	movw	r20, r30
    1e3e:	be 01       	movw	r22, r28
    1e40:	cd 01       	movw	r24, r26
    1e42:	00 0c       	add	r0, r0
    1e44:	08 95       	ret

00001e46 <__negdi2>:
    1e46:	60 95       	com	r22
    1e48:	70 95       	com	r23
    1e4a:	80 95       	com	r24
    1e4c:	90 95       	com	r25
    1e4e:	30 95       	com	r19
    1e50:	40 95       	com	r20
    1e52:	50 95       	com	r21
    1e54:	21 95       	neg	r18
    1e56:	3f 4f       	sbci	r19, 0xFF	; 255
    1e58:	4f 4f       	sbci	r20, 0xFF	; 255
    1e5a:	5f 4f       	sbci	r21, 0xFF	; 255
    1e5c:	6f 4f       	sbci	r22, 0xFF	; 255
    1e5e:	7f 4f       	sbci	r23, 0xFF	; 255
    1e60:	8f 4f       	sbci	r24, 0xFF	; 255
    1e62:	9f 4f       	sbci	r25, 0xFF	; 255
    1e64:	08 95       	ret

00001e66 <__prologue_saves__>:
    1e66:	2f 92       	push	r2
    1e68:	3f 92       	push	r3
    1e6a:	4f 92       	push	r4
    1e6c:	5f 92       	push	r5
    1e6e:	6f 92       	push	r6
    1e70:	7f 92       	push	r7
    1e72:	8f 92       	push	r8
    1e74:	9f 92       	push	r9
    1e76:	af 92       	push	r10
    1e78:	bf 92       	push	r11
    1e7a:	cf 92       	push	r12
    1e7c:	df 92       	push	r13
    1e7e:	ef 92       	push	r14
    1e80:	ff 92       	push	r15
    1e82:	0f 93       	push	r16
    1e84:	1f 93       	push	r17
    1e86:	cf 93       	push	r28
    1e88:	df 93       	push	r29
    1e8a:	cd b7       	in	r28, 0x3d	; 61
    1e8c:	de b7       	in	r29, 0x3e	; 62
    1e8e:	ca 1b       	sub	r28, r26
    1e90:	db 0b       	sbc	r29, r27
    1e92:	0f b6       	in	r0, 0x3f	; 63
    1e94:	f8 94       	cli
    1e96:	de bf       	out	0x3e, r29	; 62
    1e98:	0f be       	out	0x3f, r0	; 63
    1e9a:	cd bf       	out	0x3d, r28	; 61
    1e9c:	09 94       	ijmp

00001e9e <__epilogue_restores__>:
    1e9e:	2a 88       	ldd	r2, Y+18	; 0x12
    1ea0:	39 88       	ldd	r3, Y+17	; 0x11
    1ea2:	48 88       	ldd	r4, Y+16	; 0x10
    1ea4:	5f 84       	ldd	r5, Y+15	; 0x0f
    1ea6:	6e 84       	ldd	r6, Y+14	; 0x0e
    1ea8:	7d 84       	ldd	r7, Y+13	; 0x0d
    1eaa:	8c 84       	ldd	r8, Y+12	; 0x0c
    1eac:	9b 84       	ldd	r9, Y+11	; 0x0b
    1eae:	aa 84       	ldd	r10, Y+10	; 0x0a
    1eb0:	b9 84       	ldd	r11, Y+9	; 0x09
    1eb2:	c8 84       	ldd	r12, Y+8	; 0x08
    1eb4:	df 80       	ldd	r13, Y+7	; 0x07
    1eb6:	ee 80       	ldd	r14, Y+6	; 0x06
    1eb8:	fd 80       	ldd	r15, Y+5	; 0x05
    1eba:	0c 81       	ldd	r16, Y+4	; 0x04
    1ebc:	1b 81       	ldd	r17, Y+3	; 0x03
    1ebe:	aa 81       	ldd	r26, Y+2	; 0x02
    1ec0:	b9 81       	ldd	r27, Y+1	; 0x01
    1ec2:	ce 0f       	add	r28, r30
    1ec4:	d1 1d       	adc	r29, r1
    1ec6:	0f b6       	in	r0, 0x3f	; 63
    1ec8:	f8 94       	cli
    1eca:	de bf       	out	0x3e, r29	; 62
    1ecc:	0f be       	out	0x3f, r0	; 63
    1ece:	cd bf       	out	0x3d, r28	; 61
    1ed0:	ed 01       	movw	r28, r26
    1ed2:	08 95       	ret

00001ed4 <__cmpdi2_s8>:
    1ed4:	00 24       	eor	r0, r0
    1ed6:	a7 fd       	sbrc	r26, 7
    1ed8:	00 94       	com	r0
    1eda:	2a 17       	cp	r18, r26
    1edc:	30 05       	cpc	r19, r0
    1ede:	40 05       	cpc	r20, r0
    1ee0:	50 05       	cpc	r21, r0
    1ee2:	60 05       	cpc	r22, r0
    1ee4:	70 05       	cpc	r23, r0
    1ee6:	80 05       	cpc	r24, r0
    1ee8:	90 05       	cpc	r25, r0
    1eea:	08 95       	ret

00001eec <strtol>:
    1eec:	a0 e0       	ldi	r26, 0x00	; 0
    1eee:	b0 e0       	ldi	r27, 0x00	; 0
    1ef0:	ec e7       	ldi	r30, 0x7C	; 124
    1ef2:	ff e0       	ldi	r31, 0x0F	; 15
    1ef4:	0c 94 34 0f 	jmp	0x1e68	; 0x1e68 <__prologue_saves__+0x2>
    1ef8:	5c 01       	movw	r10, r24
    1efa:	6b 01       	movw	r12, r22
    1efc:	7a 01       	movw	r14, r20
    1efe:	61 15       	cp	r22, r1
    1f00:	71 05       	cpc	r23, r1
    1f02:	19 f0       	breq	.+6      	; 0x1f0a <strtol+0x1e>
    1f04:	fb 01       	movw	r30, r22
    1f06:	91 83       	std	Z+1, r25	; 0x01
    1f08:	80 83       	st	Z, r24
    1f0a:	e1 14       	cp	r14, r1
    1f0c:	f1 04       	cpc	r15, r1
    1f0e:	29 f0       	breq	.+10     	; 0x1f1a <strtol+0x2e>
    1f10:	c7 01       	movw	r24, r14
    1f12:	02 97       	sbiw	r24, 0x02	; 2
    1f14:	83 97       	sbiw	r24, 0x23	; 35
    1f16:	08 f0       	brcs	.+2      	; 0x1f1a <strtol+0x2e>
    1f18:	e5 c0       	rjmp	.+458    	; 0x20e4 <strtol+0x1f8>
    1f1a:	e5 01       	movw	r28, r10
    1f1c:	21 96       	adiw	r28, 0x01	; 1
    1f1e:	f5 01       	movw	r30, r10
    1f20:	10 81       	ld	r17, Z
    1f22:	81 2f       	mov	r24, r17
    1f24:	90 e0       	ldi	r25, 0x00	; 0
    1f26:	0e 94 81 11 	call	0x2302	; 0x2302 <isspace>
    1f2a:	89 2b       	or	r24, r25
    1f2c:	11 f0       	breq	.+4      	; 0x1f32 <strtol+0x46>
    1f2e:	5e 01       	movw	r10, r28
    1f30:	f4 cf       	rjmp	.-24     	; 0x1f1a <strtol+0x2e>
    1f32:	1d 32       	cpi	r17, 0x2D	; 45
    1f34:	29 f4       	brne	.+10     	; 0x1f40 <strtol+0x54>
    1f36:	21 96       	adiw	r28, 0x01	; 1
    1f38:	f5 01       	movw	r30, r10
    1f3a:	11 81       	ldd	r17, Z+1	; 0x01
    1f3c:	01 e0       	ldi	r16, 0x01	; 1
    1f3e:	07 c0       	rjmp	.+14     	; 0x1f4e <strtol+0x62>
    1f40:	1b 32       	cpi	r17, 0x2B	; 43
    1f42:	21 f4       	brne	.+8      	; 0x1f4c <strtol+0x60>
    1f44:	e5 01       	movw	r28, r10
    1f46:	22 96       	adiw	r28, 0x02	; 2
    1f48:	f5 01       	movw	r30, r10
    1f4a:	11 81       	ldd	r17, Z+1	; 0x01
    1f4c:	00 e0       	ldi	r16, 0x00	; 0
    1f4e:	e1 14       	cp	r14, r1
    1f50:	f1 04       	cpc	r15, r1
    1f52:	09 f1       	breq	.+66     	; 0x1f96 <strtol+0xaa>
    1f54:	f0 e1       	ldi	r31, 0x10	; 16
    1f56:	ef 16       	cp	r14, r31
    1f58:	f1 04       	cpc	r15, r1
    1f5a:	29 f4       	brne	.+10     	; 0x1f66 <strtol+0x7a>
    1f5c:	3f c0       	rjmp	.+126    	; 0x1fdc <strtol+0xf0>
    1f5e:	10 e3       	ldi	r17, 0x30	; 48
    1f60:	e1 14       	cp	r14, r1
    1f62:	f1 04       	cpc	r15, r1
    1f64:	21 f1       	breq	.+72     	; 0x1fae <strtol+0xc2>
    1f66:	28 e0       	ldi	r18, 0x08	; 8
    1f68:	e2 16       	cp	r14, r18
    1f6a:	f1 04       	cpc	r15, r1
    1f6c:	01 f1       	breq	.+64     	; 0x1fae <strtol+0xc2>
    1f6e:	54 f4       	brge	.+20     	; 0x1f84 <strtol+0x98>
    1f70:	e2 e0       	ldi	r30, 0x02	; 2
    1f72:	ee 16       	cp	r14, r30
    1f74:	f1 04       	cpc	r15, r1
    1f76:	21 f5       	brne	.+72     	; 0x1fc0 <strtol+0xd4>
    1f78:	81 2c       	mov	r8, r1
    1f7a:	91 2c       	mov	r9, r1
    1f7c:	a1 2c       	mov	r10, r1
    1f7e:	b0 e4       	ldi	r27, 0x40	; 64
    1f80:	bb 2e       	mov	r11, r27
    1f82:	3e c0       	rjmp	.+124    	; 0x2000 <strtol+0x114>
    1f84:	fa e0       	ldi	r31, 0x0A	; 10
    1f86:	ef 16       	cp	r14, r31
    1f88:	f1 04       	cpc	r15, r1
    1f8a:	39 f0       	breq	.+14     	; 0x1f9a <strtol+0xae>
    1f8c:	20 e1       	ldi	r18, 0x10	; 16
    1f8e:	e2 16       	cp	r14, r18
    1f90:	f1 04       	cpc	r15, r1
    1f92:	b1 f4       	brne	.+44     	; 0x1fc0 <strtol+0xd4>
    1f94:	30 c0       	rjmp	.+96     	; 0x1ff6 <strtol+0x10a>
    1f96:	10 33       	cpi	r17, 0x30	; 48
    1f98:	19 f1       	breq	.+70     	; 0x1fe0 <strtol+0xf4>
    1f9a:	fa e0       	ldi	r31, 0x0A	; 10
    1f9c:	ef 2e       	mov	r14, r31
    1f9e:	f1 2c       	mov	r15, r1
    1fa0:	ac ec       	ldi	r26, 0xCC	; 204
    1fa2:	8a 2e       	mov	r8, r26
    1fa4:	98 2c       	mov	r9, r8
    1fa6:	a8 2c       	mov	r10, r8
    1fa8:	ac e0       	ldi	r26, 0x0C	; 12
    1faa:	ba 2e       	mov	r11, r26
    1fac:	29 c0       	rjmp	.+82     	; 0x2000 <strtol+0x114>
    1fae:	78 e0       	ldi	r23, 0x08	; 8
    1fb0:	e7 2e       	mov	r14, r23
    1fb2:	f1 2c       	mov	r15, r1
    1fb4:	81 2c       	mov	r8, r1
    1fb6:	91 2c       	mov	r9, r1
    1fb8:	a1 2c       	mov	r10, r1
    1fba:	e0 e1       	ldi	r30, 0x10	; 16
    1fbc:	be 2e       	mov	r11, r30
    1fbe:	20 c0       	rjmp	.+64     	; 0x2000 <strtol+0x114>
    1fc0:	60 e0       	ldi	r22, 0x00	; 0
    1fc2:	70 e0       	ldi	r23, 0x00	; 0
    1fc4:	80 e0       	ldi	r24, 0x00	; 0
    1fc6:	90 e8       	ldi	r25, 0x80	; 128
    1fc8:	97 01       	movw	r18, r14
    1fca:	0f 2c       	mov	r0, r15
    1fcc:	00 0c       	add	r0, r0
    1fce:	44 0b       	sbc	r20, r20
    1fd0:	55 0b       	sbc	r21, r21
    1fd2:	0e 94 df 0d 	call	0x1bbe	; 0x1bbe <__udivmodsi4>
    1fd6:	49 01       	movw	r8, r18
    1fd8:	5a 01       	movw	r10, r20
    1fda:	12 c0       	rjmp	.+36     	; 0x2000 <strtol+0x114>
    1fdc:	10 33       	cpi	r17, 0x30	; 48
    1fde:	59 f4       	brne	.+22     	; 0x1ff6 <strtol+0x10a>
    1fe0:	88 81       	ld	r24, Y
    1fe2:	8f 7d       	andi	r24, 0xDF	; 223
    1fe4:	88 35       	cpi	r24, 0x58	; 88
    1fe6:	09 f0       	breq	.+2      	; 0x1fea <strtol+0xfe>
    1fe8:	ba cf       	rjmp	.-140    	; 0x1f5e <strtol+0x72>
    1fea:	19 81       	ldd	r17, Y+1	; 0x01
    1fec:	22 96       	adiw	r28, 0x02	; 2
    1fee:	02 60       	ori	r16, 0x02	; 2
    1ff0:	80 e1       	ldi	r24, 0x10	; 16
    1ff2:	e8 2e       	mov	r14, r24
    1ff4:	f1 2c       	mov	r15, r1
    1ff6:	81 2c       	mov	r8, r1
    1ff8:	91 2c       	mov	r9, r1
    1ffa:	a1 2c       	mov	r10, r1
    1ffc:	68 e0       	ldi	r22, 0x08	; 8
    1ffe:	b6 2e       	mov	r11, r22
    2000:	40 e0       	ldi	r20, 0x00	; 0
    2002:	60 e0       	ldi	r22, 0x00	; 0
    2004:	70 e0       	ldi	r23, 0x00	; 0
    2006:	cb 01       	movw	r24, r22
    2008:	27 01       	movw	r4, r14
    200a:	0f 2c       	mov	r0, r15
    200c:	00 0c       	add	r0, r0
    200e:	66 08       	sbc	r6, r6
    2010:	77 08       	sbc	r7, r7
    2012:	fe 01       	movw	r30, r28
    2014:	50 ed       	ldi	r21, 0xD0	; 208
    2016:	35 2e       	mov	r3, r21
    2018:	31 0e       	add	r3, r17
    201a:	29 e0       	ldi	r18, 0x09	; 9
    201c:	23 15       	cp	r18, r3
    201e:	70 f4       	brcc	.+28     	; 0x203c <strtol+0x150>
    2020:	2f eb       	ldi	r18, 0xBF	; 191
    2022:	21 0f       	add	r18, r17
    2024:	2a 31       	cpi	r18, 0x1A	; 26
    2026:	18 f4       	brcc	.+6      	; 0x202e <strtol+0x142>
    2028:	39 ec       	ldi	r19, 0xC9	; 201
    202a:	33 2e       	mov	r3, r19
    202c:	06 c0       	rjmp	.+12     	; 0x203a <strtol+0x14e>
    202e:	2f e9       	ldi	r18, 0x9F	; 159
    2030:	21 0f       	add	r18, r17
    2032:	2a 31       	cpi	r18, 0x1A	; 26
    2034:	18 f5       	brcc	.+70     	; 0x207c <strtol+0x190>
    2036:	29 ea       	ldi	r18, 0xA9	; 169
    2038:	32 2e       	mov	r3, r18
    203a:	31 0e       	add	r3, r17
    203c:	23 2d       	mov	r18, r3
    203e:	30 e0       	ldi	r19, 0x00	; 0
    2040:	2e 15       	cp	r18, r14
    2042:	3f 05       	cpc	r19, r15
    2044:	dc f4       	brge	.+54     	; 0x207c <strtol+0x190>
    2046:	47 fd       	sbrc	r20, 7
    2048:	16 c0       	rjmp	.+44     	; 0x2076 <strtol+0x18a>
    204a:	86 16       	cp	r8, r22
    204c:	97 06       	cpc	r9, r23
    204e:	a8 06       	cpc	r10, r24
    2050:	b9 06       	cpc	r11, r25
    2052:	70 f0       	brcs	.+28     	; 0x2070 <strtol+0x184>
    2054:	a3 01       	movw	r20, r6
    2056:	92 01       	movw	r18, r4
    2058:	0e 94 08 12 	call	0x2410	; 0x2410 <__mulsi3>
    205c:	63 0d       	add	r22, r3
    205e:	71 1d       	adc	r23, r1
    2060:	81 1d       	adc	r24, r1
    2062:	91 1d       	adc	r25, r1
    2064:	61 30       	cpi	r22, 0x01	; 1
    2066:	71 05       	cpc	r23, r1
    2068:	81 05       	cpc	r24, r1
    206a:	20 e8       	ldi	r18, 0x80	; 128
    206c:	92 07       	cpc	r25, r18
    206e:	10 f0       	brcs	.+4      	; 0x2074 <strtol+0x188>
    2070:	4f ef       	ldi	r20, 0xFF	; 255
    2072:	01 c0       	rjmp	.+2      	; 0x2076 <strtol+0x18a>
    2074:	41 e0       	ldi	r20, 0x01	; 1
    2076:	21 96       	adiw	r28, 0x01	; 1
    2078:	10 81       	ld	r17, Z
    207a:	cb cf       	rjmp	.-106    	; 0x2012 <strtol+0x126>
    207c:	20 2f       	mov	r18, r16
    207e:	21 70       	andi	r18, 0x01	; 1
    2080:	c1 14       	cp	r12, r1
    2082:	d1 04       	cpc	r13, r1
    2084:	71 f0       	breq	.+28     	; 0x20a2 <strtol+0x1b6>
    2086:	44 23       	and	r20, r20
    2088:	29 f0       	breq	.+10     	; 0x2094 <strtol+0x1a8>
    208a:	21 97       	sbiw	r28, 0x01	; 1
    208c:	f6 01       	movw	r30, r12
    208e:	d1 83       	std	Z+1, r29	; 0x01
    2090:	c0 83       	st	Z, r28
    2092:	07 c0       	rjmp	.+14     	; 0x20a2 <strtol+0x1b6>
    2094:	01 ff       	sbrs	r16, 1
    2096:	19 c0       	rjmp	.+50     	; 0x20ca <strtol+0x1de>
    2098:	22 97       	sbiw	r28, 0x02	; 2
    209a:	f6 01       	movw	r30, r12
    209c:	d1 83       	std	Z+1, r29	; 0x01
    209e:	c0 83       	st	Z, r28
    20a0:	14 c0       	rjmp	.+40     	; 0x20ca <strtol+0x1de>
    20a2:	47 ff       	sbrs	r20, 7
    20a4:	12 c0       	rjmp	.+36     	; 0x20ca <strtol+0x1de>
    20a6:	22 23       	and	r18, r18
    20a8:	29 f0       	breq	.+10     	; 0x20b4 <strtol+0x1c8>
    20aa:	60 e0       	ldi	r22, 0x00	; 0
    20ac:	70 e0       	ldi	r23, 0x00	; 0
    20ae:	80 e0       	ldi	r24, 0x00	; 0
    20b0:	90 e8       	ldi	r25, 0x80	; 128
    20b2:	04 c0       	rjmp	.+8      	; 0x20bc <strtol+0x1d0>
    20b4:	6f ef       	ldi	r22, 0xFF	; 255
    20b6:	7f ef       	ldi	r23, 0xFF	; 255
    20b8:	8f ef       	ldi	r24, 0xFF	; 255
    20ba:	9f e7       	ldi	r25, 0x7F	; 127
    20bc:	22 e2       	ldi	r18, 0x22	; 34
    20be:	30 e0       	ldi	r19, 0x00	; 0
    20c0:	30 93 09 06 	sts	0x0609, r19	; 0x800609 <errno+0x1>
    20c4:	20 93 08 06 	sts	0x0608, r18	; 0x800608 <errno>
    20c8:	09 c0       	rjmp	.+18     	; 0x20dc <strtol+0x1f0>
    20ca:	22 23       	and	r18, r18
    20cc:	81 f0       	breq	.+32     	; 0x20ee <strtol+0x202>
    20ce:	90 95       	com	r25
    20d0:	80 95       	com	r24
    20d2:	70 95       	com	r23
    20d4:	61 95       	neg	r22
    20d6:	7f 4f       	sbci	r23, 0xFF	; 255
    20d8:	8f 4f       	sbci	r24, 0xFF	; 255
    20da:	9f 4f       	sbci	r25, 0xFF	; 255
    20dc:	46 2f       	mov	r20, r22
    20de:	37 2f       	mov	r19, r23
    20e0:	28 2f       	mov	r18, r24
    20e2:	12 c0       	rjmp	.+36     	; 0x2108 <strtol+0x21c>
    20e4:	40 e0       	ldi	r20, 0x00	; 0
    20e6:	30 e0       	ldi	r19, 0x00	; 0
    20e8:	20 e0       	ldi	r18, 0x00	; 0
    20ea:	90 e0       	ldi	r25, 0x00	; 0
    20ec:	0d c0       	rjmp	.+26     	; 0x2108 <strtol+0x21c>
    20ee:	97 ff       	sbrs	r25, 7
    20f0:	f5 cf       	rjmp	.-22     	; 0x20dc <strtol+0x1f0>
    20f2:	82 e2       	ldi	r24, 0x22	; 34
    20f4:	90 e0       	ldi	r25, 0x00	; 0
    20f6:	90 93 09 06 	sts	0x0609, r25	; 0x800609 <errno+0x1>
    20fa:	80 93 08 06 	sts	0x0608, r24	; 0x800608 <errno>
    20fe:	6f ef       	ldi	r22, 0xFF	; 255
    2100:	7f ef       	ldi	r23, 0xFF	; 255
    2102:	8f ef       	ldi	r24, 0xFF	; 255
    2104:	9f e7       	ldi	r25, 0x7F	; 127
    2106:	ea cf       	rjmp	.-44     	; 0x20dc <strtol+0x1f0>
    2108:	64 2f       	mov	r22, r20
    210a:	73 2f       	mov	r23, r19
    210c:	82 2f       	mov	r24, r18
    210e:	cd b7       	in	r28, 0x3d	; 61
    2110:	de b7       	in	r29, 0x3e	; 62
    2112:	e1 e1       	ldi	r30, 0x11	; 17
    2114:	0c 94 50 0f 	jmp	0x1ea0	; 0x1ea0 <__epilogue_restores__+0x2>

00002118 <strtoul>:
    2118:	a0 e0       	ldi	r26, 0x00	; 0
    211a:	b0 e0       	ldi	r27, 0x00	; 0
    211c:	e2 e9       	ldi	r30, 0x92	; 146
    211e:	f0 e1       	ldi	r31, 0x10	; 16
    2120:	0c 94 34 0f 	jmp	0x1e68	; 0x1e68 <__prologue_saves__+0x2>
    2124:	5c 01       	movw	r10, r24
    2126:	6b 01       	movw	r12, r22
    2128:	7a 01       	movw	r14, r20
    212a:	61 15       	cp	r22, r1
    212c:	71 05       	cpc	r23, r1
    212e:	19 f0       	breq	.+6      	; 0x2136 <strtoul+0x1e>
    2130:	fb 01       	movw	r30, r22
    2132:	91 83       	std	Z+1, r25	; 0x01
    2134:	80 83       	st	Z, r24
    2136:	e1 14       	cp	r14, r1
    2138:	f1 04       	cpc	r15, r1
    213a:	29 f0       	breq	.+10     	; 0x2146 <strtoul+0x2e>
    213c:	c7 01       	movw	r24, r14
    213e:	02 97       	sbiw	r24, 0x02	; 2
    2140:	83 97       	sbiw	r24, 0x23	; 35
    2142:	08 f0       	brcs	.+2      	; 0x2146 <strtoul+0x2e>
    2144:	c9 c0       	rjmp	.+402    	; 0x22d8 <strtoul+0x1c0>
    2146:	e5 01       	movw	r28, r10
    2148:	21 96       	adiw	r28, 0x01	; 1
    214a:	f5 01       	movw	r30, r10
    214c:	10 81       	ld	r17, Z
    214e:	81 2f       	mov	r24, r17
    2150:	90 e0       	ldi	r25, 0x00	; 0
    2152:	0e 94 81 11 	call	0x2302	; 0x2302 <isspace>
    2156:	89 2b       	or	r24, r25
    2158:	11 f0       	breq	.+4      	; 0x215e <strtoul+0x46>
    215a:	5e 01       	movw	r10, r28
    215c:	f4 cf       	rjmp	.-24     	; 0x2146 <strtoul+0x2e>
    215e:	1d 32       	cpi	r17, 0x2D	; 45
    2160:	29 f4       	brne	.+10     	; 0x216c <strtoul+0x54>
    2162:	21 96       	adiw	r28, 0x01	; 1
    2164:	f5 01       	movw	r30, r10
    2166:	11 81       	ldd	r17, Z+1	; 0x01
    2168:	01 e0       	ldi	r16, 0x01	; 1
    216a:	07 c0       	rjmp	.+14     	; 0x217a <strtoul+0x62>
    216c:	1b 32       	cpi	r17, 0x2B	; 43
    216e:	21 f4       	brne	.+8      	; 0x2178 <strtoul+0x60>
    2170:	e5 01       	movw	r28, r10
    2172:	22 96       	adiw	r28, 0x02	; 2
    2174:	f5 01       	movw	r30, r10
    2176:	11 81       	ldd	r17, Z+1	; 0x01
    2178:	00 e0       	ldi	r16, 0x00	; 0
    217a:	e1 14       	cp	r14, r1
    217c:	f1 04       	cpc	r15, r1
    217e:	b1 f0       	breq	.+44     	; 0x21ac <strtoul+0x94>
    2180:	f0 e1       	ldi	r31, 0x10	; 16
    2182:	ef 16       	cp	r14, r31
    2184:	f1 04       	cpc	r15, r1
    2186:	29 f4       	brne	.+10     	; 0x2192 <strtoul+0x7a>
    2188:	b0 c0       	rjmp	.+352    	; 0x22ea <strtoul+0x1d2>
    218a:	10 e3       	ldi	r17, 0x30	; 48
    218c:	e1 14       	cp	r14, r1
    218e:	f1 04       	cpc	r15, r1
    2190:	01 f1       	breq	.+64     	; 0x21d2 <strtoul+0xba>
    2192:	2a e0       	ldi	r18, 0x0A	; 10
    2194:	e2 16       	cp	r14, r18
    2196:	f1 04       	cpc	r15, r1
    2198:	b1 f1       	breq	.+108    	; 0x2206 <strtoul+0xee>
    219a:	80 e1       	ldi	r24, 0x10	; 16
    219c:	e8 16       	cp	r14, r24
    219e:	f1 04       	cpc	r15, r1
    21a0:	71 f0       	breq	.+28     	; 0x21be <strtoul+0xa6>
    21a2:	e8 e0       	ldi	r30, 0x08	; 8
    21a4:	ee 16       	cp	r14, r30
    21a6:	f1 04       	cpc	r15, r1
    21a8:	f1 f4       	brne	.+60     	; 0x21e6 <strtoul+0xce>
    21aa:	13 c0       	rjmp	.+38     	; 0x21d2 <strtoul+0xba>
    21ac:	10 33       	cpi	r17, 0x30	; 48
    21ae:	41 f5       	brne	.+80     	; 0x2200 <strtoul+0xe8>
    21b0:	88 81       	ld	r24, Y
    21b2:	8f 7d       	andi	r24, 0xDF	; 223
    21b4:	88 35       	cpi	r24, 0x58	; 88
    21b6:	49 f7       	brne	.-46     	; 0x218a <strtoul+0x72>
    21b8:	19 81       	ldd	r17, Y+1	; 0x01
    21ba:	22 96       	adiw	r28, 0x02	; 2
    21bc:	02 60       	ori	r16, 0x02	; 2
    21be:	f0 e1       	ldi	r31, 0x10	; 16
    21c0:	ef 2e       	mov	r14, r31
    21c2:	f1 2c       	mov	r15, r1
    21c4:	88 24       	eor	r8, r8
    21c6:	8a 94       	dec	r8
    21c8:	98 2c       	mov	r9, r8
    21ca:	a8 2c       	mov	r10, r8
    21cc:	af e0       	ldi	r26, 0x0F	; 15
    21ce:	ba 2e       	mov	r11, r26
    21d0:	20 c0       	rjmp	.+64     	; 0x2212 <strtoul+0xfa>
    21d2:	78 e0       	ldi	r23, 0x08	; 8
    21d4:	e7 2e       	mov	r14, r23
    21d6:	f1 2c       	mov	r15, r1
    21d8:	88 24       	eor	r8, r8
    21da:	8a 94       	dec	r8
    21dc:	98 2c       	mov	r9, r8
    21de:	a8 2c       	mov	r10, r8
    21e0:	ef e1       	ldi	r30, 0x1F	; 31
    21e2:	be 2e       	mov	r11, r30
    21e4:	16 c0       	rjmp	.+44     	; 0x2212 <strtoul+0xfa>
    21e6:	6f ef       	ldi	r22, 0xFF	; 255
    21e8:	7f ef       	ldi	r23, 0xFF	; 255
    21ea:	cb 01       	movw	r24, r22
    21ec:	97 01       	movw	r18, r14
    21ee:	0f 2c       	mov	r0, r15
    21f0:	00 0c       	add	r0, r0
    21f2:	44 0b       	sbc	r20, r20
    21f4:	55 0b       	sbc	r21, r21
    21f6:	0e 94 df 0d 	call	0x1bbe	; 0x1bbe <__udivmodsi4>
    21fa:	49 01       	movw	r8, r18
    21fc:	5a 01       	movw	r10, r20
    21fe:	09 c0       	rjmp	.+18     	; 0x2212 <strtoul+0xfa>
    2200:	8a e0       	ldi	r24, 0x0A	; 10
    2202:	e8 2e       	mov	r14, r24
    2204:	f1 2c       	mov	r15, r1
    2206:	69 e9       	ldi	r22, 0x99	; 153
    2208:	86 2e       	mov	r8, r22
    220a:	98 2c       	mov	r9, r8
    220c:	a8 2c       	mov	r10, r8
    220e:	69 e1       	ldi	r22, 0x19	; 25
    2210:	b6 2e       	mov	r11, r22
    2212:	40 e0       	ldi	r20, 0x00	; 0
    2214:	60 e0       	ldi	r22, 0x00	; 0
    2216:	70 e0       	ldi	r23, 0x00	; 0
    2218:	cb 01       	movw	r24, r22
    221a:	27 01       	movw	r4, r14
    221c:	0f 2c       	mov	r0, r15
    221e:	00 0c       	add	r0, r0
    2220:	66 08       	sbc	r6, r6
    2222:	77 08       	sbc	r7, r7
    2224:	fe 01       	movw	r30, r28
    2226:	50 ed       	ldi	r21, 0xD0	; 208
    2228:	35 2e       	mov	r3, r21
    222a:	31 0e       	add	r3, r17
    222c:	29 e0       	ldi	r18, 0x09	; 9
    222e:	23 15       	cp	r18, r3
    2230:	70 f4       	brcc	.+28     	; 0x224e <strtoul+0x136>
    2232:	2f eb       	ldi	r18, 0xBF	; 191
    2234:	21 0f       	add	r18, r17
    2236:	2a 31       	cpi	r18, 0x1A	; 26
    2238:	18 f4       	brcc	.+6      	; 0x2240 <strtoul+0x128>
    223a:	39 ec       	ldi	r19, 0xC9	; 201
    223c:	33 2e       	mov	r3, r19
    223e:	06 c0       	rjmp	.+12     	; 0x224c <strtoul+0x134>
    2240:	2f e9       	ldi	r18, 0x9F	; 159
    2242:	21 0f       	add	r18, r17
    2244:	2a 31       	cpi	r18, 0x1A	; 26
    2246:	30 f5       	brcc	.+76     	; 0x2294 <strtoul+0x17c>
    2248:	29 ea       	ldi	r18, 0xA9	; 169
    224a:	32 2e       	mov	r3, r18
    224c:	31 0e       	add	r3, r17
    224e:	23 2d       	mov	r18, r3
    2250:	30 e0       	ldi	r19, 0x00	; 0
    2252:	2e 15       	cp	r18, r14
    2254:	3f 05       	cpc	r19, r15
    2256:	f4 f4       	brge	.+60     	; 0x2294 <strtoul+0x17c>
    2258:	4f 3f       	cpi	r20, 0xFF	; 255
    225a:	c9 f0       	breq	.+50     	; 0x228e <strtoul+0x176>
    225c:	86 16       	cp	r8, r22
    225e:	97 06       	cpc	r9, r23
    2260:	a8 06       	cpc	r10, r24
    2262:	b9 06       	cpc	r11, r25
    2264:	88 f0       	brcs	.+34     	; 0x2288 <strtoul+0x170>
    2266:	a3 01       	movw	r20, r6
    2268:	92 01       	movw	r18, r4
    226a:	0e 94 08 12 	call	0x2410	; 0x2410 <__mulsi3>
    226e:	23 2d       	mov	r18, r3
    2270:	30 e0       	ldi	r19, 0x00	; 0
    2272:	40 e0       	ldi	r20, 0x00	; 0
    2274:	50 e0       	ldi	r21, 0x00	; 0
    2276:	62 0f       	add	r22, r18
    2278:	73 1f       	adc	r23, r19
    227a:	84 1f       	adc	r24, r20
    227c:	95 1f       	adc	r25, r21
    227e:	62 17       	cp	r22, r18
    2280:	73 07       	cpc	r23, r19
    2282:	84 07       	cpc	r24, r20
    2284:	95 07       	cpc	r25, r21
    2286:	10 f4       	brcc	.+4      	; 0x228c <strtoul+0x174>
    2288:	4f ef       	ldi	r20, 0xFF	; 255
    228a:	01 c0       	rjmp	.+2      	; 0x228e <strtoul+0x176>
    228c:	41 e0       	ldi	r20, 0x01	; 1
    228e:	21 96       	adiw	r28, 0x01	; 1
    2290:	10 81       	ld	r17, Z
    2292:	c8 cf       	rjmp	.-112    	; 0x2224 <strtoul+0x10c>
    2294:	c1 14       	cp	r12, r1
    2296:	d1 04       	cpc	r13, r1
    2298:	51 f0       	breq	.+20     	; 0x22ae <strtoul+0x196>
    229a:	44 23       	and	r20, r20
    229c:	11 f0       	breq	.+4      	; 0x22a2 <strtoul+0x18a>
    229e:	21 97       	sbiw	r28, 0x01	; 1
    22a0:	03 c0       	rjmp	.+6      	; 0x22a8 <strtoul+0x190>
    22a2:	01 ff       	sbrs	r16, 1
    22a4:	04 c0       	rjmp	.+8      	; 0x22ae <strtoul+0x196>
    22a6:	22 97       	sbiw	r28, 0x02	; 2
    22a8:	f6 01       	movw	r30, r12
    22aa:	d1 83       	std	Z+1, r29	; 0x01
    22ac:	c0 83       	st	Z, r28
    22ae:	00 ff       	sbrs	r16, 0
    22b0:	07 c0       	rjmp	.+14     	; 0x22c0 <strtoul+0x1a8>
    22b2:	90 95       	com	r25
    22b4:	80 95       	com	r24
    22b6:	70 95       	com	r23
    22b8:	61 95       	neg	r22
    22ba:	7f 4f       	sbci	r23, 0xFF	; 255
    22bc:	8f 4f       	sbci	r24, 0xFF	; 255
    22be:	9f 4f       	sbci	r25, 0xFF	; 255
    22c0:	4f 3f       	cpi	r20, 0xFF	; 255
    22c2:	79 f4       	brne	.+30     	; 0x22e2 <strtoul+0x1ca>
    22c4:	82 e2       	ldi	r24, 0x22	; 34
    22c6:	90 e0       	ldi	r25, 0x00	; 0
    22c8:	90 93 09 06 	sts	0x0609, r25	; 0x800609 <errno+0x1>
    22cc:	80 93 08 06 	sts	0x0608, r24	; 0x800608 <errno>
    22d0:	3f ef       	ldi	r19, 0xFF	; 255
    22d2:	2f ef       	ldi	r18, 0xFF	; 255
    22d4:	9f ef       	ldi	r25, 0xFF	; 255
    22d6:	0d c0       	rjmp	.+26     	; 0x22f2 <strtoul+0x1da>
    22d8:	40 e0       	ldi	r20, 0x00	; 0
    22da:	30 e0       	ldi	r19, 0x00	; 0
    22dc:	20 e0       	ldi	r18, 0x00	; 0
    22de:	90 e0       	ldi	r25, 0x00	; 0
    22e0:	08 c0       	rjmp	.+16     	; 0x22f2 <strtoul+0x1da>
    22e2:	46 2f       	mov	r20, r22
    22e4:	37 2f       	mov	r19, r23
    22e6:	28 2f       	mov	r18, r24
    22e8:	04 c0       	rjmp	.+8      	; 0x22f2 <strtoul+0x1da>
    22ea:	10 33       	cpi	r17, 0x30	; 48
    22ec:	09 f0       	breq	.+2      	; 0x22f0 <strtoul+0x1d8>
    22ee:	67 cf       	rjmp	.-306    	; 0x21be <strtoul+0xa6>
    22f0:	5f cf       	rjmp	.-322    	; 0x21b0 <strtoul+0x98>
    22f2:	64 2f       	mov	r22, r20
    22f4:	73 2f       	mov	r23, r19
    22f6:	82 2f       	mov	r24, r18
    22f8:	cd b7       	in	r28, 0x3d	; 61
    22fa:	de b7       	in	r29, 0x3e	; 62
    22fc:	e1 e1       	ldi	r30, 0x11	; 17
    22fe:	0c 94 50 0f 	jmp	0x1ea0	; 0x1ea0 <__epilogue_restores__+0x2>

00002302 <isspace>:
    2302:	91 11       	cpse	r25, r1
    2304:	0c 94 d3 11 	jmp	0x23a6	; 0x23a6 <__ctype_isfalse>
    2308:	80 32       	cpi	r24, 0x20	; 32
    230a:	19 f0       	breq	.+6      	; 0x2312 <isspace+0x10>
    230c:	89 50       	subi	r24, 0x09	; 9
    230e:	85 50       	subi	r24, 0x05	; 5
    2310:	c8 f7       	brcc	.-14     	; 0x2304 <isspace+0x2>
    2312:	08 95       	ret

00002314 <strtok>:
    2314:	40 ee       	ldi	r20, 0xE0	; 224
    2316:	54 e0       	ldi	r21, 0x04	; 4
    2318:	0e 94 ac 11 	call	0x2358	; 0x2358 <strtok_r>
    231c:	08 95       	ret

0000231e <memcmp>:
    231e:	fb 01       	movw	r30, r22
    2320:	dc 01       	movw	r26, r24
    2322:	04 c0       	rjmp	.+8      	; 0x232c <memcmp+0xe>
    2324:	8d 91       	ld	r24, X+
    2326:	01 90       	ld	r0, Z+
    2328:	80 19       	sub	r24, r0
    232a:	21 f4       	brne	.+8      	; 0x2334 <memcmp+0x16>
    232c:	41 50       	subi	r20, 0x01	; 1
    232e:	50 40       	sbci	r21, 0x00	; 0
    2330:	c8 f7       	brcc	.-14     	; 0x2324 <memcmp+0x6>
    2332:	88 1b       	sub	r24, r24
    2334:	99 0b       	sbc	r25, r25
    2336:	08 95       	ret

00002338 <memset>:
    2338:	dc 01       	movw	r26, r24
    233a:	01 c0       	rjmp	.+2      	; 0x233e <memset+0x6>
    233c:	6d 93       	st	X+, r22
    233e:	41 50       	subi	r20, 0x01	; 1
    2340:	50 40       	sbci	r21, 0x00	; 0
    2342:	e0 f7       	brcc	.-8      	; 0x233c <memset+0x4>
    2344:	08 95       	ret

00002346 <strcmp>:
    2346:	fb 01       	movw	r30, r22
    2348:	dc 01       	movw	r26, r24
    234a:	8d 91       	ld	r24, X+
    234c:	01 90       	ld	r0, Z+
    234e:	80 19       	sub	r24, r0
    2350:	01 10       	cpse	r0, r1
    2352:	d9 f3       	breq	.-10     	; 0x234a <strcmp+0x4>
    2354:	99 0b       	sbc	r25, r25
    2356:	08 95       	ret

00002358 <strtok_r>:
    2358:	fa 01       	movw	r30, r20
    235a:	a1 91       	ld	r26, Z+
    235c:	b0 81       	ld	r27, Z
    235e:	00 97       	sbiw	r24, 0x00	; 0
    2360:	19 f4       	brne	.+6      	; 0x2368 <strtok_r+0x10>
    2362:	10 97       	sbiw	r26, 0x00	; 0
    2364:	e1 f0       	breq	.+56     	; 0x239e <strtok_r+0x46>
    2366:	cd 01       	movw	r24, r26
    2368:	dc 01       	movw	r26, r24
    236a:	cd 01       	movw	r24, r26
    236c:	0d 90       	ld	r0, X+
    236e:	00 20       	and	r0, r0
    2370:	11 f4       	brne	.+4      	; 0x2376 <strtok_r+0x1e>
    2372:	c0 01       	movw	r24, r0
    2374:	13 c0       	rjmp	.+38     	; 0x239c <strtok_r+0x44>
    2376:	fb 01       	movw	r30, r22
    2378:	21 91       	ld	r18, Z+
    237a:	22 23       	and	r18, r18
    237c:	19 f0       	breq	.+6      	; 0x2384 <strtok_r+0x2c>
    237e:	20 15       	cp	r18, r0
    2380:	d9 f7       	brne	.-10     	; 0x2378 <strtok_r+0x20>
    2382:	f3 cf       	rjmp	.-26     	; 0x236a <strtok_r+0x12>
    2384:	fb 01       	movw	r30, r22
    2386:	21 91       	ld	r18, Z+
    2388:	20 15       	cp	r18, r0
    238a:	19 f4       	brne	.+6      	; 0x2392 <strtok_r+0x3a>
    238c:	1e 92       	st	-X, r1
    238e:	11 96       	adiw	r26, 0x01	; 1
    2390:	06 c0       	rjmp	.+12     	; 0x239e <strtok_r+0x46>
    2392:	22 23       	and	r18, r18
    2394:	c1 f7       	brne	.-16     	; 0x2386 <strtok_r+0x2e>
    2396:	0d 90       	ld	r0, X+
    2398:	00 20       	and	r0, r0
    239a:	a1 f7       	brne	.-24     	; 0x2384 <strtok_r+0x2c>
    239c:	d0 01       	movw	r26, r0
    239e:	fa 01       	movw	r30, r20
    23a0:	a1 93       	st	Z+, r26
    23a2:	b0 83       	st	Z, r27
    23a4:	08 95       	ret

000023a6 <__ctype_isfalse>:
    23a6:	99 27       	eor	r25, r25
    23a8:	88 27       	eor	r24, r24

000023aa <__ctype_istrue>:
    23aa:	08 95       	ret

000023ac <eeprom_read_block>:
    23ac:	dc 01       	movw	r26, r24
    23ae:	cb 01       	movw	r24, r22

000023b0 <eeprom_read_blraw>:
    23b0:	fc 01       	movw	r30, r24
    23b2:	f9 99       	sbic	0x1f, 1	; 31
    23b4:	fe cf       	rjmp	.-4      	; 0x23b2 <eeprom_read_blraw+0x2>
    23b6:	06 c0       	rjmp	.+12     	; 0x23c4 <eeprom_read_blraw+0x14>
    23b8:	f2 bd       	out	0x22, r31	; 34
    23ba:	e1 bd       	out	0x21, r30	; 33
    23bc:	f8 9a       	sbi	0x1f, 0	; 31
    23be:	31 96       	adiw	r30, 0x01	; 1
    23c0:	00 b4       	in	r0, 0x20	; 32
    23c2:	0d 92       	st	X+, r0
    23c4:	41 50       	subi	r20, 0x01	; 1
    23c6:	50 40       	sbci	r21, 0x00	; 0
    23c8:	b8 f7       	brcc	.-18     	; 0x23b8 <eeprom_read_blraw+0x8>
    23ca:	08 95       	ret

000023cc <eeprom_update_block>:
    23cc:	dc 01       	movw	r26, r24
    23ce:	a4 0f       	add	r26, r20
    23d0:	b5 1f       	adc	r27, r21
    23d2:	41 50       	subi	r20, 0x01	; 1
    23d4:	50 40       	sbci	r21, 0x00	; 0
    23d6:	48 f0       	brcs	.+18     	; 0x23ea <eeprom_update_block+0x1e>
    23d8:	cb 01       	movw	r24, r22
    23da:	84 0f       	add	r24, r20
    23dc:	95 1f       	adc	r25, r21
    23de:	2e 91       	ld	r18, -X
    23e0:	0e 94 f7 11 	call	0x23ee	; 0x23ee <eeprom_update_r18>
    23e4:	41 50       	subi	r20, 0x01	; 1
    23e6:	50 40       	sbci	r21, 0x00	; 0
    23e8:	d0 f7       	brcc	.-12     	; 0x23de <eeprom_update_block+0x12>
    23ea:	08 95       	ret

000023ec <eeprom_update_byte>:
    23ec:	26 2f       	mov	r18, r22

000023ee <eeprom_update_r18>:
    23ee:	f9 99       	sbic	0x1f, 1	; 31
    23f0:	fe cf       	rjmp	.-4      	; 0x23ee <eeprom_update_r18>
    23f2:	92 bd       	out	0x22, r25	; 34
    23f4:	81 bd       	out	0x21, r24	; 33
    23f6:	f8 9a       	sbi	0x1f, 0	; 31
    23f8:	01 97       	sbiw	r24, 0x01	; 1
    23fa:	00 b4       	in	r0, 0x20	; 32
    23fc:	02 16       	cp	r0, r18
    23fe:	39 f0       	breq	.+14     	; 0x240e <eeprom_update_r18+0x20>
    2400:	1f ba       	out	0x1f, r1	; 31
    2402:	20 bd       	out	0x20, r18	; 32
    2404:	0f b6       	in	r0, 0x3f	; 63
    2406:	f8 94       	cli
    2408:	fa 9a       	sbi	0x1f, 2	; 31
    240a:	f9 9a       	sbi	0x1f, 1	; 31
    240c:	0f be       	out	0x3f, r0	; 63
    240e:	08 95       	ret

00002410 <__mulsi3>:
    2410:	db 01       	movw	r26, r22
    2412:	8f 93       	push	r24
    2414:	9f 93       	push	r25
    2416:	0e 94 2f 0e 	call	0x1c5e	; 0x1c5e <__muluhisi3>
    241a:	bf 91       	pop	r27
    241c:	af 91       	pop	r26
    241e:	a2 9f       	mul	r26, r18
    2420:	80 0d       	add	r24, r0
    2422:	91 1d       	adc	r25, r1
    2424:	a3 9f       	mul	r26, r19
    2426:	90 0d       	add	r25, r0
    2428:	b2 9f       	mul	r27, r18
    242a:	90 0d       	add	r25, r0
    242c:	11 24       	eor	r1, r1
    242e:	08 95       	ret

00002430 <_exit>:
    2430:	f8 94       	cli

00002432 <__stop_program>:
    2432:	ff cf       	rjmp	.-2      	; 0x2432 <__stop_program>
