
GccApplication1.elf:     file format elf32-avr

Sections:
Idx Name          Size      VMA       LMA       File off  Algn
  0 .data         000001a0  00800100  00001254  00001308  2**0
                  CONTENTS, ALLOC, LOAD, DATA
  1 .text         00001254  00000000  00000000  000000b4  2**1
                  CONTENTS, ALLOC, LOAD, READONLY, CODE
  2 .bss          00000039  008002a0  008002a0  000014a8  2**0
                  ALLOC
  3 .eeprom       00000038  00810000  00810000  000014a8  2**0
                  CONTENTS, ALLOC, LOAD, DATA
  4 .comment      00000030  00000000  00000000  000014e0  2**0
                  CONTENTS, READONLY
  5 .note.gnu.avr.deviceinfo 00000040  00000000  00000000  00001510  2**2
                  CONTENTS, READONLY
  6 .debug_aranges 000001f0  00000000  00000000  00001550  2**3
                  CONTENTS, READONLY, DEBUGGING
  7 .debug_info   000029cb  00000000  00000000  00001740  2**0
                  CONTENTS, READONLY, DEBUGGING
  8 .debug_abbrev 00001143  00000000  00000000  0000410b  2**0
                  CONTENTS, READONLY, DEBUGGING
  9 .debug_line   000013e7  00000000  00000000  0000524e  2**0
                  CONTENTS, READONLY, DEBUGGING
 10 .debug_frame  00000564  00000000  00000000  00006638  2**2
                  CONTENTS, READONLY, DEBUGGING
 11 .debug_str    00000aab  00000000  00000000  00006b9c  2**0
                  CONTENTS, READONLY, DEBUGGING
 12 .debug_loc    00001557  00000000  00000000  00007647  2**0
                  CONTENTS, READONLY, DEBUGGING
 13 .debug_ranges 000001a8  00000000  00000000  00008b9e  2**0
                  CONTENTS, READONLY, DEBUGGING

Disassembly of section .text:

00000000 <__vectors>:
       0:	0c 94 5a 00 	jmp	0xb4	; 0xb4 <__ctors_end>
       4:	0c 94 77 00 	jmp	0xee	; 0xee <__bad_interrupt>
       8:	0c 94 77 00 	jmp	0xee	; 0xee <__bad_interrupt>
       c:	0c 94 77 00 	jmp	0xee	; 0xee <__bad_interrupt>
      10:	0c 94 77 00 	jmp	0xee	; 0xee <__bad_interrupt>
      14:	0c 94 77 00 	jmp	0xee	; 0xee <__bad_interrupt>
      18:	0c 94 77 00 	jmp	0xee	; 0xee <__bad_interrupt>
      1c:	0c 94 77 00 	jmp	0xee	; 0xee <__bad_interrupt>
      20:	0c 94 77 00 	jmp	0xee	; 0xee <__bad_interrupt>
      24:	0c 94 77 00 	jmp	0xee	; 0xee <__bad_interrupt>
      28:	0c 94 77 00 	jmp	0xee	; 0xee <__bad_interrupt>
      2c:	0c 94 77 00 	jmp	0xee	; 0xee <__bad_interrupt>
      30:	0c 94 77 00 	jmp	0xee	; 0xee <__bad_interrupt>
      34:	0c 94 77 00 	jmp	0xee	; 0xee <__bad_interrupt>
      38:	0c 94 77 00 	jmp	0xee	; 0xee <__bad_interrupt>
      3c:	0c 94 77 00 	jmp	0xee	; 0xee <__bad_interrupt>
      40:	0c 94 77 00 	jmp	0xee	; 0xee <__bad_interrupt>
      44:	0c 94 77 00 	jmp	0xee	; 0xee <__bad_interrupt>
      48:	0c 94 77 00 	jmp	0xee	; 0xee <__bad_interrupt>
      4c:	0c 94 77 00 	jmp	0xee	; 0xee <__bad_interrupt>
      50:	0c 94 77 00 	jmp	0xee	; 0xee <__bad_interrupt>
      54:	0c 94 77 00 	jmp	0xee	; 0xee <__bad_interrupt>
      58:	0c 94 77 00 	jmp	0xee	; 0xee <__bad_interrupt>
      5c:	0c 94 77 00 	jmp	0xee	; 0xee <__bad_interrupt>
      60:	0c 94 77 00 	jmp	0xee	; 0xee <__bad_interrupt>
      64:	0c 94 77 00 	jmp	0xee	; 0xee <__bad_interrupt>
      68:	0c 94 77 00 	jmp	0xee	; 0xee <__bad_interrupt>
      6c:	0c 94 77 00 	jmp	0xee	; 0xee <__bad_interrupt>
      70:	0c 94 77 00 	jmp	0xee	; 0xee <__bad_interrupt>
      74:	0c 94 77 00 	jmp	0xee	; 0xee <__bad_interrupt>
      78:	0c 94 77 00 	jmp	0xee	; 0xee <__bad_interrupt>
      7c:	0c 94 77 00 	jmp	0xee	; 0xee <__bad_interrupt>
      80:	0c 94 77 00 	jmp	0xee	; 0xee <__bad_interrupt>
      84:	0c 94 77 00 	jmp	0xee	; 0xee <__bad_interrupt>
      88:	0c 94 77 00 	jmp	0xee	; 0xee <__bad_interrupt>
      8c:	0c 94 77 00 	jmp	0xee	; 0xee <__bad_interrupt>
      90:	0c 94 77 00 	jmp	0xee	; 0xee <__bad_interrupt>
      94:	0c 94 77 00 	jmp	0xee	; 0xee <__bad_interrupt>
      98:	0c 94 77 00 	jmp	0xee	; 0xee <__bad_interrupt>
      9c:	0c 94 77 00 	jmp	0xee	; 0xee <__bad_interrupt>
      a0:	0c 94 77 00 	jmp	0xee	; 0xee <__bad_interrupt>
      a4:	0c 94 77 00 	jmp	0xee	; 0xee <__bad_interrupt>
      a8:	0c 94 77 00 	jmp	0xee	; 0xee <__bad_interrupt>
      ac:	0c 94 77 00 	jmp	0xee	; 0xee <__bad_interrupt>
      b0:	0c 94 77 00 	jmp	0xee	; 0xee <__bad_interrupt>

000000b4 <__ctors_end>:
      b4:	11 24       	eor	r1, r1
      b6:	1f be       	out	0x3f, r1	; 63
      b8:	cf ef       	ldi	r28, 0xFF	; 255
      ba:	d8 e0       	ldi	r29, 0x08	; 8
      bc:	de bf       	out	0x3e, r29	; 62
      be:	cd bf       	out	0x3d, r28	; 61

000000c0 <__do_copy_data>:
      c0:	12 e0       	ldi	r17, 0x02	; 2
      c2:	a0 e0       	ldi	r26, 0x00	; 0
      c4:	b1 e0       	ldi	r27, 0x01	; 1
      c6:	e4 e5       	ldi	r30, 0x54	; 84
      c8:	f2 e1       	ldi	r31, 0x12	; 18
      ca:	02 c0       	rjmp	.+4      	; 0xd0 <__do_copy_data+0x10>
      cc:	05 90       	lpm	r0, Z+
      ce:	0d 92       	st	X+, r0
      d0:	a0 3a       	cpi	r26, 0xA0	; 160
      d2:	b1 07       	cpc	r27, r17
      d4:	d9 f7       	brne	.-10     	; 0xcc <__do_copy_data+0xc>

000000d6 <__do_clear_bss>:
      d6:	22 e0       	ldi	r18, 0x02	; 2
      d8:	a0 ea       	ldi	r26, 0xA0	; 160
      da:	b2 e0       	ldi	r27, 0x02	; 2
      dc:	01 c0       	rjmp	.+2      	; 0xe0 <.do_clear_bss_start>

000000de <.do_clear_bss_loop>:
      de:	1d 92       	st	X+, r1

000000e0 <.do_clear_bss_start>:
      e0:	a9 3d       	cpi	r26, 0xD9	; 217
      e2:	b2 07       	cpc	r27, r18
      e4:	e1 f7       	brne	.-8      	; 0xde <.do_clear_bss_loop>
      e6:	0e 94 90 03 	call	0x720	; 0x720 <main>
      ea:	0c 94 28 09 	jmp	0x1250	; 0x1250 <_exit>

000000ee <__bad_interrupt>:
      ee:	0c 94 00 00 	jmp	0	; 0x0 <__vectors>

000000f2 <board_id_init>:
#include "board_id.h"

void board_id_init(void)
{
    /* bit0..bit3 = PC0..PC3; bit4 = PD2. External 100 kohm pull-ups. */
    DDRC &= ~((1 << PC0) | (1 << PC1) | (1 << PC2) | (1 << PC3));
      f2:	87 b1       	in	r24, 0x07	; 7
      f4:	80 7f       	andi	r24, 0xF0	; 240
      f6:	87 b9       	out	0x07, r24	; 7
    DDRD &= ~(1 << PD2);
      f8:	8a b1       	in	r24, 0x0a	; 10
      fa:	8b 7f       	andi	r24, 0xFB	; 251
      fc:	8a b9       	out	0x0a, r24	; 10

    PORTC &= ~((1 << PC0) | (1 << PC1) | (1 << PC2) | (1 << PC3));
      fe:	88 b1       	in	r24, 0x08	; 8
     100:	80 7f       	andi	r24, 0xF0	; 240
     102:	88 b9       	out	0x08, r24	; 8
    PORTD &= ~(1 << PD2);
     104:	8b b1       	in	r24, 0x0b	; 11
     106:	8b 7f       	andi	r24, 0xFB	; 251
     108:	8b b9       	out	0x0b, r24	; 11
     10a:	08 95       	ret

0000010c <board_id_read>:

uint8_t board_id_read(void)
{
    uint8_t raw = 0;

    if (PINC & (1 << PC0)) raw |= (1 << 0);
     10c:	30 99       	sbic	0x06, 0	; 6
     10e:	02 c0       	rjmp	.+4      	; 0x114 <board_id_read+0x8>
    PORTD &= ~(1 << PD2);
}

uint8_t board_id_read(void)
{
    uint8_t raw = 0;
     110:	80 e0       	ldi	r24, 0x00	; 0
     112:	01 c0       	rjmp	.+2      	; 0x116 <board_id_read+0xa>

    if (PINC & (1 << PC0)) raw |= (1 << 0);
     114:	81 e0       	ldi	r24, 0x01	; 1
    if (PINC & (1 << PC1)) raw |= (1 << 1);
     116:	31 99       	sbic	0x06, 1	; 6
     118:	82 60       	ori	r24, 0x02	; 2
    if (PINC & (1 << PC2)) raw |= (1 << 2);
     11a:	32 99       	sbic	0x06, 2	; 6
     11c:	84 60       	ori	r24, 0x04	; 4
    if (PINC & (1 << PC3)) raw |= (1 << 3);
     11e:	33 99       	sbic	0x06, 3	; 6
     120:	88 60       	ori	r24, 0x08	; 8
    if (PIND & (1 << PD2)) raw |= (1 << 4);
     122:	4a 99       	sbic	0x09, 2	; 9
     124:	80 61       	ori	r24, 0x10	; 16

    /* Switch ON pulls low, so invert to obtain the board number. */
    return (uint8_t)((~raw) & 0x1FU);
     126:	80 95       	com	r24
}
     128:	8f 71       	andi	r24, 0x1F	; 31
     12a:	08 95       	ret

0000012c <apply_axis>:
void calibration_factory_reset(void)
{
    calibration_record_t erased;
    memset(&erased, 0xFF, sizeof(erased));
    eeprom_update_block(&erased, &eeprom_calibration, sizeof(erased));
}
     12c:	4f 92       	push	r4
     12e:	5f 92       	push	r5
     130:	6f 92       	push	r6
     132:	7f 92       	push	r7
     134:	af 92       	push	r10
     136:	bf 92       	push	r11
     138:	cf 92       	push	r12
     13a:	df 92       	push	r13
     13c:	ef 92       	push	r14
     13e:	ff 92       	push	r15
     140:	0f 93       	push	r16
     142:	1f 93       	push	r17
     144:	dc 01       	movw	r26, r24
     146:	cb 01       	movw	r24, r22
     148:	82 1b       	sub	r24, r18
     14a:	93 0b       	sbc	r25, r19
     14c:	a4 0b       	sbc	r26, r20
     14e:	b5 0b       	sbc	r27, r21
     150:	2c 01       	movw	r4, r24
     152:	3d 01       	movw	r6, r26
     154:	77 0c       	add	r7, r7
     156:	44 08       	sbc	r4, r4
     158:	54 2c       	mov	r5, r4
     15a:	32 01       	movw	r6, r4
     15c:	b8 01       	movw	r22, r16
     15e:	a7 01       	movw	r20, r14
     160:	77 0f       	add	r23, r23
     162:	44 0b       	sbc	r20, r20
     164:	54 2f       	mov	r21, r20
     166:	ba 01       	movw	r22, r20
     168:	ae 2c       	mov	r10, r14
     16a:	bf 2c       	mov	r11, r15
     16c:	c0 2e       	mov	r12, r16
     16e:	d1 2e       	mov	r13, r17
     170:	e4 2e       	mov	r14, r20
     172:	f4 2e       	mov	r15, r20
     174:	04 2f       	mov	r16, r20
     176:	14 2f       	mov	r17, r20
     178:	28 2f       	mov	r18, r24
     17a:	39 2f       	mov	r19, r25
     17c:	4a 2f       	mov	r20, r26
     17e:	5b 2f       	mov	r21, r27
     180:	64 2d       	mov	r22, r4
     182:	74 2d       	mov	r23, r4
     184:	84 2d       	mov	r24, r4
     186:	94 2d       	mov	r25, r4
     188:	0e 94 dc 07 	call	0xfb8	; 0xfb8 <__muldi3>
     18c:	a0 e0       	ldi	r26, 0x00	; 0
     18e:	0e 94 0c 09 	call	0x1218	; 0x1218 <__cmpdi2_s8>
     192:	4c f0       	brlt	.+18     	; 0x1a6 <apply_axis+0x7a>
     194:	20 5e       	subi	r18, 0xE0	; 224
     196:	3e 45       	sbci	r19, 0x5E	; 94
     198:	48 4f       	sbci	r20, 0xF8	; 248
     19a:	5f 4f       	sbci	r21, 0xFF	; 255
     19c:	6f 4f       	sbci	r22, 0xFF	; 255
     19e:	7f 4f       	sbci	r23, 0xFF	; 255
     1a0:	8f 4f       	sbci	r24, 0xFF	; 255
     1a2:	9f 4f       	sbci	r25, 0xFF	; 255
     1a4:	08 c0       	rjmp	.+16     	; 0x1b6 <apply_axis+0x8a>
     1a6:	20 52       	subi	r18, 0x20	; 32
     1a8:	31 4a       	sbci	r19, 0xA1	; 161
     1aa:	47 40       	sbci	r20, 0x07	; 7
     1ac:	51 09       	sbc	r21, r1
     1ae:	61 09       	sbc	r22, r1
     1b0:	71 09       	sbc	r23, r1
     1b2:	81 09       	sbc	r24, r1
     1b4:	91 09       	sbc	r25, r1
     1b6:	68 94       	set
     1b8:	aa 24       	eor	r10, r10
     1ba:	a6 f8       	bld	r10, 6
     1bc:	0f 2e       	mov	r0, r31
     1be:	f2 e4       	ldi	r31, 0x42	; 66
     1c0:	bf 2e       	mov	r11, r31
     1c2:	f0 2d       	mov	r31, r0
     1c4:	0f 2e       	mov	r0, r31
     1c6:	ff e0       	ldi	r31, 0x0F	; 15
     1c8:	cf 2e       	mov	r12, r31
     1ca:	f0 2d       	mov	r31, r0
     1cc:	d1 2c       	mov	r13, r1
     1ce:	e1 2c       	mov	r14, r1
     1d0:	f1 2c       	mov	r15, r1
     1d2:	00 e0       	ldi	r16, 0x00	; 0
     1d4:	10 e0       	ldi	r17, 0x00	; 0
     1d6:	0e 94 37 08 	call	0x106e	; 0x106e <__divdi3>
     1da:	62 2f       	mov	r22, r18
     1dc:	73 2f       	mov	r23, r19
     1de:	84 2f       	mov	r24, r20
     1e0:	95 2f       	mov	r25, r21
     1e2:	1f 91       	pop	r17
     1e4:	0f 91       	pop	r16
     1e6:	ff 90       	pop	r15
     1e8:	ef 90       	pop	r14
     1ea:	df 90       	pop	r13
     1ec:	cf 90       	pop	r12
     1ee:	bf 90       	pop	r11
     1f0:	af 90       	pop	r10
     1f2:	7f 90       	pop	r7
     1f4:	6f 90       	pop	r6
     1f6:	5f 90       	pop	r5
     1f8:	4f 90       	pop	r4
     1fa:	08 95       	ret

000001fc <calibration_crc>:
     1fc:	66 e3       	ldi	r22, 0x36	; 54
     1fe:	70 e0       	ldi	r23, 0x00	; 0
     200:	0e 94 ae 01 	call	0x35c	; 0x35c <crc16_ccitt>
     204:	08 95       	ret

00000206 <calibration_make_defaults>:
     206:	cf 93       	push	r28
     208:	df 93       	push	r29
     20a:	ec 01       	movw	r28, r24
     20c:	88 e3       	ldi	r24, 0x38	; 56
     20e:	fe 01       	movw	r30, r28
     210:	11 92       	st	Z+, r1
     212:	8a 95       	dec	r24
     214:	e9 f7       	brne	.-6      	; 0x210 <calibration_make_defaults+0xa>
     216:	88 e3       	ldi	r24, 0x38	; 56
     218:	92 e3       	ldi	r25, 0x32	; 50
     21a:	a4 e4       	ldi	r26, 0x44	; 68
     21c:	be e4       	ldi	r27, 0x4E	; 78
     21e:	88 83       	st	Y, r24
     220:	99 83       	std	Y+1, r25	; 0x01
     222:	aa 83       	std	Y+2, r26	; 0x02
     224:	bb 83       	std	Y+3, r27	; 0x03
     226:	81 e0       	ldi	r24, 0x01	; 1
     228:	90 e0       	ldi	r25, 0x00	; 0
     22a:	9d 83       	std	Y+5, r25	; 0x05
     22c:	8c 83       	std	Y+4, r24	; 0x04
     22e:	88 e3       	ldi	r24, 0x38	; 56
     230:	90 e0       	ldi	r25, 0x00	; 0
     232:	9f 83       	std	Y+7, r25	; 0x07
     234:	8e 83       	std	Y+6, r24	; 0x06
     236:	80 e4       	ldi	r24, 0x40	; 64
     238:	92 e4       	ldi	r25, 0x42	; 66
     23a:	af e0       	ldi	r26, 0x0F	; 15
     23c:	b0 e0       	ldi	r27, 0x00	; 0
     23e:	8c 8b       	std	Y+20, r24	; 0x14
     240:	9d 8b       	std	Y+21, r25	; 0x15
     242:	ae 8b       	std	Y+22, r26	; 0x16
     244:	bf 8b       	std	Y+23, r27	; 0x17
     246:	88 8f       	std	Y+24, r24	; 0x18
     248:	99 8f       	std	Y+25, r25	; 0x19
     24a:	aa 8f       	std	Y+26, r26	; 0x1a
     24c:	bb 8f       	std	Y+27, r27	; 0x1b
     24e:	8c 8f       	std	Y+28, r24	; 0x1c
     250:	9d 8f       	std	Y+29, r25	; 0x1d
     252:	ae 8f       	std	Y+30, r26	; 0x1e
     254:	bf 8f       	std	Y+31, r27	; 0x1f
     256:	ce 01       	movw	r24, r28
     258:	0e 94 fe 00 	call	0x1fc	; 0x1fc <calibration_crc>
     25c:	9f ab       	std	Y+55, r25	; 0x37
     25e:	8e ab       	std	Y+54, r24	; 0x36
     260:	df 91       	pop	r29
     262:	cf 91       	pop	r28
     264:	08 95       	ret

00000266 <calibration_load>:
     266:	0f 93       	push	r16
     268:	1f 93       	push	r17
     26a:	cf 93       	push	r28
     26c:	df 93       	push	r29
     26e:	ec 01       	movw	r28, r24
     270:	48 e3       	ldi	r20, 0x38	; 56
     272:	50 e0       	ldi	r21, 0x00	; 0
     274:	60 e0       	ldi	r22, 0x00	; 0
     276:	70 e0       	ldi	r23, 0x00	; 0
     278:	0e 94 18 09 	call	0x1230	; 0x1230 <eeprom_read_block>
     27c:	88 81       	ld	r24, Y
     27e:	99 81       	ldd	r25, Y+1	; 0x01
     280:	aa 81       	ldd	r26, Y+2	; 0x02
     282:	bb 81       	ldd	r27, Y+3	; 0x03
     284:	88 33       	cpi	r24, 0x38	; 56
     286:	92 43       	sbci	r25, 0x32	; 50
     288:	a4 44       	sbci	r26, 0x44	; 68
     28a:	be 44       	sbci	r27, 0x4E	; 78
     28c:	81 f4       	brne	.+32     	; 0x2ae <calibration_load+0x48>
     28e:	8c 81       	ldd	r24, Y+4	; 0x04
     290:	9d 81       	ldd	r25, Y+5	; 0x05
     292:	01 97       	sbiw	r24, 0x01	; 1
     294:	61 f4       	brne	.+24     	; 0x2ae <calibration_load+0x48>
     296:	8e 81       	ldd	r24, Y+6	; 0x06
     298:	9f 81       	ldd	r25, Y+7	; 0x07
     29a:	c8 97       	sbiw	r24, 0x38	; 56
     29c:	41 f4       	brne	.+16     	; 0x2ae <calibration_load+0x48>
     29e:	0e a9       	ldd	r16, Y+54	; 0x36
     2a0:	1f a9       	ldd	r17, Y+55	; 0x37
     2a2:	ce 01       	movw	r24, r28
     2a4:	0e 94 fe 00 	call	0x1fc	; 0x1fc <calibration_crc>
     2a8:	08 17       	cp	r16, r24
     2aa:	19 07       	cpc	r17, r25
     2ac:	29 f0       	breq	.+10     	; 0x2b8 <calibration_load+0x52>
     2ae:	ce 01       	movw	r24, r28
     2b0:	0e 94 03 01 	call	0x206	; 0x206 <calibration_make_defaults>
     2b4:	80 e0       	ldi	r24, 0x00	; 0
     2b6:	01 c0       	rjmp	.+2      	; 0x2ba <calibration_load+0x54>
     2b8:	81 e0       	ldi	r24, 0x01	; 1
     2ba:	df 91       	pop	r29
     2bc:	cf 91       	pop	r28
     2be:	1f 91       	pop	r17
     2c0:	0f 91       	pop	r16
     2c2:	08 95       	ret

000002c4 <calibration_apply>:
    return (int32_t)(scaled / CALIBRATION_GAIN_UNITY_PPM);
}

void calibration_apply(const calibration_record_t *record,
                       tmag5273_measurement_t *measurement)
{
     2c4:	cf 92       	push	r12
     2c6:	df 92       	push	r13
     2c8:	ef 92       	push	r14
     2ca:	ff 92       	push	r15
     2cc:	0f 93       	push	r16
     2ce:	1f 93       	push	r17
     2d0:	cf 93       	push	r28
     2d2:	df 93       	push	r29
     2d4:	6c 01       	movw	r12, r24
     2d6:	eb 01       	movw	r28, r22
    measurement->bx_x100 = apply_axis(measurement->bx_x100,
     2d8:	fc 01       	movw	r30, r24
     2da:	e4 88       	ldd	r14, Z+20	; 0x14
     2dc:	f5 88       	ldd	r15, Z+21	; 0x15
     2de:	06 89       	ldd	r16, Z+22	; 0x16
     2e0:	17 89       	ldd	r17, Z+23	; 0x17
     2e2:	20 85       	ldd	r18, Z+8	; 0x08
     2e4:	31 85       	ldd	r19, Z+9	; 0x09
     2e6:	42 85       	ldd	r20, Z+10	; 0x0a
     2e8:	53 85       	ldd	r21, Z+11	; 0x0b
     2ea:	6c 81       	ldd	r22, Y+4	; 0x04
     2ec:	7d 81       	ldd	r23, Y+5	; 0x05
     2ee:	8e 81       	ldd	r24, Y+6	; 0x06
     2f0:	9f 81       	ldd	r25, Y+7	; 0x07
     2f2:	0e 94 96 00 	call	0x12c	; 0x12c <apply_axis>
     2f6:	6c 83       	std	Y+4, r22	; 0x04
     2f8:	7d 83       	std	Y+5, r23	; 0x05
     2fa:	8e 83       	std	Y+6, r24	; 0x06
     2fc:	9f 83       	std	Y+7, r25	; 0x07
                                      record->offset_x_x100,
                                      record->gain_x_ppm);
    measurement->by_x100 = apply_axis(measurement->by_x100,
     2fe:	f6 01       	movw	r30, r12
     300:	e0 8c       	ldd	r14, Z+24	; 0x18
     302:	f1 8c       	ldd	r15, Z+25	; 0x19
     304:	02 8d       	ldd	r16, Z+26	; 0x1a
     306:	13 8d       	ldd	r17, Z+27	; 0x1b
     308:	24 85       	ldd	r18, Z+12	; 0x0c
     30a:	35 85       	ldd	r19, Z+13	; 0x0d
     30c:	46 85       	ldd	r20, Z+14	; 0x0e
     30e:	57 85       	ldd	r21, Z+15	; 0x0f
     310:	68 85       	ldd	r22, Y+8	; 0x08
     312:	79 85       	ldd	r23, Y+9	; 0x09
     314:	8a 85       	ldd	r24, Y+10	; 0x0a
     316:	9b 85       	ldd	r25, Y+11	; 0x0b
     318:	0e 94 96 00 	call	0x12c	; 0x12c <apply_axis>
     31c:	68 87       	std	Y+8, r22	; 0x08
     31e:	79 87       	std	Y+9, r23	; 0x09
     320:	8a 87       	std	Y+10, r24	; 0x0a
     322:	9b 87       	std	Y+11, r25	; 0x0b
                                      record->offset_y_x100,
                                      record->gain_y_ppm);
    measurement->bz_x100 = apply_axis(measurement->bz_x100,
     324:	f6 01       	movw	r30, r12
     326:	e4 8c       	ldd	r14, Z+28	; 0x1c
     328:	f5 8c       	ldd	r15, Z+29	; 0x1d
     32a:	06 8d       	ldd	r16, Z+30	; 0x1e
     32c:	17 8d       	ldd	r17, Z+31	; 0x1f
     32e:	20 89       	ldd	r18, Z+16	; 0x10
     330:	31 89       	ldd	r19, Z+17	; 0x11
     332:	42 89       	ldd	r20, Z+18	; 0x12
     334:	53 89       	ldd	r21, Z+19	; 0x13
     336:	6c 85       	ldd	r22, Y+12	; 0x0c
     338:	7d 85       	ldd	r23, Y+13	; 0x0d
     33a:	8e 85       	ldd	r24, Y+14	; 0x0e
     33c:	9f 85       	ldd	r25, Y+15	; 0x0f
     33e:	0e 94 96 00 	call	0x12c	; 0x12c <apply_axis>
     342:	6c 87       	std	Y+12, r22	; 0x0c
     344:	7d 87       	std	Y+13, r23	; 0x0d
     346:	8e 87       	std	Y+14, r24	; 0x0e
     348:	9f 87       	std	Y+15, r25	; 0x0f
                                      record->offset_z_x100,
                                      record->gain_z_ppm);
}
     34a:	df 91       	pop	r29
     34c:	cf 91       	pop	r28
     34e:	1f 91       	pop	r17
     350:	0f 91       	pop	r16
     352:	ff 90       	pop	r15
     354:	ef 90       	pop	r14
     356:	df 90       	pop	r13
     358:	cf 90       	pop	r12
     35a:	08 95       	ret

0000035c <crc16_ccitt>:
#include "crc16.h"

uint16_t crc16_ccitt(const void *data, size_t length)
{
     35c:	dc 01       	movw	r26, r24
    const uint8_t *bytes = (const uint8_t *)data;
    uint16_t crc = 0xFFFFU;

    for (size_t i = 0; i < length; i++) {
     35e:	40 e0       	ldi	r20, 0x00	; 0
     360:	50 e0       	ldi	r21, 0x00	; 0
#include "crc16.h"

uint16_t crc16_ccitt(const void *data, size_t length)
{
    const uint8_t *bytes = (const uint8_t *)data;
    uint16_t crc = 0xFFFFU;
     362:	8f ef       	ldi	r24, 0xFF	; 255
     364:	9f ef       	ldi	r25, 0xFF	; 255

    for (size_t i = 0; i < length; i++) {
     366:	1b c0       	rjmp	.+54     	; 0x39e <crc16_ccitt+0x42>
        crc ^= (uint16_t)bytes[i] << 8;
     368:	fd 01       	movw	r30, r26
     36a:	e4 0f       	add	r30, r20
     36c:	f5 1f       	adc	r31, r21
     36e:	20 81       	ld	r18, Z
     370:	30 e0       	ldi	r19, 0x00	; 0
     372:	32 2f       	mov	r19, r18
     374:	22 27       	eor	r18, r18
     376:	82 27       	eor	r24, r18
     378:	93 27       	eor	r25, r19
        for (uint8_t bit = 0; bit < 8U; bit++) {
     37a:	20 e0       	ldi	r18, 0x00	; 0
     37c:	0c c0       	rjmp	.+24     	; 0x396 <crc16_ccitt+0x3a>
            if (crc & 0x8000U) {
     37e:	99 23       	and	r25, r25
     380:	3c f4       	brge	.+14     	; 0x390 <crc16_ccitt+0x34>
                crc = (uint16_t)((crc << 1) ^ 0x1021U);
     382:	88 0f       	add	r24, r24
     384:	99 1f       	adc	r25, r25
     386:	31 e2       	ldi	r19, 0x21	; 33
     388:	83 27       	eor	r24, r19
     38a:	30 e1       	ldi	r19, 0x10	; 16
     38c:	93 27       	eor	r25, r19
     38e:	02 c0       	rjmp	.+4      	; 0x394 <crc16_ccitt+0x38>
            } else {
                crc <<= 1;
     390:	88 0f       	add	r24, r24
     392:	99 1f       	adc	r25, r25
    const uint8_t *bytes = (const uint8_t *)data;
    uint16_t crc = 0xFFFFU;

    for (size_t i = 0; i < length; i++) {
        crc ^= (uint16_t)bytes[i] << 8;
        for (uint8_t bit = 0; bit < 8U; bit++) {
     394:	2f 5f       	subi	r18, 0xFF	; 255
     396:	28 30       	cpi	r18, 0x08	; 8
     398:	90 f3       	brcs	.-28     	; 0x37e <crc16_ccitt+0x22>
uint16_t crc16_ccitt(const void *data, size_t length)
{
    const uint8_t *bytes = (const uint8_t *)data;
    uint16_t crc = 0xFFFFU;

    for (size_t i = 0; i < length; i++) {
     39a:	4f 5f       	subi	r20, 0xFF	; 255
     39c:	5f 4f       	sbci	r21, 0xFF	; 255
     39e:	46 17       	cp	r20, r22
     3a0:	57 07       	cpc	r21, r23
     3a2:	10 f3       	brcs	.-60     	; 0x368 <crc16_ccitt+0xc>
            }
        }
    }

    return crc;
}
     3a4:	08 95       	ret

000003a6 <print_calibration_summary>:
    uart0_print_hex8(measurement->status);
    uart0_print("\r\n");
}

static void print_calibration_summary(void)
{
     3a6:	cf 93       	push	r28
     3a8:	df 93       	push	r29
    uart0_print("CALIBRATION=");
     3aa:	8e e0       	ldi	r24, 0x0E	; 14
     3ac:	91 e0       	ldi	r25, 0x01	; 1
     3ae:	0e 94 82 06 	call	0xd04	; 0xd04 <uart0_print>
    uart0_print(calibration_status == CALIBRATION_STATUS_VALID ? "VALID" : "DEFAULT");
     3b2:	80 91 a0 02 	lds	r24, 0x02A0	; 0x8002a0 <__data_end>
     3b6:	81 30       	cpi	r24, 0x01	; 1
     3b8:	19 f4       	brne	.+6      	; 0x3c0 <print_calibration_summary+0x1a>
     3ba:	80 e0       	ldi	r24, 0x00	; 0
     3bc:	91 e0       	ldi	r25, 0x01	; 1
     3be:	02 c0       	rjmp	.+4      	; 0x3c4 <print_calibration_summary+0x1e>
     3c0:	86 e0       	ldi	r24, 0x06	; 6
     3c2:	91 e0       	ldi	r25, 0x01	; 1
     3c4:	0e 94 82 06 	call	0xd04	; 0xd04 <uart0_print>
    uart0_print(",VERSION=");
     3c8:	8b e1       	ldi	r24, 0x1B	; 27
     3ca:	91 e0       	ldi	r25, 0x01	; 1
     3cc:	0e 94 82 06 	call	0xd04	; 0xd04 <uart0_print>
    uart0_print_uint16(calibration.version);
     3d0:	c1 ea       	ldi	r28, 0xA1	; 161
     3d2:	d2 e0       	ldi	r29, 0x02	; 2
     3d4:	8c 81       	ldd	r24, Y+4	; 0x04
     3d6:	9d 81       	ldd	r25, Y+5	; 0x05
     3d8:	0e 94 a4 06 	call	0xd48	; 0xd48 <uart0_print_uint16>
    uart0_print(",COUNTER=");
     3dc:	85 e2       	ldi	r24, 0x25	; 37
     3de:	91 e0       	ldi	r25, 0x01	; 1
     3e0:	0e 94 82 06 	call	0xd04	; 0xd04 <uart0_print>
    uart0_print_uint32(calibration.calibration_counter);
     3e4:	68 a9       	ldd	r22, Y+48	; 0x30
     3e6:	79 a9       	ldd	r23, Y+49	; 0x31
     3e8:	8a a9       	ldd	r24, Y+50	; 0x32
     3ea:	9b a9       	ldd	r25, Y+51	; 0x33
     3ec:	0e 94 fb 06 	call	0xdf6	; 0xdf6 <uart0_print_uint32>
    uart0_print("\r\n");
     3f0:	8a ed       	ldi	r24, 0xDA	; 218
     3f2:	91 e0       	ldi	r25, 0x01	; 1
     3f4:	0e 94 82 06 	call	0xd04	; 0xd04 <uart0_print>

    uart0_print("CAL_OFFSET_X=");
     3f8:	8f e2       	ldi	r24, 0x2F	; 47
     3fa:	91 e0       	ldi	r25, 0x01	; 1
     3fc:	0e 94 82 06 	call	0xd04	; 0xd04 <uart0_print>
    uart0_print_fixed_2(calibration.offset_x_x100);
     400:	68 85       	ldd	r22, Y+8	; 0x08
     402:	79 85       	ldd	r23, Y+9	; 0x09
     404:	8a 85       	ldd	r24, Y+10	; 0x0a
     406:	9b 85       	ldd	r25, Y+11	; 0x0b
     408:	0e 94 40 07 	call	0xe80	; 0xe80 <uart0_print_fixed_2>
    uart0_print(",CAL_OFFSET_Y=");
     40c:	8d e3       	ldi	r24, 0x3D	; 61
     40e:	91 e0       	ldi	r25, 0x01	; 1
     410:	0e 94 82 06 	call	0xd04	; 0xd04 <uart0_print>
    uart0_print_fixed_2(calibration.offset_y_x100);
     414:	6c 85       	ldd	r22, Y+12	; 0x0c
     416:	7d 85       	ldd	r23, Y+13	; 0x0d
     418:	8e 85       	ldd	r24, Y+14	; 0x0e
     41a:	9f 85       	ldd	r25, Y+15	; 0x0f
     41c:	0e 94 40 07 	call	0xe80	; 0xe80 <uart0_print_fixed_2>
    uart0_print(",CAL_OFFSET_Z=");
     420:	8c e4       	ldi	r24, 0x4C	; 76
     422:	91 e0       	ldi	r25, 0x01	; 1
     424:	0e 94 82 06 	call	0xd04	; 0xd04 <uart0_print>
    uart0_print_fixed_2(calibration.offset_z_x100);
     428:	68 89       	ldd	r22, Y+16	; 0x10
     42a:	79 89       	ldd	r23, Y+17	; 0x11
     42c:	8a 89       	ldd	r24, Y+18	; 0x12
     42e:	9b 89       	ldd	r25, Y+19	; 0x13
     430:	0e 94 40 07 	call	0xe80	; 0xe80 <uart0_print_fixed_2>
    uart0_print("\r\n");
     434:	8a ed       	ldi	r24, 0xDA	; 218
     436:	91 e0       	ldi	r25, 0x01	; 1
     438:	0e 94 82 06 	call	0xd04	; 0xd04 <uart0_print>
}
     43c:	df 91       	pop	r29
     43e:	cf 91       	pop	r28
     440:	08 95       	ret

00000442 <print_packet>:

static void print_packet(uint8_t node_id,
                         uint32_t sequence,
                         uint8_t valid_samples,
                         const tmag5273_measurement_t *measurement)
{
     442:	8f 92       	push	r8
     444:	9f 92       	push	r9
     446:	af 92       	push	r10
     448:	bf 92       	push	r11
     44a:	ef 92       	push	r14
     44c:	ff 92       	push	r15
     44e:	0f 93       	push	r16
     450:	1f 93       	push	r17
     452:	cf 93       	push	r28
     454:	df 93       	push	r29
     456:	e8 2e       	mov	r14, r24
     458:	4a 01       	movw	r8, r20
     45a:	5b 01       	movw	r10, r22
     45c:	f2 2e       	mov	r15, r18
     45e:	e8 01       	movw	r28, r16
    uart0_print("$ND280,VER=");
     460:	8b e5       	ldi	r24, 0x5B	; 91
     462:	91 e0       	ldi	r25, 0x01	; 1
     464:	0e 94 82 06 	call	0xd04	; 0xd04 <uart0_print>
    uart0_print(FIRMWARE_VERSION);
     468:	87 e6       	ldi	r24, 0x67	; 103
     46a:	91 e0       	ldi	r25, 0x01	; 1
     46c:	0e 94 82 06 	call	0xd04	; 0xd04 <uart0_print>
    uart0_print(",ID=");
     470:	8d e6       	ldi	r24, 0x6D	; 109
     472:	91 e0       	ldi	r25, 0x01	; 1
     474:	0e 94 82 06 	call	0xd04	; 0xd04 <uart0_print>
    uart0_print_uint16(node_id);
     478:	8e 2d       	mov	r24, r14
     47a:	90 e0       	ldi	r25, 0x00	; 0
     47c:	0e 94 a4 06 	call	0xd48	; 0xd48 <uart0_print_uint16>
    uart0_print(",SEQ=");
     480:	89 e8       	ldi	r24, 0x89	; 137
     482:	92 e0       	ldi	r25, 0x02	; 2
     484:	0e 94 82 06 	call	0xd04	; 0xd04 <uart0_print>
    uart0_print_uint32(sequence);
     488:	c5 01       	movw	r24, r10
     48a:	b4 01       	movw	r22, r8
     48c:	0e 94 fb 06 	call	0xdf6	; 0xdf6 <uart0_print_uint32>
    uart0_print(",AVG=");
     490:	82 e7       	ldi	r24, 0x72	; 114
     492:	91 e0       	ldi	r25, 0x01	; 1
     494:	0e 94 82 06 	call	0xd04	; 0xd04 <uart0_print>
    uart0_print_uint16(valid_samples);
     498:	8f 2d       	mov	r24, r15
     49a:	90 e0       	ldi	r25, 0x00	; 0
     49c:	0e 94 a4 06 	call	0xd48	; 0xd48 <uart0_print_uint16>
    uart0_print(",CAL=");
     4a0:	88 e7       	ldi	r24, 0x78	; 120
     4a2:	91 e0       	ldi	r25, 0x01	; 1
     4a4:	0e 94 82 06 	call	0xd04	; 0xd04 <uart0_print>
    uart0_print(calibration_status == CALIBRATION_STATUS_VALID ? "VALID" : "DEFAULT");
     4a8:	80 91 a0 02 	lds	r24, 0x02A0	; 0x8002a0 <__data_end>
     4ac:	81 30       	cpi	r24, 0x01	; 1
     4ae:	19 f4       	brne	.+6      	; 0x4b6 <print_packet+0x74>
     4b0:	80 e0       	ldi	r24, 0x00	; 0
     4b2:	91 e0       	ldi	r25, 0x01	; 1
     4b4:	02 c0       	rjmp	.+4      	; 0x4ba <print_packet+0x78>
     4b6:	86 e0       	ldi	r24, 0x06	; 6
     4b8:	91 e0       	ldi	r25, 0x01	; 1
     4ba:	0e 94 82 06 	call	0xd04	; 0xd04 <uart0_print>
    uart0_print(",T=");
     4be:	8e e7       	ldi	r24, 0x7E	; 126
     4c0:	91 e0       	ldi	r25, 0x01	; 1
     4c2:	0e 94 82 06 	call	0xd04	; 0xd04 <uart0_print>
    uart0_print_fixed_2(measurement->temperature_x100);
     4c6:	68 81       	ld	r22, Y
     4c8:	79 81       	ldd	r23, Y+1	; 0x01
     4ca:	8a 81       	ldd	r24, Y+2	; 0x02
     4cc:	9b 81       	ldd	r25, Y+3	; 0x03
     4ce:	0e 94 40 07 	call	0xe80	; 0xe80 <uart0_print_fixed_2>
    uart0_print(",BX=");
     4d2:	82 e8       	ldi	r24, 0x82	; 130
     4d4:	91 e0       	ldi	r25, 0x01	; 1
     4d6:	0e 94 82 06 	call	0xd04	; 0xd04 <uart0_print>
    uart0_print_fixed_2(measurement->bx_x100);
     4da:	6c 81       	ldd	r22, Y+4	; 0x04
     4dc:	7d 81       	ldd	r23, Y+5	; 0x05
     4de:	8e 81       	ldd	r24, Y+6	; 0x06
     4e0:	9f 81       	ldd	r25, Y+7	; 0x07
     4e2:	0e 94 40 07 	call	0xe80	; 0xe80 <uart0_print_fixed_2>
    uart0_print(",BY=");
     4e6:	87 e8       	ldi	r24, 0x87	; 135
     4e8:	91 e0       	ldi	r25, 0x01	; 1
     4ea:	0e 94 82 06 	call	0xd04	; 0xd04 <uart0_print>
    uart0_print_fixed_2(measurement->by_x100);
     4ee:	68 85       	ldd	r22, Y+8	; 0x08
     4f0:	79 85       	ldd	r23, Y+9	; 0x09
     4f2:	8a 85       	ldd	r24, Y+10	; 0x0a
     4f4:	9b 85       	ldd	r25, Y+11	; 0x0b
     4f6:	0e 94 40 07 	call	0xe80	; 0xe80 <uart0_print_fixed_2>
    uart0_print(",BZ=");
     4fa:	8c e8       	ldi	r24, 0x8C	; 140
     4fc:	91 e0       	ldi	r25, 0x01	; 1
     4fe:	0e 94 82 06 	call	0xd04	; 0xd04 <uart0_print>
    uart0_print_fixed_2(measurement->bz_x100);
     502:	6c 85       	ldd	r22, Y+12	; 0x0c
     504:	7d 85       	ldd	r23, Y+13	; 0x0d
     506:	8e 85       	ldd	r24, Y+14	; 0x0e
     508:	9f 85       	ldd	r25, Y+15	; 0x0f
     50a:	0e 94 40 07 	call	0xe80	; 0xe80 <uart0_print_fixed_2>
    uart0_print(",STATUS=0x");
     50e:	81 e9       	ldi	r24, 0x91	; 145
     510:	91 e0       	ldi	r25, 0x01	; 1
     512:	0e 94 82 06 	call	0xd04	; 0xd04 <uart0_print>
    uart0_print_hex8(measurement->status);
     516:	88 89       	ldd	r24, Y+16	; 0x10
     518:	0e 94 8f 06 	call	0xd1e	; 0xd1e <uart0_print_hex8>
    uart0_print("\r\n");
     51c:	8a ed       	ldi	r24, 0xDA	; 218
     51e:	91 e0       	ldi	r25, 0x01	; 1
     520:	0e 94 82 06 	call	0xd04	; 0xd04 <uart0_print>
}
     524:	df 91       	pop	r29
     526:	cf 91       	pop	r28
     528:	1f 91       	pop	r17
     52a:	0f 91       	pop	r16
     52c:	ff 90       	pop	r15
     52e:	ef 90       	pop	r14
     530:	bf 90       	pop	r11
     532:	af 90       	pop	r10
     534:	9f 90       	pop	r9
     536:	8f 90       	pop	r8
     538:	08 95       	ret

0000053a <fatal_error>:

static calibration_record_t calibration;
static calibration_status_t calibration_status;

static void fatal_error(const char *message)
{
     53a:	ec 01       	movw	r28, r24
    uart0_print("ERROR,");
     53c:	8c e9       	ldi	r24, 0x9C	; 156
     53e:	91 e0       	ldi	r25, 0x01	; 1
     540:	0e 94 82 06 	call	0xd04	; 0xd04 <uart0_print>
    uart0_print(message);
     544:	ce 01       	movw	r24, r28
     546:	0e 94 82 06 	call	0xd04	; 0xd04 <uart0_print>
    uart0_print("\r\n");
     54a:	8a ed       	ldi	r24, 0xDA	; 218
     54c:	91 e0       	ldi	r25, 0x01	; 1
     54e:	0e 94 82 06 	call	0xd04	; 0xd04 <uart0_print>

    while (1) {
        PORTD ^= (1 << PD7);
     552:	8b b1       	in	r24, 0x0b	; 11
     554:	80 58       	subi	r24, 0x80	; 128
     556:	8b b9       	out	0x0b, r24	; 11
	#else
		//round up by default
		__ticks_dc = (uint32_t)(ceil(fabs(__tmp)));
	#endif

	__builtin_avr_delay_cycles(__ticks_dc);
     558:	8f e4       	ldi	r24, 0x4F	; 79
     55a:	93 ec       	ldi	r25, 0xC3	; 195
     55c:	01 97       	sbiw	r24, 0x01	; 1
     55e:	f1 f7       	brne	.-4      	; 0x55c <fatal_error+0x22>
     560:	00 c0       	rjmp	.+0      	; 0x562 <fatal_error+0x28>
     562:	00 00       	nop
     564:	f6 cf       	rjmp	.-20     	; 0x552 <fatal_error+0x18>

00000566 <acquire_average>:
    }
}

static uint8_t acquire_average(tmag5273_measurement_t *measurement,
                               uint8_t *valid_samples)
{
     566:	2f 92       	push	r2
     568:	3f 92       	push	r3
     56a:	4f 92       	push	r4
     56c:	5f 92       	push	r5
     56e:	6f 92       	push	r6
     570:	7f 92       	push	r7
     572:	8f 92       	push	r8
     574:	9f 92       	push	r9
     576:	af 92       	push	r10
     578:	bf 92       	push	r11
     57a:	cf 92       	push	r12
     57c:	df 92       	push	r13
     57e:	ef 92       	push	r14
     580:	ff 92       	push	r15
     582:	0f 93       	push	r16
     584:	1f 93       	push	r17
     586:	cf 93       	push	r28
     588:	df 93       	push	r29
     58a:	cd b7       	in	r28, 0x3d	; 61
     58c:	de b7       	in	r29, 0x3e	; 62
     58e:	6a 97       	sbiw	r28, 0x1a	; 26
     590:	0f b6       	in	r0, 0x3f	; 63
     592:	f8 94       	cli
     594:	de bf       	out	0x3e, r29	; 62
     596:	0f be       	out	0x3f, r0	; 63
     598:	cd bf       	out	0x3d, r28	; 61
     59a:	8a 8b       	std	Y+18, r24	; 0x12
     59c:	29 2e       	mov	r2, r25
     59e:	7f 87       	std	Y+15, r23	; 0x0f
     5a0:	6e 87       	std	Y+14, r22	; 0x0e
    int32_t sum_by = 0;
    int32_t sum_bz = 0;
    uint8_t last_status = 0;
    uint8_t valid = 0;

    for (uint8_t index = 0; index < AVERAGE_SAMPLES; index++) {
     5a2:	10 e0       	ldi	r17, 0x00	; 0
    int32_t sum_temperature = 0;
    int32_t sum_bx = 0;
    int32_t sum_by = 0;
    int32_t sum_bz = 0;
    uint8_t last_status = 0;
    uint8_t valid = 0;
     5a4:	00 e0       	ldi	r16, 0x00	; 0
{
    int32_t sum_temperature = 0;
    int32_t sum_bx = 0;
    int32_t sum_by = 0;
    int32_t sum_bz = 0;
    uint8_t last_status = 0;
     5a6:	31 2c       	mov	r3, r1
                               uint8_t *valid_samples)
{
    int32_t sum_temperature = 0;
    int32_t sum_bx = 0;
    int32_t sum_by = 0;
    int32_t sum_bz = 0;
     5a8:	81 2c       	mov	r8, r1
     5aa:	91 2c       	mov	r9, r1
     5ac:	54 01       	movw	r10, r8
static uint8_t acquire_average(tmag5273_measurement_t *measurement,
                               uint8_t *valid_samples)
{
    int32_t sum_temperature = 0;
    int32_t sum_bx = 0;
    int32_t sum_by = 0;
     5ae:	41 2c       	mov	r4, r1
     5b0:	51 2c       	mov	r5, r1
     5b2:	32 01       	movw	r6, r4

static uint8_t acquire_average(tmag5273_measurement_t *measurement,
                               uint8_t *valid_samples)
{
    int32_t sum_temperature = 0;
    int32_t sum_bx = 0;
     5b4:	c1 2c       	mov	r12, r1
     5b6:	d1 2c       	mov	r13, r1
     5b8:	76 01       	movw	r14, r12
}

static uint8_t acquire_average(tmag5273_measurement_t *measurement,
                               uint8_t *valid_samples)
{
    int32_t sum_temperature = 0;
     5ba:	1a 86       	std	Y+10, r1	; 0x0a
     5bc:	1b 86       	std	Y+11, r1	; 0x0b
     5be:	1c 86       	std	Y+12, r1	; 0x0c
     5c0:	1d 86       	std	Y+13, r1	; 0x0d
    int32_t sum_by = 0;
    int32_t sum_bz = 0;
    uint8_t last_status = 0;
    uint8_t valid = 0;

    for (uint8_t index = 0; index < AVERAGE_SAMPLES; index++) {
     5c2:	3f c0       	rjmp	.+126    	; 0x642 <acquire_average+0xdc>
        tmag5273_raw_sample_t sample;

        if (tmag5273_read_raw(&sample)) {
     5c4:	ce 01       	movw	r24, r28
     5c6:	01 96       	adiw	r24, 0x01	; 1
     5c8:	0e 94 67 04 	call	0x8ce	; 0x8ce <tmag5273_read_raw>
     5cc:	88 23       	and	r24, r24
     5ce:	91 f1       	breq	.+100    	; 0x634 <acquire_average+0xce>
            sum_temperature += sample.temperature_raw;
     5d0:	89 81       	ldd	r24, Y+1	; 0x01
     5d2:	9a 81       	ldd	r25, Y+2	; 0x02
     5d4:	09 2e       	mov	r0, r25
     5d6:	00 0c       	add	r0, r0
     5d8:	aa 0b       	sbc	r26, r26
     5da:	bb 0b       	sbc	r27, r27
     5dc:	2a 85       	ldd	r18, Y+10	; 0x0a
     5de:	3b 85       	ldd	r19, Y+11	; 0x0b
     5e0:	4c 85       	ldd	r20, Y+12	; 0x0c
     5e2:	5d 85       	ldd	r21, Y+13	; 0x0d
     5e4:	28 0f       	add	r18, r24
     5e6:	39 1f       	adc	r19, r25
     5e8:	4a 1f       	adc	r20, r26
     5ea:	5b 1f       	adc	r21, r27
     5ec:	2a 87       	std	Y+10, r18	; 0x0a
     5ee:	3b 87       	std	Y+11, r19	; 0x0b
     5f0:	4c 87       	std	Y+12, r20	; 0x0c
     5f2:	5d 87       	std	Y+13, r21	; 0x0d
            sum_bx += sample.bx_raw;
     5f4:	8b 81       	ldd	r24, Y+3	; 0x03
     5f6:	9c 81       	ldd	r25, Y+4	; 0x04
     5f8:	09 2e       	mov	r0, r25
     5fa:	00 0c       	add	r0, r0
     5fc:	aa 0b       	sbc	r26, r26
     5fe:	bb 0b       	sbc	r27, r27
     600:	c8 0e       	add	r12, r24
     602:	d9 1e       	adc	r13, r25
     604:	ea 1e       	adc	r14, r26
     606:	fb 1e       	adc	r15, r27
            sum_by += sample.by_raw;
     608:	8d 81       	ldd	r24, Y+5	; 0x05
     60a:	9e 81       	ldd	r25, Y+6	; 0x06
     60c:	09 2e       	mov	r0, r25
     60e:	00 0c       	add	r0, r0
     610:	aa 0b       	sbc	r26, r26
     612:	bb 0b       	sbc	r27, r27
     614:	48 0e       	add	r4, r24
     616:	59 1e       	adc	r5, r25
     618:	6a 1e       	adc	r6, r26
     61a:	7b 1e       	adc	r7, r27
            sum_bz += sample.bz_raw;
     61c:	8f 81       	ldd	r24, Y+7	; 0x07
     61e:	98 85       	ldd	r25, Y+8	; 0x08
     620:	09 2e       	mov	r0, r25
     622:	00 0c       	add	r0, r0
     624:	aa 0b       	sbc	r26, r26
     626:	bb 0b       	sbc	r27, r27
     628:	88 0e       	add	r8, r24
     62a:	99 1e       	adc	r9, r25
     62c:	aa 1e       	adc	r10, r26
     62e:	bb 1e       	adc	r11, r27
            last_status = sample.status;
     630:	39 84       	ldd	r3, Y+9	; 0x09
            valid++;
     632:	0f 5f       	subi	r16, 0xFF	; 255
     634:	87 ea       	ldi	r24, 0xA7	; 167
     636:	91 e6       	ldi	r25, 0x61	; 97
     638:	01 97       	sbiw	r24, 0x01	; 1
     63a:	f1 f7       	brne	.-4      	; 0x638 <acquire_average+0xd2>
     63c:	00 c0       	rjmp	.+0      	; 0x63e <acquire_average+0xd8>
     63e:	00 00       	nop
    int32_t sum_by = 0;
    int32_t sum_bz = 0;
    uint8_t last_status = 0;
    uint8_t valid = 0;

    for (uint8_t index = 0; index < AVERAGE_SAMPLES; index++) {
     640:	1f 5f       	subi	r17, 0xFF	; 255
     642:	1a 30       	cpi	r17, 0x0A	; 10
     644:	08 f4       	brcc	.+2      	; 0x648 <acquire_average+0xe2>
     646:	be cf       	rjmp	.-132    	; 0x5c4 <acquire_average+0x5e>
        }

        _delay_ms(SAMPLE_INTERVAL_MS);
    }

    *valid_samples = valid;
     648:	ae 85       	ldd	r26, Y+14	; 0x0e
     64a:	bf 85       	ldd	r27, Y+15	; 0x0f
     64c:	0c 93       	st	X, r16
    if (valid == 0U) return 0;
     64e:	00 23       	and	r16, r16
     650:	09 f4       	brne	.+2      	; 0x654 <acquire_average+0xee>
     652:	4c c0       	rjmp	.+152    	; 0x6ec <acquire_average+0x186>

    tmag5273_convert_averaged_raw(sum_temperature / valid,
     654:	20 2f       	mov	r18, r16
     656:	30 e0       	ldi	r19, 0x00	; 0
     658:	40 e0       	ldi	r20, 0x00	; 0
     65a:	50 e0       	ldi	r21, 0x00	; 0
     65c:	2e 87       	std	Y+14, r18	; 0x0e
     65e:	3f 87       	std	Y+15, r19	; 0x0f
     660:	48 8b       	std	Y+16, r20	; 0x10
     662:	59 8b       	std	Y+17, r21	; 0x11
     664:	c5 01       	movw	r24, r10
     666:	b4 01       	movw	r22, r8
     668:	0e 94 a3 07 	call	0xf46	; 0xf46 <__divmodsi4>
     66c:	2b 8b       	std	Y+19, r18	; 0x13
     66e:	3c 8b       	std	Y+20, r19	; 0x14
     670:	4d 8b       	std	Y+21, r20	; 0x15
     672:	5e 8b       	std	Y+22, r21	; 0x16
     674:	c3 01       	movw	r24, r6
     676:	b2 01       	movw	r22, r4
     678:	2e 85       	ldd	r18, Y+14	; 0x0e
     67a:	3f 85       	ldd	r19, Y+15	; 0x0f
     67c:	48 89       	ldd	r20, Y+16	; 0x10
     67e:	59 89       	ldd	r21, Y+17	; 0x11
     680:	0e 94 a3 07 	call	0xf46	; 0xf46 <__divmodsi4>
     684:	2f 8b       	std	Y+23, r18	; 0x17
     686:	38 8f       	std	Y+24, r19	; 0x18
     688:	49 8f       	std	Y+25, r20	; 0x19
     68a:	5a 8f       	std	Y+26, r21	; 0x1a
     68c:	c7 01       	movw	r24, r14
     68e:	b6 01       	movw	r22, r12
     690:	2e 85       	ldd	r18, Y+14	; 0x0e
     692:	3f 85       	ldd	r19, Y+15	; 0x0f
     694:	48 89       	ldd	r20, Y+16	; 0x10
     696:	59 89       	ldd	r21, Y+17	; 0x11
     698:	0e 94 a3 07 	call	0xf46	; 0xf46 <__divmodsi4>
     69c:	29 01       	movw	r4, r18
     69e:	3a 01       	movw	r6, r20
     6a0:	6a 85       	ldd	r22, Y+10	; 0x0a
     6a2:	7b 85       	ldd	r23, Y+11	; 0x0b
     6a4:	8c 85       	ldd	r24, Y+12	; 0x0c
     6a6:	9d 85       	ldd	r25, Y+13	; 0x0d
     6a8:	2e 85       	ldd	r18, Y+14	; 0x0e
     6aa:	3f 85       	ldd	r19, Y+15	; 0x0f
     6ac:	48 89       	ldd	r20, Y+16	; 0x10
     6ae:	59 89       	ldd	r21, Y+17	; 0x11
     6b0:	0e 94 a3 07 	call	0xf46	; 0xf46 <__divmodsi4>
     6b4:	ca 01       	movw	r24, r20
     6b6:	b9 01       	movw	r22, r18
     6b8:	2f 92       	push	r2
     6ba:	3a 89       	ldd	r19, Y+18	; 0x12
     6bc:	3f 93       	push	r19
     6be:	83 2c       	mov	r8, r3
     6c0:	ab 88       	ldd	r10, Y+19	; 0x13
     6c2:	bc 88       	ldd	r11, Y+20	; 0x14
     6c4:	cd 88       	ldd	r12, Y+21	; 0x15
     6c6:	de 88       	ldd	r13, Y+22	; 0x16
     6c8:	ef 88       	ldd	r14, Y+23	; 0x17
     6ca:	f8 8c       	ldd	r15, Y+24	; 0x18
     6cc:	09 8d       	ldd	r16, Y+25	; 0x19
     6ce:	1a 8d       	ldd	r17, Y+26	; 0x1a
     6d0:	a3 01       	movw	r20, r6
     6d2:	92 01       	movw	r18, r4
     6d4:	0e 94 b5 04 	call	0x96a	; 0x96a <tmag5273_convert_averaged_raw>
                                  sum_by / valid,
                                  sum_bz / valid,
                                  last_status,
                                  measurement);

    calibration_apply(&calibration, measurement);
     6d8:	6a 89       	ldd	r22, Y+18	; 0x12
     6da:	72 2d       	mov	r23, r2
     6dc:	81 ea       	ldi	r24, 0xA1	; 161
     6de:	92 e0       	ldi	r25, 0x02	; 2
     6e0:	0e 94 62 01 	call	0x2c4	; 0x2c4 <calibration_apply>
    return 1;
     6e4:	0f 90       	pop	r0
     6e6:	0f 90       	pop	r0
     6e8:	81 e0       	ldi	r24, 0x01	; 1
     6ea:	01 c0       	rjmp	.+2      	; 0x6ee <acquire_average+0x188>

        _delay_ms(SAMPLE_INTERVAL_MS);
    }

    *valid_samples = valid;
    if (valid == 0U) return 0;
     6ec:	80 e0       	ldi	r24, 0x00	; 0
                                  last_status,
                                  measurement);

    calibration_apply(&calibration, measurement);
    return 1;
}
     6ee:	6a 96       	adiw	r28, 0x1a	; 26
     6f0:	0f b6       	in	r0, 0x3f	; 63
     6f2:	f8 94       	cli
     6f4:	de bf       	out	0x3e, r29	; 62
     6f6:	0f be       	out	0x3f, r0	; 63
     6f8:	cd bf       	out	0x3d, r28	; 61
     6fa:	df 91       	pop	r29
     6fc:	cf 91       	pop	r28
     6fe:	1f 91       	pop	r17
     700:	0f 91       	pop	r16
     702:	ff 90       	pop	r15
     704:	ef 90       	pop	r14
     706:	df 90       	pop	r13
     708:	cf 90       	pop	r12
     70a:	bf 90       	pop	r11
     70c:	af 90       	pop	r10
     70e:	9f 90       	pop	r9
     710:	8f 90       	pop	r8
     712:	7f 90       	pop	r7
     714:	6f 90       	pop	r6
     716:	5f 90       	pop	r5
     718:	4f 90       	pop	r4
     71a:	3f 90       	pop	r3
     71c:	2f 90       	pop	r2
     71e:	08 95       	ret

00000720 <main>:
    uart0_print_fixed_2(calibration.offset_z_x100);
    uart0_print("\r\n");
}

int main(void)
{
     720:	cf 93       	push	r28
     722:	df 93       	push	r29
     724:	cd b7       	in	r28, 0x3d	; 61
     726:	de b7       	in	r29, 0x3e	; 62
     728:	63 97       	sbiw	r28, 0x13	; 19
     72a:	0f b6       	in	r0, 0x3f	; 63
     72c:	f8 94       	cli
     72e:	de bf       	out	0x3e, r29	; 62
     730:	0f be       	out	0x3f, r0	; 63
     732:	cd bf       	out	0x3d, r28	; 61
    uart0_init();
     734:	0e 94 6d 06 	call	0xcda	; 0xcda <uart0_init>
    twi1_init();
     738:	0e 94 90 05 	call	0xb20	; 0xb20 <twi1_init>
    board_id_init();
     73c:	0e 94 79 00 	call	0xf2	; 0xf2 <board_id_init>

    DDRD |= (1 << PD5) | (1 << PD6) | (1 << PD7);
     740:	8a b1       	in	r24, 0x0a	; 10
     742:	80 6e       	ori	r24, 0xE0	; 224
     744:	8a b9       	out	0x0a, r24	; 10

    calibration_status = calibration_load(&calibration);
     746:	81 ea       	ldi	r24, 0xA1	; 161
     748:	92 e0       	ldi	r25, 0x02	; 2
     74a:	0e 94 33 01 	call	0x266	; 0x266 <calibration_load>
     74e:	80 93 a0 02 	sts	0x02A0, r24	; 0x8002a0 <__data_end>

    uart0_print("\r\nND280 Magnetic Field Node v");
     752:	83 ea       	ldi	r24, 0xA3	; 163
     754:	91 e0       	ldi	r25, 0x01	; 1
     756:	0e 94 82 06 	call	0xd04	; 0xd04 <uart0_print>
    uart0_print(FIRMWARE_VERSION);
     75a:	87 e6       	ldi	r24, 0x67	; 103
     75c:	91 e0       	ldi	r25, 0x01	; 1
     75e:	0e 94 82 06 	call	0xd04	; 0xd04 <uart0_print>
    uart0_print("\r\nUART0=4800,TWI1=PE0/PE1\r\n");
     762:	81 ec       	ldi	r24, 0xC1	; 193
     764:	91 e0       	ldi	r25, 0x01	; 1
     766:	0e 94 82 06 	call	0xd04	; 0xd04 <uart0_print>
    uart0_print("AVERAGE_SAMPLES=");
     76a:	8d ed       	ldi	r24, 0xDD	; 221
     76c:	91 e0       	ldi	r25, 0x01	; 1
     76e:	0e 94 82 06 	call	0xd04	; 0xd04 <uart0_print>
    uart0_print_uint16(AVERAGE_SAMPLES);
     772:	8a e0       	ldi	r24, 0x0A	; 10
     774:	90 e0       	ldi	r25, 0x00	; 0
     776:	0e 94 a4 06 	call	0xd48	; 0xd48 <uart0_print_uint16>
    uart0_print(",SAMPLE_INTERVAL_MS=");
     77a:	8e ee       	ldi	r24, 0xEE	; 238
     77c:	91 e0       	ldi	r25, 0x01	; 1
     77e:	0e 94 82 06 	call	0xd04	; 0xd04 <uart0_print>
    uart0_print_uint16(SAMPLE_INTERVAL_MS);
     782:	84 e6       	ldi	r24, 0x64	; 100
     784:	90 e0       	ldi	r25, 0x00	; 0
     786:	0e 94 a4 06 	call	0xd48	; 0xd48 <uart0_print_uint16>
    uart0_print("\r\nTMAG_VARIANT=");
     78a:	83 e0       	ldi	r24, 0x03	; 3
     78c:	92 e0       	ldi	r25, 0x02	; 2
     78e:	0e 94 82 06 	call	0xd04	; 0xd04 <uart0_print>
    uart0_print(TMAG_VARIANT);
     792:	83 e1       	ldi	r24, 0x13	; 19
     794:	92 e0       	ldi	r25, 0x02	; 2
     796:	0e 94 82 06 	call	0xd04	; 0xd04 <uart0_print>
    uart0_print(",TMAG_RANGE_MT=");
     79a:	86 e1       	ldi	r24, 0x16	; 22
     79c:	92 e0       	ldi	r25, 0x02	; 2
     79e:	0e 94 82 06 	call	0xd04	; 0xd04 <uart0_print>
    uart0_print_uint16(TMAG_FULL_SCALE_MT);
     7a2:	8a e0       	ldi	r24, 0x0A	; 10
     7a4:	91 e0       	ldi	r25, 0x01	; 1
     7a6:	0e 94 a4 06 	call	0xd48	; 0xd48 <uart0_print_uint16>
    uart0_print("\r\n");
     7aa:	8a ed       	ldi	r24, 0xDA	; 218
     7ac:	91 e0       	ldi	r25, 0x01	; 1
     7ae:	0e 94 82 06 	call	0xd04	; 0xd04 <uart0_print>

    print_calibration_summary();
     7b2:	0e 94 d3 01 	call	0x3a6	; 0x3a6 <print_calibration_summary>

    uint8_t device_id = 0;
     7b6:	19 82       	std	Y+1, r1	; 0x01
    if (!tmag5273_read_device_id(&device_id)) fatal_error("TMAG_DEVICE_ID_READ");
     7b8:	ce 01       	movw	r24, r28
     7ba:	01 96       	adiw	r24, 0x01	; 1
     7bc:	0e 94 3d 04 	call	0x87a	; 0x87a <tmag5273_read_device_id>
     7c0:	81 11       	cpse	r24, r1
     7c2:	04 c0       	rjmp	.+8      	; 0x7cc <main+0xac>
     7c4:	86 e2       	ldi	r24, 0x26	; 38
     7c6:	92 e0       	ldi	r25, 0x02	; 2
     7c8:	0e 94 9d 02 	call	0x53a	; 0x53a <fatal_error>

    uart0_print("TMAG_DEVICE_ID=0x");
     7cc:	8a e3       	ldi	r24, 0x3A	; 58
     7ce:	92 e0       	ldi	r25, 0x02	; 2
     7d0:	0e 94 82 06 	call	0xd04	; 0xd04 <uart0_print>
    uart0_print_hex8(device_id);
     7d4:	89 81       	ldd	r24, Y+1	; 0x01
     7d6:	0e 94 8f 06 	call	0xd1e	; 0xd1e <uart0_print_hex8>
    uart0_print("\r\n");
     7da:	8a ed       	ldi	r24, 0xDA	; 218
     7dc:	91 e0       	ldi	r25, 0x01	; 1
     7de:	0e 94 82 06 	call	0xd04	; 0xd04 <uart0_print>

    if (!tmag5273_init()) fatal_error("TMAG_INIT");
     7e2:	0e 94 43 04 	call	0x886	; 0x886 <tmag5273_init>
     7e6:	81 11       	cpse	r24, r1
     7e8:	04 c0       	rjmp	.+8      	; 0x7f2 <main+0xd2>
     7ea:	8c e4       	ldi	r24, 0x4C	; 76
     7ec:	92 e0       	ldi	r25, 0x02	; 2
     7ee:	0e 94 9d 02 	call	0x53a	; 0x53a <fatal_error>

    uart0_print("TMAG_INIT=OK\r\nBOARD_ID=");
     7f2:	86 e5       	ldi	r24, 0x56	; 86
     7f4:	92 e0       	ldi	r25, 0x02	; 2
     7f6:	0e 94 82 06 	call	0xd04	; 0xd04 <uart0_print>
    uart0_print_uint16(board_id_read());
     7fa:	0e 94 86 00 	call	0x10c	; 0x10c <board_id_read>
     7fe:	90 e0       	ldi	r25, 0x00	; 0
     800:	0e 94 a4 06 	call	0xd48	; 0xd48 <uart0_print_uint16>
    uart0_print("\r\n");
     804:	8a ed       	ldi	r24, 0xDA	; 218
     806:	91 e0       	ldi	r25, 0x01	; 1
     808:	0e 94 82 06 	call	0xd04	; 0xd04 <uart0_print>

    uint32_t sequence = 0;
     80c:	c1 2c       	mov	r12, r1
     80e:	d1 2c       	mov	r13, r1
     810:	76 01       	movw	r14, r12

    while (1) {
        tmag5273_measurement_t measurement;
        uint8_t valid_samples = 0;
     812:	1b 8a       	std	Y+19, r1	; 0x13

        if (!acquire_average(&measurement, &valid_samples)) {
     814:	be 01       	movw	r22, r28
     816:	6d 5e       	subi	r22, 0xED	; 237
     818:	7f 4f       	sbci	r23, 0xFF	; 255
     81a:	ce 01       	movw	r24, r28
     81c:	02 96       	adiw	r24, 0x02	; 2
     81e:	0e 94 b3 02 	call	0x566	; 0x566 <acquire_average>
     822:	81 11       	cpse	r24, r1
     824:	10 c0       	rjmp	.+32     	; 0x846 <__DATA_REGION_LENGTH__+0x46>
            uart0_print("ERROR,TMAG_NO_VALID_SAMPLES,SEQ=");
     826:	8e e6       	ldi	r24, 0x6E	; 110
     828:	92 e0       	ldi	r25, 0x02	; 2
     82a:	0e 94 82 06 	call	0xd04	; 0xd04 <uart0_print>
            uart0_print_uint32(sequence);
     82e:	c7 01       	movw	r24, r14
     830:	b6 01       	movw	r22, r12
     832:	0e 94 fb 06 	call	0xdf6	; 0xdf6 <uart0_print_uint32>
            uart0_print("\r\n");
     836:	8a ed       	ldi	r24, 0xDA	; 218
     838:	91 e0       	ldi	r25, 0x01	; 1
     83a:	0e 94 82 06 	call	0xd04	; 0xd04 <uart0_print>
            PORTD ^= (1 << PD7);
     83e:	8b b1       	in	r24, 0x0b	; 11
     840:	80 58       	subi	r24, 0x80	; 128
     842:	8b b9       	out	0x0b, r24	; 11
     844:	e6 cf       	rjmp	.-52     	; 0x812 <__DATA_REGION_LENGTH__+0x12>
            continue;
        }

        print_packet(board_id_read(), sequence, valid_samples, &measurement);
     846:	bb 88       	ldd	r11, Y+19	; 0x13
     848:	0e 94 86 00 	call	0x10c	; 0x10c <board_id_read>
     84c:	8e 01       	movw	r16, r28
     84e:	0e 5f       	subi	r16, 0xFE	; 254
     850:	1f 4f       	sbci	r17, 0xFF	; 255
     852:	2b 2d       	mov	r18, r11
     854:	b7 01       	movw	r22, r14
     856:	a6 01       	movw	r20, r12
     858:	0e 94 21 02 	call	0x442	; 0x442 <print_packet>
        sequence++;
     85c:	8f ef       	ldi	r24, 0xFF	; 255
     85e:	c8 1a       	sub	r12, r24
     860:	d8 0a       	sbc	r13, r24
     862:	e8 0a       	sbc	r14, r24
     864:	f8 0a       	sbc	r15, r24
        PORTD ^= (1 << PD5);
     866:	9b b1       	in	r25, 0x0b	; 11
     868:	80 e2       	ldi	r24, 0x20	; 32
     86a:	89 27       	eor	r24, r25
     86c:	8b b9       	out	0x0b, r24	; 11
     86e:	d1 cf       	rjmp	.-94     	; 0x812 <__DATA_REGION_LENGTH__+0x12>

00000870 <make_i16>:
#define TADCT0        17508L
#define TADCRES_X10   601L

static int16_t make_i16(uint8_t msb, uint8_t lsb)
{
    return (int16_t)(((uint16_t)msb << 8) | (uint16_t)lsb);
     870:	90 e0       	ldi	r25, 0x00	; 0
     872:	98 2f       	mov	r25, r24
     874:	88 27       	eor	r24, r24
}
     876:	86 2b       	or	r24, r22
     878:	08 95       	ret

0000087a <tmag5273_read_device_id>:

uint8_t tmag5273_read_device_id(uint8_t *device_id)
{
    return twi1_read_register(TMAG_I2C_ADDRESS, DEVICE_ID, device_id);
     87a:	ac 01       	movw	r20, r24
     87c:	6d e0       	ldi	r22, 0x0D	; 13
     87e:	85 e3       	ldi	r24, 0x35	; 53
     880:	0e 94 d0 05 	call	0xba0	; 0xba0 <twi1_read_register>
}
     884:	08 95       	ret

00000886 <tmag5273_init>:

uint8_t tmag5273_init(void)
{
    /* Preserve the exact known-good configuration from firmware v0.1.0. */
    if (!twi1_write_register(TMAG_I2C_ADDRESS, DEVICE_CONFIG_1, 0x00U)) return 0;
     886:	40 e0       	ldi	r20, 0x00	; 0
     888:	60 e0       	ldi	r22, 0x00	; 0
     88a:	85 e3       	ldi	r24, 0x35	; 53
     88c:	0e 94 9c 05 	call	0xb38	; 0xb38 <twi1_write_register>
     890:	88 23       	and	r24, r24
     892:	e1 f0       	breq	.+56     	; 0x8cc <tmag5273_init+0x46>
    if (!twi1_write_register(TMAG_I2C_ADDRESS, DEVICE_CONFIG_2, 0x00U)) return 0;
     894:	40 e0       	ldi	r20, 0x00	; 0
     896:	61 e0       	ldi	r22, 0x01	; 1
     898:	85 e3       	ldi	r24, 0x35	; 53
     89a:	0e 94 9c 05 	call	0xb38	; 0xb38 <twi1_write_register>
     89e:	88 23       	and	r24, r24
     8a0:	a9 f0       	breq	.+42     	; 0x8cc <tmag5273_init+0x46>
    if (!twi1_write_register(TMAG_I2C_ADDRESS, SENSOR_CONFIG_1, 0x74U)) return 0;
     8a2:	44 e7       	ldi	r20, 0x74	; 116
     8a4:	62 e0       	ldi	r22, 0x02	; 2
     8a6:	85 e3       	ldi	r24, 0x35	; 53
     8a8:	0e 94 9c 05 	call	0xb38	; 0xb38 <twi1_write_register>
     8ac:	88 23       	and	r24, r24
     8ae:	71 f0       	breq	.+28     	; 0x8cc <tmag5273_init+0x46>
    if (!twi1_write_register(TMAG_I2C_ADDRESS, SENSOR_CONFIG_2, 0x03U)) return 0;
     8b0:	43 e0       	ldi	r20, 0x03	; 3
     8b2:	63 e0       	ldi	r22, 0x03	; 3
     8b4:	85 e3       	ldi	r24, 0x35	; 53
     8b6:	0e 94 9c 05 	call	0xb38	; 0xb38 <twi1_write_register>
     8ba:	88 23       	and	r24, r24
     8bc:	39 f0       	breq	.+14     	; 0x8cc <tmag5273_init+0x46>
    if (!twi1_write_register(TMAG_I2C_ADDRESS, T_CONFIG, 0x01U)) return 0;
     8be:	41 e0       	ldi	r20, 0x01	; 1
     8c0:	67 e0       	ldi	r22, 0x07	; 7
     8c2:	85 e3       	ldi	r24, 0x35	; 53
     8c4:	0e 94 9c 05 	call	0xb38	; 0xb38 <twi1_write_register>
     8c8:	81 11       	cpse	r24, r1
    return 1;
     8ca:	81 e0       	ldi	r24, 0x01	; 1
}
     8cc:	08 95       	ret

000008ce <tmag5273_read_raw>:

uint8_t tmag5273_read_raw(tmag5273_raw_sample_t *sample)
{
     8ce:	0f 93       	push	r16
     8d0:	1f 93       	push	r17
     8d2:	cf 93       	push	r28
     8d4:	df 93       	push	r29
     8d6:	cd b7       	in	r28, 0x3d	; 61
     8d8:	de b7       	in	r29, 0x3e	; 62
     8da:	29 97       	sbiw	r28, 0x09	; 9
     8dc:	0f b6       	in	r0, 0x3f	; 63
     8de:	f8 94       	cli
     8e0:	de bf       	out	0x3e, r29	; 62
     8e2:	0f be       	out	0x3f, r0	; 63
     8e4:	cd bf       	out	0x3d, r28	; 61
     8e6:	8c 01       	movw	r16, r24
    uint8_t buffer[9];

    /* Trigger a conversion while the device is in standby mode. */
    if (!twi1_write_register(TMAG_I2C_ADDRESS, (uint8_t)(DEVICE_ID | 0x80U), 0x00U)) return 0;
     8e8:	40 e0       	ldi	r20, 0x00	; 0
     8ea:	6d e8       	ldi	r22, 0x8D	; 141
     8ec:	85 e3       	ldi	r24, 0x35	; 53
     8ee:	0e 94 9c 05 	call	0xb38	; 0xb38 <twi1_write_register>
     8f2:	88 23       	and	r24, r24
     8f4:	79 f1       	breq	.+94     	; 0x954 <__stack+0x55>
     8f6:	81 ee       	ldi	r24, 0xE1	; 225
     8f8:	94 e0       	ldi	r25, 0x04	; 4
     8fa:	01 97       	sbiw	r24, 0x01	; 1
     8fc:	f1 f7       	brne	.-4      	; 0x8fa <tmag5273_read_raw+0x2c>
     8fe:	00 c0       	rjmp	.+0      	; 0x900 <__stack+0x1>
     900:	00 00       	nop
    _delay_ms(5);

    if (!twi1_read_block(TMAG_I2C_ADDRESS, T_MSB_RESULT, buffer, 9U)) return 0;
     902:	29 e0       	ldi	r18, 0x09	; 9
     904:	ae 01       	movw	r20, r28
     906:	4f 5f       	subi	r20, 0xFF	; 255
     908:	5f 4f       	sbci	r21, 0xFF	; 255
     90a:	60 e1       	ldi	r22, 0x10	; 16
     90c:	85 e3       	ldi	r24, 0x35	; 53
     90e:	0e 94 13 06 	call	0xc26	; 0xc26 <twi1_read_block>
     912:	88 23       	and	r24, r24
     914:	f9 f0       	breq	.+62     	; 0x954 <__stack+0x55>

    sample->temperature_raw = make_i16(buffer[0], buffer[1]);
     916:	6a 81       	ldd	r22, Y+2	; 0x02
     918:	89 81       	ldd	r24, Y+1	; 0x01
     91a:	0e 94 38 04 	call	0x870	; 0x870 <make_i16>
     91e:	f8 01       	movw	r30, r16
     920:	91 83       	std	Z+1, r25	; 0x01
     922:	80 83       	st	Z, r24
    sample->bx_raw = make_i16(buffer[2], buffer[3]);
     924:	6c 81       	ldd	r22, Y+4	; 0x04
     926:	8b 81       	ldd	r24, Y+3	; 0x03
     928:	0e 94 38 04 	call	0x870	; 0x870 <make_i16>
     92c:	f8 01       	movw	r30, r16
     92e:	93 83       	std	Z+3, r25	; 0x03
     930:	82 83       	std	Z+2, r24	; 0x02
    sample->by_raw = make_i16(buffer[4], buffer[5]);
     932:	6e 81       	ldd	r22, Y+6	; 0x06
     934:	8d 81       	ldd	r24, Y+5	; 0x05
     936:	0e 94 38 04 	call	0x870	; 0x870 <make_i16>
     93a:	f8 01       	movw	r30, r16
     93c:	95 83       	std	Z+5, r25	; 0x05
     93e:	84 83       	std	Z+4, r24	; 0x04
    sample->bz_raw = make_i16(buffer[6], buffer[7]);
     940:	68 85       	ldd	r22, Y+8	; 0x08
     942:	8f 81       	ldd	r24, Y+7	; 0x07
     944:	0e 94 38 04 	call	0x870	; 0x870 <make_i16>
     948:	f8 01       	movw	r30, r16
     94a:	97 83       	std	Z+7, r25	; 0x07
     94c:	86 83       	std	Z+6, r24	; 0x06
    sample->status = buffer[8];
     94e:	89 85       	ldd	r24, Y+9	; 0x09
     950:	80 87       	std	Z+8, r24	; 0x08

    return 1;
     952:	81 e0       	ldi	r24, 0x01	; 1
}
     954:	29 96       	adiw	r28, 0x09	; 9
     956:	0f b6       	in	r0, 0x3f	; 63
     958:	f8 94       	cli
     95a:	de bf       	out	0x3e, r29	; 62
     95c:	0f be       	out	0x3f, r0	; 63
     95e:	cd bf       	out	0x3d, r28	; 61
     960:	df 91       	pop	r29
     962:	cf 91       	pop	r28
     964:	1f 91       	pop	r17
     966:	0f 91       	pop	r16
     968:	08 95       	ret

0000096a <tmag5273_convert_averaged_raw>:
                                  int32_t bx_raw,
                                  int32_t by_raw,
                                  int32_t bz_raw,
                                  uint8_t status,
                                  tmag5273_measurement_t *measurement)
{
     96a:	3f 92       	push	r3
     96c:	4f 92       	push	r4
     96e:	5f 92       	push	r5
     970:	6f 92       	push	r6
     972:	7f 92       	push	r7
     974:	8f 92       	push	r8
     976:	9f 92       	push	r9
     978:	af 92       	push	r10
     97a:	bf 92       	push	r11
     97c:	cf 92       	push	r12
     97e:	df 92       	push	r13
     980:	ef 92       	push	r14
     982:	ff 92       	push	r15
     984:	0f 93       	push	r16
     986:	1f 93       	push	r17
     988:	cf 93       	push	r28
     98a:	df 93       	push	r29
     98c:	cd b7       	in	r28, 0x3d	; 61
     98e:	de b7       	in	r29, 0x3e	; 62
     990:	29 01       	movw	r4, r18
     992:	3a 01       	movw	r6, r20
     994:	38 2c       	mov	r3, r8
     996:	8c 88       	ldd	r8, Y+20	; 0x14
     998:	9d 88       	ldd	r9, Y+21	; 0x15
    measurement->temperature_x100 = TSENSET0_X100
                                  + ((temperature_raw - TADCT0) * 1000L) / TADCRES_X10;
     99a:	9b 01       	movw	r18, r22
     99c:	ac 01       	movw	r20, r24
     99e:	24 56       	subi	r18, 0x64	; 100
     9a0:	34 44       	sbci	r19, 0x44	; 68
     9a2:	41 09       	sbc	r20, r1
     9a4:	51 09       	sbc	r21, r1
     9a6:	a8 ee       	ldi	r26, 0xE8	; 232
     9a8:	b3 e0       	ldi	r27, 0x03	; 3
     9aa:	0e 94 d1 07 	call	0xfa2	; 0xfa2 <__muluhisi3>
     9ae:	29 e5       	ldi	r18, 0x59	; 89
     9b0:	32 e0       	ldi	r19, 0x02	; 2
     9b2:	40 e0       	ldi	r20, 0x00	; 0
     9b4:	50 e0       	ldi	r21, 0x00	; 0
     9b6:	0e 94 a3 07 	call	0xf46	; 0xf46 <__divmodsi4>
     9ba:	da 01       	movw	r26, r20
     9bc:	c9 01       	movw	r24, r18
     9be:	8c 53       	subi	r24, 0x3C	; 60
     9c0:	96 4f       	sbci	r25, 0xF6	; 246
     9c2:	af 4f       	sbci	r26, 0xFF	; 255
     9c4:	bf 4f       	sbci	r27, 0xFF	; 255
                                  int32_t by_raw,
                                  int32_t bz_raw,
                                  uint8_t status,
                                  tmag5273_measurement_t *measurement)
{
    measurement->temperature_x100 = TSENSET0_X100
     9c6:	f4 01       	movw	r30, r8
     9c8:	80 83       	st	Z, r24
     9ca:	91 83       	std	Z+1, r25	; 0x01
     9cc:	a2 83       	std	Z+2, r26	; 0x02
     9ce:	b3 83       	std	Z+3, r27	; 0x03
                                  + ((temperature_raw - TADCT0) * 1000L) / TADCRES_X10;

    /* TMAG5273A2 in 2x range: +/-266 mT full scale.
       Outputs are expressed in hundredths of mT. */
    measurement->bx_x100 = (bx_raw * TMAG_FULL_SCALE_X100) / 32768L;
     9d0:	a8 ee       	ldi	r26, 0xE8	; 232
     9d2:	b7 e6       	ldi	r27, 0x67	; 103
     9d4:	a3 01       	movw	r20, r6
     9d6:	92 01       	movw	r18, r4
     9d8:	0e 94 d1 07 	call	0xfa2	; 0xfa2 <__muluhisi3>
     9dc:	2b 01       	movw	r4, r22
     9de:	3c 01       	movw	r6, r24
     9e0:	99 23       	and	r25, r25
     9e2:	34 f4       	brge	.+12     	; 0x9f0 <tmag5273_convert_averaged_raw+0x86>
     9e4:	ff ef       	ldi	r31, 0xFF	; 255
     9e6:	4f 0e       	add	r4, r31
     9e8:	ff e7       	ldi	r31, 0x7F	; 127
     9ea:	5f 1e       	adc	r5, r31
     9ec:	61 1c       	adc	r6, r1
     9ee:	71 1c       	adc	r7, r1
     9f0:	d3 01       	movw	r26, r6
     9f2:	c2 01       	movw	r24, r4
     9f4:	07 2e       	mov	r0, r23
     9f6:	7f e0       	ldi	r23, 0x0F	; 15
     9f8:	b5 95       	asr	r27
     9fa:	a7 95       	ror	r26
     9fc:	97 95       	ror	r25
     9fe:	87 95       	ror	r24
     a00:	7a 95       	dec	r23
     a02:	d1 f7       	brne	.-12     	; 0x9f8 <tmag5273_convert_averaged_raw+0x8e>
     a04:	70 2d       	mov	r23, r0
     a06:	f4 01       	movw	r30, r8
     a08:	84 83       	std	Z+4, r24	; 0x04
     a0a:	95 83       	std	Z+5, r25	; 0x05
     a0c:	a6 83       	std	Z+6, r26	; 0x06
     a0e:	b7 83       	std	Z+7, r27	; 0x07
    measurement->by_x100 = (by_raw * TMAG_FULL_SCALE_X100) / 32768L;
     a10:	a8 ee       	ldi	r26, 0xE8	; 232
     a12:	b7 e6       	ldi	r27, 0x67	; 103
     a14:	a8 01       	movw	r20, r16
     a16:	97 01       	movw	r18, r14
     a18:	0e 94 d1 07 	call	0xfa2	; 0xfa2 <__muluhisi3>
     a1c:	8b 01       	movw	r16, r22
     a1e:	9c 01       	movw	r18, r24
     a20:	99 23       	and	r25, r25
     a22:	24 f4       	brge	.+8      	; 0xa2c <tmag5273_convert_averaged_raw+0xc2>
     a24:	01 50       	subi	r16, 0x01	; 1
     a26:	10 48       	sbci	r17, 0x80	; 128
     a28:	2f 4f       	sbci	r18, 0xFF	; 255
     a2a:	3f 4f       	sbci	r19, 0xFF	; 255
     a2c:	d9 01       	movw	r26, r18
     a2e:	c8 01       	movw	r24, r16
     a30:	07 2e       	mov	r0, r23
     a32:	7f e0       	ldi	r23, 0x0F	; 15
     a34:	b5 95       	asr	r27
     a36:	a7 95       	ror	r26
     a38:	97 95       	ror	r25
     a3a:	87 95       	ror	r24
     a3c:	7a 95       	dec	r23
     a3e:	d1 f7       	brne	.-12     	; 0xa34 <tmag5273_convert_averaged_raw+0xca>
     a40:	70 2d       	mov	r23, r0
     a42:	f4 01       	movw	r30, r8
     a44:	80 87       	std	Z+8, r24	; 0x08
     a46:	91 87       	std	Z+9, r25	; 0x09
     a48:	a2 87       	std	Z+10, r26	; 0x0a
     a4a:	b3 87       	std	Z+11, r27	; 0x0b
    measurement->bz_x100 = (bz_raw * TMAG_FULL_SCALE_X100) / 32768L;
     a4c:	a8 ee       	ldi	r26, 0xE8	; 232
     a4e:	b7 e6       	ldi	r27, 0x67	; 103
     a50:	a6 01       	movw	r20, r12
     a52:	95 01       	movw	r18, r10
     a54:	0e 94 d1 07 	call	0xfa2	; 0xfa2 <__muluhisi3>
     a58:	8b 01       	movw	r16, r22
     a5a:	9c 01       	movw	r18, r24
     a5c:	99 23       	and	r25, r25
     a5e:	24 f4       	brge	.+8      	; 0xa68 <tmag5273_convert_averaged_raw+0xfe>
     a60:	01 50       	subi	r16, 0x01	; 1
     a62:	10 48       	sbci	r17, 0x80	; 128
     a64:	2f 4f       	sbci	r18, 0xFF	; 255
     a66:	3f 4f       	sbci	r19, 0xFF	; 255
     a68:	d9 01       	movw	r26, r18
     a6a:	c8 01       	movw	r24, r16
     a6c:	07 2e       	mov	r0, r23
     a6e:	7f e0       	ldi	r23, 0x0F	; 15
     a70:	b5 95       	asr	r27
     a72:	a7 95       	ror	r26
     a74:	97 95       	ror	r25
     a76:	87 95       	ror	r24
     a78:	7a 95       	dec	r23
     a7a:	d1 f7       	brne	.-12     	; 0xa70 <tmag5273_convert_averaged_raw+0x106>
     a7c:	70 2d       	mov	r23, r0
     a7e:	f4 01       	movw	r30, r8
     a80:	84 87       	std	Z+12, r24	; 0x0c
     a82:	95 87       	std	Z+13, r25	; 0x0d
     a84:	a6 87       	std	Z+14, r26	; 0x0e
     a86:	b7 87       	std	Z+15, r27	; 0x0f
    measurement->status = status;
     a88:	30 8a       	std	Z+16, r3	; 0x10
}
     a8a:	df 91       	pop	r29
     a8c:	cf 91       	pop	r28
     a8e:	1f 91       	pop	r17
     a90:	0f 91       	pop	r16
     a92:	ff 90       	pop	r15
     a94:	ef 90       	pop	r14
     a96:	df 90       	pop	r13
     a98:	cf 90       	pop	r12
     a9a:	bf 90       	pop	r11
     a9c:	af 90       	pop	r10
     a9e:	9f 90       	pop	r9
     aa0:	8f 90       	pop	r8
     aa2:	7f 90       	pop	r7
     aa4:	6f 90       	pop	r6
     aa6:	5f 90       	pop	r5
     aa8:	4f 90       	pop	r4
     aaa:	3f 90       	pop	r3
     aac:	08 95       	ret

00000aae <twi1_start>:
{
    if (!twi1_start()) { twi1_stop(); return 0; }
    uint8_t status = twi1_write_byte((uint8_t)(address << 1));
    twi1_stop();
    return status == 0x18U;
}
     aae:	84 ea       	ldi	r24, 0xA4	; 164
     ab0:	80 93 dc 00 	sts	0x00DC, r24	; 0x8000dc <__TEXT_REGION_LENGTH__+0x7f80dc>
     ab4:	80 91 dc 00 	lds	r24, 0x00DC	; 0x8000dc <__TEXT_REGION_LENGTH__+0x7f80dc>
     ab8:	88 23       	and	r24, r24
     aba:	e4 f7       	brge	.-8      	; 0xab4 <twi1_start+0x6>
     abc:	80 91 d9 00 	lds	r24, 0x00D9	; 0x8000d9 <__TEXT_REGION_LENGTH__+0x7f80d9>
     ac0:	88 7f       	andi	r24, 0xF8	; 248
     ac2:	88 30       	cpi	r24, 0x08	; 8
     ac4:	21 f0       	breq	.+8      	; 0xace <twi1_start+0x20>
     ac6:	80 31       	cpi	r24, 0x10	; 16
     ac8:	21 f4       	brne	.+8      	; 0xad2 <twi1_start+0x24>
     aca:	81 e0       	ldi	r24, 0x01	; 1
     acc:	08 95       	ret
     ace:	81 e0       	ldi	r24, 0x01	; 1
     ad0:	08 95       	ret
     ad2:	80 e0       	ldi	r24, 0x00	; 0
     ad4:	08 95       	ret

00000ad6 <twi1_stop>:
     ad6:	84 e9       	ldi	r24, 0x94	; 148
     ad8:	80 93 dc 00 	sts	0x00DC, r24	; 0x8000dc <__TEXT_REGION_LENGTH__+0x7f80dc>
     adc:	08 95       	ret

00000ade <twi1_write_byte>:
     ade:	80 93 db 00 	sts	0x00DB, r24	; 0x8000db <__TEXT_REGION_LENGTH__+0x7f80db>
     ae2:	84 e8       	ldi	r24, 0x84	; 132
     ae4:	80 93 dc 00 	sts	0x00DC, r24	; 0x8000dc <__TEXT_REGION_LENGTH__+0x7f80dc>
     ae8:	80 91 dc 00 	lds	r24, 0x00DC	; 0x8000dc <__TEXT_REGION_LENGTH__+0x7f80dc>
     aec:	88 23       	and	r24, r24
     aee:	e4 f7       	brge	.-8      	; 0xae8 <twi1_write_byte+0xa>
     af0:	80 91 d9 00 	lds	r24, 0x00D9	; 0x8000d9 <__TEXT_REGION_LENGTH__+0x7f80d9>
     af4:	88 7f       	andi	r24, 0xF8	; 248
     af6:	08 95       	ret

00000af8 <twi1_read_ack>:
     af8:	84 ec       	ldi	r24, 0xC4	; 196
     afa:	80 93 dc 00 	sts	0x00DC, r24	; 0x8000dc <__TEXT_REGION_LENGTH__+0x7f80dc>
     afe:	80 91 dc 00 	lds	r24, 0x00DC	; 0x8000dc <__TEXT_REGION_LENGTH__+0x7f80dc>
     b02:	88 23       	and	r24, r24
     b04:	e4 f7       	brge	.-8      	; 0xafe <twi1_read_ack+0x6>
     b06:	80 91 db 00 	lds	r24, 0x00DB	; 0x8000db <__TEXT_REGION_LENGTH__+0x7f80db>
     b0a:	08 95       	ret

00000b0c <twi1_read_nack>:
     b0c:	84 e8       	ldi	r24, 0x84	; 132
     b0e:	80 93 dc 00 	sts	0x00DC, r24	; 0x8000dc <__TEXT_REGION_LENGTH__+0x7f80dc>
     b12:	80 91 dc 00 	lds	r24, 0x00DC	; 0x8000dc <__TEXT_REGION_LENGTH__+0x7f80dc>
     b16:	88 23       	and	r24, r24
     b18:	e4 f7       	brge	.-8      	; 0xb12 <twi1_read_nack+0x6>
     b1a:	80 91 db 00 	lds	r24, 0x00DB	; 0x8000db <__TEXT_REGION_LENGTH__+0x7f80db>
     b1e:	08 95       	ret

00000b20 <twi1_init>:
     b20:	8e b1       	in	r24, 0x0e	; 14
     b22:	83 60       	ori	r24, 0x03	; 3
     b24:	8e b9       	out	0x0e, r24	; 14
     b26:	10 92 d9 00 	sts	0x00D9, r1	; 0x8000d9 <__TEXT_REGION_LENGTH__+0x7f80d9>
     b2a:	82 e0       	ldi	r24, 0x02	; 2
     b2c:	80 93 d8 00 	sts	0x00D8, r24	; 0x8000d8 <__TEXT_REGION_LENGTH__+0x7f80d8>
     b30:	84 e0       	ldi	r24, 0x04	; 4
     b32:	80 93 dc 00 	sts	0x00DC, r24	; 0x8000dc <__TEXT_REGION_LENGTH__+0x7f80dc>
     b36:	08 95       	ret

00000b38 <twi1_write_register>:

uint8_t twi1_write_register(uint8_t address, uint8_t reg, uint8_t value)
{
     b38:	0f 93       	push	r16
     b3a:	1f 93       	push	r17
     b3c:	cf 93       	push	r28
     b3e:	df 93       	push	r29
     b40:	d8 2f       	mov	r29, r24
     b42:	16 2f       	mov	r17, r22
     b44:	04 2f       	mov	r16, r20
    if (!twi1_start()) { twi1_stop(); return 0; }
     b46:	0e 94 57 05 	call	0xaae	; 0xaae <twi1_start>
     b4a:	c8 2f       	mov	r28, r24
     b4c:	81 11       	cpse	r24, r1
     b4e:	03 c0       	rjmp	.+6      	; 0xb56 <twi1_write_register+0x1e>
     b50:	0e 94 6b 05 	call	0xad6	; 0xad6 <twi1_stop>
     b54:	1f c0       	rjmp	.+62     	; 0xb94 <twi1_write_register+0x5c>
    if (twi1_write_byte((uint8_t)(address << 1)) != 0x18U) { twi1_stop(); return 0; }
     b56:	8d 2f       	mov	r24, r29
     b58:	88 0f       	add	r24, r24
     b5a:	0e 94 6f 05 	call	0xade	; 0xade <twi1_write_byte>
     b5e:	88 31       	cpi	r24, 0x18	; 24
     b60:	21 f0       	breq	.+8      	; 0xb6a <twi1_write_register+0x32>
     b62:	0e 94 6b 05 	call	0xad6	; 0xad6 <twi1_stop>
     b66:	c0 e0       	ldi	r28, 0x00	; 0
     b68:	15 c0       	rjmp	.+42     	; 0xb94 <twi1_write_register+0x5c>
    if (twi1_write_byte(reg) != 0x28U) { twi1_stop(); return 0; }
     b6a:	81 2f       	mov	r24, r17
     b6c:	0e 94 6f 05 	call	0xade	; 0xade <twi1_write_byte>
     b70:	88 32       	cpi	r24, 0x28	; 40
     b72:	21 f0       	breq	.+8      	; 0xb7c <twi1_write_register+0x44>
     b74:	0e 94 6b 05 	call	0xad6	; 0xad6 <twi1_stop>
     b78:	c0 e0       	ldi	r28, 0x00	; 0
     b7a:	0c c0       	rjmp	.+24     	; 0xb94 <twi1_write_register+0x5c>
    if (twi1_write_byte(value) != 0x28U) { twi1_stop(); return 0; }
     b7c:	80 2f       	mov	r24, r16
     b7e:	0e 94 6f 05 	call	0xade	; 0xade <twi1_write_byte>
     b82:	88 32       	cpi	r24, 0x28	; 40
     b84:	21 f0       	breq	.+8      	; 0xb8e <twi1_write_register+0x56>
     b86:	0e 94 6b 05 	call	0xad6	; 0xad6 <twi1_stop>
     b8a:	c0 e0       	ldi	r28, 0x00	; 0
     b8c:	03 c0       	rjmp	.+6      	; 0xb94 <twi1_write_register+0x5c>
    twi1_stop();
     b8e:	0e 94 6b 05 	call	0xad6	; 0xad6 <twi1_stop>
    return 1;
     b92:	c1 e0       	ldi	r28, 0x01	; 1
}
     b94:	8c 2f       	mov	r24, r28
     b96:	df 91       	pop	r29
     b98:	cf 91       	pop	r28
     b9a:	1f 91       	pop	r17
     b9c:	0f 91       	pop	r16
     b9e:	08 95       	ret

00000ba0 <twi1_read_register>:

uint8_t twi1_read_register(uint8_t address, uint8_t reg, uint8_t *value)
{
     ba0:	ef 92       	push	r14
     ba2:	ff 92       	push	r15
     ba4:	1f 93       	push	r17
     ba6:	cf 93       	push	r28
     ba8:	df 93       	push	r29
     baa:	d8 2f       	mov	r29, r24
     bac:	16 2f       	mov	r17, r22
     bae:	7a 01       	movw	r14, r20
    if (!twi1_start()) { twi1_stop(); return 0; }
     bb0:	0e 94 57 05 	call	0xaae	; 0xaae <twi1_start>
     bb4:	c8 2f       	mov	r28, r24
     bb6:	81 11       	cpse	r24, r1
     bb8:	03 c0       	rjmp	.+6      	; 0xbc0 <twi1_read_register+0x20>
     bba:	0e 94 6b 05 	call	0xad6	; 0xad6 <twi1_stop>
     bbe:	2c c0       	rjmp	.+88     	; 0xc18 <twi1_read_register+0x78>
    if (twi1_write_byte((uint8_t)(address << 1)) != 0x18U) { twi1_stop(); return 0; }
     bc0:	dd 0f       	add	r29, r29
     bc2:	8d 2f       	mov	r24, r29
     bc4:	0e 94 6f 05 	call	0xade	; 0xade <twi1_write_byte>
     bc8:	88 31       	cpi	r24, 0x18	; 24
     bca:	21 f0       	breq	.+8      	; 0xbd4 <twi1_read_register+0x34>
     bcc:	0e 94 6b 05 	call	0xad6	; 0xad6 <twi1_stop>
     bd0:	c0 e0       	ldi	r28, 0x00	; 0
     bd2:	22 c0       	rjmp	.+68     	; 0xc18 <twi1_read_register+0x78>
    if (twi1_write_byte(reg) != 0x28U) { twi1_stop(); return 0; }
     bd4:	81 2f       	mov	r24, r17
     bd6:	0e 94 6f 05 	call	0xade	; 0xade <twi1_write_byte>
     bda:	88 32       	cpi	r24, 0x28	; 40
     bdc:	21 f0       	breq	.+8      	; 0xbe6 <twi1_read_register+0x46>
     bde:	0e 94 6b 05 	call	0xad6	; 0xad6 <twi1_stop>
     be2:	c0 e0       	ldi	r28, 0x00	; 0
     be4:	19 c0       	rjmp	.+50     	; 0xc18 <twi1_read_register+0x78>
    if (!twi1_start()) { twi1_stop(); return 0; }
     be6:	0e 94 57 05 	call	0xaae	; 0xaae <twi1_start>
     bea:	c8 2f       	mov	r28, r24
     bec:	81 11       	cpse	r24, r1
     bee:	03 c0       	rjmp	.+6      	; 0xbf6 <twi1_read_register+0x56>
     bf0:	0e 94 6b 05 	call	0xad6	; 0xad6 <twi1_stop>
     bf4:	11 c0       	rjmp	.+34     	; 0xc18 <twi1_read_register+0x78>
    if (twi1_write_byte((uint8_t)((address << 1) | 1U)) != 0x40U) { twi1_stop(); return 0; }
     bf6:	8d 2f       	mov	r24, r29
     bf8:	81 60       	ori	r24, 0x01	; 1
     bfa:	0e 94 6f 05 	call	0xade	; 0xade <twi1_write_byte>
     bfe:	80 34       	cpi	r24, 0x40	; 64
     c00:	21 f0       	breq	.+8      	; 0xc0a <twi1_read_register+0x6a>
     c02:	0e 94 6b 05 	call	0xad6	; 0xad6 <twi1_stop>
     c06:	c0 e0       	ldi	r28, 0x00	; 0
     c08:	07 c0       	rjmp	.+14     	; 0xc18 <twi1_read_register+0x78>
    *value = twi1_read_nack();
     c0a:	0e 94 86 05 	call	0xb0c	; 0xb0c <twi1_read_nack>
     c0e:	f7 01       	movw	r30, r14
     c10:	80 83       	st	Z, r24
    twi1_stop();
     c12:	0e 94 6b 05 	call	0xad6	; 0xad6 <twi1_stop>
    return 1;
     c16:	c1 e0       	ldi	r28, 0x01	; 1
}
     c18:	8c 2f       	mov	r24, r28
     c1a:	df 91       	pop	r29
     c1c:	cf 91       	pop	r28
     c1e:	1f 91       	pop	r17
     c20:	ff 90       	pop	r15
     c22:	ef 90       	pop	r14
     c24:	08 95       	ret

00000c26 <twi1_read_block>:

uint8_t twi1_read_block(uint8_t address, uint8_t reg, uint8_t *buffer, uint8_t length)
{
     c26:	ef 92       	push	r14
     c28:	ff 92       	push	r15
     c2a:	0f 93       	push	r16
     c2c:	1f 93       	push	r17
     c2e:	cf 93       	push	r28
     c30:	df 93       	push	r29
    if (length == 0U) return 0;
     c32:	22 23       	and	r18, r18
     c34:	09 f4       	brne	.+2      	; 0xc38 <twi1_read_block+0x12>
     c36:	48 c0       	rjmp	.+144    	; 0xcc8 <twi1_read_block+0xa2>
     c38:	c2 2f       	mov	r28, r18
     c3a:	7a 01       	movw	r14, r20
     c3c:	06 2f       	mov	r16, r22
     c3e:	18 2f       	mov	r17, r24

    if (!twi1_start()) { twi1_stop(); return 0; }
     c40:	0e 94 57 05 	call	0xaae	; 0xaae <twi1_start>
     c44:	d8 2f       	mov	r29, r24
     c46:	81 11       	cpse	r24, r1
     c48:	03 c0       	rjmp	.+6      	; 0xc50 <twi1_read_block+0x2a>
     c4a:	0e 94 6b 05 	call	0xad6	; 0xad6 <twi1_stop>
     c4e:	3d c0       	rjmp	.+122    	; 0xcca <twi1_read_block+0xa4>
    if (twi1_write_byte((uint8_t)(address << 1)) != 0x18U) { twi1_stop(); return 0; }
     c50:	11 0f       	add	r17, r17
     c52:	81 2f       	mov	r24, r17
     c54:	0e 94 6f 05 	call	0xade	; 0xade <twi1_write_byte>
     c58:	88 31       	cpi	r24, 0x18	; 24
     c5a:	21 f0       	breq	.+8      	; 0xc64 <twi1_read_block+0x3e>
     c5c:	0e 94 6b 05 	call	0xad6	; 0xad6 <twi1_stop>
     c60:	d0 e0       	ldi	r29, 0x00	; 0
     c62:	33 c0       	rjmp	.+102    	; 0xcca <twi1_read_block+0xa4>
    if (twi1_write_byte(reg) != 0x28U) { twi1_stop(); return 0; }
     c64:	80 2f       	mov	r24, r16
     c66:	0e 94 6f 05 	call	0xade	; 0xade <twi1_write_byte>
     c6a:	88 32       	cpi	r24, 0x28	; 40
     c6c:	21 f0       	breq	.+8      	; 0xc76 <twi1_read_block+0x50>
     c6e:	0e 94 6b 05 	call	0xad6	; 0xad6 <twi1_stop>
     c72:	d0 e0       	ldi	r29, 0x00	; 0
     c74:	2a c0       	rjmp	.+84     	; 0xcca <twi1_read_block+0xa4>
    if (!twi1_start()) { twi1_stop(); return 0; }
     c76:	0e 94 57 05 	call	0xaae	; 0xaae <twi1_start>
     c7a:	d8 2f       	mov	r29, r24
     c7c:	81 11       	cpse	r24, r1
     c7e:	03 c0       	rjmp	.+6      	; 0xc86 <twi1_read_block+0x60>
     c80:	0e 94 6b 05 	call	0xad6	; 0xad6 <twi1_stop>
     c84:	22 c0       	rjmp	.+68     	; 0xcca <twi1_read_block+0xa4>
    if (twi1_write_byte((uint8_t)((address << 1) | 1U)) != 0x40U) { twi1_stop(); return 0; }
     c86:	81 2f       	mov	r24, r17
     c88:	81 60       	ori	r24, 0x01	; 1
     c8a:	0e 94 6f 05 	call	0xade	; 0xade <twi1_write_byte>
     c8e:	80 34       	cpi	r24, 0x40	; 64
     c90:	a1 f0       	breq	.+40     	; 0xcba <twi1_read_block+0x94>
     c92:	0e 94 6b 05 	call	0xad6	; 0xad6 <twi1_stop>
     c96:	d0 e0       	ldi	r29, 0x00	; 0
     c98:	18 c0       	rjmp	.+48     	; 0xcca <twi1_read_block+0xa4>

    for (uint8_t index = 0; index < length; index++) {
        buffer[index] = (index == (uint8_t)(length - 1U))
     c9a:	87 01       	movw	r16, r14
     c9c:	0d 0f       	add	r16, r29
     c9e:	11 1d       	adc	r17, r1
     ca0:	8f ef       	ldi	r24, 0xFF	; 255
     ca2:	8c 0f       	add	r24, r28
     ca4:	d8 13       	cpse	r29, r24
     ca6:	03 c0       	rjmp	.+6      	; 0xcae <twi1_read_block+0x88>
     ca8:	0e 94 86 05 	call	0xb0c	; 0xb0c <twi1_read_nack>
     cac:	02 c0       	rjmp	.+4      	; 0xcb2 <twi1_read_block+0x8c>
     cae:	0e 94 7c 05 	call	0xaf8	; 0xaf8 <twi1_read_ack>
     cb2:	f8 01       	movw	r30, r16
     cb4:	80 83       	st	Z, r24
    if (twi1_write_byte((uint8_t)(address << 1)) != 0x18U) { twi1_stop(); return 0; }
    if (twi1_write_byte(reg) != 0x28U) { twi1_stop(); return 0; }
    if (!twi1_start()) { twi1_stop(); return 0; }
    if (twi1_write_byte((uint8_t)((address << 1) | 1U)) != 0x40U) { twi1_stop(); return 0; }

    for (uint8_t index = 0; index < length; index++) {
     cb6:	df 5f       	subi	r29, 0xFF	; 255
     cb8:	01 c0       	rjmp	.+2      	; 0xcbc <twi1_read_block+0x96>
     cba:	d0 e0       	ldi	r29, 0x00	; 0
     cbc:	dc 17       	cp	r29, r28
     cbe:	68 f3       	brcs	.-38     	; 0xc9a <twi1_read_block+0x74>
        buffer[index] = (index == (uint8_t)(length - 1U))
                      ? twi1_read_nack()
                      : twi1_read_ack();
    }

    twi1_stop();
     cc0:	0e 94 6b 05 	call	0xad6	; 0xad6 <twi1_stop>
    return 1;
     cc4:	d1 e0       	ldi	r29, 0x01	; 1
     cc6:	01 c0       	rjmp	.+2      	; 0xcca <twi1_read_block+0xa4>
    return 1;
}

uint8_t twi1_read_block(uint8_t address, uint8_t reg, uint8_t *buffer, uint8_t length)
{
    if (length == 0U) return 0;
     cc8:	d0 e0       	ldi	r29, 0x00	; 0
                      : twi1_read_ack();
    }

    twi1_stop();
    return 1;
}
     cca:	8d 2f       	mov	r24, r29
     ccc:	df 91       	pop	r29
     cce:	cf 91       	pop	r28
     cd0:	1f 91       	pop	r17
     cd2:	0f 91       	pop	r16
     cd4:	ff 90       	pop	r15
     cd6:	ef 90       	pop	r14
     cd8:	08 95       	ret

00000cda <uart0_init>:

#define UBRR_VALUE 12U  /* 4800 baud at F_CPU = 1 MHz, normal UART mode. */

void uart0_init(void)
{
    UBRR0H = (uint8_t)(UBRR_VALUE >> 8);
     cda:	10 92 c5 00 	sts	0x00C5, r1	; 0x8000c5 <__TEXT_REGION_LENGTH__+0x7f80c5>
    UBRR0L = (uint8_t)(UBRR_VALUE & 0xFFU);
     cde:	8c e0       	ldi	r24, 0x0C	; 12
     ce0:	80 93 c4 00 	sts	0x00C4, r24	; 0x8000c4 <__TEXT_REGION_LENGTH__+0x7f80c4>
    UCSR0A = 0x00;
     ce4:	10 92 c0 00 	sts	0x00C0, r1	; 0x8000c0 <__TEXT_REGION_LENGTH__+0x7f80c0>
    UCSR0B = (1 << TXEN0);
     ce8:	88 e0       	ldi	r24, 0x08	; 8
     cea:	80 93 c1 00 	sts	0x00C1, r24	; 0x8000c1 <__TEXT_REGION_LENGTH__+0x7f80c1>
    UCSR0C = (1 << UCSZ01) | (1 << UCSZ00); /* 8N1 */
     cee:	86 e0       	ldi	r24, 0x06	; 6
     cf0:	80 93 c2 00 	sts	0x00C2, r24	; 0x8000c2 <__TEXT_REGION_LENGTH__+0x7f80c2>
     cf4:	08 95       	ret

00000cf6 <uart0_putc>:
}

void uart0_putc(char c)
{
    while (!(UCSR0A & (1 << UDRE0))) {}
     cf6:	90 91 c0 00 	lds	r25, 0x00C0	; 0x8000c0 <__TEXT_REGION_LENGTH__+0x7f80c0>
     cfa:	95 ff       	sbrs	r25, 5
     cfc:	fc cf       	rjmp	.-8      	; 0xcf6 <uart0_putc>
    UDR0 = c;
     cfe:	80 93 c6 00 	sts	0x00C6, r24	; 0x8000c6 <__TEXT_REGION_LENGTH__+0x7f80c6>
     d02:	08 95       	ret

00000d04 <uart0_print>:
}

void uart0_print(const char *s)
{
     d04:	cf 93       	push	r28
     d06:	df 93       	push	r29
     d08:	ec 01       	movw	r28, r24
    while (*s != '\0') uart0_putc(*s++);
     d0a:	03 c0       	rjmp	.+6      	; 0xd12 <uart0_print+0xe>
     d0c:	21 96       	adiw	r28, 0x01	; 1
     d0e:	0e 94 7b 06 	call	0xcf6	; 0xcf6 <uart0_putc>
     d12:	88 81       	ld	r24, Y
     d14:	81 11       	cpse	r24, r1
     d16:	fa cf       	rjmp	.-12     	; 0xd0c <uart0_print+0x8>
}
     d18:	df 91       	pop	r29
     d1a:	cf 91       	pop	r28
     d1c:	08 95       	ret

00000d1e <uart0_print_hex8>:

void uart0_print_hex8(uint8_t value)
{
     d1e:	cf 93       	push	r28
     d20:	c8 2f       	mov	r28, r24
    static const char hex[] = "0123456789ABCDEF";
    uart0_putc(hex[(value >> 4) & 0x0FU]);
     d22:	e8 2f       	mov	r30, r24
     d24:	e2 95       	swap	r30
     d26:	ef 70       	andi	r30, 0x0F	; 15
     d28:	f0 e0       	ldi	r31, 0x00	; 0
     d2a:	e1 57       	subi	r30, 0x71	; 113
     d2c:	fd 4f       	sbci	r31, 0xFD	; 253
     d2e:	80 81       	ld	r24, Z
     d30:	0e 94 7b 06 	call	0xcf6	; 0xcf6 <uart0_putc>
    uart0_putc(hex[value & 0x0FU]);
     d34:	cf 70       	andi	r28, 0x0F	; 15
     d36:	ec 2f       	mov	r30, r28
     d38:	f0 e0       	ldi	r31, 0x00	; 0
     d3a:	e1 57       	subi	r30, 0x71	; 113
     d3c:	fd 4f       	sbci	r31, 0xFD	; 253
     d3e:	80 81       	ld	r24, Z
     d40:	0e 94 7b 06 	call	0xcf6	; 0xcf6 <uart0_putc>
}
     d44:	cf 91       	pop	r28
     d46:	08 95       	ret

00000d48 <uart0_print_uint16>:

void uart0_print_uint16(uint16_t value)
{
     d48:	1f 93       	push	r17
     d4a:	cf 93       	push	r28
     d4c:	df 93       	push	r29
     d4e:	00 d0       	rcall	.+0      	; 0xd50 <uart0_print_uint16+0x8>
     d50:	00 d0       	rcall	.+0      	; 0xd52 <uart0_print_uint16+0xa>
     d52:	1f 92       	push	r1
     d54:	cd b7       	in	r28, 0x3d	; 61
     d56:	de b7       	in	r29, 0x3e	; 62
     d58:	ac 01       	movw	r20, r24
    char buffer[5];
    uint8_t count = 0;

    if (value == 0U) {
     d5a:	89 2b       	or	r24, r25
     d5c:	91 f5       	brne	.+100    	; 0xdc2 <uart0_print_uint16+0x7a>
        uart0_putc('0');
     d5e:	80 e3       	ldi	r24, 0x30	; 48
     d60:	0e 94 7b 06 	call	0xcf6	; 0xcf6 <uart0_putc>
     d64:	3f c0       	rjmp	.+126    	; 0xde4 <uart0_print_uint16+0x9c>
        return;
    }

    while (value > 0U) {
        buffer[count++] = (char)('0' + (value % 10U));
     d66:	9a 01       	movw	r18, r20
     d68:	ad ec       	ldi	r26, 0xCD	; 205
     d6a:	bc ec       	ldi	r27, 0xCC	; 204
     d6c:	0e 94 c2 07 	call	0xf84	; 0xf84 <__umulhisi3>
     d70:	96 95       	lsr	r25
     d72:	87 95       	ror	r24
     d74:	96 95       	lsr	r25
     d76:	87 95       	ror	r24
     d78:	96 95       	lsr	r25
     d7a:	87 95       	ror	r24
     d7c:	9c 01       	movw	r18, r24
     d7e:	22 0f       	add	r18, r18
     d80:	33 1f       	adc	r19, r19
     d82:	88 0f       	add	r24, r24
     d84:	99 1f       	adc	r25, r25
     d86:	88 0f       	add	r24, r24
     d88:	99 1f       	adc	r25, r25
     d8a:	88 0f       	add	r24, r24
     d8c:	99 1f       	adc	r25, r25
     d8e:	82 0f       	add	r24, r18
     d90:	93 1f       	adc	r25, r19
     d92:	9a 01       	movw	r18, r20
     d94:	28 1b       	sub	r18, r24
     d96:	39 0b       	sbc	r19, r25
     d98:	c9 01       	movw	r24, r18
     d9a:	80 5d       	subi	r24, 0xD0	; 208
     d9c:	e1 e0       	ldi	r30, 0x01	; 1
     d9e:	f0 e0       	ldi	r31, 0x00	; 0
     da0:	ec 0f       	add	r30, r28
     da2:	fd 1f       	adc	r31, r29
     da4:	e1 0f       	add	r30, r17
     da6:	f1 1d       	adc	r31, r1
     da8:	80 83       	st	Z, r24
        value /= 10U;
     daa:	9a 01       	movw	r18, r20
     dac:	0e 94 c2 07 	call	0xf84	; 0xf84 <__umulhisi3>
     db0:	ac 01       	movw	r20, r24
     db2:	56 95       	lsr	r21
     db4:	47 95       	ror	r20
     db6:	56 95       	lsr	r21
     db8:	47 95       	ror	r20
     dba:	56 95       	lsr	r21
     dbc:	47 95       	ror	r20
        uart0_putc('0');
        return;
    }

    while (value > 0U) {
        buffer[count++] = (char)('0' + (value % 10U));
     dbe:	1f 5f       	subi	r17, 0xFF	; 255
     dc0:	01 c0       	rjmp	.+2      	; 0xdc4 <uart0_print_uint16+0x7c>
     dc2:	10 e0       	ldi	r17, 0x00	; 0
    if (value == 0U) {
        uart0_putc('0');
        return;
    }

    while (value > 0U) {
     dc4:	41 15       	cp	r20, r1
     dc6:	51 05       	cpc	r21, r1
     dc8:	71 f6       	brne	.-100    	; 0xd66 <uart0_print_uint16+0x1e>
     dca:	0a c0       	rjmp	.+20     	; 0xde0 <uart0_print_uint16+0x98>
        buffer[count++] = (char)('0' + (value % 10U));
        value /= 10U;
    }

    while (count > 0U) uart0_putc(buffer[--count]);
     dcc:	11 50       	subi	r17, 0x01	; 1
     dce:	e1 e0       	ldi	r30, 0x01	; 1
     dd0:	f0 e0       	ldi	r31, 0x00	; 0
     dd2:	ec 0f       	add	r30, r28
     dd4:	fd 1f       	adc	r31, r29
     dd6:	e1 0f       	add	r30, r17
     dd8:	f1 1d       	adc	r31, r1
     dda:	80 81       	ld	r24, Z
     ddc:	0e 94 7b 06 	call	0xcf6	; 0xcf6 <uart0_putc>
     de0:	11 11       	cpse	r17, r1
     de2:	f4 cf       	rjmp	.-24     	; 0xdcc <uart0_print_uint16+0x84>
}
     de4:	0f 90       	pop	r0
     de6:	0f 90       	pop	r0
     de8:	0f 90       	pop	r0
     dea:	0f 90       	pop	r0
     dec:	0f 90       	pop	r0
     dee:	df 91       	pop	r29
     df0:	cf 91       	pop	r28
     df2:	1f 91       	pop	r17
     df4:	08 95       	ret

00000df6 <uart0_print_uint32>:

void uart0_print_uint32(uint32_t value)
{
     df6:	1f 93       	push	r17
     df8:	cf 93       	push	r28
     dfa:	df 93       	push	r29
     dfc:	cd b7       	in	r28, 0x3d	; 61
     dfe:	de b7       	in	r29, 0x3e	; 62
     e00:	2a 97       	sbiw	r28, 0x0a	; 10
     e02:	0f b6       	in	r0, 0x3f	; 63
     e04:	f8 94       	cli
     e06:	de bf       	out	0x3e, r29	; 62
     e08:	0f be       	out	0x3f, r0	; 63
     e0a:	cd bf       	out	0x3d, r28	; 61
    char buffer[10];
    uint8_t count = 0;

    if (value == 0UL) {
     e0c:	61 15       	cp	r22, r1
     e0e:	71 05       	cpc	r23, r1
     e10:	81 05       	cpc	r24, r1
     e12:	91 05       	cpc	r25, r1
     e14:	c1 f4       	brne	.+48     	; 0xe46 <uart0_print_uint32+0x50>
        uart0_putc('0');
     e16:	80 e3       	ldi	r24, 0x30	; 48
     e18:	0e 94 7b 06 	call	0xcf6	; 0xcf6 <uart0_putc>
     e1c:	27 c0       	rjmp	.+78     	; 0xe6c <uart0_print_uint32+0x76>
        return;
    }

    while (value > 0UL) {
        buffer[count++] = (char)('0' + (value % 10UL));
     e1e:	2a e0       	ldi	r18, 0x0A	; 10
     e20:	30 e0       	ldi	r19, 0x00	; 0
     e22:	40 e0       	ldi	r20, 0x00	; 0
     e24:	50 e0       	ldi	r21, 0x00	; 0
     e26:	0e 94 81 07 	call	0xf02	; 0xf02 <__udivmodsi4>
     e2a:	60 5d       	subi	r22, 0xD0	; 208
     e2c:	e1 e0       	ldi	r30, 0x01	; 1
     e2e:	f0 e0       	ldi	r31, 0x00	; 0
     e30:	ec 0f       	add	r30, r28
     e32:	fd 1f       	adc	r31, r29
     e34:	e1 0f       	add	r30, r17
     e36:	f1 1d       	adc	r31, r1
     e38:	60 83       	st	Z, r22
        value /= 10UL;
     e3a:	62 2f       	mov	r22, r18
     e3c:	73 2f       	mov	r23, r19
     e3e:	84 2f       	mov	r24, r20
     e40:	95 2f       	mov	r25, r21
        uart0_putc('0');
        return;
    }

    while (value > 0UL) {
        buffer[count++] = (char)('0' + (value % 10UL));
     e42:	1f 5f       	subi	r17, 0xFF	; 255
     e44:	01 c0       	rjmp	.+2      	; 0xe48 <uart0_print_uint32+0x52>
     e46:	10 e0       	ldi	r17, 0x00	; 0
    if (value == 0UL) {
        uart0_putc('0');
        return;
    }

    while (value > 0UL) {
     e48:	61 15       	cp	r22, r1
     e4a:	71 05       	cpc	r23, r1
     e4c:	81 05       	cpc	r24, r1
     e4e:	91 05       	cpc	r25, r1
     e50:	31 f7       	brne	.-52     	; 0xe1e <uart0_print_uint32+0x28>
     e52:	0a c0       	rjmp	.+20     	; 0xe68 <uart0_print_uint32+0x72>
        buffer[count++] = (char)('0' + (value % 10UL));
        value /= 10UL;
    }

    while (count > 0U) uart0_putc(buffer[--count]);
     e54:	11 50       	subi	r17, 0x01	; 1
     e56:	e1 e0       	ldi	r30, 0x01	; 1
     e58:	f0 e0       	ldi	r31, 0x00	; 0
     e5a:	ec 0f       	add	r30, r28
     e5c:	fd 1f       	adc	r31, r29
     e5e:	e1 0f       	add	r30, r17
     e60:	f1 1d       	adc	r31, r1
     e62:	80 81       	ld	r24, Z
     e64:	0e 94 7b 06 	call	0xcf6	; 0xcf6 <uart0_putc>
     e68:	11 11       	cpse	r17, r1
     e6a:	f4 cf       	rjmp	.-24     	; 0xe54 <uart0_print_uint32+0x5e>
}
     e6c:	2a 96       	adiw	r28, 0x0a	; 10
     e6e:	0f b6       	in	r0, 0x3f	; 63
     e70:	f8 94       	cli
     e72:	de bf       	out	0x3e, r29	; 62
     e74:	0f be       	out	0x3f, r0	; 63
     e76:	cd bf       	out	0x3d, r28	; 61
     e78:	df 91       	pop	r29
     e7a:	cf 91       	pop	r28
     e7c:	1f 91       	pop	r17
     e7e:	08 95       	ret

00000e80 <uart0_print_fixed_2>:

void uart0_print_fixed_2(int32_t value_x100)
{
     e80:	cf 92       	push	r12
     e82:	df 92       	push	r13
     e84:	ef 92       	push	r14
     e86:	ff 92       	push	r15
     e88:	cf 93       	push	r28
     e8a:	df 93       	push	r29
     e8c:	6b 01       	movw	r12, r22
     e8e:	7c 01       	movw	r14, r24
    if (value_x100 < 0) {
     e90:	99 23       	and	r25, r25
     e92:	5c f4       	brge	.+22     	; 0xeaa <uart0_print_fixed_2+0x2a>
        uart0_putc('-');
     e94:	8d e2       	ldi	r24, 0x2D	; 45
     e96:	0e 94 7b 06 	call	0xcf6	; 0xcf6 <uart0_putc>
        value_x100 = -value_x100;
     e9a:	f0 94       	com	r15
     e9c:	e0 94       	com	r14
     e9e:	d0 94       	com	r13
     ea0:	c0 94       	com	r12
     ea2:	c1 1c       	adc	r12, r1
     ea4:	d1 1c       	adc	r13, r1
     ea6:	e1 1c       	adc	r14, r1
     ea8:	f1 1c       	adc	r15, r1
    }

    uart0_print_uint32((uint32_t)(value_x100 / 100L));
     eaa:	c7 01       	movw	r24, r14
     eac:	b6 01       	movw	r22, r12
     eae:	24 e6       	ldi	r18, 0x64	; 100
     eb0:	30 e0       	ldi	r19, 0x00	; 0
     eb2:	40 e0       	ldi	r20, 0x00	; 0
     eb4:	50 e0       	ldi	r21, 0x00	; 0
     eb6:	0e 94 a3 07 	call	0xf46	; 0xf46 <__divmodsi4>
     eba:	d6 2f       	mov	r29, r22
     ebc:	ca 01       	movw	r24, r20
     ebe:	b9 01       	movw	r22, r18
     ec0:	0e 94 fb 06 	call	0xdf6	; 0xdf6 <uart0_print_uint32>
    uart0_putc('.');
     ec4:	8e e2       	ldi	r24, 0x2E	; 46
     ec6:	0e 94 7b 06 	call	0xcf6	; 0xcf6 <uart0_putc>

    uint8_t fraction = (uint8_t)(value_x100 % 100L);
    uart0_putc((char)('0' + (fraction / 10U)));
     eca:	cd ec       	ldi	r28, 0xCD	; 205
     ecc:	dc 9f       	mul	r29, r28
     ece:	c1 2d       	mov	r28, r1
     ed0:	11 24       	eor	r1, r1
     ed2:	c6 95       	lsr	r28
     ed4:	c6 95       	lsr	r28
     ed6:	c6 95       	lsr	r28
     ed8:	80 e3       	ldi	r24, 0x30	; 48
     eda:	8c 0f       	add	r24, r28
     edc:	0e 94 7b 06 	call	0xcf6	; 0xcf6 <uart0_putc>
    uart0_putc((char)('0' + (fraction % 10U)));
     ee0:	cc 0f       	add	r28, r28
     ee2:	8c 2f       	mov	r24, r28
     ee4:	88 0f       	add	r24, r24
     ee6:	88 0f       	add	r24, r24
     ee8:	c8 0f       	add	r28, r24
     eea:	8d 2f       	mov	r24, r29
     eec:	8c 1b       	sub	r24, r28
     eee:	80 5d       	subi	r24, 0xD0	; 208
     ef0:	0e 94 7b 06 	call	0xcf6	; 0xcf6 <uart0_putc>
}
     ef4:	df 91       	pop	r29
     ef6:	cf 91       	pop	r28
     ef8:	ff 90       	pop	r15
     efa:	ef 90       	pop	r14
     efc:	df 90       	pop	r13
     efe:	cf 90       	pop	r12
     f00:	08 95       	ret

00000f02 <__udivmodsi4>:
     f02:	a1 e2       	ldi	r26, 0x21	; 33
     f04:	1a 2e       	mov	r1, r26
     f06:	aa 1b       	sub	r26, r26
     f08:	bb 1b       	sub	r27, r27
     f0a:	fd 01       	movw	r30, r26
     f0c:	0d c0       	rjmp	.+26     	; 0xf28 <__udivmodsi4_ep>

00000f0e <__udivmodsi4_loop>:
     f0e:	aa 1f       	adc	r26, r26
     f10:	bb 1f       	adc	r27, r27
     f12:	ee 1f       	adc	r30, r30
     f14:	ff 1f       	adc	r31, r31
     f16:	a2 17       	cp	r26, r18
     f18:	b3 07       	cpc	r27, r19
     f1a:	e4 07       	cpc	r30, r20
     f1c:	f5 07       	cpc	r31, r21
     f1e:	20 f0       	brcs	.+8      	; 0xf28 <__udivmodsi4_ep>
     f20:	a2 1b       	sub	r26, r18
     f22:	b3 0b       	sbc	r27, r19
     f24:	e4 0b       	sbc	r30, r20
     f26:	f5 0b       	sbc	r31, r21

00000f28 <__udivmodsi4_ep>:
     f28:	66 1f       	adc	r22, r22
     f2a:	77 1f       	adc	r23, r23
     f2c:	88 1f       	adc	r24, r24
     f2e:	99 1f       	adc	r25, r25
     f30:	1a 94       	dec	r1
     f32:	69 f7       	brne	.-38     	; 0xf0e <__udivmodsi4_loop>
     f34:	60 95       	com	r22
     f36:	70 95       	com	r23
     f38:	80 95       	com	r24
     f3a:	90 95       	com	r25
     f3c:	9b 01       	movw	r18, r22
     f3e:	ac 01       	movw	r20, r24
     f40:	bd 01       	movw	r22, r26
     f42:	cf 01       	movw	r24, r30
     f44:	08 95       	ret

00000f46 <__divmodsi4>:
     f46:	05 2e       	mov	r0, r21
     f48:	97 fb       	bst	r25, 7
     f4a:	1e f4       	brtc	.+6      	; 0xf52 <__divmodsi4+0xc>
     f4c:	00 94       	com	r0
     f4e:	0e 94 ba 07 	call	0xf74	; 0xf74 <__negsi2>
     f52:	57 fd       	sbrc	r21, 7
     f54:	07 d0       	rcall	.+14     	; 0xf64 <__divmodsi4_neg2>
     f56:	0e 94 81 07 	call	0xf02	; 0xf02 <__udivmodsi4>
     f5a:	07 fc       	sbrc	r0, 7
     f5c:	03 d0       	rcall	.+6      	; 0xf64 <__divmodsi4_neg2>
     f5e:	4e f4       	brtc	.+18     	; 0xf72 <__divmodsi4_exit>
     f60:	0c 94 ba 07 	jmp	0xf74	; 0xf74 <__negsi2>

00000f64 <__divmodsi4_neg2>:
     f64:	50 95       	com	r21
     f66:	40 95       	com	r20
     f68:	30 95       	com	r19
     f6a:	21 95       	neg	r18
     f6c:	3f 4f       	sbci	r19, 0xFF	; 255
     f6e:	4f 4f       	sbci	r20, 0xFF	; 255
     f70:	5f 4f       	sbci	r21, 0xFF	; 255

00000f72 <__divmodsi4_exit>:
     f72:	08 95       	ret

00000f74 <__negsi2>:
     f74:	90 95       	com	r25
     f76:	80 95       	com	r24
     f78:	70 95       	com	r23
     f7a:	61 95       	neg	r22
     f7c:	7f 4f       	sbci	r23, 0xFF	; 255
     f7e:	8f 4f       	sbci	r24, 0xFF	; 255
     f80:	9f 4f       	sbci	r25, 0xFF	; 255
     f82:	08 95       	ret

00000f84 <__umulhisi3>:
     f84:	a2 9f       	mul	r26, r18
     f86:	b0 01       	movw	r22, r0
     f88:	b3 9f       	mul	r27, r19
     f8a:	c0 01       	movw	r24, r0
     f8c:	a3 9f       	mul	r26, r19
     f8e:	70 0d       	add	r23, r0
     f90:	81 1d       	adc	r24, r1
     f92:	11 24       	eor	r1, r1
     f94:	91 1d       	adc	r25, r1
     f96:	b2 9f       	mul	r27, r18
     f98:	70 0d       	add	r23, r0
     f9a:	81 1d       	adc	r24, r1
     f9c:	11 24       	eor	r1, r1
     f9e:	91 1d       	adc	r25, r1
     fa0:	08 95       	ret

00000fa2 <__muluhisi3>:
     fa2:	0e 94 c2 07 	call	0xf84	; 0xf84 <__umulhisi3>
     fa6:	a5 9f       	mul	r26, r21
     fa8:	90 0d       	add	r25, r0
     faa:	b4 9f       	mul	r27, r20
     fac:	90 0d       	add	r25, r0
     fae:	a4 9f       	mul	r26, r20
     fb0:	80 0d       	add	r24, r0
     fb2:	91 1d       	adc	r25, r1
     fb4:	11 24       	eor	r1, r1
     fb6:	08 95       	ret

00000fb8 <__muldi3>:
     fb8:	df 93       	push	r29
     fba:	cf 93       	push	r28
     fbc:	1f 93       	push	r17
     fbe:	0f 93       	push	r16
     fc0:	9a 9d       	mul	r25, r10
     fc2:	f0 2d       	mov	r31, r0
     fc4:	21 9f       	mul	r18, r17
     fc6:	f0 0d       	add	r31, r0
     fc8:	8b 9d       	mul	r24, r11
     fca:	f0 0d       	add	r31, r0
     fcc:	8a 9d       	mul	r24, r10
     fce:	e0 2d       	mov	r30, r0
     fd0:	f1 0d       	add	r31, r1
     fd2:	03 9f       	mul	r16, r19
     fd4:	f0 0d       	add	r31, r0
     fd6:	02 9f       	mul	r16, r18
     fd8:	e0 0d       	add	r30, r0
     fda:	f1 1d       	adc	r31, r1
     fdc:	4e 9d       	mul	r20, r14
     fde:	e0 0d       	add	r30, r0
     fe0:	f1 1d       	adc	r31, r1
     fe2:	5e 9d       	mul	r21, r14
     fe4:	f0 0d       	add	r31, r0
     fe6:	4f 9d       	mul	r20, r15
     fe8:	f0 0d       	add	r31, r0
     fea:	7f 93       	push	r23
     fec:	6f 93       	push	r22
     fee:	bf 92       	push	r11
     ff0:	af 92       	push	r10
     ff2:	5f 93       	push	r21
     ff4:	4f 93       	push	r20
     ff6:	d5 01       	movw	r26, r10
     ff8:	0e 94 c2 07 	call	0xf84	; 0xf84 <__umulhisi3>
     ffc:	8b 01       	movw	r16, r22
     ffe:	ac 01       	movw	r20, r24
    1000:	d7 01       	movw	r26, r14
    1002:	0e 94 c2 07 	call	0xf84	; 0xf84 <__umulhisi3>
    1006:	eb 01       	movw	r28, r22
    1008:	e8 0f       	add	r30, r24
    100a:	f9 1f       	adc	r31, r25
    100c:	d6 01       	movw	r26, r12
    100e:	0e 94 2c 08 	call	0x1058	; 0x1058 <__muldi3_6>
    1012:	2f 91       	pop	r18
    1014:	3f 91       	pop	r19
    1016:	d6 01       	movw	r26, r12
    1018:	0e 94 c2 07 	call	0xf84	; 0xf84 <__umulhisi3>
    101c:	c6 0f       	add	r28, r22
    101e:	d7 1f       	adc	r29, r23
    1020:	e8 1f       	adc	r30, r24
    1022:	f9 1f       	adc	r31, r25
    1024:	af 91       	pop	r26
    1026:	bf 91       	pop	r27
    1028:	0e 94 2c 08 	call	0x1058	; 0x1058 <__muldi3_6>
    102c:	2f 91       	pop	r18
    102e:	3f 91       	pop	r19
    1030:	0e 94 c2 07 	call	0xf84	; 0xf84 <__umulhisi3>
    1034:	c6 0f       	add	r28, r22
    1036:	d7 1f       	adc	r29, r23
    1038:	e8 1f       	adc	r30, r24
    103a:	f9 1f       	adc	r31, r25
    103c:	d6 01       	movw	r26, r12
    103e:	0e 94 c2 07 	call	0xf84	; 0xf84 <__umulhisi3>
    1042:	e6 0f       	add	r30, r22
    1044:	f7 1f       	adc	r31, r23
    1046:	98 01       	movw	r18, r16
    1048:	be 01       	movw	r22, r28
    104a:	cf 01       	movw	r24, r30
    104c:	11 24       	eor	r1, r1
    104e:	0f 91       	pop	r16
    1050:	1f 91       	pop	r17
    1052:	cf 91       	pop	r28
    1054:	df 91       	pop	r29
    1056:	08 95       	ret

00001058 <__muldi3_6>:
    1058:	0e 94 c2 07 	call	0xf84	; 0xf84 <__umulhisi3>
    105c:	46 0f       	add	r20, r22
    105e:	57 1f       	adc	r21, r23
    1060:	c8 1f       	adc	r28, r24
    1062:	d9 1f       	adc	r29, r25
    1064:	08 f4       	brcc	.+2      	; 0x1068 <__muldi3_6+0x10>
    1066:	31 96       	adiw	r30, 0x01	; 1
    1068:	08 95       	ret

0000106a <__moddi3>:
    106a:	68 94       	set
    106c:	01 c0       	rjmp	.+2      	; 0x1070 <__divdi3_moddi3>

0000106e <__divdi3>:
    106e:	e8 94       	clt

00001070 <__divdi3_moddi3>:
    1070:	f9 2f       	mov	r31, r25
    1072:	f1 2b       	or	r31, r17
    1074:	12 f0       	brmi	.+4      	; 0x107a <__divdi3_moddi3+0xa>
    1076:	0c 94 69 08 	jmp	0x10d2	; 0x10d2 <__udivdi3_umoddi3>
    107a:	a0 e0       	ldi	r26, 0x00	; 0
    107c:	b0 e0       	ldi	r27, 0x00	; 0
    107e:	e3 e4       	ldi	r30, 0x43	; 67
    1080:	f8 e0       	ldi	r31, 0x08	; 8
    1082:	0c 94 db 08 	jmp	0x11b6	; 0x11b6 <__prologue_saves__+0xc>
    1086:	09 2e       	mov	r0, r25
    1088:	05 94       	asr	r0
    108a:	22 f4       	brpl	.+8      	; 0x1094 <__divdi3_moddi3+0x24>
    108c:	0e 94 c5 08 	call	0x118a	; 0x118a <__negdi2>
    1090:	11 23       	and	r17, r17
    1092:	92 f4       	brpl	.+36     	; 0x10b8 <__divdi3_moddi3+0x48>
    1094:	f0 e8       	ldi	r31, 0x80	; 128
    1096:	0f 26       	eor	r0, r31
    1098:	ff ef       	ldi	r31, 0xFF	; 255
    109a:	e0 94       	com	r14
    109c:	f0 94       	com	r15
    109e:	00 95       	com	r16
    10a0:	10 95       	com	r17
    10a2:	b0 94       	com	r11
    10a4:	c0 94       	com	r12
    10a6:	d0 94       	com	r13
    10a8:	a1 94       	neg	r10
    10aa:	bf 0a       	sbc	r11, r31
    10ac:	cf 0a       	sbc	r12, r31
    10ae:	df 0a       	sbc	r13, r31
    10b0:	ef 0a       	sbc	r14, r31
    10b2:	ff 0a       	sbc	r15, r31
    10b4:	0f 0b       	sbc	r16, r31
    10b6:	1f 0b       	sbc	r17, r31
    10b8:	0e 94 74 08 	call	0x10e8	; 0x10e8 <__udivmod64>
    10bc:	07 fc       	sbrc	r0, 7
    10be:	0e 94 c5 08 	call	0x118a	; 0x118a <__negdi2>
    10c2:	cd b7       	in	r28, 0x3d	; 61
    10c4:	de b7       	in	r29, 0x3e	; 62
    10c6:	ec e0       	ldi	r30, 0x0C	; 12
    10c8:	0c 94 f7 08 	jmp	0x11ee	; 0x11ee <__epilogue_restores__+0xc>

000010cc <__umoddi3>:
    10cc:	68 94       	set
    10ce:	01 c0       	rjmp	.+2      	; 0x10d2 <__udivdi3_umoddi3>

000010d0 <__udivdi3>:
    10d0:	e8 94       	clt

000010d2 <__udivdi3_umoddi3>:
    10d2:	8f 92       	push	r8
    10d4:	9f 92       	push	r9
    10d6:	cf 93       	push	r28
    10d8:	df 93       	push	r29
    10da:	0e 94 74 08 	call	0x10e8	; 0x10e8 <__udivmod64>
    10de:	df 91       	pop	r29
    10e0:	cf 91       	pop	r28
    10e2:	9f 90       	pop	r9
    10e4:	8f 90       	pop	r8
    10e6:	08 95       	ret

000010e8 <__udivmod64>:
    10e8:	88 24       	eor	r8, r8
    10ea:	99 24       	eor	r9, r9
    10ec:	f4 01       	movw	r30, r8
    10ee:	e4 01       	movw	r28, r8
    10f0:	b0 e4       	ldi	r27, 0x40	; 64
    10f2:	9f 93       	push	r25
    10f4:	aa 27       	eor	r26, r26
    10f6:	9a 15       	cp	r25, r10
    10f8:	8b 04       	cpc	r8, r11
    10fa:	9c 04       	cpc	r9, r12
    10fc:	ed 05       	cpc	r30, r13
    10fe:	fe 05       	cpc	r31, r14
    1100:	cf 05       	cpc	r28, r15
    1102:	d0 07       	cpc	r29, r16
    1104:	a1 07       	cpc	r26, r17
    1106:	98 f4       	brcc	.+38     	; 0x112e <__udivmod64+0x46>
    1108:	ad 2f       	mov	r26, r29
    110a:	dc 2f       	mov	r29, r28
    110c:	cf 2f       	mov	r28, r31
    110e:	fe 2f       	mov	r31, r30
    1110:	e9 2d       	mov	r30, r9
    1112:	98 2c       	mov	r9, r8
    1114:	89 2e       	mov	r8, r25
    1116:	98 2f       	mov	r25, r24
    1118:	87 2f       	mov	r24, r23
    111a:	76 2f       	mov	r23, r22
    111c:	65 2f       	mov	r22, r21
    111e:	54 2f       	mov	r21, r20
    1120:	43 2f       	mov	r20, r19
    1122:	32 2f       	mov	r19, r18
    1124:	22 27       	eor	r18, r18
    1126:	b8 50       	subi	r27, 0x08	; 8
    1128:	31 f7       	brne	.-52     	; 0x10f6 <__udivmod64+0xe>
    112a:	bf 91       	pop	r27
    112c:	27 c0       	rjmp	.+78     	; 0x117c <__udivmod64+0x94>
    112e:	1b 2e       	mov	r1, r27
    1130:	bf 91       	pop	r27
    1132:	bb 27       	eor	r27, r27
    1134:	22 0f       	add	r18, r18
    1136:	33 1f       	adc	r19, r19
    1138:	44 1f       	adc	r20, r20
    113a:	55 1f       	adc	r21, r21
    113c:	66 1f       	adc	r22, r22
    113e:	77 1f       	adc	r23, r23
    1140:	88 1f       	adc	r24, r24
    1142:	99 1f       	adc	r25, r25
    1144:	88 1c       	adc	r8, r8
    1146:	99 1c       	adc	r9, r9
    1148:	ee 1f       	adc	r30, r30
    114a:	ff 1f       	adc	r31, r31
    114c:	cc 1f       	adc	r28, r28
    114e:	dd 1f       	adc	r29, r29
    1150:	aa 1f       	adc	r26, r26
    1152:	bb 1f       	adc	r27, r27
    1154:	8a 14       	cp	r8, r10
    1156:	9b 04       	cpc	r9, r11
    1158:	ec 05       	cpc	r30, r12
    115a:	fd 05       	cpc	r31, r13
    115c:	ce 05       	cpc	r28, r14
    115e:	df 05       	cpc	r29, r15
    1160:	a0 07       	cpc	r26, r16
    1162:	b1 07       	cpc	r27, r17
    1164:	48 f0       	brcs	.+18     	; 0x1178 <__udivmod64+0x90>
    1166:	8a 18       	sub	r8, r10
    1168:	9b 08       	sbc	r9, r11
    116a:	ec 09       	sbc	r30, r12
    116c:	fd 09       	sbc	r31, r13
    116e:	ce 09       	sbc	r28, r14
    1170:	df 09       	sbc	r29, r15
    1172:	a0 0b       	sbc	r26, r16
    1174:	b1 0b       	sbc	r27, r17
    1176:	21 60       	ori	r18, 0x01	; 1
    1178:	1a 94       	dec	r1
    117a:	e1 f6       	brne	.-72     	; 0x1134 <__udivmod64+0x4c>
    117c:	2e f4       	brtc	.+10     	; 0x1188 <__udivmod64+0xa0>
    117e:	94 01       	movw	r18, r8
    1180:	af 01       	movw	r20, r30
    1182:	be 01       	movw	r22, r28
    1184:	cd 01       	movw	r24, r26
    1186:	00 0c       	add	r0, r0
    1188:	08 95       	ret

0000118a <__negdi2>:
    118a:	60 95       	com	r22
    118c:	70 95       	com	r23
    118e:	80 95       	com	r24
    1190:	90 95       	com	r25
    1192:	30 95       	com	r19
    1194:	40 95       	com	r20
    1196:	50 95       	com	r21
    1198:	21 95       	neg	r18
    119a:	3f 4f       	sbci	r19, 0xFF	; 255
    119c:	4f 4f       	sbci	r20, 0xFF	; 255
    119e:	5f 4f       	sbci	r21, 0xFF	; 255
    11a0:	6f 4f       	sbci	r22, 0xFF	; 255
    11a2:	7f 4f       	sbci	r23, 0xFF	; 255
    11a4:	8f 4f       	sbci	r24, 0xFF	; 255
    11a6:	9f 4f       	sbci	r25, 0xFF	; 255
    11a8:	08 95       	ret

000011aa <__prologue_saves__>:
    11aa:	2f 92       	push	r2
    11ac:	3f 92       	push	r3
    11ae:	4f 92       	push	r4
    11b0:	5f 92       	push	r5
    11b2:	6f 92       	push	r6
    11b4:	7f 92       	push	r7
    11b6:	8f 92       	push	r8
    11b8:	9f 92       	push	r9
    11ba:	af 92       	push	r10
    11bc:	bf 92       	push	r11
    11be:	cf 92       	push	r12
    11c0:	df 92       	push	r13
    11c2:	ef 92       	push	r14
    11c4:	ff 92       	push	r15
    11c6:	0f 93       	push	r16
    11c8:	1f 93       	push	r17
    11ca:	cf 93       	push	r28
    11cc:	df 93       	push	r29
    11ce:	cd b7       	in	r28, 0x3d	; 61
    11d0:	de b7       	in	r29, 0x3e	; 62
    11d2:	ca 1b       	sub	r28, r26
    11d4:	db 0b       	sbc	r29, r27
    11d6:	0f b6       	in	r0, 0x3f	; 63
    11d8:	f8 94       	cli
    11da:	de bf       	out	0x3e, r29	; 62
    11dc:	0f be       	out	0x3f, r0	; 63
    11de:	cd bf       	out	0x3d, r28	; 61
    11e0:	09 94       	ijmp

000011e2 <__epilogue_restores__>:
    11e2:	2a 88       	ldd	r2, Y+18	; 0x12
    11e4:	39 88       	ldd	r3, Y+17	; 0x11
    11e6:	48 88       	ldd	r4, Y+16	; 0x10
    11e8:	5f 84       	ldd	r5, Y+15	; 0x0f
    11ea:	6e 84       	ldd	r6, Y+14	; 0x0e
    11ec:	7d 84       	ldd	r7, Y+13	; 0x0d
    11ee:	8c 84       	ldd	r8, Y+12	; 0x0c
    11f0:	9b 84       	ldd	r9, Y+11	; 0x0b
    11f2:	aa 84       	ldd	r10, Y+10	; 0x0a
    11f4:	b9 84       	ldd	r11, Y+9	; 0x09
    11f6:	c8 84       	ldd	r12, Y+8	; 0x08
    11f8:	df 80       	ldd	r13, Y+7	; 0x07
    11fa:	ee 80       	ldd	r14, Y+6	; 0x06
    11fc:	fd 80       	ldd	r15, Y+5	; 0x05
    11fe:	0c 81       	ldd	r16, Y+4	; 0x04
    1200:	1b 81       	ldd	r17, Y+3	; 0x03
    1202:	aa 81       	ldd	r26, Y+2	; 0x02
    1204:	b9 81       	ldd	r27, Y+1	; 0x01
    1206:	ce 0f       	add	r28, r30
    1208:	d1 1d       	adc	r29, r1
    120a:	0f b6       	in	r0, 0x3f	; 63
    120c:	f8 94       	cli
    120e:	de bf       	out	0x3e, r29	; 62
    1210:	0f be       	out	0x3f, r0	; 63
    1212:	cd bf       	out	0x3d, r28	; 61
    1214:	ed 01       	movw	r28, r26
    1216:	08 95       	ret

00001218 <__cmpdi2_s8>:
    1218:	00 24       	eor	r0, r0
    121a:	a7 fd       	sbrc	r26, 7
    121c:	00 94       	com	r0
    121e:	2a 17       	cp	r18, r26
    1220:	30 05       	cpc	r19, r0
    1222:	40 05       	cpc	r20, r0
    1224:	50 05       	cpc	r21, r0
    1226:	60 05       	cpc	r22, r0
    1228:	70 05       	cpc	r23, r0
    122a:	80 05       	cpc	r24, r0
    122c:	90 05       	cpc	r25, r0
    122e:	08 95       	ret

00001230 <eeprom_read_block>:
    1230:	dc 01       	movw	r26, r24
    1232:	cb 01       	movw	r24, r22

00001234 <eeprom_read_blraw>:
    1234:	fc 01       	movw	r30, r24
    1236:	f9 99       	sbic	0x1f, 1	; 31
    1238:	fe cf       	rjmp	.-4      	; 0x1236 <eeprom_read_blraw+0x2>
    123a:	06 c0       	rjmp	.+12     	; 0x1248 <eeprom_read_blraw+0x14>
    123c:	f2 bd       	out	0x22, r31	; 34
    123e:	e1 bd       	out	0x21, r30	; 33
    1240:	f8 9a       	sbi	0x1f, 0	; 31
    1242:	31 96       	adiw	r30, 0x01	; 1
    1244:	00 b4       	in	r0, 0x20	; 32
    1246:	0d 92       	st	X+, r0
    1248:	41 50       	subi	r20, 0x01	; 1
    124a:	50 40       	sbci	r21, 0x00	; 0
    124c:	b8 f7       	brcc	.-18     	; 0x123c <eeprom_read_blraw+0x8>
    124e:	08 95       	ret

00001250 <_exit>:
    1250:	f8 94       	cli

00001252 <__stop_program>:
    1252:	ff cf       	rjmp	.-2      	; 0x1252 <__stop_program>
