
GccApplication1.elf:     file format elf32-avr

Sections:
Idx Name          Size      VMA       LMA       File off  Algn
  0 .data         0000057e  00800100  000029f4  00002aa8  2**0
                  CONTENTS, ALLOC, LOAD, DATA
  1 .text         000029f4  00000000  00000000  000000b4  2**1
                  CONTENTS, ALLOC, LOAD, READONLY, CODE
  2 .bss          0000014d  0080067e  0080067e  00003026  2**0
                  ALLOC
  3 .noinit       00000001  008007cb  008007cb  00003026  2**0
                  ALLOC
  4 .eeprom       0000003c  00810000  00810000  00003026  2**0
                  CONTENTS, ALLOC, LOAD, DATA
  5 .comment      0000005c  00000000  00000000  00003062  2**0
                  CONTENTS, READONLY
  6 .note.gnu.avr.deviceinfo 00000040  00000000  00000000  000030c0  2**2
                  CONTENTS, READONLY
  7 .debug_aranges 00000498  00000000  00000000  00003100  2**3
                  CONTENTS, READONLY, DEBUGGING
  8 .debug_info   00005a43  00000000  00000000  00003598  2**0
                  CONTENTS, READONLY, DEBUGGING
  9 .debug_abbrev 00001a3c  00000000  00000000  00008fdb  2**0
                  CONTENTS, READONLY, DEBUGGING
 10 .debug_line   00002aee  00000000  00000000  0000aa17  2**0
                  CONTENTS, READONLY, DEBUGGING
 11 .debug_frame  00000b04  00000000  00000000  0000d508  2**2
                  CONTENTS, READONLY, DEBUGGING
 12 .debug_str    00001189  00000000  00000000  0000e00c  2**0
                  CONTENTS, READONLY, DEBUGGING
 13 .debug_loc    00002c22  00000000  00000000  0000f195  2**0
                  CONTENTS, READONLY, DEBUGGING
 14 .debug_ranges 00000348  00000000  00000000  00011db7  2**0
                  CONTENTS, READONLY, DEBUGGING

Disassembly of section .text:

00000000 <__vectors>:
       0:	0c 94 5a 00 	jmp	0xb4	; 0xb4 <__ctors_end>
       4:	0c 94 86 00 	jmp	0x10c	; 0x10c <__bad_interrupt>
       8:	0c 94 86 00 	jmp	0x10c	; 0x10c <__bad_interrupt>
       c:	0c 94 86 00 	jmp	0x10c	; 0x10c <__bad_interrupt>
      10:	0c 94 86 00 	jmp	0x10c	; 0x10c <__bad_interrupt>
      14:	0c 94 86 00 	jmp	0x10c	; 0x10c <__bad_interrupt>
      18:	0c 94 86 00 	jmp	0x10c	; 0x10c <__bad_interrupt>
      1c:	0c 94 86 00 	jmp	0x10c	; 0x10c <__bad_interrupt>
      20:	0c 94 86 00 	jmp	0x10c	; 0x10c <__bad_interrupt>
      24:	0c 94 86 00 	jmp	0x10c	; 0x10c <__bad_interrupt>
      28:	0c 94 86 00 	jmp	0x10c	; 0x10c <__bad_interrupt>
      2c:	0c 94 86 00 	jmp	0x10c	; 0x10c <__bad_interrupt>
      30:	0c 94 86 00 	jmp	0x10c	; 0x10c <__bad_interrupt>
      34:	0c 94 86 00 	jmp	0x10c	; 0x10c <__bad_interrupt>
      38:	0c 94 3f 06 	jmp	0xc7e	; 0xc7e <__vector_14>
      3c:	0c 94 86 00 	jmp	0x10c	; 0x10c <__bad_interrupt>
      40:	0c 94 86 00 	jmp	0x10c	; 0x10c <__bad_interrupt>
      44:	0c 94 86 00 	jmp	0x10c	; 0x10c <__bad_interrupt>
      48:	0c 94 e9 0e 	jmp	0x1dd2	; 0x1dd2 <__vector_18>
      4c:	0c 94 86 00 	jmp	0x10c	; 0x10c <__bad_interrupt>
      50:	0c 94 86 00 	jmp	0x10c	; 0x10c <__bad_interrupt>
      54:	0c 94 86 00 	jmp	0x10c	; 0x10c <__bad_interrupt>
      58:	0c 94 86 00 	jmp	0x10c	; 0x10c <__bad_interrupt>
      5c:	0c 94 86 00 	jmp	0x10c	; 0x10c <__bad_interrupt>
      60:	0c 94 86 00 	jmp	0x10c	; 0x10c <__bad_interrupt>
      64:	0c 94 86 00 	jmp	0x10c	; 0x10c <__bad_interrupt>
      68:	0c 94 86 00 	jmp	0x10c	; 0x10c <__bad_interrupt>
      6c:	0c 94 86 00 	jmp	0x10c	; 0x10c <__bad_interrupt>
      70:	0c 94 86 00 	jmp	0x10c	; 0x10c <__bad_interrupt>
      74:	0c 94 86 00 	jmp	0x10c	; 0x10c <__bad_interrupt>
      78:	0c 94 86 00 	jmp	0x10c	; 0x10c <__bad_interrupt>
      7c:	0c 94 86 00 	jmp	0x10c	; 0x10c <__bad_interrupt>
      80:	0c 94 86 00 	jmp	0x10c	; 0x10c <__bad_interrupt>
      84:	0c 94 86 00 	jmp	0x10c	; 0x10c <__bad_interrupt>
      88:	0c 94 86 00 	jmp	0x10c	; 0x10c <__bad_interrupt>
      8c:	0c 94 86 00 	jmp	0x10c	; 0x10c <__bad_interrupt>
      90:	0c 94 86 00 	jmp	0x10c	; 0x10c <__bad_interrupt>
      94:	0c 94 86 00 	jmp	0x10c	; 0x10c <__bad_interrupt>
      98:	0c 94 86 00 	jmp	0x10c	; 0x10c <__bad_interrupt>
      9c:	0c 94 86 00 	jmp	0x10c	; 0x10c <__bad_interrupt>
      a0:	0c 94 86 00 	jmp	0x10c	; 0x10c <__bad_interrupt>
      a4:	0c 94 86 00 	jmp	0x10c	; 0x10c <__bad_interrupt>
      a8:	0c 94 86 00 	jmp	0x10c	; 0x10c <__bad_interrupt>
      ac:	0c 94 86 00 	jmp	0x10c	; 0x10c <__bad_interrupt>
      b0:	0c 94 86 00 	jmp	0x10c	; 0x10c <__bad_interrupt>

000000b4 <__ctors_end>:
      b4:	11 24       	eor	r1, r1
      b6:	1f be       	out	0x3f, r1	; 63
      b8:	cf ef       	ldi	r28, 0xFF	; 255
      ba:	d8 e0       	ldi	r29, 0x08	; 8
      bc:	de bf       	out	0x3e, r29	; 62
      be:	cd bf       	out	0x3d, r28	; 61

000000c0 <diagnostics_capture_reset_flags_early>:
void diagnostics_record_uart_rx_overflow(void)     { counters.uart_rx_overflows++; }
void diagnostics_record_eeprom_error(void)         { counters.eeprom_errors++; }

void diagnostics_get_counters(diagnostics_counters_t *destination)
{
    if (destination != 0) *destination = counters;
      c0:	84 b7       	in	r24, 0x34	; 52
      c2:	80 93 cb 07 	sts	0x07CB, r24	; 0x8007cb <__bss_end>
      c6:	14 be       	out	0x34, r1	; 52
      c8:	0f b6       	in	r0, 0x3f	; 63
      ca:	f8 94       	cli
      cc:	a8 95       	wdr
      ce:	80 91 60 00 	lds	r24, 0x0060	; 0x800060 <__TEXT_REGION_LENGTH__+0x7f8060>
      d2:	88 61       	ori	r24, 0x18	; 24
      d4:	80 93 60 00 	sts	0x0060, r24	; 0x800060 <__TEXT_REGION_LENGTH__+0x7f8060>
      d8:	10 92 60 00 	sts	0x0060, r1	; 0x800060 <__TEXT_REGION_LENGTH__+0x7f8060>
      dc:	0f be       	out	0x3f, r0	; 63

000000de <__do_copy_data>:
      de:	16 e0       	ldi	r17, 0x06	; 6
      e0:	a0 e0       	ldi	r26, 0x00	; 0
      e2:	b1 e0       	ldi	r27, 0x01	; 1
      e4:	e4 ef       	ldi	r30, 0xF4	; 244
      e6:	f9 e2       	ldi	r31, 0x29	; 41
      e8:	02 c0       	rjmp	.+4      	; 0xee <__do_copy_data+0x10>
      ea:	05 90       	lpm	r0, Z+
      ec:	0d 92       	st	X+, r0
      ee:	ae 37       	cpi	r26, 0x7E	; 126
      f0:	b1 07       	cpc	r27, r17
      f2:	d9 f7       	brne	.-10     	; 0xea <__do_copy_data+0xc>

000000f4 <__do_clear_bss>:
      f4:	27 e0       	ldi	r18, 0x07	; 7
      f6:	ae e7       	ldi	r26, 0x7E	; 126
      f8:	b6 e0       	ldi	r27, 0x06	; 6
      fa:	01 c0       	rjmp	.+2      	; 0xfe <.do_clear_bss_start>

000000fc <.do_clear_bss_loop>:
      fc:	1d 92       	st	X+, r1

000000fe <.do_clear_bss_start>:
      fe:	ab 3c       	cpi	r26, 0xCB	; 203
     100:	b2 07       	cpc	r27, r18
     102:	e1 f7       	brne	.-8      	; 0xfc <.do_clear_bss_loop>
     104:	0e 94 f1 07 	call	0xfe2	; 0xfe2 <main>
     108:	0c 94 f8 14 	jmp	0x29f0	; 0x29f0 <_exit>

0000010c <__bad_interrupt>:
     10c:	0c 94 00 00 	jmp	0	; 0x0 <__vectors>

00000110 <board_id_init>:
#include "board_id.h"

void board_id_init(void)
{
    /* bit0..bit3 = PC0..PC3; bit4 = PD2. External 100 kohm pull-ups. */
    DDRC &= ~((1 << PC0) | (1 << PC1) | (1 << PC2) | (1 << PC3));
     110:	87 b1       	in	r24, 0x07	; 7
     112:	80 7f       	andi	r24, 0xF0	; 240
     114:	87 b9       	out	0x07, r24	; 7
    DDRD &= ~(1 << PD2);
     116:	8a b1       	in	r24, 0x0a	; 10
     118:	8b 7f       	andi	r24, 0xFB	; 251
     11a:	8a b9       	out	0x0a, r24	; 10

    PORTC &= ~((1 << PC0) | (1 << PC1) | (1 << PC2) | (1 << PC3));
     11c:	88 b1       	in	r24, 0x08	; 8
     11e:	80 7f       	andi	r24, 0xF0	; 240
     120:	88 b9       	out	0x08, r24	; 8
    PORTD &= ~(1 << PD2);
     122:	8b b1       	in	r24, 0x0b	; 11
     124:	8b 7f       	andi	r24, 0xFB	; 251
     126:	8b b9       	out	0x0b, r24	; 11
     128:	08 95       	ret

0000012a <board_id_read>:

uint8_t board_id_read(void)
{
    uint8_t raw = 0;

    if (PINC & (1 << PC0)) raw |= (1 << 0);
     12a:	30 99       	sbic	0x06, 0	; 6
     12c:	02 c0       	rjmp	.+4      	; 0x132 <board_id_read+0x8>
    PORTD &= ~(1 << PD2);
}

uint8_t board_id_read(void)
{
    uint8_t raw = 0;
     12e:	80 e0       	ldi	r24, 0x00	; 0
     130:	01 c0       	rjmp	.+2      	; 0x134 <board_id_read+0xa>

    if (PINC & (1 << PC0)) raw |= (1 << 0);
     132:	81 e0       	ldi	r24, 0x01	; 1
    if (PINC & (1 << PC1)) raw |= (1 << 1);
     134:	31 99       	sbic	0x06, 1	; 6
     136:	82 60       	ori	r24, 0x02	; 2
    if (PINC & (1 << PC2)) raw |= (1 << 2);
     138:	32 99       	sbic	0x06, 2	; 6
     13a:	84 60       	ori	r24, 0x04	; 4
    if (PINC & (1 << PC3)) raw |= (1 << 3);
     13c:	33 99       	sbic	0x06, 3	; 6
     13e:	88 60       	ori	r24, 0x08	; 8
    if (PIND & (1 << PD2)) raw |= (1 << 4);
     140:	4a 99       	sbic	0x09, 2	; 9
     142:	80 61       	ori	r24, 0x10	; 16

    /* Switch ON pulls low, so invert to obtain the board number. */
    return (uint8_t)((~raw) & 0x1FU);
     144:	80 95       	com	r24
}
     146:	8f 71       	andi	r24, 0x1F	; 31
     148:	08 95       	ret

0000014a <apply_axis>:
}

static int32_t apply_axis(int32_t value_x100,
                          int32_t offset_x100,
                          int32_t gain_ppm)
{
     14a:	4f 92       	push	r4
     14c:	5f 92       	push	r5
     14e:	6f 92       	push	r6
     150:	7f 92       	push	r7
     152:	af 92       	push	r10
     154:	bf 92       	push	r11
     156:	cf 92       	push	r12
     158:	df 92       	push	r13
     15a:	ef 92       	push	r14
     15c:	ff 92       	push	r15
     15e:	0f 93       	push	r16
     160:	1f 93       	push	r17
    int32_t corrected = value_x100 - offset_x100;
     162:	dc 01       	movw	r26, r24
     164:	cb 01       	movw	r24, r22
     166:	82 1b       	sub	r24, r18
     168:	93 0b       	sbc	r25, r19
     16a:	a4 0b       	sbc	r26, r20
     16c:	b5 0b       	sbc	r27, r21
    int64_t scaled = (int64_t)corrected * (int64_t)gain_ppm;
     16e:	2c 01       	movw	r4, r24
     170:	3d 01       	movw	r6, r26
     172:	77 0c       	add	r7, r7
     174:	44 08       	sbc	r4, r4
     176:	54 2c       	mov	r5, r4
     178:	32 01       	movw	r6, r4
     17a:	b8 01       	movw	r22, r16
     17c:	a7 01       	movw	r20, r14
     17e:	77 0f       	add	r23, r23
     180:	44 0b       	sbc	r20, r20
     182:	54 2f       	mov	r21, r20
     184:	ba 01       	movw	r22, r20
     186:	ae 2c       	mov	r10, r14
     188:	bf 2c       	mov	r11, r15
     18a:	c0 2e       	mov	r12, r16
     18c:	d1 2e       	mov	r13, r17
     18e:	e4 2e       	mov	r14, r20
     190:	f4 2e       	mov	r15, r20
     192:	04 2f       	mov	r16, r20
     194:	14 2f       	mov	r17, r20
     196:	28 2f       	mov	r18, r24
     198:	39 2f       	mov	r19, r25
     19a:	4a 2f       	mov	r20, r26
     19c:	5b 2f       	mov	r21, r27
     19e:	64 2d       	mov	r22, r4
     1a0:	74 2d       	mov	r23, r4
     1a2:	84 2d       	mov	r24, r4
     1a4:	94 2d       	mov	r25, r4
     1a6:	0e 94 08 11 	call	0x2210	; 0x2210 <__muldi3>

    if (scaled >= 0) {
     1aa:	a0 e0       	ldi	r26, 0x00	; 0
     1ac:	0e 94 38 12 	call	0x2470	; 0x2470 <__cmpdi2_s8>
     1b0:	4c f0       	brlt	.+18     	; 0x1c4 <apply_axis+0x7a>
        scaled += CALIBRATION_GAIN_UNITY_PPM / 2L;
     1b2:	20 5e       	subi	r18, 0xE0	; 224
     1b4:	3e 45       	sbci	r19, 0x5E	; 94
     1b6:	48 4f       	sbci	r20, 0xF8	; 248
     1b8:	5f 4f       	sbci	r21, 0xFF	; 255
     1ba:	6f 4f       	sbci	r22, 0xFF	; 255
     1bc:	7f 4f       	sbci	r23, 0xFF	; 255
     1be:	8f 4f       	sbci	r24, 0xFF	; 255
     1c0:	9f 4f       	sbci	r25, 0xFF	; 255
     1c2:	08 c0       	rjmp	.+16     	; 0x1d4 <apply_axis+0x8a>
    } else {
        scaled -= CALIBRATION_GAIN_UNITY_PPM / 2L;
     1c4:	20 52       	subi	r18, 0x20	; 32
     1c6:	31 4a       	sbci	r19, 0xA1	; 161
     1c8:	47 40       	sbci	r20, 0x07	; 7
     1ca:	51 09       	sbc	r21, r1
     1cc:	61 09       	sbc	r22, r1
     1ce:	71 09       	sbc	r23, r1
     1d0:	81 09       	sbc	r24, r1
     1d2:	91 09       	sbc	r25, r1
    }

    return (int32_t)(scaled / CALIBRATION_GAIN_UNITY_PPM);
     1d4:	68 94       	set
     1d6:	aa 24       	eor	r10, r10
     1d8:	a6 f8       	bld	r10, 6
     1da:	0f 2e       	mov	r0, r31
     1dc:	f2 e4       	ldi	r31, 0x42	; 66
     1de:	bf 2e       	mov	r11, r31
     1e0:	f0 2d       	mov	r31, r0
     1e2:	0f 2e       	mov	r0, r31
     1e4:	ff e0       	ldi	r31, 0x0F	; 15
     1e6:	cf 2e       	mov	r12, r31
     1e8:	f0 2d       	mov	r31, r0
     1ea:	d1 2c       	mov	r13, r1
     1ec:	e1 2c       	mov	r14, r1
     1ee:	f1 2c       	mov	r15, r1
     1f0:	00 e0       	ldi	r16, 0x00	; 0
     1f2:	10 e0       	ldi	r17, 0x00	; 0
     1f4:	0e 94 63 11 	call	0x22c6	; 0x22c6 <__divdi3>
     1f8:	62 2f       	mov	r22, r18
     1fa:	73 2f       	mov	r23, r19
     1fc:	84 2f       	mov	r24, r20
     1fe:	95 2f       	mov	r25, r21
}
     200:	1f 91       	pop	r17
     202:	0f 91       	pop	r16
     204:	ff 90       	pop	r15
     206:	ef 90       	pop	r14
     208:	df 90       	pop	r13
     20a:	cf 90       	pop	r12
     20c:	bf 90       	pop	r11
     20e:	af 90       	pop	r10
     210:	7f 90       	pop	r7
     212:	6f 90       	pop	r6
     214:	5f 90       	pop	r5
     216:	4f 90       	pop	r4
     218:	08 95       	ret

0000021a <calibration_crc>:

static calibration_record_t EEMEM eeprom_calibration;

static uint16_t calibration_crc(const calibration_record_t *record)
{
    return crc16_ccitt(record, offsetof(calibration_record_t, crc));
     21a:	66 e3       	ldi	r22, 0x36	; 54
     21c:	70 e0       	ldi	r23, 0x00	; 0
     21e:	0e 94 0e 06 	call	0xc1c	; 0xc1c <crc16_ccitt>
}
     222:	08 95       	ret

00000224 <calibration_make_defaults>:

void calibration_make_defaults(calibration_record_t *record)
{
     224:	cf 93       	push	r28
     226:	df 93       	push	r29
     228:	ec 01       	movw	r28, r24
    memset(record, 0, sizeof(*record));
     22a:	88 e3       	ldi	r24, 0x38	; 56
     22c:	fe 01       	movw	r30, r28
     22e:	11 92       	st	Z+, r1
     230:	8a 95       	dec	r24
     232:	e9 f7       	brne	.-6      	; 0x22e <calibration_make_defaults+0xa>
    record->magic = CALIBRATION_MAGIC;
     234:	88 e3       	ldi	r24, 0x38	; 56
     236:	92 e3       	ldi	r25, 0x32	; 50
     238:	a4 e4       	ldi	r26, 0x44	; 68
     23a:	be e4       	ldi	r27, 0x4E	; 78
     23c:	88 83       	st	Y, r24
     23e:	99 83       	std	Y+1, r25	; 0x01
     240:	aa 83       	std	Y+2, r26	; 0x02
     242:	bb 83       	std	Y+3, r27	; 0x03
    record->version = CALIBRATION_VERSION;
     244:	81 e0       	ldi	r24, 0x01	; 1
     246:	90 e0       	ldi	r25, 0x00	; 0
     248:	9d 83       	std	Y+5, r25	; 0x05
     24a:	8c 83       	std	Y+4, r24	; 0x04
    record->size = sizeof(*record);
     24c:	88 e3       	ldi	r24, 0x38	; 56
     24e:	90 e0       	ldi	r25, 0x00	; 0
     250:	9f 83       	std	Y+7, r25	; 0x07
     252:	8e 83       	std	Y+6, r24	; 0x06
    record->gain_x_ppm = CALIBRATION_GAIN_UNITY_PPM;
     254:	80 e4       	ldi	r24, 0x40	; 64
     256:	92 e4       	ldi	r25, 0x42	; 66
     258:	af e0       	ldi	r26, 0x0F	; 15
     25a:	b0 e0       	ldi	r27, 0x00	; 0
     25c:	8c 8b       	std	Y+20, r24	; 0x14
     25e:	9d 8b       	std	Y+21, r25	; 0x15
     260:	ae 8b       	std	Y+22, r26	; 0x16
     262:	bf 8b       	std	Y+23, r27	; 0x17
    record->gain_y_ppm = CALIBRATION_GAIN_UNITY_PPM;
     264:	88 8f       	std	Y+24, r24	; 0x18
     266:	99 8f       	std	Y+25, r25	; 0x19
     268:	aa 8f       	std	Y+26, r26	; 0x1a
     26a:	bb 8f       	std	Y+27, r27	; 0x1b
    record->gain_z_ppm = CALIBRATION_GAIN_UNITY_PPM;
     26c:	8c 8f       	std	Y+28, r24	; 0x1c
     26e:	9d 8f       	std	Y+29, r25	; 0x1d
     270:	ae 8f       	std	Y+30, r26	; 0x1e
     272:	bf 8f       	std	Y+31, r27	; 0x1f
    record->crc = calibration_crc(record);
     274:	ce 01       	movw	r24, r28
     276:	0e 94 0d 01 	call	0x21a	; 0x21a <calibration_crc>
     27a:	9f ab       	std	Y+55, r25	; 0x37
     27c:	8e ab       	std	Y+54, r24	; 0x36
}
     27e:	df 91       	pop	r29
     280:	cf 91       	pop	r28
     282:	08 95       	ret

00000284 <calibration_load>:

calibration_status_t calibration_load(calibration_record_t *record)
{
     284:	0f 93       	push	r16
     286:	1f 93       	push	r17
     288:	cf 93       	push	r28
     28a:	df 93       	push	r29
     28c:	ec 01       	movw	r28, r24
    eeprom_read_block(record, &eeprom_calibration, sizeof(*record));
     28e:	48 e3       	ldi	r20, 0x38	; 56
     290:	50 e0       	ldi	r21, 0x00	; 0
     292:	60 e0       	ldi	r22, 0x00	; 0
     294:	70 e0       	ldi	r23, 0x00	; 0
     296:	0e 94 a4 14 	call	0x2948	; 0x2948 <eeprom_read_block>

    if (record->magic != CALIBRATION_MAGIC ||
     29a:	88 81       	ld	r24, Y
     29c:	99 81       	ldd	r25, Y+1	; 0x01
     29e:	aa 81       	ldd	r26, Y+2	; 0x02
     2a0:	bb 81       	ldd	r27, Y+3	; 0x03
     2a2:	88 33       	cpi	r24, 0x38	; 56
     2a4:	92 43       	sbci	r25, 0x32	; 50
     2a6:	a4 44       	sbci	r26, 0x44	; 68
     2a8:	be 44       	sbci	r27, 0x4E	; 78
     2aa:	81 f4       	brne	.+32     	; 0x2cc <calibration_load+0x48>
        record->version != CALIBRATION_VERSION ||
     2ac:	8c 81       	ldd	r24, Y+4	; 0x04
     2ae:	9d 81       	ldd	r25, Y+5	; 0x05

calibration_status_t calibration_load(calibration_record_t *record)
{
    eeprom_read_block(record, &eeprom_calibration, sizeof(*record));

    if (record->magic != CALIBRATION_MAGIC ||
     2b0:	01 97       	sbiw	r24, 0x01	; 1
     2b2:	61 f4       	brne	.+24     	; 0x2cc <calibration_load+0x48>
        record->version != CALIBRATION_VERSION ||
        record->size != sizeof(*record) ||
     2b4:	8e 81       	ldd	r24, Y+6	; 0x06
     2b6:	9f 81       	ldd	r25, Y+7	; 0x07
calibration_status_t calibration_load(calibration_record_t *record)
{
    eeprom_read_block(record, &eeprom_calibration, sizeof(*record));

    if (record->magic != CALIBRATION_MAGIC ||
        record->version != CALIBRATION_VERSION ||
     2b8:	c8 97       	sbiw	r24, 0x38	; 56
     2ba:	41 f4       	brne	.+16     	; 0x2cc <calibration_load+0x48>
        record->size != sizeof(*record) ||
        record->crc != calibration_crc(record)) {
     2bc:	0e a9       	ldd	r16, Y+54	; 0x36
     2be:	1f a9       	ldd	r17, Y+55	; 0x37
     2c0:	ce 01       	movw	r24, r28
     2c2:	0e 94 0d 01 	call	0x21a	; 0x21a <calibration_crc>
{
    eeprom_read_block(record, &eeprom_calibration, sizeof(*record));

    if (record->magic != CALIBRATION_MAGIC ||
        record->version != CALIBRATION_VERSION ||
        record->size != sizeof(*record) ||
     2c6:	08 17       	cp	r16, r24
     2c8:	19 07       	cpc	r17, r25
     2ca:	81 f0       	breq	.+32     	; 0x2ec <calibration_load+0x68>
        record->crc != calibration_crc(record)) {
        /* A completely erased EEPROM is a normal first-start condition. */
        if (record->magic != 0xFFFFFFFFUL) {
     2cc:	88 81       	ld	r24, Y
     2ce:	99 81       	ldd	r25, Y+1	; 0x01
     2d0:	aa 81       	ldd	r26, Y+2	; 0x02
     2d2:	bb 81       	ldd	r27, Y+3	; 0x03
     2d4:	8f 3f       	cpi	r24, 0xFF	; 255
     2d6:	9f 4f       	sbci	r25, 0xFF	; 255
     2d8:	af 4f       	sbci	r26, 0xFF	; 255
     2da:	bf 4f       	sbci	r27, 0xFF	; 255
     2dc:	11 f0       	breq	.+4      	; 0x2e2 <calibration_load+0x5e>
            diagnostics_record_eeprom_error();
     2de:	0e 94 6f 07 	call	0xede	; 0xede <diagnostics_record_eeprom_error>
        }
        calibration_make_defaults(record);
     2e2:	ce 01       	movw	r24, r28
     2e4:	0e 94 12 01 	call	0x224	; 0x224 <calibration_make_defaults>
        return CALIBRATION_STATUS_DEFAULT;
     2e8:	80 e0       	ldi	r24, 0x00	; 0
     2ea:	01 c0       	rjmp	.+2      	; 0x2ee <calibration_load+0x6a>
    }

    return CALIBRATION_STATUS_VALID;
     2ec:	81 e0       	ldi	r24, 0x01	; 1
}
     2ee:	df 91       	pop	r29
     2f0:	cf 91       	pop	r28
     2f2:	1f 91       	pop	r17
     2f4:	0f 91       	pop	r16
     2f6:	08 95       	ret

000002f8 <calibration_save>:

uint8_t calibration_save(const calibration_record_t *record)
{
     2f8:	cf 93       	push	r28
     2fa:	df 93       	push	r29
     2fc:	cd b7       	in	r28, 0x3d	; 61
     2fe:	de b7       	in	r29, 0x3e	; 62
     300:	c0 57       	subi	r28, 0x70	; 112
     302:	d1 09       	sbc	r29, r1
     304:	0f b6       	in	r0, 0x3f	; 63
     306:	f8 94       	cli
     308:	de bf       	out	0x3e, r29	; 62
     30a:	0f be       	out	0x3f, r0	; 63
     30c:	cd bf       	out	0x3d, r28	; 61
     30e:	fc 01       	movw	r30, r24
    calibration_record_t copy = *record;
     310:	98 e3       	ldi	r25, 0x38	; 56
     312:	de 01       	movw	r26, r28
     314:	11 96       	adiw	r26, 0x01	; 1
     316:	01 90       	ld	r0, Z+
     318:	0d 92       	st	X+, r0
     31a:	9a 95       	dec	r25
     31c:	e1 f7       	brne	.-8      	; 0x316 <calibration_save+0x1e>
    copy.magic = CALIBRATION_MAGIC;
     31e:	88 e3       	ldi	r24, 0x38	; 56
     320:	92 e3       	ldi	r25, 0x32	; 50
     322:	a4 e4       	ldi	r26, 0x44	; 68
     324:	be e4       	ldi	r27, 0x4E	; 78
     326:	89 83       	std	Y+1, r24	; 0x01
     328:	9a 83       	std	Y+2, r25	; 0x02
     32a:	ab 83       	std	Y+3, r26	; 0x03
     32c:	bc 83       	std	Y+4, r27	; 0x04
    copy.version = CALIBRATION_VERSION;
     32e:	81 e0       	ldi	r24, 0x01	; 1
     330:	90 e0       	ldi	r25, 0x00	; 0
     332:	9e 83       	std	Y+6, r25	; 0x06
     334:	8d 83       	std	Y+5, r24	; 0x05
    copy.size = sizeof(copy);
     336:	88 e3       	ldi	r24, 0x38	; 56
     338:	90 e0       	ldi	r25, 0x00	; 0
     33a:	98 87       	std	Y+8, r25	; 0x08
     33c:	8f 83       	std	Y+7, r24	; 0x07
    copy.crc = calibration_crc(&copy);
     33e:	ce 01       	movw	r24, r28
     340:	01 96       	adiw	r24, 0x01	; 1
     342:	0e 94 0d 01 	call	0x21a	; 0x21a <calibration_crc>
     346:	98 af       	std	Y+56, r25	; 0x38
     348:	8f ab       	std	Y+55, r24	; 0x37

    eeprom_update_block(&copy, &eeprom_calibration, sizeof(copy));
     34a:	48 e3       	ldi	r20, 0x38	; 56
     34c:	50 e0       	ldi	r21, 0x00	; 0
     34e:	60 e0       	ldi	r22, 0x00	; 0
     350:	70 e0       	ldi	r23, 0x00	; 0
     352:	ce 01       	movw	r24, r28
     354:	01 96       	adiw	r24, 0x01	; 1
     356:	0e 94 ba 14 	call	0x2974	; 0x2974 <eeprom_update_block>

    calibration_record_t verify;
    eeprom_read_block(&verify, &eeprom_calibration, sizeof(verify));
     35a:	48 e3       	ldi	r20, 0x38	; 56
     35c:	50 e0       	ldi	r21, 0x00	; 0
     35e:	60 e0       	ldi	r22, 0x00	; 0
     360:	70 e0       	ldi	r23, 0x00	; 0
     362:	ce 01       	movw	r24, r28
     364:	c9 96       	adiw	r24, 0x39	; 57
     366:	0e 94 a4 14 	call	0x2948	; 0x2948 <eeprom_read_block>

    if (memcmp(&copy, &verify, sizeof(copy)) != 0U) {
     36a:	48 e3       	ldi	r20, 0x38	; 56
     36c:	50 e0       	ldi	r21, 0x00	; 0
     36e:	be 01       	movw	r22, r28
     370:	67 5c       	subi	r22, 0xC7	; 199
     372:	7f 4f       	sbci	r23, 0xFF	; 255
     374:	ce 01       	movw	r24, r28
     376:	01 96       	adiw	r24, 0x01	; 1
     378:	0e 94 5d 14 	call	0x28ba	; 0x28ba <memcmp>
     37c:	89 2b       	or	r24, r25
     37e:	21 f0       	breq	.+8      	; 0x388 <calibration_save+0x90>
        diagnostics_record_eeprom_error();
     380:	0e 94 6f 07 	call	0xede	; 0xede <diagnostics_record_eeprom_error>
        return 0U;
     384:	80 e0       	ldi	r24, 0x00	; 0
     386:	01 c0       	rjmp	.+2      	; 0x38a <calibration_save+0x92>
    }
    return 1U;
     388:	81 e0       	ldi	r24, 0x01	; 1
}
     38a:	c0 59       	subi	r28, 0x90	; 144
     38c:	df 4f       	sbci	r29, 0xFF	; 255
     38e:	0f b6       	in	r0, 0x3f	; 63
     390:	f8 94       	cli
     392:	de bf       	out	0x3e, r29	; 62
     394:	0f be       	out	0x3f, r0	; 63
     396:	cd bf       	out	0x3d, r28	; 61
     398:	df 91       	pop	r29
     39a:	cf 91       	pop	r28
     39c:	08 95       	ret

0000039e <calibration_factory_reset>:

void calibration_factory_reset(void)
{
     39e:	cf 93       	push	r28
     3a0:	df 93       	push	r29
     3a2:	cd b7       	in	r28, 0x3d	; 61
     3a4:	de b7       	in	r29, 0x3e	; 62
     3a6:	e8 97       	sbiw	r28, 0x38	; 56
     3a8:	0f b6       	in	r0, 0x3f	; 63
     3aa:	f8 94       	cli
     3ac:	de bf       	out	0x3e, r29	; 62
     3ae:	0f be       	out	0x3f, r0	; 63
     3b0:	cd bf       	out	0x3d, r28	; 61
    calibration_record_t erased;
    memset(&erased, 0xFF, sizeof(erased));
     3b2:	48 e3       	ldi	r20, 0x38	; 56
     3b4:	50 e0       	ldi	r21, 0x00	; 0
     3b6:	6f ef       	ldi	r22, 0xFF	; 255
     3b8:	70 e0       	ldi	r23, 0x00	; 0
     3ba:	ce 01       	movw	r24, r28
     3bc:	01 96       	adiw	r24, 0x01	; 1
     3be:	0e 94 6a 14 	call	0x28d4	; 0x28d4 <memset>
    eeprom_update_block(&erased, &eeprom_calibration, sizeof(erased));
     3c2:	48 e3       	ldi	r20, 0x38	; 56
     3c4:	50 e0       	ldi	r21, 0x00	; 0
     3c6:	60 e0       	ldi	r22, 0x00	; 0
     3c8:	70 e0       	ldi	r23, 0x00	; 0
     3ca:	ce 01       	movw	r24, r28
     3cc:	01 96       	adiw	r24, 0x01	; 1
     3ce:	0e 94 ba 14 	call	0x2974	; 0x2974 <eeprom_update_block>
}
     3d2:	e8 96       	adiw	r28, 0x38	; 56
     3d4:	0f b6       	in	r0, 0x3f	; 63
     3d6:	f8 94       	cli
     3d8:	de bf       	out	0x3e, r29	; 62
     3da:	0f be       	out	0x3f, r0	; 63
     3dc:	cd bf       	out	0x3d, r28	; 61
     3de:	df 91       	pop	r29
     3e0:	cf 91       	pop	r28
     3e2:	08 95       	ret

000003e4 <calibration_apply>:
    return (int32_t)(scaled / CALIBRATION_GAIN_UNITY_PPM);
}

void calibration_apply(const calibration_record_t *record,
                       tmag5273_measurement_t *measurement)
{
     3e4:	cf 92       	push	r12
     3e6:	df 92       	push	r13
     3e8:	ef 92       	push	r14
     3ea:	ff 92       	push	r15
     3ec:	0f 93       	push	r16
     3ee:	1f 93       	push	r17
     3f0:	cf 93       	push	r28
     3f2:	df 93       	push	r29
     3f4:	6c 01       	movw	r12, r24
     3f6:	eb 01       	movw	r28, r22
    measurement->bx_x100 = apply_axis(measurement->bx_x100,
     3f8:	fc 01       	movw	r30, r24
     3fa:	e4 88       	ldd	r14, Z+20	; 0x14
     3fc:	f5 88       	ldd	r15, Z+21	; 0x15
     3fe:	06 89       	ldd	r16, Z+22	; 0x16
     400:	17 89       	ldd	r17, Z+23	; 0x17
     402:	20 85       	ldd	r18, Z+8	; 0x08
     404:	31 85       	ldd	r19, Z+9	; 0x09
     406:	42 85       	ldd	r20, Z+10	; 0x0a
     408:	53 85       	ldd	r21, Z+11	; 0x0b
     40a:	6c 81       	ldd	r22, Y+4	; 0x04
     40c:	7d 81       	ldd	r23, Y+5	; 0x05
     40e:	8e 81       	ldd	r24, Y+6	; 0x06
     410:	9f 81       	ldd	r25, Y+7	; 0x07
     412:	0e 94 a5 00 	call	0x14a	; 0x14a <apply_axis>
     416:	6c 83       	std	Y+4, r22	; 0x04
     418:	7d 83       	std	Y+5, r23	; 0x05
     41a:	8e 83       	std	Y+6, r24	; 0x06
     41c:	9f 83       	std	Y+7, r25	; 0x07
                                      record->offset_x_x100,
                                      record->gain_x_ppm);
    measurement->by_x100 = apply_axis(measurement->by_x100,
     41e:	f6 01       	movw	r30, r12
     420:	e0 8c       	ldd	r14, Z+24	; 0x18
     422:	f1 8c       	ldd	r15, Z+25	; 0x19
     424:	02 8d       	ldd	r16, Z+26	; 0x1a
     426:	13 8d       	ldd	r17, Z+27	; 0x1b
     428:	24 85       	ldd	r18, Z+12	; 0x0c
     42a:	35 85       	ldd	r19, Z+13	; 0x0d
     42c:	46 85       	ldd	r20, Z+14	; 0x0e
     42e:	57 85       	ldd	r21, Z+15	; 0x0f
     430:	68 85       	ldd	r22, Y+8	; 0x08
     432:	79 85       	ldd	r23, Y+9	; 0x09
     434:	8a 85       	ldd	r24, Y+10	; 0x0a
     436:	9b 85       	ldd	r25, Y+11	; 0x0b
     438:	0e 94 a5 00 	call	0x14a	; 0x14a <apply_axis>
     43c:	68 87       	std	Y+8, r22	; 0x08
     43e:	79 87       	std	Y+9, r23	; 0x09
     440:	8a 87       	std	Y+10, r24	; 0x0a
     442:	9b 87       	std	Y+11, r25	; 0x0b
                                      record->offset_y_x100,
                                      record->gain_y_ppm);
    measurement->bz_x100 = apply_axis(measurement->bz_x100,
     444:	f6 01       	movw	r30, r12
     446:	e4 8c       	ldd	r14, Z+28	; 0x1c
     448:	f5 8c       	ldd	r15, Z+29	; 0x1d
     44a:	06 8d       	ldd	r16, Z+30	; 0x1e
     44c:	17 8d       	ldd	r17, Z+31	; 0x1f
     44e:	20 89       	ldd	r18, Z+16	; 0x10
     450:	31 89       	ldd	r19, Z+17	; 0x11
     452:	42 89       	ldd	r20, Z+18	; 0x12
     454:	53 89       	ldd	r21, Z+19	; 0x13
     456:	6c 85       	ldd	r22, Y+12	; 0x0c
     458:	7d 85       	ldd	r23, Y+13	; 0x0d
     45a:	8e 85       	ldd	r24, Y+14	; 0x0e
     45c:	9f 85       	ldd	r25, Y+15	; 0x0f
     45e:	0e 94 a5 00 	call	0x14a	; 0x14a <apply_axis>
     462:	6c 87       	std	Y+12, r22	; 0x0c
     464:	7d 87       	std	Y+13, r23	; 0x0d
     466:	8e 87       	std	Y+14, r24	; 0x0e
     468:	9f 87       	std	Y+15, r25	; 0x0f
                                      record->offset_z_x100,
                                      record->gain_z_ppm);
}
     46a:	df 91       	pop	r29
     46c:	cf 91       	pop	r28
     46e:	1f 91       	pop	r17
     470:	0f 91       	pop	r16
     472:	ff 90       	pop	r15
     474:	ef 90       	pop	r14
     476:	df 90       	pop	r13
     478:	cf 90       	pop	r12
     47a:	08 95       	ret

0000047c <status_text>:
#include "node_identity.h"
#include "diagnostics.h"

static const char *status_text(calibration_status_t status)
{
    if (status == CALIBRATION_STATUS_VALID) return "VALID";
     47c:	81 30       	cpi	r24, 0x01	; 1
     47e:	29 f0       	breq	.+10     	; 0x48a <status_text+0xe>
    if (status == CALIBRATION_STATUS_DIRTY) return "DIRTY";
     480:	82 30       	cpi	r24, 0x02	; 2
     482:	31 f4       	brne	.+12     	; 0x490 <status_text+0x14>
     484:	86 e0       	ldi	r24, 0x06	; 6
     486:	91 e0       	ldi	r25, 0x01	; 1
     488:	08 95       	ret
#include "node_identity.h"
#include "diagnostics.h"

static const char *status_text(calibration_status_t status)
{
    if (status == CALIBRATION_STATUS_VALID) return "VALID";
     48a:	80 e0       	ldi	r24, 0x00	; 0
     48c:	91 e0       	ldi	r25, 0x01	; 1
     48e:	08 95       	ret
    if (status == CALIBRATION_STATUS_DIRTY) return "DIRTY";
    return "DEFAULT";
     490:	8c e0       	ldi	r24, 0x0C	; 12
     492:	91 e0       	ldi	r25, 0x01	; 1
}
     494:	08 95       	ret

00000496 <response_error>:
    uart0_print(command);
    uart0_print("\r\n");
}

static void response_error(const char *reason)
{
     496:	cf 93       	push	r28
     498:	df 93       	push	r29
     49a:	ec 01       	movw	r28, r24
    uart0_print("$ND280RSP,ERROR,REASON=");
     49c:	84 e1       	ldi	r24, 0x14	; 20
     49e:	91 e0       	ldi	r25, 0x01	; 1
     4a0:	0e 94 28 0f 	call	0x1e50	; 0x1e50 <uart0_print>
    uart0_print(reason);
     4a4:	ce 01       	movw	r24, r28
     4a6:	0e 94 28 0f 	call	0x1e50	; 0x1e50 <uart0_print>
    uart0_print("\r\n");
     4aa:	87 e9       	ldi	r24, 0x97	; 151
     4ac:	95 e0       	ldi	r25, 0x05	; 5
     4ae:	0e 94 28 0f 	call	0x1e50	; 0x1e50 <uart0_print>
}
     4b2:	df 91       	pop	r29
     4b4:	cf 91       	pop	r28
     4b6:	08 95       	ret

000004b8 <response_ok>:
    if (status == CALIBRATION_STATUS_DIRTY) return "DIRTY";
    return "DEFAULT";
}

static void response_ok(const char *command)
{
     4b8:	cf 93       	push	r28
     4ba:	df 93       	push	r29
     4bc:	ec 01       	movw	r28, r24
    uart0_print("$ND280RSP,OK,CMD=");
     4be:	8c e2       	ldi	r24, 0x2C	; 44
     4c0:	91 e0       	ldi	r25, 0x01	; 1
     4c2:	0e 94 28 0f 	call	0x1e50	; 0x1e50 <uart0_print>
    uart0_print(command);
     4c6:	ce 01       	movw	r24, r28
     4c8:	0e 94 28 0f 	call	0x1e50	; 0x1e50 <uart0_print>
    uart0_print("\r\n");
     4cc:	87 e9       	ldi	r24, 0x97	; 151
     4ce:	95 e0       	ldi	r25, 0x05	; 5
     4d0:	0e 94 28 0f 	call	0x1e50	; 0x1e50 <uart0_print>
}
     4d4:	df 91       	pop	r29
     4d6:	cf 91       	pop	r28
     4d8:	08 95       	ret

000004da <parse_u32>:
    *value = (int32_t)parsed;
    return 1U;
}

static uint8_t parse_u32(const char *text, uint32_t *value)
{
     4da:	ef 92       	push	r14
     4dc:	ff 92       	push	r15
     4de:	0f 93       	push	r16
     4e0:	1f 93       	push	r17
     4e2:	cf 93       	push	r28
     4e4:	df 93       	push	r29
     4e6:	00 d0       	rcall	.+0      	; 0x4e8 <parse_u32+0xe>
     4e8:	cd b7       	in	r28, 0x3d	; 61
     4ea:	de b7       	in	r29, 0x3e	; 62
     4ec:	8c 01       	movw	r16, r24
     4ee:	7b 01       	movw	r14, r22
    char *end = 0;
     4f0:	1a 82       	std	Y+2, r1	; 0x02
     4f2:	19 82       	std	Y+1, r1	; 0x01
    unsigned long parsed = strtoul(text, &end, 10);
     4f4:	4a e0       	ldi	r20, 0x0A	; 10
     4f6:	50 e0       	ldi	r21, 0x00	; 0
     4f8:	be 01       	movw	r22, r28
     4fa:	6f 5f       	subi	r22, 0xFF	; 255
     4fc:	7f 4f       	sbci	r23, 0xFF	; 255
     4fe:	0e 94 5a 13 	call	0x26b4	; 0x26b4 <strtoul>
    if (text == end || *end != '\0') return 0U;
     502:	e9 81       	ldd	r30, Y+1	; 0x01
     504:	fa 81       	ldd	r31, Y+2	; 0x02
     506:	0e 17       	cp	r16, r30
     508:	1f 07       	cpc	r17, r31
     50a:	51 f0       	breq	.+20     	; 0x520 <parse_u32+0x46>
     50c:	20 81       	ld	r18, Z
     50e:	21 11       	cpse	r18, r1
     510:	09 c0       	rjmp	.+18     	; 0x524 <parse_u32+0x4a>
    *value = (uint32_t)parsed;
     512:	f7 01       	movw	r30, r14
     514:	60 83       	st	Z, r22
     516:	71 83       	std	Z+1, r23	; 0x01
     518:	82 83       	std	Z+2, r24	; 0x02
     51a:	93 83       	std	Z+3, r25	; 0x03
    return 1U;
     51c:	81 e0       	ldi	r24, 0x01	; 1
     51e:	03 c0       	rjmp	.+6      	; 0x526 <parse_u32+0x4c>

static uint8_t parse_u32(const char *text, uint32_t *value)
{
    char *end = 0;
    unsigned long parsed = strtoul(text, &end, 10);
    if (text == end || *end != '\0') return 0U;
     520:	80 e0       	ldi	r24, 0x00	; 0
     522:	01 c0       	rjmp	.+2      	; 0x526 <parse_u32+0x4c>
     524:	80 e0       	ldi	r24, 0x00	; 0
    *value = (uint32_t)parsed;
    return 1U;
}
     526:	0f 90       	pop	r0
     528:	0f 90       	pop	r0
     52a:	df 91       	pop	r29
     52c:	cf 91       	pop	r28
     52e:	1f 91       	pop	r17
     530:	0f 91       	pop	r16
     532:	ff 90       	pop	r15
     534:	ef 90       	pop	r14
     536:	08 95       	ret

00000538 <get_three_u32>:
           parse_i32(a, va) && parse_i32(b, vb) && parse_i32(c, vc);
}

static uint8_t get_three_u32(char *a, char *b, char *c,
                             uint32_t *va, uint32_t *vb, uint32_t *vc)
{
     538:	cf 92       	push	r12
     53a:	df 92       	push	r13
     53c:	ef 92       	push	r14
     53e:	ff 92       	push	r15
     540:	0f 93       	push	r16
     542:	1f 93       	push	r17
     544:	cf 93       	push	r28
     546:	df 93       	push	r29
    return a && b && c &&
           parse_u32(a, va) && parse_u32(b, vb) && parse_u32(c, vc);
     548:	00 97       	sbiw	r24, 0x00	; 0
     54a:	d9 f0       	breq	.+54     	; 0x582 <get_three_u32+0x4a>
}

static uint8_t get_three_u32(char *a, char *b, char *c,
                             uint32_t *va, uint32_t *vb, uint32_t *vc)
{
    return a && b && c &&
     54c:	61 15       	cp	r22, r1
     54e:	71 05       	cpc	r23, r1
     550:	d1 f0       	breq	.+52     	; 0x586 <get_three_u32+0x4e>
     552:	41 15       	cp	r20, r1
     554:	51 05       	cpc	r21, r1
     556:	c9 f0       	breq	.+50     	; 0x58a <get_three_u32+0x52>
     558:	6a 01       	movw	r12, r20
     55a:	eb 01       	movw	r28, r22
           parse_u32(a, va) && parse_u32(b, vb) && parse_u32(c, vc);
     55c:	b9 01       	movw	r22, r18
     55e:	0e 94 6d 02 	call	0x4da	; 0x4da <parse_u32>
}

static uint8_t get_three_u32(char *a, char *b, char *c,
                             uint32_t *va, uint32_t *vb, uint32_t *vc)
{
    return a && b && c &&
     562:	88 23       	and	r24, r24
     564:	a1 f0       	breq	.+40     	; 0x58e <get_three_u32+0x56>
           parse_u32(a, va) && parse_u32(b, vb) && parse_u32(c, vc);
     566:	b8 01       	movw	r22, r16
     568:	ce 01       	movw	r24, r28
     56a:	0e 94 6d 02 	call	0x4da	; 0x4da <parse_u32>
     56e:	88 23       	and	r24, r24
     570:	81 f0       	breq	.+32     	; 0x592 <get_three_u32+0x5a>
     572:	b7 01       	movw	r22, r14
     574:	c6 01       	movw	r24, r12
     576:	0e 94 6d 02 	call	0x4da	; 0x4da <parse_u32>
     57a:	88 23       	and	r24, r24
     57c:	61 f0       	breq	.+24     	; 0x596 <get_three_u32+0x5e>
     57e:	81 e0       	ldi	r24, 0x01	; 1
     580:	0b c0       	rjmp	.+22     	; 0x598 <get_three_u32+0x60>
     582:	80 e0       	ldi	r24, 0x00	; 0
     584:	09 c0       	rjmp	.+18     	; 0x598 <get_three_u32+0x60>
     586:	80 e0       	ldi	r24, 0x00	; 0
     588:	07 c0       	rjmp	.+14     	; 0x598 <get_three_u32+0x60>
     58a:	80 e0       	ldi	r24, 0x00	; 0
     58c:	05 c0       	rjmp	.+10     	; 0x598 <get_three_u32+0x60>
     58e:	80 e0       	ldi	r24, 0x00	; 0
     590:	03 c0       	rjmp	.+6      	; 0x598 <get_three_u32+0x60>
     592:	80 e0       	ldi	r24, 0x00	; 0
     594:	01 c0       	rjmp	.+2      	; 0x598 <get_three_u32+0x60>
     596:	80 e0       	ldi	r24, 0x00	; 0
}
     598:	df 91       	pop	r29
     59a:	cf 91       	pop	r28
     59c:	1f 91       	pop	r17
     59e:	0f 91       	pop	r16
     5a0:	ff 90       	pop	r15
     5a2:	ef 90       	pop	r14
     5a4:	df 90       	pop	r13
     5a6:	cf 90       	pop	r12
     5a8:	08 95       	ret

000005aa <parse_i32>:
    uart0_print(reason);
    uart0_print("\r\n");
}

static uint8_t parse_i32(const char *text, int32_t *value)
{
     5aa:	ef 92       	push	r14
     5ac:	ff 92       	push	r15
     5ae:	0f 93       	push	r16
     5b0:	1f 93       	push	r17
     5b2:	cf 93       	push	r28
     5b4:	df 93       	push	r29
     5b6:	00 d0       	rcall	.+0      	; 0x5b8 <parse_i32+0xe>
     5b8:	cd b7       	in	r28, 0x3d	; 61
     5ba:	de b7       	in	r29, 0x3e	; 62
     5bc:	8c 01       	movw	r16, r24
     5be:	7b 01       	movw	r14, r22
    char *end = 0;
     5c0:	1a 82       	std	Y+2, r1	; 0x02
     5c2:	19 82       	std	Y+1, r1	; 0x01
    long parsed = strtol(text, &end, 10);
     5c4:	4a e0       	ldi	r20, 0x0A	; 10
     5c6:	50 e0       	ldi	r21, 0x00	; 0
     5c8:	be 01       	movw	r22, r28
     5ca:	6f 5f       	subi	r22, 0xFF	; 255
     5cc:	7f 4f       	sbci	r23, 0xFF	; 255
     5ce:	0e 94 44 12 	call	0x2488	; 0x2488 <strtol>
    if (text == end || *end != '\0') return 0U;
     5d2:	e9 81       	ldd	r30, Y+1	; 0x01
     5d4:	fa 81       	ldd	r31, Y+2	; 0x02
     5d6:	0e 17       	cp	r16, r30
     5d8:	1f 07       	cpc	r17, r31
     5da:	51 f0       	breq	.+20     	; 0x5f0 <parse_i32+0x46>
     5dc:	20 81       	ld	r18, Z
     5de:	21 11       	cpse	r18, r1
     5e0:	09 c0       	rjmp	.+18     	; 0x5f4 <parse_i32+0x4a>
    *value = (int32_t)parsed;
     5e2:	f7 01       	movw	r30, r14
     5e4:	60 83       	st	Z, r22
     5e6:	71 83       	std	Z+1, r23	; 0x01
     5e8:	82 83       	std	Z+2, r24	; 0x02
     5ea:	93 83       	std	Z+3, r25	; 0x03
    return 1U;
     5ec:	81 e0       	ldi	r24, 0x01	; 1
     5ee:	03 c0       	rjmp	.+6      	; 0x5f6 <parse_i32+0x4c>

static uint8_t parse_i32(const char *text, int32_t *value)
{
    char *end = 0;
    long parsed = strtol(text, &end, 10);
    if (text == end || *end != '\0') return 0U;
     5f0:	80 e0       	ldi	r24, 0x00	; 0
     5f2:	01 c0       	rjmp	.+2      	; 0x5f6 <parse_i32+0x4c>
     5f4:	80 e0       	ldi	r24, 0x00	; 0
    *value = (int32_t)parsed;
    return 1U;
}
     5f6:	0f 90       	pop	r0
     5f8:	0f 90       	pop	r0
     5fa:	df 91       	pop	r29
     5fc:	cf 91       	pop	r28
     5fe:	1f 91       	pop	r17
     600:	0f 91       	pop	r16
     602:	ff 90       	pop	r15
     604:	ef 90       	pop	r14
     606:	08 95       	ret

00000608 <get_three_i32>:
    uart0_print("\r\n");
}

static uint8_t get_three_i32(char *a, char *b, char *c,
                             int32_t *va, int32_t *vb, int32_t *vc)
{
     608:	cf 92       	push	r12
     60a:	df 92       	push	r13
     60c:	ef 92       	push	r14
     60e:	ff 92       	push	r15
     610:	0f 93       	push	r16
     612:	1f 93       	push	r17
     614:	cf 93       	push	r28
     616:	df 93       	push	r29
    return a && b && c &&
           parse_i32(a, va) && parse_i32(b, vb) && parse_i32(c, vc);
     618:	00 97       	sbiw	r24, 0x00	; 0
     61a:	d9 f0       	breq	.+54     	; 0x652 <get_three_i32+0x4a>
}

static uint8_t get_three_i32(char *a, char *b, char *c,
                             int32_t *va, int32_t *vb, int32_t *vc)
{
    return a && b && c &&
     61c:	61 15       	cp	r22, r1
     61e:	71 05       	cpc	r23, r1
     620:	d1 f0       	breq	.+52     	; 0x656 <get_three_i32+0x4e>
     622:	41 15       	cp	r20, r1
     624:	51 05       	cpc	r21, r1
     626:	c9 f0       	breq	.+50     	; 0x65a <get_three_i32+0x52>
     628:	6a 01       	movw	r12, r20
     62a:	eb 01       	movw	r28, r22
           parse_i32(a, va) && parse_i32(b, vb) && parse_i32(c, vc);
     62c:	b9 01       	movw	r22, r18
     62e:	0e 94 d5 02 	call	0x5aa	; 0x5aa <parse_i32>
}

static uint8_t get_three_i32(char *a, char *b, char *c,
                             int32_t *va, int32_t *vb, int32_t *vc)
{
    return a && b && c &&
     632:	88 23       	and	r24, r24
     634:	a1 f0       	breq	.+40     	; 0x65e <get_three_i32+0x56>
           parse_i32(a, va) && parse_i32(b, vb) && parse_i32(c, vc);
     636:	b8 01       	movw	r22, r16
     638:	ce 01       	movw	r24, r28
     63a:	0e 94 d5 02 	call	0x5aa	; 0x5aa <parse_i32>
     63e:	88 23       	and	r24, r24
     640:	81 f0       	breq	.+32     	; 0x662 <get_three_i32+0x5a>
     642:	b7 01       	movw	r22, r14
     644:	c6 01       	movw	r24, r12
     646:	0e 94 d5 02 	call	0x5aa	; 0x5aa <parse_i32>
     64a:	88 23       	and	r24, r24
     64c:	61 f0       	breq	.+24     	; 0x666 <get_three_i32+0x5e>
     64e:	81 e0       	ldi	r24, 0x01	; 1
     650:	0b c0       	rjmp	.+22     	; 0x668 <get_three_i32+0x60>
     652:	80 e0       	ldi	r24, 0x00	; 0
     654:	09 c0       	rjmp	.+18     	; 0x668 <get_three_i32+0x60>
     656:	80 e0       	ldi	r24, 0x00	; 0
     658:	07 c0       	rjmp	.+14     	; 0x668 <get_three_i32+0x60>
     65a:	80 e0       	ldi	r24, 0x00	; 0
     65c:	05 c0       	rjmp	.+10     	; 0x668 <get_three_i32+0x60>
     65e:	80 e0       	ldi	r24, 0x00	; 0
     660:	03 c0       	rjmp	.+6      	; 0x668 <get_three_i32+0x60>
     662:	80 e0       	ldi	r24, 0x00	; 0
     664:	01 c0       	rjmp	.+2      	; 0x668 <get_three_i32+0x60>
     666:	80 e0       	ldi	r24, 0x00	; 0
}
     668:	df 91       	pop	r29
     66a:	cf 91       	pop	r28
     66c:	1f 91       	pop	r17
     66e:	0f 91       	pop	r16
     670:	ff 90       	pop	r15
     672:	ef 90       	pop	r14
     674:	df 90       	pop	r13
     676:	cf 90       	pop	r12
     678:	08 95       	ret

0000067a <print_calibration>:
    return 1U;
}

static void print_calibration(const calibration_record_t *cal,
                              calibration_status_t status)
{
     67a:	1f 93       	push	r17
     67c:	cf 93       	push	r28
     67e:	df 93       	push	r29
     680:	ec 01       	movw	r28, r24
     682:	16 2f       	mov	r17, r22
    uart0_print("$ND280CAL,STATE=");
     684:	8e e3       	ldi	r24, 0x3E	; 62
     686:	91 e0       	ldi	r25, 0x01	; 1
     688:	0e 94 28 0f 	call	0x1e50	; 0x1e50 <uart0_print>
    uart0_print(status_text(status));
     68c:	81 2f       	mov	r24, r17
     68e:	0e 94 3e 02 	call	0x47c	; 0x47c <status_text>
     692:	0e 94 28 0f 	call	0x1e50	; 0x1e50 <uart0_print>
    uart0_print(",VER=");
     696:	89 e4       	ldi	r24, 0x49	; 73
     698:	96 e0       	ldi	r25, 0x06	; 6
     69a:	0e 94 28 0f 	call	0x1e50	; 0x1e50 <uart0_print>
    uart0_print_uint16(cal->version);
     69e:	8c 81       	ldd	r24, Y+4	; 0x04
     6a0:	9d 81       	ldd	r25, Y+5	; 0x05
     6a2:	0e 94 4a 0f 	call	0x1e94	; 0x1e94 <uart0_print_uint16>
    uart0_print(",COUNT=");
     6a6:	8f e4       	ldi	r24, 0x4F	; 79
     6a8:	91 e0       	ldi	r25, 0x01	; 1
     6aa:	0e 94 28 0f 	call	0x1e50	; 0x1e50 <uart0_print>
    uart0_print_uint32(cal->calibration_counter);
     6ae:	68 a9       	ldd	r22, Y+48	; 0x30
     6b0:	79 a9       	ldd	r23, Y+49	; 0x31
     6b2:	8a a9       	ldd	r24, Y+50	; 0x32
     6b4:	9b a9       	ldd	r25, Y+51	; 0x33
     6b6:	0e 94 a1 0f 	call	0x1f42	; 0x1f42 <uart0_print_uint32>
    uart0_print(",OX=");
     6ba:	87 e5       	ldi	r24, 0x57	; 87
     6bc:	91 e0       	ldi	r25, 0x01	; 1
     6be:	0e 94 28 0f 	call	0x1e50	; 0x1e50 <uart0_print>
    uart0_print_int32(cal->offset_x_x100);
     6c2:	68 85       	ldd	r22, Y+8	; 0x08
     6c4:	79 85       	ldd	r23, Y+9	; 0x09
     6c6:	8a 85       	ldd	r24, Y+10	; 0x0a
     6c8:	9b 85       	ldd	r25, Y+11	; 0x0b
     6ca:	0e 94 e6 0f 	call	0x1fcc	; 0x1fcc <uart0_print_int32>
    uart0_print(",OY=");
     6ce:	8c e5       	ldi	r24, 0x5C	; 92
     6d0:	91 e0       	ldi	r25, 0x01	; 1
     6d2:	0e 94 28 0f 	call	0x1e50	; 0x1e50 <uart0_print>
    uart0_print_int32(cal->offset_y_x100);
     6d6:	6c 85       	ldd	r22, Y+12	; 0x0c
     6d8:	7d 85       	ldd	r23, Y+13	; 0x0d
     6da:	8e 85       	ldd	r24, Y+14	; 0x0e
     6dc:	9f 85       	ldd	r25, Y+15	; 0x0f
     6de:	0e 94 e6 0f 	call	0x1fcc	; 0x1fcc <uart0_print_int32>
    uart0_print(",OZ=");
     6e2:	81 e6       	ldi	r24, 0x61	; 97
     6e4:	91 e0       	ldi	r25, 0x01	; 1
     6e6:	0e 94 28 0f 	call	0x1e50	; 0x1e50 <uart0_print>
    uart0_print_int32(cal->offset_z_x100);
     6ea:	68 89       	ldd	r22, Y+16	; 0x10
     6ec:	79 89       	ldd	r23, Y+17	; 0x11
     6ee:	8a 89       	ldd	r24, Y+18	; 0x12
     6f0:	9b 89       	ldd	r25, Y+19	; 0x13
     6f2:	0e 94 e6 0f 	call	0x1fcc	; 0x1fcc <uart0_print_int32>
    uart0_print(",GX=");
     6f6:	86 e6       	ldi	r24, 0x66	; 102
     6f8:	91 e0       	ldi	r25, 0x01	; 1
     6fa:	0e 94 28 0f 	call	0x1e50	; 0x1e50 <uart0_print>
    uart0_print_int32(cal->gain_x_ppm);
     6fe:	6c 89       	ldd	r22, Y+20	; 0x14
     700:	7d 89       	ldd	r23, Y+21	; 0x15
     702:	8e 89       	ldd	r24, Y+22	; 0x16
     704:	9f 89       	ldd	r25, Y+23	; 0x17
     706:	0e 94 e6 0f 	call	0x1fcc	; 0x1fcc <uart0_print_int32>
    uart0_print(",GY=");
     70a:	8b e6       	ldi	r24, 0x6B	; 107
     70c:	91 e0       	ldi	r25, 0x01	; 1
     70e:	0e 94 28 0f 	call	0x1e50	; 0x1e50 <uart0_print>
    uart0_print_int32(cal->gain_y_ppm);
     712:	68 8d       	ldd	r22, Y+24	; 0x18
     714:	79 8d       	ldd	r23, Y+25	; 0x19
     716:	8a 8d       	ldd	r24, Y+26	; 0x1a
     718:	9b 8d       	ldd	r25, Y+27	; 0x1b
     71a:	0e 94 e6 0f 	call	0x1fcc	; 0x1fcc <uart0_print_int32>
    uart0_print(",GZ=");
     71e:	80 e7       	ldi	r24, 0x70	; 112
     720:	91 e0       	ldi	r25, 0x01	; 1
     722:	0e 94 28 0f 	call	0x1e50	; 0x1e50 <uart0_print>
    uart0_print_int32(cal->gain_z_ppm);
     726:	6c 8d       	ldd	r22, Y+28	; 0x1c
     728:	7d 8d       	ldd	r23, Y+29	; 0x1d
     72a:	8e 8d       	ldd	r24, Y+30	; 0x1e
     72c:	9f 8d       	ldd	r25, Y+31	; 0x1f
     72e:	0e 94 e6 0f 	call	0x1fcc	; 0x1fcc <uart0_print_int32>
    uart0_print(",NX=");
     732:	85 e7       	ldi	r24, 0x75	; 117
     734:	91 e0       	ldi	r25, 0x01	; 1
     736:	0e 94 28 0f 	call	0x1e50	; 0x1e50 <uart0_print>
    uart0_print_uint32(cal->noise_sigma_x_x10000);
     73a:	68 a1       	ldd	r22, Y+32	; 0x20
     73c:	79 a1       	ldd	r23, Y+33	; 0x21
     73e:	8a a1       	ldd	r24, Y+34	; 0x22
     740:	9b a1       	ldd	r25, Y+35	; 0x23
     742:	0e 94 a1 0f 	call	0x1f42	; 0x1f42 <uart0_print_uint32>
    uart0_print(",NY=");
     746:	8a e7       	ldi	r24, 0x7A	; 122
     748:	91 e0       	ldi	r25, 0x01	; 1
     74a:	0e 94 28 0f 	call	0x1e50	; 0x1e50 <uart0_print>
    uart0_print_uint32(cal->noise_sigma_y_x10000);
     74e:	6c a1       	ldd	r22, Y+36	; 0x24
     750:	7d a1       	ldd	r23, Y+37	; 0x25
     752:	8e a1       	ldd	r24, Y+38	; 0x26
     754:	9f a1       	ldd	r25, Y+39	; 0x27
     756:	0e 94 a1 0f 	call	0x1f42	; 0x1f42 <uart0_print_uint32>
    uart0_print(",NZ=");
     75a:	8f e7       	ldi	r24, 0x7F	; 127
     75c:	91 e0       	ldi	r25, 0x01	; 1
     75e:	0e 94 28 0f 	call	0x1e50	; 0x1e50 <uart0_print>
    uart0_print_uint32(cal->noise_sigma_z_x10000);
     762:	68 a5       	ldd	r22, Y+40	; 0x28
     764:	79 a5       	ldd	r23, Y+41	; 0x29
     766:	8a a5       	ldd	r24, Y+42	; 0x2a
     768:	9b a5       	ldd	r25, Y+43	; 0x2b
     76a:	0e 94 a1 0f 	call	0x1f42	; 0x1f42 <uart0_print_uint32>
    uart0_print(",TCAL=");
     76e:	84 e8       	ldi	r24, 0x84	; 132
     770:	91 e0       	ldi	r25, 0x01	; 1
     772:	0e 94 28 0f 	call	0x1e50	; 0x1e50 <uart0_print>
    uart0_print_int32(cal->calibration_temperature_x100);
     776:	6c a5       	ldd	r22, Y+44	; 0x2c
     778:	7d a5       	ldd	r23, Y+45	; 0x2d
     77a:	8e a5       	ldd	r24, Y+46	; 0x2e
     77c:	9f a5       	ldd	r25, Y+47	; 0x2f
     77e:	0e 94 e6 0f 	call	0x1fcc	; 0x1fcc <uart0_print_int32>
    uart0_print("\r\n");
     782:	87 e9       	ldi	r24, 0x97	; 151
     784:	95 e0       	ldi	r25, 0x05	; 5
     786:	0e 94 28 0f 	call	0x1e50	; 0x1e50 <uart0_print>
}
     78a:	df 91       	pop	r29
     78c:	cf 91       	pop	r28
     78e:	1f 91       	pop	r17
     790:	08 95       	ret

00000792 <process_command>:

static void process_command(char *line,
                            calibration_record_t *cal,
                            calibration_status_t *status,
                            uint8_t node_id)
{
     792:	6f 92       	push	r6
     794:	7f 92       	push	r7
     796:	8f 92       	push	r8
     798:	9f 92       	push	r9
     79a:	af 92       	push	r10
     79c:	bf 92       	push	r11
     79e:	cf 92       	push	r12
     7a0:	df 92       	push	r13
     7a2:	ef 92       	push	r14
     7a4:	ff 92       	push	r15
     7a6:	0f 93       	push	r16
     7a8:	1f 93       	push	r17
     7aa:	cf 93       	push	r28
     7ac:	df 93       	push	r29
     7ae:	cd b7       	in	r28, 0x3d	; 61
     7b0:	de b7       	in	r29, 0x3e	; 62
     7b2:	2c 97       	sbiw	r28, 0x0c	; 12
     7b4:	0f b6       	in	r0, 0x3f	; 63
     7b6:	f8 94       	cli
     7b8:	de bf       	out	0x3e, r29	; 62
     7ba:	0f be       	out	0x3f, r0	; 63
     7bc:	cd bf       	out	0x3d, r28	; 61
     7be:	5b 01       	movw	r10, r22
     7c0:	6a 01       	movw	r12, r20
     7c2:	f2 2e       	mov	r15, r18
    char *command = strtok(line, " ");
     7c4:	6b e8       	ldi	r22, 0x8B	; 139
     7c6:	71 e0       	ldi	r23, 0x01	; 1
     7c8:	0e 94 58 14 	call	0x28b0	; 0x28b0 <strtok>
     7cc:	8c 01       	movw	r16, r24
    if (!command) return;
     7ce:	00 97       	sbiw	r24, 0x00	; 0
     7d0:	09 f4       	brne	.+2      	; 0x7d4 <process_command+0x42>
     7d2:	d0 c1       	rjmp	.+928    	; 0xb74 <__stack+0x275>

    if (strcmp(command, "HELP") == 0) {
     7d4:	6d e8       	ldi	r22, 0x8D	; 141
     7d6:	71 e0       	ldi	r23, 0x01	; 1
     7d8:	0e 94 71 14 	call	0x28e2	; 0x28e2 <strcmp>
     7dc:	89 2b       	or	r24, r25
     7de:	29 f4       	brne	.+10     	; 0x7ea <process_command+0x58>
        uart0_print("$ND280RSP,COMMANDS=HELP|INFO|IDENTITY|DIAG|CAL READ|CAL OFFSET x y z|CAL GAIN x y z|CAL NOISE x y z|CAL TEMP t|CAL SAVE|CAL RESET\r\n");
     7e0:	82 e9       	ldi	r24, 0x92	; 146
     7e2:	91 e0       	ldi	r25, 0x01	; 1
     7e4:	0e 94 28 0f 	call	0x1e50	; 0x1e50 <uart0_print>
        return;
     7e8:	c5 c1       	rjmp	.+906    	; 0xb74 <__stack+0x275>
    }

    if (strcmp(command, "INFO") == 0 || strcmp(command, "IDENTITY") == 0) {
     7ea:	66 e1       	ldi	r22, 0x16	; 22
     7ec:	72 e0       	ldi	r23, 0x02	; 2
     7ee:	c8 01       	movw	r24, r16
     7f0:	0e 94 71 14 	call	0x28e2	; 0x28e2 <strcmp>
     7f4:	89 2b       	or	r24, r25
     7f6:	39 f0       	breq	.+14     	; 0x806 <__DATA_REGION_LENGTH__+0x6>
     7f8:	6b e1       	ldi	r22, 0x1B	; 27
     7fa:	72 e0       	ldi	r23, 0x02	; 2
     7fc:	c8 01       	movw	r24, r16
     7fe:	0e 94 71 14 	call	0x28e2	; 0x28e2 <strcmp>
     802:	89 2b       	or	r24, r25
     804:	31 f4       	brne	.+12     	; 0x812 <__DATA_REGION_LENGTH__+0x12>
        node_identity_print_info(node_id, *status);
     806:	f6 01       	movw	r30, r12
     808:	60 81       	ld	r22, Z
     80a:	8f 2d       	mov	r24, r15
     80c:	0e 94 c9 09 	call	0x1392	; 0x1392 <node_identity_print_info>
        return;
     810:	b1 c1       	rjmp	.+866    	; 0xb74 <__stack+0x275>
    }

    if (strcmp(command, "DIAG") == 0) {
     812:	64 e2       	ldi	r22, 0x24	; 36
     814:	72 e0       	ldi	r23, 0x02	; 2
     816:	c8 01       	movw	r24, r16
     818:	0e 94 71 14 	call	0x28e2	; 0x28e2 <strcmp>
     81c:	89 2b       	or	r24, r25
     81e:	21 f4       	brne	.+8      	; 0x828 <__DATA_REGION_LENGTH__+0x28>
        diagnostics_print_response(node_id);
     820:	8f 2d       	mov	r24, r15
     822:	0e 94 7d 07 	call	0xefa	; 0xefa <diagnostics_print_response>
        return;
     826:	a6 c1       	rjmp	.+844    	; 0xb74 <__stack+0x275>
    }

    if (strcmp(command, "CAL") != 0) {
     828:	69 e2       	ldi	r22, 0x29	; 41
     82a:	72 e0       	ldi	r23, 0x02	; 2
     82c:	c8 01       	movw	r24, r16
     82e:	0e 94 71 14 	call	0x28e2	; 0x28e2 <strcmp>
     832:	89 2b       	or	r24, r25
     834:	29 f0       	breq	.+10     	; 0x840 <__DATA_REGION_LENGTH__+0x40>
        response_error("UNKNOWN_COMMAND");
     836:	8d e2       	ldi	r24, 0x2D	; 45
     838:	92 e0       	ldi	r25, 0x02	; 2
     83a:	0e 94 4b 02 	call	0x496	; 0x496 <response_error>
        return;
     83e:	9a c1       	rjmp	.+820    	; 0xb74 <__stack+0x275>
    }

    char *subcommand = strtok(0, " ");
     840:	6b e8       	ldi	r22, 0x8B	; 139
     842:	71 e0       	ldi	r23, 0x01	; 1
     844:	80 e0       	ldi	r24, 0x00	; 0
     846:	90 e0       	ldi	r25, 0x00	; 0
     848:	0e 94 58 14 	call	0x28b0	; 0x28b0 <strtok>
     84c:	8c 01       	movw	r16, r24
    if (!subcommand) {
     84e:	00 97       	sbiw	r24, 0x00	; 0
     850:	29 f4       	brne	.+10     	; 0x85c <__DATA_REGION_LENGTH__+0x5c>
        response_error("MISSING_CAL_SUBCOMMAND");
     852:	8d e3       	ldi	r24, 0x3D	; 61
     854:	92 e0       	ldi	r25, 0x02	; 2
     856:	0e 94 4b 02 	call	0x496	; 0x496 <response_error>
        return;
     85a:	8c c1       	rjmp	.+792    	; 0xb74 <__stack+0x275>
    }

    if (strcmp(subcommand, "READ") == 0) {
     85c:	62 ed       	ldi	r22, 0xD2	; 210
     85e:	73 e0       	ldi	r23, 0x03	; 3
     860:	0e 94 71 14 	call	0x28e2	; 0x28e2 <strcmp>
     864:	89 2b       	or	r24, r25
     866:	31 f4       	brne	.+12     	; 0x874 <__DATA_REGION_LENGTH__+0x74>
        print_calibration(cal, *status);
     868:	f6 01       	movw	r30, r12
     86a:	60 81       	ld	r22, Z
     86c:	c5 01       	movw	r24, r10
     86e:	0e 94 3d 03 	call	0x67a	; 0x67a <print_calibration>
        return;
     872:	80 c1       	rjmp	.+768    	; 0xb74 <__stack+0x275>
    }

    if (strcmp(subcommand, "OFFSET") == 0) {
     874:	6d e6       	ldi	r22, 0x6D	; 109
     876:	72 e0       	ldi	r23, 0x02	; 2
     878:	c8 01       	movw	r24, r16
     87a:	0e 94 71 14 	call	0x28e2	; 0x28e2 <strcmp>
     87e:	89 2b       	or	r24, r25
     880:	09 f0       	breq	.+2      	; 0x884 <__DATA_REGION_LENGTH__+0x84>
     882:	49 c0       	rjmp	.+146    	; 0x916 <__stack+0x17>
        int32_t x, y, z;
        if (!get_three_i32(strtok(0, " "), strtok(0, " "), strtok(0, " "), &x, &y, &z)) {
     884:	6b e8       	ldi	r22, 0x8B	; 139
     886:	71 e0       	ldi	r23, 0x01	; 1
     888:	80 e0       	ldi	r24, 0x00	; 0
     88a:	90 e0       	ldi	r25, 0x00	; 0
     88c:	0e 94 58 14 	call	0x28b0	; 0x28b0 <strtok>
     890:	3c 01       	movw	r6, r24
     892:	6b e8       	ldi	r22, 0x8B	; 139
     894:	71 e0       	ldi	r23, 0x01	; 1
     896:	80 e0       	ldi	r24, 0x00	; 0
     898:	90 e0       	ldi	r25, 0x00	; 0
     89a:	0e 94 58 14 	call	0x28b0	; 0x28b0 <strtok>
     89e:	4c 01       	movw	r8, r24
     8a0:	6b e8       	ldi	r22, 0x8B	; 139
     8a2:	71 e0       	ldi	r23, 0x01	; 1
     8a4:	80 e0       	ldi	r24, 0x00	; 0
     8a6:	90 e0       	ldi	r25, 0x00	; 0
     8a8:	0e 94 58 14 	call	0x28b0	; 0x28b0 <strtok>
     8ac:	9e 01       	movw	r18, r28
     8ae:	2f 5f       	subi	r18, 0xFF	; 255
     8b0:	3f 4f       	sbci	r19, 0xFF	; 255
     8b2:	79 01       	movw	r14, r18
     8b4:	8e 01       	movw	r16, r28
     8b6:	0b 5f       	subi	r16, 0xFB	; 251
     8b8:	1f 4f       	sbci	r17, 0xFF	; 255
     8ba:	28 5f       	subi	r18, 0xF8	; 248
     8bc:	3f 4f       	sbci	r19, 0xFF	; 255
     8be:	a3 01       	movw	r20, r6
     8c0:	b4 01       	movw	r22, r8
     8c2:	0e 94 04 03 	call	0x608	; 0x608 <get_three_i32>
     8c6:	81 11       	cpse	r24, r1
     8c8:	05 c0       	rjmp	.+10     	; 0x8d4 <__DATA_REGION_LENGTH__+0xd4>
            response_error("BAD_OFFSET_ARGUMENTS");
     8ca:	84 e5       	ldi	r24, 0x54	; 84
     8cc:	92 e0       	ldi	r25, 0x02	; 2
     8ce:	0e 94 4b 02 	call	0x496	; 0x496 <response_error>
            return;
     8d2:	50 c1       	rjmp	.+672    	; 0xb74 <__stack+0x275>
        }
        cal->offset_x_x100 = x;
     8d4:	89 85       	ldd	r24, Y+9	; 0x09
     8d6:	9a 85       	ldd	r25, Y+10	; 0x0a
     8d8:	ab 85       	ldd	r26, Y+11	; 0x0b
     8da:	bc 85       	ldd	r27, Y+12	; 0x0c
     8dc:	f5 01       	movw	r30, r10
     8de:	80 87       	std	Z+8, r24	; 0x08
     8e0:	91 87       	std	Z+9, r25	; 0x09
     8e2:	a2 87       	std	Z+10, r26	; 0x0a
     8e4:	b3 87       	std	Z+11, r27	; 0x0b
        cal->offset_y_x100 = y;
     8e6:	8d 81       	ldd	r24, Y+5	; 0x05
     8e8:	9e 81       	ldd	r25, Y+6	; 0x06
     8ea:	af 81       	ldd	r26, Y+7	; 0x07
     8ec:	b8 85       	ldd	r27, Y+8	; 0x08
     8ee:	84 87       	std	Z+12, r24	; 0x0c
     8f0:	95 87       	std	Z+13, r25	; 0x0d
     8f2:	a6 87       	std	Z+14, r26	; 0x0e
     8f4:	b7 87       	std	Z+15, r27	; 0x0f
        cal->offset_z_x100 = z;
     8f6:	89 81       	ldd	r24, Y+1	; 0x01
     8f8:	9a 81       	ldd	r25, Y+2	; 0x02
     8fa:	ab 81       	ldd	r26, Y+3	; 0x03
     8fc:	bc 81       	ldd	r27, Y+4	; 0x04
     8fe:	80 8b       	std	Z+16, r24	; 0x10
     900:	91 8b       	std	Z+17, r25	; 0x11
     902:	a2 8b       	std	Z+18, r26	; 0x12
     904:	b3 8b       	std	Z+19, r27	; 0x13
        *status = CALIBRATION_STATUS_DIRTY;
     906:	82 e0       	ldi	r24, 0x02	; 2
     908:	f6 01       	movw	r30, r12
     90a:	80 83       	st	Z, r24
        response_ok("CAL_OFFSET");
     90c:	89 e6       	ldi	r24, 0x69	; 105
     90e:	92 e0       	ldi	r25, 0x02	; 2
     910:	0e 94 5c 02 	call	0x4b8	; 0x4b8 <response_ok>
        return;
     914:	2f c1       	rjmp	.+606    	; 0xb74 <__stack+0x275>
    }

    if (strcmp(subcommand, "GAIN") == 0) {
     916:	6b e8       	ldi	r22, 0x8B	; 139
     918:	72 e0       	ldi	r23, 0x02	; 2
     91a:	c8 01       	movw	r24, r16
     91c:	0e 94 71 14 	call	0x28e2	; 0x28e2 <strcmp>
     920:	89 2b       	or	r24, r25
     922:	09 f0       	breq	.+2      	; 0x926 <__stack+0x27>
     924:	58 c0       	rjmp	.+176    	; 0x9d6 <__stack+0xd7>
        int32_t x, y, z;
        if (!get_three_i32(strtok(0, " "), strtok(0, " "), strtok(0, " "), &x, &y, &z) ||
     926:	6b e8       	ldi	r22, 0x8B	; 139
     928:	71 e0       	ldi	r23, 0x01	; 1
     92a:	80 e0       	ldi	r24, 0x00	; 0
     92c:	90 e0       	ldi	r25, 0x00	; 0
     92e:	0e 94 58 14 	call	0x28b0	; 0x28b0 <strtok>
     932:	3c 01       	movw	r6, r24
     934:	6b e8       	ldi	r22, 0x8B	; 139
     936:	71 e0       	ldi	r23, 0x01	; 1
     938:	80 e0       	ldi	r24, 0x00	; 0
     93a:	90 e0       	ldi	r25, 0x00	; 0
     93c:	0e 94 58 14 	call	0x28b0	; 0x28b0 <strtok>
     940:	4c 01       	movw	r8, r24
     942:	6b e8       	ldi	r22, 0x8B	; 139
     944:	71 e0       	ldi	r23, 0x01	; 1
     946:	80 e0       	ldi	r24, 0x00	; 0
     948:	90 e0       	ldi	r25, 0x00	; 0
     94a:	0e 94 58 14 	call	0x28b0	; 0x28b0 <strtok>
     94e:	9e 01       	movw	r18, r28
     950:	2f 5f       	subi	r18, 0xFF	; 255
     952:	3f 4f       	sbci	r19, 0xFF	; 255
     954:	79 01       	movw	r14, r18
     956:	8e 01       	movw	r16, r28
     958:	0b 5f       	subi	r16, 0xFB	; 251
     95a:	1f 4f       	sbci	r17, 0xFF	; 255
     95c:	28 5f       	subi	r18, 0xF8	; 248
     95e:	3f 4f       	sbci	r19, 0xFF	; 255
     960:	a3 01       	movw	r20, r6
     962:	b4 01       	movw	r22, r8
     964:	0e 94 04 03 	call	0x608	; 0x608 <get_three_i32>
     968:	88 23       	and	r24, r24
     96a:	d9 f0       	breq	.+54     	; 0x9a2 <__stack+0xa3>
            x <= 0L || y <= 0L || z <= 0L) {
     96c:	89 85       	ldd	r24, Y+9	; 0x09
     96e:	9a 85       	ldd	r25, Y+10	; 0x0a
     970:	ab 85       	ldd	r26, Y+11	; 0x0b
     972:	bc 85       	ldd	r27, Y+12	; 0x0c
        return;
    }

    if (strcmp(subcommand, "GAIN") == 0) {
        int32_t x, y, z;
        if (!get_three_i32(strtok(0, " "), strtok(0, " "), strtok(0, " "), &x, &y, &z) ||
     974:	18 16       	cp	r1, r24
     976:	19 06       	cpc	r1, r25
     978:	1a 06       	cpc	r1, r26
     97a:	1b 06       	cpc	r1, r27
     97c:	94 f4       	brge	.+36     	; 0x9a2 <__stack+0xa3>
            x <= 0L || y <= 0L || z <= 0L) {
     97e:	4d 81       	ldd	r20, Y+5	; 0x05
     980:	5e 81       	ldd	r21, Y+6	; 0x06
     982:	6f 81       	ldd	r22, Y+7	; 0x07
     984:	78 85       	ldd	r23, Y+8	; 0x08
     986:	14 16       	cp	r1, r20
     988:	15 06       	cpc	r1, r21
     98a:	16 06       	cpc	r1, r22
     98c:	17 06       	cpc	r1, r23
     98e:	4c f4       	brge	.+18     	; 0x9a2 <__stack+0xa3>
     990:	09 81       	ldd	r16, Y+1	; 0x01
     992:	1a 81       	ldd	r17, Y+2	; 0x02
     994:	2b 81       	ldd	r18, Y+3	; 0x03
     996:	3c 81       	ldd	r19, Y+4	; 0x04
     998:	10 16       	cp	r1, r16
     99a:	11 06       	cpc	r1, r17
     99c:	12 06       	cpc	r1, r18
     99e:	13 06       	cpc	r1, r19
     9a0:	2c f0       	brlt	.+10     	; 0x9ac <__stack+0xad>
            response_error("BAD_GAIN_ARGUMENTS");
     9a2:	84 e7       	ldi	r24, 0x74	; 116
     9a4:	92 e0       	ldi	r25, 0x02	; 2
     9a6:	0e 94 4b 02 	call	0x496	; 0x496 <response_error>
            return;
     9aa:	e4 c0       	rjmp	.+456    	; 0xb74 <__stack+0x275>
        }
        cal->gain_x_ppm = x;
     9ac:	f5 01       	movw	r30, r10
     9ae:	84 8b       	std	Z+20, r24	; 0x14
     9b0:	95 8b       	std	Z+21, r25	; 0x15
     9b2:	a6 8b       	std	Z+22, r26	; 0x16
     9b4:	b7 8b       	std	Z+23, r27	; 0x17
        cal->gain_y_ppm = y;
     9b6:	40 8f       	std	Z+24, r20	; 0x18
     9b8:	51 8f       	std	Z+25, r21	; 0x19
     9ba:	62 8f       	std	Z+26, r22	; 0x1a
     9bc:	73 8f       	std	Z+27, r23	; 0x1b
        cal->gain_z_ppm = z;
     9be:	04 8f       	std	Z+28, r16	; 0x1c
     9c0:	15 8f       	std	Z+29, r17	; 0x1d
     9c2:	26 8f       	std	Z+30, r18	; 0x1e
     9c4:	37 8f       	std	Z+31, r19	; 0x1f
        *status = CALIBRATION_STATUS_DIRTY;
     9c6:	82 e0       	ldi	r24, 0x02	; 2
     9c8:	f6 01       	movw	r30, r12
     9ca:	80 83       	st	Z, r24
        response_ok("CAL_GAIN");
     9cc:	87 e8       	ldi	r24, 0x87	; 135
     9ce:	92 e0       	ldi	r25, 0x02	; 2
     9d0:	0e 94 5c 02 	call	0x4b8	; 0x4b8 <response_ok>
        return;
     9d4:	cf c0       	rjmp	.+414    	; 0xb74 <__stack+0x275>
    }

    if (strcmp(subcommand, "NOISE") == 0) {
     9d6:	68 ea       	ldi	r22, 0xA8	; 168
     9d8:	72 e0       	ldi	r23, 0x02	; 2
     9da:	c8 01       	movw	r24, r16
     9dc:	0e 94 71 14 	call	0x28e2	; 0x28e2 <strcmp>
     9e0:	89 2b       	or	r24, r25
     9e2:	09 f0       	breq	.+2      	; 0x9e6 <__stack+0xe7>
     9e4:	49 c0       	rjmp	.+146    	; 0xa78 <__stack+0x179>
        uint32_t x, y, z;
        if (!get_three_u32(strtok(0, " "), strtok(0, " "), strtok(0, " "), &x, &y, &z)) {
     9e6:	6b e8       	ldi	r22, 0x8B	; 139
     9e8:	71 e0       	ldi	r23, 0x01	; 1
     9ea:	80 e0       	ldi	r24, 0x00	; 0
     9ec:	90 e0       	ldi	r25, 0x00	; 0
     9ee:	0e 94 58 14 	call	0x28b0	; 0x28b0 <strtok>
     9f2:	3c 01       	movw	r6, r24
     9f4:	6b e8       	ldi	r22, 0x8B	; 139
     9f6:	71 e0       	ldi	r23, 0x01	; 1
     9f8:	80 e0       	ldi	r24, 0x00	; 0
     9fa:	90 e0       	ldi	r25, 0x00	; 0
     9fc:	0e 94 58 14 	call	0x28b0	; 0x28b0 <strtok>
     a00:	4c 01       	movw	r8, r24
     a02:	6b e8       	ldi	r22, 0x8B	; 139
     a04:	71 e0       	ldi	r23, 0x01	; 1
     a06:	80 e0       	ldi	r24, 0x00	; 0
     a08:	90 e0       	ldi	r25, 0x00	; 0
     a0a:	0e 94 58 14 	call	0x28b0	; 0x28b0 <strtok>
     a0e:	9e 01       	movw	r18, r28
     a10:	2f 5f       	subi	r18, 0xFF	; 255
     a12:	3f 4f       	sbci	r19, 0xFF	; 255
     a14:	79 01       	movw	r14, r18
     a16:	8e 01       	movw	r16, r28
     a18:	0b 5f       	subi	r16, 0xFB	; 251
     a1a:	1f 4f       	sbci	r17, 0xFF	; 255
     a1c:	28 5f       	subi	r18, 0xF8	; 248
     a1e:	3f 4f       	sbci	r19, 0xFF	; 255
     a20:	a3 01       	movw	r20, r6
     a22:	b4 01       	movw	r22, r8
     a24:	0e 94 9c 02 	call	0x538	; 0x538 <get_three_u32>
     a28:	81 11       	cpse	r24, r1
     a2a:	05 c0       	rjmp	.+10     	; 0xa36 <__stack+0x137>
            response_error("BAD_NOISE_ARGUMENTS");
     a2c:	80 e9       	ldi	r24, 0x90	; 144
     a2e:	92 e0       	ldi	r25, 0x02	; 2
     a30:	0e 94 4b 02 	call	0x496	; 0x496 <response_error>
            return;
     a34:	9f c0       	rjmp	.+318    	; 0xb74 <__stack+0x275>
        }
        cal->noise_sigma_x_x10000 = x;
     a36:	89 85       	ldd	r24, Y+9	; 0x09
     a38:	9a 85       	ldd	r25, Y+10	; 0x0a
     a3a:	ab 85       	ldd	r26, Y+11	; 0x0b
     a3c:	bc 85       	ldd	r27, Y+12	; 0x0c
     a3e:	f5 01       	movw	r30, r10
     a40:	80 a3       	std	Z+32, r24	; 0x20
     a42:	91 a3       	std	Z+33, r25	; 0x21
     a44:	a2 a3       	std	Z+34, r26	; 0x22
     a46:	b3 a3       	std	Z+35, r27	; 0x23
        cal->noise_sigma_y_x10000 = y;
     a48:	8d 81       	ldd	r24, Y+5	; 0x05
     a4a:	9e 81       	ldd	r25, Y+6	; 0x06
     a4c:	af 81       	ldd	r26, Y+7	; 0x07
     a4e:	b8 85       	ldd	r27, Y+8	; 0x08
     a50:	84 a3       	std	Z+36, r24	; 0x24
     a52:	95 a3       	std	Z+37, r25	; 0x25
     a54:	a6 a3       	std	Z+38, r26	; 0x26
     a56:	b7 a3       	std	Z+39, r27	; 0x27
        cal->noise_sigma_z_x10000 = z;
     a58:	89 81       	ldd	r24, Y+1	; 0x01
     a5a:	9a 81       	ldd	r25, Y+2	; 0x02
     a5c:	ab 81       	ldd	r26, Y+3	; 0x03
     a5e:	bc 81       	ldd	r27, Y+4	; 0x04
     a60:	80 a7       	std	Z+40, r24	; 0x28
     a62:	91 a7       	std	Z+41, r25	; 0x29
     a64:	a2 a7       	std	Z+42, r26	; 0x2a
     a66:	b3 a7       	std	Z+43, r27	; 0x2b
        *status = CALIBRATION_STATUS_DIRTY;
     a68:	82 e0       	ldi	r24, 0x02	; 2
     a6a:	f6 01       	movw	r30, r12
     a6c:	80 83       	st	Z, r24
        response_ok("CAL_NOISE");
     a6e:	84 ea       	ldi	r24, 0xA4	; 164
     a70:	92 e0       	ldi	r25, 0x02	; 2
     a72:	0e 94 5c 02 	call	0x4b8	; 0x4b8 <response_ok>
        return;
     a76:	7e c0       	rjmp	.+252    	; 0xb74 <__stack+0x275>
    }

    if (strcmp(subcommand, "TEMP") == 0) {
     a78:	64 ec       	ldi	r22, 0xC4	; 196
     a7a:	72 e0       	ldi	r23, 0x02	; 2
     a7c:	c8 01       	movw	r24, r16
     a7e:	0e 94 71 14 	call	0x28e2	; 0x28e2 <strcmp>
     a82:	89 2b       	or	r24, r25
     a84:	29 f5       	brne	.+74     	; 0xad0 <__stack+0x1d1>
        int32_t value;
        char *argument = strtok(0, " ");
     a86:	6b e8       	ldi	r22, 0x8B	; 139
     a88:	71 e0       	ldi	r23, 0x01	; 1
     a8a:	80 e0       	ldi	r24, 0x00	; 0
     a8c:	90 e0       	ldi	r25, 0x00	; 0
     a8e:	0e 94 58 14 	call	0x28b0	; 0x28b0 <strtok>
        if (!argument || !parse_i32(argument, &value)) {
     a92:	00 97       	sbiw	r24, 0x00	; 0
     a94:	39 f0       	breq	.+14     	; 0xaa4 <__stack+0x1a5>
     a96:	be 01       	movw	r22, r28
     a98:	6f 5f       	subi	r22, 0xFF	; 255
     a9a:	7f 4f       	sbci	r23, 0xFF	; 255
     a9c:	0e 94 d5 02 	call	0x5aa	; 0x5aa <parse_i32>
     aa0:	81 11       	cpse	r24, r1
     aa2:	05 c0       	rjmp	.+10     	; 0xaae <__stack+0x1af>
            response_error("BAD_TEMP_ARGUMENT");
     aa4:	8e ea       	ldi	r24, 0xAE	; 174
     aa6:	92 e0       	ldi	r25, 0x02	; 2
     aa8:	0e 94 4b 02 	call	0x496	; 0x496 <response_error>
            return;
     aac:	63 c0       	rjmp	.+198    	; 0xb74 <__stack+0x275>
        }
        cal->calibration_temperature_x100 = value;
     aae:	89 81       	ldd	r24, Y+1	; 0x01
     ab0:	9a 81       	ldd	r25, Y+2	; 0x02
     ab2:	ab 81       	ldd	r26, Y+3	; 0x03
     ab4:	bc 81       	ldd	r27, Y+4	; 0x04
     ab6:	f5 01       	movw	r30, r10
     ab8:	84 a7       	std	Z+44, r24	; 0x2c
     aba:	95 a7       	std	Z+45, r25	; 0x2d
     abc:	a6 a7       	std	Z+46, r26	; 0x2e
     abe:	b7 a7       	std	Z+47, r27	; 0x2f
        *status = CALIBRATION_STATUS_DIRTY;
     ac0:	82 e0       	ldi	r24, 0x02	; 2
     ac2:	f6 01       	movw	r30, r12
     ac4:	80 83       	st	Z, r24
        response_ok("CAL_TEMP");
     ac6:	80 ec       	ldi	r24, 0xC0	; 192
     ac8:	92 e0       	ldi	r25, 0x02	; 2
     aca:	0e 94 5c 02 	call	0x4b8	; 0x4b8 <response_ok>
        return;
     ace:	52 c0       	rjmp	.+164    	; 0xb74 <__stack+0x275>
    }

    if (strcmp(subcommand, "SAVE") == 0) {
     ad0:	6d ec       	ldi	r22, 0xCD	; 205
     ad2:	72 e0       	ldi	r23, 0x02	; 2
     ad4:	c8 01       	movw	r24, r16
     ad6:	0e 94 71 14 	call	0x28e2	; 0x28e2 <strcmp>
     ada:	89 2b       	or	r24, r25
     adc:	79 f5       	brne	.+94     	; 0xb3c <__stack+0x23d>
        cal->calibration_counter++;
     ade:	f5 01       	movw	r30, r10
     ae0:	80 a9       	ldd	r24, Z+48	; 0x30
     ae2:	91 a9       	ldd	r25, Z+49	; 0x31
     ae4:	a2 a9       	ldd	r26, Z+50	; 0x32
     ae6:	b3 a9       	ldd	r27, Z+51	; 0x33
     ae8:	01 96       	adiw	r24, 0x01	; 1
     aea:	a1 1d       	adc	r26, r1
     aec:	b1 1d       	adc	r27, r1
     aee:	80 ab       	std	Z+48, r24	; 0x30
     af0:	91 ab       	std	Z+49, r25	; 0x31
     af2:	a2 ab       	std	Z+50, r26	; 0x32
     af4:	b3 ab       	std	Z+51, r27	; 0x33
        if (calibration_save(cal)) {
     af6:	c5 01       	movw	r24, r10
     af8:	0e 94 7c 01 	call	0x2f8	; 0x2f8 <calibration_save>
     afc:	88 23       	and	r24, r24
     afe:	69 f0       	breq	.+26     	; 0xb1a <__stack+0x21b>
            *status = CALIBRATION_STATUS_VALID;
     b00:	81 e0       	ldi	r24, 0x01	; 1
     b02:	f6 01       	movw	r30, r12
     b04:	80 83       	st	Z, r24
            response_ok("CAL_SAVE");
     b06:	89 ec       	ldi	r24, 0xC9	; 201
     b08:	92 e0       	ldi	r25, 0x02	; 2
     b0a:	0e 94 5c 02 	call	0x4b8	; 0x4b8 <response_ok>
            print_calibration(cal, *status);
     b0e:	f6 01       	movw	r30, r12
     b10:	60 81       	ld	r22, Z
     b12:	c5 01       	movw	r24, r10
     b14:	0e 94 3d 03 	call	0x67a	; 0x67a <print_calibration>
     b18:	2d c0       	rjmp	.+90     	; 0xb74 <__stack+0x275>
        } else {
            cal->calibration_counter--;
     b1a:	f5 01       	movw	r30, r10
     b1c:	80 a9       	ldd	r24, Z+48	; 0x30
     b1e:	91 a9       	ldd	r25, Z+49	; 0x31
     b20:	a2 a9       	ldd	r26, Z+50	; 0x32
     b22:	b3 a9       	ldd	r27, Z+51	; 0x33
     b24:	01 97       	sbiw	r24, 0x01	; 1
     b26:	a1 09       	sbc	r26, r1
     b28:	b1 09       	sbc	r27, r1
     b2a:	80 ab       	std	Z+48, r24	; 0x30
     b2c:	91 ab       	std	Z+49, r25	; 0x31
     b2e:	a2 ab       	std	Z+50, r26	; 0x32
     b30:	b3 ab       	std	Z+51, r27	; 0x33
            response_error("EEPROM_VERIFY_FAILED");
     b32:	82 ed       	ldi	r24, 0xD2	; 210
     b34:	92 e0       	ldi	r25, 0x02	; 2
     b36:	0e 94 4b 02 	call	0x496	; 0x496 <response_error>
     b3a:	1c c0       	rjmp	.+56     	; 0xb74 <__stack+0x275>
        }
        return;
    }

    if (strcmp(subcommand, "RESET") == 0) {
     b3c:	6b ee       	ldi	r22, 0xEB	; 235
     b3e:	72 e0       	ldi	r23, 0x02	; 2
     b40:	c8 01       	movw	r24, r16
     b42:	0e 94 71 14 	call	0x28e2	; 0x28e2 <strcmp>
     b46:	89 2b       	or	r24, r25
     b48:	89 f4       	brne	.+34     	; 0xb6c <__stack+0x26d>
        calibration_factory_reset();
     b4a:	0e 94 cf 01 	call	0x39e	; 0x39e <calibration_factory_reset>
        calibration_make_defaults(cal);
     b4e:	c5 01       	movw	r24, r10
     b50:	0e 94 12 01 	call	0x224	; 0x224 <calibration_make_defaults>
        *status = CALIBRATION_STATUS_DEFAULT;
     b54:	f6 01       	movw	r30, r12
     b56:	10 82       	st	Z, r1
        response_ok("CAL_RESET");
     b58:	87 ee       	ldi	r24, 0xE7	; 231
     b5a:	92 e0       	ldi	r25, 0x02	; 2
     b5c:	0e 94 5c 02 	call	0x4b8	; 0x4b8 <response_ok>
        print_calibration(cal, *status);
     b60:	f6 01       	movw	r30, r12
     b62:	60 81       	ld	r22, Z
     b64:	c5 01       	movw	r24, r10
     b66:	0e 94 3d 03 	call	0x67a	; 0x67a <print_calibration>
        return;
     b6a:	04 c0       	rjmp	.+8      	; 0xb74 <__stack+0x275>
    }

    response_error("UNKNOWN_CAL_SUBCOMMAND");
     b6c:	81 ef       	ldi	r24, 0xF1	; 241
     b6e:	92 e0       	ldi	r25, 0x02	; 2
     b70:	0e 94 4b 02 	call	0x496	; 0x496 <response_error>
}
     b74:	2c 96       	adiw	r28, 0x0c	; 12
     b76:	0f b6       	in	r0, 0x3f	; 63
     b78:	f8 94       	cli
     b7a:	de bf       	out	0x3e, r29	; 62
     b7c:	0f be       	out	0x3f, r0	; 63
     b7e:	cd bf       	out	0x3d, r28	; 61
     b80:	df 91       	pop	r29
     b82:	cf 91       	pop	r28
     b84:	1f 91       	pop	r17
     b86:	0f 91       	pop	r16
     b88:	ff 90       	pop	r15
     b8a:	ef 90       	pop	r14
     b8c:	df 90       	pop	r13
     b8e:	cf 90       	pop	r12
     b90:	bf 90       	pop	r11
     b92:	af 90       	pop	r10
     b94:	9f 90       	pop	r9
     b96:	8f 90       	pop	r8
     b98:	7f 90       	pop	r7
     b9a:	6f 90       	pop	r6
     b9c:	08 95       	ret

00000b9e <commands_process_pending>:

void commands_process_pending(calibration_record_t *calibration,
                              calibration_status_t *status,
                              uint8_t node_id)
{
     b9e:	df 92       	push	r13
     ba0:	ef 92       	push	r14
     ba2:	ff 92       	push	r15
     ba4:	0f 93       	push	r16
     ba6:	1f 93       	push	r17
     ba8:	cf 93       	push	r28
     baa:	df 93       	push	r29
     bac:	cd b7       	in	r28, 0x3d	; 61
     bae:	de b7       	in	r29, 0x3e	; 62
     bb0:	c0 56       	subi	r28, 0x60	; 96
     bb2:	d1 09       	sbc	r29, r1
     bb4:	0f b6       	in	r0, 0x3f	; 63
     bb6:	f8 94       	cli
     bb8:	de bf       	out	0x3e, r29	; 62
     bba:	0f be       	out	0x3f, r0	; 63
     bbc:	cd bf       	out	0x3d, r28	; 61
     bbe:	8c 01       	movw	r16, r24
     bc0:	7b 01       	movw	r14, r22
     bc2:	d4 2e       	mov	r13, r20
    char line[UART0_COMMAND_MAX_LENGTH];

    if (uart0_rx_overflowed()) {
     bc4:	0e 94 a7 10 	call	0x214e	; 0x214e <uart0_rx_overflowed>
     bc8:	88 23       	and	r24, r24
     bca:	91 f0       	breq	.+36     	; 0xbf0 <commands_process_pending+0x52>
        uart0_clear_rx_overflow();
     bcc:	0e 94 aa 10 	call	0x2154	; 0x2154 <uart0_clear_rx_overflow>
        diagnostics_record_uart_rx_overflow();
     bd0:	0e 94 61 07 	call	0xec2	; 0xec2 <diagnostics_record_uart_rx_overflow>
        response_error("UART_RX_OVERFLOW");
     bd4:	88 e0       	ldi	r24, 0x08	; 8
     bd6:	93 e0       	ldi	r25, 0x03	; 3
     bd8:	0e 94 4b 02 	call	0x496	; 0x496 <response_error>
     bdc:	09 c0       	rjmp	.+18     	; 0xbf0 <commands_process_pending+0x52>
    }

    while (uart0_readline(line, sizeof(line))) {
        diagnostics_record_uart_command();
     bde:	0e 94 53 07 	call	0xea6	; 0xea6 <diagnostics_record_uart_command>
        process_command(line, calibration, status, node_id);
     be2:	2d 2d       	mov	r18, r13
     be4:	a7 01       	movw	r20, r14
     be6:	b8 01       	movw	r22, r16
     be8:	ce 01       	movw	r24, r28
     bea:	01 96       	adiw	r24, 0x01	; 1
     bec:	0e 94 c9 03 	call	0x792	; 0x792 <process_command>
        uart0_clear_rx_overflow();
        diagnostics_record_uart_rx_overflow();
        response_error("UART_RX_OVERFLOW");
    }

    while (uart0_readline(line, sizeof(line))) {
     bf0:	60 e6       	ldi	r22, 0x60	; 96
     bf2:	ce 01       	movw	r24, r28
     bf4:	01 96       	adiw	r24, 0x01	; 1
     bf6:	0e 94 43 10 	call	0x2086	; 0x2086 <uart0_readline>
     bfa:	81 11       	cpse	r24, r1
     bfc:	f0 cf       	rjmp	.-32     	; 0xbde <commands_process_pending+0x40>
        diagnostics_record_uart_command();
        process_command(line, calibration, status, node_id);
    }
}
     bfe:	c0 5a       	subi	r28, 0xA0	; 160
     c00:	df 4f       	sbci	r29, 0xFF	; 255
     c02:	0f b6       	in	r0, 0x3f	; 63
     c04:	f8 94       	cli
     c06:	de bf       	out	0x3e, r29	; 62
     c08:	0f be       	out	0x3f, r0	; 63
     c0a:	cd bf       	out	0x3d, r28	; 61
     c0c:	df 91       	pop	r29
     c0e:	cf 91       	pop	r28
     c10:	1f 91       	pop	r17
     c12:	0f 91       	pop	r16
     c14:	ff 90       	pop	r15
     c16:	ef 90       	pop	r14
     c18:	df 90       	pop	r13
     c1a:	08 95       	ret

00000c1c <crc16_ccitt>:
#include "crc16.h"

uint16_t crc16_ccitt(const void *data, size_t length)
{
     c1c:	dc 01       	movw	r26, r24
    const uint8_t *bytes = (const uint8_t *)data;
    uint16_t crc = 0xFFFFU;

    for (size_t i = 0; i < length; i++) {
     c1e:	40 e0       	ldi	r20, 0x00	; 0
     c20:	50 e0       	ldi	r21, 0x00	; 0
#include "crc16.h"

uint16_t crc16_ccitt(const void *data, size_t length)
{
    const uint8_t *bytes = (const uint8_t *)data;
    uint16_t crc = 0xFFFFU;
     c22:	8f ef       	ldi	r24, 0xFF	; 255
     c24:	9f ef       	ldi	r25, 0xFF	; 255

    for (size_t i = 0; i < length; i++) {
     c26:	1b c0       	rjmp	.+54     	; 0xc5e <crc16_ccitt+0x42>
        crc ^= (uint16_t)bytes[i] << 8;
     c28:	fd 01       	movw	r30, r26
     c2a:	e4 0f       	add	r30, r20
     c2c:	f5 1f       	adc	r31, r21
     c2e:	20 81       	ld	r18, Z
     c30:	30 e0       	ldi	r19, 0x00	; 0
     c32:	32 2f       	mov	r19, r18
     c34:	22 27       	eor	r18, r18
     c36:	82 27       	eor	r24, r18
     c38:	93 27       	eor	r25, r19
        for (uint8_t bit = 0; bit < 8U; bit++) {
     c3a:	20 e0       	ldi	r18, 0x00	; 0
     c3c:	0c c0       	rjmp	.+24     	; 0xc56 <crc16_ccitt+0x3a>
            if (crc & 0x8000U) {
     c3e:	99 23       	and	r25, r25
     c40:	3c f4       	brge	.+14     	; 0xc50 <crc16_ccitt+0x34>
                crc = (uint16_t)((crc << 1) ^ 0x1021U);
     c42:	88 0f       	add	r24, r24
     c44:	99 1f       	adc	r25, r25
     c46:	31 e2       	ldi	r19, 0x21	; 33
     c48:	83 27       	eor	r24, r19
     c4a:	30 e1       	ldi	r19, 0x10	; 16
     c4c:	93 27       	eor	r25, r19
     c4e:	02 c0       	rjmp	.+4      	; 0xc54 <crc16_ccitt+0x38>
            } else {
                crc <<= 1;
     c50:	88 0f       	add	r24, r24
     c52:	99 1f       	adc	r25, r25
    const uint8_t *bytes = (const uint8_t *)data;
    uint16_t crc = 0xFFFFU;

    for (size_t i = 0; i < length; i++) {
        crc ^= (uint16_t)bytes[i] << 8;
        for (uint8_t bit = 0; bit < 8U; bit++) {
     c54:	2f 5f       	subi	r18, 0xFF	; 255
     c56:	28 30       	cpi	r18, 0x08	; 8
     c58:	90 f3       	brcs	.-28     	; 0xc3e <crc16_ccitt+0x22>
uint16_t crc16_ccitt(const void *data, size_t length)
{
    const uint8_t *bytes = (const uint8_t *)data;
    uint16_t crc = 0xFFFFU;

    for (size_t i = 0; i < length; i++) {
     c5a:	4f 5f       	subi	r20, 0xFF	; 255
     c5c:	5f 4f       	sbci	r21, 0xFF	; 255
     c5e:	46 17       	cp	r20, r22
     c60:	57 07       	cpc	r21, r23
     c62:	10 f3       	brcs	.-60     	; 0xc28 <crc16_ccitt+0xc>
            }
        }
    }

    return crc;
}
     c64:	08 95       	ret

00000c66 <timer0_init_1ms>:
     c66:	82 e0       	ldi	r24, 0x02	; 2
     c68:	84 bd       	out	0x24, r24	; 36
     c6a:	85 bd       	out	0x25, r24	; 37
     c6c:	8c e7       	ldi	r24, 0x7C	; 124
     c6e:	87 bd       	out	0x27, r24	; 39
     c70:	16 bc       	out	0x26, r1	; 38
     c72:	ee e6       	ldi	r30, 0x6E	; 110
     c74:	f0 e0       	ldi	r31, 0x00	; 0
     c76:	80 81       	ld	r24, Z
     c78:	82 60       	ori	r24, 0x02	; 2
     c7a:	80 83       	st	Z, r24
     c7c:	08 95       	ret

00000c7e <__vector_14>:
     c7e:	1f 92       	push	r1
     c80:	0f 92       	push	r0
     c82:	0f b6       	in	r0, 0x3f	; 63
     c84:	0f 92       	push	r0
     c86:	11 24       	eor	r1, r1
     c88:	2f 93       	push	r18
     c8a:	8f 93       	push	r24
     c8c:	9f 93       	push	r25
     c8e:	af 93       	push	r26
     c90:	bf 93       	push	r27
     c92:	80 91 a1 06 	lds	r24, 0x06A1	; 0x8006a1 <millisecond_accumulator>
     c96:	90 91 a2 06 	lds	r25, 0x06A2	; 0x8006a2 <millisecond_accumulator+0x1>
     c9a:	01 96       	adiw	r24, 0x01	; 1
     c9c:	90 93 a2 06 	sts	0x06A2, r25	; 0x8006a2 <millisecond_accumulator+0x1>
     ca0:	80 93 a1 06 	sts	0x06A1, r24	; 0x8006a1 <millisecond_accumulator>
     ca4:	80 91 a1 06 	lds	r24, 0x06A1	; 0x8006a1 <millisecond_accumulator>
     ca8:	90 91 a2 06 	lds	r25, 0x06A2	; 0x8006a2 <millisecond_accumulator+0x1>
     cac:	88 3e       	cpi	r24, 0xE8	; 232
     cae:	93 40       	sbci	r25, 0x03	; 3
     cb0:	b8 f0       	brcs	.+46     	; 0xce0 <__vector_14+0x62>
     cb2:	10 92 a2 06 	sts	0x06A2, r1	; 0x8006a2 <millisecond_accumulator+0x1>
     cb6:	10 92 a1 06 	sts	0x06A1, r1	; 0x8006a1 <millisecond_accumulator>
     cba:	80 91 9d 06 	lds	r24, 0x069D	; 0x80069d <uptime_seconds>
     cbe:	90 91 9e 06 	lds	r25, 0x069E	; 0x80069e <uptime_seconds+0x1>
     cc2:	a0 91 9f 06 	lds	r26, 0x069F	; 0x80069f <uptime_seconds+0x2>
     cc6:	b0 91 a0 06 	lds	r27, 0x06A0	; 0x8006a0 <uptime_seconds+0x3>
     cca:	01 96       	adiw	r24, 0x01	; 1
     ccc:	a1 1d       	adc	r26, r1
     cce:	b1 1d       	adc	r27, r1
     cd0:	80 93 9d 06 	sts	0x069D, r24	; 0x80069d <uptime_seconds>
     cd4:	90 93 9e 06 	sts	0x069E, r25	; 0x80069e <uptime_seconds+0x1>
     cd8:	a0 93 9f 06 	sts	0x069F, r26	; 0x80069f <uptime_seconds+0x2>
     cdc:	b0 93 a0 06 	sts	0x06A0, r27	; 0x8006a0 <uptime_seconds+0x3>
     ce0:	bf 91       	pop	r27
     ce2:	af 91       	pop	r26
     ce4:	9f 91       	pop	r25
     ce6:	8f 91       	pop	r24
     ce8:	2f 91       	pop	r18
     cea:	0f 90       	pop	r0
     cec:	0f be       	out	0x3f, r0	; 63
     cee:	0f 90       	pop	r0
     cf0:	1f 90       	pop	r1
     cf2:	18 95       	reti

00000cf4 <diagnostics_init>:
     cf4:	80 91 cb 07 	lds	r24, 0x07CB	; 0x8007cb <__bss_end>
     cf8:	80 93 98 06 	sts	0x0698, r24	; 0x800698 <reset_flags>
     cfc:	e0 e8       	ldi	r30, 0x80	; 128
     cfe:	f6 e0       	ldi	r31, 0x06	; 6
     d00:	10 82       	st	Z, r1
     d02:	11 82       	std	Z+1, r1	; 0x01
     d04:	12 82       	std	Z+2, r1	; 0x02
     d06:	13 82       	std	Z+3, r1	; 0x03
     d08:	14 82       	std	Z+4, r1	; 0x04
     d0a:	15 82       	std	Z+5, r1	; 0x05
     d0c:	16 82       	std	Z+6, r1	; 0x06
     d0e:	17 82       	std	Z+7, r1	; 0x07
     d10:	10 86       	std	Z+8, r1	; 0x08
     d12:	11 86       	std	Z+9, r1	; 0x09
     d14:	12 86       	std	Z+10, r1	; 0x0a
     d16:	13 86       	std	Z+11, r1	; 0x0b
     d18:	14 86       	std	Z+12, r1	; 0x0c
     d1a:	15 86       	std	Z+13, r1	; 0x0d
     d1c:	16 86       	std	Z+14, r1	; 0x0e
     d1e:	17 86       	std	Z+15, r1	; 0x0f
     d20:	10 8a       	std	Z+16, r1	; 0x10
     d22:	11 8a       	std	Z+17, r1	; 0x11
     d24:	12 8a       	std	Z+18, r1	; 0x12
     d26:	13 8a       	std	Z+19, r1	; 0x13
     d28:	14 8a       	std	Z+20, r1	; 0x14
     d2a:	15 8a       	std	Z+21, r1	; 0x15
     d2c:	16 8a       	std	Z+22, r1	; 0x16
     d2e:	17 8a       	std	Z+23, r1	; 0x17
     d30:	10 92 a2 06 	sts	0x06A2, r1	; 0x8006a2 <millisecond_accumulator+0x1>
     d34:	10 92 a1 06 	sts	0x06A1, r1	; 0x8006a1 <millisecond_accumulator>
     d38:	10 92 9d 06 	sts	0x069D, r1	; 0x80069d <uptime_seconds>
     d3c:	10 92 9e 06 	sts	0x069E, r1	; 0x80069e <uptime_seconds+0x1>
     d40:	10 92 9f 06 	sts	0x069F, r1	; 0x80069f <uptime_seconds+0x2>
     d44:	10 92 a0 06 	sts	0x06A0, r1	; 0x8006a0 <uptime_seconds+0x3>
     d48:	88 e3       	ldi	r24, 0x38	; 56
     d4a:	90 e0       	ldi	r25, 0x00	; 0
     d4c:	0e 94 b4 14 	call	0x2968	; 0x2968 <eeprom_read_dword>
     d50:	60 93 99 06 	sts	0x0699, r22	; 0x800699 <boot_count>
     d54:	70 93 9a 06 	sts	0x069A, r23	; 0x80069a <boot_count+0x1>
     d58:	80 93 9b 06 	sts	0x069B, r24	; 0x80069b <boot_count+0x2>
     d5c:	90 93 9c 06 	sts	0x069C, r25	; 0x80069c <boot_count+0x3>
     d60:	6f 3f       	cpi	r22, 0xFF	; 255
     d62:	7f 4f       	sbci	r23, 0xFF	; 255
     d64:	8f 4f       	sbci	r24, 0xFF	; 255
     d66:	9f 4f       	sbci	r25, 0xFF	; 255
     d68:	41 f4       	brne	.+16     	; 0xd7a <diagnostics_init+0x86>
     d6a:	10 92 99 06 	sts	0x0699, r1	; 0x800699 <boot_count>
     d6e:	10 92 9a 06 	sts	0x069A, r1	; 0x80069a <boot_count+0x1>
     d72:	10 92 9b 06 	sts	0x069B, r1	; 0x80069b <boot_count+0x2>
     d76:	10 92 9c 06 	sts	0x069C, r1	; 0x80069c <boot_count+0x3>
     d7a:	40 91 99 06 	lds	r20, 0x0699	; 0x800699 <boot_count>
     d7e:	50 91 9a 06 	lds	r21, 0x069A	; 0x80069a <boot_count+0x1>
     d82:	60 91 9b 06 	lds	r22, 0x069B	; 0x80069b <boot_count+0x2>
     d86:	70 91 9c 06 	lds	r23, 0x069C	; 0x80069c <boot_count+0x3>
     d8a:	4f 5f       	subi	r20, 0xFF	; 255
     d8c:	5f 4f       	sbci	r21, 0xFF	; 255
     d8e:	6f 4f       	sbci	r22, 0xFF	; 255
     d90:	7f 4f       	sbci	r23, 0xFF	; 255
     d92:	40 93 99 06 	sts	0x0699, r20	; 0x800699 <boot_count>
     d96:	50 93 9a 06 	sts	0x069A, r21	; 0x80069a <boot_count+0x1>
     d9a:	60 93 9b 06 	sts	0x069B, r22	; 0x80069b <boot_count+0x2>
     d9e:	70 93 9c 06 	sts	0x069C, r23	; 0x80069c <boot_count+0x3>
     da2:	88 e3       	ldi	r24, 0x38	; 56
     da4:	90 e0       	ldi	r25, 0x00	; 0
     da6:	0e 94 dc 14 	call	0x29b8	; 0x29b8 <eeprom_update_dword>
     daa:	0e 94 33 06 	call	0xc66	; 0xc66 <timer0_init_1ms>
     dae:	08 95       	ret

00000db0 <diagnostics_get_uptime_seconds>:
     db0:	2f b7       	in	r18, 0x3f	; 63
     db2:	f8 94       	cli
     db4:	60 91 9d 06 	lds	r22, 0x069D	; 0x80069d <uptime_seconds>
     db8:	70 91 9e 06 	lds	r23, 0x069E	; 0x80069e <uptime_seconds+0x1>
     dbc:	80 91 9f 06 	lds	r24, 0x069F	; 0x80069f <uptime_seconds+0x2>
     dc0:	90 91 a0 06 	lds	r25, 0x06A0	; 0x8006a0 <uptime_seconds+0x3>
     dc4:	2f bf       	out	0x3f, r18	; 63
     dc6:	08 95       	ret

00000dc8 <diagnostics_get_boot_count>:
     dc8:	60 91 99 06 	lds	r22, 0x0699	; 0x800699 <boot_count>
     dcc:	70 91 9a 06 	lds	r23, 0x069A	; 0x80069a <boot_count+0x1>
     dd0:	80 91 9b 06 	lds	r24, 0x069B	; 0x80069b <boot_count+0x2>
     dd4:	90 91 9c 06 	lds	r25, 0x069C	; 0x80069c <boot_count+0x3>
     dd8:	08 95       	ret

00000dda <diagnostics_print_reset_causes>:
     dda:	80 91 98 06 	lds	r24, 0x0698	; 0x800698 <reset_flags>
     dde:	80 ff       	sbrs	r24, 0
     de0:	06 c0       	rjmp	.+12     	; 0xdee <diagnostics_print_reset_causes+0x14>
     de2:	89 e1       	ldi	r24, 0x19	; 25
     de4:	93 e0       	ldi	r25, 0x03	; 3
     de6:	0e 94 28 0f 	call	0x1e50	; 0x1e50 <uart0_print>
     dea:	81 e0       	ldi	r24, 0x01	; 1
     dec:	01 c0       	rjmp	.+2      	; 0xdf0 <diagnostics_print_reset_causes+0x16>
     dee:	80 e0       	ldi	r24, 0x00	; 0
     df0:	90 91 98 06 	lds	r25, 0x0698	; 0x800698 <reset_flags>
     df4:	91 ff       	sbrs	r25, 1
     df6:	0a c0       	rjmp	.+20     	; 0xe0c <diagnostics_print_reset_causes+0x32>
     df8:	88 23       	and	r24, r24
     dfa:	19 f0       	breq	.+6      	; 0xe02 <diagnostics_print_reset_causes+0x28>
     dfc:	8c e7       	ldi	r24, 0x7C	; 124
     dfe:	0e 94 21 0f 	call	0x1e42	; 0x1e42 <uart0_putc>
     e02:	82 e2       	ldi	r24, 0x22	; 34
     e04:	93 e0       	ldi	r25, 0x03	; 3
     e06:	0e 94 28 0f 	call	0x1e50	; 0x1e50 <uart0_print>
     e0a:	81 e0       	ldi	r24, 0x01	; 1
     e0c:	90 91 98 06 	lds	r25, 0x0698	; 0x800698 <reset_flags>
     e10:	92 ff       	sbrs	r25, 2
     e12:	0a c0       	rjmp	.+20     	; 0xe28 <diagnostics_print_reset_causes+0x4e>
     e14:	88 23       	and	r24, r24
     e16:	19 f0       	breq	.+6      	; 0xe1e <diagnostics_print_reset_causes+0x44>
     e18:	8c e7       	ldi	r24, 0x7C	; 124
     e1a:	0e 94 21 0f 	call	0x1e42	; 0x1e42 <uart0_putc>
     e1e:	8b e2       	ldi	r24, 0x2B	; 43
     e20:	93 e0       	ldi	r25, 0x03	; 3
     e22:	0e 94 28 0f 	call	0x1e50	; 0x1e50 <uart0_print>
     e26:	81 e0       	ldi	r24, 0x01	; 1
     e28:	90 91 98 06 	lds	r25, 0x0698	; 0x800698 <reset_flags>
     e2c:	93 ff       	sbrs	r25, 3
     e2e:	0a c0       	rjmp	.+20     	; 0xe44 <diagnostics_print_reset_causes+0x6a>
     e30:	88 23       	and	r24, r24
     e32:	19 f0       	breq	.+6      	; 0xe3a <diagnostics_print_reset_causes+0x60>
     e34:	8c e7       	ldi	r24, 0x7C	; 124
     e36:	0e 94 21 0f 	call	0x1e42	; 0x1e42 <uart0_putc>
     e3a:	85 e3       	ldi	r24, 0x35	; 53
     e3c:	93 e0       	ldi	r25, 0x03	; 3
     e3e:	0e 94 28 0f 	call	0x1e50	; 0x1e50 <uart0_print>
     e42:	81 e0       	ldi	r24, 0x01	; 1
     e44:	81 11       	cpse	r24, r1
     e46:	04 c0       	rjmp	.+8      	; 0xe50 <diagnostics_print_reset_causes+0x76>
     e48:	8e e3       	ldi	r24, 0x3E	; 62
     e4a:	93 e0       	ldi	r25, 0x03	; 3
     e4c:	0e 94 28 0f 	call	0x1e50	; 0x1e50 <uart0_print>
     e50:	08 95       	ret

00000e52 <diagnostics_record_measurement_ok>:
     e52:	e0 e8       	ldi	r30, 0x80	; 128
     e54:	f6 e0       	ldi	r31, 0x06	; 6
     e56:	80 81       	ld	r24, Z
     e58:	91 81       	ldd	r25, Z+1	; 0x01
     e5a:	a2 81       	ldd	r26, Z+2	; 0x02
     e5c:	b3 81       	ldd	r27, Z+3	; 0x03
     e5e:	01 96       	adiw	r24, 0x01	; 1
     e60:	a1 1d       	adc	r26, r1
     e62:	b1 1d       	adc	r27, r1
     e64:	80 83       	st	Z, r24
     e66:	91 83       	std	Z+1, r25	; 0x01
     e68:	a2 83       	std	Z+2, r26	; 0x02
     e6a:	b3 83       	std	Z+3, r27	; 0x03
     e6c:	08 95       	ret

00000e6e <diagnostics_record_measurement_failed>:
     e6e:	e0 e8       	ldi	r30, 0x80	; 128
     e70:	f6 e0       	ldi	r31, 0x06	; 6
     e72:	84 81       	ldd	r24, Z+4	; 0x04
     e74:	95 81       	ldd	r25, Z+5	; 0x05
     e76:	a6 81       	ldd	r26, Z+6	; 0x06
     e78:	b7 81       	ldd	r27, Z+7	; 0x07
     e7a:	01 96       	adiw	r24, 0x01	; 1
     e7c:	a1 1d       	adc	r26, r1
     e7e:	b1 1d       	adc	r27, r1
     e80:	84 83       	std	Z+4, r24	; 0x04
     e82:	95 83       	std	Z+5, r25	; 0x05
     e84:	a6 83       	std	Z+6, r26	; 0x06
     e86:	b7 83       	std	Z+7, r27	; 0x07
     e88:	08 95       	ret

00000e8a <diagnostics_record_twi_error>:
     e8a:	e0 e8       	ldi	r30, 0x80	; 128
     e8c:	f6 e0       	ldi	r31, 0x06	; 6
     e8e:	80 85       	ldd	r24, Z+8	; 0x08
     e90:	91 85       	ldd	r25, Z+9	; 0x09
     e92:	a2 85       	ldd	r26, Z+10	; 0x0a
     e94:	b3 85       	ldd	r27, Z+11	; 0x0b
     e96:	01 96       	adiw	r24, 0x01	; 1
     e98:	a1 1d       	adc	r26, r1
     e9a:	b1 1d       	adc	r27, r1
     e9c:	80 87       	std	Z+8, r24	; 0x08
     e9e:	91 87       	std	Z+9, r25	; 0x09
     ea0:	a2 87       	std	Z+10, r26	; 0x0a
     ea2:	b3 87       	std	Z+11, r27	; 0x0b
     ea4:	08 95       	ret

00000ea6 <diagnostics_record_uart_command>:
     ea6:	e0 e8       	ldi	r30, 0x80	; 128
     ea8:	f6 e0       	ldi	r31, 0x06	; 6
     eaa:	84 85       	ldd	r24, Z+12	; 0x0c
     eac:	95 85       	ldd	r25, Z+13	; 0x0d
     eae:	a6 85       	ldd	r26, Z+14	; 0x0e
     eb0:	b7 85       	ldd	r27, Z+15	; 0x0f
     eb2:	01 96       	adiw	r24, 0x01	; 1
     eb4:	a1 1d       	adc	r26, r1
     eb6:	b1 1d       	adc	r27, r1
     eb8:	84 87       	std	Z+12, r24	; 0x0c
     eba:	95 87       	std	Z+13, r25	; 0x0d
     ebc:	a6 87       	std	Z+14, r26	; 0x0e
     ebe:	b7 87       	std	Z+15, r27	; 0x0f
     ec0:	08 95       	ret

00000ec2 <diagnostics_record_uart_rx_overflow>:
     ec2:	e0 e8       	ldi	r30, 0x80	; 128
     ec4:	f6 e0       	ldi	r31, 0x06	; 6
     ec6:	80 89       	ldd	r24, Z+16	; 0x10
     ec8:	91 89       	ldd	r25, Z+17	; 0x11
     eca:	a2 89       	ldd	r26, Z+18	; 0x12
     ecc:	b3 89       	ldd	r27, Z+19	; 0x13
     ece:	01 96       	adiw	r24, 0x01	; 1
     ed0:	a1 1d       	adc	r26, r1
     ed2:	b1 1d       	adc	r27, r1
     ed4:	80 8b       	std	Z+16, r24	; 0x10
     ed6:	91 8b       	std	Z+17, r25	; 0x11
     ed8:	a2 8b       	std	Z+18, r26	; 0x12
     eda:	b3 8b       	std	Z+19, r27	; 0x13
     edc:	08 95       	ret

00000ede <diagnostics_record_eeprom_error>:
     ede:	e0 e8       	ldi	r30, 0x80	; 128
     ee0:	f6 e0       	ldi	r31, 0x06	; 6
     ee2:	84 89       	ldd	r24, Z+20	; 0x14
     ee4:	95 89       	ldd	r25, Z+21	; 0x15
     ee6:	a6 89       	ldd	r26, Z+22	; 0x16
     ee8:	b7 89       	ldd	r27, Z+23	; 0x17
     eea:	01 96       	adiw	r24, 0x01	; 1
     eec:	a1 1d       	adc	r26, r1
     eee:	b1 1d       	adc	r27, r1
     ef0:	84 8b       	std	Z+20, r24	; 0x14
     ef2:	95 8b       	std	Z+21, r25	; 0x15
     ef4:	a6 8b       	std	Z+22, r26	; 0x16
     ef6:	b7 8b       	std	Z+23, r27	; 0x17
     ef8:	08 95       	ret

00000efa <diagnostics_print_response>:
}

void diagnostics_print_response(uint8_t node_id)
{
     efa:	cf 93       	push	r28
     efc:	df 93       	push	r29
     efe:	c8 2f       	mov	r28, r24
    uart0_print("$ND280DIAG,ID=");
     f00:	86 e4       	ldi	r24, 0x46	; 70
     f02:	93 e0       	ldi	r25, 0x03	; 3
     f04:	0e 94 28 0f 	call	0x1e50	; 0x1e50 <uart0_print>
    uart0_print_uint16(node_id);
     f08:	8c 2f       	mov	r24, r28
     f0a:	90 e0       	ldi	r25, 0x00	; 0
     f0c:	0e 94 4a 0f 	call	0x1e94	; 0x1e94 <uart0_print_uint16>
    uart0_print(",UPTIME_S=");
     f10:	85 e5       	ldi	r24, 0x55	; 85
     f12:	93 e0       	ldi	r25, 0x03	; 3
     f14:	0e 94 28 0f 	call	0x1e50	; 0x1e50 <uart0_print>
    uart0_print_uint32(diagnostics_get_uptime_seconds());
     f18:	0e 94 d8 06 	call	0xdb0	; 0xdb0 <diagnostics_get_uptime_seconds>
     f1c:	0e 94 a1 0f 	call	0x1f42	; 0x1f42 <uart0_print_uint32>
    uart0_print(",BOOTS=");
     f20:	80 e6       	ldi	r24, 0x60	; 96
     f22:	93 e0       	ldi	r25, 0x03	; 3
     f24:	0e 94 28 0f 	call	0x1e50	; 0x1e50 <uart0_print>
    uart0_print_uint32(boot_count);
     f28:	60 91 99 06 	lds	r22, 0x0699	; 0x800699 <boot_count>
     f2c:	70 91 9a 06 	lds	r23, 0x069A	; 0x80069a <boot_count+0x1>
     f30:	80 91 9b 06 	lds	r24, 0x069B	; 0x80069b <boot_count+0x2>
     f34:	90 91 9c 06 	lds	r25, 0x069C	; 0x80069c <boot_count+0x3>
     f38:	0e 94 a1 0f 	call	0x1f42	; 0x1f42 <uart0_print_uint32>
    uart0_print(",MEAS_OK=");
     f3c:	88 e6       	ldi	r24, 0x68	; 104
     f3e:	93 e0       	ldi	r25, 0x03	; 3
     f40:	0e 94 28 0f 	call	0x1e50	; 0x1e50 <uart0_print>
    uart0_print_uint32(counters.measurements_ok);
     f44:	c0 e8       	ldi	r28, 0x80	; 128
     f46:	d6 e0       	ldi	r29, 0x06	; 6
     f48:	68 81       	ld	r22, Y
     f4a:	79 81       	ldd	r23, Y+1	; 0x01
     f4c:	8a 81       	ldd	r24, Y+2	; 0x02
     f4e:	9b 81       	ldd	r25, Y+3	; 0x03
     f50:	0e 94 a1 0f 	call	0x1f42	; 0x1f42 <uart0_print_uint32>
    uart0_print(",MEAS_FAIL=");
     f54:	82 e7       	ldi	r24, 0x72	; 114
     f56:	93 e0       	ldi	r25, 0x03	; 3
     f58:	0e 94 28 0f 	call	0x1e50	; 0x1e50 <uart0_print>
    uart0_print_uint32(counters.measurements_failed);
     f5c:	6c 81       	ldd	r22, Y+4	; 0x04
     f5e:	7d 81       	ldd	r23, Y+5	; 0x05
     f60:	8e 81       	ldd	r24, Y+6	; 0x06
     f62:	9f 81       	ldd	r25, Y+7	; 0x07
     f64:	0e 94 a1 0f 	call	0x1f42	; 0x1f42 <uart0_print_uint32>
    uart0_print(",TWI_ERR=");
     f68:	8e e7       	ldi	r24, 0x7E	; 126
     f6a:	93 e0       	ldi	r25, 0x03	; 3
     f6c:	0e 94 28 0f 	call	0x1e50	; 0x1e50 <uart0_print>
    uart0_print_uint32(counters.twi_errors);
     f70:	68 85       	ldd	r22, Y+8	; 0x08
     f72:	79 85       	ldd	r23, Y+9	; 0x09
     f74:	8a 85       	ldd	r24, Y+10	; 0x0a
     f76:	9b 85       	ldd	r25, Y+11	; 0x0b
     f78:	0e 94 a1 0f 	call	0x1f42	; 0x1f42 <uart0_print_uint32>
    uart0_print(",UART_CMD=");
     f7c:	88 e8       	ldi	r24, 0x88	; 136
     f7e:	93 e0       	ldi	r25, 0x03	; 3
     f80:	0e 94 28 0f 	call	0x1e50	; 0x1e50 <uart0_print>
    uart0_print_uint32(counters.uart_commands);
     f84:	6c 85       	ldd	r22, Y+12	; 0x0c
     f86:	7d 85       	ldd	r23, Y+13	; 0x0d
     f88:	8e 85       	ldd	r24, Y+14	; 0x0e
     f8a:	9f 85       	ldd	r25, Y+15	; 0x0f
     f8c:	0e 94 a1 0f 	call	0x1f42	; 0x1f42 <uart0_print_uint32>
    uart0_print(",UART_OVF=");
     f90:	83 e9       	ldi	r24, 0x93	; 147
     f92:	93 e0       	ldi	r25, 0x03	; 3
     f94:	0e 94 28 0f 	call	0x1e50	; 0x1e50 <uart0_print>
    uart0_print_uint32(counters.uart_rx_overflows);
     f98:	68 89       	ldd	r22, Y+16	; 0x10
     f9a:	79 89       	ldd	r23, Y+17	; 0x11
     f9c:	8a 89       	ldd	r24, Y+18	; 0x12
     f9e:	9b 89       	ldd	r25, Y+19	; 0x13
     fa0:	0e 94 a1 0f 	call	0x1f42	; 0x1f42 <uart0_print_uint32>
    uart0_print(",EEPROM_ERR=");
     fa4:	8e e9       	ldi	r24, 0x9E	; 158
     fa6:	93 e0       	ldi	r25, 0x03	; 3
     fa8:	0e 94 28 0f 	call	0x1e50	; 0x1e50 <uart0_print>
    uart0_print_uint32(counters.eeprom_errors);
     fac:	6c 89       	ldd	r22, Y+20	; 0x14
     fae:	7d 89       	ldd	r23, Y+21	; 0x15
     fb0:	8e 89       	ldd	r24, Y+22	; 0x16
     fb2:	9f 89       	ldd	r25, Y+23	; 0x17
     fb4:	0e 94 a1 0f 	call	0x1f42	; 0x1f42 <uart0_print_uint32>
    uart0_print(",RESET=");
     fb8:	8b ea       	ldi	r24, 0xAB	; 171
     fba:	93 e0       	ldi	r25, 0x03	; 3
     fbc:	0e 94 28 0f 	call	0x1e50	; 0x1e50 <uart0_print>
    diagnostics_print_reset_causes();
     fc0:	0e 94 ed 06 	call	0xdda	; 0xdda <diagnostics_print_reset_causes>
    uart0_print(",RESET_FLAGS=0x");
     fc4:	83 eb       	ldi	r24, 0xB3	; 179
     fc6:	93 e0       	ldi	r25, 0x03	; 3
     fc8:	0e 94 28 0f 	call	0x1e50	; 0x1e50 <uart0_print>
    uart0_print_hex8(reset_flags);
     fcc:	80 91 98 06 	lds	r24, 0x0698	; 0x800698 <reset_flags>
     fd0:	0e 94 35 0f 	call	0x1e6a	; 0x1e6a <uart0_print_hex8>
    uart0_print("\r\n");
     fd4:	87 e9       	ldi	r24, 0x97	; 151
     fd6:	95 e0       	ldi	r25, 0x05	; 5
     fd8:	0e 94 28 0f 	call	0x1e50	; 0x1e50 <uart0_print>
}
     fdc:	df 91       	pop	r29
     fde:	cf 91       	pop	r28
     fe0:	08 95       	ret

00000fe2 <main>:
#include "node_app.h"

int main(void)
{
    node_app_init();
     fe2:	0e 94 04 09 	call	0x1208	; 0x1208 <node_app_init>

    while (1) {
        node_app_process();
     fe6:	0e 94 53 09 	call	0x12a6	; 0x12a6 <node_app_process>
     fea:	fd cf       	rjmp	.-6      	; 0xfe6 <main+0x4>

00000fec <measurement_service_acquire_average>:

uint8_t measurement_service_acquire_average(
    const calibration_record_t *calibration,
    measurement_result_t *result,
    void (*background_process)(void))
{
     fec:	2f 92       	push	r2
     fee:	3f 92       	push	r3
     ff0:	4f 92       	push	r4
     ff2:	5f 92       	push	r5
     ff4:	6f 92       	push	r6
     ff6:	7f 92       	push	r7
     ff8:	8f 92       	push	r8
     ffa:	9f 92       	push	r9
     ffc:	af 92       	push	r10
     ffe:	bf 92       	push	r11
    1000:	cf 92       	push	r12
    1002:	df 92       	push	r13
    1004:	ef 92       	push	r14
    1006:	ff 92       	push	r15
    1008:	0f 93       	push	r16
    100a:	1f 93       	push	r17
    100c:	cf 93       	push	r28
    100e:	df 93       	push	r29
    1010:	cd b7       	in	r28, 0x3d	; 61
    1012:	de b7       	in	r29, 0x3e	; 62
    1014:	6a 97       	sbiw	r28, 0x1a	; 26
    1016:	0f b6       	in	r0, 0x3f	; 63
    1018:	f8 94       	cli
    101a:	de bf       	out	0x3e, r29	; 62
    101c:	0f be       	out	0x3f, r0	; 63
    101e:	cd bf       	out	0x3d, r28	; 61
    int32_t sum_by = 0;
    int32_t sum_bz = 0;
    uint8_t last_status = 0;
    uint8_t valid = 0;

    if (calibration == 0 || result == 0) return 0U;
    1020:	00 97       	sbiw	r24, 0x00	; 0
    1022:	09 f4       	brne	.+2      	; 0x1026 <measurement_service_acquire_average+0x3a>
    1024:	b6 c0       	rjmp	.+364    	; 0x1192 <measurement_service_acquire_average+0x1a6>
    1026:	61 15       	cp	r22, r1
    1028:	71 05       	cpc	r23, r1
    102a:	09 f4       	brne	.+2      	; 0x102e <measurement_service_acquire_average+0x42>
    102c:	b4 c0       	rjmp	.+360    	; 0x1196 <measurement_service_acquire_average+0x1aa>
    102e:	1a 01       	movw	r2, r20
    1030:	78 8b       	std	Y+16, r23	; 0x10
    1032:	6f 87       	std	Y+15, r22	; 0x0f
    1034:	9e 8b       	std	Y+22, r25	; 0x16
    1036:	8d 8b       	std	Y+21, r24	; 0x15
    1038:	10 e0       	ldi	r17, 0x00	; 0
    103a:	00 e0       	ldi	r16, 0x00	; 0
    103c:	1e 86       	std	Y+14, r1	; 0x0e
    103e:	41 2c       	mov	r4, r1
    1040:	51 2c       	mov	r5, r1
    1042:	32 01       	movw	r6, r4
    1044:	1a 86       	std	Y+10, r1	; 0x0a
    1046:	1b 86       	std	Y+11, r1	; 0x0b
    1048:	1c 86       	std	Y+12, r1	; 0x0c
    104a:	1d 86       	std	Y+13, r1	; 0x0d
    104c:	81 2c       	mov	r8, r1
    104e:	91 2c       	mov	r9, r1
    1050:	54 01       	movw	r10, r8
    1052:	c1 2c       	mov	r12, r1
    1054:	d1 2c       	mov	r13, r1
    1056:	76 01       	movw	r14, r12
    1058:	45 c0       	rjmp	.+138    	; 0x10e4 <measurement_service_acquire_average+0xf8>

    for (uint8_t index = 0; index < AVERAGE_SAMPLES; index++) {
        tmag5273_raw_sample_t sample;

        if (tmag5273_read_raw(&sample)) {
    105a:	ce 01       	movw	r24, r28
    105c:	01 96       	adiw	r24, 0x01	; 1
    105e:	0e 94 93 0b 	call	0x1726	; 0x1726 <tmag5273_read_raw>
    1062:	88 23       	and	r24, r24
    1064:	99 f1       	breq	.+102    	; 0x10cc <measurement_service_acquire_average+0xe0>
            sum_temperature += sample.temperature_raw;
    1066:	89 81       	ldd	r24, Y+1	; 0x01
    1068:	9a 81       	ldd	r25, Y+2	; 0x02
    106a:	09 2e       	mov	r0, r25
    106c:	00 0c       	add	r0, r0
    106e:	aa 0b       	sbc	r26, r26
    1070:	bb 0b       	sbc	r27, r27
    1072:	c8 0e       	add	r12, r24
    1074:	d9 1e       	adc	r13, r25
    1076:	ea 1e       	adc	r14, r26
    1078:	fb 1e       	adc	r15, r27
            sum_bx += sample.bx_raw;
    107a:	8b 81       	ldd	r24, Y+3	; 0x03
    107c:	9c 81       	ldd	r25, Y+4	; 0x04
    107e:	09 2e       	mov	r0, r25
    1080:	00 0c       	add	r0, r0
    1082:	aa 0b       	sbc	r26, r26
    1084:	bb 0b       	sbc	r27, r27
    1086:	88 0e       	add	r8, r24
    1088:	99 1e       	adc	r9, r25
    108a:	aa 1e       	adc	r10, r26
    108c:	bb 1e       	adc	r11, r27
            sum_by += sample.by_raw;
    108e:	8d 81       	ldd	r24, Y+5	; 0x05
    1090:	9e 81       	ldd	r25, Y+6	; 0x06
    1092:	09 2e       	mov	r0, r25
    1094:	00 0c       	add	r0, r0
    1096:	aa 0b       	sbc	r26, r26
    1098:	bb 0b       	sbc	r27, r27
    109a:	2a 85       	ldd	r18, Y+10	; 0x0a
    109c:	3b 85       	ldd	r19, Y+11	; 0x0b
    109e:	4c 85       	ldd	r20, Y+12	; 0x0c
    10a0:	5d 85       	ldd	r21, Y+13	; 0x0d
    10a2:	28 0f       	add	r18, r24
    10a4:	39 1f       	adc	r19, r25
    10a6:	4a 1f       	adc	r20, r26
    10a8:	5b 1f       	adc	r21, r27
    10aa:	2a 87       	std	Y+10, r18	; 0x0a
    10ac:	3b 87       	std	Y+11, r19	; 0x0b
    10ae:	4c 87       	std	Y+12, r20	; 0x0c
    10b0:	5d 87       	std	Y+13, r21	; 0x0d
            sum_bz += sample.bz_raw;
    10b2:	8f 81       	ldd	r24, Y+7	; 0x07
    10b4:	98 85       	ldd	r25, Y+8	; 0x08
    10b6:	09 2e       	mov	r0, r25
    10b8:	00 0c       	add	r0, r0
    10ba:	aa 0b       	sbc	r26, r26
    10bc:	bb 0b       	sbc	r27, r27
    10be:	48 0e       	add	r4, r24
    10c0:	59 1e       	adc	r5, r25
    10c2:	6a 1e       	adc	r6, r26
    10c4:	7b 1e       	adc	r7, r27
            last_status = sample.status;
    10c6:	39 85       	ldd	r19, Y+9	; 0x09
    10c8:	3e 87       	std	Y+14, r19	; 0x0e
            valid++;
    10ca:	0f 5f       	subi	r16, 0xFF	; 255
        }

        if (background_process != 0) background_process();
    10cc:	21 14       	cp	r2, r1
    10ce:	31 04       	cpc	r3, r1
    10d0:	11 f0       	breq	.+4      	; 0x10d6 <measurement_service_acquire_average+0xea>
    10d2:	f1 01       	movw	r30, r2
    10d4:	09 95       	icall
	#else
		//round up by default
		__ticks_dc = (uint32_t)(ceil(fabs(__tmp)));
	#endif

	__builtin_avr_delay_cycles(__ticks_dc);
    10d6:	87 ea       	ldi	r24, 0xA7	; 167
    10d8:	91 e6       	ldi	r25, 0x61	; 97
    10da:	01 97       	sbiw	r24, 0x01	; 1
    10dc:	f1 f7       	brne	.-4      	; 0x10da <measurement_service_acquire_average+0xee>
    10de:	00 c0       	rjmp	.+0      	; 0x10e0 <measurement_service_acquire_average+0xf4>
    10e0:	00 00       	nop
    uint8_t last_status = 0;
    uint8_t valid = 0;

    if (calibration == 0 || result == 0) return 0U;

    for (uint8_t index = 0; index < AVERAGE_SAMPLES; index++) {
    10e2:	1f 5f       	subi	r17, 0xFF	; 255
    10e4:	1a 30       	cpi	r17, 0x0A	; 10
    10e6:	08 f4       	brcc	.+2      	; 0x10ea <measurement_service_acquire_average+0xfe>
    10e8:	b8 cf       	rjmp	.-144    	; 0x105a <measurement_service_acquire_average+0x6e>

        if (background_process != 0) background_process();
        _delay_ms(SAMPLE_INTERVAL_MS);
    }

    result->valid_samples = valid;
    10ea:	af 85       	ldd	r26, Y+15	; 0x0f
    10ec:	b8 89       	ldd	r27, Y+16	; 0x10
    10ee:	51 96       	adiw	r26, 0x11	; 17
    10f0:	0c 93       	st	X, r16
    if (valid == 0U) return 0U;
    10f2:	00 23       	and	r16, r16
    10f4:	09 f4       	brne	.+2      	; 0x10f8 <measurement_service_acquire_average+0x10c>
    10f6:	51 c0       	rjmp	.+162    	; 0x119a <measurement_service_acquire_average+0x1ae>

    tmag5273_convert_averaged_raw(sum_temperature / valid,
    10f8:	20 2f       	mov	r18, r16
    10fa:	30 e0       	ldi	r19, 0x00	; 0
    10fc:	40 e0       	ldi	r20, 0x00	; 0
    10fe:	50 e0       	ldi	r21, 0x00	; 0
    1100:	29 8b       	std	Y+17, r18	; 0x11
    1102:	3a 8b       	std	Y+18, r19	; 0x12
    1104:	4b 8b       	std	Y+19, r20	; 0x13
    1106:	5c 8b       	std	Y+20, r21	; 0x14
    1108:	c3 01       	movw	r24, r6
    110a:	b2 01       	movw	r22, r4
    110c:	0e 94 cf 10 	call	0x219e	; 0x219e <__divmodsi4>
    1110:	2f 8b       	std	Y+23, r18	; 0x17
    1112:	38 8f       	std	Y+24, r19	; 0x18
    1114:	49 8f       	std	Y+25, r20	; 0x19
    1116:	5a 8f       	std	Y+26, r21	; 0x1a
    1118:	6a 85       	ldd	r22, Y+10	; 0x0a
    111a:	7b 85       	ldd	r23, Y+11	; 0x0b
    111c:	8c 85       	ldd	r24, Y+12	; 0x0c
    111e:	9d 85       	ldd	r25, Y+13	; 0x0d
    1120:	29 89       	ldd	r18, Y+17	; 0x11
    1122:	3a 89       	ldd	r19, Y+18	; 0x12
    1124:	4b 89       	ldd	r20, Y+19	; 0x13
    1126:	5c 89       	ldd	r21, Y+20	; 0x14
    1128:	0e 94 cf 10 	call	0x219e	; 0x219e <__divmodsi4>
    112c:	2a 87       	std	Y+10, r18	; 0x0a
    112e:	3b 87       	std	Y+11, r19	; 0x0b
    1130:	4c 87       	std	Y+12, r20	; 0x0c
    1132:	5d 87       	std	Y+13, r21	; 0x0d
    1134:	c5 01       	movw	r24, r10
    1136:	b4 01       	movw	r22, r8
    1138:	29 89       	ldd	r18, Y+17	; 0x11
    113a:	3a 89       	ldd	r19, Y+18	; 0x12
    113c:	4b 89       	ldd	r20, Y+19	; 0x13
    113e:	5c 89       	ldd	r21, Y+20	; 0x14
    1140:	0e 94 cf 10 	call	0x219e	; 0x219e <__divmodsi4>
    1144:	29 01       	movw	r4, r18
    1146:	3a 01       	movw	r6, r20
    1148:	c7 01       	movw	r24, r14
    114a:	b6 01       	movw	r22, r12
    114c:	29 89       	ldd	r18, Y+17	; 0x11
    114e:	3a 89       	ldd	r19, Y+18	; 0x12
    1150:	4b 89       	ldd	r20, Y+19	; 0x13
    1152:	5c 89       	ldd	r21, Y+20	; 0x14
    1154:	0e 94 cf 10 	call	0x219e	; 0x219e <__divmodsi4>
    1158:	ca 01       	movw	r24, r20
    115a:	b9 01       	movw	r22, r18
    115c:	38 89       	ldd	r19, Y+16	; 0x10
    115e:	3f 93       	push	r19
    1160:	4f 85       	ldd	r20, Y+15	; 0x0f
    1162:	4f 93       	push	r20
    1164:	8e 84       	ldd	r8, Y+14	; 0x0e
    1166:	af 88       	ldd	r10, Y+23	; 0x17
    1168:	b8 8c       	ldd	r11, Y+24	; 0x18
    116a:	c9 8c       	ldd	r12, Y+25	; 0x19
    116c:	da 8c       	ldd	r13, Y+26	; 0x1a
    116e:	ea 84       	ldd	r14, Y+10	; 0x0a
    1170:	fb 84       	ldd	r15, Y+11	; 0x0b
    1172:	0c 85       	ldd	r16, Y+12	; 0x0c
    1174:	1d 85       	ldd	r17, Y+13	; 0x0d
    1176:	a3 01       	movw	r20, r6
    1178:	92 01       	movw	r18, r4
    117a:	0e 94 ec 0b 	call	0x17d8	; 0x17d8 <tmag5273_convert_averaged_raw>
                                  sum_by / valid,
                                  sum_bz / valid,
                                  last_status,
                                  &result->value);

    calibration_apply(calibration, &result->value);
    117e:	6f 85       	ldd	r22, Y+15	; 0x0f
    1180:	78 89       	ldd	r23, Y+16	; 0x10
    1182:	8d 89       	ldd	r24, Y+21	; 0x15
    1184:	9e 89       	ldd	r25, Y+22	; 0x16
    1186:	0e 94 f2 01 	call	0x3e4	; 0x3e4 <calibration_apply>
    return 1U;
    118a:	0f 90       	pop	r0
    118c:	0f 90       	pop	r0
    118e:	81 e0       	ldi	r24, 0x01	; 1
    1190:	05 c0       	rjmp	.+10     	; 0x119c <measurement_service_acquire_average+0x1b0>
    int32_t sum_by = 0;
    int32_t sum_bz = 0;
    uint8_t last_status = 0;
    uint8_t valid = 0;

    if (calibration == 0 || result == 0) return 0U;
    1192:	80 e0       	ldi	r24, 0x00	; 0
    1194:	03 c0       	rjmp	.+6      	; 0x119c <measurement_service_acquire_average+0x1b0>
    1196:	80 e0       	ldi	r24, 0x00	; 0
    1198:	01 c0       	rjmp	.+2      	; 0x119c <measurement_service_acquire_average+0x1b0>
        if (background_process != 0) background_process();
        _delay_ms(SAMPLE_INTERVAL_MS);
    }

    result->valid_samples = valid;
    if (valid == 0U) return 0U;
    119a:	80 e0       	ldi	r24, 0x00	; 0
                                  last_status,
                                  &result->value);

    calibration_apply(calibration, &result->value);
    return 1U;
}
    119c:	6a 96       	adiw	r28, 0x1a	; 26
    119e:	0f b6       	in	r0, 0x3f	; 63
    11a0:	f8 94       	cli
    11a2:	de bf       	out	0x3e, r29	; 62
    11a4:	0f be       	out	0x3f, r0	; 63
    11a6:	cd bf       	out	0x3d, r28	; 61
    11a8:	df 91       	pop	r29
    11aa:	cf 91       	pop	r28
    11ac:	1f 91       	pop	r17
    11ae:	0f 91       	pop	r16
    11b0:	ff 90       	pop	r15
    11b2:	ef 90       	pop	r14
    11b4:	df 90       	pop	r13
    11b6:	cf 90       	pop	r12
    11b8:	bf 90       	pop	r11
    11ba:	af 90       	pop	r10
    11bc:	9f 90       	pop	r9
    11be:	8f 90       	pop	r8
    11c0:	7f 90       	pop	r7
    11c2:	6f 90       	pop	r6
    11c4:	5f 90       	pop	r5
    11c6:	4f 90       	pop	r4
    11c8:	3f 90       	pop	r3
    11ca:	2f 90       	pop	r2
    11cc:	08 95       	ret

000011ce <process_commands>:
static uint32_t sequence;
static uint8_t node_id;

static void process_commands(void)
{
    commands_process_pending(&calibration, &calibration_status, node_id);
    11ce:	40 91 a3 06 	lds	r20, 0x06A3	; 0x8006a3 <node_id>
    11d2:	68 ea       	ldi	r22, 0xA8	; 168
    11d4:	76 e0       	ldi	r23, 0x06	; 6
    11d6:	89 ea       	ldi	r24, 0xA9	; 169
    11d8:	96 e0       	ldi	r25, 0x06	; 6
    11da:	0e 94 cf 05 	call	0xb9e	; 0xb9e <commands_process_pending>
    status_leds_set_calibration_state(calibration_status);
    11de:	80 91 a8 06 	lds	r24, 0x06A8	; 0x8006a8 <calibration_status>
    11e2:	0e 94 07 0b 	call	0x160e	; 0x160e <status_leds_set_calibration_state>
    status_leds_process();
    11e6:	0e 94 19 0b 	call	0x1632	; 0x1632 <status_leds_process>
    11ea:	08 95       	ret

000011ec <fatal_error>:
}

static void fatal_error(const char *message)
{
    transport_service_publish_error(message);
    11ec:	0e 94 e8 0c 	call	0x19d0	; 0x19d0 <transport_service_publish_error>
    status_leds_set_sensor_state(STATUS_SENSOR_ERROR);
    11f0:	82 e0       	ldi	r24, 0x02	; 2
    11f2:	0e 94 ef 0a 	call	0x15de	; 0x15de <status_leds_set_sensor_state>

    while (1) {
        process_commands();
    11f6:	0e 94 e7 08 	call	0x11ce	; 0x11ce <process_commands>
    11fa:	8f e4       	ldi	r24, 0x4F	; 79
    11fc:	93 ec       	ldi	r25, 0xC3	; 195
    11fe:	01 97       	sbiw	r24, 0x01	; 1
    1200:	f1 f7       	brne	.-4      	; 0x11fe <fatal_error+0x12>
    1202:	00 c0       	rjmp	.+0      	; 0x1204 <fatal_error+0x18>
    1204:	00 00       	nop
    1206:	f7 cf       	rjmp	.-18     	; 0x11f6 <fatal_error+0xa>

00001208 <node_app_init>:
        _delay_ms(200);
    }
}

void node_app_init(void)
{
    1208:	cf 93       	push	r28
    120a:	df 93       	push	r29
    120c:	1f 92       	push	r1
    120e:	cd b7       	in	r28, 0x3d	; 61
    1210:	de b7       	in	r29, 0x3e	; 62
    uint8_t device_id = 0;
    1212:	19 82       	std	Y+1, r1	; 0x01

    diagnostics_init();
    1214:	0e 94 7a 06 	call	0xcf4	; 0xcf4 <diagnostics_init>
    transport_service_init();
    1218:	0e 94 e5 0c 	call	0x19ca	; 0x19ca <transport_service_init>
    twi1_init();
    121c:	0e 94 0c 0e 	call	0x1c18	; 0x1c18 <twi1_init>
    board_id_init();
    1220:	0e 94 88 00 	call	0x110	; 0x110 <board_id_init>
    status_leds_init();
    1224:	0e 94 95 0a 	call	0x152a	; 0x152a <status_leds_init>
    status_leds_run_post();
    1228:	0e 94 a3 0a 	call	0x1546	; 0x1546 <status_leds_run_post>
    sei();
    122c:	78 94       	sei

    node_id = board_id_read();
    122e:	0e 94 95 00 	call	0x12a	; 0x12a <board_id_read>
    1232:	80 93 a3 06 	sts	0x06A3, r24	; 0x8006a3 <node_id>
    sequence = 0UL;
    1236:	10 92 a4 06 	sts	0x06A4, r1	; 0x8006a4 <sequence>
    123a:	10 92 a5 06 	sts	0x06A5, r1	; 0x8006a5 <sequence+0x1>
    123e:	10 92 a6 06 	sts	0x06A6, r1	; 0x8006a6 <sequence+0x2>
    1242:	10 92 a7 06 	sts	0x06A7, r1	; 0x8006a7 <sequence+0x3>
    calibration_status = calibration_load(&calibration);
    1246:	89 ea       	ldi	r24, 0xA9	; 169
    1248:	96 e0       	ldi	r25, 0x06	; 6
    124a:	0e 94 42 01 	call	0x284	; 0x284 <calibration_load>
    124e:	80 93 a8 06 	sts	0x06A8, r24	; 0x8006a8 <calibration_status>
    status_leds_set_calibration_state(calibration_status);
    1252:	0e 94 07 0b 	call	0x160e	; 0x160e <status_leds_set_calibration_state>

    if (!tmag5273_read_device_id(&device_id)) {
    1256:	ce 01       	movw	r24, r28
    1258:	01 96       	adiw	r24, 0x01	; 1
    125a:	0e 94 64 0b 	call	0x16c8	; 0x16c8 <tmag5273_read_device_id>
    125e:	81 11       	cpse	r24, r1
    1260:	04 c0       	rjmp	.+8      	; 0x126a <node_app_init+0x62>
        fatal_error("TMAG_DEVICE_ID_READ");
    1262:	83 ec       	ldi	r24, 0xC3	; 195
    1264:	93 e0       	ldi	r25, 0x03	; 3
    1266:	0e 94 f6 08 	call	0x11ec	; 0x11ec <fatal_error>
    }

    if (!tmag5273_init()) {
    126a:	0e 94 74 0b 	call	0x16e8	; 0x16e8 <tmag5273_init>
    126e:	81 11       	cpse	r24, r1
    1270:	04 c0       	rjmp	.+8      	; 0x127a <node_app_init+0x72>
        fatal_error("TMAG_INIT");
    1272:	87 ed       	ldi	r24, 0xD7	; 215
    1274:	93 e0       	ldi	r25, 0x03	; 3
    1276:	0e 94 f6 08 	call	0x11ec	; 0x11ec <fatal_error>
    }

    status_leds_set_sensor_state(STATUS_SENSOR_OK);
    127a:	81 e0       	ldi	r24, 0x01	; 1
    127c:	0e 94 ef 0a 	call	0x15de	; 0x15de <status_leds_set_sensor_state>

    transport_service_print_startup(&calibration,
    1280:	29 81       	ldd	r18, Y+1	; 0x01
    1282:	40 91 a3 06 	lds	r20, 0x06A3	; 0x8006a3 <node_id>
    1286:	60 91 a8 06 	lds	r22, 0x06A8	; 0x8006a8 <calibration_status>
    128a:	89 ea       	ldi	r24, 0xA9	; 169
    128c:	96 e0       	ldi	r25, 0x06	; 6
    128e:	0e 94 f9 0c 	call	0x19f2	; 0x19f2 <transport_service_print_startup>
                                    calibration_status,
                                    node_id,
                                    device_id);
    node_identity_print_boot_banner(node_id, calibration_status);
    1292:	60 91 a8 06 	lds	r22, 0x06A8	; 0x8006a8 <calibration_status>
    1296:	80 91 a3 06 	lds	r24, 0x06A3	; 0x8006a3 <node_id>
    129a:	0e 94 3d 0a 	call	0x147a	; 0x147a <node_identity_print_boot_banner>
}
    129e:	0f 90       	pop	r0
    12a0:	df 91       	pop	r29
    12a2:	cf 91       	pop	r28
    12a4:	08 95       	ret

000012a6 <node_app_process>:

void node_app_process(void)
{
    12a6:	0f 93       	push	r16
    12a8:	1f 93       	push	r17
    12aa:	cf 93       	push	r28
    12ac:	df 93       	push	r29
    12ae:	cd b7       	in	r28, 0x3d	; 61
    12b0:	de b7       	in	r29, 0x3e	; 62
    12b2:	62 97       	sbiw	r28, 0x12	; 18
    12b4:	0f b6       	in	r0, 0x3f	; 63
    12b6:	f8 94       	cli
    12b8:	de bf       	out	0x3e, r29	; 62
    12ba:	0f be       	out	0x3f, r0	; 63
    12bc:	cd bf       	out	0x3d, r28	; 61
    measurement_result_t result;

    process_commands();
    12be:	0e 94 e7 08 	call	0x11ce	; 0x11ce <process_commands>

    if (!measurement_service_acquire_average(&calibration,
    12c2:	47 ee       	ldi	r20, 0xE7	; 231
    12c4:	58 e0       	ldi	r21, 0x08	; 8
    12c6:	be 01       	movw	r22, r28
    12c8:	6f 5f       	subi	r22, 0xFF	; 255
    12ca:	7f 4f       	sbci	r23, 0xFF	; 255
    12cc:	89 ea       	ldi	r24, 0xA9	; 169
    12ce:	96 e0       	ldi	r25, 0x06	; 6
    12d0:	0e 94 f6 07 	call	0xfec	; 0xfec <measurement_service_acquire_average>
    12d4:	81 11       	cpse	r24, r1
    12d6:	18 c0       	rjmp	.+48     	; 0x1308 <node_app_process+0x62>
                                             &result,
                                             process_commands)) {
        uart0_print("ERROR,TMAG_NO_VALID_SAMPLES,SEQ=");
    12d8:	81 ee       	ldi	r24, 0xE1	; 225
    12da:	93 e0       	ldi	r25, 0x03	; 3
    12dc:	0e 94 28 0f 	call	0x1e50	; 0x1e50 <uart0_print>
        uart0_print_uint32(sequence);
    12e0:	60 91 a4 06 	lds	r22, 0x06A4	; 0x8006a4 <sequence>
    12e4:	70 91 a5 06 	lds	r23, 0x06A5	; 0x8006a5 <sequence+0x1>
    12e8:	80 91 a6 06 	lds	r24, 0x06A6	; 0x8006a6 <sequence+0x2>
    12ec:	90 91 a7 06 	lds	r25, 0x06A7	; 0x8006a7 <sequence+0x3>
    12f0:	0e 94 a1 0f 	call	0x1f42	; 0x1f42 <uart0_print_uint32>
        uart0_print("\r\n");
    12f4:	87 e9       	ldi	r24, 0x97	; 151
    12f6:	95 e0       	ldi	r25, 0x05	; 5
    12f8:	0e 94 28 0f 	call	0x1e50	; 0x1e50 <uart0_print>
        status_leds_set_sensor_state(STATUS_SENSOR_ERROR);
    12fc:	82 e0       	ldi	r24, 0x02	; 2
    12fe:	0e 94 ef 0a 	call	0x15de	; 0x15de <status_leds_set_sensor_state>
        diagnostics_record_measurement_failed();
    1302:	0e 94 37 07 	call	0xe6e	; 0xe6e <diagnostics_record_measurement_failed>
    1306:	2d c0       	rjmp	.+90     	; 0x1362 <node_app_process+0xbc>
        return;
    }

    status_leds_set_sensor_state(STATUS_SENSOR_OK);
    1308:	81 e0       	ldi	r24, 0x01	; 1
    130a:	0e 94 ef 0a 	call	0x15de	; 0x15de <status_leds_set_sensor_state>
    diagnostics_record_measurement_ok();
    130e:	0e 94 29 07 	call	0xe52	; 0xe52 <diagnostics_record_measurement_ok>

    transport_service_publish_measurement(node_id,
    1312:	40 91 a4 06 	lds	r20, 0x06A4	; 0x8006a4 <sequence>
    1316:	50 91 a5 06 	lds	r21, 0x06A5	; 0x8006a5 <sequence+0x1>
    131a:	60 91 a6 06 	lds	r22, 0x06A6	; 0x8006a6 <sequence+0x2>
    131e:	70 91 a7 06 	lds	r23, 0x06A7	; 0x8006a7 <sequence+0x3>
    1322:	8e 01       	movw	r16, r28
    1324:	0f 5f       	subi	r16, 0xFF	; 255
    1326:	1f 4f       	sbci	r17, 0xFF	; 255
    1328:	20 91 a8 06 	lds	r18, 0x06A8	; 0x8006a8 <calibration_status>
    132c:	80 91 a3 06 	lds	r24, 0x06A3	; 0x8006a3 <node_id>
    1330:	0e 94 5d 0d 	call	0x1aba	; 0x1aba <transport_service_publish_measurement>
                                          sequence,
                                          calibration_status,
                                          &result);
    sequence++;
    1334:	80 91 a4 06 	lds	r24, 0x06A4	; 0x8006a4 <sequence>
    1338:	90 91 a5 06 	lds	r25, 0x06A5	; 0x8006a5 <sequence+0x1>
    133c:	a0 91 a6 06 	lds	r26, 0x06A6	; 0x8006a6 <sequence+0x2>
    1340:	b0 91 a7 06 	lds	r27, 0x06A7	; 0x8006a7 <sequence+0x3>
    1344:	01 96       	adiw	r24, 0x01	; 1
    1346:	a1 1d       	adc	r26, r1
    1348:	b1 1d       	adc	r27, r1
    134a:	80 93 a4 06 	sts	0x06A4, r24	; 0x8006a4 <sequence>
    134e:	90 93 a5 06 	sts	0x06A5, r25	; 0x8006a5 <sequence+0x1>
    1352:	a0 93 a6 06 	sts	0x06A6, r26	; 0x8006a6 <sequence+0x2>
    1356:	b0 93 a7 06 	sts	0x06A7, r27	; 0x8006a7 <sequence+0x3>

    /* PD5 remains the established heartbeat: one toggle per published packet. */
    PORTD ^= (1 << PD5);
    135a:	9b b1       	in	r25, 0x0b	; 11
    135c:	80 e2       	ldi	r24, 0x20	; 32
    135e:	89 27       	eor	r24, r25
    1360:	8b b9       	out	0x0b, r24	; 11
}
    1362:	62 96       	adiw	r28, 0x12	; 18
    1364:	0f b6       	in	r0, 0x3f	; 63
    1366:	f8 94       	cli
    1368:	de bf       	out	0x3e, r29	; 62
    136a:	0f be       	out	0x3f, r0	; 63
    136c:	cd bf       	out	0x3d, r28	; 61
    136e:	df 91       	pop	r29
    1370:	cf 91       	pop	r28
    1372:	1f 91       	pop	r17
    1374:	0f 91       	pop	r16
    1376:	08 95       	ret

00001378 <calibration_status_text>:
#include "node_identity.h"
#include "uart0.h"

static const char *calibration_status_text(calibration_status_t status)
{
    if (status == CALIBRATION_STATUS_VALID) return "VALID";
    1378:	81 30       	cpi	r24, 0x01	; 1
    137a:	29 f0       	breq	.+10     	; 0x1386 <calibration_status_text+0xe>
    if (status == CALIBRATION_STATUS_DIRTY) return "DIRTY";
    137c:	82 30       	cpi	r24, 0x02	; 2
    137e:	31 f4       	brne	.+12     	; 0x138c <calibration_status_text+0x14>
    1380:	86 e0       	ldi	r24, 0x06	; 6
    1382:	91 e0       	ldi	r25, 0x01	; 1
    1384:	08 95       	ret
#include "node_identity.h"
#include "uart0.h"

static const char *calibration_status_text(calibration_status_t status)
{
    if (status == CALIBRATION_STATUS_VALID) return "VALID";
    1386:	80 e0       	ldi	r24, 0x00	; 0
    1388:	91 e0       	ldi	r25, 0x01	; 1
    138a:	08 95       	ret
    if (status == CALIBRATION_STATUS_DIRTY) return "DIRTY";
    return "DEFAULT";
    138c:	8c e0       	ldi	r24, 0x0C	; 12
    138e:	91 e0       	ldi	r25, 0x01	; 1
}
    1390:	08 95       	ret

00001392 <node_identity_print_info>:

void node_identity_print_info(uint8_t node_id,
                              calibration_status_t calibration_status)
{
    1392:	cf 93       	push	r28
    1394:	df 93       	push	r29
    1396:	d8 2f       	mov	r29, r24
    1398:	c6 2f       	mov	r28, r22
    uart0_print("$ND280INFO,ID=");
    139a:	82 e0       	ldi	r24, 0x02	; 2
    139c:	94 e0       	ldi	r25, 0x04	; 4
    139e:	0e 94 28 0f 	call	0x1e50	; 0x1e50 <uart0_print>
    uart0_print_uint16(node_id);
    13a2:	8d 2f       	mov	r24, r29
    13a4:	90 e0       	ldi	r25, 0x00	; 0
    13a6:	0e 94 4a 0f 	call	0x1e94	; 0x1e94 <uart0_print_uint16>
    uart0_print(",NODEOS=");
    13aa:	81 e1       	ldi	r24, 0x11	; 17
    13ac:	94 e0       	ldi	r25, 0x04	; 4
    13ae:	0e 94 28 0f 	call	0x1e50	; 0x1e50 <uart0_print>
    uart0_print(NODEOS_VERSION);
    13b2:	8a e1       	ldi	r24, 0x1A	; 26
    13b4:	94 e0       	ldi	r25, 0x04	; 4
    13b6:	0e 94 28 0f 	call	0x1e50	; 0x1e50 <uart0_print>
    uart0_print(",PROTO=");
    13ba:	88 e2       	ldi	r24, 0x28	; 40
    13bc:	94 e0       	ldi	r25, 0x04	; 4
    13be:	0e 94 28 0f 	call	0x1e50	; 0x1e50 <uart0_print>
    uart0_print_uint16(NODEOS_PROTOCOL_VERSION);
    13c2:	81 e0       	ldi	r24, 0x01	; 1
    13c4:	90 e0       	ldi	r25, 0x00	; 0
    13c6:	0e 94 4a 0f 	call	0x1e94	; 0x1e94 <uart0_print_uint16>
    uart0_print(",BOARD_REV=");
    13ca:	80 e3       	ldi	r24, 0x30	; 48
    13cc:	94 e0       	ldi	r25, 0x04	; 4
    13ce:	0e 94 28 0f 	call	0x1e50	; 0x1e50 <uart0_print>
    uart0_print(NODE_BOARD_REVISION);
    13d2:	8c e3       	ldi	r24, 0x3C	; 60
    13d4:	94 e0       	ldi	r25, 0x04	; 4
    13d6:	0e 94 28 0f 	call	0x1e50	; 0x1e50 <uart0_print>
    uart0_print(",HW=");
    13da:	8e e3       	ldi	r24, 0x3E	; 62
    13dc:	94 e0       	ldi	r25, 0x04	; 4
    13de:	0e 94 28 0f 	call	0x1e50	; 0x1e50 <uart0_print>
    uart0_print(NODE_HARDWARE_NAME);
    13e2:	83 e4       	ldi	r24, 0x43	; 67
    13e4:	94 e0       	ldi	r25, 0x04	; 4
    13e6:	0e 94 28 0f 	call	0x1e50	; 0x1e50 <uart0_print>
    uart0_print(",MCU=");
    13ea:	84 e5       	ldi	r24, 0x54	; 84
    13ec:	94 e0       	ldi	r25, 0x04	; 4
    13ee:	0e 94 28 0f 	call	0x1e50	; 0x1e50 <uart0_print>
    uart0_print(NODE_MCU_NAME);
    13f2:	8a e5       	ldi	r24, 0x5A	; 90
    13f4:	94 e0       	ldi	r25, 0x04	; 4
    13f6:	0e 94 28 0f 	call	0x1e50	; 0x1e50 <uart0_print>
    uart0_print(",SENSOR=");
    13fa:	86 e6       	ldi	r24, 0x66	; 102
    13fc:	94 e0       	ldi	r25, 0x04	; 4
    13fe:	0e 94 28 0f 	call	0x1e50	; 0x1e50 <uart0_print>
    uart0_print(NODE_SENSOR_NAME);
    1402:	8f e6       	ldi	r24, 0x6F	; 111
    1404:	94 e0       	ldi	r25, 0x04	; 4
    1406:	0e 94 28 0f 	call	0x1e50	; 0x1e50 <uart0_print>
    uart0_print(",RANGE=");
    140a:	8a e7       	ldi	r24, 0x7A	; 122
    140c:	94 e0       	ldi	r25, 0x04	; 4
    140e:	0e 94 28 0f 	call	0x1e50	; 0x1e50 <uart0_print>
    uart0_print_uint16(TMAG_FULL_SCALE_MT);
    1412:	8a e0       	ldi	r24, 0x0A	; 10
    1414:	91 e0       	ldi	r25, 0x01	; 1
    1416:	0e 94 4a 0f 	call	0x1e94	; 0x1e94 <uart0_print_uint16>
    uart0_print(",AVG=");
    141a:	82 e8       	ldi	r24, 0x82	; 130
    141c:	94 e0       	ldi	r25, 0x04	; 4
    141e:	0e 94 28 0f 	call	0x1e50	; 0x1e50 <uart0_print>
    uart0_print_uint16(AVERAGE_SAMPLES);
    1422:	8a e0       	ldi	r24, 0x0A	; 10
    1424:	90 e0       	ldi	r25, 0x00	; 0
    1426:	0e 94 4a 0f 	call	0x1e94	; 0x1e94 <uart0_print_uint16>
    uart0_print(",EEPROM_VER=");
    142a:	88 e8       	ldi	r24, 0x88	; 136
    142c:	94 e0       	ldi	r25, 0x04	; 4
    142e:	0e 94 28 0f 	call	0x1e50	; 0x1e50 <uart0_print>
    uart0_print_uint16(CALIBRATION_VERSION);
    1432:	81 e0       	ldi	r24, 0x01	; 1
    1434:	90 e0       	ldi	r25, 0x00	; 0
    1436:	0e 94 4a 0f 	call	0x1e94	; 0x1e94 <uart0_print_uint16>
    uart0_print(",CAL=");
    143a:	85 e9       	ldi	r24, 0x95	; 149
    143c:	94 e0       	ldi	r25, 0x04	; 4
    143e:	0e 94 28 0f 	call	0x1e50	; 0x1e50 <uart0_print>
    uart0_print(calibration_status_text(calibration_status));
    1442:	8c 2f       	mov	r24, r28
    1444:	0e 94 bc 09 	call	0x1378	; 0x1378 <calibration_status_text>
    1448:	0e 94 28 0f 	call	0x1e50	; 0x1e50 <uart0_print>
    uart0_print(",BUILD_DATE=");
    144c:	8b e9       	ldi	r24, 0x9B	; 155
    144e:	94 e0       	ldi	r25, 0x04	; 4
    1450:	0e 94 28 0f 	call	0x1e50	; 0x1e50 <uart0_print>
    uart0_print(__DATE__);
    1454:	88 ea       	ldi	r24, 0xA8	; 168
    1456:	94 e0       	ldi	r25, 0x04	; 4
    1458:	0e 94 28 0f 	call	0x1e50	; 0x1e50 <uart0_print>
    uart0_print(",BUILD_TIME=");
    145c:	84 eb       	ldi	r24, 0xB4	; 180
    145e:	94 e0       	ldi	r25, 0x04	; 4
    1460:	0e 94 28 0f 	call	0x1e50	; 0x1e50 <uart0_print>
    uart0_print(__TIME__);
    1464:	81 ec       	ldi	r24, 0xC1	; 193
    1466:	94 e0       	ldi	r25, 0x04	; 4
    1468:	0e 94 28 0f 	call	0x1e50	; 0x1e50 <uart0_print>
    uart0_print("\r\n");
    146c:	87 e9       	ldi	r24, 0x97	; 151
    146e:	95 e0       	ldi	r25, 0x05	; 5
    1470:	0e 94 28 0f 	call	0x1e50	; 0x1e50 <uart0_print>
}
    1474:	df 91       	pop	r29
    1476:	cf 91       	pop	r28
    1478:	08 95       	ret

0000147a <node_identity_print_boot_banner>:

void node_identity_print_boot_banner(uint8_t node_id,
                                     calibration_status_t calibration_status)
{
    147a:	cf 93       	push	r28
    147c:	df 93       	push	r29
    147e:	d8 2f       	mov	r29, r24
    1480:	c6 2f       	mov	r28, r22
    uart0_print("NODEOS_VERSION=");
    1482:	8a ec       	ldi	r24, 0xCA	; 202
    1484:	94 e0       	ldi	r25, 0x04	; 4
    1486:	0e 94 28 0f 	call	0x1e50	; 0x1e50 <uart0_print>
    uart0_print(NODEOS_VERSION);
    148a:	8a e1       	ldi	r24, 0x1A	; 26
    148c:	94 e0       	ldi	r25, 0x04	; 4
    148e:	0e 94 28 0f 	call	0x1e50	; 0x1e50 <uart0_print>
    uart0_print(",PROTOCOL=");
    1492:	8a ed       	ldi	r24, 0xDA	; 218
    1494:	94 e0       	ldi	r25, 0x04	; 4
    1496:	0e 94 28 0f 	call	0x1e50	; 0x1e50 <uart0_print>
    uart0_print_uint16(NODEOS_PROTOCOL_VERSION);
    149a:	81 e0       	ldi	r24, 0x01	; 1
    149c:	90 e0       	ldi	r25, 0x00	; 0
    149e:	0e 94 4a 0f 	call	0x1e94	; 0x1e94 <uart0_print_uint16>
    uart0_print(",BOARD_REV=");
    14a2:	80 e3       	ldi	r24, 0x30	; 48
    14a4:	94 e0       	ldi	r25, 0x04	; 4
    14a6:	0e 94 28 0f 	call	0x1e50	; 0x1e50 <uart0_print>
    uart0_print(NODE_BOARD_REVISION);
    14aa:	8c e3       	ldi	r24, 0x3C	; 60
    14ac:	94 e0       	ldi	r25, 0x04	; 4
    14ae:	0e 94 28 0f 	call	0x1e50	; 0x1e50 <uart0_print>
    uart0_print(",MCU=");
    14b2:	84 e5       	ldi	r24, 0x54	; 84
    14b4:	94 e0       	ldi	r25, 0x04	; 4
    14b6:	0e 94 28 0f 	call	0x1e50	; 0x1e50 <uart0_print>
    uart0_print(NODE_MCU_NAME);
    14ba:	8a e5       	ldi	r24, 0x5A	; 90
    14bc:	94 e0       	ldi	r25, 0x04	; 4
    14be:	0e 94 28 0f 	call	0x1e50	; 0x1e50 <uart0_print>
    uart0_print(",SENSOR=");
    14c2:	86 e6       	ldi	r24, 0x66	; 102
    14c4:	94 e0       	ldi	r25, 0x04	; 4
    14c6:	0e 94 28 0f 	call	0x1e50	; 0x1e50 <uart0_print>
    uart0_print(NODE_SENSOR_NAME);
    14ca:	8f e6       	ldi	r24, 0x6F	; 111
    14cc:	94 e0       	ldi	r25, 0x04	; 4
    14ce:	0e 94 28 0f 	call	0x1e50	; 0x1e50 <uart0_print>
    uart0_print(",NODE_ID=");
    14d2:	85 ee       	ldi	r24, 0xE5	; 229
    14d4:	94 e0       	ldi	r25, 0x04	; 4
    14d6:	0e 94 28 0f 	call	0x1e50	; 0x1e50 <uart0_print>
    uart0_print_uint16(node_id);
    14da:	8d 2f       	mov	r24, r29
    14dc:	90 e0       	ldi	r25, 0x00	; 0
    14de:	0e 94 4a 0f 	call	0x1e94	; 0x1e94 <uart0_print_uint16>
    uart0_print(",CAL=");
    14e2:	85 e9       	ldi	r24, 0x95	; 149
    14e4:	94 e0       	ldi	r25, 0x04	; 4
    14e6:	0e 94 28 0f 	call	0x1e50	; 0x1e50 <uart0_print>
    uart0_print(calibration_status_text(calibration_status));
    14ea:	8c 2f       	mov	r24, r28
    14ec:	0e 94 bc 09 	call	0x1378	; 0x1378 <calibration_status_text>
    14f0:	0e 94 28 0f 	call	0x1e50	; 0x1e50 <uart0_print>
    uart0_print("\r\nBUILD_DATE=");
    14f4:	8f ee       	ldi	r24, 0xEF	; 239
    14f6:	94 e0       	ldi	r25, 0x04	; 4
    14f8:	0e 94 28 0f 	call	0x1e50	; 0x1e50 <uart0_print>
    uart0_print(__DATE__);
    14fc:	88 ea       	ldi	r24, 0xA8	; 168
    14fe:	94 e0       	ldi	r25, 0x04	; 4
    1500:	0e 94 28 0f 	call	0x1e50	; 0x1e50 <uart0_print>
    uart0_print(",BUILD_TIME=");
    1504:	84 eb       	ldi	r24, 0xB4	; 180
    1506:	94 e0       	ldi	r25, 0x04	; 4
    1508:	0e 94 28 0f 	call	0x1e50	; 0x1e50 <uart0_print>
    uart0_print(__TIME__);
    150c:	81 ec       	ldi	r24, 0xC1	; 193
    150e:	94 e0       	ldi	r25, 0x04	; 4
    1510:	0e 94 28 0f 	call	0x1e50	; 0x1e50 <uart0_print>
    uart0_print("\r\n");
    1514:	87 e9       	ldi	r24, 0x97	; 151
    1516:	95 e0       	ldi	r25, 0x05	; 5
    1518:	0e 94 28 0f 	call	0x1e50	; 0x1e50 <uart0_print>
}
    151c:	df 91       	pop	r29
    151e:	cf 91       	pop	r28
    1520:	08 95       	ret

00001522 <leds_all_off>:
static uint8_t sensor_ticks = 0U;
static uint8_t calibration_ticks = 0U;

static void leds_all_off(void)
{
    PORTD &= ~ALL_STATUS_LEDS;
    1522:	8b b1       	in	r24, 0x0b	; 11
    1524:	8f 71       	andi	r24, 0x1F	; 31
    1526:	8b b9       	out	0x0b, r24	; 11
    1528:	08 95       	ret

0000152a <status_leds_init>:
}

void status_leds_init(void)
{
    DDRD |= ALL_STATUS_LEDS;
    152a:	8a b1       	in	r24, 0x0a	; 10
    152c:	80 6e       	ori	r24, 0xE0	; 224
    152e:	8a b9       	out	0x0a, r24	; 10
    leds_all_off();
    1530:	0e 94 91 0a 	call	0x1522	; 0x1522 <leds_all_off>

    sensor_state = STATUS_SENSOR_STARTING;
    1534:	10 92 e4 06 	sts	0x06E4, r1	; 0x8006e4 <sensor_state>
    calibration_state = CALIBRATION_STATUS_DEFAULT;
    1538:	10 92 e3 06 	sts	0x06E3, r1	; 0x8006e3 <calibration_state>
    sensor_ticks = 0U;
    153c:	10 92 e2 06 	sts	0x06E2, r1	; 0x8006e2 <sensor_ticks>
    calibration_ticks = 0U;
    1540:	10 92 e1 06 	sts	0x06E1, r1	; 0x8006e1 <calibration_ticks>
    1544:	08 95       	ret

00001546 <status_leds_run_post>:
}

void status_leds_run_post(void)
{
    /* PD5 -> PD6 -> PD7 -> all LEDs. */
    leds_all_off();
    1546:	0e 94 91 0a 	call	0x1522	; 0x1522 <leds_all_off>

    PORTD |= (1 << HEARTBEAT_LED);
    154a:	8b b1       	in	r24, 0x0b	; 11
    154c:	80 62       	ori	r24, 0x20	; 32
    154e:	8b b9       	out	0x0b, r24	; 11
    1550:	8f e5       	ldi	r24, 0x5F	; 95
    1552:	9a ee       	ldi	r25, 0xEA	; 234
    1554:	01 97       	sbiw	r24, 0x01	; 1
    1556:	f1 f7       	brne	.-4      	; 0x1554 <status_leds_run_post+0xe>
    1558:	00 c0       	rjmp	.+0      	; 0x155a <status_leds_run_post+0x14>
    155a:	00 00       	nop
    _delay_ms(POST_SINGLE_LED_MS);
    leds_all_off();
    155c:	0e 94 91 0a 	call	0x1522	; 0x1522 <leds_all_off>
    1560:	8f e2       	ldi	r24, 0x2F	; 47
    1562:	95 e7       	ldi	r25, 0x75	; 117
    1564:	01 97       	sbiw	r24, 0x01	; 1
    1566:	f1 f7       	brne	.-4      	; 0x1564 <status_leds_run_post+0x1e>
    1568:	00 c0       	rjmp	.+0      	; 0x156a <status_leds_run_post+0x24>
    156a:	00 00       	nop
    _delay_ms(POST_GAP_MS);

    PORTD |= (1 << SENSOR_LED);
    156c:	8b b1       	in	r24, 0x0b	; 11
    156e:	80 64       	ori	r24, 0x40	; 64
    1570:	8b b9       	out	0x0b, r24	; 11
    1572:	8f e5       	ldi	r24, 0x5F	; 95
    1574:	9a ee       	ldi	r25, 0xEA	; 234
    1576:	01 97       	sbiw	r24, 0x01	; 1
    1578:	f1 f7       	brne	.-4      	; 0x1576 <status_leds_run_post+0x30>
    157a:	00 c0       	rjmp	.+0      	; 0x157c <status_leds_run_post+0x36>
    157c:	00 00       	nop
    _delay_ms(POST_SINGLE_LED_MS);
    leds_all_off();
    157e:	0e 94 91 0a 	call	0x1522	; 0x1522 <leds_all_off>
    1582:	8f e2       	ldi	r24, 0x2F	; 47
    1584:	95 e7       	ldi	r25, 0x75	; 117
    1586:	01 97       	sbiw	r24, 0x01	; 1
    1588:	f1 f7       	brne	.-4      	; 0x1586 <status_leds_run_post+0x40>
    158a:	00 c0       	rjmp	.+0      	; 0x158c <status_leds_run_post+0x46>
    158c:	00 00       	nop
    _delay_ms(POST_GAP_MS);

    PORTD |= (1 << SYSTEM_LED);
    158e:	8b b1       	in	r24, 0x0b	; 11
    1590:	80 68       	ori	r24, 0x80	; 128
    1592:	8b b9       	out	0x0b, r24	; 11
    1594:	8f e5       	ldi	r24, 0x5F	; 95
    1596:	9a ee       	ldi	r25, 0xEA	; 234
    1598:	01 97       	sbiw	r24, 0x01	; 1
    159a:	f1 f7       	brne	.-4      	; 0x1598 <status_leds_run_post+0x52>
    159c:	00 c0       	rjmp	.+0      	; 0x159e <status_leds_run_post+0x58>
    159e:	00 00       	nop
    _delay_ms(POST_SINGLE_LED_MS);
    leds_all_off();
    15a0:	0e 94 91 0a 	call	0x1522	; 0x1522 <leds_all_off>
    15a4:	8f e2       	ldi	r24, 0x2F	; 47
    15a6:	95 e7       	ldi	r25, 0x75	; 117
    15a8:	01 97       	sbiw	r24, 0x01	; 1
    15aa:	f1 f7       	brne	.-4      	; 0x15a8 <status_leds_run_post+0x62>
    15ac:	00 c0       	rjmp	.+0      	; 0x15ae <status_leds_run_post+0x68>
    15ae:	00 00       	nop
    _delay_ms(POST_GAP_MS);

    PORTD |= ALL_STATUS_LEDS;
    15b0:	8b b1       	in	r24, 0x0b	; 11
    15b2:	80 6e       	ori	r24, 0xE0	; 224
    15b4:	8b b9       	out	0x0b, r24	; 11
    15b6:	9f e9       	ldi	r25, 0x9F	; 159
    15b8:	26 e8       	ldi	r18, 0x86	; 134
    15ba:	81 e0       	ldi	r24, 0x01	; 1
    15bc:	91 50       	subi	r25, 0x01	; 1
    15be:	20 40       	sbci	r18, 0x00	; 0
    15c0:	80 40       	sbci	r24, 0x00	; 0
    15c2:	e1 f7       	brne	.-8      	; 0x15bc <status_leds_run_post+0x76>
    15c4:	00 c0       	rjmp	.+0      	; 0x15c6 <status_leds_run_post+0x80>
    15c6:	00 00       	nop
    _delay_ms(POST_ALL_LEDS_MS);
    leds_all_off();
    15c8:	0e 94 91 0a 	call	0x1522	; 0x1522 <leds_all_off>

    /* Restore the startup state used by the runtime state machine. */
    sensor_state = STATUS_SENSOR_STARTING;
    15cc:	10 92 e4 06 	sts	0x06E4, r1	; 0x8006e4 <sensor_state>
    calibration_state = CALIBRATION_STATUS_DEFAULT;
    15d0:	10 92 e3 06 	sts	0x06E3, r1	; 0x8006e3 <calibration_state>
    sensor_ticks = 0U;
    15d4:	10 92 e2 06 	sts	0x06E2, r1	; 0x8006e2 <sensor_ticks>
    calibration_ticks = 0U;
    15d8:	10 92 e1 06 	sts	0x06E1, r1	; 0x8006e1 <calibration_ticks>
    15dc:	08 95       	ret

000015de <status_leds_set_sensor_state>:
}

void status_leds_set_sensor_state(status_sensor_state_t state)
{
    if (sensor_state != state) {
    15de:	90 91 e4 06 	lds	r25, 0x06E4	; 0x8006e4 <sensor_state>
    15e2:	98 17       	cp	r25, r24
    15e4:	99 f0       	breq	.+38     	; 0x160c <status_leds_set_sensor_state+0x2e>
        sensor_state = state;
    15e6:	80 93 e4 06 	sts	0x06E4, r24	; 0x8006e4 <sensor_state>
        sensor_ticks = 0U;
    15ea:	10 92 e2 06 	sts	0x06E2, r1	; 0x8006e2 <sensor_ticks>

        if (state == STATUS_SENSOR_STARTING) {
    15ee:	81 11       	cpse	r24, r1
    15f0:	04 c0       	rjmp	.+8      	; 0x15fa <status_leds_set_sensor_state+0x1c>
            PORTD &= ~(1 << SENSOR_LED);
    15f2:	8b b1       	in	r24, 0x0b	; 11
    15f4:	8f 7b       	andi	r24, 0xBF	; 191
    15f6:	8b b9       	out	0x0b, r24	; 11
    15f8:	08 95       	ret
        } else if (state == STATUS_SENSOR_OK) {
    15fa:	81 30       	cpi	r24, 0x01	; 1
    15fc:	21 f4       	brne	.+8      	; 0x1606 <status_leds_set_sensor_state+0x28>
            PORTD |= (1 << SENSOR_LED);
    15fe:	8b b1       	in	r24, 0x0b	; 11
    1600:	80 64       	ori	r24, 0x40	; 64
    1602:	8b b9       	out	0x0b, r24	; 11
    1604:	08 95       	ret
        } else {
            PORTD &= ~(1 << SENSOR_LED);
    1606:	8b b1       	in	r24, 0x0b	; 11
    1608:	8f 7b       	andi	r24, 0xBF	; 191
    160a:	8b b9       	out	0x0b, r24	; 11
    160c:	08 95       	ret

0000160e <status_leds_set_calibration_state>:
    }
}

void status_leds_set_calibration_state(calibration_status_t state)
{
    if (calibration_state != state) {
    160e:	90 91 e3 06 	lds	r25, 0x06E3	; 0x8006e3 <calibration_state>
    1612:	98 17       	cp	r25, r24
    1614:	69 f0       	breq	.+26     	; 0x1630 <status_leds_set_calibration_state+0x22>
        calibration_state = state;
    1616:	80 93 e3 06 	sts	0x06E3, r24	; 0x8006e3 <calibration_state>
        calibration_ticks = 0U;
    161a:	10 92 e1 06 	sts	0x06E1, r1	; 0x8006e1 <calibration_ticks>

        if (state == CALIBRATION_STATUS_VALID) {
    161e:	81 30       	cpi	r24, 0x01	; 1
    1620:	21 f4       	brne	.+8      	; 0x162a <status_leds_set_calibration_state+0x1c>
            PORTD |= (1 << SYSTEM_LED);
    1622:	8b b1       	in	r24, 0x0b	; 11
    1624:	80 68       	ori	r24, 0x80	; 128
    1626:	8b b9       	out	0x0b, r24	; 11
    1628:	08 95       	ret
        } else {
            PORTD &= ~(1 << SYSTEM_LED);
    162a:	8b b1       	in	r24, 0x0b	; 11
    162c:	8f 77       	andi	r24, 0x7F	; 127
    162e:	8b b9       	out	0x0b, r24	; 11
    1630:	08 95       	ret

00001632 <status_leds_process>:
    }
}

void status_leds_process(void)
{
    if (sensor_state == STATUS_SENSOR_OK) {
    1632:	80 91 e4 06 	lds	r24, 0x06E4	; 0x8006e4 <sensor_state>
    1636:	81 30       	cpi	r24, 0x01	; 1
    1638:	21 f4       	brne	.+8      	; 0x1642 <status_leds_process+0x10>
        PORTD |= (1 << SENSOR_LED);
    163a:	8b b1       	in	r24, 0x0b	; 11
    163c:	80 64       	ori	r24, 0x40	; 64
    163e:	8b b9       	out	0x0b, r24	; 11
    1640:	13 c0       	rjmp	.+38     	; 0x1668 <status_leds_process+0x36>
    } else if (sensor_state == STATUS_SENSOR_STARTING) {
    1642:	81 11       	cpse	r24, r1
    1644:	04 c0       	rjmp	.+8      	; 0x164e <status_leds_process+0x1c>
        PORTD &= ~(1 << SENSOR_LED);
    1646:	8b b1       	in	r24, 0x0b	; 11
    1648:	8f 7b       	andi	r24, 0xBF	; 191
    164a:	8b b9       	out	0x0b, r24	; 11
    164c:	0d c0       	rjmp	.+26     	; 0x1668 <status_leds_process+0x36>
    } else {
        sensor_ticks++;
    164e:	80 91 e2 06 	lds	r24, 0x06E2	; 0x8006e2 <sensor_ticks>
    1652:	8f 5f       	subi	r24, 0xFF	; 255
    1654:	80 93 e2 06 	sts	0x06E2, r24	; 0x8006e2 <sensor_ticks>
        if (sensor_ticks >= SENSOR_ERROR_TOGGLE_TICKS) {
    1658:	82 30       	cpi	r24, 0x02	; 2
    165a:	30 f0       	brcs	.+12     	; 0x1668 <status_leds_process+0x36>
            sensor_ticks = 0U;
    165c:	10 92 e2 06 	sts	0x06E2, r1	; 0x8006e2 <sensor_ticks>
            PORTD ^= (1 << SENSOR_LED);
    1660:	9b b1       	in	r25, 0x0b	; 11
    1662:	80 e4       	ldi	r24, 0x40	; 64
    1664:	89 27       	eor	r24, r25
    1666:	8b b9       	out	0x0b, r24	; 11
        }
    }

    if (calibration_state == CALIBRATION_STATUS_DEFAULT) {
    1668:	80 91 e3 06 	lds	r24, 0x06E3	; 0x8006e3 <calibration_state>
    166c:	81 11       	cpse	r24, r1
    166e:	04 c0       	rjmp	.+8      	; 0x1678 <status_leds_process+0x46>
        PORTD &= ~(1 << SYSTEM_LED);
    1670:	8b b1       	in	r24, 0x0b	; 11
    1672:	8f 77       	andi	r24, 0x7F	; 127
    1674:	8b b9       	out	0x0b, r24	; 11
    1676:	08 95       	ret
    } else if (calibration_state == CALIBRATION_STATUS_VALID) {
    1678:	81 30       	cpi	r24, 0x01	; 1
    167a:	21 f4       	brne	.+8      	; 0x1684 <status_leds_process+0x52>
        PORTD |= (1 << SYSTEM_LED);
    167c:	8b b1       	in	r24, 0x0b	; 11
    167e:	80 68       	ori	r24, 0x80	; 128
    1680:	8b b9       	out	0x0b, r24	; 11
    1682:	08 95       	ret
    } else {
        calibration_ticks++;
    1684:	80 91 e1 06 	lds	r24, 0x06E1	; 0x8006e1 <calibration_ticks>
    1688:	8f 5f       	subi	r24, 0xFF	; 255
    168a:	80 93 e1 06 	sts	0x06E1, r24	; 0x8006e1 <calibration_ticks>
        if (calibration_ticks >= CAL_DIRTY_TOGGLE_TICKS) {
    168e:	85 30       	cpi	r24, 0x05	; 5
    1690:	28 f0       	brcs	.+10     	; 0x169c <status_leds_process+0x6a>
            calibration_ticks = 0U;
    1692:	10 92 e1 06 	sts	0x06E1, r1	; 0x8006e1 <calibration_ticks>
            PORTD ^= (1 << SYSTEM_LED);
    1696:	8b b1       	in	r24, 0x0b	; 11
    1698:	80 58       	subi	r24, 0x80	; 128
    169a:	8b b9       	out	0x0b, r24	; 11
    169c:	08 95       	ret

0000169e <make_i16>:
#define TADCT0        17508L
#define TADCRES_X10   601L

static int16_t make_i16(uint8_t msb, uint8_t lsb)
{
    return (int16_t)(((uint16_t)msb << 8) | (uint16_t)lsb);
    169e:	90 e0       	ldi	r25, 0x00	; 0
    16a0:	98 2f       	mov	r25, r24
    16a2:	88 27       	eor	r24, r24
}
    16a4:	86 2b       	or	r24, r22
    16a6:	08 95       	ret

000016a8 <checked_write>:
    }
    return 1U;
}

static uint8_t checked_write(uint8_t reg, uint8_t value)
{
    16a8:	cf 93       	push	r28
    16aa:	46 2f       	mov	r20, r22
    if (!twi1_write_register(TMAG_I2C_ADDRESS, reg, value)) {
    16ac:	68 2f       	mov	r22, r24
    16ae:	85 e3       	ldi	r24, 0x35	; 53
    16b0:	0e 94 18 0e 	call	0x1c30	; 0x1c30 <twi1_write_register>
    16b4:	c8 2f       	mov	r28, r24
    16b6:	81 11       	cpse	r24, r1
    16b8:	03 c0       	rjmp	.+6      	; 0x16c0 <checked_write+0x18>
        diagnostics_record_twi_error();
    16ba:	0e 94 45 07 	call	0xe8a	; 0xe8a <diagnostics_record_twi_error>
        return 0U;
    16be:	01 c0       	rjmp	.+2      	; 0x16c2 <checked_write+0x1a>
    }
    return 1U;
    16c0:	c1 e0       	ldi	r28, 0x01	; 1
}
    16c2:	8c 2f       	mov	r24, r28
    16c4:	cf 91       	pop	r28
    16c6:	08 95       	ret

000016c8 <tmag5273_read_device_id>:
{
    return (int16_t)(((uint16_t)msb << 8) | (uint16_t)lsb);
}

uint8_t tmag5273_read_device_id(uint8_t *device_id)
{
    16c8:	cf 93       	push	r28
    if (!twi1_read_register(TMAG_I2C_ADDRESS, DEVICE_ID, device_id)) {
    16ca:	ac 01       	movw	r20, r24
    16cc:	6d e0       	ldi	r22, 0x0D	; 13
    16ce:	85 e3       	ldi	r24, 0x35	; 53
    16d0:	0e 94 4c 0e 	call	0x1c98	; 0x1c98 <twi1_read_register>
    16d4:	c8 2f       	mov	r28, r24
    16d6:	81 11       	cpse	r24, r1
    16d8:	03 c0       	rjmp	.+6      	; 0x16e0 <tmag5273_read_device_id+0x18>
        diagnostics_record_twi_error();
    16da:	0e 94 45 07 	call	0xe8a	; 0xe8a <diagnostics_record_twi_error>
        return 0U;
    16de:	01 c0       	rjmp	.+2      	; 0x16e2 <tmag5273_read_device_id+0x1a>
    }
    return 1U;
    16e0:	c1 e0       	ldi	r28, 0x01	; 1
}
    16e2:	8c 2f       	mov	r24, r28
    16e4:	cf 91       	pop	r28
    16e6:	08 95       	ret

000016e8 <tmag5273_init>:
}

uint8_t tmag5273_init(void)
{
    /* Preserve the exact known-good configuration from firmware v0.1.0. */
    if (!checked_write(DEVICE_CONFIG_1, 0x00U)) return 0U;
    16e8:	60 e0       	ldi	r22, 0x00	; 0
    16ea:	80 e0       	ldi	r24, 0x00	; 0
    16ec:	0e 94 54 0b 	call	0x16a8	; 0x16a8 <checked_write>
    16f0:	88 23       	and	r24, r24
    16f2:	c1 f0       	breq	.+48     	; 0x1724 <tmag5273_init+0x3c>
    if (!checked_write(DEVICE_CONFIG_2, 0x00U)) return 0U;
    16f4:	60 e0       	ldi	r22, 0x00	; 0
    16f6:	81 e0       	ldi	r24, 0x01	; 1
    16f8:	0e 94 54 0b 	call	0x16a8	; 0x16a8 <checked_write>
    16fc:	88 23       	and	r24, r24
    16fe:	91 f0       	breq	.+36     	; 0x1724 <tmag5273_init+0x3c>
    if (!checked_write(SENSOR_CONFIG_1, 0x74U)) return 0U;
    1700:	64 e7       	ldi	r22, 0x74	; 116
    1702:	82 e0       	ldi	r24, 0x02	; 2
    1704:	0e 94 54 0b 	call	0x16a8	; 0x16a8 <checked_write>
    1708:	88 23       	and	r24, r24
    170a:	61 f0       	breq	.+24     	; 0x1724 <tmag5273_init+0x3c>
    if (!checked_write(SENSOR_CONFIG_2, 0x03U)) return 0U;
    170c:	63 e0       	ldi	r22, 0x03	; 3
    170e:	83 e0       	ldi	r24, 0x03	; 3
    1710:	0e 94 54 0b 	call	0x16a8	; 0x16a8 <checked_write>
    1714:	88 23       	and	r24, r24
    1716:	31 f0       	breq	.+12     	; 0x1724 <tmag5273_init+0x3c>
    if (!checked_write(T_CONFIG, 0x01U)) return 0U;
    1718:	61 e0       	ldi	r22, 0x01	; 1
    171a:	87 e0       	ldi	r24, 0x07	; 7
    171c:	0e 94 54 0b 	call	0x16a8	; 0x16a8 <checked_write>
    1720:	81 11       	cpse	r24, r1
    return 1U;
    1722:	81 e0       	ldi	r24, 0x01	; 1
}
    1724:	08 95       	ret

00001726 <tmag5273_read_raw>:

uint8_t tmag5273_read_raw(tmag5273_raw_sample_t *sample)
{
    1726:	ef 92       	push	r14
    1728:	ff 92       	push	r15
    172a:	1f 93       	push	r17
    172c:	cf 93       	push	r28
    172e:	df 93       	push	r29
    1730:	cd b7       	in	r28, 0x3d	; 61
    1732:	de b7       	in	r29, 0x3e	; 62
    1734:	29 97       	sbiw	r28, 0x09	; 9
    1736:	0f b6       	in	r0, 0x3f	; 63
    1738:	f8 94       	cli
    173a:	de bf       	out	0x3e, r29	; 62
    173c:	0f be       	out	0x3f, r0	; 63
    173e:	cd bf       	out	0x3d, r28	; 61
    1740:	7c 01       	movw	r14, r24
    uint8_t buffer[9];

    /* Trigger a conversion while the device is in standby mode. */
    if (!twi1_write_register(TMAG_I2C_ADDRESS, (uint8_t)(DEVICE_ID | 0x80U), 0x00U)) {
    1742:	40 e0       	ldi	r20, 0x00	; 0
    1744:	6d e8       	ldi	r22, 0x8D	; 141
    1746:	85 e3       	ldi	r24, 0x35	; 53
    1748:	0e 94 18 0e 	call	0x1c30	; 0x1c30 <twi1_write_register>
    174c:	18 2f       	mov	r17, r24
    174e:	81 11       	cpse	r24, r1
    1750:	03 c0       	rjmp	.+6      	; 0x1758 <tmag5273_read_raw+0x32>
        diagnostics_record_twi_error();
    1752:	0e 94 45 07 	call	0xe8a	; 0xe8a <diagnostics_record_twi_error>
        return 0U;
    1756:	33 c0       	rjmp	.+102    	; 0x17be <tmag5273_read_raw+0x98>
    1758:	81 ee       	ldi	r24, 0xE1	; 225
    175a:	94 e0       	ldi	r25, 0x04	; 4
    175c:	01 97       	sbiw	r24, 0x01	; 1
    175e:	f1 f7       	brne	.-4      	; 0x175c <tmag5273_read_raw+0x36>
    1760:	00 c0       	rjmp	.+0      	; 0x1762 <tmag5273_read_raw+0x3c>
    1762:	00 00       	nop
    }
    _delay_ms(5);

    if (!twi1_read_block(TMAG_I2C_ADDRESS, T_MSB_RESULT, buffer, 9U)) {
    1764:	29 e0       	ldi	r18, 0x09	; 9
    1766:	ae 01       	movw	r20, r28
    1768:	4f 5f       	subi	r20, 0xFF	; 255
    176a:	5f 4f       	sbci	r21, 0xFF	; 255
    176c:	60 e1       	ldi	r22, 0x10	; 16
    176e:	85 e3       	ldi	r24, 0x35	; 53
    1770:	0e 94 8f 0e 	call	0x1d1e	; 0x1d1e <twi1_read_block>
    1774:	18 2f       	mov	r17, r24
    1776:	81 11       	cpse	r24, r1
    1778:	03 c0       	rjmp	.+6      	; 0x1780 <tmag5273_read_raw+0x5a>
        diagnostics_record_twi_error();
    177a:	0e 94 45 07 	call	0xe8a	; 0xe8a <diagnostics_record_twi_error>
        return 0U;
    177e:	1f c0       	rjmp	.+62     	; 0x17be <tmag5273_read_raw+0x98>
    }

    sample->temperature_raw = make_i16(buffer[0], buffer[1]);
    1780:	6a 81       	ldd	r22, Y+2	; 0x02
    1782:	89 81       	ldd	r24, Y+1	; 0x01
    1784:	0e 94 4f 0b 	call	0x169e	; 0x169e <make_i16>
    1788:	f7 01       	movw	r30, r14
    178a:	91 83       	std	Z+1, r25	; 0x01
    178c:	80 83       	st	Z, r24
    sample->bx_raw = make_i16(buffer[2], buffer[3]);
    178e:	6c 81       	ldd	r22, Y+4	; 0x04
    1790:	8b 81       	ldd	r24, Y+3	; 0x03
    1792:	0e 94 4f 0b 	call	0x169e	; 0x169e <make_i16>
    1796:	f7 01       	movw	r30, r14
    1798:	93 83       	std	Z+3, r25	; 0x03
    179a:	82 83       	std	Z+2, r24	; 0x02
    sample->by_raw = make_i16(buffer[4], buffer[5]);
    179c:	6e 81       	ldd	r22, Y+6	; 0x06
    179e:	8d 81       	ldd	r24, Y+5	; 0x05
    17a0:	0e 94 4f 0b 	call	0x169e	; 0x169e <make_i16>
    17a4:	f7 01       	movw	r30, r14
    17a6:	95 83       	std	Z+5, r25	; 0x05
    17a8:	84 83       	std	Z+4, r24	; 0x04
    sample->bz_raw = make_i16(buffer[6], buffer[7]);
    17aa:	68 85       	ldd	r22, Y+8	; 0x08
    17ac:	8f 81       	ldd	r24, Y+7	; 0x07
    17ae:	0e 94 4f 0b 	call	0x169e	; 0x169e <make_i16>
    17b2:	f7 01       	movw	r30, r14
    17b4:	97 83       	std	Z+7, r25	; 0x07
    17b6:	86 83       	std	Z+6, r24	; 0x06
    sample->status = buffer[8];
    17b8:	89 85       	ldd	r24, Y+9	; 0x09
    17ba:	80 87       	std	Z+8, r24	; 0x08

    return 1;
    17bc:	11 e0       	ldi	r17, 0x01	; 1
}
    17be:	81 2f       	mov	r24, r17
    17c0:	29 96       	adiw	r28, 0x09	; 9
    17c2:	0f b6       	in	r0, 0x3f	; 63
    17c4:	f8 94       	cli
    17c6:	de bf       	out	0x3e, r29	; 62
    17c8:	0f be       	out	0x3f, r0	; 63
    17ca:	cd bf       	out	0x3d, r28	; 61
    17cc:	df 91       	pop	r29
    17ce:	cf 91       	pop	r28
    17d0:	1f 91       	pop	r17
    17d2:	ff 90       	pop	r15
    17d4:	ef 90       	pop	r14
    17d6:	08 95       	ret

000017d8 <tmag5273_convert_averaged_raw>:
                                  int32_t bx_raw,
                                  int32_t by_raw,
                                  int32_t bz_raw,
                                  uint8_t status,
                                  tmag5273_measurement_t *measurement)
{
    17d8:	3f 92       	push	r3
    17da:	4f 92       	push	r4
    17dc:	5f 92       	push	r5
    17de:	6f 92       	push	r6
    17e0:	7f 92       	push	r7
    17e2:	8f 92       	push	r8
    17e4:	9f 92       	push	r9
    17e6:	af 92       	push	r10
    17e8:	bf 92       	push	r11
    17ea:	cf 92       	push	r12
    17ec:	df 92       	push	r13
    17ee:	ef 92       	push	r14
    17f0:	ff 92       	push	r15
    17f2:	0f 93       	push	r16
    17f4:	1f 93       	push	r17
    17f6:	cf 93       	push	r28
    17f8:	df 93       	push	r29
    17fa:	cd b7       	in	r28, 0x3d	; 61
    17fc:	de b7       	in	r29, 0x3e	; 62
    17fe:	29 01       	movw	r4, r18
    1800:	3a 01       	movw	r6, r20
    1802:	38 2c       	mov	r3, r8
    1804:	8c 88       	ldd	r8, Y+20	; 0x14
    1806:	9d 88       	ldd	r9, Y+21	; 0x15
    measurement->temperature_x100 = TSENSET0_X100
                                  + ((temperature_raw - TADCT0) * 1000L) / TADCRES_X10;
    1808:	9b 01       	movw	r18, r22
    180a:	ac 01       	movw	r20, r24
    180c:	24 56       	subi	r18, 0x64	; 100
    180e:	34 44       	sbci	r19, 0x44	; 68
    1810:	41 09       	sbc	r20, r1
    1812:	51 09       	sbc	r21, r1
    1814:	a8 ee       	ldi	r26, 0xE8	; 232
    1816:	b3 e0       	ldi	r27, 0x03	; 3
    1818:	0e 94 fd 10 	call	0x21fa	; 0x21fa <__muluhisi3>
    181c:	29 e5       	ldi	r18, 0x59	; 89
    181e:	32 e0       	ldi	r19, 0x02	; 2
    1820:	40 e0       	ldi	r20, 0x00	; 0
    1822:	50 e0       	ldi	r21, 0x00	; 0
    1824:	0e 94 cf 10 	call	0x219e	; 0x219e <__divmodsi4>
    1828:	da 01       	movw	r26, r20
    182a:	c9 01       	movw	r24, r18
    182c:	8c 53       	subi	r24, 0x3C	; 60
    182e:	96 4f       	sbci	r25, 0xF6	; 246
    1830:	af 4f       	sbci	r26, 0xFF	; 255
    1832:	bf 4f       	sbci	r27, 0xFF	; 255
                                  int32_t by_raw,
                                  int32_t bz_raw,
                                  uint8_t status,
                                  tmag5273_measurement_t *measurement)
{
    measurement->temperature_x100 = TSENSET0_X100
    1834:	f4 01       	movw	r30, r8
    1836:	80 83       	st	Z, r24
    1838:	91 83       	std	Z+1, r25	; 0x01
    183a:	a2 83       	std	Z+2, r26	; 0x02
    183c:	b3 83       	std	Z+3, r27	; 0x03
                                  + ((temperature_raw - TADCT0) * 1000L) / TADCRES_X10;

    /* TMAG5273A2 in 2x range: +/-266 mT full scale.
       Outputs are expressed in hundredths of mT. */
    measurement->bx_x100 = (bx_raw * TMAG_FULL_SCALE_X100) / 32768L;
    183e:	a8 ee       	ldi	r26, 0xE8	; 232
    1840:	b7 e6       	ldi	r27, 0x67	; 103
    1842:	a3 01       	movw	r20, r6
    1844:	92 01       	movw	r18, r4
    1846:	0e 94 fd 10 	call	0x21fa	; 0x21fa <__muluhisi3>
    184a:	2b 01       	movw	r4, r22
    184c:	3c 01       	movw	r6, r24
    184e:	99 23       	and	r25, r25
    1850:	34 f4       	brge	.+12     	; 0x185e <tmag5273_convert_averaged_raw+0x86>
    1852:	ff ef       	ldi	r31, 0xFF	; 255
    1854:	4f 0e       	add	r4, r31
    1856:	ff e7       	ldi	r31, 0x7F	; 127
    1858:	5f 1e       	adc	r5, r31
    185a:	61 1c       	adc	r6, r1
    185c:	71 1c       	adc	r7, r1
    185e:	d3 01       	movw	r26, r6
    1860:	c2 01       	movw	r24, r4
    1862:	07 2e       	mov	r0, r23
    1864:	7f e0       	ldi	r23, 0x0F	; 15
    1866:	b5 95       	asr	r27
    1868:	a7 95       	ror	r26
    186a:	97 95       	ror	r25
    186c:	87 95       	ror	r24
    186e:	7a 95       	dec	r23
    1870:	d1 f7       	brne	.-12     	; 0x1866 <tmag5273_convert_averaged_raw+0x8e>
    1872:	70 2d       	mov	r23, r0
    1874:	f4 01       	movw	r30, r8
    1876:	84 83       	std	Z+4, r24	; 0x04
    1878:	95 83       	std	Z+5, r25	; 0x05
    187a:	a6 83       	std	Z+6, r26	; 0x06
    187c:	b7 83       	std	Z+7, r27	; 0x07
    measurement->by_x100 = (by_raw * TMAG_FULL_SCALE_X100) / 32768L;
    187e:	a8 ee       	ldi	r26, 0xE8	; 232
    1880:	b7 e6       	ldi	r27, 0x67	; 103
    1882:	a8 01       	movw	r20, r16
    1884:	97 01       	movw	r18, r14
    1886:	0e 94 fd 10 	call	0x21fa	; 0x21fa <__muluhisi3>
    188a:	8b 01       	movw	r16, r22
    188c:	9c 01       	movw	r18, r24
    188e:	99 23       	and	r25, r25
    1890:	24 f4       	brge	.+8      	; 0x189a <tmag5273_convert_averaged_raw+0xc2>
    1892:	01 50       	subi	r16, 0x01	; 1
    1894:	10 48       	sbci	r17, 0x80	; 128
    1896:	2f 4f       	sbci	r18, 0xFF	; 255
    1898:	3f 4f       	sbci	r19, 0xFF	; 255
    189a:	d9 01       	movw	r26, r18
    189c:	c8 01       	movw	r24, r16
    189e:	07 2e       	mov	r0, r23
    18a0:	7f e0       	ldi	r23, 0x0F	; 15
    18a2:	b5 95       	asr	r27
    18a4:	a7 95       	ror	r26
    18a6:	97 95       	ror	r25
    18a8:	87 95       	ror	r24
    18aa:	7a 95       	dec	r23
    18ac:	d1 f7       	brne	.-12     	; 0x18a2 <tmag5273_convert_averaged_raw+0xca>
    18ae:	70 2d       	mov	r23, r0
    18b0:	f4 01       	movw	r30, r8
    18b2:	80 87       	std	Z+8, r24	; 0x08
    18b4:	91 87       	std	Z+9, r25	; 0x09
    18b6:	a2 87       	std	Z+10, r26	; 0x0a
    18b8:	b3 87       	std	Z+11, r27	; 0x0b
    measurement->bz_x100 = (bz_raw * TMAG_FULL_SCALE_X100) / 32768L;
    18ba:	a8 ee       	ldi	r26, 0xE8	; 232
    18bc:	b7 e6       	ldi	r27, 0x67	; 103
    18be:	a6 01       	movw	r20, r12
    18c0:	95 01       	movw	r18, r10
    18c2:	0e 94 fd 10 	call	0x21fa	; 0x21fa <__muluhisi3>
    18c6:	8b 01       	movw	r16, r22
    18c8:	9c 01       	movw	r18, r24
    18ca:	99 23       	and	r25, r25
    18cc:	24 f4       	brge	.+8      	; 0x18d6 <tmag5273_convert_averaged_raw+0xfe>
    18ce:	01 50       	subi	r16, 0x01	; 1
    18d0:	10 48       	sbci	r17, 0x80	; 128
    18d2:	2f 4f       	sbci	r18, 0xFF	; 255
    18d4:	3f 4f       	sbci	r19, 0xFF	; 255
    18d6:	d9 01       	movw	r26, r18
    18d8:	c8 01       	movw	r24, r16
    18da:	07 2e       	mov	r0, r23
    18dc:	7f e0       	ldi	r23, 0x0F	; 15
    18de:	b5 95       	asr	r27
    18e0:	a7 95       	ror	r26
    18e2:	97 95       	ror	r25
    18e4:	87 95       	ror	r24
    18e6:	7a 95       	dec	r23
    18e8:	d1 f7       	brne	.-12     	; 0x18de <tmag5273_convert_averaged_raw+0x106>
    18ea:	70 2d       	mov	r23, r0
    18ec:	f4 01       	movw	r30, r8
    18ee:	84 87       	std	Z+12, r24	; 0x0c
    18f0:	95 87       	std	Z+13, r25	; 0x0d
    18f2:	a6 87       	std	Z+14, r26	; 0x0e
    18f4:	b7 87       	std	Z+15, r27	; 0x0f
    measurement->status = status;
    18f6:	30 8a       	std	Z+16, r3	; 0x10
}
    18f8:	df 91       	pop	r29
    18fa:	cf 91       	pop	r28
    18fc:	1f 91       	pop	r17
    18fe:	0f 91       	pop	r16
    1900:	ff 90       	pop	r15
    1902:	ef 90       	pop	r14
    1904:	df 90       	pop	r13
    1906:	cf 90       	pop	r12
    1908:	bf 90       	pop	r11
    190a:	af 90       	pop	r10
    190c:	9f 90       	pop	r9
    190e:	8f 90       	pop	r8
    1910:	7f 90       	pop	r7
    1912:	6f 90       	pop	r6
    1914:	5f 90       	pop	r5
    1916:	4f 90       	pop	r4
    1918:	3f 90       	pop	r3
    191a:	08 95       	ret

0000191c <transport_service_calibration_status_text>:
#include "uart0.h"
#include "diagnostics.h"

const char *transport_service_calibration_status_text(calibration_status_t status)
{
    if (status == CALIBRATION_STATUS_VALID) return "VALID";
    191c:	81 30       	cpi	r24, 0x01	; 1
    191e:	29 f0       	breq	.+10     	; 0x192a <transport_service_calibration_status_text+0xe>
    if (status == CALIBRATION_STATUS_DIRTY) return "DIRTY";
    1920:	82 30       	cpi	r24, 0x02	; 2
    1922:	31 f4       	brne	.+12     	; 0x1930 <transport_service_calibration_status_text+0x14>
    1924:	86 e0       	ldi	r24, 0x06	; 6
    1926:	91 e0       	ldi	r25, 0x01	; 1
    1928:	08 95       	ret
#include "uart0.h"
#include "diagnostics.h"

const char *transport_service_calibration_status_text(calibration_status_t status)
{
    if (status == CALIBRATION_STATUS_VALID) return "VALID";
    192a:	80 e0       	ldi	r24, 0x00	; 0
    192c:	91 e0       	ldi	r25, 0x01	; 1
    192e:	08 95       	ret
    if (status == CALIBRATION_STATUS_DIRTY) return "DIRTY";
    return "DEFAULT";
    1930:	8c e0       	ldi	r24, 0x0C	; 12
    1932:	91 e0       	ldi	r25, 0x01	; 1
}
    1934:	08 95       	ret

00001936 <print_calibration_summary>:
    uart0_print("\r\n");
}

static void print_calibration_summary(const calibration_record_t *calibration,
                                      calibration_status_t status)
{
    1936:	1f 93       	push	r17
    1938:	cf 93       	push	r28
    193a:	df 93       	push	r29
    193c:	ec 01       	movw	r28, r24
    193e:	16 2f       	mov	r17, r22
    uart0_print("CALIBRATION=");
    1940:	8d ef       	ldi	r24, 0xFD	; 253
    1942:	94 e0       	ldi	r25, 0x04	; 4
    1944:	0e 94 28 0f 	call	0x1e50	; 0x1e50 <uart0_print>
    uart0_print(transport_service_calibration_status_text(status));
    1948:	81 2f       	mov	r24, r17
    194a:	0e 94 8e 0c 	call	0x191c	; 0x191c <transport_service_calibration_status_text>
    194e:	0e 94 28 0f 	call	0x1e50	; 0x1e50 <uart0_print>
    uart0_print(",VERSION=");
    1952:	8a e0       	ldi	r24, 0x0A	; 10
    1954:	95 e0       	ldi	r25, 0x05	; 5
    1956:	0e 94 28 0f 	call	0x1e50	; 0x1e50 <uart0_print>
    uart0_print_uint16(calibration->version);
    195a:	8c 81       	ldd	r24, Y+4	; 0x04
    195c:	9d 81       	ldd	r25, Y+5	; 0x05
    195e:	0e 94 4a 0f 	call	0x1e94	; 0x1e94 <uart0_print_uint16>
    uart0_print(",COUNTER=");
    1962:	84 e1       	ldi	r24, 0x14	; 20
    1964:	95 e0       	ldi	r25, 0x05	; 5
    1966:	0e 94 28 0f 	call	0x1e50	; 0x1e50 <uart0_print>
    uart0_print_uint32(calibration->calibration_counter);
    196a:	68 a9       	ldd	r22, Y+48	; 0x30
    196c:	79 a9       	ldd	r23, Y+49	; 0x31
    196e:	8a a9       	ldd	r24, Y+50	; 0x32
    1970:	9b a9       	ldd	r25, Y+51	; 0x33
    1972:	0e 94 a1 0f 	call	0x1f42	; 0x1f42 <uart0_print_uint32>
    uart0_print("\r\n");
    1976:	87 e9       	ldi	r24, 0x97	; 151
    1978:	95 e0       	ldi	r25, 0x05	; 5
    197a:	0e 94 28 0f 	call	0x1e50	; 0x1e50 <uart0_print>

    uart0_print("CAL_OFFSET_X=");
    197e:	8e e1       	ldi	r24, 0x1E	; 30
    1980:	95 e0       	ldi	r25, 0x05	; 5
    1982:	0e 94 28 0f 	call	0x1e50	; 0x1e50 <uart0_print>
    uart0_print_fixed_2(calibration->offset_x_x100);
    1986:	68 85       	ldd	r22, Y+8	; 0x08
    1988:	79 85       	ldd	r23, Y+9	; 0x09
    198a:	8a 85       	ldd	r24, Y+10	; 0x0a
    198c:	9b 85       	ldd	r25, Y+11	; 0x0b
    198e:	0e 94 02 10 	call	0x2004	; 0x2004 <uart0_print_fixed_2>
    uart0_print(",CAL_OFFSET_Y=");
    1992:	8c e2       	ldi	r24, 0x2C	; 44
    1994:	95 e0       	ldi	r25, 0x05	; 5
    1996:	0e 94 28 0f 	call	0x1e50	; 0x1e50 <uart0_print>
    uart0_print_fixed_2(calibration->offset_y_x100);
    199a:	6c 85       	ldd	r22, Y+12	; 0x0c
    199c:	7d 85       	ldd	r23, Y+13	; 0x0d
    199e:	8e 85       	ldd	r24, Y+14	; 0x0e
    19a0:	9f 85       	ldd	r25, Y+15	; 0x0f
    19a2:	0e 94 02 10 	call	0x2004	; 0x2004 <uart0_print_fixed_2>
    uart0_print(",CAL_OFFSET_Z=");
    19a6:	8b e3       	ldi	r24, 0x3B	; 59
    19a8:	95 e0       	ldi	r25, 0x05	; 5
    19aa:	0e 94 28 0f 	call	0x1e50	; 0x1e50 <uart0_print>
    uart0_print_fixed_2(calibration->offset_z_x100);
    19ae:	68 89       	ldd	r22, Y+16	; 0x10
    19b0:	79 89       	ldd	r23, Y+17	; 0x11
    19b2:	8a 89       	ldd	r24, Y+18	; 0x12
    19b4:	9b 89       	ldd	r25, Y+19	; 0x13
    19b6:	0e 94 02 10 	call	0x2004	; 0x2004 <uart0_print_fixed_2>
    uart0_print("\r\n");
    19ba:	87 e9       	ldi	r24, 0x97	; 151
    19bc:	95 e0       	ldi	r25, 0x05	; 5
    19be:	0e 94 28 0f 	call	0x1e50	; 0x1e50 <uart0_print>
}
    19c2:	df 91       	pop	r29
    19c4:	cf 91       	pop	r28
    19c6:	1f 91       	pop	r17
    19c8:	08 95       	ret

000019ca <transport_service_init>:
    return "DEFAULT";
}

void transport_service_init(void)
{
    uart0_init();
    19ca:	0e 94 13 0f 	call	0x1e26	; 0x1e26 <uart0_init>
    19ce:	08 95       	ret

000019d0 <transport_service_publish_error>:
}

void transport_service_publish_error(const char *message)
{
    19d0:	cf 93       	push	r28
    19d2:	df 93       	push	r29
    19d4:	ec 01       	movw	r28, r24
    uart0_print("ERROR,");
    19d6:	8a e4       	ldi	r24, 0x4A	; 74
    19d8:	95 e0       	ldi	r25, 0x05	; 5
    19da:	0e 94 28 0f 	call	0x1e50	; 0x1e50 <uart0_print>
    uart0_print(message);
    19de:	ce 01       	movw	r24, r28
    19e0:	0e 94 28 0f 	call	0x1e50	; 0x1e50 <uart0_print>
    uart0_print("\r\n");
    19e4:	87 e9       	ldi	r24, 0x97	; 151
    19e6:	95 e0       	ldi	r25, 0x05	; 5
    19e8:	0e 94 28 0f 	call	0x1e50	; 0x1e50 <uart0_print>
}
    19ec:	df 91       	pop	r29
    19ee:	cf 91       	pop	r28
    19f0:	08 95       	ret

000019f2 <transport_service_print_startup>:

void transport_service_print_startup(const calibration_record_t *calibration,
                                     calibration_status_t status,
                                     uint8_t node_id,
                                     uint8_t device_id)
{
    19f2:	ff 92       	push	r15
    19f4:	0f 93       	push	r16
    19f6:	1f 93       	push	r17
    19f8:	cf 93       	push	r28
    19fa:	df 93       	push	r29
    19fc:	8c 01       	movw	r16, r24
    19fe:	f6 2e       	mov	r15, r22
    1a00:	c4 2f       	mov	r28, r20
    1a02:	d2 2f       	mov	r29, r18
    uart0_print("\r\nND280 Magnetic Field Node v");
    1a04:	81 e5       	ldi	r24, 0x51	; 81
    1a06:	95 e0       	ldi	r25, 0x05	; 5
    1a08:	0e 94 28 0f 	call	0x1e50	; 0x1e50 <uart0_print>
    uart0_print(FIRMWARE_VERSION);
    1a0c:	8a e1       	ldi	r24, 0x1A	; 26
    1a0e:	94 e0       	ldi	r25, 0x04	; 4
    1a10:	0e 94 28 0f 	call	0x1e50	; 0x1e50 <uart0_print>
    uart0_print("\r\nUART0=4800,RX_COMMANDS=ON,TWI1=PE0/PE1\r\n");
    1a14:	8f e6       	ldi	r24, 0x6F	; 111
    1a16:	95 e0       	ldi	r25, 0x05	; 5
    1a18:	0e 94 28 0f 	call	0x1e50	; 0x1e50 <uart0_print>
    uart0_print("AVERAGE_SAMPLES=");
    1a1c:	8a e9       	ldi	r24, 0x9A	; 154
    1a1e:	95 e0       	ldi	r25, 0x05	; 5
    1a20:	0e 94 28 0f 	call	0x1e50	; 0x1e50 <uart0_print>
    uart0_print_uint16(AVERAGE_SAMPLES);
    1a24:	8a e0       	ldi	r24, 0x0A	; 10
    1a26:	90 e0       	ldi	r25, 0x00	; 0
    1a28:	0e 94 4a 0f 	call	0x1e94	; 0x1e94 <uart0_print_uint16>
    uart0_print(",SAMPLE_INTERVAL_MS=");
    1a2c:	8b ea       	ldi	r24, 0xAB	; 171
    1a2e:	95 e0       	ldi	r25, 0x05	; 5
    1a30:	0e 94 28 0f 	call	0x1e50	; 0x1e50 <uart0_print>
    uart0_print_uint16(SAMPLE_INTERVAL_MS);
    1a34:	84 e6       	ldi	r24, 0x64	; 100
    1a36:	90 e0       	ldi	r25, 0x00	; 0
    1a38:	0e 94 4a 0f 	call	0x1e94	; 0x1e94 <uart0_print_uint16>
    uart0_print("\r\nTMAG_VARIANT=");
    1a3c:	80 ec       	ldi	r24, 0xC0	; 192
    1a3e:	95 e0       	ldi	r25, 0x05	; 5
    1a40:	0e 94 28 0f 	call	0x1e50	; 0x1e50 <uart0_print>
    uart0_print(TMAG_VARIANT);
    1a44:	87 e7       	ldi	r24, 0x77	; 119
    1a46:	94 e0       	ldi	r25, 0x04	; 4
    1a48:	0e 94 28 0f 	call	0x1e50	; 0x1e50 <uart0_print>
    uart0_print(",TMAG_RANGE_MT=");
    1a4c:	80 ed       	ldi	r24, 0xD0	; 208
    1a4e:	95 e0       	ldi	r25, 0x05	; 5
    1a50:	0e 94 28 0f 	call	0x1e50	; 0x1e50 <uart0_print>
    uart0_print_uint16(TMAG_FULL_SCALE_MT);
    1a54:	8a e0       	ldi	r24, 0x0A	; 10
    1a56:	91 e0       	ldi	r25, 0x01	; 1
    1a58:	0e 94 4a 0f 	call	0x1e94	; 0x1e94 <uart0_print_uint16>
    uart0_print("\r\n");
    1a5c:	87 e9       	ldi	r24, 0x97	; 151
    1a5e:	95 e0       	ldi	r25, 0x05	; 5
    1a60:	0e 94 28 0f 	call	0x1e50	; 0x1e50 <uart0_print>

    print_calibration_summary(calibration, status);
    1a64:	6f 2d       	mov	r22, r15
    1a66:	c8 01       	movw	r24, r16
    1a68:	0e 94 9b 0c 	call	0x1936	; 0x1936 <print_calibration_summary>

    uart0_print("TMAG_DEVICE_ID=0x");
    1a6c:	80 ee       	ldi	r24, 0xE0	; 224
    1a6e:	95 e0       	ldi	r25, 0x05	; 5
    1a70:	0e 94 28 0f 	call	0x1e50	; 0x1e50 <uart0_print>
    uart0_print_hex8(device_id);
    1a74:	8d 2f       	mov	r24, r29
    1a76:	0e 94 35 0f 	call	0x1e6a	; 0x1e6a <uart0_print_hex8>
    uart0_print("\r\nTMAG_INIT=OK\r\nBOARD_ID=");
    1a7a:	82 ef       	ldi	r24, 0xF2	; 242
    1a7c:	95 e0       	ldi	r25, 0x05	; 5
    1a7e:	0e 94 28 0f 	call	0x1e50	; 0x1e50 <uart0_print>
    uart0_print_uint16(node_id);
    1a82:	8c 2f       	mov	r24, r28
    1a84:	90 e0       	ldi	r25, 0x00	; 0
    1a86:	0e 94 4a 0f 	call	0x1e94	; 0x1e94 <uart0_print_uint16>
    uart0_print("\r\nRESET_CAUSE=");
    1a8a:	8c e0       	ldi	r24, 0x0C	; 12
    1a8c:	96 e0       	ldi	r25, 0x06	; 6
    1a8e:	0e 94 28 0f 	call	0x1e50	; 0x1e50 <uart0_print>
    diagnostics_print_reset_causes();
    1a92:	0e 94 ed 06 	call	0xdda	; 0xdda <diagnostics_print_reset_causes>
    uart0_print(",BOOT_COUNT=");
    1a96:	8b e1       	ldi	r24, 0x1B	; 27
    1a98:	96 e0       	ldi	r25, 0x06	; 6
    1a9a:	0e 94 28 0f 	call	0x1e50	; 0x1e50 <uart0_print>
    uart0_print_uint32(diagnostics_get_boot_count());
    1a9e:	0e 94 e4 06 	call	0xdc8	; 0xdc8 <diagnostics_get_boot_count>
    1aa2:	0e 94 a1 0f 	call	0x1f42	; 0x1f42 <uart0_print_uint32>
    uart0_print("\r\nTYPE HELP FOR COMMANDS\r\n");
    1aa6:	88 e2       	ldi	r24, 0x28	; 40
    1aa8:	96 e0       	ldi	r25, 0x06	; 6
    1aaa:	0e 94 28 0f 	call	0x1e50	; 0x1e50 <uart0_print>
}
    1aae:	df 91       	pop	r29
    1ab0:	cf 91       	pop	r28
    1ab2:	1f 91       	pop	r17
    1ab4:	0f 91       	pop	r16
    1ab6:	ff 90       	pop	r15
    1ab8:	08 95       	ret

00001aba <transport_service_publish_measurement>:

void transport_service_publish_measurement(uint8_t node_id,
                                           uint32_t sequence,
                                           calibration_status_t status,
                                           const measurement_result_t *result)
{
    1aba:	8f 92       	push	r8
    1abc:	9f 92       	push	r9
    1abe:	af 92       	push	r10
    1ac0:	bf 92       	push	r11
    1ac2:	ef 92       	push	r14
    1ac4:	ff 92       	push	r15
    1ac6:	0f 93       	push	r16
    1ac8:	1f 93       	push	r17
    1aca:	cf 93       	push	r28
    1acc:	df 93       	push	r29
    1ace:	e8 2e       	mov	r14, r24
    1ad0:	4a 01       	movw	r8, r20
    1ad2:	5b 01       	movw	r10, r22
    1ad4:	f2 2e       	mov	r15, r18
    1ad6:	e8 01       	movw	r28, r16
    uart0_print("$ND280,VER=");
    1ad8:	83 e4       	ldi	r24, 0x43	; 67
    1ada:	96 e0       	ldi	r25, 0x06	; 6
    1adc:	0e 94 28 0f 	call	0x1e50	; 0x1e50 <uart0_print>
    uart0_print(FIRMWARE_VERSION);
    1ae0:	8a e1       	ldi	r24, 0x1A	; 26
    1ae2:	94 e0       	ldi	r25, 0x04	; 4
    1ae4:	0e 94 28 0f 	call	0x1e50	; 0x1e50 <uart0_print>
    uart0_print(",ID=");
    1ae8:	80 e5       	ldi	r24, 0x50	; 80
    1aea:	93 e0       	ldi	r25, 0x03	; 3
    1aec:	0e 94 28 0f 	call	0x1e50	; 0x1e50 <uart0_print>
    uart0_print_uint16(node_id);
    1af0:	8e 2d       	mov	r24, r14
    1af2:	90 e0       	ldi	r25, 0x00	; 0
    1af4:	0e 94 4a 0f 	call	0x1e94	; 0x1e94 <uart0_print_uint16>
    uart0_print(",SEQ=");
    1af8:	8c ef       	ldi	r24, 0xFC	; 252
    1afa:	93 e0       	ldi	r25, 0x03	; 3
    1afc:	0e 94 28 0f 	call	0x1e50	; 0x1e50 <uart0_print>
    uart0_print_uint32(sequence);
    1b00:	c5 01       	movw	r24, r10
    1b02:	b4 01       	movw	r22, r8
    1b04:	0e 94 a1 0f 	call	0x1f42	; 0x1f42 <uart0_print_uint32>
    uart0_print(",AVG=");
    1b08:	82 e8       	ldi	r24, 0x82	; 130
    1b0a:	94 e0       	ldi	r25, 0x04	; 4
    1b0c:	0e 94 28 0f 	call	0x1e50	; 0x1e50 <uart0_print>
    uart0_print_uint16(result->valid_samples);
    1b10:	89 89       	ldd	r24, Y+17	; 0x11
    1b12:	90 e0       	ldi	r25, 0x00	; 0
    1b14:	0e 94 4a 0f 	call	0x1e94	; 0x1e94 <uart0_print_uint16>
    uart0_print(",CAL=");
    1b18:	85 e9       	ldi	r24, 0x95	; 149
    1b1a:	94 e0       	ldi	r25, 0x04	; 4
    1b1c:	0e 94 28 0f 	call	0x1e50	; 0x1e50 <uart0_print>
    uart0_print(transport_service_calibration_status_text(status));
    1b20:	8f 2d       	mov	r24, r15
    1b22:	0e 94 8e 0c 	call	0x191c	; 0x191c <transport_service_calibration_status_text>
    1b26:	0e 94 28 0f 	call	0x1e50	; 0x1e50 <uart0_print>
    uart0_print(",T=");
    1b2a:	8f e4       	ldi	r24, 0x4F	; 79
    1b2c:	96 e0       	ldi	r25, 0x06	; 6
    1b2e:	0e 94 28 0f 	call	0x1e50	; 0x1e50 <uart0_print>
    uart0_print_fixed_2(result->value.temperature_x100);
    1b32:	68 81       	ld	r22, Y
    1b34:	79 81       	ldd	r23, Y+1	; 0x01
    1b36:	8a 81       	ldd	r24, Y+2	; 0x02
    1b38:	9b 81       	ldd	r25, Y+3	; 0x03
    1b3a:	0e 94 02 10 	call	0x2004	; 0x2004 <uart0_print_fixed_2>
    uart0_print(",BX=");
    1b3e:	83 e5       	ldi	r24, 0x53	; 83
    1b40:	96 e0       	ldi	r25, 0x06	; 6
    1b42:	0e 94 28 0f 	call	0x1e50	; 0x1e50 <uart0_print>
    uart0_print_fixed_2(result->value.bx_x100);
    1b46:	6c 81       	ldd	r22, Y+4	; 0x04
    1b48:	7d 81       	ldd	r23, Y+5	; 0x05
    1b4a:	8e 81       	ldd	r24, Y+6	; 0x06
    1b4c:	9f 81       	ldd	r25, Y+7	; 0x07
    1b4e:	0e 94 02 10 	call	0x2004	; 0x2004 <uart0_print_fixed_2>
    uart0_print(",BY=");
    1b52:	88 e5       	ldi	r24, 0x58	; 88
    1b54:	96 e0       	ldi	r25, 0x06	; 6
    1b56:	0e 94 28 0f 	call	0x1e50	; 0x1e50 <uart0_print>
    uart0_print_fixed_2(result->value.by_x100);
    1b5a:	68 85       	ldd	r22, Y+8	; 0x08
    1b5c:	79 85       	ldd	r23, Y+9	; 0x09
    1b5e:	8a 85       	ldd	r24, Y+10	; 0x0a
    1b60:	9b 85       	ldd	r25, Y+11	; 0x0b
    1b62:	0e 94 02 10 	call	0x2004	; 0x2004 <uart0_print_fixed_2>
    uart0_print(",BZ=");
    1b66:	8d e5       	ldi	r24, 0x5D	; 93
    1b68:	96 e0       	ldi	r25, 0x06	; 6
    1b6a:	0e 94 28 0f 	call	0x1e50	; 0x1e50 <uart0_print>
    uart0_print_fixed_2(result->value.bz_x100);
    1b6e:	6c 85       	ldd	r22, Y+12	; 0x0c
    1b70:	7d 85       	ldd	r23, Y+13	; 0x0d
    1b72:	8e 85       	ldd	r24, Y+14	; 0x0e
    1b74:	9f 85       	ldd	r25, Y+15	; 0x0f
    1b76:	0e 94 02 10 	call	0x2004	; 0x2004 <uart0_print_fixed_2>
    uart0_print(",STATUS=0x");
    1b7a:	82 e6       	ldi	r24, 0x62	; 98
    1b7c:	96 e0       	ldi	r25, 0x06	; 6
    1b7e:	0e 94 28 0f 	call	0x1e50	; 0x1e50 <uart0_print>
    uart0_print_hex8(result->value.status);
    1b82:	88 89       	ldd	r24, Y+16	; 0x10
    1b84:	0e 94 35 0f 	call	0x1e6a	; 0x1e6a <uart0_print_hex8>
    uart0_print("\r\n");
    1b88:	87 e9       	ldi	r24, 0x97	; 151
    1b8a:	95 e0       	ldi	r25, 0x05	; 5
    1b8c:	0e 94 28 0f 	call	0x1e50	; 0x1e50 <uart0_print>
}
    1b90:	df 91       	pop	r29
    1b92:	cf 91       	pop	r28
    1b94:	1f 91       	pop	r17
    1b96:	0f 91       	pop	r16
    1b98:	ff 90       	pop	r15
    1b9a:	ef 90       	pop	r14
    1b9c:	bf 90       	pop	r11
    1b9e:	af 90       	pop	r10
    1ba0:	9f 90       	pop	r9
    1ba2:	8f 90       	pop	r8
    1ba4:	08 95       	ret

00001ba6 <twi1_start>:
{
    if (!twi1_start()) { twi1_stop(); return 0; }
    uint8_t status = twi1_write_byte((uint8_t)(address << 1));
    twi1_stop();
    return status == 0x18U;
}
    1ba6:	84 ea       	ldi	r24, 0xA4	; 164
    1ba8:	80 93 dc 00 	sts	0x00DC, r24	; 0x8000dc <__TEXT_REGION_LENGTH__+0x7f80dc>
    1bac:	80 91 dc 00 	lds	r24, 0x00DC	; 0x8000dc <__TEXT_REGION_LENGTH__+0x7f80dc>
    1bb0:	88 23       	and	r24, r24
    1bb2:	e4 f7       	brge	.-8      	; 0x1bac <twi1_start+0x6>
    1bb4:	80 91 d9 00 	lds	r24, 0x00D9	; 0x8000d9 <__TEXT_REGION_LENGTH__+0x7f80d9>
    1bb8:	88 7f       	andi	r24, 0xF8	; 248
    1bba:	88 30       	cpi	r24, 0x08	; 8
    1bbc:	21 f0       	breq	.+8      	; 0x1bc6 <twi1_start+0x20>
    1bbe:	80 31       	cpi	r24, 0x10	; 16
    1bc0:	21 f4       	brne	.+8      	; 0x1bca <twi1_start+0x24>
    1bc2:	81 e0       	ldi	r24, 0x01	; 1
    1bc4:	08 95       	ret
    1bc6:	81 e0       	ldi	r24, 0x01	; 1
    1bc8:	08 95       	ret
    1bca:	80 e0       	ldi	r24, 0x00	; 0
    1bcc:	08 95       	ret

00001bce <twi1_stop>:
    1bce:	84 e9       	ldi	r24, 0x94	; 148
    1bd0:	80 93 dc 00 	sts	0x00DC, r24	; 0x8000dc <__TEXT_REGION_LENGTH__+0x7f80dc>
    1bd4:	08 95       	ret

00001bd6 <twi1_write_byte>:
    1bd6:	80 93 db 00 	sts	0x00DB, r24	; 0x8000db <__TEXT_REGION_LENGTH__+0x7f80db>
    1bda:	84 e8       	ldi	r24, 0x84	; 132
    1bdc:	80 93 dc 00 	sts	0x00DC, r24	; 0x8000dc <__TEXT_REGION_LENGTH__+0x7f80dc>
    1be0:	80 91 dc 00 	lds	r24, 0x00DC	; 0x8000dc <__TEXT_REGION_LENGTH__+0x7f80dc>
    1be4:	88 23       	and	r24, r24
    1be6:	e4 f7       	brge	.-8      	; 0x1be0 <twi1_write_byte+0xa>
    1be8:	80 91 d9 00 	lds	r24, 0x00D9	; 0x8000d9 <__TEXT_REGION_LENGTH__+0x7f80d9>
    1bec:	88 7f       	andi	r24, 0xF8	; 248
    1bee:	08 95       	ret

00001bf0 <twi1_read_ack>:
    1bf0:	84 ec       	ldi	r24, 0xC4	; 196
    1bf2:	80 93 dc 00 	sts	0x00DC, r24	; 0x8000dc <__TEXT_REGION_LENGTH__+0x7f80dc>
    1bf6:	80 91 dc 00 	lds	r24, 0x00DC	; 0x8000dc <__TEXT_REGION_LENGTH__+0x7f80dc>
    1bfa:	88 23       	and	r24, r24
    1bfc:	e4 f7       	brge	.-8      	; 0x1bf6 <twi1_read_ack+0x6>
    1bfe:	80 91 db 00 	lds	r24, 0x00DB	; 0x8000db <__TEXT_REGION_LENGTH__+0x7f80db>
    1c02:	08 95       	ret

00001c04 <twi1_read_nack>:
    1c04:	84 e8       	ldi	r24, 0x84	; 132
    1c06:	80 93 dc 00 	sts	0x00DC, r24	; 0x8000dc <__TEXT_REGION_LENGTH__+0x7f80dc>
    1c0a:	80 91 dc 00 	lds	r24, 0x00DC	; 0x8000dc <__TEXT_REGION_LENGTH__+0x7f80dc>
    1c0e:	88 23       	and	r24, r24
    1c10:	e4 f7       	brge	.-8      	; 0x1c0a <twi1_read_nack+0x6>
    1c12:	80 91 db 00 	lds	r24, 0x00DB	; 0x8000db <__TEXT_REGION_LENGTH__+0x7f80db>
    1c16:	08 95       	ret

00001c18 <twi1_init>:
    1c18:	8e b1       	in	r24, 0x0e	; 14
    1c1a:	83 60       	ori	r24, 0x03	; 3
    1c1c:	8e b9       	out	0x0e, r24	; 14
    1c1e:	10 92 d9 00 	sts	0x00D9, r1	; 0x8000d9 <__TEXT_REGION_LENGTH__+0x7f80d9>
    1c22:	82 e0       	ldi	r24, 0x02	; 2
    1c24:	80 93 d8 00 	sts	0x00D8, r24	; 0x8000d8 <__TEXT_REGION_LENGTH__+0x7f80d8>
    1c28:	84 e0       	ldi	r24, 0x04	; 4
    1c2a:	80 93 dc 00 	sts	0x00DC, r24	; 0x8000dc <__TEXT_REGION_LENGTH__+0x7f80dc>
    1c2e:	08 95       	ret

00001c30 <twi1_write_register>:

uint8_t twi1_write_register(uint8_t address, uint8_t reg, uint8_t value)
{
    1c30:	0f 93       	push	r16
    1c32:	1f 93       	push	r17
    1c34:	cf 93       	push	r28
    1c36:	df 93       	push	r29
    1c38:	d8 2f       	mov	r29, r24
    1c3a:	16 2f       	mov	r17, r22
    1c3c:	04 2f       	mov	r16, r20
    if (!twi1_start()) { twi1_stop(); return 0; }
    1c3e:	0e 94 d3 0d 	call	0x1ba6	; 0x1ba6 <twi1_start>
    1c42:	c8 2f       	mov	r28, r24
    1c44:	81 11       	cpse	r24, r1
    1c46:	03 c0       	rjmp	.+6      	; 0x1c4e <twi1_write_register+0x1e>
    1c48:	0e 94 e7 0d 	call	0x1bce	; 0x1bce <twi1_stop>
    1c4c:	1f c0       	rjmp	.+62     	; 0x1c8c <twi1_write_register+0x5c>
    if (twi1_write_byte((uint8_t)(address << 1)) != 0x18U) { twi1_stop(); return 0; }
    1c4e:	8d 2f       	mov	r24, r29
    1c50:	88 0f       	add	r24, r24
    1c52:	0e 94 eb 0d 	call	0x1bd6	; 0x1bd6 <twi1_write_byte>
    1c56:	88 31       	cpi	r24, 0x18	; 24
    1c58:	21 f0       	breq	.+8      	; 0x1c62 <twi1_write_register+0x32>
    1c5a:	0e 94 e7 0d 	call	0x1bce	; 0x1bce <twi1_stop>
    1c5e:	c0 e0       	ldi	r28, 0x00	; 0
    1c60:	15 c0       	rjmp	.+42     	; 0x1c8c <twi1_write_register+0x5c>
    if (twi1_write_byte(reg) != 0x28U) { twi1_stop(); return 0; }
    1c62:	81 2f       	mov	r24, r17
    1c64:	0e 94 eb 0d 	call	0x1bd6	; 0x1bd6 <twi1_write_byte>
    1c68:	88 32       	cpi	r24, 0x28	; 40
    1c6a:	21 f0       	breq	.+8      	; 0x1c74 <twi1_write_register+0x44>
    1c6c:	0e 94 e7 0d 	call	0x1bce	; 0x1bce <twi1_stop>
    1c70:	c0 e0       	ldi	r28, 0x00	; 0
    1c72:	0c c0       	rjmp	.+24     	; 0x1c8c <twi1_write_register+0x5c>
    if (twi1_write_byte(value) != 0x28U) { twi1_stop(); return 0; }
    1c74:	80 2f       	mov	r24, r16
    1c76:	0e 94 eb 0d 	call	0x1bd6	; 0x1bd6 <twi1_write_byte>
    1c7a:	88 32       	cpi	r24, 0x28	; 40
    1c7c:	21 f0       	breq	.+8      	; 0x1c86 <twi1_write_register+0x56>
    1c7e:	0e 94 e7 0d 	call	0x1bce	; 0x1bce <twi1_stop>
    1c82:	c0 e0       	ldi	r28, 0x00	; 0
    1c84:	03 c0       	rjmp	.+6      	; 0x1c8c <twi1_write_register+0x5c>
    twi1_stop();
    1c86:	0e 94 e7 0d 	call	0x1bce	; 0x1bce <twi1_stop>
    return 1;
    1c8a:	c1 e0       	ldi	r28, 0x01	; 1
}
    1c8c:	8c 2f       	mov	r24, r28
    1c8e:	df 91       	pop	r29
    1c90:	cf 91       	pop	r28
    1c92:	1f 91       	pop	r17
    1c94:	0f 91       	pop	r16
    1c96:	08 95       	ret

00001c98 <twi1_read_register>:

uint8_t twi1_read_register(uint8_t address, uint8_t reg, uint8_t *value)
{
    1c98:	ef 92       	push	r14
    1c9a:	ff 92       	push	r15
    1c9c:	1f 93       	push	r17
    1c9e:	cf 93       	push	r28
    1ca0:	df 93       	push	r29
    1ca2:	d8 2f       	mov	r29, r24
    1ca4:	16 2f       	mov	r17, r22
    1ca6:	7a 01       	movw	r14, r20
    if (!twi1_start()) { twi1_stop(); return 0; }
    1ca8:	0e 94 d3 0d 	call	0x1ba6	; 0x1ba6 <twi1_start>
    1cac:	c8 2f       	mov	r28, r24
    1cae:	81 11       	cpse	r24, r1
    1cb0:	03 c0       	rjmp	.+6      	; 0x1cb8 <twi1_read_register+0x20>
    1cb2:	0e 94 e7 0d 	call	0x1bce	; 0x1bce <twi1_stop>
    1cb6:	2c c0       	rjmp	.+88     	; 0x1d10 <twi1_read_register+0x78>
    if (twi1_write_byte((uint8_t)(address << 1)) != 0x18U) { twi1_stop(); return 0; }
    1cb8:	dd 0f       	add	r29, r29
    1cba:	8d 2f       	mov	r24, r29
    1cbc:	0e 94 eb 0d 	call	0x1bd6	; 0x1bd6 <twi1_write_byte>
    1cc0:	88 31       	cpi	r24, 0x18	; 24
    1cc2:	21 f0       	breq	.+8      	; 0x1ccc <twi1_read_register+0x34>
    1cc4:	0e 94 e7 0d 	call	0x1bce	; 0x1bce <twi1_stop>
    1cc8:	c0 e0       	ldi	r28, 0x00	; 0
    1cca:	22 c0       	rjmp	.+68     	; 0x1d10 <twi1_read_register+0x78>
    if (twi1_write_byte(reg) != 0x28U) { twi1_stop(); return 0; }
    1ccc:	81 2f       	mov	r24, r17
    1cce:	0e 94 eb 0d 	call	0x1bd6	; 0x1bd6 <twi1_write_byte>
    1cd2:	88 32       	cpi	r24, 0x28	; 40
    1cd4:	21 f0       	breq	.+8      	; 0x1cde <twi1_read_register+0x46>
    1cd6:	0e 94 e7 0d 	call	0x1bce	; 0x1bce <twi1_stop>
    1cda:	c0 e0       	ldi	r28, 0x00	; 0
    1cdc:	19 c0       	rjmp	.+50     	; 0x1d10 <twi1_read_register+0x78>
    if (!twi1_start()) { twi1_stop(); return 0; }
    1cde:	0e 94 d3 0d 	call	0x1ba6	; 0x1ba6 <twi1_start>
    1ce2:	c8 2f       	mov	r28, r24
    1ce4:	81 11       	cpse	r24, r1
    1ce6:	03 c0       	rjmp	.+6      	; 0x1cee <twi1_read_register+0x56>
    1ce8:	0e 94 e7 0d 	call	0x1bce	; 0x1bce <twi1_stop>
    1cec:	11 c0       	rjmp	.+34     	; 0x1d10 <twi1_read_register+0x78>
    if (twi1_write_byte((uint8_t)((address << 1) | 1U)) != 0x40U) { twi1_stop(); return 0; }
    1cee:	8d 2f       	mov	r24, r29
    1cf0:	81 60       	ori	r24, 0x01	; 1
    1cf2:	0e 94 eb 0d 	call	0x1bd6	; 0x1bd6 <twi1_write_byte>
    1cf6:	80 34       	cpi	r24, 0x40	; 64
    1cf8:	21 f0       	breq	.+8      	; 0x1d02 <twi1_read_register+0x6a>
    1cfa:	0e 94 e7 0d 	call	0x1bce	; 0x1bce <twi1_stop>
    1cfe:	c0 e0       	ldi	r28, 0x00	; 0
    1d00:	07 c0       	rjmp	.+14     	; 0x1d10 <twi1_read_register+0x78>
    *value = twi1_read_nack();
    1d02:	0e 94 02 0e 	call	0x1c04	; 0x1c04 <twi1_read_nack>
    1d06:	f7 01       	movw	r30, r14
    1d08:	80 83       	st	Z, r24
    twi1_stop();
    1d0a:	0e 94 e7 0d 	call	0x1bce	; 0x1bce <twi1_stop>
    return 1;
    1d0e:	c1 e0       	ldi	r28, 0x01	; 1
}
    1d10:	8c 2f       	mov	r24, r28
    1d12:	df 91       	pop	r29
    1d14:	cf 91       	pop	r28
    1d16:	1f 91       	pop	r17
    1d18:	ff 90       	pop	r15
    1d1a:	ef 90       	pop	r14
    1d1c:	08 95       	ret

00001d1e <twi1_read_block>:

uint8_t twi1_read_block(uint8_t address, uint8_t reg, uint8_t *buffer, uint8_t length)
{
    1d1e:	ef 92       	push	r14
    1d20:	ff 92       	push	r15
    1d22:	0f 93       	push	r16
    1d24:	1f 93       	push	r17
    1d26:	cf 93       	push	r28
    1d28:	df 93       	push	r29
    if (length == 0U) return 0;
    1d2a:	22 23       	and	r18, r18
    1d2c:	09 f4       	brne	.+2      	; 0x1d30 <twi1_read_block+0x12>
    1d2e:	48 c0       	rjmp	.+144    	; 0x1dc0 <twi1_read_block+0xa2>
    1d30:	c2 2f       	mov	r28, r18
    1d32:	7a 01       	movw	r14, r20
    1d34:	06 2f       	mov	r16, r22
    1d36:	18 2f       	mov	r17, r24

    if (!twi1_start()) { twi1_stop(); return 0; }
    1d38:	0e 94 d3 0d 	call	0x1ba6	; 0x1ba6 <twi1_start>
    1d3c:	d8 2f       	mov	r29, r24
    1d3e:	81 11       	cpse	r24, r1
    1d40:	03 c0       	rjmp	.+6      	; 0x1d48 <twi1_read_block+0x2a>
    1d42:	0e 94 e7 0d 	call	0x1bce	; 0x1bce <twi1_stop>
    1d46:	3d c0       	rjmp	.+122    	; 0x1dc2 <twi1_read_block+0xa4>
    if (twi1_write_byte((uint8_t)(address << 1)) != 0x18U) { twi1_stop(); return 0; }
    1d48:	11 0f       	add	r17, r17
    1d4a:	81 2f       	mov	r24, r17
    1d4c:	0e 94 eb 0d 	call	0x1bd6	; 0x1bd6 <twi1_write_byte>
    1d50:	88 31       	cpi	r24, 0x18	; 24
    1d52:	21 f0       	breq	.+8      	; 0x1d5c <twi1_read_block+0x3e>
    1d54:	0e 94 e7 0d 	call	0x1bce	; 0x1bce <twi1_stop>
    1d58:	d0 e0       	ldi	r29, 0x00	; 0
    1d5a:	33 c0       	rjmp	.+102    	; 0x1dc2 <twi1_read_block+0xa4>
    if (twi1_write_byte(reg) != 0x28U) { twi1_stop(); return 0; }
    1d5c:	80 2f       	mov	r24, r16
    1d5e:	0e 94 eb 0d 	call	0x1bd6	; 0x1bd6 <twi1_write_byte>
    1d62:	88 32       	cpi	r24, 0x28	; 40
    1d64:	21 f0       	breq	.+8      	; 0x1d6e <twi1_read_block+0x50>
    1d66:	0e 94 e7 0d 	call	0x1bce	; 0x1bce <twi1_stop>
    1d6a:	d0 e0       	ldi	r29, 0x00	; 0
    1d6c:	2a c0       	rjmp	.+84     	; 0x1dc2 <twi1_read_block+0xa4>
    if (!twi1_start()) { twi1_stop(); return 0; }
    1d6e:	0e 94 d3 0d 	call	0x1ba6	; 0x1ba6 <twi1_start>
    1d72:	d8 2f       	mov	r29, r24
    1d74:	81 11       	cpse	r24, r1
    1d76:	03 c0       	rjmp	.+6      	; 0x1d7e <twi1_read_block+0x60>
    1d78:	0e 94 e7 0d 	call	0x1bce	; 0x1bce <twi1_stop>
    1d7c:	22 c0       	rjmp	.+68     	; 0x1dc2 <twi1_read_block+0xa4>
    if (twi1_write_byte((uint8_t)((address << 1) | 1U)) != 0x40U) { twi1_stop(); return 0; }
    1d7e:	81 2f       	mov	r24, r17
    1d80:	81 60       	ori	r24, 0x01	; 1
    1d82:	0e 94 eb 0d 	call	0x1bd6	; 0x1bd6 <twi1_write_byte>
    1d86:	80 34       	cpi	r24, 0x40	; 64
    1d88:	a1 f0       	breq	.+40     	; 0x1db2 <twi1_read_block+0x94>
    1d8a:	0e 94 e7 0d 	call	0x1bce	; 0x1bce <twi1_stop>
    1d8e:	d0 e0       	ldi	r29, 0x00	; 0
    1d90:	18 c0       	rjmp	.+48     	; 0x1dc2 <twi1_read_block+0xa4>

    for (uint8_t index = 0; index < length; index++) {
        buffer[index] = (index == (uint8_t)(length - 1U))
    1d92:	87 01       	movw	r16, r14
    1d94:	0d 0f       	add	r16, r29
    1d96:	11 1d       	adc	r17, r1
    1d98:	8f ef       	ldi	r24, 0xFF	; 255
    1d9a:	8c 0f       	add	r24, r28
    1d9c:	d8 13       	cpse	r29, r24
    1d9e:	03 c0       	rjmp	.+6      	; 0x1da6 <twi1_read_block+0x88>
    1da0:	0e 94 02 0e 	call	0x1c04	; 0x1c04 <twi1_read_nack>
    1da4:	02 c0       	rjmp	.+4      	; 0x1daa <twi1_read_block+0x8c>
    1da6:	0e 94 f8 0d 	call	0x1bf0	; 0x1bf0 <twi1_read_ack>
    1daa:	f8 01       	movw	r30, r16
    1dac:	80 83       	st	Z, r24
    if (twi1_write_byte((uint8_t)(address << 1)) != 0x18U) { twi1_stop(); return 0; }
    if (twi1_write_byte(reg) != 0x28U) { twi1_stop(); return 0; }
    if (!twi1_start()) { twi1_stop(); return 0; }
    if (twi1_write_byte((uint8_t)((address << 1) | 1U)) != 0x40U) { twi1_stop(); return 0; }

    for (uint8_t index = 0; index < length; index++) {
    1dae:	df 5f       	subi	r29, 0xFF	; 255
    1db0:	01 c0       	rjmp	.+2      	; 0x1db4 <twi1_read_block+0x96>
    1db2:	d0 e0       	ldi	r29, 0x00	; 0
    1db4:	dc 17       	cp	r29, r28
    1db6:	68 f3       	brcs	.-38     	; 0x1d92 <twi1_read_block+0x74>
        buffer[index] = (index == (uint8_t)(length - 1U))
                      ? twi1_read_nack()
                      : twi1_read_ack();
    }

    twi1_stop();
    1db8:	0e 94 e7 0d 	call	0x1bce	; 0x1bce <twi1_stop>
    return 1;
    1dbc:	d1 e0       	ldi	r29, 0x01	; 1
    1dbe:	01 c0       	rjmp	.+2      	; 0x1dc2 <twi1_read_block+0xa4>
    return 1;
}

uint8_t twi1_read_block(uint8_t address, uint8_t reg, uint8_t *buffer, uint8_t length)
{
    if (length == 0U) return 0;
    1dc0:	d0 e0       	ldi	r29, 0x00	; 0
                      : twi1_read_ack();
    }

    twi1_stop();
    return 1;
}
    1dc2:	8d 2f       	mov	r24, r29
    1dc4:	df 91       	pop	r29
    1dc6:	cf 91       	pop	r28
    1dc8:	1f 91       	pop	r17
    1dca:	0f 91       	pop	r16
    1dcc:	ff 90       	pop	r15
    1dce:	ef 90       	pop	r14
    1dd0:	08 95       	ret

00001dd2 <__vector_18>:
static volatile uint8_t rx_tail = 0U;
static volatile uint8_t rx_overflow = 0U;
static volatile char rx_buffer[UART0_RX_BUFFER_SIZE];

ISR(USART0_RX_vect)
{
    1dd2:	1f 92       	push	r1
    1dd4:	0f 92       	push	r0
    1dd6:	0f b6       	in	r0, 0x3f	; 63
    1dd8:	0f 92       	push	r0
    1dda:	11 24       	eor	r1, r1
    1ddc:	2f 93       	push	r18
    1dde:	8f 93       	push	r24
    1de0:	9f 93       	push	r25
    1de2:	ef 93       	push	r30
    1de4:	ff 93       	push	r31
    char value = (char)UDR0;
    1de6:	20 91 c6 00 	lds	r18, 0x00C6	; 0x8000c6 <__TEXT_REGION_LENGTH__+0x7f80c6>
    uint8_t next = (uint8_t)((rx_head + 1U) & UART0_RX_BUFFER_MASK);
    1dea:	80 91 c8 07 	lds	r24, 0x07C8	; 0x8007c8 <rx_head>
    1dee:	8f 5f       	subi	r24, 0xFF	; 255
    1df0:	8f 77       	andi	r24, 0x7F	; 127

    if (next == rx_tail) {
    1df2:	90 91 c7 07 	lds	r25, 0x07C7	; 0x8007c7 <rx_tail>
    1df6:	89 13       	cpse	r24, r25
    1df8:	04 c0       	rjmp	.+8      	; 0x1e02 <__vector_18+0x30>
        rx_overflow = 1U;
    1dfa:	81 e0       	ldi	r24, 0x01	; 1
    1dfc:	80 93 c6 07 	sts	0x07C6, r24	; 0x8007c6 <rx_overflow>
        return;
    1e00:	08 c0       	rjmp	.+16     	; 0x1e12 <__vector_18+0x40>
    }

    rx_buffer[rx_head] = value;
    1e02:	e0 91 c8 07 	lds	r30, 0x07C8	; 0x8007c8 <rx_head>
    1e06:	f0 e0       	ldi	r31, 0x00	; 0
    1e08:	ea 5b       	subi	r30, 0xBA	; 186
    1e0a:	f8 4f       	sbci	r31, 0xF8	; 248
    1e0c:	20 83       	st	Z, r18
    rx_head = next;
    1e0e:	80 93 c8 07 	sts	0x07C8, r24	; 0x8007c8 <rx_head>
}
    1e12:	ff 91       	pop	r31
    1e14:	ef 91       	pop	r30
    1e16:	9f 91       	pop	r25
    1e18:	8f 91       	pop	r24
    1e1a:	2f 91       	pop	r18
    1e1c:	0f 90       	pop	r0
    1e1e:	0f be       	out	0x3f, r0	; 63
    1e20:	0f 90       	pop	r0
    1e22:	1f 90       	pop	r1
    1e24:	18 95       	reti

00001e26 <uart0_init>:

void uart0_init(void)
{
    UBRR0H = (uint8_t)(UBRR_VALUE >> 8);
    1e26:	10 92 c5 00 	sts	0x00C5, r1	; 0x8000c5 <__TEXT_REGION_LENGTH__+0x7f80c5>
    UBRR0L = (uint8_t)(UBRR_VALUE & 0xFFU);
    1e2a:	8c e0       	ldi	r24, 0x0C	; 12
    1e2c:	80 93 c4 00 	sts	0x00C4, r24	; 0x8000c4 <__TEXT_REGION_LENGTH__+0x7f80c4>
    UCSR0A = 0x00;
    1e30:	10 92 c0 00 	sts	0x00C0, r1	; 0x8000c0 <__TEXT_REGION_LENGTH__+0x7f80c0>
    UCSR0B = (1 << RXCIE0) | (1 << RXEN0) | (1 << TXEN0);
    1e34:	88 e9       	ldi	r24, 0x98	; 152
    1e36:	80 93 c1 00 	sts	0x00C1, r24	; 0x8000c1 <__TEXT_REGION_LENGTH__+0x7f80c1>
    UCSR0C = (1 << UCSZ01) | (1 << UCSZ00); /* 8N1 */
    1e3a:	86 e0       	ldi	r24, 0x06	; 6
    1e3c:	80 93 c2 00 	sts	0x00C2, r24	; 0x8000c2 <__TEXT_REGION_LENGTH__+0x7f80c2>
    1e40:	08 95       	ret

00001e42 <uart0_putc>:
}

void uart0_putc(char c)
{
    while (!(UCSR0A & (1 << UDRE0))) {}
    1e42:	90 91 c0 00 	lds	r25, 0x00C0	; 0x8000c0 <__TEXT_REGION_LENGTH__+0x7f80c0>
    1e46:	95 ff       	sbrs	r25, 5
    1e48:	fc cf       	rjmp	.-8      	; 0x1e42 <uart0_putc>
    UDR0 = c;
    1e4a:	80 93 c6 00 	sts	0x00C6, r24	; 0x8000c6 <__TEXT_REGION_LENGTH__+0x7f80c6>
    1e4e:	08 95       	ret

00001e50 <uart0_print>:
}

void uart0_print(const char *s)
{
    1e50:	cf 93       	push	r28
    1e52:	df 93       	push	r29
    1e54:	ec 01       	movw	r28, r24
    while (*s != '\0') uart0_putc(*s++);
    1e56:	03 c0       	rjmp	.+6      	; 0x1e5e <uart0_print+0xe>
    1e58:	21 96       	adiw	r28, 0x01	; 1
    1e5a:	0e 94 21 0f 	call	0x1e42	; 0x1e42 <uart0_putc>
    1e5e:	88 81       	ld	r24, Y
    1e60:	81 11       	cpse	r24, r1
    1e62:	fa cf       	rjmp	.-12     	; 0x1e58 <uart0_print+0x8>
}
    1e64:	df 91       	pop	r29
    1e66:	cf 91       	pop	r28
    1e68:	08 95       	ret

00001e6a <uart0_print_hex8>:

void uart0_print_hex8(uint8_t value)
{
    1e6a:	cf 93       	push	r28
    1e6c:	c8 2f       	mov	r28, r24
    static const char hex[] = "0123456789ABCDEF";
    uart0_putc(hex[(value >> 4) & 0x0FU]);
    1e6e:	e8 2f       	mov	r30, r24
    1e70:	e2 95       	swap	r30
    1e72:	ef 70       	andi	r30, 0x0F	; 15
    1e74:	f0 e0       	ldi	r31, 0x00	; 0
    1e76:	e3 59       	subi	r30, 0x93	; 147
    1e78:	f9 4f       	sbci	r31, 0xF9	; 249
    1e7a:	80 81       	ld	r24, Z
    1e7c:	0e 94 21 0f 	call	0x1e42	; 0x1e42 <uart0_putc>
    uart0_putc(hex[value & 0x0FU]);
    1e80:	cf 70       	andi	r28, 0x0F	; 15
    1e82:	ec 2f       	mov	r30, r28
    1e84:	f0 e0       	ldi	r31, 0x00	; 0
    1e86:	e3 59       	subi	r30, 0x93	; 147
    1e88:	f9 4f       	sbci	r31, 0xF9	; 249
    1e8a:	80 81       	ld	r24, Z
    1e8c:	0e 94 21 0f 	call	0x1e42	; 0x1e42 <uart0_putc>
}
    1e90:	cf 91       	pop	r28
    1e92:	08 95       	ret

00001e94 <uart0_print_uint16>:

void uart0_print_uint16(uint16_t value)
{
    1e94:	1f 93       	push	r17
    1e96:	cf 93       	push	r28
    1e98:	df 93       	push	r29
    1e9a:	00 d0       	rcall	.+0      	; 0x1e9c <uart0_print_uint16+0x8>
    1e9c:	00 d0       	rcall	.+0      	; 0x1e9e <uart0_print_uint16+0xa>
    1e9e:	1f 92       	push	r1
    1ea0:	cd b7       	in	r28, 0x3d	; 61
    1ea2:	de b7       	in	r29, 0x3e	; 62
    1ea4:	ac 01       	movw	r20, r24
    char buffer[5];
    uint8_t count = 0U;

    if (value == 0U) {
    1ea6:	89 2b       	or	r24, r25
    1ea8:	91 f5       	brne	.+100    	; 0x1f0e <uart0_print_uint16+0x7a>
        uart0_putc('0');
    1eaa:	80 e3       	ldi	r24, 0x30	; 48
    1eac:	0e 94 21 0f 	call	0x1e42	; 0x1e42 <uart0_putc>
    1eb0:	3f c0       	rjmp	.+126    	; 0x1f30 <uart0_print_uint16+0x9c>
        return;
    }

    while (value > 0U) {
        buffer[count++] = (char)('0' + (value % 10U));
    1eb2:	9a 01       	movw	r18, r20
    1eb4:	ad ec       	ldi	r26, 0xCD	; 205
    1eb6:	bc ec       	ldi	r27, 0xCC	; 204
    1eb8:	0e 94 ee 10 	call	0x21dc	; 0x21dc <__umulhisi3>
    1ebc:	96 95       	lsr	r25
    1ebe:	87 95       	ror	r24
    1ec0:	96 95       	lsr	r25
    1ec2:	87 95       	ror	r24
    1ec4:	96 95       	lsr	r25
    1ec6:	87 95       	ror	r24
    1ec8:	9c 01       	movw	r18, r24
    1eca:	22 0f       	add	r18, r18
    1ecc:	33 1f       	adc	r19, r19
    1ece:	88 0f       	add	r24, r24
    1ed0:	99 1f       	adc	r25, r25
    1ed2:	88 0f       	add	r24, r24
    1ed4:	99 1f       	adc	r25, r25
    1ed6:	88 0f       	add	r24, r24
    1ed8:	99 1f       	adc	r25, r25
    1eda:	82 0f       	add	r24, r18
    1edc:	93 1f       	adc	r25, r19
    1ede:	9a 01       	movw	r18, r20
    1ee0:	28 1b       	sub	r18, r24
    1ee2:	39 0b       	sbc	r19, r25
    1ee4:	c9 01       	movw	r24, r18
    1ee6:	80 5d       	subi	r24, 0xD0	; 208
    1ee8:	e1 e0       	ldi	r30, 0x01	; 1
    1eea:	f0 e0       	ldi	r31, 0x00	; 0
    1eec:	ec 0f       	add	r30, r28
    1eee:	fd 1f       	adc	r31, r29
    1ef0:	e1 0f       	add	r30, r17
    1ef2:	f1 1d       	adc	r31, r1
    1ef4:	80 83       	st	Z, r24
        value /= 10U;
    1ef6:	9a 01       	movw	r18, r20
    1ef8:	0e 94 ee 10 	call	0x21dc	; 0x21dc <__umulhisi3>
    1efc:	ac 01       	movw	r20, r24
    1efe:	56 95       	lsr	r21
    1f00:	47 95       	ror	r20
    1f02:	56 95       	lsr	r21
    1f04:	47 95       	ror	r20
    1f06:	56 95       	lsr	r21
    1f08:	47 95       	ror	r20
        uart0_putc('0');
        return;
    }

    while (value > 0U) {
        buffer[count++] = (char)('0' + (value % 10U));
    1f0a:	1f 5f       	subi	r17, 0xFF	; 255
    1f0c:	01 c0       	rjmp	.+2      	; 0x1f10 <uart0_print_uint16+0x7c>
    1f0e:	10 e0       	ldi	r17, 0x00	; 0
    if (value == 0U) {
        uart0_putc('0');
        return;
    }

    while (value > 0U) {
    1f10:	41 15       	cp	r20, r1
    1f12:	51 05       	cpc	r21, r1
    1f14:	71 f6       	brne	.-100    	; 0x1eb2 <uart0_print_uint16+0x1e>
    1f16:	0a c0       	rjmp	.+20     	; 0x1f2c <uart0_print_uint16+0x98>
        buffer[count++] = (char)('0' + (value % 10U));
        value /= 10U;
    }

    while (count > 0U) uart0_putc(buffer[--count]);
    1f18:	11 50       	subi	r17, 0x01	; 1
    1f1a:	e1 e0       	ldi	r30, 0x01	; 1
    1f1c:	f0 e0       	ldi	r31, 0x00	; 0
    1f1e:	ec 0f       	add	r30, r28
    1f20:	fd 1f       	adc	r31, r29
    1f22:	e1 0f       	add	r30, r17
    1f24:	f1 1d       	adc	r31, r1
    1f26:	80 81       	ld	r24, Z
    1f28:	0e 94 21 0f 	call	0x1e42	; 0x1e42 <uart0_putc>
    1f2c:	11 11       	cpse	r17, r1
    1f2e:	f4 cf       	rjmp	.-24     	; 0x1f18 <uart0_print_uint16+0x84>
}
    1f30:	0f 90       	pop	r0
    1f32:	0f 90       	pop	r0
    1f34:	0f 90       	pop	r0
    1f36:	0f 90       	pop	r0
    1f38:	0f 90       	pop	r0
    1f3a:	df 91       	pop	r29
    1f3c:	cf 91       	pop	r28
    1f3e:	1f 91       	pop	r17
    1f40:	08 95       	ret

00001f42 <uart0_print_uint32>:

void uart0_print_uint32(uint32_t value)
{
    1f42:	1f 93       	push	r17
    1f44:	cf 93       	push	r28
    1f46:	df 93       	push	r29
    1f48:	cd b7       	in	r28, 0x3d	; 61
    1f4a:	de b7       	in	r29, 0x3e	; 62
    1f4c:	2a 97       	sbiw	r28, 0x0a	; 10
    1f4e:	0f b6       	in	r0, 0x3f	; 63
    1f50:	f8 94       	cli
    1f52:	de bf       	out	0x3e, r29	; 62
    1f54:	0f be       	out	0x3f, r0	; 63
    1f56:	cd bf       	out	0x3d, r28	; 61
    char buffer[10];
    uint8_t count = 0U;

    if (value == 0UL) {
    1f58:	61 15       	cp	r22, r1
    1f5a:	71 05       	cpc	r23, r1
    1f5c:	81 05       	cpc	r24, r1
    1f5e:	91 05       	cpc	r25, r1
    1f60:	c1 f4       	brne	.+48     	; 0x1f92 <uart0_print_uint32+0x50>
        uart0_putc('0');
    1f62:	80 e3       	ldi	r24, 0x30	; 48
    1f64:	0e 94 21 0f 	call	0x1e42	; 0x1e42 <uart0_putc>
    1f68:	27 c0       	rjmp	.+78     	; 0x1fb8 <uart0_print_uint32+0x76>
        return;
    }

    while (value > 0UL) {
        buffer[count++] = (char)('0' + (value % 10UL));
    1f6a:	2a e0       	ldi	r18, 0x0A	; 10
    1f6c:	30 e0       	ldi	r19, 0x00	; 0
    1f6e:	40 e0       	ldi	r20, 0x00	; 0
    1f70:	50 e0       	ldi	r21, 0x00	; 0
    1f72:	0e 94 ad 10 	call	0x215a	; 0x215a <__udivmodsi4>
    1f76:	60 5d       	subi	r22, 0xD0	; 208
    1f78:	e1 e0       	ldi	r30, 0x01	; 1
    1f7a:	f0 e0       	ldi	r31, 0x00	; 0
    1f7c:	ec 0f       	add	r30, r28
    1f7e:	fd 1f       	adc	r31, r29
    1f80:	e1 0f       	add	r30, r17
    1f82:	f1 1d       	adc	r31, r1
    1f84:	60 83       	st	Z, r22
        value /= 10UL;
    1f86:	62 2f       	mov	r22, r18
    1f88:	73 2f       	mov	r23, r19
    1f8a:	84 2f       	mov	r24, r20
    1f8c:	95 2f       	mov	r25, r21
        uart0_putc('0');
        return;
    }

    while (value > 0UL) {
        buffer[count++] = (char)('0' + (value % 10UL));
    1f8e:	1f 5f       	subi	r17, 0xFF	; 255
    1f90:	01 c0       	rjmp	.+2      	; 0x1f94 <uart0_print_uint32+0x52>
    1f92:	10 e0       	ldi	r17, 0x00	; 0
    if (value == 0UL) {
        uart0_putc('0');
        return;
    }

    while (value > 0UL) {
    1f94:	61 15       	cp	r22, r1
    1f96:	71 05       	cpc	r23, r1
    1f98:	81 05       	cpc	r24, r1
    1f9a:	91 05       	cpc	r25, r1
    1f9c:	31 f7       	brne	.-52     	; 0x1f6a <uart0_print_uint32+0x28>
    1f9e:	0a c0       	rjmp	.+20     	; 0x1fb4 <uart0_print_uint32+0x72>
        buffer[count++] = (char)('0' + (value % 10UL));
        value /= 10UL;
    }

    while (count > 0U) uart0_putc(buffer[--count]);
    1fa0:	11 50       	subi	r17, 0x01	; 1
    1fa2:	e1 e0       	ldi	r30, 0x01	; 1
    1fa4:	f0 e0       	ldi	r31, 0x00	; 0
    1fa6:	ec 0f       	add	r30, r28
    1fa8:	fd 1f       	adc	r31, r29
    1faa:	e1 0f       	add	r30, r17
    1fac:	f1 1d       	adc	r31, r1
    1fae:	80 81       	ld	r24, Z
    1fb0:	0e 94 21 0f 	call	0x1e42	; 0x1e42 <uart0_putc>
    1fb4:	11 11       	cpse	r17, r1
    1fb6:	f4 cf       	rjmp	.-24     	; 0x1fa0 <uart0_print_uint32+0x5e>
}
    1fb8:	2a 96       	adiw	r28, 0x0a	; 10
    1fba:	0f b6       	in	r0, 0x3f	; 63
    1fbc:	f8 94       	cli
    1fbe:	de bf       	out	0x3e, r29	; 62
    1fc0:	0f be       	out	0x3f, r0	; 63
    1fc2:	cd bf       	out	0x3d, r28	; 61
    1fc4:	df 91       	pop	r29
    1fc6:	cf 91       	pop	r28
    1fc8:	1f 91       	pop	r17
    1fca:	08 95       	ret

00001fcc <uart0_print_int32>:

void uart0_print_int32(int32_t value)
{
    1fcc:	cf 92       	push	r12
    1fce:	df 92       	push	r13
    1fd0:	ef 92       	push	r14
    1fd2:	ff 92       	push	r15
    1fd4:	6b 01       	movw	r12, r22
    1fd6:	7c 01       	movw	r14, r24
    if (value < 0L) {
    1fd8:	99 23       	and	r25, r25
    1fda:	5c f4       	brge	.+22     	; 0x1ff2 <uart0_print_int32+0x26>
        uart0_putc('-');
    1fdc:	8d e2       	ldi	r24, 0x2D	; 45
    1fde:	0e 94 21 0f 	call	0x1e42	; 0x1e42 <uart0_putc>
        value = -value;
    1fe2:	f0 94       	com	r15
    1fe4:	e0 94       	com	r14
    1fe6:	d0 94       	com	r13
    1fe8:	c0 94       	com	r12
    1fea:	c1 1c       	adc	r12, r1
    1fec:	d1 1c       	adc	r13, r1
    1fee:	e1 1c       	adc	r14, r1
    1ff0:	f1 1c       	adc	r15, r1
    }
    uart0_print_uint32((uint32_t)value);
    1ff2:	c7 01       	movw	r24, r14
    1ff4:	b6 01       	movw	r22, r12
    1ff6:	0e 94 a1 0f 	call	0x1f42	; 0x1f42 <uart0_print_uint32>
}
    1ffa:	ff 90       	pop	r15
    1ffc:	ef 90       	pop	r14
    1ffe:	df 90       	pop	r13
    2000:	cf 90       	pop	r12
    2002:	08 95       	ret

00002004 <uart0_print_fixed_2>:

void uart0_print_fixed_2(int32_t value_x100)
{
    2004:	cf 92       	push	r12
    2006:	df 92       	push	r13
    2008:	ef 92       	push	r14
    200a:	ff 92       	push	r15
    200c:	cf 93       	push	r28
    200e:	df 93       	push	r29
    2010:	6b 01       	movw	r12, r22
    2012:	7c 01       	movw	r14, r24
    if (value_x100 < 0L) {
    2014:	99 23       	and	r25, r25
    2016:	5c f4       	brge	.+22     	; 0x202e <uart0_print_fixed_2+0x2a>
        uart0_putc('-');
    2018:	8d e2       	ldi	r24, 0x2D	; 45
    201a:	0e 94 21 0f 	call	0x1e42	; 0x1e42 <uart0_putc>
        value_x100 = -value_x100;
    201e:	f0 94       	com	r15
    2020:	e0 94       	com	r14
    2022:	d0 94       	com	r13
    2024:	c0 94       	com	r12
    2026:	c1 1c       	adc	r12, r1
    2028:	d1 1c       	adc	r13, r1
    202a:	e1 1c       	adc	r14, r1
    202c:	f1 1c       	adc	r15, r1
    }

    uart0_print_uint32((uint32_t)(value_x100 / 100L));
    202e:	c7 01       	movw	r24, r14
    2030:	b6 01       	movw	r22, r12
    2032:	24 e6       	ldi	r18, 0x64	; 100
    2034:	30 e0       	ldi	r19, 0x00	; 0
    2036:	40 e0       	ldi	r20, 0x00	; 0
    2038:	50 e0       	ldi	r21, 0x00	; 0
    203a:	0e 94 cf 10 	call	0x219e	; 0x219e <__divmodsi4>
    203e:	d6 2f       	mov	r29, r22
    2040:	ca 01       	movw	r24, r20
    2042:	b9 01       	movw	r22, r18
    2044:	0e 94 a1 0f 	call	0x1f42	; 0x1f42 <uart0_print_uint32>
    uart0_putc('.');
    2048:	8e e2       	ldi	r24, 0x2E	; 46
    204a:	0e 94 21 0f 	call	0x1e42	; 0x1e42 <uart0_putc>

    uint8_t fraction = (uint8_t)(value_x100 % 100L);
    uart0_putc((char)('0' + (fraction / 10U)));
    204e:	cd ec       	ldi	r28, 0xCD	; 205
    2050:	dc 9f       	mul	r29, r28
    2052:	c1 2d       	mov	r28, r1
    2054:	11 24       	eor	r1, r1
    2056:	c6 95       	lsr	r28
    2058:	c6 95       	lsr	r28
    205a:	c6 95       	lsr	r28
    205c:	80 e3       	ldi	r24, 0x30	; 48
    205e:	8c 0f       	add	r24, r28
    2060:	0e 94 21 0f 	call	0x1e42	; 0x1e42 <uart0_putc>
    uart0_putc((char)('0' + (fraction % 10U)));
    2064:	cc 0f       	add	r28, r28
    2066:	8c 2f       	mov	r24, r28
    2068:	88 0f       	add	r24, r24
    206a:	88 0f       	add	r24, r24
    206c:	c8 0f       	add	r28, r24
    206e:	8d 2f       	mov	r24, r29
    2070:	8c 1b       	sub	r24, r28
    2072:	80 5d       	subi	r24, 0xD0	; 208
    2074:	0e 94 21 0f 	call	0x1e42	; 0x1e42 <uart0_putc>
}
    2078:	df 91       	pop	r29
    207a:	cf 91       	pop	r28
    207c:	ff 90       	pop	r15
    207e:	ef 90       	pop	r14
    2080:	df 90       	pop	r13
    2082:	cf 90       	pop	r12
    2084:	08 95       	ret

00002086 <uart0_readline>:

uint8_t uart0_readline(char *destination, uint8_t destination_size)
{
    2086:	dc 01       	movw	r26, r24
    static char line[UART0_COMMAND_MAX_LENGTH];
    static uint8_t length = 0U;

    while (rx_tail != rx_head) {
    2088:	5a c0       	rjmp	.+180    	; 0x213e <uart0_readline+0xb8>
        char value = rx_buffer[rx_tail];
    208a:	e0 91 c7 07 	lds	r30, 0x07C7	; 0x8007c7 <rx_tail>
    208e:	f0 e0       	ldi	r31, 0x00	; 0
    2090:	ea 5b       	subi	r30, 0xBA	; 186
    2092:	f8 4f       	sbci	r31, 0xF8	; 248
    2094:	80 81       	ld	r24, Z
        rx_tail = (uint8_t)((rx_tail + 1U) & UART0_RX_BUFFER_MASK);
    2096:	90 91 c7 07 	lds	r25, 0x07C7	; 0x8007c7 <rx_tail>
    209a:	9f 5f       	subi	r25, 0xFF	; 255
    209c:	9f 77       	andi	r25, 0x7F	; 127
    209e:	90 93 c7 07 	sts	0x07C7, r25	; 0x8007c7 <rx_tail>

        if (value == '\r' || value == '\n') {
    20a2:	8d 30       	cpi	r24, 0x0D	; 13
    20a4:	11 f0       	breq	.+4      	; 0x20aa <uart0_readline+0x24>
    20a6:	8a 30       	cpi	r24, 0x0A	; 10
    20a8:	39 f5       	brne	.+78     	; 0x20f8 <uart0_readline+0x72>
            if (length == 0U) continue;
    20aa:	e0 91 45 07 	lds	r30, 0x0745	; 0x800745 <length.1688>
    20ae:	ee 23       	and	r30, r30
    20b0:	09 f4       	brne	.+2      	; 0x20b4 <uart0_readline+0x2e>
    20b2:	45 c0       	rjmp	.+138    	; 0x213e <uart0_readline+0xb8>

            line[length] = '\0';
    20b4:	f0 e0       	ldi	r31, 0x00	; 0
    20b6:	eb 51       	subi	r30, 0x1B	; 27
    20b8:	f9 4f       	sbci	r31, 0xF9	; 249
    20ba:	10 82       	st	Z, r1
            uint8_t index = 0U;
    20bc:	90 e0       	ldi	r25, 0x00	; 0
            while (index + 1U < destination_size && line[index] != '\0') {
    20be:	05 c0       	rjmp	.+10     	; 0x20ca <uart0_readline+0x44>
                destination[index] = line[index];
    20c0:	fd 01       	movw	r30, r26
    20c2:	e2 0f       	add	r30, r18
    20c4:	f3 1f       	adc	r31, r19
    20c6:	40 83       	st	Z, r20
                index++;
    20c8:	9f 5f       	subi	r25, 0xFF	; 255
        if (value == '\r' || value == '\n') {
            if (length == 0U) continue;

            line[length] = '\0';
            uint8_t index = 0U;
            while (index + 1U < destination_size && line[index] != '\0') {
    20ca:	29 2f       	mov	r18, r25
    20cc:	30 e0       	ldi	r19, 0x00	; 0
    20ce:	f9 01       	movw	r30, r18
    20d0:	31 96       	adiw	r30, 0x01	; 1
    20d2:	46 2f       	mov	r20, r22
    20d4:	50 e0       	ldi	r21, 0x00	; 0
    20d6:	e4 17       	cp	r30, r20
    20d8:	f5 07       	cpc	r31, r21
    20da:	30 f4       	brcc	.+12     	; 0x20e8 <uart0_readline+0x62>
    20dc:	f9 01       	movw	r30, r18
    20de:	eb 51       	subi	r30, 0x1B	; 27
    20e0:	f9 4f       	sbci	r31, 0xF9	; 249
    20e2:	40 81       	ld	r20, Z
    20e4:	41 11       	cpse	r20, r1
    20e6:	ec cf       	rjmp	.-40     	; 0x20c0 <uart0_readline+0x3a>
                destination[index] = line[index];
                index++;
            }
            destination[index] = '\0';
    20e8:	fd 01       	movw	r30, r26
    20ea:	e2 0f       	add	r30, r18
    20ec:	f3 1f       	adc	r31, r19
    20ee:	10 82       	st	Z, r1
            length = 0U;
    20f0:	10 92 45 07 	sts	0x0745, r1	; 0x800745 <length.1688>
            return 1U;
    20f4:	81 e0       	ldi	r24, 0x01	; 1
    20f6:	08 95       	ret
        }

        if (value == '\b' || value == 0x7F) {
    20f8:	88 30       	cpi	r24, 0x08	; 8
    20fa:	11 f0       	breq	.+4      	; 0x2100 <uart0_readline+0x7a>
    20fc:	8f 37       	cpi	r24, 0x7F	; 127
    20fe:	41 f4       	brne	.+16     	; 0x2110 <uart0_readline+0x8a>
            if (length > 0U) length--;
    2100:	80 91 45 07 	lds	r24, 0x0745	; 0x800745 <length.1688>
    2104:	88 23       	and	r24, r24
    2106:	d9 f0       	breq	.+54     	; 0x213e <uart0_readline+0xb8>
    2108:	81 50       	subi	r24, 0x01	; 1
    210a:	80 93 45 07 	sts	0x0745, r24	; 0x800745 <length.1688>
            continue;
    210e:	17 c0       	rjmp	.+46     	; 0x213e <uart0_readline+0xb8>
        }

        if (length + 1U < sizeof(line)) {
    2110:	e0 91 45 07 	lds	r30, 0x0745	; 0x800745 <length.1688>
    2114:	2e 2f       	mov	r18, r30
    2116:	30 e0       	ldi	r19, 0x00	; 0
    2118:	2f 5f       	subi	r18, 0xFF	; 255
    211a:	3f 4f       	sbci	r19, 0xFF	; 255
    211c:	20 36       	cpi	r18, 0x60	; 96
    211e:	31 05       	cpc	r19, r1
    2120:	48 f4       	brcc	.+18     	; 0x2134 <uart0_readline+0xae>
            line[length++] = value;
    2122:	91 e0       	ldi	r25, 0x01	; 1
    2124:	9e 0f       	add	r25, r30
    2126:	90 93 45 07 	sts	0x0745, r25	; 0x800745 <length.1688>
    212a:	f0 e0       	ldi	r31, 0x00	; 0
    212c:	eb 51       	subi	r30, 0x1B	; 27
    212e:	f9 4f       	sbci	r31, 0xF9	; 249
    2130:	80 83       	st	Z, r24
    2132:	05 c0       	rjmp	.+10     	; 0x213e <uart0_readline+0xb8>
        } else {
            length = 0U;
    2134:	10 92 45 07 	sts	0x0745, r1	; 0x800745 <length.1688>
            rx_overflow = 1U;
    2138:	81 e0       	ldi	r24, 0x01	; 1
    213a:	80 93 c6 07 	sts	0x07C6, r24	; 0x8007c6 <rx_overflow>
uint8_t uart0_readline(char *destination, uint8_t destination_size)
{
    static char line[UART0_COMMAND_MAX_LENGTH];
    static uint8_t length = 0U;

    while (rx_tail != rx_head) {
    213e:	90 91 c7 07 	lds	r25, 0x07C7	; 0x8007c7 <rx_tail>
    2142:	80 91 c8 07 	lds	r24, 0x07C8	; 0x8007c8 <rx_head>
    2146:	98 13       	cpse	r25, r24
    2148:	a0 cf       	rjmp	.-192    	; 0x208a <uart0_readline+0x4>
            length = 0U;
            rx_overflow = 1U;
        }
    }

    return 0U;
    214a:	80 e0       	ldi	r24, 0x00	; 0
}
    214c:	08 95       	ret

0000214e <uart0_rx_overflowed>:

uint8_t uart0_rx_overflowed(void)
{
    return rx_overflow;
    214e:	80 91 c6 07 	lds	r24, 0x07C6	; 0x8007c6 <rx_overflow>
}
    2152:	08 95       	ret

00002154 <uart0_clear_rx_overflow>:

void uart0_clear_rx_overflow(void)
{
    rx_overflow = 0U;
    2154:	10 92 c6 07 	sts	0x07C6, r1	; 0x8007c6 <rx_overflow>
    2158:	08 95       	ret

0000215a <__udivmodsi4>:
    215a:	a1 e2       	ldi	r26, 0x21	; 33
    215c:	1a 2e       	mov	r1, r26
    215e:	aa 1b       	sub	r26, r26
    2160:	bb 1b       	sub	r27, r27
    2162:	fd 01       	movw	r30, r26
    2164:	0d c0       	rjmp	.+26     	; 0x2180 <__udivmodsi4_ep>

00002166 <__udivmodsi4_loop>:
    2166:	aa 1f       	adc	r26, r26
    2168:	bb 1f       	adc	r27, r27
    216a:	ee 1f       	adc	r30, r30
    216c:	ff 1f       	adc	r31, r31
    216e:	a2 17       	cp	r26, r18
    2170:	b3 07       	cpc	r27, r19
    2172:	e4 07       	cpc	r30, r20
    2174:	f5 07       	cpc	r31, r21
    2176:	20 f0       	brcs	.+8      	; 0x2180 <__udivmodsi4_ep>
    2178:	a2 1b       	sub	r26, r18
    217a:	b3 0b       	sbc	r27, r19
    217c:	e4 0b       	sbc	r30, r20
    217e:	f5 0b       	sbc	r31, r21

00002180 <__udivmodsi4_ep>:
    2180:	66 1f       	adc	r22, r22
    2182:	77 1f       	adc	r23, r23
    2184:	88 1f       	adc	r24, r24
    2186:	99 1f       	adc	r25, r25
    2188:	1a 94       	dec	r1
    218a:	69 f7       	brne	.-38     	; 0x2166 <__udivmodsi4_loop>
    218c:	60 95       	com	r22
    218e:	70 95       	com	r23
    2190:	80 95       	com	r24
    2192:	90 95       	com	r25
    2194:	9b 01       	movw	r18, r22
    2196:	ac 01       	movw	r20, r24
    2198:	bd 01       	movw	r22, r26
    219a:	cf 01       	movw	r24, r30
    219c:	08 95       	ret

0000219e <__divmodsi4>:
    219e:	05 2e       	mov	r0, r21
    21a0:	97 fb       	bst	r25, 7
    21a2:	1e f4       	brtc	.+6      	; 0x21aa <__divmodsi4+0xc>
    21a4:	00 94       	com	r0
    21a6:	0e 94 e6 10 	call	0x21cc	; 0x21cc <__negsi2>
    21aa:	57 fd       	sbrc	r21, 7
    21ac:	07 d0       	rcall	.+14     	; 0x21bc <__divmodsi4_neg2>
    21ae:	0e 94 ad 10 	call	0x215a	; 0x215a <__udivmodsi4>
    21b2:	07 fc       	sbrc	r0, 7
    21b4:	03 d0       	rcall	.+6      	; 0x21bc <__divmodsi4_neg2>
    21b6:	4e f4       	brtc	.+18     	; 0x21ca <__divmodsi4_exit>
    21b8:	0c 94 e6 10 	jmp	0x21cc	; 0x21cc <__negsi2>

000021bc <__divmodsi4_neg2>:
    21bc:	50 95       	com	r21
    21be:	40 95       	com	r20
    21c0:	30 95       	com	r19
    21c2:	21 95       	neg	r18
    21c4:	3f 4f       	sbci	r19, 0xFF	; 255
    21c6:	4f 4f       	sbci	r20, 0xFF	; 255
    21c8:	5f 4f       	sbci	r21, 0xFF	; 255

000021ca <__divmodsi4_exit>:
    21ca:	08 95       	ret

000021cc <__negsi2>:
    21cc:	90 95       	com	r25
    21ce:	80 95       	com	r24
    21d0:	70 95       	com	r23
    21d2:	61 95       	neg	r22
    21d4:	7f 4f       	sbci	r23, 0xFF	; 255
    21d6:	8f 4f       	sbci	r24, 0xFF	; 255
    21d8:	9f 4f       	sbci	r25, 0xFF	; 255
    21da:	08 95       	ret

000021dc <__umulhisi3>:
    21dc:	a2 9f       	mul	r26, r18
    21de:	b0 01       	movw	r22, r0
    21e0:	b3 9f       	mul	r27, r19
    21e2:	c0 01       	movw	r24, r0
    21e4:	a3 9f       	mul	r26, r19
    21e6:	70 0d       	add	r23, r0
    21e8:	81 1d       	adc	r24, r1
    21ea:	11 24       	eor	r1, r1
    21ec:	91 1d       	adc	r25, r1
    21ee:	b2 9f       	mul	r27, r18
    21f0:	70 0d       	add	r23, r0
    21f2:	81 1d       	adc	r24, r1
    21f4:	11 24       	eor	r1, r1
    21f6:	91 1d       	adc	r25, r1
    21f8:	08 95       	ret

000021fa <__muluhisi3>:
    21fa:	0e 94 ee 10 	call	0x21dc	; 0x21dc <__umulhisi3>
    21fe:	a5 9f       	mul	r26, r21
    2200:	90 0d       	add	r25, r0
    2202:	b4 9f       	mul	r27, r20
    2204:	90 0d       	add	r25, r0
    2206:	a4 9f       	mul	r26, r20
    2208:	80 0d       	add	r24, r0
    220a:	91 1d       	adc	r25, r1
    220c:	11 24       	eor	r1, r1
    220e:	08 95       	ret

00002210 <__muldi3>:
    2210:	df 93       	push	r29
    2212:	cf 93       	push	r28
    2214:	1f 93       	push	r17
    2216:	0f 93       	push	r16
    2218:	9a 9d       	mul	r25, r10
    221a:	f0 2d       	mov	r31, r0
    221c:	21 9f       	mul	r18, r17
    221e:	f0 0d       	add	r31, r0
    2220:	8b 9d       	mul	r24, r11
    2222:	f0 0d       	add	r31, r0
    2224:	8a 9d       	mul	r24, r10
    2226:	e0 2d       	mov	r30, r0
    2228:	f1 0d       	add	r31, r1
    222a:	03 9f       	mul	r16, r19
    222c:	f0 0d       	add	r31, r0
    222e:	02 9f       	mul	r16, r18
    2230:	e0 0d       	add	r30, r0
    2232:	f1 1d       	adc	r31, r1
    2234:	4e 9d       	mul	r20, r14
    2236:	e0 0d       	add	r30, r0
    2238:	f1 1d       	adc	r31, r1
    223a:	5e 9d       	mul	r21, r14
    223c:	f0 0d       	add	r31, r0
    223e:	4f 9d       	mul	r20, r15
    2240:	f0 0d       	add	r31, r0
    2242:	7f 93       	push	r23
    2244:	6f 93       	push	r22
    2246:	bf 92       	push	r11
    2248:	af 92       	push	r10
    224a:	5f 93       	push	r21
    224c:	4f 93       	push	r20
    224e:	d5 01       	movw	r26, r10
    2250:	0e 94 ee 10 	call	0x21dc	; 0x21dc <__umulhisi3>
    2254:	8b 01       	movw	r16, r22
    2256:	ac 01       	movw	r20, r24
    2258:	d7 01       	movw	r26, r14
    225a:	0e 94 ee 10 	call	0x21dc	; 0x21dc <__umulhisi3>
    225e:	eb 01       	movw	r28, r22
    2260:	e8 0f       	add	r30, r24
    2262:	f9 1f       	adc	r31, r25
    2264:	d6 01       	movw	r26, r12
    2266:	0e 94 58 11 	call	0x22b0	; 0x22b0 <__muldi3_6>
    226a:	2f 91       	pop	r18
    226c:	3f 91       	pop	r19
    226e:	d6 01       	movw	r26, r12
    2270:	0e 94 ee 10 	call	0x21dc	; 0x21dc <__umulhisi3>
    2274:	c6 0f       	add	r28, r22
    2276:	d7 1f       	adc	r29, r23
    2278:	e8 1f       	adc	r30, r24
    227a:	f9 1f       	adc	r31, r25
    227c:	af 91       	pop	r26
    227e:	bf 91       	pop	r27
    2280:	0e 94 58 11 	call	0x22b0	; 0x22b0 <__muldi3_6>
    2284:	2f 91       	pop	r18
    2286:	3f 91       	pop	r19
    2288:	0e 94 ee 10 	call	0x21dc	; 0x21dc <__umulhisi3>
    228c:	c6 0f       	add	r28, r22
    228e:	d7 1f       	adc	r29, r23
    2290:	e8 1f       	adc	r30, r24
    2292:	f9 1f       	adc	r31, r25
    2294:	d6 01       	movw	r26, r12
    2296:	0e 94 ee 10 	call	0x21dc	; 0x21dc <__umulhisi3>
    229a:	e6 0f       	add	r30, r22
    229c:	f7 1f       	adc	r31, r23
    229e:	98 01       	movw	r18, r16
    22a0:	be 01       	movw	r22, r28
    22a2:	cf 01       	movw	r24, r30
    22a4:	11 24       	eor	r1, r1
    22a6:	0f 91       	pop	r16
    22a8:	1f 91       	pop	r17
    22aa:	cf 91       	pop	r28
    22ac:	df 91       	pop	r29
    22ae:	08 95       	ret

000022b0 <__muldi3_6>:
    22b0:	0e 94 ee 10 	call	0x21dc	; 0x21dc <__umulhisi3>
    22b4:	46 0f       	add	r20, r22
    22b6:	57 1f       	adc	r21, r23
    22b8:	c8 1f       	adc	r28, r24
    22ba:	d9 1f       	adc	r29, r25
    22bc:	08 f4       	brcc	.+2      	; 0x22c0 <__muldi3_6+0x10>
    22be:	31 96       	adiw	r30, 0x01	; 1
    22c0:	08 95       	ret

000022c2 <__moddi3>:
    22c2:	68 94       	set
    22c4:	01 c0       	rjmp	.+2      	; 0x22c8 <__divdi3_moddi3>

000022c6 <__divdi3>:
    22c6:	e8 94       	clt

000022c8 <__divdi3_moddi3>:
    22c8:	f9 2f       	mov	r31, r25
    22ca:	f1 2b       	or	r31, r17
    22cc:	12 f0       	brmi	.+4      	; 0x22d2 <__divdi3_moddi3+0xa>
    22ce:	0c 94 95 11 	jmp	0x232a	; 0x232a <__udivdi3_umoddi3>
    22d2:	a0 e0       	ldi	r26, 0x00	; 0
    22d4:	b0 e0       	ldi	r27, 0x00	; 0
    22d6:	ef e6       	ldi	r30, 0x6F	; 111
    22d8:	f1 e1       	ldi	r31, 0x11	; 17
    22da:	0c 94 07 12 	jmp	0x240e	; 0x240e <__prologue_saves__+0xc>
    22de:	09 2e       	mov	r0, r25
    22e0:	05 94       	asr	r0
    22e2:	22 f4       	brpl	.+8      	; 0x22ec <__divdi3_moddi3+0x24>
    22e4:	0e 94 f1 11 	call	0x23e2	; 0x23e2 <__negdi2>
    22e8:	11 23       	and	r17, r17
    22ea:	92 f4       	brpl	.+36     	; 0x2310 <__divdi3_moddi3+0x48>
    22ec:	f0 e8       	ldi	r31, 0x80	; 128
    22ee:	0f 26       	eor	r0, r31
    22f0:	ff ef       	ldi	r31, 0xFF	; 255
    22f2:	e0 94       	com	r14
    22f4:	f0 94       	com	r15
    22f6:	00 95       	com	r16
    22f8:	10 95       	com	r17
    22fa:	b0 94       	com	r11
    22fc:	c0 94       	com	r12
    22fe:	d0 94       	com	r13
    2300:	a1 94       	neg	r10
    2302:	bf 0a       	sbc	r11, r31
    2304:	cf 0a       	sbc	r12, r31
    2306:	df 0a       	sbc	r13, r31
    2308:	ef 0a       	sbc	r14, r31
    230a:	ff 0a       	sbc	r15, r31
    230c:	0f 0b       	sbc	r16, r31
    230e:	1f 0b       	sbc	r17, r31
    2310:	0e 94 a0 11 	call	0x2340	; 0x2340 <__udivmod64>
    2314:	07 fc       	sbrc	r0, 7
    2316:	0e 94 f1 11 	call	0x23e2	; 0x23e2 <__negdi2>
    231a:	cd b7       	in	r28, 0x3d	; 61
    231c:	de b7       	in	r29, 0x3e	; 62
    231e:	ec e0       	ldi	r30, 0x0C	; 12
    2320:	0c 94 23 12 	jmp	0x2446	; 0x2446 <__epilogue_restores__+0xc>

00002324 <__umoddi3>:
    2324:	68 94       	set
    2326:	01 c0       	rjmp	.+2      	; 0x232a <__udivdi3_umoddi3>

00002328 <__udivdi3>:
    2328:	e8 94       	clt

0000232a <__udivdi3_umoddi3>:
    232a:	8f 92       	push	r8
    232c:	9f 92       	push	r9
    232e:	cf 93       	push	r28
    2330:	df 93       	push	r29
    2332:	0e 94 a0 11 	call	0x2340	; 0x2340 <__udivmod64>
    2336:	df 91       	pop	r29
    2338:	cf 91       	pop	r28
    233a:	9f 90       	pop	r9
    233c:	8f 90       	pop	r8
    233e:	08 95       	ret

00002340 <__udivmod64>:
    2340:	88 24       	eor	r8, r8
    2342:	99 24       	eor	r9, r9
    2344:	f4 01       	movw	r30, r8
    2346:	e4 01       	movw	r28, r8
    2348:	b0 e4       	ldi	r27, 0x40	; 64
    234a:	9f 93       	push	r25
    234c:	aa 27       	eor	r26, r26
    234e:	9a 15       	cp	r25, r10
    2350:	8b 04       	cpc	r8, r11
    2352:	9c 04       	cpc	r9, r12
    2354:	ed 05       	cpc	r30, r13
    2356:	fe 05       	cpc	r31, r14
    2358:	cf 05       	cpc	r28, r15
    235a:	d0 07       	cpc	r29, r16
    235c:	a1 07       	cpc	r26, r17
    235e:	98 f4       	brcc	.+38     	; 0x2386 <__udivmod64+0x46>
    2360:	ad 2f       	mov	r26, r29
    2362:	dc 2f       	mov	r29, r28
    2364:	cf 2f       	mov	r28, r31
    2366:	fe 2f       	mov	r31, r30
    2368:	e9 2d       	mov	r30, r9
    236a:	98 2c       	mov	r9, r8
    236c:	89 2e       	mov	r8, r25
    236e:	98 2f       	mov	r25, r24
    2370:	87 2f       	mov	r24, r23
    2372:	76 2f       	mov	r23, r22
    2374:	65 2f       	mov	r22, r21
    2376:	54 2f       	mov	r21, r20
    2378:	43 2f       	mov	r20, r19
    237a:	32 2f       	mov	r19, r18
    237c:	22 27       	eor	r18, r18
    237e:	b8 50       	subi	r27, 0x08	; 8
    2380:	31 f7       	brne	.-52     	; 0x234e <__udivmod64+0xe>
    2382:	bf 91       	pop	r27
    2384:	27 c0       	rjmp	.+78     	; 0x23d4 <__udivmod64+0x94>
    2386:	1b 2e       	mov	r1, r27
    2388:	bf 91       	pop	r27
    238a:	bb 27       	eor	r27, r27
    238c:	22 0f       	add	r18, r18
    238e:	33 1f       	adc	r19, r19
    2390:	44 1f       	adc	r20, r20
    2392:	55 1f       	adc	r21, r21
    2394:	66 1f       	adc	r22, r22
    2396:	77 1f       	adc	r23, r23
    2398:	88 1f       	adc	r24, r24
    239a:	99 1f       	adc	r25, r25
    239c:	88 1c       	adc	r8, r8
    239e:	99 1c       	adc	r9, r9
    23a0:	ee 1f       	adc	r30, r30
    23a2:	ff 1f       	adc	r31, r31
    23a4:	cc 1f       	adc	r28, r28
    23a6:	dd 1f       	adc	r29, r29
    23a8:	aa 1f       	adc	r26, r26
    23aa:	bb 1f       	adc	r27, r27
    23ac:	8a 14       	cp	r8, r10
    23ae:	9b 04       	cpc	r9, r11
    23b0:	ec 05       	cpc	r30, r12
    23b2:	fd 05       	cpc	r31, r13
    23b4:	ce 05       	cpc	r28, r14
    23b6:	df 05       	cpc	r29, r15
    23b8:	a0 07       	cpc	r26, r16
    23ba:	b1 07       	cpc	r27, r17
    23bc:	48 f0       	brcs	.+18     	; 0x23d0 <__udivmod64+0x90>
    23be:	8a 18       	sub	r8, r10
    23c0:	9b 08       	sbc	r9, r11
    23c2:	ec 09       	sbc	r30, r12
    23c4:	fd 09       	sbc	r31, r13
    23c6:	ce 09       	sbc	r28, r14
    23c8:	df 09       	sbc	r29, r15
    23ca:	a0 0b       	sbc	r26, r16
    23cc:	b1 0b       	sbc	r27, r17
    23ce:	21 60       	ori	r18, 0x01	; 1
    23d0:	1a 94       	dec	r1
    23d2:	e1 f6       	brne	.-72     	; 0x238c <__udivmod64+0x4c>
    23d4:	2e f4       	brtc	.+10     	; 0x23e0 <__udivmod64+0xa0>
    23d6:	94 01       	movw	r18, r8
    23d8:	af 01       	movw	r20, r30
    23da:	be 01       	movw	r22, r28
    23dc:	cd 01       	movw	r24, r26
    23de:	00 0c       	add	r0, r0
    23e0:	08 95       	ret

000023e2 <__negdi2>:
    23e2:	60 95       	com	r22
    23e4:	70 95       	com	r23
    23e6:	80 95       	com	r24
    23e8:	90 95       	com	r25
    23ea:	30 95       	com	r19
    23ec:	40 95       	com	r20
    23ee:	50 95       	com	r21
    23f0:	21 95       	neg	r18
    23f2:	3f 4f       	sbci	r19, 0xFF	; 255
    23f4:	4f 4f       	sbci	r20, 0xFF	; 255
    23f6:	5f 4f       	sbci	r21, 0xFF	; 255
    23f8:	6f 4f       	sbci	r22, 0xFF	; 255
    23fa:	7f 4f       	sbci	r23, 0xFF	; 255
    23fc:	8f 4f       	sbci	r24, 0xFF	; 255
    23fe:	9f 4f       	sbci	r25, 0xFF	; 255
    2400:	08 95       	ret

00002402 <__prologue_saves__>:
    2402:	2f 92       	push	r2
    2404:	3f 92       	push	r3
    2406:	4f 92       	push	r4
    2408:	5f 92       	push	r5
    240a:	6f 92       	push	r6
    240c:	7f 92       	push	r7
    240e:	8f 92       	push	r8
    2410:	9f 92       	push	r9
    2412:	af 92       	push	r10
    2414:	bf 92       	push	r11
    2416:	cf 92       	push	r12
    2418:	df 92       	push	r13
    241a:	ef 92       	push	r14
    241c:	ff 92       	push	r15
    241e:	0f 93       	push	r16
    2420:	1f 93       	push	r17
    2422:	cf 93       	push	r28
    2424:	df 93       	push	r29
    2426:	cd b7       	in	r28, 0x3d	; 61
    2428:	de b7       	in	r29, 0x3e	; 62
    242a:	ca 1b       	sub	r28, r26
    242c:	db 0b       	sbc	r29, r27
    242e:	0f b6       	in	r0, 0x3f	; 63
    2430:	f8 94       	cli
    2432:	de bf       	out	0x3e, r29	; 62
    2434:	0f be       	out	0x3f, r0	; 63
    2436:	cd bf       	out	0x3d, r28	; 61
    2438:	09 94       	ijmp

0000243a <__epilogue_restores__>:
    243a:	2a 88       	ldd	r2, Y+18	; 0x12
    243c:	39 88       	ldd	r3, Y+17	; 0x11
    243e:	48 88       	ldd	r4, Y+16	; 0x10
    2440:	5f 84       	ldd	r5, Y+15	; 0x0f
    2442:	6e 84       	ldd	r6, Y+14	; 0x0e
    2444:	7d 84       	ldd	r7, Y+13	; 0x0d
    2446:	8c 84       	ldd	r8, Y+12	; 0x0c
    2448:	9b 84       	ldd	r9, Y+11	; 0x0b
    244a:	aa 84       	ldd	r10, Y+10	; 0x0a
    244c:	b9 84       	ldd	r11, Y+9	; 0x09
    244e:	c8 84       	ldd	r12, Y+8	; 0x08
    2450:	df 80       	ldd	r13, Y+7	; 0x07
    2452:	ee 80       	ldd	r14, Y+6	; 0x06
    2454:	fd 80       	ldd	r15, Y+5	; 0x05
    2456:	0c 81       	ldd	r16, Y+4	; 0x04
    2458:	1b 81       	ldd	r17, Y+3	; 0x03
    245a:	aa 81       	ldd	r26, Y+2	; 0x02
    245c:	b9 81       	ldd	r27, Y+1	; 0x01
    245e:	ce 0f       	add	r28, r30
    2460:	d1 1d       	adc	r29, r1
    2462:	0f b6       	in	r0, 0x3f	; 63
    2464:	f8 94       	cli
    2466:	de bf       	out	0x3e, r29	; 62
    2468:	0f be       	out	0x3f, r0	; 63
    246a:	cd bf       	out	0x3d, r28	; 61
    246c:	ed 01       	movw	r28, r26
    246e:	08 95       	ret

00002470 <__cmpdi2_s8>:
    2470:	00 24       	eor	r0, r0
    2472:	a7 fd       	sbrc	r26, 7
    2474:	00 94       	com	r0
    2476:	2a 17       	cp	r18, r26
    2478:	30 05       	cpc	r19, r0
    247a:	40 05       	cpc	r20, r0
    247c:	50 05       	cpc	r21, r0
    247e:	60 05       	cpc	r22, r0
    2480:	70 05       	cpc	r23, r0
    2482:	80 05       	cpc	r24, r0
    2484:	90 05       	cpc	r25, r0
    2486:	08 95       	ret

00002488 <strtol>:
    2488:	a0 e0       	ldi	r26, 0x00	; 0
    248a:	b0 e0       	ldi	r27, 0x00	; 0
    248c:	ea e4       	ldi	r30, 0x4A	; 74
    248e:	f2 e1       	ldi	r31, 0x12	; 18
    2490:	0c 94 02 12 	jmp	0x2404	; 0x2404 <__prologue_saves__+0x2>
    2494:	5c 01       	movw	r10, r24
    2496:	6b 01       	movw	r12, r22
    2498:	7a 01       	movw	r14, r20
    249a:	61 15       	cp	r22, r1
    249c:	71 05       	cpc	r23, r1
    249e:	19 f0       	breq	.+6      	; 0x24a6 <strtol+0x1e>
    24a0:	fb 01       	movw	r30, r22
    24a2:	91 83       	std	Z+1, r25	; 0x01
    24a4:	80 83       	st	Z, r24
    24a6:	e1 14       	cp	r14, r1
    24a8:	f1 04       	cpc	r15, r1
    24aa:	29 f0       	breq	.+10     	; 0x24b6 <strtol+0x2e>
    24ac:	c7 01       	movw	r24, r14
    24ae:	02 97       	sbiw	r24, 0x02	; 2
    24b0:	83 97       	sbiw	r24, 0x23	; 35
    24b2:	08 f0       	brcs	.+2      	; 0x24b6 <strtol+0x2e>
    24b4:	e5 c0       	rjmp	.+458    	; 0x2680 <strtol+0x1f8>
    24b6:	e5 01       	movw	r28, r10
    24b8:	21 96       	adiw	r28, 0x01	; 1
    24ba:	f5 01       	movw	r30, r10
    24bc:	10 81       	ld	r17, Z
    24be:	81 2f       	mov	r24, r17
    24c0:	90 e0       	ldi	r25, 0x00	; 0
    24c2:	0e 94 4f 14 	call	0x289e	; 0x289e <isspace>
    24c6:	89 2b       	or	r24, r25
    24c8:	11 f0       	breq	.+4      	; 0x24ce <strtol+0x46>
    24ca:	5e 01       	movw	r10, r28
    24cc:	f4 cf       	rjmp	.-24     	; 0x24b6 <strtol+0x2e>
    24ce:	1d 32       	cpi	r17, 0x2D	; 45
    24d0:	29 f4       	brne	.+10     	; 0x24dc <strtol+0x54>
    24d2:	21 96       	adiw	r28, 0x01	; 1
    24d4:	f5 01       	movw	r30, r10
    24d6:	11 81       	ldd	r17, Z+1	; 0x01
    24d8:	01 e0       	ldi	r16, 0x01	; 1
    24da:	07 c0       	rjmp	.+14     	; 0x24ea <strtol+0x62>
    24dc:	1b 32       	cpi	r17, 0x2B	; 43
    24de:	21 f4       	brne	.+8      	; 0x24e8 <strtol+0x60>
    24e0:	e5 01       	movw	r28, r10
    24e2:	22 96       	adiw	r28, 0x02	; 2
    24e4:	f5 01       	movw	r30, r10
    24e6:	11 81       	ldd	r17, Z+1	; 0x01
    24e8:	00 e0       	ldi	r16, 0x00	; 0
    24ea:	e1 14       	cp	r14, r1
    24ec:	f1 04       	cpc	r15, r1
    24ee:	09 f1       	breq	.+66     	; 0x2532 <strtol+0xaa>
    24f0:	f0 e1       	ldi	r31, 0x10	; 16
    24f2:	ef 16       	cp	r14, r31
    24f4:	f1 04       	cpc	r15, r1
    24f6:	29 f4       	brne	.+10     	; 0x2502 <strtol+0x7a>
    24f8:	3f c0       	rjmp	.+126    	; 0x2578 <strtol+0xf0>
    24fa:	10 e3       	ldi	r17, 0x30	; 48
    24fc:	e1 14       	cp	r14, r1
    24fe:	f1 04       	cpc	r15, r1
    2500:	21 f1       	breq	.+72     	; 0x254a <strtol+0xc2>
    2502:	28 e0       	ldi	r18, 0x08	; 8
    2504:	e2 16       	cp	r14, r18
    2506:	f1 04       	cpc	r15, r1
    2508:	01 f1       	breq	.+64     	; 0x254a <strtol+0xc2>
    250a:	54 f4       	brge	.+20     	; 0x2520 <strtol+0x98>
    250c:	e2 e0       	ldi	r30, 0x02	; 2
    250e:	ee 16       	cp	r14, r30
    2510:	f1 04       	cpc	r15, r1
    2512:	21 f5       	brne	.+72     	; 0x255c <strtol+0xd4>
    2514:	81 2c       	mov	r8, r1
    2516:	91 2c       	mov	r9, r1
    2518:	a1 2c       	mov	r10, r1
    251a:	b0 e4       	ldi	r27, 0x40	; 64
    251c:	bb 2e       	mov	r11, r27
    251e:	3e c0       	rjmp	.+124    	; 0x259c <strtol+0x114>
    2520:	fa e0       	ldi	r31, 0x0A	; 10
    2522:	ef 16       	cp	r14, r31
    2524:	f1 04       	cpc	r15, r1
    2526:	39 f0       	breq	.+14     	; 0x2536 <strtol+0xae>
    2528:	20 e1       	ldi	r18, 0x10	; 16
    252a:	e2 16       	cp	r14, r18
    252c:	f1 04       	cpc	r15, r1
    252e:	b1 f4       	brne	.+44     	; 0x255c <strtol+0xd4>
    2530:	30 c0       	rjmp	.+96     	; 0x2592 <strtol+0x10a>
    2532:	10 33       	cpi	r17, 0x30	; 48
    2534:	19 f1       	breq	.+70     	; 0x257c <strtol+0xf4>
    2536:	fa e0       	ldi	r31, 0x0A	; 10
    2538:	ef 2e       	mov	r14, r31
    253a:	f1 2c       	mov	r15, r1
    253c:	ac ec       	ldi	r26, 0xCC	; 204
    253e:	8a 2e       	mov	r8, r26
    2540:	98 2c       	mov	r9, r8
    2542:	a8 2c       	mov	r10, r8
    2544:	ac e0       	ldi	r26, 0x0C	; 12
    2546:	ba 2e       	mov	r11, r26
    2548:	29 c0       	rjmp	.+82     	; 0x259c <strtol+0x114>
    254a:	78 e0       	ldi	r23, 0x08	; 8
    254c:	e7 2e       	mov	r14, r23
    254e:	f1 2c       	mov	r15, r1
    2550:	81 2c       	mov	r8, r1
    2552:	91 2c       	mov	r9, r1
    2554:	a1 2c       	mov	r10, r1
    2556:	e0 e1       	ldi	r30, 0x10	; 16
    2558:	be 2e       	mov	r11, r30
    255a:	20 c0       	rjmp	.+64     	; 0x259c <strtol+0x114>
    255c:	60 e0       	ldi	r22, 0x00	; 0
    255e:	70 e0       	ldi	r23, 0x00	; 0
    2560:	80 e0       	ldi	r24, 0x00	; 0
    2562:	90 e8       	ldi	r25, 0x80	; 128
    2564:	97 01       	movw	r18, r14
    2566:	0f 2c       	mov	r0, r15
    2568:	00 0c       	add	r0, r0
    256a:	44 0b       	sbc	r20, r20
    256c:	55 0b       	sbc	r21, r21
    256e:	0e 94 ad 10 	call	0x215a	; 0x215a <__udivmodsi4>
    2572:	49 01       	movw	r8, r18
    2574:	5a 01       	movw	r10, r20
    2576:	12 c0       	rjmp	.+36     	; 0x259c <strtol+0x114>
    2578:	10 33       	cpi	r17, 0x30	; 48
    257a:	59 f4       	brne	.+22     	; 0x2592 <strtol+0x10a>
    257c:	88 81       	ld	r24, Y
    257e:	8f 7d       	andi	r24, 0xDF	; 223
    2580:	88 35       	cpi	r24, 0x58	; 88
    2582:	09 f0       	breq	.+2      	; 0x2586 <strtol+0xfe>
    2584:	ba cf       	rjmp	.-140    	; 0x24fa <strtol+0x72>
    2586:	19 81       	ldd	r17, Y+1	; 0x01
    2588:	22 96       	adiw	r28, 0x02	; 2
    258a:	02 60       	ori	r16, 0x02	; 2
    258c:	80 e1       	ldi	r24, 0x10	; 16
    258e:	e8 2e       	mov	r14, r24
    2590:	f1 2c       	mov	r15, r1
    2592:	81 2c       	mov	r8, r1
    2594:	91 2c       	mov	r9, r1
    2596:	a1 2c       	mov	r10, r1
    2598:	68 e0       	ldi	r22, 0x08	; 8
    259a:	b6 2e       	mov	r11, r22
    259c:	40 e0       	ldi	r20, 0x00	; 0
    259e:	60 e0       	ldi	r22, 0x00	; 0
    25a0:	70 e0       	ldi	r23, 0x00	; 0
    25a2:	cb 01       	movw	r24, r22
    25a4:	27 01       	movw	r4, r14
    25a6:	0f 2c       	mov	r0, r15
    25a8:	00 0c       	add	r0, r0
    25aa:	66 08       	sbc	r6, r6
    25ac:	77 08       	sbc	r7, r7
    25ae:	fe 01       	movw	r30, r28
    25b0:	50 ed       	ldi	r21, 0xD0	; 208
    25b2:	35 2e       	mov	r3, r21
    25b4:	31 0e       	add	r3, r17
    25b6:	29 e0       	ldi	r18, 0x09	; 9
    25b8:	23 15       	cp	r18, r3
    25ba:	70 f4       	brcc	.+28     	; 0x25d8 <strtol+0x150>
    25bc:	2f eb       	ldi	r18, 0xBF	; 191
    25be:	21 0f       	add	r18, r17
    25c0:	2a 31       	cpi	r18, 0x1A	; 26
    25c2:	18 f4       	brcc	.+6      	; 0x25ca <strtol+0x142>
    25c4:	39 ec       	ldi	r19, 0xC9	; 201
    25c6:	33 2e       	mov	r3, r19
    25c8:	06 c0       	rjmp	.+12     	; 0x25d6 <strtol+0x14e>
    25ca:	2f e9       	ldi	r18, 0x9F	; 159
    25cc:	21 0f       	add	r18, r17
    25ce:	2a 31       	cpi	r18, 0x1A	; 26
    25d0:	18 f5       	brcc	.+70     	; 0x2618 <strtol+0x190>
    25d2:	29 ea       	ldi	r18, 0xA9	; 169
    25d4:	32 2e       	mov	r3, r18
    25d6:	31 0e       	add	r3, r17
    25d8:	23 2d       	mov	r18, r3
    25da:	30 e0       	ldi	r19, 0x00	; 0
    25dc:	2e 15       	cp	r18, r14
    25de:	3f 05       	cpc	r19, r15
    25e0:	dc f4       	brge	.+54     	; 0x2618 <strtol+0x190>
    25e2:	47 fd       	sbrc	r20, 7
    25e4:	16 c0       	rjmp	.+44     	; 0x2612 <strtol+0x18a>
    25e6:	86 16       	cp	r8, r22
    25e8:	97 06       	cpc	r9, r23
    25ea:	a8 06       	cpc	r10, r24
    25ec:	b9 06       	cpc	r11, r25
    25ee:	70 f0       	brcs	.+28     	; 0x260c <strtol+0x184>
    25f0:	a3 01       	movw	r20, r6
    25f2:	92 01       	movw	r18, r4
    25f4:	0e 94 e8 14 	call	0x29d0	; 0x29d0 <__mulsi3>
    25f8:	63 0d       	add	r22, r3
    25fa:	71 1d       	adc	r23, r1
    25fc:	81 1d       	adc	r24, r1
    25fe:	91 1d       	adc	r25, r1
    2600:	61 30       	cpi	r22, 0x01	; 1
    2602:	71 05       	cpc	r23, r1
    2604:	81 05       	cpc	r24, r1
    2606:	20 e8       	ldi	r18, 0x80	; 128
    2608:	92 07       	cpc	r25, r18
    260a:	10 f0       	brcs	.+4      	; 0x2610 <strtol+0x188>
    260c:	4f ef       	ldi	r20, 0xFF	; 255
    260e:	01 c0       	rjmp	.+2      	; 0x2612 <strtol+0x18a>
    2610:	41 e0       	ldi	r20, 0x01	; 1
    2612:	21 96       	adiw	r28, 0x01	; 1
    2614:	10 81       	ld	r17, Z
    2616:	cb cf       	rjmp	.-106    	; 0x25ae <strtol+0x126>
    2618:	20 2f       	mov	r18, r16
    261a:	21 70       	andi	r18, 0x01	; 1
    261c:	c1 14       	cp	r12, r1
    261e:	d1 04       	cpc	r13, r1
    2620:	71 f0       	breq	.+28     	; 0x263e <strtol+0x1b6>
    2622:	44 23       	and	r20, r20
    2624:	29 f0       	breq	.+10     	; 0x2630 <strtol+0x1a8>
    2626:	21 97       	sbiw	r28, 0x01	; 1
    2628:	f6 01       	movw	r30, r12
    262a:	d1 83       	std	Z+1, r29	; 0x01
    262c:	c0 83       	st	Z, r28
    262e:	07 c0       	rjmp	.+14     	; 0x263e <strtol+0x1b6>
    2630:	01 ff       	sbrs	r16, 1
    2632:	19 c0       	rjmp	.+50     	; 0x2666 <strtol+0x1de>
    2634:	22 97       	sbiw	r28, 0x02	; 2
    2636:	f6 01       	movw	r30, r12
    2638:	d1 83       	std	Z+1, r29	; 0x01
    263a:	c0 83       	st	Z, r28
    263c:	14 c0       	rjmp	.+40     	; 0x2666 <strtol+0x1de>
    263e:	47 ff       	sbrs	r20, 7
    2640:	12 c0       	rjmp	.+36     	; 0x2666 <strtol+0x1de>
    2642:	22 23       	and	r18, r18
    2644:	29 f0       	breq	.+10     	; 0x2650 <strtol+0x1c8>
    2646:	60 e0       	ldi	r22, 0x00	; 0
    2648:	70 e0       	ldi	r23, 0x00	; 0
    264a:	80 e0       	ldi	r24, 0x00	; 0
    264c:	90 e8       	ldi	r25, 0x80	; 128
    264e:	04 c0       	rjmp	.+8      	; 0x2658 <strtol+0x1d0>
    2650:	6f ef       	ldi	r22, 0xFF	; 255
    2652:	7f ef       	ldi	r23, 0xFF	; 255
    2654:	8f ef       	ldi	r24, 0xFF	; 255
    2656:	9f e7       	ldi	r25, 0x7F	; 127
    2658:	22 e2       	ldi	r18, 0x22	; 34
    265a:	30 e0       	ldi	r19, 0x00	; 0
    265c:	30 93 ca 07 	sts	0x07CA, r19	; 0x8007ca <errno+0x1>
    2660:	20 93 c9 07 	sts	0x07C9, r18	; 0x8007c9 <errno>
    2664:	09 c0       	rjmp	.+18     	; 0x2678 <strtol+0x1f0>
    2666:	22 23       	and	r18, r18
    2668:	81 f0       	breq	.+32     	; 0x268a <strtol+0x202>
    266a:	90 95       	com	r25
    266c:	80 95       	com	r24
    266e:	70 95       	com	r23
    2670:	61 95       	neg	r22
    2672:	7f 4f       	sbci	r23, 0xFF	; 255
    2674:	8f 4f       	sbci	r24, 0xFF	; 255
    2676:	9f 4f       	sbci	r25, 0xFF	; 255
    2678:	46 2f       	mov	r20, r22
    267a:	37 2f       	mov	r19, r23
    267c:	28 2f       	mov	r18, r24
    267e:	12 c0       	rjmp	.+36     	; 0x26a4 <strtol+0x21c>
    2680:	40 e0       	ldi	r20, 0x00	; 0
    2682:	30 e0       	ldi	r19, 0x00	; 0
    2684:	20 e0       	ldi	r18, 0x00	; 0
    2686:	90 e0       	ldi	r25, 0x00	; 0
    2688:	0d c0       	rjmp	.+26     	; 0x26a4 <strtol+0x21c>
    268a:	97 ff       	sbrs	r25, 7
    268c:	f5 cf       	rjmp	.-22     	; 0x2678 <strtol+0x1f0>
    268e:	82 e2       	ldi	r24, 0x22	; 34
    2690:	90 e0       	ldi	r25, 0x00	; 0
    2692:	90 93 ca 07 	sts	0x07CA, r25	; 0x8007ca <errno+0x1>
    2696:	80 93 c9 07 	sts	0x07C9, r24	; 0x8007c9 <errno>
    269a:	6f ef       	ldi	r22, 0xFF	; 255
    269c:	7f ef       	ldi	r23, 0xFF	; 255
    269e:	8f ef       	ldi	r24, 0xFF	; 255
    26a0:	9f e7       	ldi	r25, 0x7F	; 127
    26a2:	ea cf       	rjmp	.-44     	; 0x2678 <strtol+0x1f0>
    26a4:	64 2f       	mov	r22, r20
    26a6:	73 2f       	mov	r23, r19
    26a8:	82 2f       	mov	r24, r18
    26aa:	cd b7       	in	r28, 0x3d	; 61
    26ac:	de b7       	in	r29, 0x3e	; 62
    26ae:	e1 e1       	ldi	r30, 0x11	; 17
    26b0:	0c 94 1e 12 	jmp	0x243c	; 0x243c <__epilogue_restores__+0x2>

000026b4 <strtoul>:
    26b4:	a0 e0       	ldi	r26, 0x00	; 0
    26b6:	b0 e0       	ldi	r27, 0x00	; 0
    26b8:	e0 e6       	ldi	r30, 0x60	; 96
    26ba:	f3 e1       	ldi	r31, 0x13	; 19
    26bc:	0c 94 02 12 	jmp	0x2404	; 0x2404 <__prologue_saves__+0x2>
    26c0:	5c 01       	movw	r10, r24
    26c2:	6b 01       	movw	r12, r22
    26c4:	7a 01       	movw	r14, r20
    26c6:	61 15       	cp	r22, r1
    26c8:	71 05       	cpc	r23, r1
    26ca:	19 f0       	breq	.+6      	; 0x26d2 <strtoul+0x1e>
    26cc:	fb 01       	movw	r30, r22
    26ce:	91 83       	std	Z+1, r25	; 0x01
    26d0:	80 83       	st	Z, r24
    26d2:	e1 14       	cp	r14, r1
    26d4:	f1 04       	cpc	r15, r1
    26d6:	29 f0       	breq	.+10     	; 0x26e2 <strtoul+0x2e>
    26d8:	c7 01       	movw	r24, r14
    26da:	02 97       	sbiw	r24, 0x02	; 2
    26dc:	83 97       	sbiw	r24, 0x23	; 35
    26de:	08 f0       	brcs	.+2      	; 0x26e2 <strtoul+0x2e>
    26e0:	c9 c0       	rjmp	.+402    	; 0x2874 <strtoul+0x1c0>
    26e2:	e5 01       	movw	r28, r10
    26e4:	21 96       	adiw	r28, 0x01	; 1
    26e6:	f5 01       	movw	r30, r10
    26e8:	10 81       	ld	r17, Z
    26ea:	81 2f       	mov	r24, r17
    26ec:	90 e0       	ldi	r25, 0x00	; 0
    26ee:	0e 94 4f 14 	call	0x289e	; 0x289e <isspace>
    26f2:	89 2b       	or	r24, r25
    26f4:	11 f0       	breq	.+4      	; 0x26fa <strtoul+0x46>
    26f6:	5e 01       	movw	r10, r28
    26f8:	f4 cf       	rjmp	.-24     	; 0x26e2 <strtoul+0x2e>
    26fa:	1d 32       	cpi	r17, 0x2D	; 45
    26fc:	29 f4       	brne	.+10     	; 0x2708 <strtoul+0x54>
    26fe:	21 96       	adiw	r28, 0x01	; 1
    2700:	f5 01       	movw	r30, r10
    2702:	11 81       	ldd	r17, Z+1	; 0x01
    2704:	01 e0       	ldi	r16, 0x01	; 1
    2706:	07 c0       	rjmp	.+14     	; 0x2716 <strtoul+0x62>
    2708:	1b 32       	cpi	r17, 0x2B	; 43
    270a:	21 f4       	brne	.+8      	; 0x2714 <strtoul+0x60>
    270c:	e5 01       	movw	r28, r10
    270e:	22 96       	adiw	r28, 0x02	; 2
    2710:	f5 01       	movw	r30, r10
    2712:	11 81       	ldd	r17, Z+1	; 0x01
    2714:	00 e0       	ldi	r16, 0x00	; 0
    2716:	e1 14       	cp	r14, r1
    2718:	f1 04       	cpc	r15, r1
    271a:	b1 f0       	breq	.+44     	; 0x2748 <strtoul+0x94>
    271c:	f0 e1       	ldi	r31, 0x10	; 16
    271e:	ef 16       	cp	r14, r31
    2720:	f1 04       	cpc	r15, r1
    2722:	29 f4       	brne	.+10     	; 0x272e <strtoul+0x7a>
    2724:	b0 c0       	rjmp	.+352    	; 0x2886 <strtoul+0x1d2>
    2726:	10 e3       	ldi	r17, 0x30	; 48
    2728:	e1 14       	cp	r14, r1
    272a:	f1 04       	cpc	r15, r1
    272c:	01 f1       	breq	.+64     	; 0x276e <strtoul+0xba>
    272e:	2a e0       	ldi	r18, 0x0A	; 10
    2730:	e2 16       	cp	r14, r18
    2732:	f1 04       	cpc	r15, r1
    2734:	b1 f1       	breq	.+108    	; 0x27a2 <strtoul+0xee>
    2736:	80 e1       	ldi	r24, 0x10	; 16
    2738:	e8 16       	cp	r14, r24
    273a:	f1 04       	cpc	r15, r1
    273c:	71 f0       	breq	.+28     	; 0x275a <strtoul+0xa6>
    273e:	e8 e0       	ldi	r30, 0x08	; 8
    2740:	ee 16       	cp	r14, r30
    2742:	f1 04       	cpc	r15, r1
    2744:	f1 f4       	brne	.+60     	; 0x2782 <strtoul+0xce>
    2746:	13 c0       	rjmp	.+38     	; 0x276e <strtoul+0xba>
    2748:	10 33       	cpi	r17, 0x30	; 48
    274a:	41 f5       	brne	.+80     	; 0x279c <strtoul+0xe8>
    274c:	88 81       	ld	r24, Y
    274e:	8f 7d       	andi	r24, 0xDF	; 223
    2750:	88 35       	cpi	r24, 0x58	; 88
    2752:	49 f7       	brne	.-46     	; 0x2726 <strtoul+0x72>
    2754:	19 81       	ldd	r17, Y+1	; 0x01
    2756:	22 96       	adiw	r28, 0x02	; 2
    2758:	02 60       	ori	r16, 0x02	; 2
    275a:	f0 e1       	ldi	r31, 0x10	; 16
    275c:	ef 2e       	mov	r14, r31
    275e:	f1 2c       	mov	r15, r1
    2760:	88 24       	eor	r8, r8
    2762:	8a 94       	dec	r8
    2764:	98 2c       	mov	r9, r8
    2766:	a8 2c       	mov	r10, r8
    2768:	af e0       	ldi	r26, 0x0F	; 15
    276a:	ba 2e       	mov	r11, r26
    276c:	20 c0       	rjmp	.+64     	; 0x27ae <strtoul+0xfa>
    276e:	78 e0       	ldi	r23, 0x08	; 8
    2770:	e7 2e       	mov	r14, r23
    2772:	f1 2c       	mov	r15, r1
    2774:	88 24       	eor	r8, r8
    2776:	8a 94       	dec	r8
    2778:	98 2c       	mov	r9, r8
    277a:	a8 2c       	mov	r10, r8
    277c:	ef e1       	ldi	r30, 0x1F	; 31
    277e:	be 2e       	mov	r11, r30
    2780:	16 c0       	rjmp	.+44     	; 0x27ae <strtoul+0xfa>
    2782:	6f ef       	ldi	r22, 0xFF	; 255
    2784:	7f ef       	ldi	r23, 0xFF	; 255
    2786:	cb 01       	movw	r24, r22
    2788:	97 01       	movw	r18, r14
    278a:	0f 2c       	mov	r0, r15
    278c:	00 0c       	add	r0, r0
    278e:	44 0b       	sbc	r20, r20
    2790:	55 0b       	sbc	r21, r21
    2792:	0e 94 ad 10 	call	0x215a	; 0x215a <__udivmodsi4>
    2796:	49 01       	movw	r8, r18
    2798:	5a 01       	movw	r10, r20
    279a:	09 c0       	rjmp	.+18     	; 0x27ae <strtoul+0xfa>
    279c:	8a e0       	ldi	r24, 0x0A	; 10
    279e:	e8 2e       	mov	r14, r24
    27a0:	f1 2c       	mov	r15, r1
    27a2:	69 e9       	ldi	r22, 0x99	; 153
    27a4:	86 2e       	mov	r8, r22
    27a6:	98 2c       	mov	r9, r8
    27a8:	a8 2c       	mov	r10, r8
    27aa:	69 e1       	ldi	r22, 0x19	; 25
    27ac:	b6 2e       	mov	r11, r22
    27ae:	40 e0       	ldi	r20, 0x00	; 0
    27b0:	60 e0       	ldi	r22, 0x00	; 0
    27b2:	70 e0       	ldi	r23, 0x00	; 0
    27b4:	cb 01       	movw	r24, r22
    27b6:	27 01       	movw	r4, r14
    27b8:	0f 2c       	mov	r0, r15
    27ba:	00 0c       	add	r0, r0
    27bc:	66 08       	sbc	r6, r6
    27be:	77 08       	sbc	r7, r7
    27c0:	fe 01       	movw	r30, r28
    27c2:	50 ed       	ldi	r21, 0xD0	; 208
    27c4:	35 2e       	mov	r3, r21
    27c6:	31 0e       	add	r3, r17
    27c8:	29 e0       	ldi	r18, 0x09	; 9
    27ca:	23 15       	cp	r18, r3
    27cc:	70 f4       	brcc	.+28     	; 0x27ea <strtoul+0x136>
    27ce:	2f eb       	ldi	r18, 0xBF	; 191
    27d0:	21 0f       	add	r18, r17
    27d2:	2a 31       	cpi	r18, 0x1A	; 26
    27d4:	18 f4       	brcc	.+6      	; 0x27dc <strtoul+0x128>
    27d6:	39 ec       	ldi	r19, 0xC9	; 201
    27d8:	33 2e       	mov	r3, r19
    27da:	06 c0       	rjmp	.+12     	; 0x27e8 <strtoul+0x134>
    27dc:	2f e9       	ldi	r18, 0x9F	; 159
    27de:	21 0f       	add	r18, r17
    27e0:	2a 31       	cpi	r18, 0x1A	; 26
    27e2:	30 f5       	brcc	.+76     	; 0x2830 <strtoul+0x17c>
    27e4:	29 ea       	ldi	r18, 0xA9	; 169
    27e6:	32 2e       	mov	r3, r18
    27e8:	31 0e       	add	r3, r17
    27ea:	23 2d       	mov	r18, r3
    27ec:	30 e0       	ldi	r19, 0x00	; 0
    27ee:	2e 15       	cp	r18, r14
    27f0:	3f 05       	cpc	r19, r15
    27f2:	f4 f4       	brge	.+60     	; 0x2830 <strtoul+0x17c>
    27f4:	4f 3f       	cpi	r20, 0xFF	; 255
    27f6:	c9 f0       	breq	.+50     	; 0x282a <strtoul+0x176>
    27f8:	86 16       	cp	r8, r22
    27fa:	97 06       	cpc	r9, r23
    27fc:	a8 06       	cpc	r10, r24
    27fe:	b9 06       	cpc	r11, r25
    2800:	88 f0       	brcs	.+34     	; 0x2824 <strtoul+0x170>
    2802:	a3 01       	movw	r20, r6
    2804:	92 01       	movw	r18, r4
    2806:	0e 94 e8 14 	call	0x29d0	; 0x29d0 <__mulsi3>
    280a:	23 2d       	mov	r18, r3
    280c:	30 e0       	ldi	r19, 0x00	; 0
    280e:	40 e0       	ldi	r20, 0x00	; 0
    2810:	50 e0       	ldi	r21, 0x00	; 0
    2812:	62 0f       	add	r22, r18
    2814:	73 1f       	adc	r23, r19
    2816:	84 1f       	adc	r24, r20
    2818:	95 1f       	adc	r25, r21
    281a:	62 17       	cp	r22, r18
    281c:	73 07       	cpc	r23, r19
    281e:	84 07       	cpc	r24, r20
    2820:	95 07       	cpc	r25, r21
    2822:	10 f4       	brcc	.+4      	; 0x2828 <strtoul+0x174>
    2824:	4f ef       	ldi	r20, 0xFF	; 255
    2826:	01 c0       	rjmp	.+2      	; 0x282a <strtoul+0x176>
    2828:	41 e0       	ldi	r20, 0x01	; 1
    282a:	21 96       	adiw	r28, 0x01	; 1
    282c:	10 81       	ld	r17, Z
    282e:	c8 cf       	rjmp	.-112    	; 0x27c0 <strtoul+0x10c>
    2830:	c1 14       	cp	r12, r1
    2832:	d1 04       	cpc	r13, r1
    2834:	51 f0       	breq	.+20     	; 0x284a <strtoul+0x196>
    2836:	44 23       	and	r20, r20
    2838:	11 f0       	breq	.+4      	; 0x283e <strtoul+0x18a>
    283a:	21 97       	sbiw	r28, 0x01	; 1
    283c:	03 c0       	rjmp	.+6      	; 0x2844 <strtoul+0x190>
    283e:	01 ff       	sbrs	r16, 1
    2840:	04 c0       	rjmp	.+8      	; 0x284a <strtoul+0x196>
    2842:	22 97       	sbiw	r28, 0x02	; 2
    2844:	f6 01       	movw	r30, r12
    2846:	d1 83       	std	Z+1, r29	; 0x01
    2848:	c0 83       	st	Z, r28
    284a:	00 ff       	sbrs	r16, 0
    284c:	07 c0       	rjmp	.+14     	; 0x285c <strtoul+0x1a8>
    284e:	90 95       	com	r25
    2850:	80 95       	com	r24
    2852:	70 95       	com	r23
    2854:	61 95       	neg	r22
    2856:	7f 4f       	sbci	r23, 0xFF	; 255
    2858:	8f 4f       	sbci	r24, 0xFF	; 255
    285a:	9f 4f       	sbci	r25, 0xFF	; 255
    285c:	4f 3f       	cpi	r20, 0xFF	; 255
    285e:	79 f4       	brne	.+30     	; 0x287e <strtoul+0x1ca>
    2860:	82 e2       	ldi	r24, 0x22	; 34
    2862:	90 e0       	ldi	r25, 0x00	; 0
    2864:	90 93 ca 07 	sts	0x07CA, r25	; 0x8007ca <errno+0x1>
    2868:	80 93 c9 07 	sts	0x07C9, r24	; 0x8007c9 <errno>
    286c:	3f ef       	ldi	r19, 0xFF	; 255
    286e:	2f ef       	ldi	r18, 0xFF	; 255
    2870:	9f ef       	ldi	r25, 0xFF	; 255
    2872:	0d c0       	rjmp	.+26     	; 0x288e <strtoul+0x1da>
    2874:	40 e0       	ldi	r20, 0x00	; 0
    2876:	30 e0       	ldi	r19, 0x00	; 0
    2878:	20 e0       	ldi	r18, 0x00	; 0
    287a:	90 e0       	ldi	r25, 0x00	; 0
    287c:	08 c0       	rjmp	.+16     	; 0x288e <strtoul+0x1da>
    287e:	46 2f       	mov	r20, r22
    2880:	37 2f       	mov	r19, r23
    2882:	28 2f       	mov	r18, r24
    2884:	04 c0       	rjmp	.+8      	; 0x288e <strtoul+0x1da>
    2886:	10 33       	cpi	r17, 0x30	; 48
    2888:	09 f0       	breq	.+2      	; 0x288c <strtoul+0x1d8>
    288a:	67 cf       	rjmp	.-306    	; 0x275a <strtoul+0xa6>
    288c:	5f cf       	rjmp	.-322    	; 0x274c <strtoul+0x98>
    288e:	64 2f       	mov	r22, r20
    2890:	73 2f       	mov	r23, r19
    2892:	82 2f       	mov	r24, r18
    2894:	cd b7       	in	r28, 0x3d	; 61
    2896:	de b7       	in	r29, 0x3e	; 62
    2898:	e1 e1       	ldi	r30, 0x11	; 17
    289a:	0c 94 1e 12 	jmp	0x243c	; 0x243c <__epilogue_restores__+0x2>

0000289e <isspace>:
    289e:	91 11       	cpse	r25, r1
    28a0:	0c 94 a1 14 	jmp	0x2942	; 0x2942 <__ctype_isfalse>
    28a4:	80 32       	cpi	r24, 0x20	; 32
    28a6:	19 f0       	breq	.+6      	; 0x28ae <isspace+0x10>
    28a8:	89 50       	subi	r24, 0x09	; 9
    28aa:	85 50       	subi	r24, 0x05	; 5
    28ac:	c8 f7       	brcc	.-14     	; 0x28a0 <isspace+0x2>
    28ae:	08 95       	ret

000028b0 <strtok>:
    28b0:	4e e7       	ldi	r20, 0x7E	; 126
    28b2:	56 e0       	ldi	r21, 0x06	; 6
    28b4:	0e 94 7a 14 	call	0x28f4	; 0x28f4 <strtok_r>
    28b8:	08 95       	ret

000028ba <memcmp>:
    28ba:	fb 01       	movw	r30, r22
    28bc:	dc 01       	movw	r26, r24
    28be:	04 c0       	rjmp	.+8      	; 0x28c8 <memcmp+0xe>
    28c0:	8d 91       	ld	r24, X+
    28c2:	01 90       	ld	r0, Z+
    28c4:	80 19       	sub	r24, r0
    28c6:	21 f4       	brne	.+8      	; 0x28d0 <memcmp+0x16>
    28c8:	41 50       	subi	r20, 0x01	; 1
    28ca:	50 40       	sbci	r21, 0x00	; 0
    28cc:	c8 f7       	brcc	.-14     	; 0x28c0 <memcmp+0x6>
    28ce:	88 1b       	sub	r24, r24
    28d0:	99 0b       	sbc	r25, r25
    28d2:	08 95       	ret

000028d4 <memset>:
    28d4:	dc 01       	movw	r26, r24
    28d6:	01 c0       	rjmp	.+2      	; 0x28da <memset+0x6>
    28d8:	6d 93       	st	X+, r22
    28da:	41 50       	subi	r20, 0x01	; 1
    28dc:	50 40       	sbci	r21, 0x00	; 0
    28de:	e0 f7       	brcc	.-8      	; 0x28d8 <memset+0x4>
    28e0:	08 95       	ret

000028e2 <strcmp>:
    28e2:	fb 01       	movw	r30, r22
    28e4:	dc 01       	movw	r26, r24
    28e6:	8d 91       	ld	r24, X+
    28e8:	01 90       	ld	r0, Z+
    28ea:	80 19       	sub	r24, r0
    28ec:	01 10       	cpse	r0, r1
    28ee:	d9 f3       	breq	.-10     	; 0x28e6 <strcmp+0x4>
    28f0:	99 0b       	sbc	r25, r25
    28f2:	08 95       	ret

000028f4 <strtok_r>:
    28f4:	fa 01       	movw	r30, r20
    28f6:	a1 91       	ld	r26, Z+
    28f8:	b0 81       	ld	r27, Z
    28fa:	00 97       	sbiw	r24, 0x00	; 0
    28fc:	19 f4       	brne	.+6      	; 0x2904 <strtok_r+0x10>
    28fe:	10 97       	sbiw	r26, 0x00	; 0
    2900:	e1 f0       	breq	.+56     	; 0x293a <strtok_r+0x46>
    2902:	cd 01       	movw	r24, r26
    2904:	dc 01       	movw	r26, r24
    2906:	cd 01       	movw	r24, r26
    2908:	0d 90       	ld	r0, X+
    290a:	00 20       	and	r0, r0
    290c:	11 f4       	brne	.+4      	; 0x2912 <strtok_r+0x1e>
    290e:	c0 01       	movw	r24, r0
    2910:	13 c0       	rjmp	.+38     	; 0x2938 <strtok_r+0x44>
    2912:	fb 01       	movw	r30, r22
    2914:	21 91       	ld	r18, Z+
    2916:	22 23       	and	r18, r18
    2918:	19 f0       	breq	.+6      	; 0x2920 <strtok_r+0x2c>
    291a:	20 15       	cp	r18, r0
    291c:	d9 f7       	brne	.-10     	; 0x2914 <strtok_r+0x20>
    291e:	f3 cf       	rjmp	.-26     	; 0x2906 <strtok_r+0x12>
    2920:	fb 01       	movw	r30, r22
    2922:	21 91       	ld	r18, Z+
    2924:	20 15       	cp	r18, r0
    2926:	19 f4       	brne	.+6      	; 0x292e <strtok_r+0x3a>
    2928:	1e 92       	st	-X, r1
    292a:	11 96       	adiw	r26, 0x01	; 1
    292c:	06 c0       	rjmp	.+12     	; 0x293a <strtok_r+0x46>
    292e:	22 23       	and	r18, r18
    2930:	c1 f7       	brne	.-16     	; 0x2922 <strtok_r+0x2e>
    2932:	0d 90       	ld	r0, X+
    2934:	00 20       	and	r0, r0
    2936:	a1 f7       	brne	.-24     	; 0x2920 <strtok_r+0x2c>
    2938:	d0 01       	movw	r26, r0
    293a:	fa 01       	movw	r30, r20
    293c:	a1 93       	st	Z+, r26
    293e:	b0 83       	st	Z, r27
    2940:	08 95       	ret

00002942 <__ctype_isfalse>:
    2942:	99 27       	eor	r25, r25
    2944:	88 27       	eor	r24, r24

00002946 <__ctype_istrue>:
    2946:	08 95       	ret

00002948 <eeprom_read_block>:
    2948:	dc 01       	movw	r26, r24
    294a:	cb 01       	movw	r24, r22

0000294c <eeprom_read_blraw>:
    294c:	fc 01       	movw	r30, r24
    294e:	f9 99       	sbic	0x1f, 1	; 31
    2950:	fe cf       	rjmp	.-4      	; 0x294e <eeprom_read_blraw+0x2>
    2952:	06 c0       	rjmp	.+12     	; 0x2960 <eeprom_read_blraw+0x14>
    2954:	f2 bd       	out	0x22, r31	; 34
    2956:	e1 bd       	out	0x21, r30	; 33
    2958:	f8 9a       	sbi	0x1f, 0	; 31
    295a:	31 96       	adiw	r30, 0x01	; 1
    295c:	00 b4       	in	r0, 0x20	; 32
    295e:	0d 92       	st	X+, r0
    2960:	41 50       	subi	r20, 0x01	; 1
    2962:	50 40       	sbci	r21, 0x00	; 0
    2964:	b8 f7       	brcc	.-18     	; 0x2954 <eeprom_read_blraw+0x8>
    2966:	08 95       	ret

00002968 <eeprom_read_dword>:
    2968:	a6 e1       	ldi	r26, 0x16	; 22
    296a:	b0 e0       	ldi	r27, 0x00	; 0
    296c:	44 e0       	ldi	r20, 0x04	; 4
    296e:	50 e0       	ldi	r21, 0x00	; 0
    2970:	0c 94 a6 14 	jmp	0x294c	; 0x294c <eeprom_read_blraw>

00002974 <eeprom_update_block>:
    2974:	dc 01       	movw	r26, r24
    2976:	a4 0f       	add	r26, r20
    2978:	b5 1f       	adc	r27, r21
    297a:	41 50       	subi	r20, 0x01	; 1
    297c:	50 40       	sbci	r21, 0x00	; 0
    297e:	48 f0       	brcs	.+18     	; 0x2992 <eeprom_update_block+0x1e>
    2980:	cb 01       	movw	r24, r22
    2982:	84 0f       	add	r24, r20
    2984:	95 1f       	adc	r25, r21
    2986:	2e 91       	ld	r18, -X
    2988:	0e 94 cb 14 	call	0x2996	; 0x2996 <eeprom_update_r18>
    298c:	41 50       	subi	r20, 0x01	; 1
    298e:	50 40       	sbci	r21, 0x00	; 0
    2990:	d0 f7       	brcc	.-12     	; 0x2986 <eeprom_update_block+0x12>
    2992:	08 95       	ret

00002994 <eeprom_update_byte>:
    2994:	26 2f       	mov	r18, r22

00002996 <eeprom_update_r18>:
    2996:	f9 99       	sbic	0x1f, 1	; 31
    2998:	fe cf       	rjmp	.-4      	; 0x2996 <eeprom_update_r18>
    299a:	92 bd       	out	0x22, r25	; 34
    299c:	81 bd       	out	0x21, r24	; 33
    299e:	f8 9a       	sbi	0x1f, 0	; 31
    29a0:	01 97       	sbiw	r24, 0x01	; 1
    29a2:	00 b4       	in	r0, 0x20	; 32
    29a4:	02 16       	cp	r0, r18
    29a6:	39 f0       	breq	.+14     	; 0x29b6 <eeprom_update_r18+0x20>
    29a8:	1f ba       	out	0x1f, r1	; 31
    29aa:	20 bd       	out	0x20, r18	; 32
    29ac:	0f b6       	in	r0, 0x3f	; 63
    29ae:	f8 94       	cli
    29b0:	fa 9a       	sbi	0x1f, 2	; 31
    29b2:	f9 9a       	sbi	0x1f, 1	; 31
    29b4:	0f be       	out	0x3f, r0	; 63
    29b6:	08 95       	ret

000029b8 <eeprom_update_dword>:
    29b8:	03 96       	adiw	r24, 0x03	; 3
    29ba:	27 2f       	mov	r18, r23
    29bc:	0e 94 cb 14 	call	0x2996	; 0x2996 <eeprom_update_r18>
    29c0:	0e 94 ca 14 	call	0x2994	; 0x2994 <eeprom_update_byte>
    29c4:	25 2f       	mov	r18, r21
    29c6:	0e 94 cb 14 	call	0x2996	; 0x2996 <eeprom_update_r18>
    29ca:	24 2f       	mov	r18, r20
    29cc:	0c 94 cb 14 	jmp	0x2996	; 0x2996 <eeprom_update_r18>

000029d0 <__mulsi3>:
    29d0:	db 01       	movw	r26, r22
    29d2:	8f 93       	push	r24
    29d4:	9f 93       	push	r25
    29d6:	0e 94 fd 10 	call	0x21fa	; 0x21fa <__muluhisi3>
    29da:	bf 91       	pop	r27
    29dc:	af 91       	pop	r26
    29de:	a2 9f       	mul	r26, r18
    29e0:	80 0d       	add	r24, r0
    29e2:	91 1d       	adc	r25, r1
    29e4:	a3 9f       	mul	r26, r19
    29e6:	90 0d       	add	r25, r0
    29e8:	b2 9f       	mul	r27, r18
    29ea:	90 0d       	add	r25, r0
    29ec:	11 24       	eor	r1, r1
    29ee:	08 95       	ret

000029f0 <_exit>:
    29f0:	f8 94       	cli

000029f2 <__stop_program>:
    29f2:	ff cf       	rjmp	.-2      	; 0x29f2 <__stop_program>
