
GccApplication1.elf:     file format elf32-avr

Sections:
Idx Name          Size      VMA       LMA       File off  Algn
  0 .data         000004ae  00800100  00002596  0000264a  2**0
                  CONTENTS, ALLOC, LOAD, DATA
  1 .text         00002596  00000000  00000000  000000b4  2**1
                  CONTENTS, ALLOC, LOAD, READONLY, CODE
  2 .bss          0000012a  008005ae  008005ae  00002af8  2**0
                  ALLOC
  3 .eeprom       00000038  00810000  00810000  00002af8  2**0
                  CONTENTS, ALLOC, LOAD, DATA
  4 .comment      0000005c  00000000  00000000  00002b30  2**0
                  CONTENTS, READONLY
  5 .note.gnu.avr.deviceinfo 00000040  00000000  00000000  00002b8c  2**2
                  CONTENTS, READONLY
  6 .debug_aranges 000003b8  00000000  00000000  00002bd0  2**3
                  CONTENTS, READONLY, DEBUGGING
  7 .debug_info   000050ab  00000000  00000000  00002f88  2**0
                  CONTENTS, READONLY, DEBUGGING
  8 .debug_abbrev 0000181b  00000000  00000000  00008033  2**0
                  CONTENTS, READONLY, DEBUGGING
  9 .debug_line   0000248d  00000000  00000000  0000984e  2**0
                  CONTENTS, READONLY, DEBUGGING
 10 .debug_frame  0000099c  00000000  00000000  0000bcdc  2**2
                  CONTENTS, READONLY, DEBUGGING
 11 .debug_str    00000eb0  00000000  00000000  0000c678  2**0
                  CONTENTS, READONLY, DEBUGGING
 12 .debug_loc    00002a32  00000000  00000000  0000d528  2**0
                  CONTENTS, READONLY, DEBUGGING
 13 .debug_ranges 000002b8  00000000  00000000  0000ff5a  2**0
                  CONTENTS, READONLY, DEBUGGING

Disassembly of section .text:

00000000 <__vectors>:
       0:	0c 94 5a 00 	jmp	0xb4	; 0xb4 <__ctors_end>
       4:	0c 94 77 00 	jmp	0xee	; 0xee <__bad_interrupt>
       8:	0c 94 77 00 	jmp	0xee	; 0xee <__bad_interrupt>
       c:	0c 94 77 00 	jmp	0xee	; 0xee <__bad_interrupt>
      10:	0c 94 77 00 	jmp	0xee	; 0xee <__bad_interrupt>
      14:	0c 94 77 00 	jmp	0xee	; 0xee <__bad_interrupt>
      18:	0c 94 77 00 	jmp	0xee	; 0xee <__bad_interrupt>
      1c:	0c 94 77 00 	jmp	0xee	; 0xee <__bad_interrupt>
      20:	0c 94 77 00 	jmp	0xee	; 0xee <__bad_interrupt>
      24:	0c 94 77 00 	jmp	0xee	; 0xee <__bad_interrupt>
      28:	0c 94 77 00 	jmp	0xee	; 0xee <__bad_interrupt>
      2c:	0c 94 77 00 	jmp	0xee	; 0xee <__bad_interrupt>
      30:	0c 94 77 00 	jmp	0xee	; 0xee <__bad_interrupt>
      34:	0c 94 77 00 	jmp	0xee	; 0xee <__bad_interrupt>
      38:	0c 94 77 00 	jmp	0xee	; 0xee <__bad_interrupt>
      3c:	0c 94 77 00 	jmp	0xee	; 0xee <__bad_interrupt>
      40:	0c 94 77 00 	jmp	0xee	; 0xee <__bad_interrupt>
      44:	0c 94 77 00 	jmp	0xee	; 0xee <__bad_interrupt>
      48:	0c 94 cc 0c 	jmp	0x1998	; 0x1998 <__vector_18>
      4c:	0c 94 77 00 	jmp	0xee	; 0xee <__bad_interrupt>
      50:	0c 94 77 00 	jmp	0xee	; 0xee <__bad_interrupt>
      54:	0c 94 77 00 	jmp	0xee	; 0xee <__bad_interrupt>
      58:	0c 94 77 00 	jmp	0xee	; 0xee <__bad_interrupt>
      5c:	0c 94 77 00 	jmp	0xee	; 0xee <__bad_interrupt>
      60:	0c 94 77 00 	jmp	0xee	; 0xee <__bad_interrupt>
      64:	0c 94 77 00 	jmp	0xee	; 0xee <__bad_interrupt>
      68:	0c 94 77 00 	jmp	0xee	; 0xee <__bad_interrupt>
      6c:	0c 94 77 00 	jmp	0xee	; 0xee <__bad_interrupt>
      70:	0c 94 77 00 	jmp	0xee	; 0xee <__bad_interrupt>
      74:	0c 94 77 00 	jmp	0xee	; 0xee <__bad_interrupt>
      78:	0c 94 77 00 	jmp	0xee	; 0xee <__bad_interrupt>
      7c:	0c 94 77 00 	jmp	0xee	; 0xee <__bad_interrupt>
      80:	0c 94 77 00 	jmp	0xee	; 0xee <__bad_interrupt>
      84:	0c 94 77 00 	jmp	0xee	; 0xee <__bad_interrupt>
      88:	0c 94 77 00 	jmp	0xee	; 0xee <__bad_interrupt>
      8c:	0c 94 77 00 	jmp	0xee	; 0xee <__bad_interrupt>
      90:	0c 94 77 00 	jmp	0xee	; 0xee <__bad_interrupt>
      94:	0c 94 77 00 	jmp	0xee	; 0xee <__bad_interrupt>
      98:	0c 94 77 00 	jmp	0xee	; 0xee <__bad_interrupt>
      9c:	0c 94 77 00 	jmp	0xee	; 0xee <__bad_interrupt>
      a0:	0c 94 77 00 	jmp	0xee	; 0xee <__bad_interrupt>
      a4:	0c 94 77 00 	jmp	0xee	; 0xee <__bad_interrupt>
      a8:	0c 94 77 00 	jmp	0xee	; 0xee <__bad_interrupt>
      ac:	0c 94 77 00 	jmp	0xee	; 0xee <__bad_interrupt>
      b0:	0c 94 77 00 	jmp	0xee	; 0xee <__bad_interrupt>

000000b4 <__ctors_end>:
      b4:	11 24       	eor	r1, r1
      b6:	1f be       	out	0x3f, r1	; 63
      b8:	cf ef       	ldi	r28, 0xFF	; 255
      ba:	d8 e0       	ldi	r29, 0x08	; 8
      bc:	de bf       	out	0x3e, r29	; 62
      be:	cd bf       	out	0x3d, r28	; 61

000000c0 <__do_copy_data>:
      c0:	15 e0       	ldi	r17, 0x05	; 5
      c2:	a0 e0       	ldi	r26, 0x00	; 0
      c4:	b1 e0       	ldi	r27, 0x01	; 1
      c6:	e6 e9       	ldi	r30, 0x96	; 150
      c8:	f5 e2       	ldi	r31, 0x25	; 37
      ca:	02 c0       	rjmp	.+4      	; 0xd0 <__do_copy_data+0x10>
      cc:	05 90       	lpm	r0, Z+
      ce:	0d 92       	st	X+, r0
      d0:	ae 3a       	cpi	r26, 0xAE	; 174
      d2:	b1 07       	cpc	r27, r17
      d4:	d9 f7       	brne	.-10     	; 0xcc <__do_copy_data+0xc>

000000d6 <__do_clear_bss>:
      d6:	26 e0       	ldi	r18, 0x06	; 6
      d8:	ae ea       	ldi	r26, 0xAE	; 174
      da:	b5 e0       	ldi	r27, 0x05	; 5
      dc:	01 c0       	rjmp	.+2      	; 0xe0 <.do_clear_bss_start>

000000de <.do_clear_bss_loop>:
      de:	1d 92       	st	X+, r1

000000e0 <.do_clear_bss_start>:
      e0:	a8 3d       	cpi	r26, 0xD8	; 216
      e2:	b2 07       	cpc	r27, r18
      e4:	e1 f7       	brne	.-8      	; 0xde <.do_clear_bss_loop>
      e6:	0e 94 08 06 	call	0xc10	; 0xc10 <main>
      ea:	0c 94 c9 12 	jmp	0x2592	; 0x2592 <_exit>

000000ee <__bad_interrupt>:
      ee:	0c 94 00 00 	jmp	0	; 0x0 <__vectors>

000000f2 <board_id_init>:
#include "board_id.h"

void board_id_init(void)
{
    /* bit0..bit3 = PC0..PC3; bit4 = PD2. External 100 kohm pull-ups. */
    DDRC &= ~((1 << PC0) | (1 << PC1) | (1 << PC2) | (1 << PC3));
      f2:	87 b1       	in	r24, 0x07	; 7
      f4:	80 7f       	andi	r24, 0xF0	; 240
      f6:	87 b9       	out	0x07, r24	; 7
    DDRD &= ~(1 << PD2);
      f8:	8a b1       	in	r24, 0x0a	; 10
      fa:	8b 7f       	andi	r24, 0xFB	; 251
      fc:	8a b9       	out	0x0a, r24	; 10

    PORTC &= ~((1 << PC0) | (1 << PC1) | (1 << PC2) | (1 << PC3));
      fe:	88 b1       	in	r24, 0x08	; 8
     100:	80 7f       	andi	r24, 0xF0	; 240
     102:	88 b9       	out	0x08, r24	; 8
    PORTD &= ~(1 << PD2);
     104:	8b b1       	in	r24, 0x0b	; 11
     106:	8b 7f       	andi	r24, 0xFB	; 251
     108:	8b b9       	out	0x0b, r24	; 11
     10a:	08 95       	ret

0000010c <board_id_read>:

uint8_t board_id_read(void)
{
    uint8_t raw = 0;

    if (PINC & (1 << PC0)) raw |= (1 << 0);
     10c:	30 99       	sbic	0x06, 0	; 6
     10e:	02 c0       	rjmp	.+4      	; 0x114 <board_id_read+0x8>
    PORTD &= ~(1 << PD2);
}

uint8_t board_id_read(void)
{
    uint8_t raw = 0;
     110:	80 e0       	ldi	r24, 0x00	; 0
     112:	01 c0       	rjmp	.+2      	; 0x116 <board_id_read+0xa>

    if (PINC & (1 << PC0)) raw |= (1 << 0);
     114:	81 e0       	ldi	r24, 0x01	; 1
    if (PINC & (1 << PC1)) raw |= (1 << 1);
     116:	31 99       	sbic	0x06, 1	; 6
     118:	82 60       	ori	r24, 0x02	; 2
    if (PINC & (1 << PC2)) raw |= (1 << 2);
     11a:	32 99       	sbic	0x06, 2	; 6
     11c:	84 60       	ori	r24, 0x04	; 4
    if (PINC & (1 << PC3)) raw |= (1 << 3);
     11e:	33 99       	sbic	0x06, 3	; 6
     120:	88 60       	ori	r24, 0x08	; 8
    if (PIND & (1 << PD2)) raw |= (1 << 4);
     122:	4a 99       	sbic	0x09, 2	; 9
     124:	80 61       	ori	r24, 0x10	; 16

    /* Switch ON pulls low, so invert to obtain the board number. */
    return (uint8_t)((~raw) & 0x1FU);
     126:	80 95       	com	r24
}
     128:	8f 71       	andi	r24, 0x1F	; 31
     12a:	08 95       	ret

0000012c <apply_axis>:
}

static int32_t apply_axis(int32_t value_x100,
                          int32_t offset_x100,
                          int32_t gain_ppm)
{
     12c:	4f 92       	push	r4
     12e:	5f 92       	push	r5
     130:	6f 92       	push	r6
     132:	7f 92       	push	r7
     134:	af 92       	push	r10
     136:	bf 92       	push	r11
     138:	cf 92       	push	r12
     13a:	df 92       	push	r13
     13c:	ef 92       	push	r14
     13e:	ff 92       	push	r15
     140:	0f 93       	push	r16
     142:	1f 93       	push	r17
    int32_t corrected = value_x100 - offset_x100;
     144:	dc 01       	movw	r26, r24
     146:	cb 01       	movw	r24, r22
     148:	82 1b       	sub	r24, r18
     14a:	93 0b       	sbc	r25, r19
     14c:	a4 0b       	sbc	r26, r20
     14e:	b5 0b       	sbc	r27, r21
    int64_t scaled = (int64_t)corrected * (int64_t)gain_ppm;
     150:	2c 01       	movw	r4, r24
     152:	3d 01       	movw	r6, r26
     154:	77 0c       	add	r7, r7
     156:	44 08       	sbc	r4, r4
     158:	54 2c       	mov	r5, r4
     15a:	32 01       	movw	r6, r4
     15c:	b8 01       	movw	r22, r16
     15e:	a7 01       	movw	r20, r14
     160:	77 0f       	add	r23, r23
     162:	44 0b       	sbc	r20, r20
     164:	54 2f       	mov	r21, r20
     166:	ba 01       	movw	r22, r20
     168:	ae 2c       	mov	r10, r14
     16a:	bf 2c       	mov	r11, r15
     16c:	c0 2e       	mov	r12, r16
     16e:	d1 2e       	mov	r13, r17
     170:	e4 2e       	mov	r14, r20
     172:	f4 2e       	mov	r15, r20
     174:	04 2f       	mov	r16, r20
     176:	14 2f       	mov	r17, r20
     178:	28 2f       	mov	r18, r24
     17a:	39 2f       	mov	r19, r25
     17c:	4a 2f       	mov	r20, r26
     17e:	5b 2f       	mov	r21, r27
     180:	64 2d       	mov	r22, r4
     182:	74 2d       	mov	r23, r4
     184:	84 2d       	mov	r24, r4
     186:	94 2d       	mov	r25, r4
     188:	0e 94 eb 0e 	call	0x1dd6	; 0x1dd6 <__muldi3>

    if (scaled >= 0) {
     18c:	a0 e0       	ldi	r26, 0x00	; 0
     18e:	0e 94 1b 10 	call	0x2036	; 0x2036 <__cmpdi2_s8>
     192:	4c f0       	brlt	.+18     	; 0x1a6 <apply_axis+0x7a>
        scaled += CALIBRATION_GAIN_UNITY_PPM / 2L;
     194:	20 5e       	subi	r18, 0xE0	; 224
     196:	3e 45       	sbci	r19, 0x5E	; 94
     198:	48 4f       	sbci	r20, 0xF8	; 248
     19a:	5f 4f       	sbci	r21, 0xFF	; 255
     19c:	6f 4f       	sbci	r22, 0xFF	; 255
     19e:	7f 4f       	sbci	r23, 0xFF	; 255
     1a0:	8f 4f       	sbci	r24, 0xFF	; 255
     1a2:	9f 4f       	sbci	r25, 0xFF	; 255
     1a4:	08 c0       	rjmp	.+16     	; 0x1b6 <apply_axis+0x8a>
    } else {
        scaled -= CALIBRATION_GAIN_UNITY_PPM / 2L;
     1a6:	20 52       	subi	r18, 0x20	; 32
     1a8:	31 4a       	sbci	r19, 0xA1	; 161
     1aa:	47 40       	sbci	r20, 0x07	; 7
     1ac:	51 09       	sbc	r21, r1
     1ae:	61 09       	sbc	r22, r1
     1b0:	71 09       	sbc	r23, r1
     1b2:	81 09       	sbc	r24, r1
     1b4:	91 09       	sbc	r25, r1
    }

    return (int32_t)(scaled / CALIBRATION_GAIN_UNITY_PPM);
     1b6:	68 94       	set
     1b8:	aa 24       	eor	r10, r10
     1ba:	a6 f8       	bld	r10, 6
     1bc:	0f 2e       	mov	r0, r31
     1be:	f2 e4       	ldi	r31, 0x42	; 66
     1c0:	bf 2e       	mov	r11, r31
     1c2:	f0 2d       	mov	r31, r0
     1c4:	0f 2e       	mov	r0, r31
     1c6:	ff e0       	ldi	r31, 0x0F	; 15
     1c8:	cf 2e       	mov	r12, r31
     1ca:	f0 2d       	mov	r31, r0
     1cc:	d1 2c       	mov	r13, r1
     1ce:	e1 2c       	mov	r14, r1
     1d0:	f1 2c       	mov	r15, r1
     1d2:	00 e0       	ldi	r16, 0x00	; 0
     1d4:	10 e0       	ldi	r17, 0x00	; 0
     1d6:	0e 94 46 0f 	call	0x1e8c	; 0x1e8c <__divdi3>
     1da:	62 2f       	mov	r22, r18
     1dc:	73 2f       	mov	r23, r19
     1de:	84 2f       	mov	r24, r20
     1e0:	95 2f       	mov	r25, r21
}
     1e2:	1f 91       	pop	r17
     1e4:	0f 91       	pop	r16
     1e6:	ff 90       	pop	r15
     1e8:	ef 90       	pop	r14
     1ea:	df 90       	pop	r13
     1ec:	cf 90       	pop	r12
     1ee:	bf 90       	pop	r11
     1f0:	af 90       	pop	r10
     1f2:	7f 90       	pop	r7
     1f4:	6f 90       	pop	r6
     1f6:	5f 90       	pop	r5
     1f8:	4f 90       	pop	r4
     1fa:	08 95       	ret

000001fc <calibration_crc>:

static calibration_record_t EEMEM eeprom_calibration;

static uint16_t calibration_crc(const calibration_record_t *record)
{
    return crc16_ccitt(record, offsetof(calibration_record_t, crc));
     1fc:	66 e3       	ldi	r22, 0x36	; 54
     1fe:	70 e0       	ldi	r23, 0x00	; 0
     200:	0e 94 e3 05 	call	0xbc6	; 0xbc6 <crc16_ccitt>
}
     204:	08 95       	ret

00000206 <calibration_make_defaults>:

void calibration_make_defaults(calibration_record_t *record)
{
     206:	cf 93       	push	r28
     208:	df 93       	push	r29
     20a:	ec 01       	movw	r28, r24
    memset(record, 0, sizeof(*record));
     20c:	88 e3       	ldi	r24, 0x38	; 56
     20e:	fe 01       	movw	r30, r28
     210:	11 92       	st	Z+, r1
     212:	8a 95       	dec	r24
     214:	e9 f7       	brne	.-6      	; 0x210 <calibration_make_defaults+0xa>
    record->magic = CALIBRATION_MAGIC;
     216:	88 e3       	ldi	r24, 0x38	; 56
     218:	92 e3       	ldi	r25, 0x32	; 50
     21a:	a4 e4       	ldi	r26, 0x44	; 68
     21c:	be e4       	ldi	r27, 0x4E	; 78
     21e:	88 83       	st	Y, r24
     220:	99 83       	std	Y+1, r25	; 0x01
     222:	aa 83       	std	Y+2, r26	; 0x02
     224:	bb 83       	std	Y+3, r27	; 0x03
    record->version = CALIBRATION_VERSION;
     226:	81 e0       	ldi	r24, 0x01	; 1
     228:	90 e0       	ldi	r25, 0x00	; 0
     22a:	9d 83       	std	Y+5, r25	; 0x05
     22c:	8c 83       	std	Y+4, r24	; 0x04
    record->size = sizeof(*record);
     22e:	88 e3       	ldi	r24, 0x38	; 56
     230:	90 e0       	ldi	r25, 0x00	; 0
     232:	9f 83       	std	Y+7, r25	; 0x07
     234:	8e 83       	std	Y+6, r24	; 0x06
    record->gain_x_ppm = CALIBRATION_GAIN_UNITY_PPM;
     236:	80 e4       	ldi	r24, 0x40	; 64
     238:	92 e4       	ldi	r25, 0x42	; 66
     23a:	af e0       	ldi	r26, 0x0F	; 15
     23c:	b0 e0       	ldi	r27, 0x00	; 0
     23e:	8c 8b       	std	Y+20, r24	; 0x14
     240:	9d 8b       	std	Y+21, r25	; 0x15
     242:	ae 8b       	std	Y+22, r26	; 0x16
     244:	bf 8b       	std	Y+23, r27	; 0x17
    record->gain_y_ppm = CALIBRATION_GAIN_UNITY_PPM;
     246:	88 8f       	std	Y+24, r24	; 0x18
     248:	99 8f       	std	Y+25, r25	; 0x19
     24a:	aa 8f       	std	Y+26, r26	; 0x1a
     24c:	bb 8f       	std	Y+27, r27	; 0x1b
    record->gain_z_ppm = CALIBRATION_GAIN_UNITY_PPM;
     24e:	8c 8f       	std	Y+28, r24	; 0x1c
     250:	9d 8f       	std	Y+29, r25	; 0x1d
     252:	ae 8f       	std	Y+30, r26	; 0x1e
     254:	bf 8f       	std	Y+31, r27	; 0x1f
    record->crc = calibration_crc(record);
     256:	ce 01       	movw	r24, r28
     258:	0e 94 fe 00 	call	0x1fc	; 0x1fc <calibration_crc>
     25c:	9f ab       	std	Y+55, r25	; 0x37
     25e:	8e ab       	std	Y+54, r24	; 0x36
}
     260:	df 91       	pop	r29
     262:	cf 91       	pop	r28
     264:	08 95       	ret

00000266 <calibration_load>:

calibration_status_t calibration_load(calibration_record_t *record)
{
     266:	0f 93       	push	r16
     268:	1f 93       	push	r17
     26a:	cf 93       	push	r28
     26c:	df 93       	push	r29
     26e:	ec 01       	movw	r28, r24
    eeprom_read_block(record, &eeprom_calibration, sizeof(*record));
     270:	48 e3       	ldi	r20, 0x38	; 56
     272:	50 e0       	ldi	r21, 0x00	; 0
     274:	60 e0       	ldi	r22, 0x00	; 0
     276:	70 e0       	ldi	r23, 0x00	; 0
     278:	0e 94 87 12 	call	0x250e	; 0x250e <eeprom_read_block>

    if (record->magic != CALIBRATION_MAGIC ||
     27c:	88 81       	ld	r24, Y
     27e:	99 81       	ldd	r25, Y+1	; 0x01
     280:	aa 81       	ldd	r26, Y+2	; 0x02
     282:	bb 81       	ldd	r27, Y+3	; 0x03
     284:	88 33       	cpi	r24, 0x38	; 56
     286:	92 43       	sbci	r25, 0x32	; 50
     288:	a4 44       	sbci	r26, 0x44	; 68
     28a:	be 44       	sbci	r27, 0x4E	; 78
     28c:	81 f4       	brne	.+32     	; 0x2ae <calibration_load+0x48>
        record->version != CALIBRATION_VERSION ||
     28e:	8c 81       	ldd	r24, Y+4	; 0x04
     290:	9d 81       	ldd	r25, Y+5	; 0x05

calibration_status_t calibration_load(calibration_record_t *record)
{
    eeprom_read_block(record, &eeprom_calibration, sizeof(*record));

    if (record->magic != CALIBRATION_MAGIC ||
     292:	01 97       	sbiw	r24, 0x01	; 1
     294:	61 f4       	brne	.+24     	; 0x2ae <calibration_load+0x48>
        record->version != CALIBRATION_VERSION ||
        record->size != sizeof(*record) ||
     296:	8e 81       	ldd	r24, Y+6	; 0x06
     298:	9f 81       	ldd	r25, Y+7	; 0x07
calibration_status_t calibration_load(calibration_record_t *record)
{
    eeprom_read_block(record, &eeprom_calibration, sizeof(*record));

    if (record->magic != CALIBRATION_MAGIC ||
        record->version != CALIBRATION_VERSION ||
     29a:	c8 97       	sbiw	r24, 0x38	; 56
     29c:	41 f4       	brne	.+16     	; 0x2ae <calibration_load+0x48>
        record->size != sizeof(*record) ||
        record->crc != calibration_crc(record)) {
     29e:	0e a9       	ldd	r16, Y+54	; 0x36
     2a0:	1f a9       	ldd	r17, Y+55	; 0x37
     2a2:	ce 01       	movw	r24, r28
     2a4:	0e 94 fe 00 	call	0x1fc	; 0x1fc <calibration_crc>
{
    eeprom_read_block(record, &eeprom_calibration, sizeof(*record));

    if (record->magic != CALIBRATION_MAGIC ||
        record->version != CALIBRATION_VERSION ||
        record->size != sizeof(*record) ||
     2a8:	08 17       	cp	r16, r24
     2aa:	19 07       	cpc	r17, r25
     2ac:	29 f0       	breq	.+10     	; 0x2b8 <calibration_load+0x52>
        record->crc != calibration_crc(record)) {
        calibration_make_defaults(record);
     2ae:	ce 01       	movw	r24, r28
     2b0:	0e 94 03 01 	call	0x206	; 0x206 <calibration_make_defaults>
        return CALIBRATION_STATUS_DEFAULT;
     2b4:	80 e0       	ldi	r24, 0x00	; 0
     2b6:	01 c0       	rjmp	.+2      	; 0x2ba <calibration_load+0x54>
    }

    return CALIBRATION_STATUS_VALID;
     2b8:	81 e0       	ldi	r24, 0x01	; 1
}
     2ba:	df 91       	pop	r29
     2bc:	cf 91       	pop	r28
     2be:	1f 91       	pop	r17
     2c0:	0f 91       	pop	r16
     2c2:	08 95       	ret

000002c4 <calibration_save>:

uint8_t calibration_save(const calibration_record_t *record)
{
     2c4:	cf 93       	push	r28
     2c6:	df 93       	push	r29
     2c8:	cd b7       	in	r28, 0x3d	; 61
     2ca:	de b7       	in	r29, 0x3e	; 62
     2cc:	c0 57       	subi	r28, 0x70	; 112
     2ce:	d1 09       	sbc	r29, r1
     2d0:	0f b6       	in	r0, 0x3f	; 63
     2d2:	f8 94       	cli
     2d4:	de bf       	out	0x3e, r29	; 62
     2d6:	0f be       	out	0x3f, r0	; 63
     2d8:	cd bf       	out	0x3d, r28	; 61
     2da:	fc 01       	movw	r30, r24
    calibration_record_t copy = *record;
     2dc:	98 e3       	ldi	r25, 0x38	; 56
     2de:	de 01       	movw	r26, r28
     2e0:	11 96       	adiw	r26, 0x01	; 1
     2e2:	01 90       	ld	r0, Z+
     2e4:	0d 92       	st	X+, r0
     2e6:	9a 95       	dec	r25
     2e8:	e1 f7       	brne	.-8      	; 0x2e2 <calibration_save+0x1e>
    copy.magic = CALIBRATION_MAGIC;
     2ea:	88 e3       	ldi	r24, 0x38	; 56
     2ec:	92 e3       	ldi	r25, 0x32	; 50
     2ee:	a4 e4       	ldi	r26, 0x44	; 68
     2f0:	be e4       	ldi	r27, 0x4E	; 78
     2f2:	89 83       	std	Y+1, r24	; 0x01
     2f4:	9a 83       	std	Y+2, r25	; 0x02
     2f6:	ab 83       	std	Y+3, r26	; 0x03
     2f8:	bc 83       	std	Y+4, r27	; 0x04
    copy.version = CALIBRATION_VERSION;
     2fa:	81 e0       	ldi	r24, 0x01	; 1
     2fc:	90 e0       	ldi	r25, 0x00	; 0
     2fe:	9e 83       	std	Y+6, r25	; 0x06
     300:	8d 83       	std	Y+5, r24	; 0x05
    copy.size = sizeof(copy);
     302:	88 e3       	ldi	r24, 0x38	; 56
     304:	90 e0       	ldi	r25, 0x00	; 0
     306:	98 87       	std	Y+8, r25	; 0x08
     308:	8f 83       	std	Y+7, r24	; 0x07
    copy.crc = calibration_crc(&copy);
     30a:	ce 01       	movw	r24, r28
     30c:	01 96       	adiw	r24, 0x01	; 1
     30e:	0e 94 fe 00 	call	0x1fc	; 0x1fc <calibration_crc>
     312:	98 af       	std	Y+56, r25	; 0x38
     314:	8f ab       	std	Y+55, r24	; 0x37

    eeprom_update_block(&copy, &eeprom_calibration, sizeof(copy));
     316:	48 e3       	ldi	r20, 0x38	; 56
     318:	50 e0       	ldi	r21, 0x00	; 0
     31a:	60 e0       	ldi	r22, 0x00	; 0
     31c:	70 e0       	ldi	r23, 0x00	; 0
     31e:	ce 01       	movw	r24, r28
     320:	01 96       	adiw	r24, 0x01	; 1
     322:	0e 94 97 12 	call	0x252e	; 0x252e <eeprom_update_block>

    calibration_record_t verify;
    eeprom_read_block(&verify, &eeprom_calibration, sizeof(verify));
     326:	48 e3       	ldi	r20, 0x38	; 56
     328:	50 e0       	ldi	r21, 0x00	; 0
     32a:	60 e0       	ldi	r22, 0x00	; 0
     32c:	70 e0       	ldi	r23, 0x00	; 0
     32e:	ce 01       	movw	r24, r28
     330:	c9 96       	adiw	r24, 0x39	; 57
     332:	0e 94 87 12 	call	0x250e	; 0x250e <eeprom_read_block>

    return (memcmp(&copy, &verify, sizeof(copy)) == 0U);
     336:	48 e3       	ldi	r20, 0x38	; 56
     338:	50 e0       	ldi	r21, 0x00	; 0
     33a:	be 01       	movw	r22, r28
     33c:	67 5c       	subi	r22, 0xC7	; 199
     33e:	7f 4f       	sbci	r23, 0xFF	; 255
     340:	ce 01       	movw	r24, r28
     342:	01 96       	adiw	r24, 0x01	; 1
     344:	0e 94 40 12 	call	0x2480	; 0x2480 <memcmp>
     348:	21 e0       	ldi	r18, 0x01	; 1
     34a:	89 2b       	or	r24, r25
     34c:	09 f0       	breq	.+2      	; 0x350 <calibration_save+0x8c>
     34e:	20 e0       	ldi	r18, 0x00	; 0
}
     350:	82 2f       	mov	r24, r18
     352:	c0 59       	subi	r28, 0x90	; 144
     354:	df 4f       	sbci	r29, 0xFF	; 255
     356:	0f b6       	in	r0, 0x3f	; 63
     358:	f8 94       	cli
     35a:	de bf       	out	0x3e, r29	; 62
     35c:	0f be       	out	0x3f, r0	; 63
     35e:	cd bf       	out	0x3d, r28	; 61
     360:	df 91       	pop	r29
     362:	cf 91       	pop	r28
     364:	08 95       	ret

00000366 <calibration_factory_reset>:

void calibration_factory_reset(void)
{
     366:	cf 93       	push	r28
     368:	df 93       	push	r29
     36a:	cd b7       	in	r28, 0x3d	; 61
     36c:	de b7       	in	r29, 0x3e	; 62
     36e:	e8 97       	sbiw	r28, 0x38	; 56
     370:	0f b6       	in	r0, 0x3f	; 63
     372:	f8 94       	cli
     374:	de bf       	out	0x3e, r29	; 62
     376:	0f be       	out	0x3f, r0	; 63
     378:	cd bf       	out	0x3d, r28	; 61
    calibration_record_t erased;
    memset(&erased, 0xFF, sizeof(erased));
     37a:	48 e3       	ldi	r20, 0x38	; 56
     37c:	50 e0       	ldi	r21, 0x00	; 0
     37e:	6f ef       	ldi	r22, 0xFF	; 255
     380:	70 e0       	ldi	r23, 0x00	; 0
     382:	ce 01       	movw	r24, r28
     384:	01 96       	adiw	r24, 0x01	; 1
     386:	0e 94 4d 12 	call	0x249a	; 0x249a <memset>
    eeprom_update_block(&erased, &eeprom_calibration, sizeof(erased));
     38a:	48 e3       	ldi	r20, 0x38	; 56
     38c:	50 e0       	ldi	r21, 0x00	; 0
     38e:	60 e0       	ldi	r22, 0x00	; 0
     390:	70 e0       	ldi	r23, 0x00	; 0
     392:	ce 01       	movw	r24, r28
     394:	01 96       	adiw	r24, 0x01	; 1
     396:	0e 94 97 12 	call	0x252e	; 0x252e <eeprom_update_block>
}
     39a:	e8 96       	adiw	r28, 0x38	; 56
     39c:	0f b6       	in	r0, 0x3f	; 63
     39e:	f8 94       	cli
     3a0:	de bf       	out	0x3e, r29	; 62
     3a2:	0f be       	out	0x3f, r0	; 63
     3a4:	cd bf       	out	0x3d, r28	; 61
     3a6:	df 91       	pop	r29
     3a8:	cf 91       	pop	r28
     3aa:	08 95       	ret

000003ac <calibration_apply>:
    return (int32_t)(scaled / CALIBRATION_GAIN_UNITY_PPM);
}

void calibration_apply(const calibration_record_t *record,
                       tmag5273_measurement_t *measurement)
{
     3ac:	cf 92       	push	r12
     3ae:	df 92       	push	r13
     3b0:	ef 92       	push	r14
     3b2:	ff 92       	push	r15
     3b4:	0f 93       	push	r16
     3b6:	1f 93       	push	r17
     3b8:	cf 93       	push	r28
     3ba:	df 93       	push	r29
     3bc:	6c 01       	movw	r12, r24
     3be:	eb 01       	movw	r28, r22
    measurement->bx_x100 = apply_axis(measurement->bx_x100,
     3c0:	fc 01       	movw	r30, r24
     3c2:	e4 88       	ldd	r14, Z+20	; 0x14
     3c4:	f5 88       	ldd	r15, Z+21	; 0x15
     3c6:	06 89       	ldd	r16, Z+22	; 0x16
     3c8:	17 89       	ldd	r17, Z+23	; 0x17
     3ca:	20 85       	ldd	r18, Z+8	; 0x08
     3cc:	31 85       	ldd	r19, Z+9	; 0x09
     3ce:	42 85       	ldd	r20, Z+10	; 0x0a
     3d0:	53 85       	ldd	r21, Z+11	; 0x0b
     3d2:	6c 81       	ldd	r22, Y+4	; 0x04
     3d4:	7d 81       	ldd	r23, Y+5	; 0x05
     3d6:	8e 81       	ldd	r24, Y+6	; 0x06
     3d8:	9f 81       	ldd	r25, Y+7	; 0x07
     3da:	0e 94 96 00 	call	0x12c	; 0x12c <apply_axis>
     3de:	6c 83       	std	Y+4, r22	; 0x04
     3e0:	7d 83       	std	Y+5, r23	; 0x05
     3e2:	8e 83       	std	Y+6, r24	; 0x06
     3e4:	9f 83       	std	Y+7, r25	; 0x07
                                      record->offset_x_x100,
                                      record->gain_x_ppm);
    measurement->by_x100 = apply_axis(measurement->by_x100,
     3e6:	f6 01       	movw	r30, r12
     3e8:	e0 8c       	ldd	r14, Z+24	; 0x18
     3ea:	f1 8c       	ldd	r15, Z+25	; 0x19
     3ec:	02 8d       	ldd	r16, Z+26	; 0x1a
     3ee:	13 8d       	ldd	r17, Z+27	; 0x1b
     3f0:	24 85       	ldd	r18, Z+12	; 0x0c
     3f2:	35 85       	ldd	r19, Z+13	; 0x0d
     3f4:	46 85       	ldd	r20, Z+14	; 0x0e
     3f6:	57 85       	ldd	r21, Z+15	; 0x0f
     3f8:	68 85       	ldd	r22, Y+8	; 0x08
     3fa:	79 85       	ldd	r23, Y+9	; 0x09
     3fc:	8a 85       	ldd	r24, Y+10	; 0x0a
     3fe:	9b 85       	ldd	r25, Y+11	; 0x0b
     400:	0e 94 96 00 	call	0x12c	; 0x12c <apply_axis>
     404:	68 87       	std	Y+8, r22	; 0x08
     406:	79 87       	std	Y+9, r23	; 0x09
     408:	8a 87       	std	Y+10, r24	; 0x0a
     40a:	9b 87       	std	Y+11, r25	; 0x0b
                                      record->offset_y_x100,
                                      record->gain_y_ppm);
    measurement->bz_x100 = apply_axis(measurement->bz_x100,
     40c:	f6 01       	movw	r30, r12
     40e:	e4 8c       	ldd	r14, Z+28	; 0x1c
     410:	f5 8c       	ldd	r15, Z+29	; 0x1d
     412:	06 8d       	ldd	r16, Z+30	; 0x1e
     414:	17 8d       	ldd	r17, Z+31	; 0x1f
     416:	20 89       	ldd	r18, Z+16	; 0x10
     418:	31 89       	ldd	r19, Z+17	; 0x11
     41a:	42 89       	ldd	r20, Z+18	; 0x12
     41c:	53 89       	ldd	r21, Z+19	; 0x13
     41e:	6c 85       	ldd	r22, Y+12	; 0x0c
     420:	7d 85       	ldd	r23, Y+13	; 0x0d
     422:	8e 85       	ldd	r24, Y+14	; 0x0e
     424:	9f 85       	ldd	r25, Y+15	; 0x0f
     426:	0e 94 96 00 	call	0x12c	; 0x12c <apply_axis>
     42a:	6c 87       	std	Y+12, r22	; 0x0c
     42c:	7d 87       	std	Y+13, r23	; 0x0d
     42e:	8e 87       	std	Y+14, r24	; 0x0e
     430:	9f 87       	std	Y+15, r25	; 0x0f
                                      record->offset_z_x100,
                                      record->gain_z_ppm);
}
     432:	df 91       	pop	r29
     434:	cf 91       	pop	r28
     436:	1f 91       	pop	r17
     438:	0f 91       	pop	r16
     43a:	ff 90       	pop	r15
     43c:	ef 90       	pop	r14
     43e:	df 90       	pop	r13
     440:	cf 90       	pop	r12
     442:	08 95       	ret

00000444 <status_text>:
#include "uart0.h"
#include "node_identity.h"

static const char *status_text(calibration_status_t status)
{
    if (status == CALIBRATION_STATUS_VALID) return "VALID";
     444:	81 30       	cpi	r24, 0x01	; 1
     446:	29 f0       	breq	.+10     	; 0x452 <status_text+0xe>
    if (status == CALIBRATION_STATUS_DIRTY) return "DIRTY";
     448:	82 30       	cpi	r24, 0x02	; 2
     44a:	31 f4       	brne	.+12     	; 0x458 <status_text+0x14>
     44c:	86 e0       	ldi	r24, 0x06	; 6
     44e:	91 e0       	ldi	r25, 0x01	; 1
     450:	08 95       	ret
#include "uart0.h"
#include "node_identity.h"

static const char *status_text(calibration_status_t status)
{
    if (status == CALIBRATION_STATUS_VALID) return "VALID";
     452:	80 e0       	ldi	r24, 0x00	; 0
     454:	91 e0       	ldi	r25, 0x01	; 1
     456:	08 95       	ret
    if (status == CALIBRATION_STATUS_DIRTY) return "DIRTY";
    return "DEFAULT";
     458:	8c e0       	ldi	r24, 0x0C	; 12
     45a:	91 e0       	ldi	r25, 0x01	; 1
}
     45c:	08 95       	ret

0000045e <response_error>:
    uart0_print(command);
    uart0_print("\r\n");
}

static void response_error(const char *reason)
{
     45e:	cf 93       	push	r28
     460:	df 93       	push	r29
     462:	ec 01       	movw	r28, r24
    uart0_print("$ND280RSP,ERROR,REASON=");
     464:	84 e1       	ldi	r24, 0x14	; 20
     466:	91 e0       	ldi	r25, 0x01	; 1
     468:	0e 94 0b 0d 	call	0x1a16	; 0x1a16 <uart0_print>
    uart0_print(reason);
     46c:	ce 01       	movw	r24, r28
     46e:	0e 94 0b 0d 	call	0x1a16	; 0x1a16 <uart0_print>
    uart0_print("\r\n");
     472:	82 ee       	ldi	r24, 0xE2	; 226
     474:	94 e0       	ldi	r25, 0x04	; 4
     476:	0e 94 0b 0d 	call	0x1a16	; 0x1a16 <uart0_print>
}
     47a:	df 91       	pop	r29
     47c:	cf 91       	pop	r28
     47e:	08 95       	ret

00000480 <response_ok>:
    if (status == CALIBRATION_STATUS_DIRTY) return "DIRTY";
    return "DEFAULT";
}

static void response_ok(const char *command)
{
     480:	cf 93       	push	r28
     482:	df 93       	push	r29
     484:	ec 01       	movw	r28, r24
    uart0_print("$ND280RSP,OK,CMD=");
     486:	8c e2       	ldi	r24, 0x2C	; 44
     488:	91 e0       	ldi	r25, 0x01	; 1
     48a:	0e 94 0b 0d 	call	0x1a16	; 0x1a16 <uart0_print>
    uart0_print(command);
     48e:	ce 01       	movw	r24, r28
     490:	0e 94 0b 0d 	call	0x1a16	; 0x1a16 <uart0_print>
    uart0_print("\r\n");
     494:	82 ee       	ldi	r24, 0xE2	; 226
     496:	94 e0       	ldi	r25, 0x04	; 4
     498:	0e 94 0b 0d 	call	0x1a16	; 0x1a16 <uart0_print>
}
     49c:	df 91       	pop	r29
     49e:	cf 91       	pop	r28
     4a0:	08 95       	ret

000004a2 <parse_u32>:
    *value = (int32_t)parsed;
    return 1U;
}

static uint8_t parse_u32(const char *text, uint32_t *value)
{
     4a2:	ef 92       	push	r14
     4a4:	ff 92       	push	r15
     4a6:	0f 93       	push	r16
     4a8:	1f 93       	push	r17
     4aa:	cf 93       	push	r28
     4ac:	df 93       	push	r29
     4ae:	00 d0       	rcall	.+0      	; 0x4b0 <parse_u32+0xe>
     4b0:	cd b7       	in	r28, 0x3d	; 61
     4b2:	de b7       	in	r29, 0x3e	; 62
     4b4:	8c 01       	movw	r16, r24
     4b6:	7b 01       	movw	r14, r22
    char *end = 0;
     4b8:	1a 82       	std	Y+2, r1	; 0x02
     4ba:	19 82       	std	Y+1, r1	; 0x01
    unsigned long parsed = strtoul(text, &end, 10);
     4bc:	4a e0       	ldi	r20, 0x0A	; 10
     4be:	50 e0       	ldi	r21, 0x00	; 0
     4c0:	be 01       	movw	r22, r28
     4c2:	6f 5f       	subi	r22, 0xFF	; 255
     4c4:	7f 4f       	sbci	r23, 0xFF	; 255
     4c6:	0e 94 3d 11 	call	0x227a	; 0x227a <strtoul>
    if (text == end || *end != '\0') return 0U;
     4ca:	e9 81       	ldd	r30, Y+1	; 0x01
     4cc:	fa 81       	ldd	r31, Y+2	; 0x02
     4ce:	0e 17       	cp	r16, r30
     4d0:	1f 07       	cpc	r17, r31
     4d2:	51 f0       	breq	.+20     	; 0x4e8 <parse_u32+0x46>
     4d4:	20 81       	ld	r18, Z
     4d6:	21 11       	cpse	r18, r1
     4d8:	09 c0       	rjmp	.+18     	; 0x4ec <parse_u32+0x4a>
    *value = (uint32_t)parsed;
     4da:	f7 01       	movw	r30, r14
     4dc:	60 83       	st	Z, r22
     4de:	71 83       	std	Z+1, r23	; 0x01
     4e0:	82 83       	std	Z+2, r24	; 0x02
     4e2:	93 83       	std	Z+3, r25	; 0x03
    return 1U;
     4e4:	81 e0       	ldi	r24, 0x01	; 1
     4e6:	03 c0       	rjmp	.+6      	; 0x4ee <parse_u32+0x4c>

static uint8_t parse_u32(const char *text, uint32_t *value)
{
    char *end = 0;
    unsigned long parsed = strtoul(text, &end, 10);
    if (text == end || *end != '\0') return 0U;
     4e8:	80 e0       	ldi	r24, 0x00	; 0
     4ea:	01 c0       	rjmp	.+2      	; 0x4ee <parse_u32+0x4c>
     4ec:	80 e0       	ldi	r24, 0x00	; 0
    *value = (uint32_t)parsed;
    return 1U;
}
     4ee:	0f 90       	pop	r0
     4f0:	0f 90       	pop	r0
     4f2:	df 91       	pop	r29
     4f4:	cf 91       	pop	r28
     4f6:	1f 91       	pop	r17
     4f8:	0f 91       	pop	r16
     4fa:	ff 90       	pop	r15
     4fc:	ef 90       	pop	r14
     4fe:	08 95       	ret

00000500 <get_three_u32>:
           parse_i32(a, va) && parse_i32(b, vb) && parse_i32(c, vc);
}

static uint8_t get_three_u32(char *a, char *b, char *c,
                             uint32_t *va, uint32_t *vb, uint32_t *vc)
{
     500:	cf 92       	push	r12
     502:	df 92       	push	r13
     504:	ef 92       	push	r14
     506:	ff 92       	push	r15
     508:	0f 93       	push	r16
     50a:	1f 93       	push	r17
     50c:	cf 93       	push	r28
     50e:	df 93       	push	r29
    return a && b && c &&
           parse_u32(a, va) && parse_u32(b, vb) && parse_u32(c, vc);
     510:	00 97       	sbiw	r24, 0x00	; 0
     512:	d9 f0       	breq	.+54     	; 0x54a <get_three_u32+0x4a>
}

static uint8_t get_three_u32(char *a, char *b, char *c,
                             uint32_t *va, uint32_t *vb, uint32_t *vc)
{
    return a && b && c &&
     514:	61 15       	cp	r22, r1
     516:	71 05       	cpc	r23, r1
     518:	d1 f0       	breq	.+52     	; 0x54e <get_three_u32+0x4e>
     51a:	41 15       	cp	r20, r1
     51c:	51 05       	cpc	r21, r1
     51e:	c9 f0       	breq	.+50     	; 0x552 <get_three_u32+0x52>
     520:	6a 01       	movw	r12, r20
     522:	eb 01       	movw	r28, r22
           parse_u32(a, va) && parse_u32(b, vb) && parse_u32(c, vc);
     524:	b9 01       	movw	r22, r18
     526:	0e 94 51 02 	call	0x4a2	; 0x4a2 <parse_u32>
}

static uint8_t get_three_u32(char *a, char *b, char *c,
                             uint32_t *va, uint32_t *vb, uint32_t *vc)
{
    return a && b && c &&
     52a:	88 23       	and	r24, r24
     52c:	a1 f0       	breq	.+40     	; 0x556 <get_three_u32+0x56>
           parse_u32(a, va) && parse_u32(b, vb) && parse_u32(c, vc);
     52e:	b8 01       	movw	r22, r16
     530:	ce 01       	movw	r24, r28
     532:	0e 94 51 02 	call	0x4a2	; 0x4a2 <parse_u32>
     536:	88 23       	and	r24, r24
     538:	81 f0       	breq	.+32     	; 0x55a <get_three_u32+0x5a>
     53a:	b7 01       	movw	r22, r14
     53c:	c6 01       	movw	r24, r12
     53e:	0e 94 51 02 	call	0x4a2	; 0x4a2 <parse_u32>
     542:	88 23       	and	r24, r24
     544:	61 f0       	breq	.+24     	; 0x55e <get_three_u32+0x5e>
     546:	81 e0       	ldi	r24, 0x01	; 1
     548:	0b c0       	rjmp	.+22     	; 0x560 <get_three_u32+0x60>
     54a:	80 e0       	ldi	r24, 0x00	; 0
     54c:	09 c0       	rjmp	.+18     	; 0x560 <get_three_u32+0x60>
     54e:	80 e0       	ldi	r24, 0x00	; 0
     550:	07 c0       	rjmp	.+14     	; 0x560 <get_three_u32+0x60>
     552:	80 e0       	ldi	r24, 0x00	; 0
     554:	05 c0       	rjmp	.+10     	; 0x560 <get_three_u32+0x60>
     556:	80 e0       	ldi	r24, 0x00	; 0
     558:	03 c0       	rjmp	.+6      	; 0x560 <get_three_u32+0x60>
     55a:	80 e0       	ldi	r24, 0x00	; 0
     55c:	01 c0       	rjmp	.+2      	; 0x560 <get_three_u32+0x60>
     55e:	80 e0       	ldi	r24, 0x00	; 0
}
     560:	df 91       	pop	r29
     562:	cf 91       	pop	r28
     564:	1f 91       	pop	r17
     566:	0f 91       	pop	r16
     568:	ff 90       	pop	r15
     56a:	ef 90       	pop	r14
     56c:	df 90       	pop	r13
     56e:	cf 90       	pop	r12
     570:	08 95       	ret

00000572 <parse_i32>:
    uart0_print(reason);
    uart0_print("\r\n");
}

static uint8_t parse_i32(const char *text, int32_t *value)
{
     572:	ef 92       	push	r14
     574:	ff 92       	push	r15
     576:	0f 93       	push	r16
     578:	1f 93       	push	r17
     57a:	cf 93       	push	r28
     57c:	df 93       	push	r29
     57e:	00 d0       	rcall	.+0      	; 0x580 <parse_i32+0xe>
     580:	cd b7       	in	r28, 0x3d	; 61
     582:	de b7       	in	r29, 0x3e	; 62
     584:	8c 01       	movw	r16, r24
     586:	7b 01       	movw	r14, r22
    char *end = 0;
     588:	1a 82       	std	Y+2, r1	; 0x02
     58a:	19 82       	std	Y+1, r1	; 0x01
    long parsed = strtol(text, &end, 10);
     58c:	4a e0       	ldi	r20, 0x0A	; 10
     58e:	50 e0       	ldi	r21, 0x00	; 0
     590:	be 01       	movw	r22, r28
     592:	6f 5f       	subi	r22, 0xFF	; 255
     594:	7f 4f       	sbci	r23, 0xFF	; 255
     596:	0e 94 27 10 	call	0x204e	; 0x204e <strtol>
    if (text == end || *end != '\0') return 0U;
     59a:	e9 81       	ldd	r30, Y+1	; 0x01
     59c:	fa 81       	ldd	r31, Y+2	; 0x02
     59e:	0e 17       	cp	r16, r30
     5a0:	1f 07       	cpc	r17, r31
     5a2:	51 f0       	breq	.+20     	; 0x5b8 <parse_i32+0x46>
     5a4:	20 81       	ld	r18, Z
     5a6:	21 11       	cpse	r18, r1
     5a8:	09 c0       	rjmp	.+18     	; 0x5bc <parse_i32+0x4a>
    *value = (int32_t)parsed;
     5aa:	f7 01       	movw	r30, r14
     5ac:	60 83       	st	Z, r22
     5ae:	71 83       	std	Z+1, r23	; 0x01
     5b0:	82 83       	std	Z+2, r24	; 0x02
     5b2:	93 83       	std	Z+3, r25	; 0x03
    return 1U;
     5b4:	81 e0       	ldi	r24, 0x01	; 1
     5b6:	03 c0       	rjmp	.+6      	; 0x5be <parse_i32+0x4c>

static uint8_t parse_i32(const char *text, int32_t *value)
{
    char *end = 0;
    long parsed = strtol(text, &end, 10);
    if (text == end || *end != '\0') return 0U;
     5b8:	80 e0       	ldi	r24, 0x00	; 0
     5ba:	01 c0       	rjmp	.+2      	; 0x5be <parse_i32+0x4c>
     5bc:	80 e0       	ldi	r24, 0x00	; 0
    *value = (int32_t)parsed;
    return 1U;
}
     5be:	0f 90       	pop	r0
     5c0:	0f 90       	pop	r0
     5c2:	df 91       	pop	r29
     5c4:	cf 91       	pop	r28
     5c6:	1f 91       	pop	r17
     5c8:	0f 91       	pop	r16
     5ca:	ff 90       	pop	r15
     5cc:	ef 90       	pop	r14
     5ce:	08 95       	ret

000005d0 <get_three_i32>:
    uart0_print("\r\n");
}

static uint8_t get_three_i32(char *a, char *b, char *c,
                             int32_t *va, int32_t *vb, int32_t *vc)
{
     5d0:	cf 92       	push	r12
     5d2:	df 92       	push	r13
     5d4:	ef 92       	push	r14
     5d6:	ff 92       	push	r15
     5d8:	0f 93       	push	r16
     5da:	1f 93       	push	r17
     5dc:	cf 93       	push	r28
     5de:	df 93       	push	r29
    return a && b && c &&
           parse_i32(a, va) && parse_i32(b, vb) && parse_i32(c, vc);
     5e0:	00 97       	sbiw	r24, 0x00	; 0
     5e2:	d9 f0       	breq	.+54     	; 0x61a <get_three_i32+0x4a>
}

static uint8_t get_three_i32(char *a, char *b, char *c,
                             int32_t *va, int32_t *vb, int32_t *vc)
{
    return a && b && c &&
     5e4:	61 15       	cp	r22, r1
     5e6:	71 05       	cpc	r23, r1
     5e8:	d1 f0       	breq	.+52     	; 0x61e <get_three_i32+0x4e>
     5ea:	41 15       	cp	r20, r1
     5ec:	51 05       	cpc	r21, r1
     5ee:	c9 f0       	breq	.+50     	; 0x622 <get_three_i32+0x52>
     5f0:	6a 01       	movw	r12, r20
     5f2:	eb 01       	movw	r28, r22
           parse_i32(a, va) && parse_i32(b, vb) && parse_i32(c, vc);
     5f4:	b9 01       	movw	r22, r18
     5f6:	0e 94 b9 02 	call	0x572	; 0x572 <parse_i32>
}

static uint8_t get_three_i32(char *a, char *b, char *c,
                             int32_t *va, int32_t *vb, int32_t *vc)
{
    return a && b && c &&
     5fa:	88 23       	and	r24, r24
     5fc:	a1 f0       	breq	.+40     	; 0x626 <get_three_i32+0x56>
           parse_i32(a, va) && parse_i32(b, vb) && parse_i32(c, vc);
     5fe:	b8 01       	movw	r22, r16
     600:	ce 01       	movw	r24, r28
     602:	0e 94 b9 02 	call	0x572	; 0x572 <parse_i32>
     606:	88 23       	and	r24, r24
     608:	81 f0       	breq	.+32     	; 0x62a <get_three_i32+0x5a>
     60a:	b7 01       	movw	r22, r14
     60c:	c6 01       	movw	r24, r12
     60e:	0e 94 b9 02 	call	0x572	; 0x572 <parse_i32>
     612:	88 23       	and	r24, r24
     614:	61 f0       	breq	.+24     	; 0x62e <get_three_i32+0x5e>
     616:	81 e0       	ldi	r24, 0x01	; 1
     618:	0b c0       	rjmp	.+22     	; 0x630 <get_three_i32+0x60>
     61a:	80 e0       	ldi	r24, 0x00	; 0
     61c:	09 c0       	rjmp	.+18     	; 0x630 <get_three_i32+0x60>
     61e:	80 e0       	ldi	r24, 0x00	; 0
     620:	07 c0       	rjmp	.+14     	; 0x630 <get_three_i32+0x60>
     622:	80 e0       	ldi	r24, 0x00	; 0
     624:	05 c0       	rjmp	.+10     	; 0x630 <get_three_i32+0x60>
     626:	80 e0       	ldi	r24, 0x00	; 0
     628:	03 c0       	rjmp	.+6      	; 0x630 <get_three_i32+0x60>
     62a:	80 e0       	ldi	r24, 0x00	; 0
     62c:	01 c0       	rjmp	.+2      	; 0x630 <get_three_i32+0x60>
     62e:	80 e0       	ldi	r24, 0x00	; 0
}
     630:	df 91       	pop	r29
     632:	cf 91       	pop	r28
     634:	1f 91       	pop	r17
     636:	0f 91       	pop	r16
     638:	ff 90       	pop	r15
     63a:	ef 90       	pop	r14
     63c:	df 90       	pop	r13
     63e:	cf 90       	pop	r12
     640:	08 95       	ret

00000642 <print_calibration>:
    return 1U;
}

static void print_calibration(const calibration_record_t *cal,
                              calibration_status_t status)
{
     642:	1f 93       	push	r17
     644:	cf 93       	push	r28
     646:	df 93       	push	r29
     648:	ec 01       	movw	r28, r24
     64a:	16 2f       	mov	r17, r22
    uart0_print("$ND280CAL,STATE=");
     64c:	8e e3       	ldi	r24, 0x3E	; 62
     64e:	91 e0       	ldi	r25, 0x01	; 1
     650:	0e 94 0b 0d 	call	0x1a16	; 0x1a16 <uart0_print>
    uart0_print(status_text(status));
     654:	81 2f       	mov	r24, r17
     656:	0e 94 22 02 	call	0x444	; 0x444 <status_text>
     65a:	0e 94 0b 0d 	call	0x1a16	; 0x1a16 <uart0_print>
    uart0_print(",VER=");
     65e:	88 e7       	ldi	r24, 0x78	; 120
     660:	95 e0       	ldi	r25, 0x05	; 5
     662:	0e 94 0b 0d 	call	0x1a16	; 0x1a16 <uart0_print>
    uart0_print_uint16(cal->version);
     666:	8c 81       	ldd	r24, Y+4	; 0x04
     668:	9d 81       	ldd	r25, Y+5	; 0x05
     66a:	0e 94 2d 0d 	call	0x1a5a	; 0x1a5a <uart0_print_uint16>
    uart0_print(",COUNT=");
     66e:	8f e4       	ldi	r24, 0x4F	; 79
     670:	91 e0       	ldi	r25, 0x01	; 1
     672:	0e 94 0b 0d 	call	0x1a16	; 0x1a16 <uart0_print>
    uart0_print_uint32(cal->calibration_counter);
     676:	68 a9       	ldd	r22, Y+48	; 0x30
     678:	79 a9       	ldd	r23, Y+49	; 0x31
     67a:	8a a9       	ldd	r24, Y+50	; 0x32
     67c:	9b a9       	ldd	r25, Y+51	; 0x33
     67e:	0e 94 84 0d 	call	0x1b08	; 0x1b08 <uart0_print_uint32>
    uart0_print(",OX=");
     682:	87 e5       	ldi	r24, 0x57	; 87
     684:	91 e0       	ldi	r25, 0x01	; 1
     686:	0e 94 0b 0d 	call	0x1a16	; 0x1a16 <uart0_print>
    uart0_print_int32(cal->offset_x_x100);
     68a:	68 85       	ldd	r22, Y+8	; 0x08
     68c:	79 85       	ldd	r23, Y+9	; 0x09
     68e:	8a 85       	ldd	r24, Y+10	; 0x0a
     690:	9b 85       	ldd	r25, Y+11	; 0x0b
     692:	0e 94 c9 0d 	call	0x1b92	; 0x1b92 <uart0_print_int32>
    uart0_print(",OY=");
     696:	8c e5       	ldi	r24, 0x5C	; 92
     698:	91 e0       	ldi	r25, 0x01	; 1
     69a:	0e 94 0b 0d 	call	0x1a16	; 0x1a16 <uart0_print>
    uart0_print_int32(cal->offset_y_x100);
     69e:	6c 85       	ldd	r22, Y+12	; 0x0c
     6a0:	7d 85       	ldd	r23, Y+13	; 0x0d
     6a2:	8e 85       	ldd	r24, Y+14	; 0x0e
     6a4:	9f 85       	ldd	r25, Y+15	; 0x0f
     6a6:	0e 94 c9 0d 	call	0x1b92	; 0x1b92 <uart0_print_int32>
    uart0_print(",OZ=");
     6aa:	81 e6       	ldi	r24, 0x61	; 97
     6ac:	91 e0       	ldi	r25, 0x01	; 1
     6ae:	0e 94 0b 0d 	call	0x1a16	; 0x1a16 <uart0_print>
    uart0_print_int32(cal->offset_z_x100);
     6b2:	68 89       	ldd	r22, Y+16	; 0x10
     6b4:	79 89       	ldd	r23, Y+17	; 0x11
     6b6:	8a 89       	ldd	r24, Y+18	; 0x12
     6b8:	9b 89       	ldd	r25, Y+19	; 0x13
     6ba:	0e 94 c9 0d 	call	0x1b92	; 0x1b92 <uart0_print_int32>
    uart0_print(",GX=");
     6be:	86 e6       	ldi	r24, 0x66	; 102
     6c0:	91 e0       	ldi	r25, 0x01	; 1
     6c2:	0e 94 0b 0d 	call	0x1a16	; 0x1a16 <uart0_print>
    uart0_print_int32(cal->gain_x_ppm);
     6c6:	6c 89       	ldd	r22, Y+20	; 0x14
     6c8:	7d 89       	ldd	r23, Y+21	; 0x15
     6ca:	8e 89       	ldd	r24, Y+22	; 0x16
     6cc:	9f 89       	ldd	r25, Y+23	; 0x17
     6ce:	0e 94 c9 0d 	call	0x1b92	; 0x1b92 <uart0_print_int32>
    uart0_print(",GY=");
     6d2:	8b e6       	ldi	r24, 0x6B	; 107
     6d4:	91 e0       	ldi	r25, 0x01	; 1
     6d6:	0e 94 0b 0d 	call	0x1a16	; 0x1a16 <uart0_print>
    uart0_print_int32(cal->gain_y_ppm);
     6da:	68 8d       	ldd	r22, Y+24	; 0x18
     6dc:	79 8d       	ldd	r23, Y+25	; 0x19
     6de:	8a 8d       	ldd	r24, Y+26	; 0x1a
     6e0:	9b 8d       	ldd	r25, Y+27	; 0x1b
     6e2:	0e 94 c9 0d 	call	0x1b92	; 0x1b92 <uart0_print_int32>
    uart0_print(",GZ=");
     6e6:	80 e7       	ldi	r24, 0x70	; 112
     6e8:	91 e0       	ldi	r25, 0x01	; 1
     6ea:	0e 94 0b 0d 	call	0x1a16	; 0x1a16 <uart0_print>
    uart0_print_int32(cal->gain_z_ppm);
     6ee:	6c 8d       	ldd	r22, Y+28	; 0x1c
     6f0:	7d 8d       	ldd	r23, Y+29	; 0x1d
     6f2:	8e 8d       	ldd	r24, Y+30	; 0x1e
     6f4:	9f 8d       	ldd	r25, Y+31	; 0x1f
     6f6:	0e 94 c9 0d 	call	0x1b92	; 0x1b92 <uart0_print_int32>
    uart0_print(",NX=");
     6fa:	85 e7       	ldi	r24, 0x75	; 117
     6fc:	91 e0       	ldi	r25, 0x01	; 1
     6fe:	0e 94 0b 0d 	call	0x1a16	; 0x1a16 <uart0_print>
    uart0_print_uint32(cal->noise_sigma_x_x10000);
     702:	68 a1       	ldd	r22, Y+32	; 0x20
     704:	79 a1       	ldd	r23, Y+33	; 0x21
     706:	8a a1       	ldd	r24, Y+34	; 0x22
     708:	9b a1       	ldd	r25, Y+35	; 0x23
     70a:	0e 94 84 0d 	call	0x1b08	; 0x1b08 <uart0_print_uint32>
    uart0_print(",NY=");
     70e:	8a e7       	ldi	r24, 0x7A	; 122
     710:	91 e0       	ldi	r25, 0x01	; 1
     712:	0e 94 0b 0d 	call	0x1a16	; 0x1a16 <uart0_print>
    uart0_print_uint32(cal->noise_sigma_y_x10000);
     716:	6c a1       	ldd	r22, Y+36	; 0x24
     718:	7d a1       	ldd	r23, Y+37	; 0x25
     71a:	8e a1       	ldd	r24, Y+38	; 0x26
     71c:	9f a1       	ldd	r25, Y+39	; 0x27
     71e:	0e 94 84 0d 	call	0x1b08	; 0x1b08 <uart0_print_uint32>
    uart0_print(",NZ=");
     722:	8f e7       	ldi	r24, 0x7F	; 127
     724:	91 e0       	ldi	r25, 0x01	; 1
     726:	0e 94 0b 0d 	call	0x1a16	; 0x1a16 <uart0_print>
    uart0_print_uint32(cal->noise_sigma_z_x10000);
     72a:	68 a5       	ldd	r22, Y+40	; 0x28
     72c:	79 a5       	ldd	r23, Y+41	; 0x29
     72e:	8a a5       	ldd	r24, Y+42	; 0x2a
     730:	9b a5       	ldd	r25, Y+43	; 0x2b
     732:	0e 94 84 0d 	call	0x1b08	; 0x1b08 <uart0_print_uint32>
    uart0_print(",TCAL=");
     736:	84 e8       	ldi	r24, 0x84	; 132
     738:	91 e0       	ldi	r25, 0x01	; 1
     73a:	0e 94 0b 0d 	call	0x1a16	; 0x1a16 <uart0_print>
    uart0_print_int32(cal->calibration_temperature_x100);
     73e:	6c a5       	ldd	r22, Y+44	; 0x2c
     740:	7d a5       	ldd	r23, Y+45	; 0x2d
     742:	8e a5       	ldd	r24, Y+46	; 0x2e
     744:	9f a5       	ldd	r25, Y+47	; 0x2f
     746:	0e 94 c9 0d 	call	0x1b92	; 0x1b92 <uart0_print_int32>
    uart0_print("\r\n");
     74a:	82 ee       	ldi	r24, 0xE2	; 226
     74c:	94 e0       	ldi	r25, 0x04	; 4
     74e:	0e 94 0b 0d 	call	0x1a16	; 0x1a16 <uart0_print>
}
     752:	df 91       	pop	r29
     754:	cf 91       	pop	r28
     756:	1f 91       	pop	r17
     758:	08 95       	ret

0000075a <process_command>:

static void process_command(char *line,
                            calibration_record_t *cal,
                            calibration_status_t *status,
                            uint8_t node_id)
{
     75a:	6f 92       	push	r6
     75c:	7f 92       	push	r7
     75e:	8f 92       	push	r8
     760:	9f 92       	push	r9
     762:	af 92       	push	r10
     764:	bf 92       	push	r11
     766:	cf 92       	push	r12
     768:	df 92       	push	r13
     76a:	ef 92       	push	r14
     76c:	ff 92       	push	r15
     76e:	0f 93       	push	r16
     770:	1f 93       	push	r17
     772:	cf 93       	push	r28
     774:	df 93       	push	r29
     776:	cd b7       	in	r28, 0x3d	; 61
     778:	de b7       	in	r29, 0x3e	; 62
     77a:	2c 97       	sbiw	r28, 0x0c	; 12
     77c:	0f b6       	in	r0, 0x3f	; 63
     77e:	f8 94       	cli
     780:	de bf       	out	0x3e, r29	; 62
     782:	0f be       	out	0x3f, r0	; 63
     784:	cd bf       	out	0x3d, r28	; 61
     786:	5b 01       	movw	r10, r22
     788:	6a 01       	movw	r12, r20
     78a:	f2 2e       	mov	r15, r18
    char *command = strtok(line, " ");
     78c:	6b e8       	ldi	r22, 0x8B	; 139
     78e:	71 e0       	ldi	r23, 0x01	; 1
     790:	0e 94 3b 12 	call	0x2476	; 0x2476 <strtok>
     794:	8c 01       	movw	r16, r24
    if (!command) return;
     796:	00 97       	sbiw	r24, 0x00	; 0
     798:	09 f4       	brne	.+2      	; 0x79c <process_command+0x42>
     79a:	c5 c1       	rjmp	.+906    	; 0xb26 <__stack+0x227>

    if (strcmp(command, "HELP") == 0) {
     79c:	6d e8       	ldi	r22, 0x8D	; 141
     79e:	71 e0       	ldi	r23, 0x01	; 1
     7a0:	0e 94 54 12 	call	0x24a8	; 0x24a8 <strcmp>
     7a4:	89 2b       	or	r24, r25
     7a6:	29 f4       	brne	.+10     	; 0x7b2 <process_command+0x58>
        uart0_print("$ND280RSP,COMMANDS=HELP|INFO|IDENTITY|CAL READ|CAL OFFSET x y z|CAL GAIN x y z|CAL NOISE x y z|CAL TEMP t|CAL SAVE|CAL RESET\r\n");
     7a8:	82 e9       	ldi	r24, 0x92	; 146
     7aa:	91 e0       	ldi	r25, 0x01	; 1
     7ac:	0e 94 0b 0d 	call	0x1a16	; 0x1a16 <uart0_print>
        return;
     7b0:	ba c1       	rjmp	.+884    	; 0xb26 <__stack+0x227>
    }

    if (strcmp(command, "INFO") == 0 || strcmp(command, "IDENTITY") == 0) {
     7b2:	61 e1       	ldi	r22, 0x11	; 17
     7b4:	72 e0       	ldi	r23, 0x02	; 2
     7b6:	c8 01       	movw	r24, r16
     7b8:	0e 94 54 12 	call	0x24a8	; 0x24a8 <strcmp>
     7bc:	89 2b       	or	r24, r25
     7be:	39 f0       	breq	.+14     	; 0x7ce <process_command+0x74>
     7c0:	66 e1       	ldi	r22, 0x16	; 22
     7c2:	72 e0       	ldi	r23, 0x02	; 2
     7c4:	c8 01       	movw	r24, r16
     7c6:	0e 94 54 12 	call	0x24a8	; 0x24a8 <strcmp>
     7ca:	89 2b       	or	r24, r25
     7cc:	31 f4       	brne	.+12     	; 0x7da <process_command+0x80>
        node_identity_print_info(node_id, *status);
     7ce:	f6 01       	movw	r30, r12
     7d0:	60 81       	ld	r22, Z
     7d2:	8f 2d       	mov	r24, r15
     7d4:	0e 94 da 07 	call	0xfb4	; 0xfb4 <node_identity_print_info>
        return;
     7d8:	a6 c1       	rjmp	.+844    	; 0xb26 <__stack+0x227>
    }

    if (strcmp(command, "CAL") != 0) {
     7da:	6f e1       	ldi	r22, 0x1F	; 31
     7dc:	72 e0       	ldi	r23, 0x02	; 2
     7de:	c8 01       	movw	r24, r16
     7e0:	0e 94 54 12 	call	0x24a8	; 0x24a8 <strcmp>
     7e4:	89 2b       	or	r24, r25
     7e6:	29 f0       	breq	.+10     	; 0x7f2 <process_command+0x98>
        response_error("UNKNOWN_COMMAND");
     7e8:	83 e2       	ldi	r24, 0x23	; 35
     7ea:	92 e0       	ldi	r25, 0x02	; 2
     7ec:	0e 94 2f 02 	call	0x45e	; 0x45e <response_error>
        return;
     7f0:	9a c1       	rjmp	.+820    	; 0xb26 <__stack+0x227>
    }

    char *subcommand = strtok(0, " ");
     7f2:	6b e8       	ldi	r22, 0x8B	; 139
     7f4:	71 e0       	ldi	r23, 0x01	; 1
     7f6:	80 e0       	ldi	r24, 0x00	; 0
     7f8:	90 e0       	ldi	r25, 0x00	; 0
     7fa:	0e 94 3b 12 	call	0x2476	; 0x2476 <strtok>
     7fe:	8c 01       	movw	r16, r24
    if (!subcommand) {
     800:	00 97       	sbiw	r24, 0x00	; 0
     802:	29 f4       	brne	.+10     	; 0x80e <__DATA_REGION_LENGTH__+0xe>
        response_error("MISSING_CAL_SUBCOMMAND");
     804:	83 e3       	ldi	r24, 0x33	; 51
     806:	92 e0       	ldi	r25, 0x02	; 2
     808:	0e 94 2f 02 	call	0x45e	; 0x45e <response_error>
        return;
     80c:	8c c1       	rjmp	.+792    	; 0xb26 <__stack+0x227>
    }

    if (strcmp(subcommand, "READ") == 0) {
     80e:	6e e1       	ldi	r22, 0x1E	; 30
     810:	73 e0       	ldi	r23, 0x03	; 3
     812:	0e 94 54 12 	call	0x24a8	; 0x24a8 <strcmp>
     816:	89 2b       	or	r24, r25
     818:	31 f4       	brne	.+12     	; 0x826 <__DATA_REGION_LENGTH__+0x26>
        print_calibration(cal, *status);
     81a:	f6 01       	movw	r30, r12
     81c:	60 81       	ld	r22, Z
     81e:	c5 01       	movw	r24, r10
     820:	0e 94 21 03 	call	0x642	; 0x642 <print_calibration>
        return;
     824:	80 c1       	rjmp	.+768    	; 0xb26 <__stack+0x227>
    }

    if (strcmp(subcommand, "OFFSET") == 0) {
     826:	63 e6       	ldi	r22, 0x63	; 99
     828:	72 e0       	ldi	r23, 0x02	; 2
     82a:	c8 01       	movw	r24, r16
     82c:	0e 94 54 12 	call	0x24a8	; 0x24a8 <strcmp>
     830:	89 2b       	or	r24, r25
     832:	09 f0       	breq	.+2      	; 0x836 <__DATA_REGION_LENGTH__+0x36>
     834:	49 c0       	rjmp	.+146    	; 0x8c8 <__DATA_REGION_LENGTH__+0xc8>
        int32_t x, y, z;
        if (!get_three_i32(strtok(0, " "), strtok(0, " "), strtok(0, " "), &x, &y, &z)) {
     836:	6b e8       	ldi	r22, 0x8B	; 139
     838:	71 e0       	ldi	r23, 0x01	; 1
     83a:	80 e0       	ldi	r24, 0x00	; 0
     83c:	90 e0       	ldi	r25, 0x00	; 0
     83e:	0e 94 3b 12 	call	0x2476	; 0x2476 <strtok>
     842:	3c 01       	movw	r6, r24
     844:	6b e8       	ldi	r22, 0x8B	; 139
     846:	71 e0       	ldi	r23, 0x01	; 1
     848:	80 e0       	ldi	r24, 0x00	; 0
     84a:	90 e0       	ldi	r25, 0x00	; 0
     84c:	0e 94 3b 12 	call	0x2476	; 0x2476 <strtok>
     850:	4c 01       	movw	r8, r24
     852:	6b e8       	ldi	r22, 0x8B	; 139
     854:	71 e0       	ldi	r23, 0x01	; 1
     856:	80 e0       	ldi	r24, 0x00	; 0
     858:	90 e0       	ldi	r25, 0x00	; 0
     85a:	0e 94 3b 12 	call	0x2476	; 0x2476 <strtok>
     85e:	9e 01       	movw	r18, r28
     860:	2f 5f       	subi	r18, 0xFF	; 255
     862:	3f 4f       	sbci	r19, 0xFF	; 255
     864:	79 01       	movw	r14, r18
     866:	8e 01       	movw	r16, r28
     868:	0b 5f       	subi	r16, 0xFB	; 251
     86a:	1f 4f       	sbci	r17, 0xFF	; 255
     86c:	28 5f       	subi	r18, 0xF8	; 248
     86e:	3f 4f       	sbci	r19, 0xFF	; 255
     870:	a3 01       	movw	r20, r6
     872:	b4 01       	movw	r22, r8
     874:	0e 94 e8 02 	call	0x5d0	; 0x5d0 <get_three_i32>
     878:	81 11       	cpse	r24, r1
     87a:	05 c0       	rjmp	.+10     	; 0x886 <__DATA_REGION_LENGTH__+0x86>
            response_error("BAD_OFFSET_ARGUMENTS");
     87c:	8a e4       	ldi	r24, 0x4A	; 74
     87e:	92 e0       	ldi	r25, 0x02	; 2
     880:	0e 94 2f 02 	call	0x45e	; 0x45e <response_error>
            return;
     884:	50 c1       	rjmp	.+672    	; 0xb26 <__stack+0x227>
        }
        cal->offset_x_x100 = x;
     886:	89 85       	ldd	r24, Y+9	; 0x09
     888:	9a 85       	ldd	r25, Y+10	; 0x0a
     88a:	ab 85       	ldd	r26, Y+11	; 0x0b
     88c:	bc 85       	ldd	r27, Y+12	; 0x0c
     88e:	f5 01       	movw	r30, r10
     890:	80 87       	std	Z+8, r24	; 0x08
     892:	91 87       	std	Z+9, r25	; 0x09
     894:	a2 87       	std	Z+10, r26	; 0x0a
     896:	b3 87       	std	Z+11, r27	; 0x0b
        cal->offset_y_x100 = y;
     898:	8d 81       	ldd	r24, Y+5	; 0x05
     89a:	9e 81       	ldd	r25, Y+6	; 0x06
     89c:	af 81       	ldd	r26, Y+7	; 0x07
     89e:	b8 85       	ldd	r27, Y+8	; 0x08
     8a0:	84 87       	std	Z+12, r24	; 0x0c
     8a2:	95 87       	std	Z+13, r25	; 0x0d
     8a4:	a6 87       	std	Z+14, r26	; 0x0e
     8a6:	b7 87       	std	Z+15, r27	; 0x0f
        cal->offset_z_x100 = z;
     8a8:	89 81       	ldd	r24, Y+1	; 0x01
     8aa:	9a 81       	ldd	r25, Y+2	; 0x02
     8ac:	ab 81       	ldd	r26, Y+3	; 0x03
     8ae:	bc 81       	ldd	r27, Y+4	; 0x04
     8b0:	80 8b       	std	Z+16, r24	; 0x10
     8b2:	91 8b       	std	Z+17, r25	; 0x11
     8b4:	a2 8b       	std	Z+18, r26	; 0x12
     8b6:	b3 8b       	std	Z+19, r27	; 0x13
        *status = CALIBRATION_STATUS_DIRTY;
     8b8:	82 e0       	ldi	r24, 0x02	; 2
     8ba:	f6 01       	movw	r30, r12
     8bc:	80 83       	st	Z, r24
        response_ok("CAL_OFFSET");
     8be:	8f e5       	ldi	r24, 0x5F	; 95
     8c0:	92 e0       	ldi	r25, 0x02	; 2
     8c2:	0e 94 40 02 	call	0x480	; 0x480 <response_ok>
        return;
     8c6:	2f c1       	rjmp	.+606    	; 0xb26 <__stack+0x227>
    }

    if (strcmp(subcommand, "GAIN") == 0) {
     8c8:	61 e8       	ldi	r22, 0x81	; 129
     8ca:	72 e0       	ldi	r23, 0x02	; 2
     8cc:	c8 01       	movw	r24, r16
     8ce:	0e 94 54 12 	call	0x24a8	; 0x24a8 <strcmp>
     8d2:	89 2b       	or	r24, r25
     8d4:	09 f0       	breq	.+2      	; 0x8d8 <__DATA_REGION_LENGTH__+0xd8>
     8d6:	58 c0       	rjmp	.+176    	; 0x988 <__stack+0x89>
        int32_t x, y, z;
        if (!get_three_i32(strtok(0, " "), strtok(0, " "), strtok(0, " "), &x, &y, &z) ||
     8d8:	6b e8       	ldi	r22, 0x8B	; 139
     8da:	71 e0       	ldi	r23, 0x01	; 1
     8dc:	80 e0       	ldi	r24, 0x00	; 0
     8de:	90 e0       	ldi	r25, 0x00	; 0
     8e0:	0e 94 3b 12 	call	0x2476	; 0x2476 <strtok>
     8e4:	3c 01       	movw	r6, r24
     8e6:	6b e8       	ldi	r22, 0x8B	; 139
     8e8:	71 e0       	ldi	r23, 0x01	; 1
     8ea:	80 e0       	ldi	r24, 0x00	; 0
     8ec:	90 e0       	ldi	r25, 0x00	; 0
     8ee:	0e 94 3b 12 	call	0x2476	; 0x2476 <strtok>
     8f2:	4c 01       	movw	r8, r24
     8f4:	6b e8       	ldi	r22, 0x8B	; 139
     8f6:	71 e0       	ldi	r23, 0x01	; 1
     8f8:	80 e0       	ldi	r24, 0x00	; 0
     8fa:	90 e0       	ldi	r25, 0x00	; 0
     8fc:	0e 94 3b 12 	call	0x2476	; 0x2476 <strtok>
     900:	9e 01       	movw	r18, r28
     902:	2f 5f       	subi	r18, 0xFF	; 255
     904:	3f 4f       	sbci	r19, 0xFF	; 255
     906:	79 01       	movw	r14, r18
     908:	8e 01       	movw	r16, r28
     90a:	0b 5f       	subi	r16, 0xFB	; 251
     90c:	1f 4f       	sbci	r17, 0xFF	; 255
     90e:	28 5f       	subi	r18, 0xF8	; 248
     910:	3f 4f       	sbci	r19, 0xFF	; 255
     912:	a3 01       	movw	r20, r6
     914:	b4 01       	movw	r22, r8
     916:	0e 94 e8 02 	call	0x5d0	; 0x5d0 <get_three_i32>
     91a:	88 23       	and	r24, r24
     91c:	d9 f0       	breq	.+54     	; 0x954 <__stack+0x55>
            x <= 0L || y <= 0L || z <= 0L) {
     91e:	89 85       	ldd	r24, Y+9	; 0x09
     920:	9a 85       	ldd	r25, Y+10	; 0x0a
     922:	ab 85       	ldd	r26, Y+11	; 0x0b
     924:	bc 85       	ldd	r27, Y+12	; 0x0c
        return;
    }

    if (strcmp(subcommand, "GAIN") == 0) {
        int32_t x, y, z;
        if (!get_three_i32(strtok(0, " "), strtok(0, " "), strtok(0, " "), &x, &y, &z) ||
     926:	18 16       	cp	r1, r24
     928:	19 06       	cpc	r1, r25
     92a:	1a 06       	cpc	r1, r26
     92c:	1b 06       	cpc	r1, r27
     92e:	94 f4       	brge	.+36     	; 0x954 <__stack+0x55>
            x <= 0L || y <= 0L || z <= 0L) {
     930:	4d 81       	ldd	r20, Y+5	; 0x05
     932:	5e 81       	ldd	r21, Y+6	; 0x06
     934:	6f 81       	ldd	r22, Y+7	; 0x07
     936:	78 85       	ldd	r23, Y+8	; 0x08
     938:	14 16       	cp	r1, r20
     93a:	15 06       	cpc	r1, r21
     93c:	16 06       	cpc	r1, r22
     93e:	17 06       	cpc	r1, r23
     940:	4c f4       	brge	.+18     	; 0x954 <__stack+0x55>
     942:	09 81       	ldd	r16, Y+1	; 0x01
     944:	1a 81       	ldd	r17, Y+2	; 0x02
     946:	2b 81       	ldd	r18, Y+3	; 0x03
     948:	3c 81       	ldd	r19, Y+4	; 0x04
     94a:	10 16       	cp	r1, r16
     94c:	11 06       	cpc	r1, r17
     94e:	12 06       	cpc	r1, r18
     950:	13 06       	cpc	r1, r19
     952:	2c f0       	brlt	.+10     	; 0x95e <__stack+0x5f>
            response_error("BAD_GAIN_ARGUMENTS");
     954:	8a e6       	ldi	r24, 0x6A	; 106
     956:	92 e0       	ldi	r25, 0x02	; 2
     958:	0e 94 2f 02 	call	0x45e	; 0x45e <response_error>
            return;
     95c:	e4 c0       	rjmp	.+456    	; 0xb26 <__stack+0x227>
        }
        cal->gain_x_ppm = x;
     95e:	f5 01       	movw	r30, r10
     960:	84 8b       	std	Z+20, r24	; 0x14
     962:	95 8b       	std	Z+21, r25	; 0x15
     964:	a6 8b       	std	Z+22, r26	; 0x16
     966:	b7 8b       	std	Z+23, r27	; 0x17
        cal->gain_y_ppm = y;
     968:	40 8f       	std	Z+24, r20	; 0x18
     96a:	51 8f       	std	Z+25, r21	; 0x19
     96c:	62 8f       	std	Z+26, r22	; 0x1a
     96e:	73 8f       	std	Z+27, r23	; 0x1b
        cal->gain_z_ppm = z;
     970:	04 8f       	std	Z+28, r16	; 0x1c
     972:	15 8f       	std	Z+29, r17	; 0x1d
     974:	26 8f       	std	Z+30, r18	; 0x1e
     976:	37 8f       	std	Z+31, r19	; 0x1f
        *status = CALIBRATION_STATUS_DIRTY;
     978:	82 e0       	ldi	r24, 0x02	; 2
     97a:	f6 01       	movw	r30, r12
     97c:	80 83       	st	Z, r24
        response_ok("CAL_GAIN");
     97e:	8d e7       	ldi	r24, 0x7D	; 125
     980:	92 e0       	ldi	r25, 0x02	; 2
     982:	0e 94 40 02 	call	0x480	; 0x480 <response_ok>
        return;
     986:	cf c0       	rjmp	.+414    	; 0xb26 <__stack+0x227>
    }

    if (strcmp(subcommand, "NOISE") == 0) {
     988:	6e e9       	ldi	r22, 0x9E	; 158
     98a:	72 e0       	ldi	r23, 0x02	; 2
     98c:	c8 01       	movw	r24, r16
     98e:	0e 94 54 12 	call	0x24a8	; 0x24a8 <strcmp>
     992:	89 2b       	or	r24, r25
     994:	09 f0       	breq	.+2      	; 0x998 <__stack+0x99>
     996:	49 c0       	rjmp	.+146    	; 0xa2a <__stack+0x12b>
        uint32_t x, y, z;
        if (!get_three_u32(strtok(0, " "), strtok(0, " "), strtok(0, " "), &x, &y, &z)) {
     998:	6b e8       	ldi	r22, 0x8B	; 139
     99a:	71 e0       	ldi	r23, 0x01	; 1
     99c:	80 e0       	ldi	r24, 0x00	; 0
     99e:	90 e0       	ldi	r25, 0x00	; 0
     9a0:	0e 94 3b 12 	call	0x2476	; 0x2476 <strtok>
     9a4:	3c 01       	movw	r6, r24
     9a6:	6b e8       	ldi	r22, 0x8B	; 139
     9a8:	71 e0       	ldi	r23, 0x01	; 1
     9aa:	80 e0       	ldi	r24, 0x00	; 0
     9ac:	90 e0       	ldi	r25, 0x00	; 0
     9ae:	0e 94 3b 12 	call	0x2476	; 0x2476 <strtok>
     9b2:	4c 01       	movw	r8, r24
     9b4:	6b e8       	ldi	r22, 0x8B	; 139
     9b6:	71 e0       	ldi	r23, 0x01	; 1
     9b8:	80 e0       	ldi	r24, 0x00	; 0
     9ba:	90 e0       	ldi	r25, 0x00	; 0
     9bc:	0e 94 3b 12 	call	0x2476	; 0x2476 <strtok>
     9c0:	9e 01       	movw	r18, r28
     9c2:	2f 5f       	subi	r18, 0xFF	; 255
     9c4:	3f 4f       	sbci	r19, 0xFF	; 255
     9c6:	79 01       	movw	r14, r18
     9c8:	8e 01       	movw	r16, r28
     9ca:	0b 5f       	subi	r16, 0xFB	; 251
     9cc:	1f 4f       	sbci	r17, 0xFF	; 255
     9ce:	28 5f       	subi	r18, 0xF8	; 248
     9d0:	3f 4f       	sbci	r19, 0xFF	; 255
     9d2:	a3 01       	movw	r20, r6
     9d4:	b4 01       	movw	r22, r8
     9d6:	0e 94 80 02 	call	0x500	; 0x500 <get_three_u32>
     9da:	81 11       	cpse	r24, r1
     9dc:	05 c0       	rjmp	.+10     	; 0x9e8 <__stack+0xe9>
            response_error("BAD_NOISE_ARGUMENTS");
     9de:	86 e8       	ldi	r24, 0x86	; 134
     9e0:	92 e0       	ldi	r25, 0x02	; 2
     9e2:	0e 94 2f 02 	call	0x45e	; 0x45e <response_error>
            return;
     9e6:	9f c0       	rjmp	.+318    	; 0xb26 <__stack+0x227>
        }
        cal->noise_sigma_x_x10000 = x;
     9e8:	89 85       	ldd	r24, Y+9	; 0x09
     9ea:	9a 85       	ldd	r25, Y+10	; 0x0a
     9ec:	ab 85       	ldd	r26, Y+11	; 0x0b
     9ee:	bc 85       	ldd	r27, Y+12	; 0x0c
     9f0:	f5 01       	movw	r30, r10
     9f2:	80 a3       	std	Z+32, r24	; 0x20
     9f4:	91 a3       	std	Z+33, r25	; 0x21
     9f6:	a2 a3       	std	Z+34, r26	; 0x22
     9f8:	b3 a3       	std	Z+35, r27	; 0x23
        cal->noise_sigma_y_x10000 = y;
     9fa:	8d 81       	ldd	r24, Y+5	; 0x05
     9fc:	9e 81       	ldd	r25, Y+6	; 0x06
     9fe:	af 81       	ldd	r26, Y+7	; 0x07
     a00:	b8 85       	ldd	r27, Y+8	; 0x08
     a02:	84 a3       	std	Z+36, r24	; 0x24
     a04:	95 a3       	std	Z+37, r25	; 0x25
     a06:	a6 a3       	std	Z+38, r26	; 0x26
     a08:	b7 a3       	std	Z+39, r27	; 0x27
        cal->noise_sigma_z_x10000 = z;
     a0a:	89 81       	ldd	r24, Y+1	; 0x01
     a0c:	9a 81       	ldd	r25, Y+2	; 0x02
     a0e:	ab 81       	ldd	r26, Y+3	; 0x03
     a10:	bc 81       	ldd	r27, Y+4	; 0x04
     a12:	80 a7       	std	Z+40, r24	; 0x28
     a14:	91 a7       	std	Z+41, r25	; 0x29
     a16:	a2 a7       	std	Z+42, r26	; 0x2a
     a18:	b3 a7       	std	Z+43, r27	; 0x2b
        *status = CALIBRATION_STATUS_DIRTY;
     a1a:	82 e0       	ldi	r24, 0x02	; 2
     a1c:	f6 01       	movw	r30, r12
     a1e:	80 83       	st	Z, r24
        response_ok("CAL_NOISE");
     a20:	8a e9       	ldi	r24, 0x9A	; 154
     a22:	92 e0       	ldi	r25, 0x02	; 2
     a24:	0e 94 40 02 	call	0x480	; 0x480 <response_ok>
        return;
     a28:	7e c0       	rjmp	.+252    	; 0xb26 <__stack+0x227>
    }

    if (strcmp(subcommand, "TEMP") == 0) {
     a2a:	6a eb       	ldi	r22, 0xBA	; 186
     a2c:	72 e0       	ldi	r23, 0x02	; 2
     a2e:	c8 01       	movw	r24, r16
     a30:	0e 94 54 12 	call	0x24a8	; 0x24a8 <strcmp>
     a34:	89 2b       	or	r24, r25
     a36:	29 f5       	brne	.+74     	; 0xa82 <__stack+0x183>
        int32_t value;
        char *argument = strtok(0, " ");
     a38:	6b e8       	ldi	r22, 0x8B	; 139
     a3a:	71 e0       	ldi	r23, 0x01	; 1
     a3c:	80 e0       	ldi	r24, 0x00	; 0
     a3e:	90 e0       	ldi	r25, 0x00	; 0
     a40:	0e 94 3b 12 	call	0x2476	; 0x2476 <strtok>
        if (!argument || !parse_i32(argument, &value)) {
     a44:	00 97       	sbiw	r24, 0x00	; 0
     a46:	39 f0       	breq	.+14     	; 0xa56 <__stack+0x157>
     a48:	be 01       	movw	r22, r28
     a4a:	6f 5f       	subi	r22, 0xFF	; 255
     a4c:	7f 4f       	sbci	r23, 0xFF	; 255
     a4e:	0e 94 b9 02 	call	0x572	; 0x572 <parse_i32>
     a52:	81 11       	cpse	r24, r1
     a54:	05 c0       	rjmp	.+10     	; 0xa60 <__stack+0x161>
            response_error("BAD_TEMP_ARGUMENT");
     a56:	84 ea       	ldi	r24, 0xA4	; 164
     a58:	92 e0       	ldi	r25, 0x02	; 2
     a5a:	0e 94 2f 02 	call	0x45e	; 0x45e <response_error>
            return;
     a5e:	63 c0       	rjmp	.+198    	; 0xb26 <__stack+0x227>
        }
        cal->calibration_temperature_x100 = value;
     a60:	89 81       	ldd	r24, Y+1	; 0x01
     a62:	9a 81       	ldd	r25, Y+2	; 0x02
     a64:	ab 81       	ldd	r26, Y+3	; 0x03
     a66:	bc 81       	ldd	r27, Y+4	; 0x04
     a68:	f5 01       	movw	r30, r10
     a6a:	84 a7       	std	Z+44, r24	; 0x2c
     a6c:	95 a7       	std	Z+45, r25	; 0x2d
     a6e:	a6 a7       	std	Z+46, r26	; 0x2e
     a70:	b7 a7       	std	Z+47, r27	; 0x2f
        *status = CALIBRATION_STATUS_DIRTY;
     a72:	82 e0       	ldi	r24, 0x02	; 2
     a74:	f6 01       	movw	r30, r12
     a76:	80 83       	st	Z, r24
        response_ok("CAL_TEMP");
     a78:	86 eb       	ldi	r24, 0xB6	; 182
     a7a:	92 e0       	ldi	r25, 0x02	; 2
     a7c:	0e 94 40 02 	call	0x480	; 0x480 <response_ok>
        return;
     a80:	52 c0       	rjmp	.+164    	; 0xb26 <__stack+0x227>
    }

    if (strcmp(subcommand, "SAVE") == 0) {
     a82:	63 ec       	ldi	r22, 0xC3	; 195
     a84:	72 e0       	ldi	r23, 0x02	; 2
     a86:	c8 01       	movw	r24, r16
     a88:	0e 94 54 12 	call	0x24a8	; 0x24a8 <strcmp>
     a8c:	89 2b       	or	r24, r25
     a8e:	79 f5       	brne	.+94     	; 0xaee <__stack+0x1ef>
        cal->calibration_counter++;
     a90:	f5 01       	movw	r30, r10
     a92:	80 a9       	ldd	r24, Z+48	; 0x30
     a94:	91 a9       	ldd	r25, Z+49	; 0x31
     a96:	a2 a9       	ldd	r26, Z+50	; 0x32
     a98:	b3 a9       	ldd	r27, Z+51	; 0x33
     a9a:	01 96       	adiw	r24, 0x01	; 1
     a9c:	a1 1d       	adc	r26, r1
     a9e:	b1 1d       	adc	r27, r1
     aa0:	80 ab       	std	Z+48, r24	; 0x30
     aa2:	91 ab       	std	Z+49, r25	; 0x31
     aa4:	a2 ab       	std	Z+50, r26	; 0x32
     aa6:	b3 ab       	std	Z+51, r27	; 0x33
        if (calibration_save(cal)) {
     aa8:	c5 01       	movw	r24, r10
     aaa:	0e 94 62 01 	call	0x2c4	; 0x2c4 <calibration_save>
     aae:	88 23       	and	r24, r24
     ab0:	69 f0       	breq	.+26     	; 0xacc <__stack+0x1cd>
            *status = CALIBRATION_STATUS_VALID;
     ab2:	81 e0       	ldi	r24, 0x01	; 1
     ab4:	f6 01       	movw	r30, r12
     ab6:	80 83       	st	Z, r24
            response_ok("CAL_SAVE");
     ab8:	8f eb       	ldi	r24, 0xBF	; 191
     aba:	92 e0       	ldi	r25, 0x02	; 2
     abc:	0e 94 40 02 	call	0x480	; 0x480 <response_ok>
            print_calibration(cal, *status);
     ac0:	f6 01       	movw	r30, r12
     ac2:	60 81       	ld	r22, Z
     ac4:	c5 01       	movw	r24, r10
     ac6:	0e 94 21 03 	call	0x642	; 0x642 <print_calibration>
     aca:	2d c0       	rjmp	.+90     	; 0xb26 <__stack+0x227>
        } else {
            cal->calibration_counter--;
     acc:	f5 01       	movw	r30, r10
     ace:	80 a9       	ldd	r24, Z+48	; 0x30
     ad0:	91 a9       	ldd	r25, Z+49	; 0x31
     ad2:	a2 a9       	ldd	r26, Z+50	; 0x32
     ad4:	b3 a9       	ldd	r27, Z+51	; 0x33
     ad6:	01 97       	sbiw	r24, 0x01	; 1
     ad8:	a1 09       	sbc	r26, r1
     ada:	b1 09       	sbc	r27, r1
     adc:	80 ab       	std	Z+48, r24	; 0x30
     ade:	91 ab       	std	Z+49, r25	; 0x31
     ae0:	a2 ab       	std	Z+50, r26	; 0x32
     ae2:	b3 ab       	std	Z+51, r27	; 0x33
            response_error("EEPROM_VERIFY_FAILED");
     ae4:	88 ec       	ldi	r24, 0xC8	; 200
     ae6:	92 e0       	ldi	r25, 0x02	; 2
     ae8:	0e 94 2f 02 	call	0x45e	; 0x45e <response_error>
     aec:	1c c0       	rjmp	.+56     	; 0xb26 <__stack+0x227>
        }
        return;
    }

    if (strcmp(subcommand, "RESET") == 0) {
     aee:	61 ee       	ldi	r22, 0xE1	; 225
     af0:	72 e0       	ldi	r23, 0x02	; 2
     af2:	c8 01       	movw	r24, r16
     af4:	0e 94 54 12 	call	0x24a8	; 0x24a8 <strcmp>
     af8:	89 2b       	or	r24, r25
     afa:	89 f4       	brne	.+34     	; 0xb1e <__stack+0x21f>
        calibration_factory_reset();
     afc:	0e 94 b3 01 	call	0x366	; 0x366 <calibration_factory_reset>
        calibration_make_defaults(cal);
     b00:	c5 01       	movw	r24, r10
     b02:	0e 94 03 01 	call	0x206	; 0x206 <calibration_make_defaults>
        *status = CALIBRATION_STATUS_DEFAULT;
     b06:	f6 01       	movw	r30, r12
     b08:	10 82       	st	Z, r1
        response_ok("CAL_RESET");
     b0a:	8d ed       	ldi	r24, 0xDD	; 221
     b0c:	92 e0       	ldi	r25, 0x02	; 2
     b0e:	0e 94 40 02 	call	0x480	; 0x480 <response_ok>
        print_calibration(cal, *status);
     b12:	f6 01       	movw	r30, r12
     b14:	60 81       	ld	r22, Z
     b16:	c5 01       	movw	r24, r10
     b18:	0e 94 21 03 	call	0x642	; 0x642 <print_calibration>
        return;
     b1c:	04 c0       	rjmp	.+8      	; 0xb26 <__stack+0x227>
    }

    response_error("UNKNOWN_CAL_SUBCOMMAND");
     b1e:	87 ee       	ldi	r24, 0xE7	; 231
     b20:	92 e0       	ldi	r25, 0x02	; 2
     b22:	0e 94 2f 02 	call	0x45e	; 0x45e <response_error>
}
     b26:	2c 96       	adiw	r28, 0x0c	; 12
     b28:	0f b6       	in	r0, 0x3f	; 63
     b2a:	f8 94       	cli
     b2c:	de bf       	out	0x3e, r29	; 62
     b2e:	0f be       	out	0x3f, r0	; 63
     b30:	cd bf       	out	0x3d, r28	; 61
     b32:	df 91       	pop	r29
     b34:	cf 91       	pop	r28
     b36:	1f 91       	pop	r17
     b38:	0f 91       	pop	r16
     b3a:	ff 90       	pop	r15
     b3c:	ef 90       	pop	r14
     b3e:	df 90       	pop	r13
     b40:	cf 90       	pop	r12
     b42:	bf 90       	pop	r11
     b44:	af 90       	pop	r10
     b46:	9f 90       	pop	r9
     b48:	8f 90       	pop	r8
     b4a:	7f 90       	pop	r7
     b4c:	6f 90       	pop	r6
     b4e:	08 95       	ret

00000b50 <commands_process_pending>:

void commands_process_pending(calibration_record_t *calibration,
                              calibration_status_t *status,
                              uint8_t node_id)
{
     b50:	df 92       	push	r13
     b52:	ef 92       	push	r14
     b54:	ff 92       	push	r15
     b56:	0f 93       	push	r16
     b58:	1f 93       	push	r17
     b5a:	cf 93       	push	r28
     b5c:	df 93       	push	r29
     b5e:	cd b7       	in	r28, 0x3d	; 61
     b60:	de b7       	in	r29, 0x3e	; 62
     b62:	c0 56       	subi	r28, 0x60	; 96
     b64:	d1 09       	sbc	r29, r1
     b66:	0f b6       	in	r0, 0x3f	; 63
     b68:	f8 94       	cli
     b6a:	de bf       	out	0x3e, r29	; 62
     b6c:	0f be       	out	0x3f, r0	; 63
     b6e:	cd bf       	out	0x3d, r28	; 61
     b70:	8c 01       	movw	r16, r24
     b72:	7b 01       	movw	r14, r22
     b74:	d4 2e       	mov	r13, r20
    char line[UART0_COMMAND_MAX_LENGTH];

    if (uart0_rx_overflowed()) {
     b76:	0e 94 8a 0e 	call	0x1d14	; 0x1d14 <uart0_rx_overflowed>
     b7a:	88 23       	and	r24, r24
     b7c:	71 f0       	breq	.+28     	; 0xb9a <commands_process_pending+0x4a>
        uart0_clear_rx_overflow();
     b7e:	0e 94 8d 0e 	call	0x1d1a	; 0x1d1a <uart0_clear_rx_overflow>
        response_error("UART_RX_OVERFLOW");
     b82:	8e ef       	ldi	r24, 0xFE	; 254
     b84:	92 e0       	ldi	r25, 0x02	; 2
     b86:	0e 94 2f 02 	call	0x45e	; 0x45e <response_error>
     b8a:	07 c0       	rjmp	.+14     	; 0xb9a <commands_process_pending+0x4a>
    }

    while (uart0_readline(line, sizeof(line))) {
        process_command(line, calibration, status, node_id);
     b8c:	2d 2d       	mov	r18, r13
     b8e:	a7 01       	movw	r20, r14
     b90:	b8 01       	movw	r22, r16
     b92:	ce 01       	movw	r24, r28
     b94:	01 96       	adiw	r24, 0x01	; 1
     b96:	0e 94 ad 03 	call	0x75a	; 0x75a <process_command>
    if (uart0_rx_overflowed()) {
        uart0_clear_rx_overflow();
        response_error("UART_RX_OVERFLOW");
    }

    while (uart0_readline(line, sizeof(line))) {
     b9a:	60 e6       	ldi	r22, 0x60	; 96
     b9c:	ce 01       	movw	r24, r28
     b9e:	01 96       	adiw	r24, 0x01	; 1
     ba0:	0e 94 26 0e 	call	0x1c4c	; 0x1c4c <uart0_readline>
     ba4:	81 11       	cpse	r24, r1
     ba6:	f2 cf       	rjmp	.-28     	; 0xb8c <commands_process_pending+0x3c>
        process_command(line, calibration, status, node_id);
    }
}
     ba8:	c0 5a       	subi	r28, 0xA0	; 160
     baa:	df 4f       	sbci	r29, 0xFF	; 255
     bac:	0f b6       	in	r0, 0x3f	; 63
     bae:	f8 94       	cli
     bb0:	de bf       	out	0x3e, r29	; 62
     bb2:	0f be       	out	0x3f, r0	; 63
     bb4:	cd bf       	out	0x3d, r28	; 61
     bb6:	df 91       	pop	r29
     bb8:	cf 91       	pop	r28
     bba:	1f 91       	pop	r17
     bbc:	0f 91       	pop	r16
     bbe:	ff 90       	pop	r15
     bc0:	ef 90       	pop	r14
     bc2:	df 90       	pop	r13
     bc4:	08 95       	ret

00000bc6 <crc16_ccitt>:
#include "crc16.h"

uint16_t crc16_ccitt(const void *data, size_t length)
{
     bc6:	dc 01       	movw	r26, r24
    const uint8_t *bytes = (const uint8_t *)data;
    uint16_t crc = 0xFFFFU;

    for (size_t i = 0; i < length; i++) {
     bc8:	40 e0       	ldi	r20, 0x00	; 0
     bca:	50 e0       	ldi	r21, 0x00	; 0
#include "crc16.h"

uint16_t crc16_ccitt(const void *data, size_t length)
{
    const uint8_t *bytes = (const uint8_t *)data;
    uint16_t crc = 0xFFFFU;
     bcc:	8f ef       	ldi	r24, 0xFF	; 255
     bce:	9f ef       	ldi	r25, 0xFF	; 255

    for (size_t i = 0; i < length; i++) {
     bd0:	1b c0       	rjmp	.+54     	; 0xc08 <crc16_ccitt+0x42>
        crc ^= (uint16_t)bytes[i] << 8;
     bd2:	fd 01       	movw	r30, r26
     bd4:	e4 0f       	add	r30, r20
     bd6:	f5 1f       	adc	r31, r21
     bd8:	20 81       	ld	r18, Z
     bda:	30 e0       	ldi	r19, 0x00	; 0
     bdc:	32 2f       	mov	r19, r18
     bde:	22 27       	eor	r18, r18
     be0:	82 27       	eor	r24, r18
     be2:	93 27       	eor	r25, r19
        for (uint8_t bit = 0; bit < 8U; bit++) {
     be4:	20 e0       	ldi	r18, 0x00	; 0
     be6:	0c c0       	rjmp	.+24     	; 0xc00 <crc16_ccitt+0x3a>
            if (crc & 0x8000U) {
     be8:	99 23       	and	r25, r25
     bea:	3c f4       	brge	.+14     	; 0xbfa <crc16_ccitt+0x34>
                crc = (uint16_t)((crc << 1) ^ 0x1021U);
     bec:	88 0f       	add	r24, r24
     bee:	99 1f       	adc	r25, r25
     bf0:	31 e2       	ldi	r19, 0x21	; 33
     bf2:	83 27       	eor	r24, r19
     bf4:	30 e1       	ldi	r19, 0x10	; 16
     bf6:	93 27       	eor	r25, r19
     bf8:	02 c0       	rjmp	.+4      	; 0xbfe <crc16_ccitt+0x38>
            } else {
                crc <<= 1;
     bfa:	88 0f       	add	r24, r24
     bfc:	99 1f       	adc	r25, r25
    const uint8_t *bytes = (const uint8_t *)data;
    uint16_t crc = 0xFFFFU;

    for (size_t i = 0; i < length; i++) {
        crc ^= (uint16_t)bytes[i] << 8;
        for (uint8_t bit = 0; bit < 8U; bit++) {
     bfe:	2f 5f       	subi	r18, 0xFF	; 255
     c00:	28 30       	cpi	r18, 0x08	; 8
     c02:	90 f3       	brcs	.-28     	; 0xbe8 <crc16_ccitt+0x22>
uint16_t crc16_ccitt(const void *data, size_t length)
{
    const uint8_t *bytes = (const uint8_t *)data;
    uint16_t crc = 0xFFFFU;

    for (size_t i = 0; i < length; i++) {
     c04:	4f 5f       	subi	r20, 0xFF	; 255
     c06:	5f 4f       	sbci	r21, 0xFF	; 255
     c08:	46 17       	cp	r20, r22
     c0a:	57 07       	cpc	r21, r23
     c0c:	10 f3       	brcs	.-60     	; 0xbd2 <crc16_ccitt+0xc>
            }
        }
    }

    return crc;
}
     c0e:	08 95       	ret

00000c10 <main>:
#include "node_app.h"

int main(void)
{
    node_app_init();
     c10:	0e 94 1b 07 	call	0xe36	; 0xe36 <node_app_init>

    while (1) {
        node_app_process();
     c14:	0e 94 68 07 	call	0xed0	; 0xed0 <node_app_process>
     c18:	fd cf       	rjmp	.-6      	; 0xc14 <main+0x4>

00000c1a <measurement_service_acquire_average>:

uint8_t measurement_service_acquire_average(
    const calibration_record_t *calibration,
    measurement_result_t *result,
    void (*background_process)(void))
{
     c1a:	2f 92       	push	r2
     c1c:	3f 92       	push	r3
     c1e:	4f 92       	push	r4
     c20:	5f 92       	push	r5
     c22:	6f 92       	push	r6
     c24:	7f 92       	push	r7
     c26:	8f 92       	push	r8
     c28:	9f 92       	push	r9
     c2a:	af 92       	push	r10
     c2c:	bf 92       	push	r11
     c2e:	cf 92       	push	r12
     c30:	df 92       	push	r13
     c32:	ef 92       	push	r14
     c34:	ff 92       	push	r15
     c36:	0f 93       	push	r16
     c38:	1f 93       	push	r17
     c3a:	cf 93       	push	r28
     c3c:	df 93       	push	r29
     c3e:	cd b7       	in	r28, 0x3d	; 61
     c40:	de b7       	in	r29, 0x3e	; 62
     c42:	6a 97       	sbiw	r28, 0x1a	; 26
     c44:	0f b6       	in	r0, 0x3f	; 63
     c46:	f8 94       	cli
     c48:	de bf       	out	0x3e, r29	; 62
     c4a:	0f be       	out	0x3f, r0	; 63
     c4c:	cd bf       	out	0x3d, r28	; 61
    int32_t sum_by = 0;
    int32_t sum_bz = 0;
    uint8_t last_status = 0;
    uint8_t valid = 0;

    if (calibration == 0 || result == 0) return 0U;
     c4e:	00 97       	sbiw	r24, 0x00	; 0
     c50:	09 f4       	brne	.+2      	; 0xc54 <measurement_service_acquire_average+0x3a>
     c52:	b6 c0       	rjmp	.+364    	; 0xdc0 <measurement_service_acquire_average+0x1a6>
     c54:	61 15       	cp	r22, r1
     c56:	71 05       	cpc	r23, r1
     c58:	09 f4       	brne	.+2      	; 0xc5c <measurement_service_acquire_average+0x42>
     c5a:	b4 c0       	rjmp	.+360    	; 0xdc4 <measurement_service_acquire_average+0x1aa>
     c5c:	1a 01       	movw	r2, r20
     c5e:	78 8b       	std	Y+16, r23	; 0x10
     c60:	6f 87       	std	Y+15, r22	; 0x0f
     c62:	9e 8b       	std	Y+22, r25	; 0x16
     c64:	8d 8b       	std	Y+21, r24	; 0x15
     c66:	10 e0       	ldi	r17, 0x00	; 0
     c68:	00 e0       	ldi	r16, 0x00	; 0
     c6a:	1e 86       	std	Y+14, r1	; 0x0e
     c6c:	41 2c       	mov	r4, r1
     c6e:	51 2c       	mov	r5, r1
     c70:	32 01       	movw	r6, r4
     c72:	1a 86       	std	Y+10, r1	; 0x0a
     c74:	1b 86       	std	Y+11, r1	; 0x0b
     c76:	1c 86       	std	Y+12, r1	; 0x0c
     c78:	1d 86       	std	Y+13, r1	; 0x0d
     c7a:	81 2c       	mov	r8, r1
     c7c:	91 2c       	mov	r9, r1
     c7e:	54 01       	movw	r10, r8
     c80:	c1 2c       	mov	r12, r1
     c82:	d1 2c       	mov	r13, r1
     c84:	76 01       	movw	r14, r12
     c86:	45 c0       	rjmp	.+138    	; 0xd12 <measurement_service_acquire_average+0xf8>

    for (uint8_t index = 0; index < AVERAGE_SAMPLES; index++) {
        tmag5273_raw_sample_t sample;

        if (tmag5273_read_raw(&sample)) {
     c88:	ce 01       	movw	r24, r28
     c8a:	01 96       	adiw	r24, 0x01	; 1
     c8c:	0e 94 8f 09 	call	0x131e	; 0x131e <tmag5273_read_raw>
     c90:	88 23       	and	r24, r24
     c92:	99 f1       	breq	.+102    	; 0xcfa <measurement_service_acquire_average+0xe0>
            sum_temperature += sample.temperature_raw;
     c94:	89 81       	ldd	r24, Y+1	; 0x01
     c96:	9a 81       	ldd	r25, Y+2	; 0x02
     c98:	09 2e       	mov	r0, r25
     c9a:	00 0c       	add	r0, r0
     c9c:	aa 0b       	sbc	r26, r26
     c9e:	bb 0b       	sbc	r27, r27
     ca0:	c8 0e       	add	r12, r24
     ca2:	d9 1e       	adc	r13, r25
     ca4:	ea 1e       	adc	r14, r26
     ca6:	fb 1e       	adc	r15, r27
            sum_bx += sample.bx_raw;
     ca8:	8b 81       	ldd	r24, Y+3	; 0x03
     caa:	9c 81       	ldd	r25, Y+4	; 0x04
     cac:	09 2e       	mov	r0, r25
     cae:	00 0c       	add	r0, r0
     cb0:	aa 0b       	sbc	r26, r26
     cb2:	bb 0b       	sbc	r27, r27
     cb4:	88 0e       	add	r8, r24
     cb6:	99 1e       	adc	r9, r25
     cb8:	aa 1e       	adc	r10, r26
     cba:	bb 1e       	adc	r11, r27
            sum_by += sample.by_raw;
     cbc:	8d 81       	ldd	r24, Y+5	; 0x05
     cbe:	9e 81       	ldd	r25, Y+6	; 0x06
     cc0:	09 2e       	mov	r0, r25
     cc2:	00 0c       	add	r0, r0
     cc4:	aa 0b       	sbc	r26, r26
     cc6:	bb 0b       	sbc	r27, r27
     cc8:	2a 85       	ldd	r18, Y+10	; 0x0a
     cca:	3b 85       	ldd	r19, Y+11	; 0x0b
     ccc:	4c 85       	ldd	r20, Y+12	; 0x0c
     cce:	5d 85       	ldd	r21, Y+13	; 0x0d
     cd0:	28 0f       	add	r18, r24
     cd2:	39 1f       	adc	r19, r25
     cd4:	4a 1f       	adc	r20, r26
     cd6:	5b 1f       	adc	r21, r27
     cd8:	2a 87       	std	Y+10, r18	; 0x0a
     cda:	3b 87       	std	Y+11, r19	; 0x0b
     cdc:	4c 87       	std	Y+12, r20	; 0x0c
     cde:	5d 87       	std	Y+13, r21	; 0x0d
            sum_bz += sample.bz_raw;
     ce0:	8f 81       	ldd	r24, Y+7	; 0x07
     ce2:	98 85       	ldd	r25, Y+8	; 0x08
     ce4:	09 2e       	mov	r0, r25
     ce6:	00 0c       	add	r0, r0
     ce8:	aa 0b       	sbc	r26, r26
     cea:	bb 0b       	sbc	r27, r27
     cec:	48 0e       	add	r4, r24
     cee:	59 1e       	adc	r5, r25
     cf0:	6a 1e       	adc	r6, r26
     cf2:	7b 1e       	adc	r7, r27
            last_status = sample.status;
     cf4:	39 85       	ldd	r19, Y+9	; 0x09
     cf6:	3e 87       	std	Y+14, r19	; 0x0e
            valid++;
     cf8:	0f 5f       	subi	r16, 0xFF	; 255
        }

        if (background_process != 0) background_process();
     cfa:	21 14       	cp	r2, r1
     cfc:	31 04       	cpc	r3, r1
     cfe:	11 f0       	breq	.+4      	; 0xd04 <measurement_service_acquire_average+0xea>
     d00:	f1 01       	movw	r30, r2
     d02:	09 95       	icall
	#else
		//round up by default
		__ticks_dc = (uint32_t)(ceil(fabs(__tmp)));
	#endif

	__builtin_avr_delay_cycles(__ticks_dc);
     d04:	87 ea       	ldi	r24, 0xA7	; 167
     d06:	91 e6       	ldi	r25, 0x61	; 97
     d08:	01 97       	sbiw	r24, 0x01	; 1
     d0a:	f1 f7       	brne	.-4      	; 0xd08 <measurement_service_acquire_average+0xee>
     d0c:	00 c0       	rjmp	.+0      	; 0xd0e <measurement_service_acquire_average+0xf4>
     d0e:	00 00       	nop
    uint8_t last_status = 0;
    uint8_t valid = 0;

    if (calibration == 0 || result == 0) return 0U;

    for (uint8_t index = 0; index < AVERAGE_SAMPLES; index++) {
     d10:	1f 5f       	subi	r17, 0xFF	; 255
     d12:	1a 30       	cpi	r17, 0x0A	; 10
     d14:	08 f4       	brcc	.+2      	; 0xd18 <measurement_service_acquire_average+0xfe>
     d16:	b8 cf       	rjmp	.-144    	; 0xc88 <measurement_service_acquire_average+0x6e>

        if (background_process != 0) background_process();
        _delay_ms(SAMPLE_INTERVAL_MS);
    }

    result->valid_samples = valid;
     d18:	af 85       	ldd	r26, Y+15	; 0x0f
     d1a:	b8 89       	ldd	r27, Y+16	; 0x10
     d1c:	51 96       	adiw	r26, 0x11	; 17
     d1e:	0c 93       	st	X, r16
    if (valid == 0U) return 0U;
     d20:	00 23       	and	r16, r16
     d22:	09 f4       	brne	.+2      	; 0xd26 <measurement_service_acquire_average+0x10c>
     d24:	51 c0       	rjmp	.+162    	; 0xdc8 <measurement_service_acquire_average+0x1ae>

    tmag5273_convert_averaged_raw(sum_temperature / valid,
     d26:	20 2f       	mov	r18, r16
     d28:	30 e0       	ldi	r19, 0x00	; 0
     d2a:	40 e0       	ldi	r20, 0x00	; 0
     d2c:	50 e0       	ldi	r21, 0x00	; 0
     d2e:	29 8b       	std	Y+17, r18	; 0x11
     d30:	3a 8b       	std	Y+18, r19	; 0x12
     d32:	4b 8b       	std	Y+19, r20	; 0x13
     d34:	5c 8b       	std	Y+20, r21	; 0x14
     d36:	c3 01       	movw	r24, r6
     d38:	b2 01       	movw	r22, r4
     d3a:	0e 94 b2 0e 	call	0x1d64	; 0x1d64 <__divmodsi4>
     d3e:	2f 8b       	std	Y+23, r18	; 0x17
     d40:	38 8f       	std	Y+24, r19	; 0x18
     d42:	49 8f       	std	Y+25, r20	; 0x19
     d44:	5a 8f       	std	Y+26, r21	; 0x1a
     d46:	6a 85       	ldd	r22, Y+10	; 0x0a
     d48:	7b 85       	ldd	r23, Y+11	; 0x0b
     d4a:	8c 85       	ldd	r24, Y+12	; 0x0c
     d4c:	9d 85       	ldd	r25, Y+13	; 0x0d
     d4e:	29 89       	ldd	r18, Y+17	; 0x11
     d50:	3a 89       	ldd	r19, Y+18	; 0x12
     d52:	4b 89       	ldd	r20, Y+19	; 0x13
     d54:	5c 89       	ldd	r21, Y+20	; 0x14
     d56:	0e 94 b2 0e 	call	0x1d64	; 0x1d64 <__divmodsi4>
     d5a:	2a 87       	std	Y+10, r18	; 0x0a
     d5c:	3b 87       	std	Y+11, r19	; 0x0b
     d5e:	4c 87       	std	Y+12, r20	; 0x0c
     d60:	5d 87       	std	Y+13, r21	; 0x0d
     d62:	c5 01       	movw	r24, r10
     d64:	b4 01       	movw	r22, r8
     d66:	29 89       	ldd	r18, Y+17	; 0x11
     d68:	3a 89       	ldd	r19, Y+18	; 0x12
     d6a:	4b 89       	ldd	r20, Y+19	; 0x13
     d6c:	5c 89       	ldd	r21, Y+20	; 0x14
     d6e:	0e 94 b2 0e 	call	0x1d64	; 0x1d64 <__divmodsi4>
     d72:	29 01       	movw	r4, r18
     d74:	3a 01       	movw	r6, r20
     d76:	c7 01       	movw	r24, r14
     d78:	b6 01       	movw	r22, r12
     d7a:	29 89       	ldd	r18, Y+17	; 0x11
     d7c:	3a 89       	ldd	r19, Y+18	; 0x12
     d7e:	4b 89       	ldd	r20, Y+19	; 0x13
     d80:	5c 89       	ldd	r21, Y+20	; 0x14
     d82:	0e 94 b2 0e 	call	0x1d64	; 0x1d64 <__divmodsi4>
     d86:	ca 01       	movw	r24, r20
     d88:	b9 01       	movw	r22, r18
     d8a:	38 89       	ldd	r19, Y+16	; 0x10
     d8c:	3f 93       	push	r19
     d8e:	4f 85       	ldd	r20, Y+15	; 0x0f
     d90:	4f 93       	push	r20
     d92:	8e 84       	ldd	r8, Y+14	; 0x0e
     d94:	af 88       	ldd	r10, Y+23	; 0x17
     d96:	b8 8c       	ldd	r11, Y+24	; 0x18
     d98:	c9 8c       	ldd	r12, Y+25	; 0x19
     d9a:	da 8c       	ldd	r13, Y+26	; 0x1a
     d9c:	ea 84       	ldd	r14, Y+10	; 0x0a
     d9e:	fb 84       	ldd	r15, Y+11	; 0x0b
     da0:	0c 85       	ldd	r16, Y+12	; 0x0c
     da2:	1d 85       	ldd	r17, Y+13	; 0x0d
     da4:	a3 01       	movw	r20, r6
     da6:	92 01       	movw	r18, r4
     da8:	0e 94 dd 09 	call	0x13ba	; 0x13ba <tmag5273_convert_averaged_raw>
                                  sum_by / valid,
                                  sum_bz / valid,
                                  last_status,
                                  &result->value);

    calibration_apply(calibration, &result->value);
     dac:	6f 85       	ldd	r22, Y+15	; 0x0f
     dae:	78 89       	ldd	r23, Y+16	; 0x10
     db0:	8d 89       	ldd	r24, Y+21	; 0x15
     db2:	9e 89       	ldd	r25, Y+22	; 0x16
     db4:	0e 94 d6 01 	call	0x3ac	; 0x3ac <calibration_apply>
    return 1U;
     db8:	0f 90       	pop	r0
     dba:	0f 90       	pop	r0
     dbc:	81 e0       	ldi	r24, 0x01	; 1
     dbe:	05 c0       	rjmp	.+10     	; 0xdca <measurement_service_acquire_average+0x1b0>
    int32_t sum_by = 0;
    int32_t sum_bz = 0;
    uint8_t last_status = 0;
    uint8_t valid = 0;

    if (calibration == 0 || result == 0) return 0U;
     dc0:	80 e0       	ldi	r24, 0x00	; 0
     dc2:	03 c0       	rjmp	.+6      	; 0xdca <measurement_service_acquire_average+0x1b0>
     dc4:	80 e0       	ldi	r24, 0x00	; 0
     dc6:	01 c0       	rjmp	.+2      	; 0xdca <measurement_service_acquire_average+0x1b0>
        if (background_process != 0) background_process();
        _delay_ms(SAMPLE_INTERVAL_MS);
    }

    result->valid_samples = valid;
    if (valid == 0U) return 0U;
     dc8:	80 e0       	ldi	r24, 0x00	; 0
                                  last_status,
                                  &result->value);

    calibration_apply(calibration, &result->value);
    return 1U;
}
     dca:	6a 96       	adiw	r28, 0x1a	; 26
     dcc:	0f b6       	in	r0, 0x3f	; 63
     dce:	f8 94       	cli
     dd0:	de bf       	out	0x3e, r29	; 62
     dd2:	0f be       	out	0x3f, r0	; 63
     dd4:	cd bf       	out	0x3d, r28	; 61
     dd6:	df 91       	pop	r29
     dd8:	cf 91       	pop	r28
     dda:	1f 91       	pop	r17
     ddc:	0f 91       	pop	r16
     dde:	ff 90       	pop	r15
     de0:	ef 90       	pop	r14
     de2:	df 90       	pop	r13
     de4:	cf 90       	pop	r12
     de6:	bf 90       	pop	r11
     de8:	af 90       	pop	r10
     dea:	9f 90       	pop	r9
     dec:	8f 90       	pop	r8
     dee:	7f 90       	pop	r7
     df0:	6f 90       	pop	r6
     df2:	5f 90       	pop	r5
     df4:	4f 90       	pop	r4
     df6:	3f 90       	pop	r3
     df8:	2f 90       	pop	r2
     dfa:	08 95       	ret

00000dfc <process_commands>:
static uint32_t sequence;
static uint8_t node_id;

static void process_commands(void)
{
    commands_process_pending(&calibration, &calibration_status, node_id);
     dfc:	40 91 b0 05 	lds	r20, 0x05B0	; 0x8005b0 <node_id>
     e00:	65 eb       	ldi	r22, 0xB5	; 181
     e02:	75 e0       	ldi	r23, 0x05	; 5
     e04:	86 eb       	ldi	r24, 0xB6	; 182
     e06:	95 e0       	ldi	r25, 0x05	; 5
     e08:	0e 94 a8 05 	call	0xb50	; 0xb50 <commands_process_pending>
    status_leds_set_calibration_state(calibration_status);
     e0c:	80 91 b5 05 	lds	r24, 0x05B5	; 0x8005b5 <calibration_status>
     e10:	0e 94 18 09 	call	0x1230	; 0x1230 <status_leds_set_calibration_state>
    status_leds_process();
     e14:	0e 94 2a 09 	call	0x1254	; 0x1254 <status_leds_process>
     e18:	08 95       	ret

00000e1a <fatal_error>:
}

static void fatal_error(const char *message)
{
    transport_service_publish_error(message);
     e1a:	0e 94 d9 0a 	call	0x15b2	; 0x15b2 <transport_service_publish_error>
    status_leds_set_sensor_state(STATUS_SENSOR_ERROR);
     e1e:	82 e0       	ldi	r24, 0x02	; 2
     e20:	0e 94 00 09 	call	0x1200	; 0x1200 <status_leds_set_sensor_state>

    while (1) {
        process_commands();
     e24:	0e 94 fe 06 	call	0xdfc	; 0xdfc <process_commands>
     e28:	8f e4       	ldi	r24, 0x4F	; 79
     e2a:	93 ec       	ldi	r25, 0xC3	; 195
     e2c:	01 97       	sbiw	r24, 0x01	; 1
     e2e:	f1 f7       	brne	.-4      	; 0xe2c <fatal_error+0x12>
     e30:	00 c0       	rjmp	.+0      	; 0xe32 <fatal_error+0x18>
     e32:	00 00       	nop
     e34:	f7 cf       	rjmp	.-18     	; 0xe24 <fatal_error+0xa>

00000e36 <node_app_init>:
        _delay_ms(200);
    }
}

void node_app_init(void)
{
     e36:	cf 93       	push	r28
     e38:	df 93       	push	r29
     e3a:	1f 92       	push	r1
     e3c:	cd b7       	in	r28, 0x3d	; 61
     e3e:	de b7       	in	r29, 0x3e	; 62
    uint8_t device_id = 0;
     e40:	19 82       	std	Y+1, r1	; 0x01

    transport_service_init();
     e42:	0e 94 d6 0a 	call	0x15ac	; 0x15ac <transport_service_init>
    twi1_init();
     e46:	0e 94 ef 0b 	call	0x17de	; 0x17de <twi1_init>
    board_id_init();
     e4a:	0e 94 79 00 	call	0xf2	; 0xf2 <board_id_init>
    status_leds_init();
     e4e:	0e 94 a6 08 	call	0x114c	; 0x114c <status_leds_init>
    status_leds_run_post();
     e52:	0e 94 b4 08 	call	0x1168	; 0x1168 <status_leds_run_post>
    sei();
     e56:	78 94       	sei

    node_id = board_id_read();
     e58:	0e 94 86 00 	call	0x10c	; 0x10c <board_id_read>
     e5c:	80 93 b0 05 	sts	0x05B0, r24	; 0x8005b0 <node_id>
    sequence = 0UL;
     e60:	10 92 b1 05 	sts	0x05B1, r1	; 0x8005b1 <sequence>
     e64:	10 92 b2 05 	sts	0x05B2, r1	; 0x8005b2 <sequence+0x1>
     e68:	10 92 b3 05 	sts	0x05B3, r1	; 0x8005b3 <sequence+0x2>
     e6c:	10 92 b4 05 	sts	0x05B4, r1	; 0x8005b4 <sequence+0x3>
    calibration_status = calibration_load(&calibration);
     e70:	86 eb       	ldi	r24, 0xB6	; 182
     e72:	95 e0       	ldi	r25, 0x05	; 5
     e74:	0e 94 33 01 	call	0x266	; 0x266 <calibration_load>
     e78:	80 93 b5 05 	sts	0x05B5, r24	; 0x8005b5 <calibration_status>
    status_leds_set_calibration_state(calibration_status);
     e7c:	0e 94 18 09 	call	0x1230	; 0x1230 <status_leds_set_calibration_state>

    if (!tmag5273_read_device_id(&device_id)) {
     e80:	ce 01       	movw	r24, r28
     e82:	01 96       	adiw	r24, 0x01	; 1
     e84:	0e 94 65 09 	call	0x12ca	; 0x12ca <tmag5273_read_device_id>
     e88:	81 11       	cpse	r24, r1
     e8a:	04 c0       	rjmp	.+8      	; 0xe94 <node_app_init+0x5e>
        fatal_error("TMAG_DEVICE_ID_READ");
     e8c:	8f e0       	ldi	r24, 0x0F	; 15
     e8e:	93 e0       	ldi	r25, 0x03	; 3
     e90:	0e 94 0d 07 	call	0xe1a	; 0xe1a <fatal_error>
    }

    if (!tmag5273_init()) {
     e94:	0e 94 6b 09 	call	0x12d6	; 0x12d6 <tmag5273_init>
     e98:	81 11       	cpse	r24, r1
     e9a:	04 c0       	rjmp	.+8      	; 0xea4 <node_app_init+0x6e>
        fatal_error("TMAG_INIT");
     e9c:	83 e2       	ldi	r24, 0x23	; 35
     e9e:	93 e0       	ldi	r25, 0x03	; 3
     ea0:	0e 94 0d 07 	call	0xe1a	; 0xe1a <fatal_error>
    }

    status_leds_set_sensor_state(STATUS_SENSOR_OK);
     ea4:	81 e0       	ldi	r24, 0x01	; 1
     ea6:	0e 94 00 09 	call	0x1200	; 0x1200 <status_leds_set_sensor_state>

    transport_service_print_startup(&calibration,
     eaa:	29 81       	ldd	r18, Y+1	; 0x01
     eac:	40 91 b0 05 	lds	r20, 0x05B0	; 0x8005b0 <node_id>
     eb0:	60 91 b5 05 	lds	r22, 0x05B5	; 0x8005b5 <calibration_status>
     eb4:	86 eb       	ldi	r24, 0xB6	; 182
     eb6:	95 e0       	ldi	r25, 0x05	; 5
     eb8:	0e 94 ea 0a 	call	0x15d4	; 0x15d4 <transport_service_print_startup>
                                    calibration_status,
                                    node_id,
                                    device_id);
    node_identity_print_boot_banner(node_id, calibration_status);
     ebc:	60 91 b5 05 	lds	r22, 0x05B5	; 0x8005b5 <calibration_status>
     ec0:	80 91 b0 05 	lds	r24, 0x05B0	; 0x8005b0 <node_id>
     ec4:	0e 94 4e 08 	call	0x109c	; 0x109c <node_identity_print_boot_banner>
}
     ec8:	0f 90       	pop	r0
     eca:	df 91       	pop	r29
     ecc:	cf 91       	pop	r28
     ece:	08 95       	ret

00000ed0 <node_app_process>:

void node_app_process(void)
{
     ed0:	0f 93       	push	r16
     ed2:	1f 93       	push	r17
     ed4:	cf 93       	push	r28
     ed6:	df 93       	push	r29
     ed8:	cd b7       	in	r28, 0x3d	; 61
     eda:	de b7       	in	r29, 0x3e	; 62
     edc:	62 97       	sbiw	r28, 0x12	; 18
     ede:	0f b6       	in	r0, 0x3f	; 63
     ee0:	f8 94       	cli
     ee2:	de bf       	out	0x3e, r29	; 62
     ee4:	0f be       	out	0x3f, r0	; 63
     ee6:	cd bf       	out	0x3d, r28	; 61
    measurement_result_t result;

    process_commands();
     ee8:	0e 94 fe 06 	call	0xdfc	; 0xdfc <process_commands>

    if (!measurement_service_acquire_average(&calibration,
     eec:	4e ef       	ldi	r20, 0xFE	; 254
     eee:	56 e0       	ldi	r21, 0x06	; 6
     ef0:	be 01       	movw	r22, r28
     ef2:	6f 5f       	subi	r22, 0xFF	; 255
     ef4:	7f 4f       	sbci	r23, 0xFF	; 255
     ef6:	86 eb       	ldi	r24, 0xB6	; 182
     ef8:	95 e0       	ldi	r25, 0x05	; 5
     efa:	0e 94 0d 06 	call	0xc1a	; 0xc1a <measurement_service_acquire_average>
     efe:	81 11       	cpse	r24, r1
     f00:	16 c0       	rjmp	.+44     	; 0xf2e <node_app_process+0x5e>
                                             &result,
                                             process_commands)) {
        uart0_print("ERROR,TMAG_NO_VALID_SAMPLES,SEQ=");
     f02:	8d e2       	ldi	r24, 0x2D	; 45
     f04:	93 e0       	ldi	r25, 0x03	; 3
     f06:	0e 94 0b 0d 	call	0x1a16	; 0x1a16 <uart0_print>
        uart0_print_uint32(sequence);
     f0a:	60 91 b1 05 	lds	r22, 0x05B1	; 0x8005b1 <sequence>
     f0e:	70 91 b2 05 	lds	r23, 0x05B2	; 0x8005b2 <sequence+0x1>
     f12:	80 91 b3 05 	lds	r24, 0x05B3	; 0x8005b3 <sequence+0x2>
     f16:	90 91 b4 05 	lds	r25, 0x05B4	; 0x8005b4 <sequence+0x3>
     f1a:	0e 94 84 0d 	call	0x1b08	; 0x1b08 <uart0_print_uint32>
        uart0_print("\r\n");
     f1e:	82 ee       	ldi	r24, 0xE2	; 226
     f20:	94 e0       	ldi	r25, 0x04	; 4
     f22:	0e 94 0b 0d 	call	0x1a16	; 0x1a16 <uart0_print>
        status_leds_set_sensor_state(STATUS_SENSOR_ERROR);
     f26:	82 e0       	ldi	r24, 0x02	; 2
     f28:	0e 94 00 09 	call	0x1200	; 0x1200 <status_leds_set_sensor_state>
     f2c:	2b c0       	rjmp	.+86     	; 0xf84 <node_app_process+0xb4>
        return;
    }

    status_leds_set_sensor_state(STATUS_SENSOR_OK);
     f2e:	81 e0       	ldi	r24, 0x01	; 1
     f30:	0e 94 00 09 	call	0x1200	; 0x1200 <status_leds_set_sensor_state>

    transport_service_publish_measurement(node_id,
     f34:	40 91 b1 05 	lds	r20, 0x05B1	; 0x8005b1 <sequence>
     f38:	50 91 b2 05 	lds	r21, 0x05B2	; 0x8005b2 <sequence+0x1>
     f3c:	60 91 b3 05 	lds	r22, 0x05B3	; 0x8005b3 <sequence+0x2>
     f40:	70 91 b4 05 	lds	r23, 0x05B4	; 0x8005b4 <sequence+0x3>
     f44:	8e 01       	movw	r16, r28
     f46:	0f 5f       	subi	r16, 0xFF	; 255
     f48:	1f 4f       	sbci	r17, 0xFF	; 255
     f4a:	20 91 b5 05 	lds	r18, 0x05B5	; 0x8005b5 <calibration_status>
     f4e:	80 91 b0 05 	lds	r24, 0x05B0	; 0x8005b0 <node_id>
     f52:	0e 94 40 0b 	call	0x1680	; 0x1680 <transport_service_publish_measurement>
                                          sequence,
                                          calibration_status,
                                          &result);
    sequence++;
     f56:	80 91 b1 05 	lds	r24, 0x05B1	; 0x8005b1 <sequence>
     f5a:	90 91 b2 05 	lds	r25, 0x05B2	; 0x8005b2 <sequence+0x1>
     f5e:	a0 91 b3 05 	lds	r26, 0x05B3	; 0x8005b3 <sequence+0x2>
     f62:	b0 91 b4 05 	lds	r27, 0x05B4	; 0x8005b4 <sequence+0x3>
     f66:	01 96       	adiw	r24, 0x01	; 1
     f68:	a1 1d       	adc	r26, r1
     f6a:	b1 1d       	adc	r27, r1
     f6c:	80 93 b1 05 	sts	0x05B1, r24	; 0x8005b1 <sequence>
     f70:	90 93 b2 05 	sts	0x05B2, r25	; 0x8005b2 <sequence+0x1>
     f74:	a0 93 b3 05 	sts	0x05B3, r26	; 0x8005b3 <sequence+0x2>
     f78:	b0 93 b4 05 	sts	0x05B4, r27	; 0x8005b4 <sequence+0x3>

    /* PD5 remains the established heartbeat: one toggle per published packet. */
    PORTD ^= (1 << PD5);
     f7c:	9b b1       	in	r25, 0x0b	; 11
     f7e:	80 e2       	ldi	r24, 0x20	; 32
     f80:	89 27       	eor	r24, r25
     f82:	8b b9       	out	0x0b, r24	; 11
}
     f84:	62 96       	adiw	r28, 0x12	; 18
     f86:	0f b6       	in	r0, 0x3f	; 63
     f88:	f8 94       	cli
     f8a:	de bf       	out	0x3e, r29	; 62
     f8c:	0f be       	out	0x3f, r0	; 63
     f8e:	cd bf       	out	0x3d, r28	; 61
     f90:	df 91       	pop	r29
     f92:	cf 91       	pop	r28
     f94:	1f 91       	pop	r17
     f96:	0f 91       	pop	r16
     f98:	08 95       	ret

00000f9a <calibration_status_text>:
#include "node_identity.h"
#include "uart0.h"

static const char *calibration_status_text(calibration_status_t status)
{
    if (status == CALIBRATION_STATUS_VALID) return "VALID";
     f9a:	81 30       	cpi	r24, 0x01	; 1
     f9c:	29 f0       	breq	.+10     	; 0xfa8 <calibration_status_text+0xe>
    if (status == CALIBRATION_STATUS_DIRTY) return "DIRTY";
     f9e:	82 30       	cpi	r24, 0x02	; 2
     fa0:	31 f4       	brne	.+12     	; 0xfae <calibration_status_text+0x14>
     fa2:	86 e0       	ldi	r24, 0x06	; 6
     fa4:	91 e0       	ldi	r25, 0x01	; 1
     fa6:	08 95       	ret
#include "node_identity.h"
#include "uart0.h"

static const char *calibration_status_text(calibration_status_t status)
{
    if (status == CALIBRATION_STATUS_VALID) return "VALID";
     fa8:	80 e0       	ldi	r24, 0x00	; 0
     faa:	91 e0       	ldi	r25, 0x01	; 1
     fac:	08 95       	ret
    if (status == CALIBRATION_STATUS_DIRTY) return "DIRTY";
    return "DEFAULT";
     fae:	8c e0       	ldi	r24, 0x0C	; 12
     fb0:	91 e0       	ldi	r25, 0x01	; 1
}
     fb2:	08 95       	ret

00000fb4 <node_identity_print_info>:

void node_identity_print_info(uint8_t node_id,
                              calibration_status_t calibration_status)
{
     fb4:	cf 93       	push	r28
     fb6:	df 93       	push	r29
     fb8:	d8 2f       	mov	r29, r24
     fba:	c6 2f       	mov	r28, r22
    uart0_print("$ND280INFO,ID=");
     fbc:	8e e4       	ldi	r24, 0x4E	; 78
     fbe:	93 e0       	ldi	r25, 0x03	; 3
     fc0:	0e 94 0b 0d 	call	0x1a16	; 0x1a16 <uart0_print>
    uart0_print_uint16(node_id);
     fc4:	8d 2f       	mov	r24, r29
     fc6:	90 e0       	ldi	r25, 0x00	; 0
     fc8:	0e 94 2d 0d 	call	0x1a5a	; 0x1a5a <uart0_print_uint16>
    uart0_print(",NODEOS=");
     fcc:	8d e5       	ldi	r24, 0x5D	; 93
     fce:	93 e0       	ldi	r25, 0x03	; 3
     fd0:	0e 94 0b 0d 	call	0x1a16	; 0x1a16 <uart0_print>
    uart0_print(NODEOS_VERSION);
     fd4:	86 e6       	ldi	r24, 0x66	; 102
     fd6:	93 e0       	ldi	r25, 0x03	; 3
     fd8:	0e 94 0b 0d 	call	0x1a16	; 0x1a16 <uart0_print>
    uart0_print(",PROTO=");
     fdc:	83 e7       	ldi	r24, 0x73	; 115
     fde:	93 e0       	ldi	r25, 0x03	; 3
     fe0:	0e 94 0b 0d 	call	0x1a16	; 0x1a16 <uart0_print>
    uart0_print_uint16(NODEOS_PROTOCOL_VERSION);
     fe4:	81 e0       	ldi	r24, 0x01	; 1
     fe6:	90 e0       	ldi	r25, 0x00	; 0
     fe8:	0e 94 2d 0d 	call	0x1a5a	; 0x1a5a <uart0_print_uint16>
    uart0_print(",BOARD_REV=");
     fec:	8b e7       	ldi	r24, 0x7B	; 123
     fee:	93 e0       	ldi	r25, 0x03	; 3
     ff0:	0e 94 0b 0d 	call	0x1a16	; 0x1a16 <uart0_print>
    uart0_print(NODE_BOARD_REVISION);
     ff4:	87 e8       	ldi	r24, 0x87	; 135
     ff6:	93 e0       	ldi	r25, 0x03	; 3
     ff8:	0e 94 0b 0d 	call	0x1a16	; 0x1a16 <uart0_print>
    uart0_print(",HW=");
     ffc:	89 e8       	ldi	r24, 0x89	; 137
     ffe:	93 e0       	ldi	r25, 0x03	; 3
    1000:	0e 94 0b 0d 	call	0x1a16	; 0x1a16 <uart0_print>
    uart0_print(NODE_HARDWARE_NAME);
    1004:	8e e8       	ldi	r24, 0x8E	; 142
    1006:	93 e0       	ldi	r25, 0x03	; 3
    1008:	0e 94 0b 0d 	call	0x1a16	; 0x1a16 <uart0_print>
    uart0_print(",MCU=");
    100c:	8f e9       	ldi	r24, 0x9F	; 159
    100e:	93 e0       	ldi	r25, 0x03	; 3
    1010:	0e 94 0b 0d 	call	0x1a16	; 0x1a16 <uart0_print>
    uart0_print(NODE_MCU_NAME);
    1014:	85 ea       	ldi	r24, 0xA5	; 165
    1016:	93 e0       	ldi	r25, 0x03	; 3
    1018:	0e 94 0b 0d 	call	0x1a16	; 0x1a16 <uart0_print>
    uart0_print(",SENSOR=");
    101c:	81 eb       	ldi	r24, 0xB1	; 177
    101e:	93 e0       	ldi	r25, 0x03	; 3
    1020:	0e 94 0b 0d 	call	0x1a16	; 0x1a16 <uart0_print>
    uart0_print(NODE_SENSOR_NAME);
    1024:	8a eb       	ldi	r24, 0xBA	; 186
    1026:	93 e0       	ldi	r25, 0x03	; 3
    1028:	0e 94 0b 0d 	call	0x1a16	; 0x1a16 <uart0_print>
    uart0_print(",RANGE=");
    102c:	85 ec       	ldi	r24, 0xC5	; 197
    102e:	93 e0       	ldi	r25, 0x03	; 3
    1030:	0e 94 0b 0d 	call	0x1a16	; 0x1a16 <uart0_print>
    uart0_print_uint16(TMAG_FULL_SCALE_MT);
    1034:	8a e0       	ldi	r24, 0x0A	; 10
    1036:	91 e0       	ldi	r25, 0x01	; 1
    1038:	0e 94 2d 0d 	call	0x1a5a	; 0x1a5a <uart0_print_uint16>
    uart0_print(",AVG=");
    103c:	8d ec       	ldi	r24, 0xCD	; 205
    103e:	93 e0       	ldi	r25, 0x03	; 3
    1040:	0e 94 0b 0d 	call	0x1a16	; 0x1a16 <uart0_print>
    uart0_print_uint16(AVERAGE_SAMPLES);
    1044:	8a e0       	ldi	r24, 0x0A	; 10
    1046:	90 e0       	ldi	r25, 0x00	; 0
    1048:	0e 94 2d 0d 	call	0x1a5a	; 0x1a5a <uart0_print_uint16>
    uart0_print(",EEPROM_VER=");
    104c:	83 ed       	ldi	r24, 0xD3	; 211
    104e:	93 e0       	ldi	r25, 0x03	; 3
    1050:	0e 94 0b 0d 	call	0x1a16	; 0x1a16 <uart0_print>
    uart0_print_uint16(CALIBRATION_VERSION);
    1054:	81 e0       	ldi	r24, 0x01	; 1
    1056:	90 e0       	ldi	r25, 0x00	; 0
    1058:	0e 94 2d 0d 	call	0x1a5a	; 0x1a5a <uart0_print_uint16>
    uart0_print(",CAL=");
    105c:	80 ee       	ldi	r24, 0xE0	; 224
    105e:	93 e0       	ldi	r25, 0x03	; 3
    1060:	0e 94 0b 0d 	call	0x1a16	; 0x1a16 <uart0_print>
    uart0_print(calibration_status_text(calibration_status));
    1064:	8c 2f       	mov	r24, r28
    1066:	0e 94 cd 07 	call	0xf9a	; 0xf9a <calibration_status_text>
    106a:	0e 94 0b 0d 	call	0x1a16	; 0x1a16 <uart0_print>
    uart0_print(",BUILD_DATE=");
    106e:	86 ee       	ldi	r24, 0xE6	; 230
    1070:	93 e0       	ldi	r25, 0x03	; 3
    1072:	0e 94 0b 0d 	call	0x1a16	; 0x1a16 <uart0_print>
    uart0_print(__DATE__);
    1076:	83 ef       	ldi	r24, 0xF3	; 243
    1078:	93 e0       	ldi	r25, 0x03	; 3
    107a:	0e 94 0b 0d 	call	0x1a16	; 0x1a16 <uart0_print>
    uart0_print(",BUILD_TIME=");
    107e:	8f ef       	ldi	r24, 0xFF	; 255
    1080:	93 e0       	ldi	r25, 0x03	; 3
    1082:	0e 94 0b 0d 	call	0x1a16	; 0x1a16 <uart0_print>
    uart0_print(__TIME__);
    1086:	8c e0       	ldi	r24, 0x0C	; 12
    1088:	94 e0       	ldi	r25, 0x04	; 4
    108a:	0e 94 0b 0d 	call	0x1a16	; 0x1a16 <uart0_print>
    uart0_print("\r\n");
    108e:	82 ee       	ldi	r24, 0xE2	; 226
    1090:	94 e0       	ldi	r25, 0x04	; 4
    1092:	0e 94 0b 0d 	call	0x1a16	; 0x1a16 <uart0_print>
}
    1096:	df 91       	pop	r29
    1098:	cf 91       	pop	r28
    109a:	08 95       	ret

0000109c <node_identity_print_boot_banner>:

void node_identity_print_boot_banner(uint8_t node_id,
                                     calibration_status_t calibration_status)
{
    109c:	cf 93       	push	r28
    109e:	df 93       	push	r29
    10a0:	d8 2f       	mov	r29, r24
    10a2:	c6 2f       	mov	r28, r22
    uart0_print("NODEOS_VERSION=");
    10a4:	85 e1       	ldi	r24, 0x15	; 21
    10a6:	94 e0       	ldi	r25, 0x04	; 4
    10a8:	0e 94 0b 0d 	call	0x1a16	; 0x1a16 <uart0_print>
    uart0_print(NODEOS_VERSION);
    10ac:	86 e6       	ldi	r24, 0x66	; 102
    10ae:	93 e0       	ldi	r25, 0x03	; 3
    10b0:	0e 94 0b 0d 	call	0x1a16	; 0x1a16 <uart0_print>
    uart0_print(",PROTOCOL=");
    10b4:	85 e2       	ldi	r24, 0x25	; 37
    10b6:	94 e0       	ldi	r25, 0x04	; 4
    10b8:	0e 94 0b 0d 	call	0x1a16	; 0x1a16 <uart0_print>
    uart0_print_uint16(NODEOS_PROTOCOL_VERSION);
    10bc:	81 e0       	ldi	r24, 0x01	; 1
    10be:	90 e0       	ldi	r25, 0x00	; 0
    10c0:	0e 94 2d 0d 	call	0x1a5a	; 0x1a5a <uart0_print_uint16>
    uart0_print(",BOARD_REV=");
    10c4:	8b e7       	ldi	r24, 0x7B	; 123
    10c6:	93 e0       	ldi	r25, 0x03	; 3
    10c8:	0e 94 0b 0d 	call	0x1a16	; 0x1a16 <uart0_print>
    uart0_print(NODE_BOARD_REVISION);
    10cc:	87 e8       	ldi	r24, 0x87	; 135
    10ce:	93 e0       	ldi	r25, 0x03	; 3
    10d0:	0e 94 0b 0d 	call	0x1a16	; 0x1a16 <uart0_print>
    uart0_print(",MCU=");
    10d4:	8f e9       	ldi	r24, 0x9F	; 159
    10d6:	93 e0       	ldi	r25, 0x03	; 3
    10d8:	0e 94 0b 0d 	call	0x1a16	; 0x1a16 <uart0_print>
    uart0_print(NODE_MCU_NAME);
    10dc:	85 ea       	ldi	r24, 0xA5	; 165
    10de:	93 e0       	ldi	r25, 0x03	; 3
    10e0:	0e 94 0b 0d 	call	0x1a16	; 0x1a16 <uart0_print>
    uart0_print(",SENSOR=");
    10e4:	81 eb       	ldi	r24, 0xB1	; 177
    10e6:	93 e0       	ldi	r25, 0x03	; 3
    10e8:	0e 94 0b 0d 	call	0x1a16	; 0x1a16 <uart0_print>
    uart0_print(NODE_SENSOR_NAME);
    10ec:	8a eb       	ldi	r24, 0xBA	; 186
    10ee:	93 e0       	ldi	r25, 0x03	; 3
    10f0:	0e 94 0b 0d 	call	0x1a16	; 0x1a16 <uart0_print>
    uart0_print(",NODE_ID=");
    10f4:	80 e3       	ldi	r24, 0x30	; 48
    10f6:	94 e0       	ldi	r25, 0x04	; 4
    10f8:	0e 94 0b 0d 	call	0x1a16	; 0x1a16 <uart0_print>
    uart0_print_uint16(node_id);
    10fc:	8d 2f       	mov	r24, r29
    10fe:	90 e0       	ldi	r25, 0x00	; 0
    1100:	0e 94 2d 0d 	call	0x1a5a	; 0x1a5a <uart0_print_uint16>
    uart0_print(",CAL=");
    1104:	80 ee       	ldi	r24, 0xE0	; 224
    1106:	93 e0       	ldi	r25, 0x03	; 3
    1108:	0e 94 0b 0d 	call	0x1a16	; 0x1a16 <uart0_print>
    uart0_print(calibration_status_text(calibration_status));
    110c:	8c 2f       	mov	r24, r28
    110e:	0e 94 cd 07 	call	0xf9a	; 0xf9a <calibration_status_text>
    1112:	0e 94 0b 0d 	call	0x1a16	; 0x1a16 <uart0_print>
    uart0_print("\r\nBUILD_DATE=");
    1116:	8a e3       	ldi	r24, 0x3A	; 58
    1118:	94 e0       	ldi	r25, 0x04	; 4
    111a:	0e 94 0b 0d 	call	0x1a16	; 0x1a16 <uart0_print>
    uart0_print(__DATE__);
    111e:	83 ef       	ldi	r24, 0xF3	; 243
    1120:	93 e0       	ldi	r25, 0x03	; 3
    1122:	0e 94 0b 0d 	call	0x1a16	; 0x1a16 <uart0_print>
    uart0_print(",BUILD_TIME=");
    1126:	8f ef       	ldi	r24, 0xFF	; 255
    1128:	93 e0       	ldi	r25, 0x03	; 3
    112a:	0e 94 0b 0d 	call	0x1a16	; 0x1a16 <uart0_print>
    uart0_print(__TIME__);
    112e:	8c e0       	ldi	r24, 0x0C	; 12
    1130:	94 e0       	ldi	r25, 0x04	; 4
    1132:	0e 94 0b 0d 	call	0x1a16	; 0x1a16 <uart0_print>
    uart0_print("\r\n");
    1136:	82 ee       	ldi	r24, 0xE2	; 226
    1138:	94 e0       	ldi	r25, 0x04	; 4
    113a:	0e 94 0b 0d 	call	0x1a16	; 0x1a16 <uart0_print>
}
    113e:	df 91       	pop	r29
    1140:	cf 91       	pop	r28
    1142:	08 95       	ret

00001144 <leds_all_off>:
static uint8_t sensor_ticks = 0U;
static uint8_t calibration_ticks = 0U;

static void leds_all_off(void)
{
    PORTD &= ~ALL_STATUS_LEDS;
    1144:	8b b1       	in	r24, 0x0b	; 11
    1146:	8f 71       	andi	r24, 0x1F	; 31
    1148:	8b b9       	out	0x0b, r24	; 11
    114a:	08 95       	ret

0000114c <status_leds_init>:
}

void status_leds_init(void)
{
    DDRD |= ALL_STATUS_LEDS;
    114c:	8a b1       	in	r24, 0x0a	; 10
    114e:	80 6e       	ori	r24, 0xE0	; 224
    1150:	8a b9       	out	0x0a, r24	; 10
    leds_all_off();
    1152:	0e 94 a2 08 	call	0x1144	; 0x1144 <leds_all_off>

    sensor_state = STATUS_SENSOR_STARTING;
    1156:	10 92 f1 05 	sts	0x05F1, r1	; 0x8005f1 <sensor_state>
    calibration_state = CALIBRATION_STATUS_DEFAULT;
    115a:	10 92 f0 05 	sts	0x05F0, r1	; 0x8005f0 <calibration_state>
    sensor_ticks = 0U;
    115e:	10 92 ef 05 	sts	0x05EF, r1	; 0x8005ef <sensor_ticks>
    calibration_ticks = 0U;
    1162:	10 92 ee 05 	sts	0x05EE, r1	; 0x8005ee <calibration_ticks>
    1166:	08 95       	ret

00001168 <status_leds_run_post>:
}

void status_leds_run_post(void)
{
    /* PD5 -> PD6 -> PD7 -> all LEDs. */
    leds_all_off();
    1168:	0e 94 a2 08 	call	0x1144	; 0x1144 <leds_all_off>

    PORTD |= (1 << HEARTBEAT_LED);
    116c:	8b b1       	in	r24, 0x0b	; 11
    116e:	80 62       	ori	r24, 0x20	; 32
    1170:	8b b9       	out	0x0b, r24	; 11
    1172:	8f e5       	ldi	r24, 0x5F	; 95
    1174:	9a ee       	ldi	r25, 0xEA	; 234
    1176:	01 97       	sbiw	r24, 0x01	; 1
    1178:	f1 f7       	brne	.-4      	; 0x1176 <status_leds_run_post+0xe>
    117a:	00 c0       	rjmp	.+0      	; 0x117c <status_leds_run_post+0x14>
    117c:	00 00       	nop
    _delay_ms(POST_SINGLE_LED_MS);
    leds_all_off();
    117e:	0e 94 a2 08 	call	0x1144	; 0x1144 <leds_all_off>
    1182:	8f e2       	ldi	r24, 0x2F	; 47
    1184:	95 e7       	ldi	r25, 0x75	; 117
    1186:	01 97       	sbiw	r24, 0x01	; 1
    1188:	f1 f7       	brne	.-4      	; 0x1186 <status_leds_run_post+0x1e>
    118a:	00 c0       	rjmp	.+0      	; 0x118c <status_leds_run_post+0x24>
    118c:	00 00       	nop
    _delay_ms(POST_GAP_MS);

    PORTD |= (1 << SENSOR_LED);
    118e:	8b b1       	in	r24, 0x0b	; 11
    1190:	80 64       	ori	r24, 0x40	; 64
    1192:	8b b9       	out	0x0b, r24	; 11
    1194:	8f e5       	ldi	r24, 0x5F	; 95
    1196:	9a ee       	ldi	r25, 0xEA	; 234
    1198:	01 97       	sbiw	r24, 0x01	; 1
    119a:	f1 f7       	brne	.-4      	; 0x1198 <status_leds_run_post+0x30>
    119c:	00 c0       	rjmp	.+0      	; 0x119e <status_leds_run_post+0x36>
    119e:	00 00       	nop
    _delay_ms(POST_SINGLE_LED_MS);
    leds_all_off();
    11a0:	0e 94 a2 08 	call	0x1144	; 0x1144 <leds_all_off>
    11a4:	8f e2       	ldi	r24, 0x2F	; 47
    11a6:	95 e7       	ldi	r25, 0x75	; 117
    11a8:	01 97       	sbiw	r24, 0x01	; 1
    11aa:	f1 f7       	brne	.-4      	; 0x11a8 <status_leds_run_post+0x40>
    11ac:	00 c0       	rjmp	.+0      	; 0x11ae <status_leds_run_post+0x46>
    11ae:	00 00       	nop
    _delay_ms(POST_GAP_MS);

    PORTD |= (1 << SYSTEM_LED);
    11b0:	8b b1       	in	r24, 0x0b	; 11
    11b2:	80 68       	ori	r24, 0x80	; 128
    11b4:	8b b9       	out	0x0b, r24	; 11
    11b6:	8f e5       	ldi	r24, 0x5F	; 95
    11b8:	9a ee       	ldi	r25, 0xEA	; 234
    11ba:	01 97       	sbiw	r24, 0x01	; 1
    11bc:	f1 f7       	brne	.-4      	; 0x11ba <status_leds_run_post+0x52>
    11be:	00 c0       	rjmp	.+0      	; 0x11c0 <status_leds_run_post+0x58>
    11c0:	00 00       	nop
    _delay_ms(POST_SINGLE_LED_MS);
    leds_all_off();
    11c2:	0e 94 a2 08 	call	0x1144	; 0x1144 <leds_all_off>
    11c6:	8f e2       	ldi	r24, 0x2F	; 47
    11c8:	95 e7       	ldi	r25, 0x75	; 117
    11ca:	01 97       	sbiw	r24, 0x01	; 1
    11cc:	f1 f7       	brne	.-4      	; 0x11ca <status_leds_run_post+0x62>
    11ce:	00 c0       	rjmp	.+0      	; 0x11d0 <status_leds_run_post+0x68>
    11d0:	00 00       	nop
    _delay_ms(POST_GAP_MS);

    PORTD |= ALL_STATUS_LEDS;
    11d2:	8b b1       	in	r24, 0x0b	; 11
    11d4:	80 6e       	ori	r24, 0xE0	; 224
    11d6:	8b b9       	out	0x0b, r24	; 11
    11d8:	9f e9       	ldi	r25, 0x9F	; 159
    11da:	26 e8       	ldi	r18, 0x86	; 134
    11dc:	81 e0       	ldi	r24, 0x01	; 1
    11de:	91 50       	subi	r25, 0x01	; 1
    11e0:	20 40       	sbci	r18, 0x00	; 0
    11e2:	80 40       	sbci	r24, 0x00	; 0
    11e4:	e1 f7       	brne	.-8      	; 0x11de <status_leds_run_post+0x76>
    11e6:	00 c0       	rjmp	.+0      	; 0x11e8 <status_leds_run_post+0x80>
    11e8:	00 00       	nop
    _delay_ms(POST_ALL_LEDS_MS);
    leds_all_off();
    11ea:	0e 94 a2 08 	call	0x1144	; 0x1144 <leds_all_off>

    /* Restore the startup state used by the runtime state machine. */
    sensor_state = STATUS_SENSOR_STARTING;
    11ee:	10 92 f1 05 	sts	0x05F1, r1	; 0x8005f1 <sensor_state>
    calibration_state = CALIBRATION_STATUS_DEFAULT;
    11f2:	10 92 f0 05 	sts	0x05F0, r1	; 0x8005f0 <calibration_state>
    sensor_ticks = 0U;
    11f6:	10 92 ef 05 	sts	0x05EF, r1	; 0x8005ef <sensor_ticks>
    calibration_ticks = 0U;
    11fa:	10 92 ee 05 	sts	0x05EE, r1	; 0x8005ee <calibration_ticks>
    11fe:	08 95       	ret

00001200 <status_leds_set_sensor_state>:
}

void status_leds_set_sensor_state(status_sensor_state_t state)
{
    if (sensor_state != state) {
    1200:	90 91 f1 05 	lds	r25, 0x05F1	; 0x8005f1 <sensor_state>
    1204:	98 17       	cp	r25, r24
    1206:	99 f0       	breq	.+38     	; 0x122e <status_leds_set_sensor_state+0x2e>
        sensor_state = state;
    1208:	80 93 f1 05 	sts	0x05F1, r24	; 0x8005f1 <sensor_state>
        sensor_ticks = 0U;
    120c:	10 92 ef 05 	sts	0x05EF, r1	; 0x8005ef <sensor_ticks>

        if (state == STATUS_SENSOR_STARTING) {
    1210:	81 11       	cpse	r24, r1
    1212:	04 c0       	rjmp	.+8      	; 0x121c <status_leds_set_sensor_state+0x1c>
            PORTD &= ~(1 << SENSOR_LED);
    1214:	8b b1       	in	r24, 0x0b	; 11
    1216:	8f 7b       	andi	r24, 0xBF	; 191
    1218:	8b b9       	out	0x0b, r24	; 11
    121a:	08 95       	ret
        } else if (state == STATUS_SENSOR_OK) {
    121c:	81 30       	cpi	r24, 0x01	; 1
    121e:	21 f4       	brne	.+8      	; 0x1228 <status_leds_set_sensor_state+0x28>
            PORTD |= (1 << SENSOR_LED);
    1220:	8b b1       	in	r24, 0x0b	; 11
    1222:	80 64       	ori	r24, 0x40	; 64
    1224:	8b b9       	out	0x0b, r24	; 11
    1226:	08 95       	ret
        } else {
            PORTD &= ~(1 << SENSOR_LED);
    1228:	8b b1       	in	r24, 0x0b	; 11
    122a:	8f 7b       	andi	r24, 0xBF	; 191
    122c:	8b b9       	out	0x0b, r24	; 11
    122e:	08 95       	ret

00001230 <status_leds_set_calibration_state>:
    }
}

void status_leds_set_calibration_state(calibration_status_t state)
{
    if (calibration_state != state) {
    1230:	90 91 f0 05 	lds	r25, 0x05F0	; 0x8005f0 <calibration_state>
    1234:	98 17       	cp	r25, r24
    1236:	69 f0       	breq	.+26     	; 0x1252 <status_leds_set_calibration_state+0x22>
        calibration_state = state;
    1238:	80 93 f0 05 	sts	0x05F0, r24	; 0x8005f0 <calibration_state>
        calibration_ticks = 0U;
    123c:	10 92 ee 05 	sts	0x05EE, r1	; 0x8005ee <calibration_ticks>

        if (state == CALIBRATION_STATUS_VALID) {
    1240:	81 30       	cpi	r24, 0x01	; 1
    1242:	21 f4       	brne	.+8      	; 0x124c <status_leds_set_calibration_state+0x1c>
            PORTD |= (1 << SYSTEM_LED);
    1244:	8b b1       	in	r24, 0x0b	; 11
    1246:	80 68       	ori	r24, 0x80	; 128
    1248:	8b b9       	out	0x0b, r24	; 11
    124a:	08 95       	ret
        } else {
            PORTD &= ~(1 << SYSTEM_LED);
    124c:	8b b1       	in	r24, 0x0b	; 11
    124e:	8f 77       	andi	r24, 0x7F	; 127
    1250:	8b b9       	out	0x0b, r24	; 11
    1252:	08 95       	ret

00001254 <status_leds_process>:
    }
}

void status_leds_process(void)
{
    if (sensor_state == STATUS_SENSOR_OK) {
    1254:	80 91 f1 05 	lds	r24, 0x05F1	; 0x8005f1 <sensor_state>
    1258:	81 30       	cpi	r24, 0x01	; 1
    125a:	21 f4       	brne	.+8      	; 0x1264 <status_leds_process+0x10>
        PORTD |= (1 << SENSOR_LED);
    125c:	8b b1       	in	r24, 0x0b	; 11
    125e:	80 64       	ori	r24, 0x40	; 64
    1260:	8b b9       	out	0x0b, r24	; 11
    1262:	13 c0       	rjmp	.+38     	; 0x128a <status_leds_process+0x36>
    } else if (sensor_state == STATUS_SENSOR_STARTING) {
    1264:	81 11       	cpse	r24, r1
    1266:	04 c0       	rjmp	.+8      	; 0x1270 <status_leds_process+0x1c>
        PORTD &= ~(1 << SENSOR_LED);
    1268:	8b b1       	in	r24, 0x0b	; 11
    126a:	8f 7b       	andi	r24, 0xBF	; 191
    126c:	8b b9       	out	0x0b, r24	; 11
    126e:	0d c0       	rjmp	.+26     	; 0x128a <status_leds_process+0x36>
    } else {
        sensor_ticks++;
    1270:	80 91 ef 05 	lds	r24, 0x05EF	; 0x8005ef <sensor_ticks>
    1274:	8f 5f       	subi	r24, 0xFF	; 255
    1276:	80 93 ef 05 	sts	0x05EF, r24	; 0x8005ef <sensor_ticks>
        if (sensor_ticks >= SENSOR_ERROR_TOGGLE_TICKS) {
    127a:	82 30       	cpi	r24, 0x02	; 2
    127c:	30 f0       	brcs	.+12     	; 0x128a <status_leds_process+0x36>
            sensor_ticks = 0U;
    127e:	10 92 ef 05 	sts	0x05EF, r1	; 0x8005ef <sensor_ticks>
            PORTD ^= (1 << SENSOR_LED);
    1282:	9b b1       	in	r25, 0x0b	; 11
    1284:	80 e4       	ldi	r24, 0x40	; 64
    1286:	89 27       	eor	r24, r25
    1288:	8b b9       	out	0x0b, r24	; 11
        }
    }

    if (calibration_state == CALIBRATION_STATUS_DEFAULT) {
    128a:	80 91 f0 05 	lds	r24, 0x05F0	; 0x8005f0 <calibration_state>
    128e:	81 11       	cpse	r24, r1
    1290:	04 c0       	rjmp	.+8      	; 0x129a <status_leds_process+0x46>
        PORTD &= ~(1 << SYSTEM_LED);
    1292:	8b b1       	in	r24, 0x0b	; 11
    1294:	8f 77       	andi	r24, 0x7F	; 127
    1296:	8b b9       	out	0x0b, r24	; 11
    1298:	08 95       	ret
    } else if (calibration_state == CALIBRATION_STATUS_VALID) {
    129a:	81 30       	cpi	r24, 0x01	; 1
    129c:	21 f4       	brne	.+8      	; 0x12a6 <status_leds_process+0x52>
        PORTD |= (1 << SYSTEM_LED);
    129e:	8b b1       	in	r24, 0x0b	; 11
    12a0:	80 68       	ori	r24, 0x80	; 128
    12a2:	8b b9       	out	0x0b, r24	; 11
    12a4:	08 95       	ret
    } else {
        calibration_ticks++;
    12a6:	80 91 ee 05 	lds	r24, 0x05EE	; 0x8005ee <calibration_ticks>
    12aa:	8f 5f       	subi	r24, 0xFF	; 255
    12ac:	80 93 ee 05 	sts	0x05EE, r24	; 0x8005ee <calibration_ticks>
        if (calibration_ticks >= CAL_DIRTY_TOGGLE_TICKS) {
    12b0:	85 30       	cpi	r24, 0x05	; 5
    12b2:	28 f0       	brcs	.+10     	; 0x12be <status_leds_process+0x6a>
            calibration_ticks = 0U;
    12b4:	10 92 ee 05 	sts	0x05EE, r1	; 0x8005ee <calibration_ticks>
            PORTD ^= (1 << SYSTEM_LED);
    12b8:	8b b1       	in	r24, 0x0b	; 11
    12ba:	80 58       	subi	r24, 0x80	; 128
    12bc:	8b b9       	out	0x0b, r24	; 11
    12be:	08 95       	ret

000012c0 <make_i16>:
#define TADCT0        17508L
#define TADCRES_X10   601L

static int16_t make_i16(uint8_t msb, uint8_t lsb)
{
    return (int16_t)(((uint16_t)msb << 8) | (uint16_t)lsb);
    12c0:	90 e0       	ldi	r25, 0x00	; 0
    12c2:	98 2f       	mov	r25, r24
    12c4:	88 27       	eor	r24, r24
}
    12c6:	86 2b       	or	r24, r22
    12c8:	08 95       	ret

000012ca <tmag5273_read_device_id>:

uint8_t tmag5273_read_device_id(uint8_t *device_id)
{
    return twi1_read_register(TMAG_I2C_ADDRESS, DEVICE_ID, device_id);
    12ca:	ac 01       	movw	r20, r24
    12cc:	6d e0       	ldi	r22, 0x0D	; 13
    12ce:	85 e3       	ldi	r24, 0x35	; 53
    12d0:	0e 94 2f 0c 	call	0x185e	; 0x185e <twi1_read_register>
}
    12d4:	08 95       	ret

000012d6 <tmag5273_init>:

uint8_t tmag5273_init(void)
{
    /* Preserve the exact known-good configuration from firmware v0.1.0. */
    if (!twi1_write_register(TMAG_I2C_ADDRESS, DEVICE_CONFIG_1, 0x00U)) return 0;
    12d6:	40 e0       	ldi	r20, 0x00	; 0
    12d8:	60 e0       	ldi	r22, 0x00	; 0
    12da:	85 e3       	ldi	r24, 0x35	; 53
    12dc:	0e 94 fb 0b 	call	0x17f6	; 0x17f6 <twi1_write_register>
    12e0:	88 23       	and	r24, r24
    12e2:	e1 f0       	breq	.+56     	; 0x131c <tmag5273_init+0x46>
    if (!twi1_write_register(TMAG_I2C_ADDRESS, DEVICE_CONFIG_2, 0x00U)) return 0;
    12e4:	40 e0       	ldi	r20, 0x00	; 0
    12e6:	61 e0       	ldi	r22, 0x01	; 1
    12e8:	85 e3       	ldi	r24, 0x35	; 53
    12ea:	0e 94 fb 0b 	call	0x17f6	; 0x17f6 <twi1_write_register>
    12ee:	88 23       	and	r24, r24
    12f0:	a9 f0       	breq	.+42     	; 0x131c <tmag5273_init+0x46>
    if (!twi1_write_register(TMAG_I2C_ADDRESS, SENSOR_CONFIG_1, 0x74U)) return 0;
    12f2:	44 e7       	ldi	r20, 0x74	; 116
    12f4:	62 e0       	ldi	r22, 0x02	; 2
    12f6:	85 e3       	ldi	r24, 0x35	; 53
    12f8:	0e 94 fb 0b 	call	0x17f6	; 0x17f6 <twi1_write_register>
    12fc:	88 23       	and	r24, r24
    12fe:	71 f0       	breq	.+28     	; 0x131c <tmag5273_init+0x46>
    if (!twi1_write_register(TMAG_I2C_ADDRESS, SENSOR_CONFIG_2, 0x03U)) return 0;
    1300:	43 e0       	ldi	r20, 0x03	; 3
    1302:	63 e0       	ldi	r22, 0x03	; 3
    1304:	85 e3       	ldi	r24, 0x35	; 53
    1306:	0e 94 fb 0b 	call	0x17f6	; 0x17f6 <twi1_write_register>
    130a:	88 23       	and	r24, r24
    130c:	39 f0       	breq	.+14     	; 0x131c <tmag5273_init+0x46>
    if (!twi1_write_register(TMAG_I2C_ADDRESS, T_CONFIG, 0x01U)) return 0;
    130e:	41 e0       	ldi	r20, 0x01	; 1
    1310:	67 e0       	ldi	r22, 0x07	; 7
    1312:	85 e3       	ldi	r24, 0x35	; 53
    1314:	0e 94 fb 0b 	call	0x17f6	; 0x17f6 <twi1_write_register>
    1318:	81 11       	cpse	r24, r1
    return 1;
    131a:	81 e0       	ldi	r24, 0x01	; 1
}
    131c:	08 95       	ret

0000131e <tmag5273_read_raw>:

uint8_t tmag5273_read_raw(tmag5273_raw_sample_t *sample)
{
    131e:	0f 93       	push	r16
    1320:	1f 93       	push	r17
    1322:	cf 93       	push	r28
    1324:	df 93       	push	r29
    1326:	cd b7       	in	r28, 0x3d	; 61
    1328:	de b7       	in	r29, 0x3e	; 62
    132a:	29 97       	sbiw	r28, 0x09	; 9
    132c:	0f b6       	in	r0, 0x3f	; 63
    132e:	f8 94       	cli
    1330:	de bf       	out	0x3e, r29	; 62
    1332:	0f be       	out	0x3f, r0	; 63
    1334:	cd bf       	out	0x3d, r28	; 61
    1336:	8c 01       	movw	r16, r24
    uint8_t buffer[9];

    /* Trigger a conversion while the device is in standby mode. */
    if (!twi1_write_register(TMAG_I2C_ADDRESS, (uint8_t)(DEVICE_ID | 0x80U), 0x00U)) return 0;
    1338:	40 e0       	ldi	r20, 0x00	; 0
    133a:	6d e8       	ldi	r22, 0x8D	; 141
    133c:	85 e3       	ldi	r24, 0x35	; 53
    133e:	0e 94 fb 0b 	call	0x17f6	; 0x17f6 <twi1_write_register>
    1342:	88 23       	and	r24, r24
    1344:	79 f1       	breq	.+94     	; 0x13a4 <tmag5273_read_raw+0x86>
    1346:	81 ee       	ldi	r24, 0xE1	; 225
    1348:	94 e0       	ldi	r25, 0x04	; 4
    134a:	01 97       	sbiw	r24, 0x01	; 1
    134c:	f1 f7       	brne	.-4      	; 0x134a <tmag5273_read_raw+0x2c>
    134e:	00 c0       	rjmp	.+0      	; 0x1350 <tmag5273_read_raw+0x32>
    1350:	00 00       	nop
    _delay_ms(5);

    if (!twi1_read_block(TMAG_I2C_ADDRESS, T_MSB_RESULT, buffer, 9U)) return 0;
    1352:	29 e0       	ldi	r18, 0x09	; 9
    1354:	ae 01       	movw	r20, r28
    1356:	4f 5f       	subi	r20, 0xFF	; 255
    1358:	5f 4f       	sbci	r21, 0xFF	; 255
    135a:	60 e1       	ldi	r22, 0x10	; 16
    135c:	85 e3       	ldi	r24, 0x35	; 53
    135e:	0e 94 72 0c 	call	0x18e4	; 0x18e4 <twi1_read_block>
    1362:	88 23       	and	r24, r24
    1364:	f9 f0       	breq	.+62     	; 0x13a4 <tmag5273_read_raw+0x86>

    sample->temperature_raw = make_i16(buffer[0], buffer[1]);
    1366:	6a 81       	ldd	r22, Y+2	; 0x02
    1368:	89 81       	ldd	r24, Y+1	; 0x01
    136a:	0e 94 60 09 	call	0x12c0	; 0x12c0 <make_i16>
    136e:	f8 01       	movw	r30, r16
    1370:	91 83       	std	Z+1, r25	; 0x01
    1372:	80 83       	st	Z, r24
    sample->bx_raw = make_i16(buffer[2], buffer[3]);
    1374:	6c 81       	ldd	r22, Y+4	; 0x04
    1376:	8b 81       	ldd	r24, Y+3	; 0x03
    1378:	0e 94 60 09 	call	0x12c0	; 0x12c0 <make_i16>
    137c:	f8 01       	movw	r30, r16
    137e:	93 83       	std	Z+3, r25	; 0x03
    1380:	82 83       	std	Z+2, r24	; 0x02
    sample->by_raw = make_i16(buffer[4], buffer[5]);
    1382:	6e 81       	ldd	r22, Y+6	; 0x06
    1384:	8d 81       	ldd	r24, Y+5	; 0x05
    1386:	0e 94 60 09 	call	0x12c0	; 0x12c0 <make_i16>
    138a:	f8 01       	movw	r30, r16
    138c:	95 83       	std	Z+5, r25	; 0x05
    138e:	84 83       	std	Z+4, r24	; 0x04
    sample->bz_raw = make_i16(buffer[6], buffer[7]);
    1390:	68 85       	ldd	r22, Y+8	; 0x08
    1392:	8f 81       	ldd	r24, Y+7	; 0x07
    1394:	0e 94 60 09 	call	0x12c0	; 0x12c0 <make_i16>
    1398:	f8 01       	movw	r30, r16
    139a:	97 83       	std	Z+7, r25	; 0x07
    139c:	86 83       	std	Z+6, r24	; 0x06
    sample->status = buffer[8];
    139e:	89 85       	ldd	r24, Y+9	; 0x09
    13a0:	80 87       	std	Z+8, r24	; 0x08

    return 1;
    13a2:	81 e0       	ldi	r24, 0x01	; 1
}
    13a4:	29 96       	adiw	r28, 0x09	; 9
    13a6:	0f b6       	in	r0, 0x3f	; 63
    13a8:	f8 94       	cli
    13aa:	de bf       	out	0x3e, r29	; 62
    13ac:	0f be       	out	0x3f, r0	; 63
    13ae:	cd bf       	out	0x3d, r28	; 61
    13b0:	df 91       	pop	r29
    13b2:	cf 91       	pop	r28
    13b4:	1f 91       	pop	r17
    13b6:	0f 91       	pop	r16
    13b8:	08 95       	ret

000013ba <tmag5273_convert_averaged_raw>:
                                  int32_t bx_raw,
                                  int32_t by_raw,
                                  int32_t bz_raw,
                                  uint8_t status,
                                  tmag5273_measurement_t *measurement)
{
    13ba:	3f 92       	push	r3
    13bc:	4f 92       	push	r4
    13be:	5f 92       	push	r5
    13c0:	6f 92       	push	r6
    13c2:	7f 92       	push	r7
    13c4:	8f 92       	push	r8
    13c6:	9f 92       	push	r9
    13c8:	af 92       	push	r10
    13ca:	bf 92       	push	r11
    13cc:	cf 92       	push	r12
    13ce:	df 92       	push	r13
    13d0:	ef 92       	push	r14
    13d2:	ff 92       	push	r15
    13d4:	0f 93       	push	r16
    13d6:	1f 93       	push	r17
    13d8:	cf 93       	push	r28
    13da:	df 93       	push	r29
    13dc:	cd b7       	in	r28, 0x3d	; 61
    13de:	de b7       	in	r29, 0x3e	; 62
    13e0:	29 01       	movw	r4, r18
    13e2:	3a 01       	movw	r6, r20
    13e4:	38 2c       	mov	r3, r8
    13e6:	8c 88       	ldd	r8, Y+20	; 0x14
    13e8:	9d 88       	ldd	r9, Y+21	; 0x15
    measurement->temperature_x100 = TSENSET0_X100
                                  + ((temperature_raw - TADCT0) * 1000L) / TADCRES_X10;
    13ea:	9b 01       	movw	r18, r22
    13ec:	ac 01       	movw	r20, r24
    13ee:	24 56       	subi	r18, 0x64	; 100
    13f0:	34 44       	sbci	r19, 0x44	; 68
    13f2:	41 09       	sbc	r20, r1
    13f4:	51 09       	sbc	r21, r1
    13f6:	a8 ee       	ldi	r26, 0xE8	; 232
    13f8:	b3 e0       	ldi	r27, 0x03	; 3
    13fa:	0e 94 e0 0e 	call	0x1dc0	; 0x1dc0 <__muluhisi3>
    13fe:	29 e5       	ldi	r18, 0x59	; 89
    1400:	32 e0       	ldi	r19, 0x02	; 2
    1402:	40 e0       	ldi	r20, 0x00	; 0
    1404:	50 e0       	ldi	r21, 0x00	; 0
    1406:	0e 94 b2 0e 	call	0x1d64	; 0x1d64 <__divmodsi4>
    140a:	da 01       	movw	r26, r20
    140c:	c9 01       	movw	r24, r18
    140e:	8c 53       	subi	r24, 0x3C	; 60
    1410:	96 4f       	sbci	r25, 0xF6	; 246
    1412:	af 4f       	sbci	r26, 0xFF	; 255
    1414:	bf 4f       	sbci	r27, 0xFF	; 255
                                  int32_t by_raw,
                                  int32_t bz_raw,
                                  uint8_t status,
                                  tmag5273_measurement_t *measurement)
{
    measurement->temperature_x100 = TSENSET0_X100
    1416:	f4 01       	movw	r30, r8
    1418:	80 83       	st	Z, r24
    141a:	91 83       	std	Z+1, r25	; 0x01
    141c:	a2 83       	std	Z+2, r26	; 0x02
    141e:	b3 83       	std	Z+3, r27	; 0x03
                                  + ((temperature_raw - TADCT0) * 1000L) / TADCRES_X10;

    /* TMAG5273A2 in 2x range: +/-266 mT full scale.
       Outputs are expressed in hundredths of mT. */
    measurement->bx_x100 = (bx_raw * TMAG_FULL_SCALE_X100) / 32768L;
    1420:	a8 ee       	ldi	r26, 0xE8	; 232
    1422:	b7 e6       	ldi	r27, 0x67	; 103
    1424:	a3 01       	movw	r20, r6
    1426:	92 01       	movw	r18, r4
    1428:	0e 94 e0 0e 	call	0x1dc0	; 0x1dc0 <__muluhisi3>
    142c:	2b 01       	movw	r4, r22
    142e:	3c 01       	movw	r6, r24
    1430:	99 23       	and	r25, r25
    1432:	34 f4       	brge	.+12     	; 0x1440 <tmag5273_convert_averaged_raw+0x86>
    1434:	ff ef       	ldi	r31, 0xFF	; 255
    1436:	4f 0e       	add	r4, r31
    1438:	ff e7       	ldi	r31, 0x7F	; 127
    143a:	5f 1e       	adc	r5, r31
    143c:	61 1c       	adc	r6, r1
    143e:	71 1c       	adc	r7, r1
    1440:	d3 01       	movw	r26, r6
    1442:	c2 01       	movw	r24, r4
    1444:	07 2e       	mov	r0, r23
    1446:	7f e0       	ldi	r23, 0x0F	; 15
    1448:	b5 95       	asr	r27
    144a:	a7 95       	ror	r26
    144c:	97 95       	ror	r25
    144e:	87 95       	ror	r24
    1450:	7a 95       	dec	r23
    1452:	d1 f7       	brne	.-12     	; 0x1448 <tmag5273_convert_averaged_raw+0x8e>
    1454:	70 2d       	mov	r23, r0
    1456:	f4 01       	movw	r30, r8
    1458:	84 83       	std	Z+4, r24	; 0x04
    145a:	95 83       	std	Z+5, r25	; 0x05
    145c:	a6 83       	std	Z+6, r26	; 0x06
    145e:	b7 83       	std	Z+7, r27	; 0x07
    measurement->by_x100 = (by_raw * TMAG_FULL_SCALE_X100) / 32768L;
    1460:	a8 ee       	ldi	r26, 0xE8	; 232
    1462:	b7 e6       	ldi	r27, 0x67	; 103
    1464:	a8 01       	movw	r20, r16
    1466:	97 01       	movw	r18, r14
    1468:	0e 94 e0 0e 	call	0x1dc0	; 0x1dc0 <__muluhisi3>
    146c:	8b 01       	movw	r16, r22
    146e:	9c 01       	movw	r18, r24
    1470:	99 23       	and	r25, r25
    1472:	24 f4       	brge	.+8      	; 0x147c <tmag5273_convert_averaged_raw+0xc2>
    1474:	01 50       	subi	r16, 0x01	; 1
    1476:	10 48       	sbci	r17, 0x80	; 128
    1478:	2f 4f       	sbci	r18, 0xFF	; 255
    147a:	3f 4f       	sbci	r19, 0xFF	; 255
    147c:	d9 01       	movw	r26, r18
    147e:	c8 01       	movw	r24, r16
    1480:	07 2e       	mov	r0, r23
    1482:	7f e0       	ldi	r23, 0x0F	; 15
    1484:	b5 95       	asr	r27
    1486:	a7 95       	ror	r26
    1488:	97 95       	ror	r25
    148a:	87 95       	ror	r24
    148c:	7a 95       	dec	r23
    148e:	d1 f7       	brne	.-12     	; 0x1484 <tmag5273_convert_averaged_raw+0xca>
    1490:	70 2d       	mov	r23, r0
    1492:	f4 01       	movw	r30, r8
    1494:	80 87       	std	Z+8, r24	; 0x08
    1496:	91 87       	std	Z+9, r25	; 0x09
    1498:	a2 87       	std	Z+10, r26	; 0x0a
    149a:	b3 87       	std	Z+11, r27	; 0x0b
    measurement->bz_x100 = (bz_raw * TMAG_FULL_SCALE_X100) / 32768L;
    149c:	a8 ee       	ldi	r26, 0xE8	; 232
    149e:	b7 e6       	ldi	r27, 0x67	; 103
    14a0:	a6 01       	movw	r20, r12
    14a2:	95 01       	movw	r18, r10
    14a4:	0e 94 e0 0e 	call	0x1dc0	; 0x1dc0 <__muluhisi3>
    14a8:	8b 01       	movw	r16, r22
    14aa:	9c 01       	movw	r18, r24
    14ac:	99 23       	and	r25, r25
    14ae:	24 f4       	brge	.+8      	; 0x14b8 <tmag5273_convert_averaged_raw+0xfe>
    14b0:	01 50       	subi	r16, 0x01	; 1
    14b2:	10 48       	sbci	r17, 0x80	; 128
    14b4:	2f 4f       	sbci	r18, 0xFF	; 255
    14b6:	3f 4f       	sbci	r19, 0xFF	; 255
    14b8:	d9 01       	movw	r26, r18
    14ba:	c8 01       	movw	r24, r16
    14bc:	07 2e       	mov	r0, r23
    14be:	7f e0       	ldi	r23, 0x0F	; 15
    14c0:	b5 95       	asr	r27
    14c2:	a7 95       	ror	r26
    14c4:	97 95       	ror	r25
    14c6:	87 95       	ror	r24
    14c8:	7a 95       	dec	r23
    14ca:	d1 f7       	brne	.-12     	; 0x14c0 <tmag5273_convert_averaged_raw+0x106>
    14cc:	70 2d       	mov	r23, r0
    14ce:	f4 01       	movw	r30, r8
    14d0:	84 87       	std	Z+12, r24	; 0x0c
    14d2:	95 87       	std	Z+13, r25	; 0x0d
    14d4:	a6 87       	std	Z+14, r26	; 0x0e
    14d6:	b7 87       	std	Z+15, r27	; 0x0f
    measurement->status = status;
    14d8:	30 8a       	std	Z+16, r3	; 0x10
}
    14da:	df 91       	pop	r29
    14dc:	cf 91       	pop	r28
    14de:	1f 91       	pop	r17
    14e0:	0f 91       	pop	r16
    14e2:	ff 90       	pop	r15
    14e4:	ef 90       	pop	r14
    14e6:	df 90       	pop	r13
    14e8:	cf 90       	pop	r12
    14ea:	bf 90       	pop	r11
    14ec:	af 90       	pop	r10
    14ee:	9f 90       	pop	r9
    14f0:	8f 90       	pop	r8
    14f2:	7f 90       	pop	r7
    14f4:	6f 90       	pop	r6
    14f6:	5f 90       	pop	r5
    14f8:	4f 90       	pop	r4
    14fa:	3f 90       	pop	r3
    14fc:	08 95       	ret

000014fe <transport_service_calibration_status_text>:
#include "transport_service.h"
#include "uart0.h"

const char *transport_service_calibration_status_text(calibration_status_t status)
{
    if (status == CALIBRATION_STATUS_VALID) return "VALID";
    14fe:	81 30       	cpi	r24, 0x01	; 1
    1500:	29 f0       	breq	.+10     	; 0x150c <transport_service_calibration_status_text+0xe>
    if (status == CALIBRATION_STATUS_DIRTY) return "DIRTY";
    1502:	82 30       	cpi	r24, 0x02	; 2
    1504:	31 f4       	brne	.+12     	; 0x1512 <transport_service_calibration_status_text+0x14>
    1506:	86 e0       	ldi	r24, 0x06	; 6
    1508:	91 e0       	ldi	r25, 0x01	; 1
    150a:	08 95       	ret
#include "transport_service.h"
#include "uart0.h"

const char *transport_service_calibration_status_text(calibration_status_t status)
{
    if (status == CALIBRATION_STATUS_VALID) return "VALID";
    150c:	80 e0       	ldi	r24, 0x00	; 0
    150e:	91 e0       	ldi	r25, 0x01	; 1
    1510:	08 95       	ret
    if (status == CALIBRATION_STATUS_DIRTY) return "DIRTY";
    return "DEFAULT";
    1512:	8c e0       	ldi	r24, 0x0C	; 12
    1514:	91 e0       	ldi	r25, 0x01	; 1
}
    1516:	08 95       	ret

00001518 <print_calibration_summary>:
    uart0_print("\r\n");
}

static void print_calibration_summary(const calibration_record_t *calibration,
                                      calibration_status_t status)
{
    1518:	1f 93       	push	r17
    151a:	cf 93       	push	r28
    151c:	df 93       	push	r29
    151e:	ec 01       	movw	r28, r24
    1520:	16 2f       	mov	r17, r22
    uart0_print("CALIBRATION=");
    1522:	88 e4       	ldi	r24, 0x48	; 72
    1524:	94 e0       	ldi	r25, 0x04	; 4
    1526:	0e 94 0b 0d 	call	0x1a16	; 0x1a16 <uart0_print>
    uart0_print(transport_service_calibration_status_text(status));
    152a:	81 2f       	mov	r24, r17
    152c:	0e 94 7f 0a 	call	0x14fe	; 0x14fe <transport_service_calibration_status_text>
    1530:	0e 94 0b 0d 	call	0x1a16	; 0x1a16 <uart0_print>
    uart0_print(",VERSION=");
    1534:	85 e5       	ldi	r24, 0x55	; 85
    1536:	94 e0       	ldi	r25, 0x04	; 4
    1538:	0e 94 0b 0d 	call	0x1a16	; 0x1a16 <uart0_print>
    uart0_print_uint16(calibration->version);
    153c:	8c 81       	ldd	r24, Y+4	; 0x04
    153e:	9d 81       	ldd	r25, Y+5	; 0x05
    1540:	0e 94 2d 0d 	call	0x1a5a	; 0x1a5a <uart0_print_uint16>
    uart0_print(",COUNTER=");
    1544:	8f e5       	ldi	r24, 0x5F	; 95
    1546:	94 e0       	ldi	r25, 0x04	; 4
    1548:	0e 94 0b 0d 	call	0x1a16	; 0x1a16 <uart0_print>
    uart0_print_uint32(calibration->calibration_counter);
    154c:	68 a9       	ldd	r22, Y+48	; 0x30
    154e:	79 a9       	ldd	r23, Y+49	; 0x31
    1550:	8a a9       	ldd	r24, Y+50	; 0x32
    1552:	9b a9       	ldd	r25, Y+51	; 0x33
    1554:	0e 94 84 0d 	call	0x1b08	; 0x1b08 <uart0_print_uint32>
    uart0_print("\r\n");
    1558:	82 ee       	ldi	r24, 0xE2	; 226
    155a:	94 e0       	ldi	r25, 0x04	; 4
    155c:	0e 94 0b 0d 	call	0x1a16	; 0x1a16 <uart0_print>

    uart0_print("CAL_OFFSET_X=");
    1560:	89 e6       	ldi	r24, 0x69	; 105
    1562:	94 e0       	ldi	r25, 0x04	; 4
    1564:	0e 94 0b 0d 	call	0x1a16	; 0x1a16 <uart0_print>
    uart0_print_fixed_2(calibration->offset_x_x100);
    1568:	68 85       	ldd	r22, Y+8	; 0x08
    156a:	79 85       	ldd	r23, Y+9	; 0x09
    156c:	8a 85       	ldd	r24, Y+10	; 0x0a
    156e:	9b 85       	ldd	r25, Y+11	; 0x0b
    1570:	0e 94 e5 0d 	call	0x1bca	; 0x1bca <uart0_print_fixed_2>
    uart0_print(",CAL_OFFSET_Y=");
    1574:	87 e7       	ldi	r24, 0x77	; 119
    1576:	94 e0       	ldi	r25, 0x04	; 4
    1578:	0e 94 0b 0d 	call	0x1a16	; 0x1a16 <uart0_print>
    uart0_print_fixed_2(calibration->offset_y_x100);
    157c:	6c 85       	ldd	r22, Y+12	; 0x0c
    157e:	7d 85       	ldd	r23, Y+13	; 0x0d
    1580:	8e 85       	ldd	r24, Y+14	; 0x0e
    1582:	9f 85       	ldd	r25, Y+15	; 0x0f
    1584:	0e 94 e5 0d 	call	0x1bca	; 0x1bca <uart0_print_fixed_2>
    uart0_print(",CAL_OFFSET_Z=");
    1588:	86 e8       	ldi	r24, 0x86	; 134
    158a:	94 e0       	ldi	r25, 0x04	; 4
    158c:	0e 94 0b 0d 	call	0x1a16	; 0x1a16 <uart0_print>
    uart0_print_fixed_2(calibration->offset_z_x100);
    1590:	68 89       	ldd	r22, Y+16	; 0x10
    1592:	79 89       	ldd	r23, Y+17	; 0x11
    1594:	8a 89       	ldd	r24, Y+18	; 0x12
    1596:	9b 89       	ldd	r25, Y+19	; 0x13
    1598:	0e 94 e5 0d 	call	0x1bca	; 0x1bca <uart0_print_fixed_2>
    uart0_print("\r\n");
    159c:	82 ee       	ldi	r24, 0xE2	; 226
    159e:	94 e0       	ldi	r25, 0x04	; 4
    15a0:	0e 94 0b 0d 	call	0x1a16	; 0x1a16 <uart0_print>
}
    15a4:	df 91       	pop	r29
    15a6:	cf 91       	pop	r28
    15a8:	1f 91       	pop	r17
    15aa:	08 95       	ret

000015ac <transport_service_init>:
    return "DEFAULT";
}

void transport_service_init(void)
{
    uart0_init();
    15ac:	0e 94 f6 0c 	call	0x19ec	; 0x19ec <uart0_init>
    15b0:	08 95       	ret

000015b2 <transport_service_publish_error>:
}

void transport_service_publish_error(const char *message)
{
    15b2:	cf 93       	push	r28
    15b4:	df 93       	push	r29
    15b6:	ec 01       	movw	r28, r24
    uart0_print("ERROR,");
    15b8:	85 e9       	ldi	r24, 0x95	; 149
    15ba:	94 e0       	ldi	r25, 0x04	; 4
    15bc:	0e 94 0b 0d 	call	0x1a16	; 0x1a16 <uart0_print>
    uart0_print(message);
    15c0:	ce 01       	movw	r24, r28
    15c2:	0e 94 0b 0d 	call	0x1a16	; 0x1a16 <uart0_print>
    uart0_print("\r\n");
    15c6:	82 ee       	ldi	r24, 0xE2	; 226
    15c8:	94 e0       	ldi	r25, 0x04	; 4
    15ca:	0e 94 0b 0d 	call	0x1a16	; 0x1a16 <uart0_print>
}
    15ce:	df 91       	pop	r29
    15d0:	cf 91       	pop	r28
    15d2:	08 95       	ret

000015d4 <transport_service_print_startup>:

void transport_service_print_startup(const calibration_record_t *calibration,
                                     calibration_status_t status,
                                     uint8_t node_id,
                                     uint8_t device_id)
{
    15d4:	ff 92       	push	r15
    15d6:	0f 93       	push	r16
    15d8:	1f 93       	push	r17
    15da:	cf 93       	push	r28
    15dc:	df 93       	push	r29
    15de:	8c 01       	movw	r16, r24
    15e0:	f6 2e       	mov	r15, r22
    15e2:	c4 2f       	mov	r28, r20
    15e4:	d2 2f       	mov	r29, r18
    uart0_print("\r\nND280 Magnetic Field Node v");
    15e6:	8c e9       	ldi	r24, 0x9C	; 156
    15e8:	94 e0       	ldi	r25, 0x04	; 4
    15ea:	0e 94 0b 0d 	call	0x1a16	; 0x1a16 <uart0_print>
    uart0_print(FIRMWARE_VERSION);
    15ee:	86 e6       	ldi	r24, 0x66	; 102
    15f0:	93 e0       	ldi	r25, 0x03	; 3
    15f2:	0e 94 0b 0d 	call	0x1a16	; 0x1a16 <uart0_print>
    uart0_print("\r\nUART0=4800,RX_COMMANDS=ON,TWI1=PE0/PE1\r\n");
    15f6:	8a eb       	ldi	r24, 0xBA	; 186
    15f8:	94 e0       	ldi	r25, 0x04	; 4
    15fa:	0e 94 0b 0d 	call	0x1a16	; 0x1a16 <uart0_print>
    uart0_print("AVERAGE_SAMPLES=");
    15fe:	85 ee       	ldi	r24, 0xE5	; 229
    1600:	94 e0       	ldi	r25, 0x04	; 4
    1602:	0e 94 0b 0d 	call	0x1a16	; 0x1a16 <uart0_print>
    uart0_print_uint16(AVERAGE_SAMPLES);
    1606:	8a e0       	ldi	r24, 0x0A	; 10
    1608:	90 e0       	ldi	r25, 0x00	; 0
    160a:	0e 94 2d 0d 	call	0x1a5a	; 0x1a5a <uart0_print_uint16>
    uart0_print(",SAMPLE_INTERVAL_MS=");
    160e:	86 ef       	ldi	r24, 0xF6	; 246
    1610:	94 e0       	ldi	r25, 0x04	; 4
    1612:	0e 94 0b 0d 	call	0x1a16	; 0x1a16 <uart0_print>
    uart0_print_uint16(SAMPLE_INTERVAL_MS);
    1616:	84 e6       	ldi	r24, 0x64	; 100
    1618:	90 e0       	ldi	r25, 0x00	; 0
    161a:	0e 94 2d 0d 	call	0x1a5a	; 0x1a5a <uart0_print_uint16>
    uart0_print("\r\nTMAG_VARIANT=");
    161e:	8b e0       	ldi	r24, 0x0B	; 11
    1620:	95 e0       	ldi	r25, 0x05	; 5
    1622:	0e 94 0b 0d 	call	0x1a16	; 0x1a16 <uart0_print>
    uart0_print(TMAG_VARIANT);
    1626:	82 ec       	ldi	r24, 0xC2	; 194
    1628:	93 e0       	ldi	r25, 0x03	; 3
    162a:	0e 94 0b 0d 	call	0x1a16	; 0x1a16 <uart0_print>
    uart0_print(",TMAG_RANGE_MT=");
    162e:	8b e1       	ldi	r24, 0x1B	; 27
    1630:	95 e0       	ldi	r25, 0x05	; 5
    1632:	0e 94 0b 0d 	call	0x1a16	; 0x1a16 <uart0_print>
    uart0_print_uint16(TMAG_FULL_SCALE_MT);
    1636:	8a e0       	ldi	r24, 0x0A	; 10
    1638:	91 e0       	ldi	r25, 0x01	; 1
    163a:	0e 94 2d 0d 	call	0x1a5a	; 0x1a5a <uart0_print_uint16>
    uart0_print("\r\n");
    163e:	82 ee       	ldi	r24, 0xE2	; 226
    1640:	94 e0       	ldi	r25, 0x04	; 4
    1642:	0e 94 0b 0d 	call	0x1a16	; 0x1a16 <uart0_print>

    print_calibration_summary(calibration, status);
    1646:	6f 2d       	mov	r22, r15
    1648:	c8 01       	movw	r24, r16
    164a:	0e 94 8c 0a 	call	0x1518	; 0x1518 <print_calibration_summary>

    uart0_print("TMAG_DEVICE_ID=0x");
    164e:	8b e2       	ldi	r24, 0x2B	; 43
    1650:	95 e0       	ldi	r25, 0x05	; 5
    1652:	0e 94 0b 0d 	call	0x1a16	; 0x1a16 <uart0_print>
    uart0_print_hex8(device_id);
    1656:	8d 2f       	mov	r24, r29
    1658:	0e 94 18 0d 	call	0x1a30	; 0x1a30 <uart0_print_hex8>
    uart0_print("\r\nTMAG_INIT=OK\r\nBOARD_ID=");
    165c:	8d e3       	ldi	r24, 0x3D	; 61
    165e:	95 e0       	ldi	r25, 0x05	; 5
    1660:	0e 94 0b 0d 	call	0x1a16	; 0x1a16 <uart0_print>
    uart0_print_uint16(node_id);
    1664:	8c 2f       	mov	r24, r28
    1666:	90 e0       	ldi	r25, 0x00	; 0
    1668:	0e 94 2d 0d 	call	0x1a5a	; 0x1a5a <uart0_print_uint16>
    uart0_print("\r\nTYPE HELP FOR COMMANDS\r\n");
    166c:	87 e5       	ldi	r24, 0x57	; 87
    166e:	95 e0       	ldi	r25, 0x05	; 5
    1670:	0e 94 0b 0d 	call	0x1a16	; 0x1a16 <uart0_print>
}
    1674:	df 91       	pop	r29
    1676:	cf 91       	pop	r28
    1678:	1f 91       	pop	r17
    167a:	0f 91       	pop	r16
    167c:	ff 90       	pop	r15
    167e:	08 95       	ret

00001680 <transport_service_publish_measurement>:

void transport_service_publish_measurement(uint8_t node_id,
                                           uint32_t sequence,
                                           calibration_status_t status,
                                           const measurement_result_t *result)
{
    1680:	8f 92       	push	r8
    1682:	9f 92       	push	r9
    1684:	af 92       	push	r10
    1686:	bf 92       	push	r11
    1688:	ef 92       	push	r14
    168a:	ff 92       	push	r15
    168c:	0f 93       	push	r16
    168e:	1f 93       	push	r17
    1690:	cf 93       	push	r28
    1692:	df 93       	push	r29
    1694:	e8 2e       	mov	r14, r24
    1696:	4a 01       	movw	r8, r20
    1698:	5b 01       	movw	r10, r22
    169a:	f2 2e       	mov	r15, r18
    169c:	e8 01       	movw	r28, r16
    uart0_print("$ND280,VER=");
    169e:	82 e7       	ldi	r24, 0x72	; 114
    16a0:	95 e0       	ldi	r25, 0x05	; 5
    16a2:	0e 94 0b 0d 	call	0x1a16	; 0x1a16 <uart0_print>
    uart0_print(FIRMWARE_VERSION);
    16a6:	86 e6       	ldi	r24, 0x66	; 102
    16a8:	93 e0       	ldi	r25, 0x03	; 3
    16aa:	0e 94 0b 0d 	call	0x1a16	; 0x1a16 <uart0_print>
    uart0_print(",ID=");
    16ae:	88 e5       	ldi	r24, 0x58	; 88
    16b0:	93 e0       	ldi	r25, 0x03	; 3
    16b2:	0e 94 0b 0d 	call	0x1a16	; 0x1a16 <uart0_print>
    uart0_print_uint16(node_id);
    16b6:	8e 2d       	mov	r24, r14
    16b8:	90 e0       	ldi	r25, 0x00	; 0
    16ba:	0e 94 2d 0d 	call	0x1a5a	; 0x1a5a <uart0_print_uint16>
    uart0_print(",SEQ=");
    16be:	88 e4       	ldi	r24, 0x48	; 72
    16c0:	93 e0       	ldi	r25, 0x03	; 3
    16c2:	0e 94 0b 0d 	call	0x1a16	; 0x1a16 <uart0_print>
    uart0_print_uint32(sequence);
    16c6:	c5 01       	movw	r24, r10
    16c8:	b4 01       	movw	r22, r8
    16ca:	0e 94 84 0d 	call	0x1b08	; 0x1b08 <uart0_print_uint32>
    uart0_print(",AVG=");
    16ce:	8d ec       	ldi	r24, 0xCD	; 205
    16d0:	93 e0       	ldi	r25, 0x03	; 3
    16d2:	0e 94 0b 0d 	call	0x1a16	; 0x1a16 <uart0_print>
    uart0_print_uint16(result->valid_samples);
    16d6:	89 89       	ldd	r24, Y+17	; 0x11
    16d8:	90 e0       	ldi	r25, 0x00	; 0
    16da:	0e 94 2d 0d 	call	0x1a5a	; 0x1a5a <uart0_print_uint16>
    uart0_print(",CAL=");
    16de:	80 ee       	ldi	r24, 0xE0	; 224
    16e0:	93 e0       	ldi	r25, 0x03	; 3
    16e2:	0e 94 0b 0d 	call	0x1a16	; 0x1a16 <uart0_print>
    uart0_print(transport_service_calibration_status_text(status));
    16e6:	8f 2d       	mov	r24, r15
    16e8:	0e 94 7f 0a 	call	0x14fe	; 0x14fe <transport_service_calibration_status_text>
    16ec:	0e 94 0b 0d 	call	0x1a16	; 0x1a16 <uart0_print>
    uart0_print(",T=");
    16f0:	8e e7       	ldi	r24, 0x7E	; 126
    16f2:	95 e0       	ldi	r25, 0x05	; 5
    16f4:	0e 94 0b 0d 	call	0x1a16	; 0x1a16 <uart0_print>
    uart0_print_fixed_2(result->value.temperature_x100);
    16f8:	68 81       	ld	r22, Y
    16fa:	79 81       	ldd	r23, Y+1	; 0x01
    16fc:	8a 81       	ldd	r24, Y+2	; 0x02
    16fe:	9b 81       	ldd	r25, Y+3	; 0x03
    1700:	0e 94 e5 0d 	call	0x1bca	; 0x1bca <uart0_print_fixed_2>
    uart0_print(",BX=");
    1704:	82 e8       	ldi	r24, 0x82	; 130
    1706:	95 e0       	ldi	r25, 0x05	; 5
    1708:	0e 94 0b 0d 	call	0x1a16	; 0x1a16 <uart0_print>
    uart0_print_fixed_2(result->value.bx_x100);
    170c:	6c 81       	ldd	r22, Y+4	; 0x04
    170e:	7d 81       	ldd	r23, Y+5	; 0x05
    1710:	8e 81       	ldd	r24, Y+6	; 0x06
    1712:	9f 81       	ldd	r25, Y+7	; 0x07
    1714:	0e 94 e5 0d 	call	0x1bca	; 0x1bca <uart0_print_fixed_2>
    uart0_print(",BY=");
    1718:	87 e8       	ldi	r24, 0x87	; 135
    171a:	95 e0       	ldi	r25, 0x05	; 5
    171c:	0e 94 0b 0d 	call	0x1a16	; 0x1a16 <uart0_print>
    uart0_print_fixed_2(result->value.by_x100);
    1720:	68 85       	ldd	r22, Y+8	; 0x08
    1722:	79 85       	ldd	r23, Y+9	; 0x09
    1724:	8a 85       	ldd	r24, Y+10	; 0x0a
    1726:	9b 85       	ldd	r25, Y+11	; 0x0b
    1728:	0e 94 e5 0d 	call	0x1bca	; 0x1bca <uart0_print_fixed_2>
    uart0_print(",BZ=");
    172c:	8c e8       	ldi	r24, 0x8C	; 140
    172e:	95 e0       	ldi	r25, 0x05	; 5
    1730:	0e 94 0b 0d 	call	0x1a16	; 0x1a16 <uart0_print>
    uart0_print_fixed_2(result->value.bz_x100);
    1734:	6c 85       	ldd	r22, Y+12	; 0x0c
    1736:	7d 85       	ldd	r23, Y+13	; 0x0d
    1738:	8e 85       	ldd	r24, Y+14	; 0x0e
    173a:	9f 85       	ldd	r25, Y+15	; 0x0f
    173c:	0e 94 e5 0d 	call	0x1bca	; 0x1bca <uart0_print_fixed_2>
    uart0_print(",STATUS=0x");
    1740:	81 e9       	ldi	r24, 0x91	; 145
    1742:	95 e0       	ldi	r25, 0x05	; 5
    1744:	0e 94 0b 0d 	call	0x1a16	; 0x1a16 <uart0_print>
    uart0_print_hex8(result->value.status);
    1748:	88 89       	ldd	r24, Y+16	; 0x10
    174a:	0e 94 18 0d 	call	0x1a30	; 0x1a30 <uart0_print_hex8>
    uart0_print("\r\n");
    174e:	82 ee       	ldi	r24, 0xE2	; 226
    1750:	94 e0       	ldi	r25, 0x04	; 4
    1752:	0e 94 0b 0d 	call	0x1a16	; 0x1a16 <uart0_print>
}
    1756:	df 91       	pop	r29
    1758:	cf 91       	pop	r28
    175a:	1f 91       	pop	r17
    175c:	0f 91       	pop	r16
    175e:	ff 90       	pop	r15
    1760:	ef 90       	pop	r14
    1762:	bf 90       	pop	r11
    1764:	af 90       	pop	r10
    1766:	9f 90       	pop	r9
    1768:	8f 90       	pop	r8
    176a:	08 95       	ret

0000176c <twi1_start>:
{
    if (!twi1_start()) { twi1_stop(); return 0; }
    uint8_t status = twi1_write_byte((uint8_t)(address << 1));
    twi1_stop();
    return status == 0x18U;
}
    176c:	84 ea       	ldi	r24, 0xA4	; 164
    176e:	80 93 dc 00 	sts	0x00DC, r24	; 0x8000dc <__TEXT_REGION_LENGTH__+0x7f80dc>
    1772:	80 91 dc 00 	lds	r24, 0x00DC	; 0x8000dc <__TEXT_REGION_LENGTH__+0x7f80dc>
    1776:	88 23       	and	r24, r24
    1778:	e4 f7       	brge	.-8      	; 0x1772 <twi1_start+0x6>
    177a:	80 91 d9 00 	lds	r24, 0x00D9	; 0x8000d9 <__TEXT_REGION_LENGTH__+0x7f80d9>
    177e:	88 7f       	andi	r24, 0xF8	; 248
    1780:	88 30       	cpi	r24, 0x08	; 8
    1782:	21 f0       	breq	.+8      	; 0x178c <twi1_start+0x20>
    1784:	80 31       	cpi	r24, 0x10	; 16
    1786:	21 f4       	brne	.+8      	; 0x1790 <twi1_start+0x24>
    1788:	81 e0       	ldi	r24, 0x01	; 1
    178a:	08 95       	ret
    178c:	81 e0       	ldi	r24, 0x01	; 1
    178e:	08 95       	ret
    1790:	80 e0       	ldi	r24, 0x00	; 0
    1792:	08 95       	ret

00001794 <twi1_stop>:
    1794:	84 e9       	ldi	r24, 0x94	; 148
    1796:	80 93 dc 00 	sts	0x00DC, r24	; 0x8000dc <__TEXT_REGION_LENGTH__+0x7f80dc>
    179a:	08 95       	ret

0000179c <twi1_write_byte>:
    179c:	80 93 db 00 	sts	0x00DB, r24	; 0x8000db <__TEXT_REGION_LENGTH__+0x7f80db>
    17a0:	84 e8       	ldi	r24, 0x84	; 132
    17a2:	80 93 dc 00 	sts	0x00DC, r24	; 0x8000dc <__TEXT_REGION_LENGTH__+0x7f80dc>
    17a6:	80 91 dc 00 	lds	r24, 0x00DC	; 0x8000dc <__TEXT_REGION_LENGTH__+0x7f80dc>
    17aa:	88 23       	and	r24, r24
    17ac:	e4 f7       	brge	.-8      	; 0x17a6 <twi1_write_byte+0xa>
    17ae:	80 91 d9 00 	lds	r24, 0x00D9	; 0x8000d9 <__TEXT_REGION_LENGTH__+0x7f80d9>
    17b2:	88 7f       	andi	r24, 0xF8	; 248
    17b4:	08 95       	ret

000017b6 <twi1_read_ack>:
    17b6:	84 ec       	ldi	r24, 0xC4	; 196
    17b8:	80 93 dc 00 	sts	0x00DC, r24	; 0x8000dc <__TEXT_REGION_LENGTH__+0x7f80dc>
    17bc:	80 91 dc 00 	lds	r24, 0x00DC	; 0x8000dc <__TEXT_REGION_LENGTH__+0x7f80dc>
    17c0:	88 23       	and	r24, r24
    17c2:	e4 f7       	brge	.-8      	; 0x17bc <twi1_read_ack+0x6>
    17c4:	80 91 db 00 	lds	r24, 0x00DB	; 0x8000db <__TEXT_REGION_LENGTH__+0x7f80db>
    17c8:	08 95       	ret

000017ca <twi1_read_nack>:
    17ca:	84 e8       	ldi	r24, 0x84	; 132
    17cc:	80 93 dc 00 	sts	0x00DC, r24	; 0x8000dc <__TEXT_REGION_LENGTH__+0x7f80dc>
    17d0:	80 91 dc 00 	lds	r24, 0x00DC	; 0x8000dc <__TEXT_REGION_LENGTH__+0x7f80dc>
    17d4:	88 23       	and	r24, r24
    17d6:	e4 f7       	brge	.-8      	; 0x17d0 <twi1_read_nack+0x6>
    17d8:	80 91 db 00 	lds	r24, 0x00DB	; 0x8000db <__TEXT_REGION_LENGTH__+0x7f80db>
    17dc:	08 95       	ret

000017de <twi1_init>:
    17de:	8e b1       	in	r24, 0x0e	; 14
    17e0:	83 60       	ori	r24, 0x03	; 3
    17e2:	8e b9       	out	0x0e, r24	; 14
    17e4:	10 92 d9 00 	sts	0x00D9, r1	; 0x8000d9 <__TEXT_REGION_LENGTH__+0x7f80d9>
    17e8:	82 e0       	ldi	r24, 0x02	; 2
    17ea:	80 93 d8 00 	sts	0x00D8, r24	; 0x8000d8 <__TEXT_REGION_LENGTH__+0x7f80d8>
    17ee:	84 e0       	ldi	r24, 0x04	; 4
    17f0:	80 93 dc 00 	sts	0x00DC, r24	; 0x8000dc <__TEXT_REGION_LENGTH__+0x7f80dc>
    17f4:	08 95       	ret

000017f6 <twi1_write_register>:

uint8_t twi1_write_register(uint8_t address, uint8_t reg, uint8_t value)
{
    17f6:	0f 93       	push	r16
    17f8:	1f 93       	push	r17
    17fa:	cf 93       	push	r28
    17fc:	df 93       	push	r29
    17fe:	d8 2f       	mov	r29, r24
    1800:	16 2f       	mov	r17, r22
    1802:	04 2f       	mov	r16, r20
    if (!twi1_start()) { twi1_stop(); return 0; }
    1804:	0e 94 b6 0b 	call	0x176c	; 0x176c <twi1_start>
    1808:	c8 2f       	mov	r28, r24
    180a:	81 11       	cpse	r24, r1
    180c:	03 c0       	rjmp	.+6      	; 0x1814 <twi1_write_register+0x1e>
    180e:	0e 94 ca 0b 	call	0x1794	; 0x1794 <twi1_stop>
    1812:	1f c0       	rjmp	.+62     	; 0x1852 <twi1_write_register+0x5c>
    if (twi1_write_byte((uint8_t)(address << 1)) != 0x18U) { twi1_stop(); return 0; }
    1814:	8d 2f       	mov	r24, r29
    1816:	88 0f       	add	r24, r24
    1818:	0e 94 ce 0b 	call	0x179c	; 0x179c <twi1_write_byte>
    181c:	88 31       	cpi	r24, 0x18	; 24
    181e:	21 f0       	breq	.+8      	; 0x1828 <twi1_write_register+0x32>
    1820:	0e 94 ca 0b 	call	0x1794	; 0x1794 <twi1_stop>
    1824:	c0 e0       	ldi	r28, 0x00	; 0
    1826:	15 c0       	rjmp	.+42     	; 0x1852 <twi1_write_register+0x5c>
    if (twi1_write_byte(reg) != 0x28U) { twi1_stop(); return 0; }
    1828:	81 2f       	mov	r24, r17
    182a:	0e 94 ce 0b 	call	0x179c	; 0x179c <twi1_write_byte>
    182e:	88 32       	cpi	r24, 0x28	; 40
    1830:	21 f0       	breq	.+8      	; 0x183a <twi1_write_register+0x44>
    1832:	0e 94 ca 0b 	call	0x1794	; 0x1794 <twi1_stop>
    1836:	c0 e0       	ldi	r28, 0x00	; 0
    1838:	0c c0       	rjmp	.+24     	; 0x1852 <twi1_write_register+0x5c>
    if (twi1_write_byte(value) != 0x28U) { twi1_stop(); return 0; }
    183a:	80 2f       	mov	r24, r16
    183c:	0e 94 ce 0b 	call	0x179c	; 0x179c <twi1_write_byte>
    1840:	88 32       	cpi	r24, 0x28	; 40
    1842:	21 f0       	breq	.+8      	; 0x184c <twi1_write_register+0x56>
    1844:	0e 94 ca 0b 	call	0x1794	; 0x1794 <twi1_stop>
    1848:	c0 e0       	ldi	r28, 0x00	; 0
    184a:	03 c0       	rjmp	.+6      	; 0x1852 <twi1_write_register+0x5c>
    twi1_stop();
    184c:	0e 94 ca 0b 	call	0x1794	; 0x1794 <twi1_stop>
    return 1;
    1850:	c1 e0       	ldi	r28, 0x01	; 1
}
    1852:	8c 2f       	mov	r24, r28
    1854:	df 91       	pop	r29
    1856:	cf 91       	pop	r28
    1858:	1f 91       	pop	r17
    185a:	0f 91       	pop	r16
    185c:	08 95       	ret

0000185e <twi1_read_register>:

uint8_t twi1_read_register(uint8_t address, uint8_t reg, uint8_t *value)
{
    185e:	ef 92       	push	r14
    1860:	ff 92       	push	r15
    1862:	1f 93       	push	r17
    1864:	cf 93       	push	r28
    1866:	df 93       	push	r29
    1868:	d8 2f       	mov	r29, r24
    186a:	16 2f       	mov	r17, r22
    186c:	7a 01       	movw	r14, r20
    if (!twi1_start()) { twi1_stop(); return 0; }
    186e:	0e 94 b6 0b 	call	0x176c	; 0x176c <twi1_start>
    1872:	c8 2f       	mov	r28, r24
    1874:	81 11       	cpse	r24, r1
    1876:	03 c0       	rjmp	.+6      	; 0x187e <twi1_read_register+0x20>
    1878:	0e 94 ca 0b 	call	0x1794	; 0x1794 <twi1_stop>
    187c:	2c c0       	rjmp	.+88     	; 0x18d6 <twi1_read_register+0x78>
    if (twi1_write_byte((uint8_t)(address << 1)) != 0x18U) { twi1_stop(); return 0; }
    187e:	dd 0f       	add	r29, r29
    1880:	8d 2f       	mov	r24, r29
    1882:	0e 94 ce 0b 	call	0x179c	; 0x179c <twi1_write_byte>
    1886:	88 31       	cpi	r24, 0x18	; 24
    1888:	21 f0       	breq	.+8      	; 0x1892 <twi1_read_register+0x34>
    188a:	0e 94 ca 0b 	call	0x1794	; 0x1794 <twi1_stop>
    188e:	c0 e0       	ldi	r28, 0x00	; 0
    1890:	22 c0       	rjmp	.+68     	; 0x18d6 <twi1_read_register+0x78>
    if (twi1_write_byte(reg) != 0x28U) { twi1_stop(); return 0; }
    1892:	81 2f       	mov	r24, r17
    1894:	0e 94 ce 0b 	call	0x179c	; 0x179c <twi1_write_byte>
    1898:	88 32       	cpi	r24, 0x28	; 40
    189a:	21 f0       	breq	.+8      	; 0x18a4 <twi1_read_register+0x46>
    189c:	0e 94 ca 0b 	call	0x1794	; 0x1794 <twi1_stop>
    18a0:	c0 e0       	ldi	r28, 0x00	; 0
    18a2:	19 c0       	rjmp	.+50     	; 0x18d6 <twi1_read_register+0x78>
    if (!twi1_start()) { twi1_stop(); return 0; }
    18a4:	0e 94 b6 0b 	call	0x176c	; 0x176c <twi1_start>
    18a8:	c8 2f       	mov	r28, r24
    18aa:	81 11       	cpse	r24, r1
    18ac:	03 c0       	rjmp	.+6      	; 0x18b4 <twi1_read_register+0x56>
    18ae:	0e 94 ca 0b 	call	0x1794	; 0x1794 <twi1_stop>
    18b2:	11 c0       	rjmp	.+34     	; 0x18d6 <twi1_read_register+0x78>
    if (twi1_write_byte((uint8_t)((address << 1) | 1U)) != 0x40U) { twi1_stop(); return 0; }
    18b4:	8d 2f       	mov	r24, r29
    18b6:	81 60       	ori	r24, 0x01	; 1
    18b8:	0e 94 ce 0b 	call	0x179c	; 0x179c <twi1_write_byte>
    18bc:	80 34       	cpi	r24, 0x40	; 64
    18be:	21 f0       	breq	.+8      	; 0x18c8 <twi1_read_register+0x6a>
    18c0:	0e 94 ca 0b 	call	0x1794	; 0x1794 <twi1_stop>
    18c4:	c0 e0       	ldi	r28, 0x00	; 0
    18c6:	07 c0       	rjmp	.+14     	; 0x18d6 <twi1_read_register+0x78>
    *value = twi1_read_nack();
    18c8:	0e 94 e5 0b 	call	0x17ca	; 0x17ca <twi1_read_nack>
    18cc:	f7 01       	movw	r30, r14
    18ce:	80 83       	st	Z, r24
    twi1_stop();
    18d0:	0e 94 ca 0b 	call	0x1794	; 0x1794 <twi1_stop>
    return 1;
    18d4:	c1 e0       	ldi	r28, 0x01	; 1
}
    18d6:	8c 2f       	mov	r24, r28
    18d8:	df 91       	pop	r29
    18da:	cf 91       	pop	r28
    18dc:	1f 91       	pop	r17
    18de:	ff 90       	pop	r15
    18e0:	ef 90       	pop	r14
    18e2:	08 95       	ret

000018e4 <twi1_read_block>:

uint8_t twi1_read_block(uint8_t address, uint8_t reg, uint8_t *buffer, uint8_t length)
{
    18e4:	ef 92       	push	r14
    18e6:	ff 92       	push	r15
    18e8:	0f 93       	push	r16
    18ea:	1f 93       	push	r17
    18ec:	cf 93       	push	r28
    18ee:	df 93       	push	r29
    if (length == 0U) return 0;
    18f0:	22 23       	and	r18, r18
    18f2:	09 f4       	brne	.+2      	; 0x18f6 <twi1_read_block+0x12>
    18f4:	48 c0       	rjmp	.+144    	; 0x1986 <twi1_read_block+0xa2>
    18f6:	c2 2f       	mov	r28, r18
    18f8:	7a 01       	movw	r14, r20
    18fa:	06 2f       	mov	r16, r22
    18fc:	18 2f       	mov	r17, r24

    if (!twi1_start()) { twi1_stop(); return 0; }
    18fe:	0e 94 b6 0b 	call	0x176c	; 0x176c <twi1_start>
    1902:	d8 2f       	mov	r29, r24
    1904:	81 11       	cpse	r24, r1
    1906:	03 c0       	rjmp	.+6      	; 0x190e <twi1_read_block+0x2a>
    1908:	0e 94 ca 0b 	call	0x1794	; 0x1794 <twi1_stop>
    190c:	3d c0       	rjmp	.+122    	; 0x1988 <twi1_read_block+0xa4>
    if (twi1_write_byte((uint8_t)(address << 1)) != 0x18U) { twi1_stop(); return 0; }
    190e:	11 0f       	add	r17, r17
    1910:	81 2f       	mov	r24, r17
    1912:	0e 94 ce 0b 	call	0x179c	; 0x179c <twi1_write_byte>
    1916:	88 31       	cpi	r24, 0x18	; 24
    1918:	21 f0       	breq	.+8      	; 0x1922 <twi1_read_block+0x3e>
    191a:	0e 94 ca 0b 	call	0x1794	; 0x1794 <twi1_stop>
    191e:	d0 e0       	ldi	r29, 0x00	; 0
    1920:	33 c0       	rjmp	.+102    	; 0x1988 <twi1_read_block+0xa4>
    if (twi1_write_byte(reg) != 0x28U) { twi1_stop(); return 0; }
    1922:	80 2f       	mov	r24, r16
    1924:	0e 94 ce 0b 	call	0x179c	; 0x179c <twi1_write_byte>
    1928:	88 32       	cpi	r24, 0x28	; 40
    192a:	21 f0       	breq	.+8      	; 0x1934 <twi1_read_block+0x50>
    192c:	0e 94 ca 0b 	call	0x1794	; 0x1794 <twi1_stop>
    1930:	d0 e0       	ldi	r29, 0x00	; 0
    1932:	2a c0       	rjmp	.+84     	; 0x1988 <twi1_read_block+0xa4>
    if (!twi1_start()) { twi1_stop(); return 0; }
    1934:	0e 94 b6 0b 	call	0x176c	; 0x176c <twi1_start>
    1938:	d8 2f       	mov	r29, r24
    193a:	81 11       	cpse	r24, r1
    193c:	03 c0       	rjmp	.+6      	; 0x1944 <twi1_read_block+0x60>
    193e:	0e 94 ca 0b 	call	0x1794	; 0x1794 <twi1_stop>
    1942:	22 c0       	rjmp	.+68     	; 0x1988 <twi1_read_block+0xa4>
    if (twi1_write_byte((uint8_t)((address << 1) | 1U)) != 0x40U) { twi1_stop(); return 0; }
    1944:	81 2f       	mov	r24, r17
    1946:	81 60       	ori	r24, 0x01	; 1
    1948:	0e 94 ce 0b 	call	0x179c	; 0x179c <twi1_write_byte>
    194c:	80 34       	cpi	r24, 0x40	; 64
    194e:	a1 f0       	breq	.+40     	; 0x1978 <twi1_read_block+0x94>
    1950:	0e 94 ca 0b 	call	0x1794	; 0x1794 <twi1_stop>
    1954:	d0 e0       	ldi	r29, 0x00	; 0
    1956:	18 c0       	rjmp	.+48     	; 0x1988 <twi1_read_block+0xa4>

    for (uint8_t index = 0; index < length; index++) {
        buffer[index] = (index == (uint8_t)(length - 1U))
    1958:	87 01       	movw	r16, r14
    195a:	0d 0f       	add	r16, r29
    195c:	11 1d       	adc	r17, r1
    195e:	8f ef       	ldi	r24, 0xFF	; 255
    1960:	8c 0f       	add	r24, r28
    1962:	d8 13       	cpse	r29, r24
    1964:	03 c0       	rjmp	.+6      	; 0x196c <twi1_read_block+0x88>
    1966:	0e 94 e5 0b 	call	0x17ca	; 0x17ca <twi1_read_nack>
    196a:	02 c0       	rjmp	.+4      	; 0x1970 <twi1_read_block+0x8c>
    196c:	0e 94 db 0b 	call	0x17b6	; 0x17b6 <twi1_read_ack>
    1970:	f8 01       	movw	r30, r16
    1972:	80 83       	st	Z, r24
    if (twi1_write_byte((uint8_t)(address << 1)) != 0x18U) { twi1_stop(); return 0; }
    if (twi1_write_byte(reg) != 0x28U) { twi1_stop(); return 0; }
    if (!twi1_start()) { twi1_stop(); return 0; }
    if (twi1_write_byte((uint8_t)((address << 1) | 1U)) != 0x40U) { twi1_stop(); return 0; }

    for (uint8_t index = 0; index < length; index++) {
    1974:	df 5f       	subi	r29, 0xFF	; 255
    1976:	01 c0       	rjmp	.+2      	; 0x197a <twi1_read_block+0x96>
    1978:	d0 e0       	ldi	r29, 0x00	; 0
    197a:	dc 17       	cp	r29, r28
    197c:	68 f3       	brcs	.-38     	; 0x1958 <twi1_read_block+0x74>
        buffer[index] = (index == (uint8_t)(length - 1U))
                      ? twi1_read_nack()
                      : twi1_read_ack();
    }

    twi1_stop();
    197e:	0e 94 ca 0b 	call	0x1794	; 0x1794 <twi1_stop>
    return 1;
    1982:	d1 e0       	ldi	r29, 0x01	; 1
    1984:	01 c0       	rjmp	.+2      	; 0x1988 <twi1_read_block+0xa4>
    return 1;
}

uint8_t twi1_read_block(uint8_t address, uint8_t reg, uint8_t *buffer, uint8_t length)
{
    if (length == 0U) return 0;
    1986:	d0 e0       	ldi	r29, 0x00	; 0
                      : twi1_read_ack();
    }

    twi1_stop();
    return 1;
}
    1988:	8d 2f       	mov	r24, r29
    198a:	df 91       	pop	r29
    198c:	cf 91       	pop	r28
    198e:	1f 91       	pop	r17
    1990:	0f 91       	pop	r16
    1992:	ff 90       	pop	r15
    1994:	ef 90       	pop	r14
    1996:	08 95       	ret

00001998 <__vector_18>:
static volatile uint8_t rx_tail = 0U;
static volatile uint8_t rx_overflow = 0U;
static volatile char rx_buffer[UART0_RX_BUFFER_SIZE];

ISR(USART0_RX_vect)
{
    1998:	1f 92       	push	r1
    199a:	0f 92       	push	r0
    199c:	0f b6       	in	r0, 0x3f	; 63
    199e:	0f 92       	push	r0
    19a0:	11 24       	eor	r1, r1
    19a2:	2f 93       	push	r18
    19a4:	8f 93       	push	r24
    19a6:	9f 93       	push	r25
    19a8:	ef 93       	push	r30
    19aa:	ff 93       	push	r31
    char value = (char)UDR0;
    19ac:	20 91 c6 00 	lds	r18, 0x00C6	; 0x8000c6 <__TEXT_REGION_LENGTH__+0x7f80c6>
    uint8_t next = (uint8_t)((rx_head + 1U) & UART0_RX_BUFFER_MASK);
    19b0:	80 91 d5 06 	lds	r24, 0x06D5	; 0x8006d5 <rx_head>
    19b4:	8f 5f       	subi	r24, 0xFF	; 255
    19b6:	8f 77       	andi	r24, 0x7F	; 127

    if (next == rx_tail) {
    19b8:	90 91 d4 06 	lds	r25, 0x06D4	; 0x8006d4 <rx_tail>
    19bc:	89 13       	cpse	r24, r25
    19be:	04 c0       	rjmp	.+8      	; 0x19c8 <__vector_18+0x30>
        rx_overflow = 1U;
    19c0:	81 e0       	ldi	r24, 0x01	; 1
    19c2:	80 93 d3 06 	sts	0x06D3, r24	; 0x8006d3 <rx_overflow>
        return;
    19c6:	08 c0       	rjmp	.+16     	; 0x19d8 <__vector_18+0x40>
    }

    rx_buffer[rx_head] = value;
    19c8:	e0 91 d5 06 	lds	r30, 0x06D5	; 0x8006d5 <rx_head>
    19cc:	f0 e0       	ldi	r31, 0x00	; 0
    19ce:	ed 5a       	subi	r30, 0xAD	; 173
    19d0:	f9 4f       	sbci	r31, 0xF9	; 249
    19d2:	20 83       	st	Z, r18
    rx_head = next;
    19d4:	80 93 d5 06 	sts	0x06D5, r24	; 0x8006d5 <rx_head>
}
    19d8:	ff 91       	pop	r31
    19da:	ef 91       	pop	r30
    19dc:	9f 91       	pop	r25
    19de:	8f 91       	pop	r24
    19e0:	2f 91       	pop	r18
    19e2:	0f 90       	pop	r0
    19e4:	0f be       	out	0x3f, r0	; 63
    19e6:	0f 90       	pop	r0
    19e8:	1f 90       	pop	r1
    19ea:	18 95       	reti

000019ec <uart0_init>:

void uart0_init(void)
{
    UBRR0H = (uint8_t)(UBRR_VALUE >> 8);
    19ec:	10 92 c5 00 	sts	0x00C5, r1	; 0x8000c5 <__TEXT_REGION_LENGTH__+0x7f80c5>
    UBRR0L = (uint8_t)(UBRR_VALUE & 0xFFU);
    19f0:	8c e0       	ldi	r24, 0x0C	; 12
    19f2:	80 93 c4 00 	sts	0x00C4, r24	; 0x8000c4 <__TEXT_REGION_LENGTH__+0x7f80c4>
    UCSR0A = 0x00;
    19f6:	10 92 c0 00 	sts	0x00C0, r1	; 0x8000c0 <__TEXT_REGION_LENGTH__+0x7f80c0>
    UCSR0B = (1 << RXCIE0) | (1 << RXEN0) | (1 << TXEN0);
    19fa:	88 e9       	ldi	r24, 0x98	; 152
    19fc:	80 93 c1 00 	sts	0x00C1, r24	; 0x8000c1 <__TEXT_REGION_LENGTH__+0x7f80c1>
    UCSR0C = (1 << UCSZ01) | (1 << UCSZ00); /* 8N1 */
    1a00:	86 e0       	ldi	r24, 0x06	; 6
    1a02:	80 93 c2 00 	sts	0x00C2, r24	; 0x8000c2 <__TEXT_REGION_LENGTH__+0x7f80c2>
    1a06:	08 95       	ret

00001a08 <uart0_putc>:
}

void uart0_putc(char c)
{
    while (!(UCSR0A & (1 << UDRE0))) {}
    1a08:	90 91 c0 00 	lds	r25, 0x00C0	; 0x8000c0 <__TEXT_REGION_LENGTH__+0x7f80c0>
    1a0c:	95 ff       	sbrs	r25, 5
    1a0e:	fc cf       	rjmp	.-8      	; 0x1a08 <uart0_putc>
    UDR0 = c;
    1a10:	80 93 c6 00 	sts	0x00C6, r24	; 0x8000c6 <__TEXT_REGION_LENGTH__+0x7f80c6>
    1a14:	08 95       	ret

00001a16 <uart0_print>:
}

void uart0_print(const char *s)
{
    1a16:	cf 93       	push	r28
    1a18:	df 93       	push	r29
    1a1a:	ec 01       	movw	r28, r24
    while (*s != '\0') uart0_putc(*s++);
    1a1c:	03 c0       	rjmp	.+6      	; 0x1a24 <uart0_print+0xe>
    1a1e:	21 96       	adiw	r28, 0x01	; 1
    1a20:	0e 94 04 0d 	call	0x1a08	; 0x1a08 <uart0_putc>
    1a24:	88 81       	ld	r24, Y
    1a26:	81 11       	cpse	r24, r1
    1a28:	fa cf       	rjmp	.-12     	; 0x1a1e <uart0_print+0x8>
}
    1a2a:	df 91       	pop	r29
    1a2c:	cf 91       	pop	r28
    1a2e:	08 95       	ret

00001a30 <uart0_print_hex8>:

void uart0_print_hex8(uint8_t value)
{
    1a30:	cf 93       	push	r28
    1a32:	c8 2f       	mov	r28, r24
    static const char hex[] = "0123456789ABCDEF";
    uart0_putc(hex[(value >> 4) & 0x0FU]);
    1a34:	e8 2f       	mov	r30, r24
    1a36:	e2 95       	swap	r30
    1a38:	ef 70       	andi	r30, 0x0F	; 15
    1a3a:	f0 e0       	ldi	r31, 0x00	; 0
    1a3c:	e4 56       	subi	r30, 0x64	; 100
    1a3e:	fa 4f       	sbci	r31, 0xFA	; 250
    1a40:	80 81       	ld	r24, Z
    1a42:	0e 94 04 0d 	call	0x1a08	; 0x1a08 <uart0_putc>
    uart0_putc(hex[value & 0x0FU]);
    1a46:	cf 70       	andi	r28, 0x0F	; 15
    1a48:	ec 2f       	mov	r30, r28
    1a4a:	f0 e0       	ldi	r31, 0x00	; 0
    1a4c:	e4 56       	subi	r30, 0x64	; 100
    1a4e:	fa 4f       	sbci	r31, 0xFA	; 250
    1a50:	80 81       	ld	r24, Z
    1a52:	0e 94 04 0d 	call	0x1a08	; 0x1a08 <uart0_putc>
}
    1a56:	cf 91       	pop	r28
    1a58:	08 95       	ret

00001a5a <uart0_print_uint16>:

void uart0_print_uint16(uint16_t value)
{
    1a5a:	1f 93       	push	r17
    1a5c:	cf 93       	push	r28
    1a5e:	df 93       	push	r29
    1a60:	00 d0       	rcall	.+0      	; 0x1a62 <uart0_print_uint16+0x8>
    1a62:	00 d0       	rcall	.+0      	; 0x1a64 <uart0_print_uint16+0xa>
    1a64:	1f 92       	push	r1
    1a66:	cd b7       	in	r28, 0x3d	; 61
    1a68:	de b7       	in	r29, 0x3e	; 62
    1a6a:	ac 01       	movw	r20, r24
    char buffer[5];
    uint8_t count = 0U;

    if (value == 0U) {
    1a6c:	89 2b       	or	r24, r25
    1a6e:	91 f5       	brne	.+100    	; 0x1ad4 <uart0_print_uint16+0x7a>
        uart0_putc('0');
    1a70:	80 e3       	ldi	r24, 0x30	; 48
    1a72:	0e 94 04 0d 	call	0x1a08	; 0x1a08 <uart0_putc>
    1a76:	3f c0       	rjmp	.+126    	; 0x1af6 <uart0_print_uint16+0x9c>
        return;
    }

    while (value > 0U) {
        buffer[count++] = (char)('0' + (value % 10U));
    1a78:	9a 01       	movw	r18, r20
    1a7a:	ad ec       	ldi	r26, 0xCD	; 205
    1a7c:	bc ec       	ldi	r27, 0xCC	; 204
    1a7e:	0e 94 d1 0e 	call	0x1da2	; 0x1da2 <__umulhisi3>
    1a82:	96 95       	lsr	r25
    1a84:	87 95       	ror	r24
    1a86:	96 95       	lsr	r25
    1a88:	87 95       	ror	r24
    1a8a:	96 95       	lsr	r25
    1a8c:	87 95       	ror	r24
    1a8e:	9c 01       	movw	r18, r24
    1a90:	22 0f       	add	r18, r18
    1a92:	33 1f       	adc	r19, r19
    1a94:	88 0f       	add	r24, r24
    1a96:	99 1f       	adc	r25, r25
    1a98:	88 0f       	add	r24, r24
    1a9a:	99 1f       	adc	r25, r25
    1a9c:	88 0f       	add	r24, r24
    1a9e:	99 1f       	adc	r25, r25
    1aa0:	82 0f       	add	r24, r18
    1aa2:	93 1f       	adc	r25, r19
    1aa4:	9a 01       	movw	r18, r20
    1aa6:	28 1b       	sub	r18, r24
    1aa8:	39 0b       	sbc	r19, r25
    1aaa:	c9 01       	movw	r24, r18
    1aac:	80 5d       	subi	r24, 0xD0	; 208
    1aae:	e1 e0       	ldi	r30, 0x01	; 1
    1ab0:	f0 e0       	ldi	r31, 0x00	; 0
    1ab2:	ec 0f       	add	r30, r28
    1ab4:	fd 1f       	adc	r31, r29
    1ab6:	e1 0f       	add	r30, r17
    1ab8:	f1 1d       	adc	r31, r1
    1aba:	80 83       	st	Z, r24
        value /= 10U;
    1abc:	9a 01       	movw	r18, r20
    1abe:	0e 94 d1 0e 	call	0x1da2	; 0x1da2 <__umulhisi3>
    1ac2:	ac 01       	movw	r20, r24
    1ac4:	56 95       	lsr	r21
    1ac6:	47 95       	ror	r20
    1ac8:	56 95       	lsr	r21
    1aca:	47 95       	ror	r20
    1acc:	56 95       	lsr	r21
    1ace:	47 95       	ror	r20
        uart0_putc('0');
        return;
    }

    while (value > 0U) {
        buffer[count++] = (char)('0' + (value % 10U));
    1ad0:	1f 5f       	subi	r17, 0xFF	; 255
    1ad2:	01 c0       	rjmp	.+2      	; 0x1ad6 <uart0_print_uint16+0x7c>
    1ad4:	10 e0       	ldi	r17, 0x00	; 0
    if (value == 0U) {
        uart0_putc('0');
        return;
    }

    while (value > 0U) {
    1ad6:	41 15       	cp	r20, r1
    1ad8:	51 05       	cpc	r21, r1
    1ada:	71 f6       	brne	.-100    	; 0x1a78 <uart0_print_uint16+0x1e>
    1adc:	0a c0       	rjmp	.+20     	; 0x1af2 <uart0_print_uint16+0x98>
        buffer[count++] = (char)('0' + (value % 10U));
        value /= 10U;
    }

    while (count > 0U) uart0_putc(buffer[--count]);
    1ade:	11 50       	subi	r17, 0x01	; 1
    1ae0:	e1 e0       	ldi	r30, 0x01	; 1
    1ae2:	f0 e0       	ldi	r31, 0x00	; 0
    1ae4:	ec 0f       	add	r30, r28
    1ae6:	fd 1f       	adc	r31, r29
    1ae8:	e1 0f       	add	r30, r17
    1aea:	f1 1d       	adc	r31, r1
    1aec:	80 81       	ld	r24, Z
    1aee:	0e 94 04 0d 	call	0x1a08	; 0x1a08 <uart0_putc>
    1af2:	11 11       	cpse	r17, r1
    1af4:	f4 cf       	rjmp	.-24     	; 0x1ade <uart0_print_uint16+0x84>
}
    1af6:	0f 90       	pop	r0
    1af8:	0f 90       	pop	r0
    1afa:	0f 90       	pop	r0
    1afc:	0f 90       	pop	r0
    1afe:	0f 90       	pop	r0
    1b00:	df 91       	pop	r29
    1b02:	cf 91       	pop	r28
    1b04:	1f 91       	pop	r17
    1b06:	08 95       	ret

00001b08 <uart0_print_uint32>:

void uart0_print_uint32(uint32_t value)
{
    1b08:	1f 93       	push	r17
    1b0a:	cf 93       	push	r28
    1b0c:	df 93       	push	r29
    1b0e:	cd b7       	in	r28, 0x3d	; 61
    1b10:	de b7       	in	r29, 0x3e	; 62
    1b12:	2a 97       	sbiw	r28, 0x0a	; 10
    1b14:	0f b6       	in	r0, 0x3f	; 63
    1b16:	f8 94       	cli
    1b18:	de bf       	out	0x3e, r29	; 62
    1b1a:	0f be       	out	0x3f, r0	; 63
    1b1c:	cd bf       	out	0x3d, r28	; 61
    char buffer[10];
    uint8_t count = 0U;

    if (value == 0UL) {
    1b1e:	61 15       	cp	r22, r1
    1b20:	71 05       	cpc	r23, r1
    1b22:	81 05       	cpc	r24, r1
    1b24:	91 05       	cpc	r25, r1
    1b26:	c1 f4       	brne	.+48     	; 0x1b58 <uart0_print_uint32+0x50>
        uart0_putc('0');
    1b28:	80 e3       	ldi	r24, 0x30	; 48
    1b2a:	0e 94 04 0d 	call	0x1a08	; 0x1a08 <uart0_putc>
    1b2e:	27 c0       	rjmp	.+78     	; 0x1b7e <uart0_print_uint32+0x76>
        return;
    }

    while (value > 0UL) {
        buffer[count++] = (char)('0' + (value % 10UL));
    1b30:	2a e0       	ldi	r18, 0x0A	; 10
    1b32:	30 e0       	ldi	r19, 0x00	; 0
    1b34:	40 e0       	ldi	r20, 0x00	; 0
    1b36:	50 e0       	ldi	r21, 0x00	; 0
    1b38:	0e 94 90 0e 	call	0x1d20	; 0x1d20 <__udivmodsi4>
    1b3c:	60 5d       	subi	r22, 0xD0	; 208
    1b3e:	e1 e0       	ldi	r30, 0x01	; 1
    1b40:	f0 e0       	ldi	r31, 0x00	; 0
    1b42:	ec 0f       	add	r30, r28
    1b44:	fd 1f       	adc	r31, r29
    1b46:	e1 0f       	add	r30, r17
    1b48:	f1 1d       	adc	r31, r1
    1b4a:	60 83       	st	Z, r22
        value /= 10UL;
    1b4c:	62 2f       	mov	r22, r18
    1b4e:	73 2f       	mov	r23, r19
    1b50:	84 2f       	mov	r24, r20
    1b52:	95 2f       	mov	r25, r21
        uart0_putc('0');
        return;
    }

    while (value > 0UL) {
        buffer[count++] = (char)('0' + (value % 10UL));
    1b54:	1f 5f       	subi	r17, 0xFF	; 255
    1b56:	01 c0       	rjmp	.+2      	; 0x1b5a <uart0_print_uint32+0x52>
    1b58:	10 e0       	ldi	r17, 0x00	; 0
    if (value == 0UL) {
        uart0_putc('0');
        return;
    }

    while (value > 0UL) {
    1b5a:	61 15       	cp	r22, r1
    1b5c:	71 05       	cpc	r23, r1
    1b5e:	81 05       	cpc	r24, r1
    1b60:	91 05       	cpc	r25, r1
    1b62:	31 f7       	brne	.-52     	; 0x1b30 <uart0_print_uint32+0x28>
    1b64:	0a c0       	rjmp	.+20     	; 0x1b7a <uart0_print_uint32+0x72>
        buffer[count++] = (char)('0' + (value % 10UL));
        value /= 10UL;
    }

    while (count > 0U) uart0_putc(buffer[--count]);
    1b66:	11 50       	subi	r17, 0x01	; 1
    1b68:	e1 e0       	ldi	r30, 0x01	; 1
    1b6a:	f0 e0       	ldi	r31, 0x00	; 0
    1b6c:	ec 0f       	add	r30, r28
    1b6e:	fd 1f       	adc	r31, r29
    1b70:	e1 0f       	add	r30, r17
    1b72:	f1 1d       	adc	r31, r1
    1b74:	80 81       	ld	r24, Z
    1b76:	0e 94 04 0d 	call	0x1a08	; 0x1a08 <uart0_putc>
    1b7a:	11 11       	cpse	r17, r1
    1b7c:	f4 cf       	rjmp	.-24     	; 0x1b66 <uart0_print_uint32+0x5e>
}
    1b7e:	2a 96       	adiw	r28, 0x0a	; 10
    1b80:	0f b6       	in	r0, 0x3f	; 63
    1b82:	f8 94       	cli
    1b84:	de bf       	out	0x3e, r29	; 62
    1b86:	0f be       	out	0x3f, r0	; 63
    1b88:	cd bf       	out	0x3d, r28	; 61
    1b8a:	df 91       	pop	r29
    1b8c:	cf 91       	pop	r28
    1b8e:	1f 91       	pop	r17
    1b90:	08 95       	ret

00001b92 <uart0_print_int32>:

void uart0_print_int32(int32_t value)
{
    1b92:	cf 92       	push	r12
    1b94:	df 92       	push	r13
    1b96:	ef 92       	push	r14
    1b98:	ff 92       	push	r15
    1b9a:	6b 01       	movw	r12, r22
    1b9c:	7c 01       	movw	r14, r24
    if (value < 0L) {
    1b9e:	99 23       	and	r25, r25
    1ba0:	5c f4       	brge	.+22     	; 0x1bb8 <uart0_print_int32+0x26>
        uart0_putc('-');
    1ba2:	8d e2       	ldi	r24, 0x2D	; 45
    1ba4:	0e 94 04 0d 	call	0x1a08	; 0x1a08 <uart0_putc>
        value = -value;
    1ba8:	f0 94       	com	r15
    1baa:	e0 94       	com	r14
    1bac:	d0 94       	com	r13
    1bae:	c0 94       	com	r12
    1bb0:	c1 1c       	adc	r12, r1
    1bb2:	d1 1c       	adc	r13, r1
    1bb4:	e1 1c       	adc	r14, r1
    1bb6:	f1 1c       	adc	r15, r1
    }
    uart0_print_uint32((uint32_t)value);
    1bb8:	c7 01       	movw	r24, r14
    1bba:	b6 01       	movw	r22, r12
    1bbc:	0e 94 84 0d 	call	0x1b08	; 0x1b08 <uart0_print_uint32>
}
    1bc0:	ff 90       	pop	r15
    1bc2:	ef 90       	pop	r14
    1bc4:	df 90       	pop	r13
    1bc6:	cf 90       	pop	r12
    1bc8:	08 95       	ret

00001bca <uart0_print_fixed_2>:

void uart0_print_fixed_2(int32_t value_x100)
{
    1bca:	cf 92       	push	r12
    1bcc:	df 92       	push	r13
    1bce:	ef 92       	push	r14
    1bd0:	ff 92       	push	r15
    1bd2:	cf 93       	push	r28
    1bd4:	df 93       	push	r29
    1bd6:	6b 01       	movw	r12, r22
    1bd8:	7c 01       	movw	r14, r24
    if (value_x100 < 0L) {
    1bda:	99 23       	and	r25, r25
    1bdc:	5c f4       	brge	.+22     	; 0x1bf4 <uart0_print_fixed_2+0x2a>
        uart0_putc('-');
    1bde:	8d e2       	ldi	r24, 0x2D	; 45
    1be0:	0e 94 04 0d 	call	0x1a08	; 0x1a08 <uart0_putc>
        value_x100 = -value_x100;
    1be4:	f0 94       	com	r15
    1be6:	e0 94       	com	r14
    1be8:	d0 94       	com	r13
    1bea:	c0 94       	com	r12
    1bec:	c1 1c       	adc	r12, r1
    1bee:	d1 1c       	adc	r13, r1
    1bf0:	e1 1c       	adc	r14, r1
    1bf2:	f1 1c       	adc	r15, r1
    }

    uart0_print_uint32((uint32_t)(value_x100 / 100L));
    1bf4:	c7 01       	movw	r24, r14
    1bf6:	b6 01       	movw	r22, r12
    1bf8:	24 e6       	ldi	r18, 0x64	; 100
    1bfa:	30 e0       	ldi	r19, 0x00	; 0
    1bfc:	40 e0       	ldi	r20, 0x00	; 0
    1bfe:	50 e0       	ldi	r21, 0x00	; 0
    1c00:	0e 94 b2 0e 	call	0x1d64	; 0x1d64 <__divmodsi4>
    1c04:	d6 2f       	mov	r29, r22
    1c06:	ca 01       	movw	r24, r20
    1c08:	b9 01       	movw	r22, r18
    1c0a:	0e 94 84 0d 	call	0x1b08	; 0x1b08 <uart0_print_uint32>
    uart0_putc('.');
    1c0e:	8e e2       	ldi	r24, 0x2E	; 46
    1c10:	0e 94 04 0d 	call	0x1a08	; 0x1a08 <uart0_putc>

    uint8_t fraction = (uint8_t)(value_x100 % 100L);
    uart0_putc((char)('0' + (fraction / 10U)));
    1c14:	cd ec       	ldi	r28, 0xCD	; 205
    1c16:	dc 9f       	mul	r29, r28
    1c18:	c1 2d       	mov	r28, r1
    1c1a:	11 24       	eor	r1, r1
    1c1c:	c6 95       	lsr	r28
    1c1e:	c6 95       	lsr	r28
    1c20:	c6 95       	lsr	r28
    1c22:	80 e3       	ldi	r24, 0x30	; 48
    1c24:	8c 0f       	add	r24, r28
    1c26:	0e 94 04 0d 	call	0x1a08	; 0x1a08 <uart0_putc>
    uart0_putc((char)('0' + (fraction % 10U)));
    1c2a:	cc 0f       	add	r28, r28
    1c2c:	8c 2f       	mov	r24, r28
    1c2e:	88 0f       	add	r24, r24
    1c30:	88 0f       	add	r24, r24
    1c32:	c8 0f       	add	r28, r24
    1c34:	8d 2f       	mov	r24, r29
    1c36:	8c 1b       	sub	r24, r28
    1c38:	80 5d       	subi	r24, 0xD0	; 208
    1c3a:	0e 94 04 0d 	call	0x1a08	; 0x1a08 <uart0_putc>
}
    1c3e:	df 91       	pop	r29
    1c40:	cf 91       	pop	r28
    1c42:	ff 90       	pop	r15
    1c44:	ef 90       	pop	r14
    1c46:	df 90       	pop	r13
    1c48:	cf 90       	pop	r12
    1c4a:	08 95       	ret

00001c4c <uart0_readline>:

uint8_t uart0_readline(char *destination, uint8_t destination_size)
{
    1c4c:	dc 01       	movw	r26, r24
    static char line[UART0_COMMAND_MAX_LENGTH];
    static uint8_t length = 0U;

    while (rx_tail != rx_head) {
    1c4e:	5a c0       	rjmp	.+180    	; 0x1d04 <uart0_readline+0xb8>
        char value = rx_buffer[rx_tail];
    1c50:	e0 91 d4 06 	lds	r30, 0x06D4	; 0x8006d4 <rx_tail>
    1c54:	f0 e0       	ldi	r31, 0x00	; 0
    1c56:	ed 5a       	subi	r30, 0xAD	; 173
    1c58:	f9 4f       	sbci	r31, 0xF9	; 249
    1c5a:	80 81       	ld	r24, Z
        rx_tail = (uint8_t)((rx_tail + 1U) & UART0_RX_BUFFER_MASK);
    1c5c:	90 91 d4 06 	lds	r25, 0x06D4	; 0x8006d4 <rx_tail>
    1c60:	9f 5f       	subi	r25, 0xFF	; 255
    1c62:	9f 77       	andi	r25, 0x7F	; 127
    1c64:	90 93 d4 06 	sts	0x06D4, r25	; 0x8006d4 <rx_tail>

        if (value == '\r' || value == '\n') {
    1c68:	8d 30       	cpi	r24, 0x0D	; 13
    1c6a:	11 f0       	breq	.+4      	; 0x1c70 <uart0_readline+0x24>
    1c6c:	8a 30       	cpi	r24, 0x0A	; 10
    1c6e:	39 f5       	brne	.+78     	; 0x1cbe <uart0_readline+0x72>
            if (length == 0U) continue;
    1c70:	e0 91 52 06 	lds	r30, 0x0652	; 0x800652 <length.1688>
    1c74:	ee 23       	and	r30, r30
    1c76:	09 f4       	brne	.+2      	; 0x1c7a <uart0_readline+0x2e>
    1c78:	45 c0       	rjmp	.+138    	; 0x1d04 <uart0_readline+0xb8>

            line[length] = '\0';
    1c7a:	f0 e0       	ldi	r31, 0x00	; 0
    1c7c:	ee 50       	subi	r30, 0x0E	; 14
    1c7e:	fa 4f       	sbci	r31, 0xFA	; 250
    1c80:	10 82       	st	Z, r1
            uint8_t index = 0U;
    1c82:	90 e0       	ldi	r25, 0x00	; 0
            while (index + 1U < destination_size && line[index] != '\0') {
    1c84:	05 c0       	rjmp	.+10     	; 0x1c90 <uart0_readline+0x44>
                destination[index] = line[index];
    1c86:	fd 01       	movw	r30, r26
    1c88:	e2 0f       	add	r30, r18
    1c8a:	f3 1f       	adc	r31, r19
    1c8c:	40 83       	st	Z, r20
                index++;
    1c8e:	9f 5f       	subi	r25, 0xFF	; 255
        if (value == '\r' || value == '\n') {
            if (length == 0U) continue;

            line[length] = '\0';
            uint8_t index = 0U;
            while (index + 1U < destination_size && line[index] != '\0') {
    1c90:	29 2f       	mov	r18, r25
    1c92:	30 e0       	ldi	r19, 0x00	; 0
    1c94:	f9 01       	movw	r30, r18
    1c96:	31 96       	adiw	r30, 0x01	; 1
    1c98:	46 2f       	mov	r20, r22
    1c9a:	50 e0       	ldi	r21, 0x00	; 0
    1c9c:	e4 17       	cp	r30, r20
    1c9e:	f5 07       	cpc	r31, r21
    1ca0:	30 f4       	brcc	.+12     	; 0x1cae <uart0_readline+0x62>
    1ca2:	f9 01       	movw	r30, r18
    1ca4:	ee 50       	subi	r30, 0x0E	; 14
    1ca6:	fa 4f       	sbci	r31, 0xFA	; 250
    1ca8:	40 81       	ld	r20, Z
    1caa:	41 11       	cpse	r20, r1
    1cac:	ec cf       	rjmp	.-40     	; 0x1c86 <uart0_readline+0x3a>
                destination[index] = line[index];
                index++;
            }
            destination[index] = '\0';
    1cae:	fd 01       	movw	r30, r26
    1cb0:	e2 0f       	add	r30, r18
    1cb2:	f3 1f       	adc	r31, r19
    1cb4:	10 82       	st	Z, r1
            length = 0U;
    1cb6:	10 92 52 06 	sts	0x0652, r1	; 0x800652 <length.1688>
            return 1U;
    1cba:	81 e0       	ldi	r24, 0x01	; 1
    1cbc:	08 95       	ret
        }

        if (value == '\b' || value == 0x7F) {
    1cbe:	88 30       	cpi	r24, 0x08	; 8
    1cc0:	11 f0       	breq	.+4      	; 0x1cc6 <uart0_readline+0x7a>
    1cc2:	8f 37       	cpi	r24, 0x7F	; 127
    1cc4:	41 f4       	brne	.+16     	; 0x1cd6 <uart0_readline+0x8a>
            if (length > 0U) length--;
    1cc6:	80 91 52 06 	lds	r24, 0x0652	; 0x800652 <length.1688>
    1cca:	88 23       	and	r24, r24
    1ccc:	d9 f0       	breq	.+54     	; 0x1d04 <uart0_readline+0xb8>
    1cce:	81 50       	subi	r24, 0x01	; 1
    1cd0:	80 93 52 06 	sts	0x0652, r24	; 0x800652 <length.1688>
            continue;
    1cd4:	17 c0       	rjmp	.+46     	; 0x1d04 <uart0_readline+0xb8>
        }

        if (length + 1U < sizeof(line)) {
    1cd6:	e0 91 52 06 	lds	r30, 0x0652	; 0x800652 <length.1688>
    1cda:	2e 2f       	mov	r18, r30
    1cdc:	30 e0       	ldi	r19, 0x00	; 0
    1cde:	2f 5f       	subi	r18, 0xFF	; 255
    1ce0:	3f 4f       	sbci	r19, 0xFF	; 255
    1ce2:	20 36       	cpi	r18, 0x60	; 96
    1ce4:	31 05       	cpc	r19, r1
    1ce6:	48 f4       	brcc	.+18     	; 0x1cfa <uart0_readline+0xae>
            line[length++] = value;
    1ce8:	91 e0       	ldi	r25, 0x01	; 1
    1cea:	9e 0f       	add	r25, r30
    1cec:	90 93 52 06 	sts	0x0652, r25	; 0x800652 <length.1688>
    1cf0:	f0 e0       	ldi	r31, 0x00	; 0
    1cf2:	ee 50       	subi	r30, 0x0E	; 14
    1cf4:	fa 4f       	sbci	r31, 0xFA	; 250
    1cf6:	80 83       	st	Z, r24
    1cf8:	05 c0       	rjmp	.+10     	; 0x1d04 <uart0_readline+0xb8>
        } else {
            length = 0U;
    1cfa:	10 92 52 06 	sts	0x0652, r1	; 0x800652 <length.1688>
            rx_overflow = 1U;
    1cfe:	81 e0       	ldi	r24, 0x01	; 1
    1d00:	80 93 d3 06 	sts	0x06D3, r24	; 0x8006d3 <rx_overflow>
uint8_t uart0_readline(char *destination, uint8_t destination_size)
{
    static char line[UART0_COMMAND_MAX_LENGTH];
    static uint8_t length = 0U;

    while (rx_tail != rx_head) {
    1d04:	90 91 d4 06 	lds	r25, 0x06D4	; 0x8006d4 <rx_tail>
    1d08:	80 91 d5 06 	lds	r24, 0x06D5	; 0x8006d5 <rx_head>
    1d0c:	98 13       	cpse	r25, r24
    1d0e:	a0 cf       	rjmp	.-192    	; 0x1c50 <uart0_readline+0x4>
            length = 0U;
            rx_overflow = 1U;
        }
    }

    return 0U;
    1d10:	80 e0       	ldi	r24, 0x00	; 0
}
    1d12:	08 95       	ret

00001d14 <uart0_rx_overflowed>:

uint8_t uart0_rx_overflowed(void)
{
    return rx_overflow;
    1d14:	80 91 d3 06 	lds	r24, 0x06D3	; 0x8006d3 <rx_overflow>
}
    1d18:	08 95       	ret

00001d1a <uart0_clear_rx_overflow>:

void uart0_clear_rx_overflow(void)
{
    rx_overflow = 0U;
    1d1a:	10 92 d3 06 	sts	0x06D3, r1	; 0x8006d3 <rx_overflow>
    1d1e:	08 95       	ret

00001d20 <__udivmodsi4>:
    1d20:	a1 e2       	ldi	r26, 0x21	; 33
    1d22:	1a 2e       	mov	r1, r26
    1d24:	aa 1b       	sub	r26, r26
    1d26:	bb 1b       	sub	r27, r27
    1d28:	fd 01       	movw	r30, r26
    1d2a:	0d c0       	rjmp	.+26     	; 0x1d46 <__udivmodsi4_ep>

00001d2c <__udivmodsi4_loop>:
    1d2c:	aa 1f       	adc	r26, r26
    1d2e:	bb 1f       	adc	r27, r27
    1d30:	ee 1f       	adc	r30, r30
    1d32:	ff 1f       	adc	r31, r31
    1d34:	a2 17       	cp	r26, r18
    1d36:	b3 07       	cpc	r27, r19
    1d38:	e4 07       	cpc	r30, r20
    1d3a:	f5 07       	cpc	r31, r21
    1d3c:	20 f0       	brcs	.+8      	; 0x1d46 <__udivmodsi4_ep>
    1d3e:	a2 1b       	sub	r26, r18
    1d40:	b3 0b       	sbc	r27, r19
    1d42:	e4 0b       	sbc	r30, r20
    1d44:	f5 0b       	sbc	r31, r21

00001d46 <__udivmodsi4_ep>:
    1d46:	66 1f       	adc	r22, r22
    1d48:	77 1f       	adc	r23, r23
    1d4a:	88 1f       	adc	r24, r24
    1d4c:	99 1f       	adc	r25, r25
    1d4e:	1a 94       	dec	r1
    1d50:	69 f7       	brne	.-38     	; 0x1d2c <__udivmodsi4_loop>
    1d52:	60 95       	com	r22
    1d54:	70 95       	com	r23
    1d56:	80 95       	com	r24
    1d58:	90 95       	com	r25
    1d5a:	9b 01       	movw	r18, r22
    1d5c:	ac 01       	movw	r20, r24
    1d5e:	bd 01       	movw	r22, r26
    1d60:	cf 01       	movw	r24, r30
    1d62:	08 95       	ret

00001d64 <__divmodsi4>:
    1d64:	05 2e       	mov	r0, r21
    1d66:	97 fb       	bst	r25, 7
    1d68:	1e f4       	brtc	.+6      	; 0x1d70 <__divmodsi4+0xc>
    1d6a:	00 94       	com	r0
    1d6c:	0e 94 c9 0e 	call	0x1d92	; 0x1d92 <__negsi2>
    1d70:	57 fd       	sbrc	r21, 7
    1d72:	07 d0       	rcall	.+14     	; 0x1d82 <__divmodsi4_neg2>
    1d74:	0e 94 90 0e 	call	0x1d20	; 0x1d20 <__udivmodsi4>
    1d78:	07 fc       	sbrc	r0, 7
    1d7a:	03 d0       	rcall	.+6      	; 0x1d82 <__divmodsi4_neg2>
    1d7c:	4e f4       	brtc	.+18     	; 0x1d90 <__divmodsi4_exit>
    1d7e:	0c 94 c9 0e 	jmp	0x1d92	; 0x1d92 <__negsi2>

00001d82 <__divmodsi4_neg2>:
    1d82:	50 95       	com	r21
    1d84:	40 95       	com	r20
    1d86:	30 95       	com	r19
    1d88:	21 95       	neg	r18
    1d8a:	3f 4f       	sbci	r19, 0xFF	; 255
    1d8c:	4f 4f       	sbci	r20, 0xFF	; 255
    1d8e:	5f 4f       	sbci	r21, 0xFF	; 255

00001d90 <__divmodsi4_exit>:
    1d90:	08 95       	ret

00001d92 <__negsi2>:
    1d92:	90 95       	com	r25
    1d94:	80 95       	com	r24
    1d96:	70 95       	com	r23
    1d98:	61 95       	neg	r22
    1d9a:	7f 4f       	sbci	r23, 0xFF	; 255
    1d9c:	8f 4f       	sbci	r24, 0xFF	; 255
    1d9e:	9f 4f       	sbci	r25, 0xFF	; 255
    1da0:	08 95       	ret

00001da2 <__umulhisi3>:
    1da2:	a2 9f       	mul	r26, r18
    1da4:	b0 01       	movw	r22, r0
    1da6:	b3 9f       	mul	r27, r19
    1da8:	c0 01       	movw	r24, r0
    1daa:	a3 9f       	mul	r26, r19
    1dac:	70 0d       	add	r23, r0
    1dae:	81 1d       	adc	r24, r1
    1db0:	11 24       	eor	r1, r1
    1db2:	91 1d       	adc	r25, r1
    1db4:	b2 9f       	mul	r27, r18
    1db6:	70 0d       	add	r23, r0
    1db8:	81 1d       	adc	r24, r1
    1dba:	11 24       	eor	r1, r1
    1dbc:	91 1d       	adc	r25, r1
    1dbe:	08 95       	ret

00001dc0 <__muluhisi3>:
    1dc0:	0e 94 d1 0e 	call	0x1da2	; 0x1da2 <__umulhisi3>
    1dc4:	a5 9f       	mul	r26, r21
    1dc6:	90 0d       	add	r25, r0
    1dc8:	b4 9f       	mul	r27, r20
    1dca:	90 0d       	add	r25, r0
    1dcc:	a4 9f       	mul	r26, r20
    1dce:	80 0d       	add	r24, r0
    1dd0:	91 1d       	adc	r25, r1
    1dd2:	11 24       	eor	r1, r1
    1dd4:	08 95       	ret

00001dd6 <__muldi3>:
    1dd6:	df 93       	push	r29
    1dd8:	cf 93       	push	r28
    1dda:	1f 93       	push	r17
    1ddc:	0f 93       	push	r16
    1dde:	9a 9d       	mul	r25, r10
    1de0:	f0 2d       	mov	r31, r0
    1de2:	21 9f       	mul	r18, r17
    1de4:	f0 0d       	add	r31, r0
    1de6:	8b 9d       	mul	r24, r11
    1de8:	f0 0d       	add	r31, r0
    1dea:	8a 9d       	mul	r24, r10
    1dec:	e0 2d       	mov	r30, r0
    1dee:	f1 0d       	add	r31, r1
    1df0:	03 9f       	mul	r16, r19
    1df2:	f0 0d       	add	r31, r0
    1df4:	02 9f       	mul	r16, r18
    1df6:	e0 0d       	add	r30, r0
    1df8:	f1 1d       	adc	r31, r1
    1dfa:	4e 9d       	mul	r20, r14
    1dfc:	e0 0d       	add	r30, r0
    1dfe:	f1 1d       	adc	r31, r1
    1e00:	5e 9d       	mul	r21, r14
    1e02:	f0 0d       	add	r31, r0
    1e04:	4f 9d       	mul	r20, r15
    1e06:	f0 0d       	add	r31, r0
    1e08:	7f 93       	push	r23
    1e0a:	6f 93       	push	r22
    1e0c:	bf 92       	push	r11
    1e0e:	af 92       	push	r10
    1e10:	5f 93       	push	r21
    1e12:	4f 93       	push	r20
    1e14:	d5 01       	movw	r26, r10
    1e16:	0e 94 d1 0e 	call	0x1da2	; 0x1da2 <__umulhisi3>
    1e1a:	8b 01       	movw	r16, r22
    1e1c:	ac 01       	movw	r20, r24
    1e1e:	d7 01       	movw	r26, r14
    1e20:	0e 94 d1 0e 	call	0x1da2	; 0x1da2 <__umulhisi3>
    1e24:	eb 01       	movw	r28, r22
    1e26:	e8 0f       	add	r30, r24
    1e28:	f9 1f       	adc	r31, r25
    1e2a:	d6 01       	movw	r26, r12
    1e2c:	0e 94 3b 0f 	call	0x1e76	; 0x1e76 <__muldi3_6>
    1e30:	2f 91       	pop	r18
    1e32:	3f 91       	pop	r19
    1e34:	d6 01       	movw	r26, r12
    1e36:	0e 94 d1 0e 	call	0x1da2	; 0x1da2 <__umulhisi3>
    1e3a:	c6 0f       	add	r28, r22
    1e3c:	d7 1f       	adc	r29, r23
    1e3e:	e8 1f       	adc	r30, r24
    1e40:	f9 1f       	adc	r31, r25
    1e42:	af 91       	pop	r26
    1e44:	bf 91       	pop	r27
    1e46:	0e 94 3b 0f 	call	0x1e76	; 0x1e76 <__muldi3_6>
    1e4a:	2f 91       	pop	r18
    1e4c:	3f 91       	pop	r19
    1e4e:	0e 94 d1 0e 	call	0x1da2	; 0x1da2 <__umulhisi3>
    1e52:	c6 0f       	add	r28, r22
    1e54:	d7 1f       	adc	r29, r23
    1e56:	e8 1f       	adc	r30, r24
    1e58:	f9 1f       	adc	r31, r25
    1e5a:	d6 01       	movw	r26, r12
    1e5c:	0e 94 d1 0e 	call	0x1da2	; 0x1da2 <__umulhisi3>
    1e60:	e6 0f       	add	r30, r22
    1e62:	f7 1f       	adc	r31, r23
    1e64:	98 01       	movw	r18, r16
    1e66:	be 01       	movw	r22, r28
    1e68:	cf 01       	movw	r24, r30
    1e6a:	11 24       	eor	r1, r1
    1e6c:	0f 91       	pop	r16
    1e6e:	1f 91       	pop	r17
    1e70:	cf 91       	pop	r28
    1e72:	df 91       	pop	r29
    1e74:	08 95       	ret

00001e76 <__muldi3_6>:
    1e76:	0e 94 d1 0e 	call	0x1da2	; 0x1da2 <__umulhisi3>
    1e7a:	46 0f       	add	r20, r22
    1e7c:	57 1f       	adc	r21, r23
    1e7e:	c8 1f       	adc	r28, r24
    1e80:	d9 1f       	adc	r29, r25
    1e82:	08 f4       	brcc	.+2      	; 0x1e86 <__muldi3_6+0x10>
    1e84:	31 96       	adiw	r30, 0x01	; 1
    1e86:	08 95       	ret

00001e88 <__moddi3>:
    1e88:	68 94       	set
    1e8a:	01 c0       	rjmp	.+2      	; 0x1e8e <__divdi3_moddi3>

00001e8c <__divdi3>:
    1e8c:	e8 94       	clt

00001e8e <__divdi3_moddi3>:
    1e8e:	f9 2f       	mov	r31, r25
    1e90:	f1 2b       	or	r31, r17
    1e92:	12 f0       	brmi	.+4      	; 0x1e98 <__divdi3_moddi3+0xa>
    1e94:	0c 94 78 0f 	jmp	0x1ef0	; 0x1ef0 <__udivdi3_umoddi3>
    1e98:	a0 e0       	ldi	r26, 0x00	; 0
    1e9a:	b0 e0       	ldi	r27, 0x00	; 0
    1e9c:	e2 e5       	ldi	r30, 0x52	; 82
    1e9e:	ff e0       	ldi	r31, 0x0F	; 15
    1ea0:	0c 94 ea 0f 	jmp	0x1fd4	; 0x1fd4 <__prologue_saves__+0xc>
    1ea4:	09 2e       	mov	r0, r25
    1ea6:	05 94       	asr	r0
    1ea8:	22 f4       	brpl	.+8      	; 0x1eb2 <__divdi3_moddi3+0x24>
    1eaa:	0e 94 d4 0f 	call	0x1fa8	; 0x1fa8 <__negdi2>
    1eae:	11 23       	and	r17, r17
    1eb0:	92 f4       	brpl	.+36     	; 0x1ed6 <__divdi3_moddi3+0x48>
    1eb2:	f0 e8       	ldi	r31, 0x80	; 128
    1eb4:	0f 26       	eor	r0, r31
    1eb6:	ff ef       	ldi	r31, 0xFF	; 255
    1eb8:	e0 94       	com	r14
    1eba:	f0 94       	com	r15
    1ebc:	00 95       	com	r16
    1ebe:	10 95       	com	r17
    1ec0:	b0 94       	com	r11
    1ec2:	c0 94       	com	r12
    1ec4:	d0 94       	com	r13
    1ec6:	a1 94       	neg	r10
    1ec8:	bf 0a       	sbc	r11, r31
    1eca:	cf 0a       	sbc	r12, r31
    1ecc:	df 0a       	sbc	r13, r31
    1ece:	ef 0a       	sbc	r14, r31
    1ed0:	ff 0a       	sbc	r15, r31
    1ed2:	0f 0b       	sbc	r16, r31
    1ed4:	1f 0b       	sbc	r17, r31
    1ed6:	0e 94 83 0f 	call	0x1f06	; 0x1f06 <__udivmod64>
    1eda:	07 fc       	sbrc	r0, 7
    1edc:	0e 94 d4 0f 	call	0x1fa8	; 0x1fa8 <__negdi2>
    1ee0:	cd b7       	in	r28, 0x3d	; 61
    1ee2:	de b7       	in	r29, 0x3e	; 62
    1ee4:	ec e0       	ldi	r30, 0x0C	; 12
    1ee6:	0c 94 06 10 	jmp	0x200c	; 0x200c <__epilogue_restores__+0xc>

00001eea <__umoddi3>:
    1eea:	68 94       	set
    1eec:	01 c0       	rjmp	.+2      	; 0x1ef0 <__udivdi3_umoddi3>

00001eee <__udivdi3>:
    1eee:	e8 94       	clt

00001ef0 <__udivdi3_umoddi3>:
    1ef0:	8f 92       	push	r8
    1ef2:	9f 92       	push	r9
    1ef4:	cf 93       	push	r28
    1ef6:	df 93       	push	r29
    1ef8:	0e 94 83 0f 	call	0x1f06	; 0x1f06 <__udivmod64>
    1efc:	df 91       	pop	r29
    1efe:	cf 91       	pop	r28
    1f00:	9f 90       	pop	r9
    1f02:	8f 90       	pop	r8
    1f04:	08 95       	ret

00001f06 <__udivmod64>:
    1f06:	88 24       	eor	r8, r8
    1f08:	99 24       	eor	r9, r9
    1f0a:	f4 01       	movw	r30, r8
    1f0c:	e4 01       	movw	r28, r8
    1f0e:	b0 e4       	ldi	r27, 0x40	; 64
    1f10:	9f 93       	push	r25
    1f12:	aa 27       	eor	r26, r26
    1f14:	9a 15       	cp	r25, r10
    1f16:	8b 04       	cpc	r8, r11
    1f18:	9c 04       	cpc	r9, r12
    1f1a:	ed 05       	cpc	r30, r13
    1f1c:	fe 05       	cpc	r31, r14
    1f1e:	cf 05       	cpc	r28, r15
    1f20:	d0 07       	cpc	r29, r16
    1f22:	a1 07       	cpc	r26, r17
    1f24:	98 f4       	brcc	.+38     	; 0x1f4c <__udivmod64+0x46>
    1f26:	ad 2f       	mov	r26, r29
    1f28:	dc 2f       	mov	r29, r28
    1f2a:	cf 2f       	mov	r28, r31
    1f2c:	fe 2f       	mov	r31, r30
    1f2e:	e9 2d       	mov	r30, r9
    1f30:	98 2c       	mov	r9, r8
    1f32:	89 2e       	mov	r8, r25
    1f34:	98 2f       	mov	r25, r24
    1f36:	87 2f       	mov	r24, r23
    1f38:	76 2f       	mov	r23, r22
    1f3a:	65 2f       	mov	r22, r21
    1f3c:	54 2f       	mov	r21, r20
    1f3e:	43 2f       	mov	r20, r19
    1f40:	32 2f       	mov	r19, r18
    1f42:	22 27       	eor	r18, r18
    1f44:	b8 50       	subi	r27, 0x08	; 8
    1f46:	31 f7       	brne	.-52     	; 0x1f14 <__udivmod64+0xe>
    1f48:	bf 91       	pop	r27
    1f4a:	27 c0       	rjmp	.+78     	; 0x1f9a <__udivmod64+0x94>
    1f4c:	1b 2e       	mov	r1, r27
    1f4e:	bf 91       	pop	r27
    1f50:	bb 27       	eor	r27, r27
    1f52:	22 0f       	add	r18, r18
    1f54:	33 1f       	adc	r19, r19
    1f56:	44 1f       	adc	r20, r20
    1f58:	55 1f       	adc	r21, r21
    1f5a:	66 1f       	adc	r22, r22
    1f5c:	77 1f       	adc	r23, r23
    1f5e:	88 1f       	adc	r24, r24
    1f60:	99 1f       	adc	r25, r25
    1f62:	88 1c       	adc	r8, r8
    1f64:	99 1c       	adc	r9, r9
    1f66:	ee 1f       	adc	r30, r30
    1f68:	ff 1f       	adc	r31, r31
    1f6a:	cc 1f       	adc	r28, r28
    1f6c:	dd 1f       	adc	r29, r29
    1f6e:	aa 1f       	adc	r26, r26
    1f70:	bb 1f       	adc	r27, r27
    1f72:	8a 14       	cp	r8, r10
    1f74:	9b 04       	cpc	r9, r11
    1f76:	ec 05       	cpc	r30, r12
    1f78:	fd 05       	cpc	r31, r13
    1f7a:	ce 05       	cpc	r28, r14
    1f7c:	df 05       	cpc	r29, r15
    1f7e:	a0 07       	cpc	r26, r16
    1f80:	b1 07       	cpc	r27, r17
    1f82:	48 f0       	brcs	.+18     	; 0x1f96 <__udivmod64+0x90>
    1f84:	8a 18       	sub	r8, r10
    1f86:	9b 08       	sbc	r9, r11
    1f88:	ec 09       	sbc	r30, r12
    1f8a:	fd 09       	sbc	r31, r13
    1f8c:	ce 09       	sbc	r28, r14
    1f8e:	df 09       	sbc	r29, r15
    1f90:	a0 0b       	sbc	r26, r16
    1f92:	b1 0b       	sbc	r27, r17
    1f94:	21 60       	ori	r18, 0x01	; 1
    1f96:	1a 94       	dec	r1
    1f98:	e1 f6       	brne	.-72     	; 0x1f52 <__udivmod64+0x4c>
    1f9a:	2e f4       	brtc	.+10     	; 0x1fa6 <__udivmod64+0xa0>
    1f9c:	94 01       	movw	r18, r8
    1f9e:	af 01       	movw	r20, r30
    1fa0:	be 01       	movw	r22, r28
    1fa2:	cd 01       	movw	r24, r26
    1fa4:	00 0c       	add	r0, r0
    1fa6:	08 95       	ret

00001fa8 <__negdi2>:
    1fa8:	60 95       	com	r22
    1faa:	70 95       	com	r23
    1fac:	80 95       	com	r24
    1fae:	90 95       	com	r25
    1fb0:	30 95       	com	r19
    1fb2:	40 95       	com	r20
    1fb4:	50 95       	com	r21
    1fb6:	21 95       	neg	r18
    1fb8:	3f 4f       	sbci	r19, 0xFF	; 255
    1fba:	4f 4f       	sbci	r20, 0xFF	; 255
    1fbc:	5f 4f       	sbci	r21, 0xFF	; 255
    1fbe:	6f 4f       	sbci	r22, 0xFF	; 255
    1fc0:	7f 4f       	sbci	r23, 0xFF	; 255
    1fc2:	8f 4f       	sbci	r24, 0xFF	; 255
    1fc4:	9f 4f       	sbci	r25, 0xFF	; 255
    1fc6:	08 95       	ret

00001fc8 <__prologue_saves__>:
    1fc8:	2f 92       	push	r2
    1fca:	3f 92       	push	r3
    1fcc:	4f 92       	push	r4
    1fce:	5f 92       	push	r5
    1fd0:	6f 92       	push	r6
    1fd2:	7f 92       	push	r7
    1fd4:	8f 92       	push	r8
    1fd6:	9f 92       	push	r9
    1fd8:	af 92       	push	r10
    1fda:	bf 92       	push	r11
    1fdc:	cf 92       	push	r12
    1fde:	df 92       	push	r13
    1fe0:	ef 92       	push	r14
    1fe2:	ff 92       	push	r15
    1fe4:	0f 93       	push	r16
    1fe6:	1f 93       	push	r17
    1fe8:	cf 93       	push	r28
    1fea:	df 93       	push	r29
    1fec:	cd b7       	in	r28, 0x3d	; 61
    1fee:	de b7       	in	r29, 0x3e	; 62
    1ff0:	ca 1b       	sub	r28, r26
    1ff2:	db 0b       	sbc	r29, r27
    1ff4:	0f b6       	in	r0, 0x3f	; 63
    1ff6:	f8 94       	cli
    1ff8:	de bf       	out	0x3e, r29	; 62
    1ffa:	0f be       	out	0x3f, r0	; 63
    1ffc:	cd bf       	out	0x3d, r28	; 61
    1ffe:	09 94       	ijmp

00002000 <__epilogue_restores__>:
    2000:	2a 88       	ldd	r2, Y+18	; 0x12
    2002:	39 88       	ldd	r3, Y+17	; 0x11
    2004:	48 88       	ldd	r4, Y+16	; 0x10
    2006:	5f 84       	ldd	r5, Y+15	; 0x0f
    2008:	6e 84       	ldd	r6, Y+14	; 0x0e
    200a:	7d 84       	ldd	r7, Y+13	; 0x0d
    200c:	8c 84       	ldd	r8, Y+12	; 0x0c
    200e:	9b 84       	ldd	r9, Y+11	; 0x0b
    2010:	aa 84       	ldd	r10, Y+10	; 0x0a
    2012:	b9 84       	ldd	r11, Y+9	; 0x09
    2014:	c8 84       	ldd	r12, Y+8	; 0x08
    2016:	df 80       	ldd	r13, Y+7	; 0x07
    2018:	ee 80       	ldd	r14, Y+6	; 0x06
    201a:	fd 80       	ldd	r15, Y+5	; 0x05
    201c:	0c 81       	ldd	r16, Y+4	; 0x04
    201e:	1b 81       	ldd	r17, Y+3	; 0x03
    2020:	aa 81       	ldd	r26, Y+2	; 0x02
    2022:	b9 81       	ldd	r27, Y+1	; 0x01
    2024:	ce 0f       	add	r28, r30
    2026:	d1 1d       	adc	r29, r1
    2028:	0f b6       	in	r0, 0x3f	; 63
    202a:	f8 94       	cli
    202c:	de bf       	out	0x3e, r29	; 62
    202e:	0f be       	out	0x3f, r0	; 63
    2030:	cd bf       	out	0x3d, r28	; 61
    2032:	ed 01       	movw	r28, r26
    2034:	08 95       	ret

00002036 <__cmpdi2_s8>:
    2036:	00 24       	eor	r0, r0
    2038:	a7 fd       	sbrc	r26, 7
    203a:	00 94       	com	r0
    203c:	2a 17       	cp	r18, r26
    203e:	30 05       	cpc	r19, r0
    2040:	40 05       	cpc	r20, r0
    2042:	50 05       	cpc	r21, r0
    2044:	60 05       	cpc	r22, r0
    2046:	70 05       	cpc	r23, r0
    2048:	80 05       	cpc	r24, r0
    204a:	90 05       	cpc	r25, r0
    204c:	08 95       	ret

0000204e <strtol>:
    204e:	a0 e0       	ldi	r26, 0x00	; 0
    2050:	b0 e0       	ldi	r27, 0x00	; 0
    2052:	ed e2       	ldi	r30, 0x2D	; 45
    2054:	f0 e1       	ldi	r31, 0x10	; 16
    2056:	0c 94 e5 0f 	jmp	0x1fca	; 0x1fca <__prologue_saves__+0x2>
    205a:	5c 01       	movw	r10, r24
    205c:	6b 01       	movw	r12, r22
    205e:	7a 01       	movw	r14, r20
    2060:	61 15       	cp	r22, r1
    2062:	71 05       	cpc	r23, r1
    2064:	19 f0       	breq	.+6      	; 0x206c <strtol+0x1e>
    2066:	fb 01       	movw	r30, r22
    2068:	91 83       	std	Z+1, r25	; 0x01
    206a:	80 83       	st	Z, r24
    206c:	e1 14       	cp	r14, r1
    206e:	f1 04       	cpc	r15, r1
    2070:	29 f0       	breq	.+10     	; 0x207c <strtol+0x2e>
    2072:	c7 01       	movw	r24, r14
    2074:	02 97       	sbiw	r24, 0x02	; 2
    2076:	83 97       	sbiw	r24, 0x23	; 35
    2078:	08 f0       	brcs	.+2      	; 0x207c <strtol+0x2e>
    207a:	e5 c0       	rjmp	.+458    	; 0x2246 <strtol+0x1f8>
    207c:	e5 01       	movw	r28, r10
    207e:	21 96       	adiw	r28, 0x01	; 1
    2080:	f5 01       	movw	r30, r10
    2082:	10 81       	ld	r17, Z
    2084:	81 2f       	mov	r24, r17
    2086:	90 e0       	ldi	r25, 0x00	; 0
    2088:	0e 94 32 12 	call	0x2464	; 0x2464 <isspace>
    208c:	89 2b       	or	r24, r25
    208e:	11 f0       	breq	.+4      	; 0x2094 <strtol+0x46>
    2090:	5e 01       	movw	r10, r28
    2092:	f4 cf       	rjmp	.-24     	; 0x207c <strtol+0x2e>
    2094:	1d 32       	cpi	r17, 0x2D	; 45
    2096:	29 f4       	brne	.+10     	; 0x20a2 <strtol+0x54>
    2098:	21 96       	adiw	r28, 0x01	; 1
    209a:	f5 01       	movw	r30, r10
    209c:	11 81       	ldd	r17, Z+1	; 0x01
    209e:	01 e0       	ldi	r16, 0x01	; 1
    20a0:	07 c0       	rjmp	.+14     	; 0x20b0 <strtol+0x62>
    20a2:	1b 32       	cpi	r17, 0x2B	; 43
    20a4:	21 f4       	brne	.+8      	; 0x20ae <strtol+0x60>
    20a6:	e5 01       	movw	r28, r10
    20a8:	22 96       	adiw	r28, 0x02	; 2
    20aa:	f5 01       	movw	r30, r10
    20ac:	11 81       	ldd	r17, Z+1	; 0x01
    20ae:	00 e0       	ldi	r16, 0x00	; 0
    20b0:	e1 14       	cp	r14, r1
    20b2:	f1 04       	cpc	r15, r1
    20b4:	09 f1       	breq	.+66     	; 0x20f8 <strtol+0xaa>
    20b6:	f0 e1       	ldi	r31, 0x10	; 16
    20b8:	ef 16       	cp	r14, r31
    20ba:	f1 04       	cpc	r15, r1
    20bc:	29 f4       	brne	.+10     	; 0x20c8 <strtol+0x7a>
    20be:	3f c0       	rjmp	.+126    	; 0x213e <strtol+0xf0>
    20c0:	10 e3       	ldi	r17, 0x30	; 48
    20c2:	e1 14       	cp	r14, r1
    20c4:	f1 04       	cpc	r15, r1
    20c6:	21 f1       	breq	.+72     	; 0x2110 <strtol+0xc2>
    20c8:	28 e0       	ldi	r18, 0x08	; 8
    20ca:	e2 16       	cp	r14, r18
    20cc:	f1 04       	cpc	r15, r1
    20ce:	01 f1       	breq	.+64     	; 0x2110 <strtol+0xc2>
    20d0:	54 f4       	brge	.+20     	; 0x20e6 <strtol+0x98>
    20d2:	e2 e0       	ldi	r30, 0x02	; 2
    20d4:	ee 16       	cp	r14, r30
    20d6:	f1 04       	cpc	r15, r1
    20d8:	21 f5       	brne	.+72     	; 0x2122 <strtol+0xd4>
    20da:	81 2c       	mov	r8, r1
    20dc:	91 2c       	mov	r9, r1
    20de:	a1 2c       	mov	r10, r1
    20e0:	b0 e4       	ldi	r27, 0x40	; 64
    20e2:	bb 2e       	mov	r11, r27
    20e4:	3e c0       	rjmp	.+124    	; 0x2162 <strtol+0x114>
    20e6:	fa e0       	ldi	r31, 0x0A	; 10
    20e8:	ef 16       	cp	r14, r31
    20ea:	f1 04       	cpc	r15, r1
    20ec:	39 f0       	breq	.+14     	; 0x20fc <strtol+0xae>
    20ee:	20 e1       	ldi	r18, 0x10	; 16
    20f0:	e2 16       	cp	r14, r18
    20f2:	f1 04       	cpc	r15, r1
    20f4:	b1 f4       	brne	.+44     	; 0x2122 <strtol+0xd4>
    20f6:	30 c0       	rjmp	.+96     	; 0x2158 <strtol+0x10a>
    20f8:	10 33       	cpi	r17, 0x30	; 48
    20fa:	19 f1       	breq	.+70     	; 0x2142 <strtol+0xf4>
    20fc:	fa e0       	ldi	r31, 0x0A	; 10
    20fe:	ef 2e       	mov	r14, r31
    2100:	f1 2c       	mov	r15, r1
    2102:	ac ec       	ldi	r26, 0xCC	; 204
    2104:	8a 2e       	mov	r8, r26
    2106:	98 2c       	mov	r9, r8
    2108:	a8 2c       	mov	r10, r8
    210a:	ac e0       	ldi	r26, 0x0C	; 12
    210c:	ba 2e       	mov	r11, r26
    210e:	29 c0       	rjmp	.+82     	; 0x2162 <strtol+0x114>
    2110:	78 e0       	ldi	r23, 0x08	; 8
    2112:	e7 2e       	mov	r14, r23
    2114:	f1 2c       	mov	r15, r1
    2116:	81 2c       	mov	r8, r1
    2118:	91 2c       	mov	r9, r1
    211a:	a1 2c       	mov	r10, r1
    211c:	e0 e1       	ldi	r30, 0x10	; 16
    211e:	be 2e       	mov	r11, r30
    2120:	20 c0       	rjmp	.+64     	; 0x2162 <strtol+0x114>
    2122:	60 e0       	ldi	r22, 0x00	; 0
    2124:	70 e0       	ldi	r23, 0x00	; 0
    2126:	80 e0       	ldi	r24, 0x00	; 0
    2128:	90 e8       	ldi	r25, 0x80	; 128
    212a:	97 01       	movw	r18, r14
    212c:	0f 2c       	mov	r0, r15
    212e:	00 0c       	add	r0, r0
    2130:	44 0b       	sbc	r20, r20
    2132:	55 0b       	sbc	r21, r21
    2134:	0e 94 90 0e 	call	0x1d20	; 0x1d20 <__udivmodsi4>
    2138:	49 01       	movw	r8, r18
    213a:	5a 01       	movw	r10, r20
    213c:	12 c0       	rjmp	.+36     	; 0x2162 <strtol+0x114>
    213e:	10 33       	cpi	r17, 0x30	; 48
    2140:	59 f4       	brne	.+22     	; 0x2158 <strtol+0x10a>
    2142:	88 81       	ld	r24, Y
    2144:	8f 7d       	andi	r24, 0xDF	; 223
    2146:	88 35       	cpi	r24, 0x58	; 88
    2148:	09 f0       	breq	.+2      	; 0x214c <strtol+0xfe>
    214a:	ba cf       	rjmp	.-140    	; 0x20c0 <strtol+0x72>
    214c:	19 81       	ldd	r17, Y+1	; 0x01
    214e:	22 96       	adiw	r28, 0x02	; 2
    2150:	02 60       	ori	r16, 0x02	; 2
    2152:	80 e1       	ldi	r24, 0x10	; 16
    2154:	e8 2e       	mov	r14, r24
    2156:	f1 2c       	mov	r15, r1
    2158:	81 2c       	mov	r8, r1
    215a:	91 2c       	mov	r9, r1
    215c:	a1 2c       	mov	r10, r1
    215e:	68 e0       	ldi	r22, 0x08	; 8
    2160:	b6 2e       	mov	r11, r22
    2162:	40 e0       	ldi	r20, 0x00	; 0
    2164:	60 e0       	ldi	r22, 0x00	; 0
    2166:	70 e0       	ldi	r23, 0x00	; 0
    2168:	cb 01       	movw	r24, r22
    216a:	27 01       	movw	r4, r14
    216c:	0f 2c       	mov	r0, r15
    216e:	00 0c       	add	r0, r0
    2170:	66 08       	sbc	r6, r6
    2172:	77 08       	sbc	r7, r7
    2174:	fe 01       	movw	r30, r28
    2176:	50 ed       	ldi	r21, 0xD0	; 208
    2178:	35 2e       	mov	r3, r21
    217a:	31 0e       	add	r3, r17
    217c:	29 e0       	ldi	r18, 0x09	; 9
    217e:	23 15       	cp	r18, r3
    2180:	70 f4       	brcc	.+28     	; 0x219e <strtol+0x150>
    2182:	2f eb       	ldi	r18, 0xBF	; 191
    2184:	21 0f       	add	r18, r17
    2186:	2a 31       	cpi	r18, 0x1A	; 26
    2188:	18 f4       	brcc	.+6      	; 0x2190 <strtol+0x142>
    218a:	39 ec       	ldi	r19, 0xC9	; 201
    218c:	33 2e       	mov	r3, r19
    218e:	06 c0       	rjmp	.+12     	; 0x219c <strtol+0x14e>
    2190:	2f e9       	ldi	r18, 0x9F	; 159
    2192:	21 0f       	add	r18, r17
    2194:	2a 31       	cpi	r18, 0x1A	; 26
    2196:	18 f5       	brcc	.+70     	; 0x21de <strtol+0x190>
    2198:	29 ea       	ldi	r18, 0xA9	; 169
    219a:	32 2e       	mov	r3, r18
    219c:	31 0e       	add	r3, r17
    219e:	23 2d       	mov	r18, r3
    21a0:	30 e0       	ldi	r19, 0x00	; 0
    21a2:	2e 15       	cp	r18, r14
    21a4:	3f 05       	cpc	r19, r15
    21a6:	dc f4       	brge	.+54     	; 0x21de <strtol+0x190>
    21a8:	47 fd       	sbrc	r20, 7
    21aa:	16 c0       	rjmp	.+44     	; 0x21d8 <strtol+0x18a>
    21ac:	86 16       	cp	r8, r22
    21ae:	97 06       	cpc	r9, r23
    21b0:	a8 06       	cpc	r10, r24
    21b2:	b9 06       	cpc	r11, r25
    21b4:	70 f0       	brcs	.+28     	; 0x21d2 <strtol+0x184>
    21b6:	a3 01       	movw	r20, r6
    21b8:	92 01       	movw	r18, r4
    21ba:	0e 94 b9 12 	call	0x2572	; 0x2572 <__mulsi3>
    21be:	63 0d       	add	r22, r3
    21c0:	71 1d       	adc	r23, r1
    21c2:	81 1d       	adc	r24, r1
    21c4:	91 1d       	adc	r25, r1
    21c6:	61 30       	cpi	r22, 0x01	; 1
    21c8:	71 05       	cpc	r23, r1
    21ca:	81 05       	cpc	r24, r1
    21cc:	20 e8       	ldi	r18, 0x80	; 128
    21ce:	92 07       	cpc	r25, r18
    21d0:	10 f0       	brcs	.+4      	; 0x21d6 <strtol+0x188>
    21d2:	4f ef       	ldi	r20, 0xFF	; 255
    21d4:	01 c0       	rjmp	.+2      	; 0x21d8 <strtol+0x18a>
    21d6:	41 e0       	ldi	r20, 0x01	; 1
    21d8:	21 96       	adiw	r28, 0x01	; 1
    21da:	10 81       	ld	r17, Z
    21dc:	cb cf       	rjmp	.-106    	; 0x2174 <strtol+0x126>
    21de:	20 2f       	mov	r18, r16
    21e0:	21 70       	andi	r18, 0x01	; 1
    21e2:	c1 14       	cp	r12, r1
    21e4:	d1 04       	cpc	r13, r1
    21e6:	71 f0       	breq	.+28     	; 0x2204 <strtol+0x1b6>
    21e8:	44 23       	and	r20, r20
    21ea:	29 f0       	breq	.+10     	; 0x21f6 <strtol+0x1a8>
    21ec:	21 97       	sbiw	r28, 0x01	; 1
    21ee:	f6 01       	movw	r30, r12
    21f0:	d1 83       	std	Z+1, r29	; 0x01
    21f2:	c0 83       	st	Z, r28
    21f4:	07 c0       	rjmp	.+14     	; 0x2204 <strtol+0x1b6>
    21f6:	01 ff       	sbrs	r16, 1
    21f8:	19 c0       	rjmp	.+50     	; 0x222c <strtol+0x1de>
    21fa:	22 97       	sbiw	r28, 0x02	; 2
    21fc:	f6 01       	movw	r30, r12
    21fe:	d1 83       	std	Z+1, r29	; 0x01
    2200:	c0 83       	st	Z, r28
    2202:	14 c0       	rjmp	.+40     	; 0x222c <strtol+0x1de>
    2204:	47 ff       	sbrs	r20, 7
    2206:	12 c0       	rjmp	.+36     	; 0x222c <strtol+0x1de>
    2208:	22 23       	and	r18, r18
    220a:	29 f0       	breq	.+10     	; 0x2216 <strtol+0x1c8>
    220c:	60 e0       	ldi	r22, 0x00	; 0
    220e:	70 e0       	ldi	r23, 0x00	; 0
    2210:	80 e0       	ldi	r24, 0x00	; 0
    2212:	90 e8       	ldi	r25, 0x80	; 128
    2214:	04 c0       	rjmp	.+8      	; 0x221e <strtol+0x1d0>
    2216:	6f ef       	ldi	r22, 0xFF	; 255
    2218:	7f ef       	ldi	r23, 0xFF	; 255
    221a:	8f ef       	ldi	r24, 0xFF	; 255
    221c:	9f e7       	ldi	r25, 0x7F	; 127
    221e:	22 e2       	ldi	r18, 0x22	; 34
    2220:	30 e0       	ldi	r19, 0x00	; 0
    2222:	30 93 d7 06 	sts	0x06D7, r19	; 0x8006d7 <errno+0x1>
    2226:	20 93 d6 06 	sts	0x06D6, r18	; 0x8006d6 <errno>
    222a:	09 c0       	rjmp	.+18     	; 0x223e <strtol+0x1f0>
    222c:	22 23       	and	r18, r18
    222e:	81 f0       	breq	.+32     	; 0x2250 <strtol+0x202>
    2230:	90 95       	com	r25
    2232:	80 95       	com	r24
    2234:	70 95       	com	r23
    2236:	61 95       	neg	r22
    2238:	7f 4f       	sbci	r23, 0xFF	; 255
    223a:	8f 4f       	sbci	r24, 0xFF	; 255
    223c:	9f 4f       	sbci	r25, 0xFF	; 255
    223e:	46 2f       	mov	r20, r22
    2240:	37 2f       	mov	r19, r23
    2242:	28 2f       	mov	r18, r24
    2244:	12 c0       	rjmp	.+36     	; 0x226a <strtol+0x21c>
    2246:	40 e0       	ldi	r20, 0x00	; 0
    2248:	30 e0       	ldi	r19, 0x00	; 0
    224a:	20 e0       	ldi	r18, 0x00	; 0
    224c:	90 e0       	ldi	r25, 0x00	; 0
    224e:	0d c0       	rjmp	.+26     	; 0x226a <strtol+0x21c>
    2250:	97 ff       	sbrs	r25, 7
    2252:	f5 cf       	rjmp	.-22     	; 0x223e <strtol+0x1f0>
    2254:	82 e2       	ldi	r24, 0x22	; 34
    2256:	90 e0       	ldi	r25, 0x00	; 0
    2258:	90 93 d7 06 	sts	0x06D7, r25	; 0x8006d7 <errno+0x1>
    225c:	80 93 d6 06 	sts	0x06D6, r24	; 0x8006d6 <errno>
    2260:	6f ef       	ldi	r22, 0xFF	; 255
    2262:	7f ef       	ldi	r23, 0xFF	; 255
    2264:	8f ef       	ldi	r24, 0xFF	; 255
    2266:	9f e7       	ldi	r25, 0x7F	; 127
    2268:	ea cf       	rjmp	.-44     	; 0x223e <strtol+0x1f0>
    226a:	64 2f       	mov	r22, r20
    226c:	73 2f       	mov	r23, r19
    226e:	82 2f       	mov	r24, r18
    2270:	cd b7       	in	r28, 0x3d	; 61
    2272:	de b7       	in	r29, 0x3e	; 62
    2274:	e1 e1       	ldi	r30, 0x11	; 17
    2276:	0c 94 01 10 	jmp	0x2002	; 0x2002 <__epilogue_restores__+0x2>

0000227a <strtoul>:
    227a:	a0 e0       	ldi	r26, 0x00	; 0
    227c:	b0 e0       	ldi	r27, 0x00	; 0
    227e:	e3 e4       	ldi	r30, 0x43	; 67
    2280:	f1 e1       	ldi	r31, 0x11	; 17
    2282:	0c 94 e5 0f 	jmp	0x1fca	; 0x1fca <__prologue_saves__+0x2>
    2286:	5c 01       	movw	r10, r24
    2288:	6b 01       	movw	r12, r22
    228a:	7a 01       	movw	r14, r20
    228c:	61 15       	cp	r22, r1
    228e:	71 05       	cpc	r23, r1
    2290:	19 f0       	breq	.+6      	; 0x2298 <strtoul+0x1e>
    2292:	fb 01       	movw	r30, r22
    2294:	91 83       	std	Z+1, r25	; 0x01
    2296:	80 83       	st	Z, r24
    2298:	e1 14       	cp	r14, r1
    229a:	f1 04       	cpc	r15, r1
    229c:	29 f0       	breq	.+10     	; 0x22a8 <strtoul+0x2e>
    229e:	c7 01       	movw	r24, r14
    22a0:	02 97       	sbiw	r24, 0x02	; 2
    22a2:	83 97       	sbiw	r24, 0x23	; 35
    22a4:	08 f0       	brcs	.+2      	; 0x22a8 <strtoul+0x2e>
    22a6:	c9 c0       	rjmp	.+402    	; 0x243a <strtoul+0x1c0>
    22a8:	e5 01       	movw	r28, r10
    22aa:	21 96       	adiw	r28, 0x01	; 1
    22ac:	f5 01       	movw	r30, r10
    22ae:	10 81       	ld	r17, Z
    22b0:	81 2f       	mov	r24, r17
    22b2:	90 e0       	ldi	r25, 0x00	; 0
    22b4:	0e 94 32 12 	call	0x2464	; 0x2464 <isspace>
    22b8:	89 2b       	or	r24, r25
    22ba:	11 f0       	breq	.+4      	; 0x22c0 <strtoul+0x46>
    22bc:	5e 01       	movw	r10, r28
    22be:	f4 cf       	rjmp	.-24     	; 0x22a8 <strtoul+0x2e>
    22c0:	1d 32       	cpi	r17, 0x2D	; 45
    22c2:	29 f4       	brne	.+10     	; 0x22ce <strtoul+0x54>
    22c4:	21 96       	adiw	r28, 0x01	; 1
    22c6:	f5 01       	movw	r30, r10
    22c8:	11 81       	ldd	r17, Z+1	; 0x01
    22ca:	01 e0       	ldi	r16, 0x01	; 1
    22cc:	07 c0       	rjmp	.+14     	; 0x22dc <strtoul+0x62>
    22ce:	1b 32       	cpi	r17, 0x2B	; 43
    22d0:	21 f4       	brne	.+8      	; 0x22da <strtoul+0x60>
    22d2:	e5 01       	movw	r28, r10
    22d4:	22 96       	adiw	r28, 0x02	; 2
    22d6:	f5 01       	movw	r30, r10
    22d8:	11 81       	ldd	r17, Z+1	; 0x01
    22da:	00 e0       	ldi	r16, 0x00	; 0
    22dc:	e1 14       	cp	r14, r1
    22de:	f1 04       	cpc	r15, r1
    22e0:	b1 f0       	breq	.+44     	; 0x230e <strtoul+0x94>
    22e2:	f0 e1       	ldi	r31, 0x10	; 16
    22e4:	ef 16       	cp	r14, r31
    22e6:	f1 04       	cpc	r15, r1
    22e8:	29 f4       	brne	.+10     	; 0x22f4 <strtoul+0x7a>
    22ea:	b0 c0       	rjmp	.+352    	; 0x244c <strtoul+0x1d2>
    22ec:	10 e3       	ldi	r17, 0x30	; 48
    22ee:	e1 14       	cp	r14, r1
    22f0:	f1 04       	cpc	r15, r1
    22f2:	01 f1       	breq	.+64     	; 0x2334 <strtoul+0xba>
    22f4:	2a e0       	ldi	r18, 0x0A	; 10
    22f6:	e2 16       	cp	r14, r18
    22f8:	f1 04       	cpc	r15, r1
    22fa:	b1 f1       	breq	.+108    	; 0x2368 <strtoul+0xee>
    22fc:	80 e1       	ldi	r24, 0x10	; 16
    22fe:	e8 16       	cp	r14, r24
    2300:	f1 04       	cpc	r15, r1
    2302:	71 f0       	breq	.+28     	; 0x2320 <strtoul+0xa6>
    2304:	e8 e0       	ldi	r30, 0x08	; 8
    2306:	ee 16       	cp	r14, r30
    2308:	f1 04       	cpc	r15, r1
    230a:	f1 f4       	brne	.+60     	; 0x2348 <strtoul+0xce>
    230c:	13 c0       	rjmp	.+38     	; 0x2334 <strtoul+0xba>
    230e:	10 33       	cpi	r17, 0x30	; 48
    2310:	41 f5       	brne	.+80     	; 0x2362 <strtoul+0xe8>
    2312:	88 81       	ld	r24, Y
    2314:	8f 7d       	andi	r24, 0xDF	; 223
    2316:	88 35       	cpi	r24, 0x58	; 88
    2318:	49 f7       	brne	.-46     	; 0x22ec <strtoul+0x72>
    231a:	19 81       	ldd	r17, Y+1	; 0x01
    231c:	22 96       	adiw	r28, 0x02	; 2
    231e:	02 60       	ori	r16, 0x02	; 2
    2320:	f0 e1       	ldi	r31, 0x10	; 16
    2322:	ef 2e       	mov	r14, r31
    2324:	f1 2c       	mov	r15, r1
    2326:	88 24       	eor	r8, r8
    2328:	8a 94       	dec	r8
    232a:	98 2c       	mov	r9, r8
    232c:	a8 2c       	mov	r10, r8
    232e:	af e0       	ldi	r26, 0x0F	; 15
    2330:	ba 2e       	mov	r11, r26
    2332:	20 c0       	rjmp	.+64     	; 0x2374 <strtoul+0xfa>
    2334:	78 e0       	ldi	r23, 0x08	; 8
    2336:	e7 2e       	mov	r14, r23
    2338:	f1 2c       	mov	r15, r1
    233a:	88 24       	eor	r8, r8
    233c:	8a 94       	dec	r8
    233e:	98 2c       	mov	r9, r8
    2340:	a8 2c       	mov	r10, r8
    2342:	ef e1       	ldi	r30, 0x1F	; 31
    2344:	be 2e       	mov	r11, r30
    2346:	16 c0       	rjmp	.+44     	; 0x2374 <strtoul+0xfa>
    2348:	6f ef       	ldi	r22, 0xFF	; 255
    234a:	7f ef       	ldi	r23, 0xFF	; 255
    234c:	cb 01       	movw	r24, r22
    234e:	97 01       	movw	r18, r14
    2350:	0f 2c       	mov	r0, r15
    2352:	00 0c       	add	r0, r0
    2354:	44 0b       	sbc	r20, r20
    2356:	55 0b       	sbc	r21, r21
    2358:	0e 94 90 0e 	call	0x1d20	; 0x1d20 <__udivmodsi4>
    235c:	49 01       	movw	r8, r18
    235e:	5a 01       	movw	r10, r20
    2360:	09 c0       	rjmp	.+18     	; 0x2374 <strtoul+0xfa>
    2362:	8a e0       	ldi	r24, 0x0A	; 10
    2364:	e8 2e       	mov	r14, r24
    2366:	f1 2c       	mov	r15, r1
    2368:	69 e9       	ldi	r22, 0x99	; 153
    236a:	86 2e       	mov	r8, r22
    236c:	98 2c       	mov	r9, r8
    236e:	a8 2c       	mov	r10, r8
    2370:	69 e1       	ldi	r22, 0x19	; 25
    2372:	b6 2e       	mov	r11, r22
    2374:	40 e0       	ldi	r20, 0x00	; 0
    2376:	60 e0       	ldi	r22, 0x00	; 0
    2378:	70 e0       	ldi	r23, 0x00	; 0
    237a:	cb 01       	movw	r24, r22
    237c:	27 01       	movw	r4, r14
    237e:	0f 2c       	mov	r0, r15
    2380:	00 0c       	add	r0, r0
    2382:	66 08       	sbc	r6, r6
    2384:	77 08       	sbc	r7, r7
    2386:	fe 01       	movw	r30, r28
    2388:	50 ed       	ldi	r21, 0xD0	; 208
    238a:	35 2e       	mov	r3, r21
    238c:	31 0e       	add	r3, r17
    238e:	29 e0       	ldi	r18, 0x09	; 9
    2390:	23 15       	cp	r18, r3
    2392:	70 f4       	brcc	.+28     	; 0x23b0 <strtoul+0x136>
    2394:	2f eb       	ldi	r18, 0xBF	; 191
    2396:	21 0f       	add	r18, r17
    2398:	2a 31       	cpi	r18, 0x1A	; 26
    239a:	18 f4       	brcc	.+6      	; 0x23a2 <strtoul+0x128>
    239c:	39 ec       	ldi	r19, 0xC9	; 201
    239e:	33 2e       	mov	r3, r19
    23a0:	06 c0       	rjmp	.+12     	; 0x23ae <strtoul+0x134>
    23a2:	2f e9       	ldi	r18, 0x9F	; 159
    23a4:	21 0f       	add	r18, r17
    23a6:	2a 31       	cpi	r18, 0x1A	; 26
    23a8:	30 f5       	brcc	.+76     	; 0x23f6 <strtoul+0x17c>
    23aa:	29 ea       	ldi	r18, 0xA9	; 169
    23ac:	32 2e       	mov	r3, r18
    23ae:	31 0e       	add	r3, r17
    23b0:	23 2d       	mov	r18, r3
    23b2:	30 e0       	ldi	r19, 0x00	; 0
    23b4:	2e 15       	cp	r18, r14
    23b6:	3f 05       	cpc	r19, r15
    23b8:	f4 f4       	brge	.+60     	; 0x23f6 <strtoul+0x17c>
    23ba:	4f 3f       	cpi	r20, 0xFF	; 255
    23bc:	c9 f0       	breq	.+50     	; 0x23f0 <strtoul+0x176>
    23be:	86 16       	cp	r8, r22
    23c0:	97 06       	cpc	r9, r23
    23c2:	a8 06       	cpc	r10, r24
    23c4:	b9 06       	cpc	r11, r25
    23c6:	88 f0       	brcs	.+34     	; 0x23ea <strtoul+0x170>
    23c8:	a3 01       	movw	r20, r6
    23ca:	92 01       	movw	r18, r4
    23cc:	0e 94 b9 12 	call	0x2572	; 0x2572 <__mulsi3>
    23d0:	23 2d       	mov	r18, r3
    23d2:	30 e0       	ldi	r19, 0x00	; 0
    23d4:	40 e0       	ldi	r20, 0x00	; 0
    23d6:	50 e0       	ldi	r21, 0x00	; 0
    23d8:	62 0f       	add	r22, r18
    23da:	73 1f       	adc	r23, r19
    23dc:	84 1f       	adc	r24, r20
    23de:	95 1f       	adc	r25, r21
    23e0:	62 17       	cp	r22, r18
    23e2:	73 07       	cpc	r23, r19
    23e4:	84 07       	cpc	r24, r20
    23e6:	95 07       	cpc	r25, r21
    23e8:	10 f4       	brcc	.+4      	; 0x23ee <strtoul+0x174>
    23ea:	4f ef       	ldi	r20, 0xFF	; 255
    23ec:	01 c0       	rjmp	.+2      	; 0x23f0 <strtoul+0x176>
    23ee:	41 e0       	ldi	r20, 0x01	; 1
    23f0:	21 96       	adiw	r28, 0x01	; 1
    23f2:	10 81       	ld	r17, Z
    23f4:	c8 cf       	rjmp	.-112    	; 0x2386 <strtoul+0x10c>
    23f6:	c1 14       	cp	r12, r1
    23f8:	d1 04       	cpc	r13, r1
    23fa:	51 f0       	breq	.+20     	; 0x2410 <strtoul+0x196>
    23fc:	44 23       	and	r20, r20
    23fe:	11 f0       	breq	.+4      	; 0x2404 <strtoul+0x18a>
    2400:	21 97       	sbiw	r28, 0x01	; 1
    2402:	03 c0       	rjmp	.+6      	; 0x240a <strtoul+0x190>
    2404:	01 ff       	sbrs	r16, 1
    2406:	04 c0       	rjmp	.+8      	; 0x2410 <strtoul+0x196>
    2408:	22 97       	sbiw	r28, 0x02	; 2
    240a:	f6 01       	movw	r30, r12
    240c:	d1 83       	std	Z+1, r29	; 0x01
    240e:	c0 83       	st	Z, r28
    2410:	00 ff       	sbrs	r16, 0
    2412:	07 c0       	rjmp	.+14     	; 0x2422 <strtoul+0x1a8>
    2414:	90 95       	com	r25
    2416:	80 95       	com	r24
    2418:	70 95       	com	r23
    241a:	61 95       	neg	r22
    241c:	7f 4f       	sbci	r23, 0xFF	; 255
    241e:	8f 4f       	sbci	r24, 0xFF	; 255
    2420:	9f 4f       	sbci	r25, 0xFF	; 255
    2422:	4f 3f       	cpi	r20, 0xFF	; 255
    2424:	79 f4       	brne	.+30     	; 0x2444 <strtoul+0x1ca>
    2426:	82 e2       	ldi	r24, 0x22	; 34
    2428:	90 e0       	ldi	r25, 0x00	; 0
    242a:	90 93 d7 06 	sts	0x06D7, r25	; 0x8006d7 <errno+0x1>
    242e:	80 93 d6 06 	sts	0x06D6, r24	; 0x8006d6 <errno>
    2432:	3f ef       	ldi	r19, 0xFF	; 255
    2434:	2f ef       	ldi	r18, 0xFF	; 255
    2436:	9f ef       	ldi	r25, 0xFF	; 255
    2438:	0d c0       	rjmp	.+26     	; 0x2454 <strtoul+0x1da>
    243a:	40 e0       	ldi	r20, 0x00	; 0
    243c:	30 e0       	ldi	r19, 0x00	; 0
    243e:	20 e0       	ldi	r18, 0x00	; 0
    2440:	90 e0       	ldi	r25, 0x00	; 0
    2442:	08 c0       	rjmp	.+16     	; 0x2454 <strtoul+0x1da>
    2444:	46 2f       	mov	r20, r22
    2446:	37 2f       	mov	r19, r23
    2448:	28 2f       	mov	r18, r24
    244a:	04 c0       	rjmp	.+8      	; 0x2454 <strtoul+0x1da>
    244c:	10 33       	cpi	r17, 0x30	; 48
    244e:	09 f0       	breq	.+2      	; 0x2452 <strtoul+0x1d8>
    2450:	67 cf       	rjmp	.-306    	; 0x2320 <strtoul+0xa6>
    2452:	5f cf       	rjmp	.-322    	; 0x2312 <strtoul+0x98>
    2454:	64 2f       	mov	r22, r20
    2456:	73 2f       	mov	r23, r19
    2458:	82 2f       	mov	r24, r18
    245a:	cd b7       	in	r28, 0x3d	; 61
    245c:	de b7       	in	r29, 0x3e	; 62
    245e:	e1 e1       	ldi	r30, 0x11	; 17
    2460:	0c 94 01 10 	jmp	0x2002	; 0x2002 <__epilogue_restores__+0x2>

00002464 <isspace>:
    2464:	91 11       	cpse	r25, r1
    2466:	0c 94 84 12 	jmp	0x2508	; 0x2508 <__ctype_isfalse>
    246a:	80 32       	cpi	r24, 0x20	; 32
    246c:	19 f0       	breq	.+6      	; 0x2474 <isspace+0x10>
    246e:	89 50       	subi	r24, 0x09	; 9
    2470:	85 50       	subi	r24, 0x05	; 5
    2472:	c8 f7       	brcc	.-14     	; 0x2466 <isspace+0x2>
    2474:	08 95       	ret

00002476 <strtok>:
    2476:	4e ea       	ldi	r20, 0xAE	; 174
    2478:	55 e0       	ldi	r21, 0x05	; 5
    247a:	0e 94 5d 12 	call	0x24ba	; 0x24ba <strtok_r>
    247e:	08 95       	ret

00002480 <memcmp>:
    2480:	fb 01       	movw	r30, r22
    2482:	dc 01       	movw	r26, r24
    2484:	04 c0       	rjmp	.+8      	; 0x248e <memcmp+0xe>
    2486:	8d 91       	ld	r24, X+
    2488:	01 90       	ld	r0, Z+
    248a:	80 19       	sub	r24, r0
    248c:	21 f4       	brne	.+8      	; 0x2496 <memcmp+0x16>
    248e:	41 50       	subi	r20, 0x01	; 1
    2490:	50 40       	sbci	r21, 0x00	; 0
    2492:	c8 f7       	brcc	.-14     	; 0x2486 <memcmp+0x6>
    2494:	88 1b       	sub	r24, r24
    2496:	99 0b       	sbc	r25, r25
    2498:	08 95       	ret

0000249a <memset>:
    249a:	dc 01       	movw	r26, r24
    249c:	01 c0       	rjmp	.+2      	; 0x24a0 <memset+0x6>
    249e:	6d 93       	st	X+, r22
    24a0:	41 50       	subi	r20, 0x01	; 1
    24a2:	50 40       	sbci	r21, 0x00	; 0
    24a4:	e0 f7       	brcc	.-8      	; 0x249e <memset+0x4>
    24a6:	08 95       	ret

000024a8 <strcmp>:
    24a8:	fb 01       	movw	r30, r22
    24aa:	dc 01       	movw	r26, r24
    24ac:	8d 91       	ld	r24, X+
    24ae:	01 90       	ld	r0, Z+
    24b0:	80 19       	sub	r24, r0
    24b2:	01 10       	cpse	r0, r1
    24b4:	d9 f3       	breq	.-10     	; 0x24ac <strcmp+0x4>
    24b6:	99 0b       	sbc	r25, r25
    24b8:	08 95       	ret

000024ba <strtok_r>:
    24ba:	fa 01       	movw	r30, r20
    24bc:	a1 91       	ld	r26, Z+
    24be:	b0 81       	ld	r27, Z
    24c0:	00 97       	sbiw	r24, 0x00	; 0
    24c2:	19 f4       	brne	.+6      	; 0x24ca <strtok_r+0x10>
    24c4:	10 97       	sbiw	r26, 0x00	; 0
    24c6:	e1 f0       	breq	.+56     	; 0x2500 <strtok_r+0x46>
    24c8:	cd 01       	movw	r24, r26
    24ca:	dc 01       	movw	r26, r24
    24cc:	cd 01       	movw	r24, r26
    24ce:	0d 90       	ld	r0, X+
    24d0:	00 20       	and	r0, r0
    24d2:	11 f4       	brne	.+4      	; 0x24d8 <strtok_r+0x1e>
    24d4:	c0 01       	movw	r24, r0
    24d6:	13 c0       	rjmp	.+38     	; 0x24fe <strtok_r+0x44>
    24d8:	fb 01       	movw	r30, r22
    24da:	21 91       	ld	r18, Z+
    24dc:	22 23       	and	r18, r18
    24de:	19 f0       	breq	.+6      	; 0x24e6 <strtok_r+0x2c>
    24e0:	20 15       	cp	r18, r0
    24e2:	d9 f7       	brne	.-10     	; 0x24da <strtok_r+0x20>
    24e4:	f3 cf       	rjmp	.-26     	; 0x24cc <strtok_r+0x12>
    24e6:	fb 01       	movw	r30, r22
    24e8:	21 91       	ld	r18, Z+
    24ea:	20 15       	cp	r18, r0
    24ec:	19 f4       	brne	.+6      	; 0x24f4 <strtok_r+0x3a>
    24ee:	1e 92       	st	-X, r1
    24f0:	11 96       	adiw	r26, 0x01	; 1
    24f2:	06 c0       	rjmp	.+12     	; 0x2500 <strtok_r+0x46>
    24f4:	22 23       	and	r18, r18
    24f6:	c1 f7       	brne	.-16     	; 0x24e8 <strtok_r+0x2e>
    24f8:	0d 90       	ld	r0, X+
    24fa:	00 20       	and	r0, r0
    24fc:	a1 f7       	brne	.-24     	; 0x24e6 <strtok_r+0x2c>
    24fe:	d0 01       	movw	r26, r0
    2500:	fa 01       	movw	r30, r20
    2502:	a1 93       	st	Z+, r26
    2504:	b0 83       	st	Z, r27
    2506:	08 95       	ret

00002508 <__ctype_isfalse>:
    2508:	99 27       	eor	r25, r25
    250a:	88 27       	eor	r24, r24

0000250c <__ctype_istrue>:
    250c:	08 95       	ret

0000250e <eeprom_read_block>:
    250e:	dc 01       	movw	r26, r24
    2510:	cb 01       	movw	r24, r22

00002512 <eeprom_read_blraw>:
    2512:	fc 01       	movw	r30, r24
    2514:	f9 99       	sbic	0x1f, 1	; 31
    2516:	fe cf       	rjmp	.-4      	; 0x2514 <eeprom_read_blraw+0x2>
    2518:	06 c0       	rjmp	.+12     	; 0x2526 <eeprom_read_blraw+0x14>
    251a:	f2 bd       	out	0x22, r31	; 34
    251c:	e1 bd       	out	0x21, r30	; 33
    251e:	f8 9a       	sbi	0x1f, 0	; 31
    2520:	31 96       	adiw	r30, 0x01	; 1
    2522:	00 b4       	in	r0, 0x20	; 32
    2524:	0d 92       	st	X+, r0
    2526:	41 50       	subi	r20, 0x01	; 1
    2528:	50 40       	sbci	r21, 0x00	; 0
    252a:	b8 f7       	brcc	.-18     	; 0x251a <eeprom_read_blraw+0x8>
    252c:	08 95       	ret

0000252e <eeprom_update_block>:
    252e:	dc 01       	movw	r26, r24
    2530:	a4 0f       	add	r26, r20
    2532:	b5 1f       	adc	r27, r21
    2534:	41 50       	subi	r20, 0x01	; 1
    2536:	50 40       	sbci	r21, 0x00	; 0
    2538:	48 f0       	brcs	.+18     	; 0x254c <eeprom_update_block+0x1e>
    253a:	cb 01       	movw	r24, r22
    253c:	84 0f       	add	r24, r20
    253e:	95 1f       	adc	r25, r21
    2540:	2e 91       	ld	r18, -X
    2542:	0e 94 a8 12 	call	0x2550	; 0x2550 <eeprom_update_r18>
    2546:	41 50       	subi	r20, 0x01	; 1
    2548:	50 40       	sbci	r21, 0x00	; 0
    254a:	d0 f7       	brcc	.-12     	; 0x2540 <eeprom_update_block+0x12>
    254c:	08 95       	ret

0000254e <eeprom_update_byte>:
    254e:	26 2f       	mov	r18, r22

00002550 <eeprom_update_r18>:
    2550:	f9 99       	sbic	0x1f, 1	; 31
    2552:	fe cf       	rjmp	.-4      	; 0x2550 <eeprom_update_r18>
    2554:	92 bd       	out	0x22, r25	; 34
    2556:	81 bd       	out	0x21, r24	; 33
    2558:	f8 9a       	sbi	0x1f, 0	; 31
    255a:	01 97       	sbiw	r24, 0x01	; 1
    255c:	00 b4       	in	r0, 0x20	; 32
    255e:	02 16       	cp	r0, r18
    2560:	39 f0       	breq	.+14     	; 0x2570 <eeprom_update_r18+0x20>
    2562:	1f ba       	out	0x1f, r1	; 31
    2564:	20 bd       	out	0x20, r18	; 32
    2566:	0f b6       	in	r0, 0x3f	; 63
    2568:	f8 94       	cli
    256a:	fa 9a       	sbi	0x1f, 2	; 31
    256c:	f9 9a       	sbi	0x1f, 1	; 31
    256e:	0f be       	out	0x3f, r0	; 63
    2570:	08 95       	ret

00002572 <__mulsi3>:
    2572:	db 01       	movw	r26, r22
    2574:	8f 93       	push	r24
    2576:	9f 93       	push	r25
    2578:	0e 94 e0 0e 	call	0x1dc0	; 0x1dc0 <__muluhisi3>
    257c:	bf 91       	pop	r27
    257e:	af 91       	pop	r26
    2580:	a2 9f       	mul	r26, r18
    2582:	80 0d       	add	r24, r0
    2584:	91 1d       	adc	r25, r1
    2586:	a3 9f       	mul	r26, r19
    2588:	90 0d       	add	r25, r0
    258a:	b2 9f       	mul	r27, r18
    258c:	90 0d       	add	r25, r0
    258e:	11 24       	eor	r1, r1
    2590:	08 95       	ret

00002592 <_exit>:
    2592:	f8 94       	cli

00002594 <__stop_program>:
    2594:	ff cf       	rjmp	.-2      	; 0x2594 <__stop_program>
