ISO-10303-21;
HEADER;
/* Generated by software containing ST-Developer
 * from STEP Tools, Inc. (www.steptools.com) 
 */

FILE_DESCRIPTION(
/* description */ ('FreeCAD Model'),
/* implementation_level */ '2;1');

FILE_NAME(
/* name */ 'PHAP3320.stp',
/* time_stamp */ '2026-08-05T17:37:03+02:00',
/* author */ ('stefa'),
/* organization */ (''),
/* preprocessor_version */ 'ST-DEVELOPER v20.1',
/* originating_system */ 'Autodesk Inventor 2026',
/* authorisation */ 'Unknown');

FILE_SCHEMA (('AUTOMOTIVE_DESIGN { 1 0 10303 214 3 1 1 }'));
ENDSEC;

DATA;
#10=MECHANICAL_DESIGN_GEOMETRIC_PRESENTATION_REPRESENTATION('',(#188,#189,
#190,#191,#192,#193,#194,#195,#196,#197,#198,#199),#4565);
#11=ITEM_DEFINED_TRANSFORMATION($,$,#2652,#2976);
#12=ITEM_DEFINED_TRANSFORMATION($,$,#2700,#2977);
#13=ITEM_DEFINED_TRANSFORMATION($,$,#2748,#2978);
#14=(
REPRESENTATION_RELATIONSHIP($,$,#4582,#4581)
REPRESENTATION_RELATIONSHIP_WITH_TRANSFORMATION(#11)
SHAPE_REPRESENTATION_RELATIONSHIP()
);
#15=(
REPRESENTATION_RELATIONSHIP($,$,#4583,#4581)
REPRESENTATION_RELATIONSHIP_WITH_TRANSFORMATION(#12)
SHAPE_REPRESENTATION_RELATIONSHIP()
);
#16=(
REPRESENTATION_RELATIONSHIP($,$,#4584,#4581)
REPRESENTATION_RELATIONSHIP_WITH_TRANSFORMATION(#13)
SHAPE_REPRESENTATION_RELATIONSHIP()
);
#17=CONTEXT_DEPENDENT_SHAPE_REPRESENTATION(#14,#4578);
#18=CONTEXT_DEPENDENT_SHAPE_REPRESENTATION(#15,#4579);
#19=CONTEXT_DEPENDENT_SHAPE_REPRESENTATION(#16,#4580);
#20=NEXT_ASSEMBLY_USAGE_OCCURRENCE('1','1','1',#4586,#4587,'1');
#21=NEXT_ASSEMBLY_USAGE_OCCURRENCE('2','2','2',#4586,#4588,'2');
#22=NEXT_ASSEMBLY_USAGE_OCCURRENCE('5','5','5',#4586,#4589,'5');
#23=SPHERICAL_SURFACE('',#2847,0.1);
#24=SPHERICAL_SURFACE('',#2866,0.1);
#25=SPHERICAL_SURFACE('',#2873,0.1);
#26=SPHERICAL_SURFACE('',#2895,0.1);
#27=SPHERICAL_SURFACE('',#2965,0.1);
#28=SPHERICAL_SURFACE('',#2966,0.1);
#29=SPHERICAL_SURFACE('',#2967,0.1);
#30=SPHERICAL_SURFACE('',#2968,0.1);
#31=FACE_BOUND('',#550,.T.);
#32=FACE_BOUND('',#561,.T.);
#33=FACE_BOUND('',#567,.T.);
#34=FACE_BOUND('',#568,.T.);
#35=FACE_BOUND('',#569,.T.);
#36=FACE_BOUND('',#570,.T.);
#37=FACE_BOUND('',#571,.T.);
#38=FACE_BOUND('',#578,.T.);
#39=FACE_BOUND('',#580,.T.);
#40=FACE_BOUND('',#582,.T.);
#41=FACE_BOUND('',#584,.T.);
#42=FACE_BOUND('',#586,.T.);
#43=TOROIDAL_SURFACE('',#2752,0.35,0.15);
#44=TOROIDAL_SURFACE('',#2756,0.35,0.15);
#45=TOROIDAL_SURFACE('',#2767,0.35,0.15);
#46=TOROIDAL_SURFACE('',#2770,0.35,0.15);
#47=TOROIDAL_SURFACE('',#2819,0.475,0.1);
#48=TOROIDAL_SURFACE('',#2822,0.475,0.1);
#49=TOROIDAL_SURFACE('',#2825,0.475,0.1);
#50=TOROIDAL_SURFACE('',#2828,3.3,0.1);
#51=TOROIDAL_SURFACE('',#2831,0.475,0.1);
#52=TOROIDAL_SURFACE('',#2853,0.2,0.1);
#53=TOROIDAL_SURFACE('',#2858,0.4,0.1);
#54=TOROIDAL_SURFACE('',#2878,0.2,0.1);
#55=TOROIDAL_SURFACE('',#2883,0.2,0.1);
#56=TOROIDAL_SURFACE('',#2900,0.2,0.1);
#57=TOROIDAL_SURFACE('',#2908,0.4,0.1);
#58=TOROIDAL_SURFACE('',#2919,0.4,0.1);
#59=TOROIDAL_SURFACE('',#2921,0.2,0.1);
#60=TOROIDAL_SURFACE('',#2936,0.2,0.1);
#61=TOROIDAL_SURFACE('',#2941,0.2,0.1);
#62=TOROIDAL_SURFACE('',#2956,0.2,0.1);
#63=TOROIDAL_SURFACE('',#2963,0.4,0.1);
#64=CIRCLE('',#2750,0.15);
#65=CIRCLE('',#2751,0.15);
#66=CIRCLE('',#2753,0.15);
#67=CIRCLE('',#2754,0.35);
#68=CIRCLE('',#2755,0.5);
#69=CIRCLE('',#2757,0.35);
#70=CIRCLE('',#2758,0.15);
#71=CIRCLE('',#2759,0.5);
#72=CIRCLE('',#2761,0.35);
#73=CIRCLE('',#2762,0.35);
#74=CIRCLE('',#2764,0.15);
#75=CIRCLE('',#2766,0.15);
#76=CIRCLE('',#2768,0.15);
#77=CIRCLE('',#2769,0.5);
#78=CIRCLE('',#2771,0.15);
#79=CIRCLE('',#2772,0.5);
#80=CIRCLE('',#2784,0.625);
#81=CIRCLE('',#2785,0.625);
#82=CIRCLE('',#2786,0.625);
#83=CIRCLE('',#2787,3.5);
#84=CIRCLE('',#2788,0.625);
#85=CIRCLE('',#2790,0.625);
#86=CIRCLE('',#2792,0.625);
#87=CIRCLE('',#2794,0.625);
#88=CIRCLE('',#2796,3.5);
#89=CIRCLE('',#2798,0.625);
#90=CIRCLE('',#2800,0.575);
#91=CIRCLE('',#2802,0.575);
#92=CIRCLE('',#2804,0.575);
#93=CIRCLE('',#2806,3.4);
#94=CIRCLE('',#2808,0.575);
#95=CIRCLE('',#2810,0.575);
#96=CIRCLE('',#2812,0.575);
#97=CIRCLE('',#2814,0.575);
#98=CIRCLE('',#2816,3.4);
#99=CIRCLE('',#2818,0.575);
#100=CIRCLE('',#2820,0.1);
#101=CIRCLE('',#2821,0.475);
#102=CIRCLE('',#2823,0.1);
#103=CIRCLE('',#2824,0.475);
#104=CIRCLE('',#2826,0.1);
#105=CIRCLE('',#2827,0.475);
#106=CIRCLE('',#2829,3.3);
#107=CIRCLE('',#2830,0.1);
#108=CIRCLE('',#2832,0.1);
#109=CIRCLE('',#2833,0.475);
#110=CIRCLE('',#2840,0.2);
#111=CIRCLE('',#2841,0.2);
#112=CIRCLE('',#2842,0.2);
#113=CIRCLE('',#2843,0.2);
#114=CIRCLE('',#2845,0.1);
#115=CIRCLE('',#2846,0.1);
#116=CIRCLE('',#2848,0.1);
#117=CIRCLE('',#2849,0.1);
#118=CIRCLE('',#2851,0.1);
#119=CIRCLE('',#2852,0.1);
#120=CIRCLE('',#2854,0.1);
#121=CIRCLE('',#2855,0.1);
#122=CIRCLE('',#2857,0.1);
#123=CIRCLE('',#2859,0.4);
#124=CIRCLE('',#2860,0.1);
#125=CIRCLE('',#2861,0.5);
#126=CIRCLE('',#2863,0.4);
#127=CIRCLE('',#2865,0.1);
#128=CIRCLE('',#2867,0.1);
#129=CIRCLE('',#2868,0.1);
#130=CIRCLE('',#2870,0.1);
#131=CIRCLE('',#2874,0.1);
#132=CIRCLE('',#2875,0.1);
#133=CIRCLE('',#2877,0.1);
#134=CIRCLE('',#2879,0.1);
#135=CIRCLE('',#2880,0.1);
#136=CIRCLE('',#2882,0.1);
#137=CIRCLE('',#2884,0.1);
#138=CIRCLE('',#2885,0.1);
#139=CIRCLE('',#2889,0.1);
#140=CIRCLE('',#2892,0.1);
#141=CIRCLE('',#2896,0.1);
#142=CIRCLE('',#2897,0.1);
#143=CIRCLE('',#2899,0.1);
#144=CIRCLE('',#2901,0.1);
#145=CIRCLE('',#2902,0.1);
#146=CIRCLE('',#2904,0.1);
#147=CIRCLE('',#2907,0.1);
#148=CIRCLE('',#2909,0.1);
#149=CIRCLE('',#2910,0.4);
#150=CIRCLE('',#2911,0.5);
#151=CIRCLE('',#2913,0.4);
#152=CIRCLE('',#2915,0.1);
#153=CIRCLE('',#2917,0.1);
#154=CIRCLE('',#2918,0.1);
#155=CIRCLE('',#2920,0.5);
#156=CIRCLE('',#2922,0.1);
#157=CIRCLE('',#2923,0.2);
#158=CIRCLE('',#2925,0.1);
#159=CIRCLE('',#2927,0.1);
#160=CIRCLE('',#2929,0.1);
#161=CIRCLE('',#2930,0.1);
#162=CIRCLE('',#2932,0.1);
#163=CIRCLE('',#2934,0.1);
#164=CIRCLE('',#2935,0.1);
#165=CIRCLE('',#2937,0.1);
#166=CIRCLE('',#2938,0.2);
#167=CIRCLE('',#2940,0.1);
#168=CIRCLE('',#2942,0.1);
#169=CIRCLE('',#2943,0.2);
#170=CIRCLE('',#2945,0.1);
#171=CIRCLE('',#2947,0.1);
#172=CIRCLE('',#2949,0.1);
#173=CIRCLE('',#2951,0.1);
#174=CIRCLE('',#2952,0.1);
#175=CIRCLE('',#2954,0.1);
#176=CIRCLE('',#2955,0.1);
#177=CIRCLE('',#2957,0.1);
#178=CIRCLE('',#2958,0.2);
#179=CIRCLE('',#2960,0.1);
#180=CIRCLE('',#2962,0.1);
#181=CIRCLE('',#2964,0.5);
#182=SHAPE_REPRESENTATION_RELATIONSHIP('SRR','None',#4582,#185);
#183=SHAPE_REPRESENTATION_RELATIONSHIP('SRR','None',#4583,#186);
#184=SHAPE_REPRESENTATION_RELATIONSHIP('SRR','None',#4584,#187);
#185=ADVANCED_BREP_SHAPE_REPRESENTATION('',(#200),#4562);
#186=ADVANCED_BREP_SHAPE_REPRESENTATION('',(#201),#4563);
#187=ADVANCED_BREP_SHAPE_REPRESENTATION('',(#202),#4564);
#188=STYLED_ITEM('',(#2574),#200);
#189=STYLED_ITEM('',(#2575),#201);
#190=STYLED_ITEM('',(#2577),#2437);
#191=STYLED_ITEM('',(#2577),#2438);
#192=STYLED_ITEM('',(#2577),#2439);
#193=STYLED_ITEM('',(#2577),#2440);
#194=STYLED_ITEM('',(#2577),#2441);
#195=STYLED_ITEM('',(#2577),#2442);
#196=STYLED_ITEM('',(#2578),#2456);
#197=STYLED_ITEM('',(#2578),#2461);
#198=STYLED_ITEM('',(#2578),#2466);
#199=STYLED_ITEM('',(#2576),#202);
#200=MANIFOLD_SOLID_BREP('Solid1',#2533);
#201=MANIFOLD_SOLID_BREP('Solid1',#2534);
#202=MANIFOLD_SOLID_BREP('Solid1',#2535);
#203=ELLIPSE('',#2656,0.07071067811865,0.05);
#204=ELLIPSE('',#2657,0.05411961001462,0.05);
#205=ELLIPSE('',#2659,0.07071067811865,0.05);
#206=ELLIPSE('',#2660,0.05411961001462,0.05);
#207=ELLIPSE('',#2664,0.05077133059429,0.05);
#208=ELLIPSE('',#2666,0.05077133059429,0.05);
#209=ELLIPSE('',#2669,0.05411961001462,0.05);
#210=ELLIPSE('',#2672,0.05411961001462,0.05);
#211=ELLIPSE('',#2676,0.05338046818719,0.05);
#212=ELLIPSE('',#2678,0.05338046818719,0.05);
#213=ELLIPSE('',#2680,0.05077133059429,0.05);
#214=ELLIPSE('',#2682,0.08827586410676,0.05);
#215=ELLIPSE('',#2684,0.05338046818719,0.05);
#216=ELLIPSE('',#2686,0.06067032050468,0.05);
#217=ELLIPSE('',#2689,0.05077133059429,0.05);
#218=ELLIPSE('',#2691,0.08827586410676,0.05);
#219=ELLIPSE('',#2693,0.05338046818719,0.05);
#220=ELLIPSE('',#2695,0.06067032050468,0.05);
#221=ELLIPSE('',#2704,0.07071067811865,0.05);
#222=ELLIPSE('',#2705,0.05411961001462,0.05);
#223=ELLIPSE('',#2707,0.07071067811865,0.05);
#224=ELLIPSE('',#2708,0.05411961001462,0.05);
#225=ELLIPSE('',#2712,0.05077133059429,0.05);
#226=ELLIPSE('',#2714,0.05077133059429,0.05);
#227=ELLIPSE('',#2717,0.05411961001462,0.05);
#228=ELLIPSE('',#2720,0.05411961001462,0.05);
#229=ELLIPSE('',#2724,0.05338046818719,0.05);
#230=ELLIPSE('',#2726,0.05338046818719,0.05);
#231=ELLIPSE('',#2728,0.05077133059429,0.05);
#232=ELLIPSE('',#2730,0.08827586410676,0.05);
#233=ELLIPSE('',#2732,0.05338046818719,0.05);
#234=ELLIPSE('',#2734,0.06067032050468,0.05);
#235=ELLIPSE('',#2737,0.05077133059429,0.05);
#236=ELLIPSE('',#2739,0.08827586410676,0.05);
#237=ELLIPSE('',#2741,0.05338046818719,0.05);
#238=ELLIPSE('',#2743,0.06067032050468,0.05);
#239=CYLINDRICAL_SURFACE('',#2655,0.05);
#240=CYLINDRICAL_SURFACE('',#2658,0.05);
#241=CYLINDRICAL_SURFACE('',#2663,0.05);
#242=CYLINDRICAL_SURFACE('',#2665,0.05);
#243=CYLINDRICAL_SURFACE('',#2668,0.05);
#244=CYLINDRICAL_SURFACE('',#2671,0.05);
#245=CYLINDRICAL_SURFACE('',#2675,0.05);
#246=CYLINDRICAL_SURFACE('',#2677,0.05);
#247=CYLINDRICAL_SURFACE('',#2679,0.05);
#248=CYLINDRICAL_SURFACE('',#2681,0.05);
#249=CYLINDRICAL_SURFACE('',#2683,0.05);
#250=CYLINDRICAL_SURFACE('',#2685,0.05);
#251=CYLINDRICAL_SURFACE('',#2687,0.05);
#252=CYLINDRICAL_SURFACE('',#2688,0.05);
#253=CYLINDRICAL_SURFACE('',#2690,0.05);
#254=CYLINDRICAL_SURFACE('',#2692,0.05);
#255=CYLINDRICAL_SURFACE('',#2694,0.05);
#256=CYLINDRICAL_SURFACE('',#2696,0.05);
#257=CYLINDRICAL_SURFACE('',#2703,0.05);
#258=CYLINDRICAL_SURFACE('',#2706,0.05);
#259=CYLINDRICAL_SURFACE('',#2711,0.05);
#260=CYLINDRICAL_SURFACE('',#2713,0.05);
#261=CYLINDRICAL_SURFACE('',#2716,0.05);
#262=CYLINDRICAL_SURFACE('',#2719,0.05);
#263=CYLINDRICAL_SURFACE('',#2723,0.05);
#264=CYLINDRICAL_SURFACE('',#2725,0.05);
#265=CYLINDRICAL_SURFACE('',#2727,0.05);
#266=CYLINDRICAL_SURFACE('',#2729,0.05);
#267=CYLINDRICAL_SURFACE('',#2731,0.05);
#268=CYLINDRICAL_SURFACE('',#2733,0.05);
#269=CYLINDRICAL_SURFACE('',#2735,0.05);
#270=CYLINDRICAL_SURFACE('',#2736,0.05);
#271=CYLINDRICAL_SURFACE('',#2738,0.05);
#272=CYLINDRICAL_SURFACE('',#2740,0.05);
#273=CYLINDRICAL_SURFACE('',#2742,0.05);
#274=CYLINDRICAL_SURFACE('',#2744,0.05);
#275=CYLINDRICAL_SURFACE('',#2749,0.15);
#276=CYLINDRICAL_SURFACE('',#2763,0.15);
#277=CYLINDRICAL_SURFACE('',#2765,0.15);
#278=CYLINDRICAL_SURFACE('',#2773,0.15);
#279=CYLINDRICAL_SURFACE('',#2789,0.625);
#280=CYLINDRICAL_SURFACE('',#2791,0.625);
#281=CYLINDRICAL_SURFACE('',#2793,0.625);
#282=CYLINDRICAL_SURFACE('',#2795,3.5);
#283=CYLINDRICAL_SURFACE('',#2797,0.625);
#284=CYLINDRICAL_SURFACE('',#2809,0.575);
#285=CYLINDRICAL_SURFACE('',#2811,0.575);
#286=CYLINDRICAL_SURFACE('',#2813,0.575);
#287=CYLINDRICAL_SURFACE('',#2815,3.4);
#288=CYLINDRICAL_SURFACE('',#2817,0.575);
#289=CYLINDRICAL_SURFACE('',#2844,0.1);
#290=CYLINDRICAL_SURFACE('',#2850,0.1);
#291=CYLINDRICAL_SURFACE('',#2856,0.1);
#292=CYLINDRICAL_SURFACE('',#2864,0.1);
#293=CYLINDRICAL_SURFACE('',#2869,0.1);
#294=CYLINDRICAL_SURFACE('',#2876,0.1);
#295=CYLINDRICAL_SURFACE('',#2881,0.1);
#296=CYLINDRICAL_SURFACE('',#2886,0.1);
#297=CYLINDRICAL_SURFACE('',#2888,0.1);
#298=CYLINDRICAL_SURFACE('',#2891,0.1);
#299=CYLINDRICAL_SURFACE('',#2898,0.1);
#300=CYLINDRICAL_SURFACE('',#2903,0.1);
#301=CYLINDRICAL_SURFACE('',#2906,0.1);
#302=CYLINDRICAL_SURFACE('',#2914,0.1);
#303=CYLINDRICAL_SURFACE('',#2916,0.1);
#304=CYLINDRICAL_SURFACE('',#2924,0.1);
#305=CYLINDRICAL_SURFACE('',#2926,0.1);
#306=CYLINDRICAL_SURFACE('',#2928,0.1);
#307=CYLINDRICAL_SURFACE('',#2931,0.1);
#308=CYLINDRICAL_SURFACE('',#2933,0.1);
#309=CYLINDRICAL_SURFACE('',#2939,0.1);
#310=CYLINDRICAL_SURFACE('',#2944,0.1);
#311=CYLINDRICAL_SURFACE('',#2946,0.1);
#312=CYLINDRICAL_SURFACE('',#2948,0.1);
#313=CYLINDRICAL_SURFACE('',#2950,0.1);
#314=CYLINDRICAL_SURFACE('',#2953,0.1);
#315=CYLINDRICAL_SURFACE('',#2959,0.1);
#316=CYLINDRICAL_SURFACE('',#2961,0.1);
#317=CYLINDRICAL_SURFACE('',#2972,0.5);
#318=CYLINDRICAL_SURFACE('',#2973,0.5);
#319=CYLINDRICAL_SURFACE('',#2974,0.5);
#320=CYLINDRICAL_SURFACE('',#2975,0.5);
#321=FACE_OUTER_BOUND('',#488,.T.);
#322=FACE_OUTER_BOUND('',#489,.T.);
#323=FACE_OUTER_BOUND('',#490,.T.);
#324=FACE_OUTER_BOUND('',#491,.T.);
#325=FACE_OUTER_BOUND('',#492,.T.);
#326=FACE_OUTER_BOUND('',#493,.T.);
#327=FACE_OUTER_BOUND('',#494,.T.);
#328=FACE_OUTER_BOUND('',#495,.T.);
#329=FACE_OUTER_BOUND('',#496,.T.);
#330=FACE_OUTER_BOUND('',#497,.T.);
#331=FACE_OUTER_BOUND('',#498,.T.);
#332=FACE_OUTER_BOUND('',#499,.T.);
#333=FACE_OUTER_BOUND('',#500,.T.);
#334=FACE_OUTER_BOUND('',#501,.T.);
#335=FACE_OUTER_BOUND('',#502,.T.);
#336=FACE_OUTER_BOUND('',#503,.T.);
#337=FACE_OUTER_BOUND('',#504,.T.);
#338=FACE_OUTER_BOUND('',#505,.T.);
#339=FACE_OUTER_BOUND('',#506,.T.);
#340=FACE_OUTER_BOUND('',#507,.T.);
#341=FACE_OUTER_BOUND('',#508,.T.);
#342=FACE_OUTER_BOUND('',#509,.T.);
#343=FACE_OUTER_BOUND('',#510,.T.);
#344=FACE_OUTER_BOUND('',#511,.T.);
#345=FACE_OUTER_BOUND('',#512,.T.);
#346=FACE_OUTER_BOUND('',#513,.T.);
#347=FACE_OUTER_BOUND('',#514,.T.);
#348=FACE_OUTER_BOUND('',#515,.T.);
#349=FACE_OUTER_BOUND('',#516,.T.);
#350=FACE_OUTER_BOUND('',#517,.T.);
#351=FACE_OUTER_BOUND('',#518,.T.);
#352=FACE_OUTER_BOUND('',#519,.T.);
#353=FACE_OUTER_BOUND('',#520,.T.);
#354=FACE_OUTER_BOUND('',#521,.T.);
#355=FACE_OUTER_BOUND('',#522,.T.);
#356=FACE_OUTER_BOUND('',#523,.T.);
#357=FACE_OUTER_BOUND('',#524,.T.);
#358=FACE_OUTER_BOUND('',#525,.T.);
#359=FACE_OUTER_BOUND('',#526,.T.);
#360=FACE_OUTER_BOUND('',#527,.T.);
#361=FACE_OUTER_BOUND('',#528,.T.);
#362=FACE_OUTER_BOUND('',#529,.T.);
#363=FACE_OUTER_BOUND('',#530,.T.);
#364=FACE_OUTER_BOUND('',#531,.T.);
#365=FACE_OUTER_BOUND('',#532,.T.);
#366=FACE_OUTER_BOUND('',#533,.T.);
#367=FACE_OUTER_BOUND('',#534,.T.);
#368=FACE_OUTER_BOUND('',#535,.T.);
#369=FACE_OUTER_BOUND('',#536,.T.);
#370=FACE_OUTER_BOUND('',#537,.T.);
#371=FACE_OUTER_BOUND('',#538,.T.);
#372=FACE_OUTER_BOUND('',#539,.T.);
#373=FACE_OUTER_BOUND('',#540,.T.);
#374=FACE_OUTER_BOUND('',#541,.T.);
#375=FACE_OUTER_BOUND('',#542,.T.);
#376=FACE_OUTER_BOUND('',#543,.T.);
#377=FACE_OUTER_BOUND('',#544,.T.);
#378=FACE_OUTER_BOUND('',#545,.T.);
#379=FACE_OUTER_BOUND('',#546,.T.);
#380=FACE_OUTER_BOUND('',#547,.T.);
#381=FACE_OUTER_BOUND('',#548,.T.);
#382=FACE_OUTER_BOUND('',#549,.T.);
#383=FACE_OUTER_BOUND('',#551,.T.);
#384=FACE_OUTER_BOUND('',#552,.T.);
#385=FACE_OUTER_BOUND('',#553,.T.);
#386=FACE_OUTER_BOUND('',#554,.T.);
#387=FACE_OUTER_BOUND('',#555,.T.);
#388=FACE_OUTER_BOUND('',#556,.T.);
#389=FACE_OUTER_BOUND('',#557,.T.);
#390=FACE_OUTER_BOUND('',#558,.T.);
#391=FACE_OUTER_BOUND('',#559,.T.);
#392=FACE_OUTER_BOUND('',#560,.T.);
#393=FACE_OUTER_BOUND('',#562,.T.);
#394=FACE_OUTER_BOUND('',#563,.T.);
#395=FACE_OUTER_BOUND('',#564,.T.);
#396=FACE_OUTER_BOUND('',#565,.T.);
#397=FACE_OUTER_BOUND('',#566,.T.);
#398=FACE_OUTER_BOUND('',#572,.T.);
#399=FACE_OUTER_BOUND('',#573,.T.);
#400=FACE_OUTER_BOUND('',#574,.T.);
#401=FACE_OUTER_BOUND('',#575,.T.);
#402=FACE_OUTER_BOUND('',#576,.T.);
#403=FACE_OUTER_BOUND('',#577,.T.);
#404=FACE_OUTER_BOUND('',#579,.T.);
#405=FACE_OUTER_BOUND('',#581,.T.);
#406=FACE_OUTER_BOUND('',#583,.T.);
#407=FACE_OUTER_BOUND('',#585,.T.);
#408=FACE_OUTER_BOUND('',#587,.T.);
#409=FACE_OUTER_BOUND('',#588,.T.);
#410=FACE_OUTER_BOUND('',#589,.T.);
#411=FACE_OUTER_BOUND('',#590,.T.);
#412=FACE_OUTER_BOUND('',#591,.T.);
#413=FACE_OUTER_BOUND('',#592,.T.);
#414=FACE_OUTER_BOUND('',#593,.T.);
#415=FACE_OUTER_BOUND('',#594,.T.);
#416=FACE_OUTER_BOUND('',#595,.T.);
#417=FACE_OUTER_BOUND('',#596,.T.);
#418=FACE_OUTER_BOUND('',#597,.T.);
#419=FACE_OUTER_BOUND('',#598,.T.);
#420=FACE_OUTER_BOUND('',#599,.T.);
#421=FACE_OUTER_BOUND('',#600,.T.);
#422=FACE_OUTER_BOUND('',#601,.T.);
#423=FACE_OUTER_BOUND('',#602,.T.);
#424=FACE_OUTER_BOUND('',#603,.T.);
#425=FACE_OUTER_BOUND('',#604,.T.);
#426=FACE_OUTER_BOUND('',#605,.T.);
#427=FACE_OUTER_BOUND('',#606,.T.);
#428=FACE_OUTER_BOUND('',#607,.T.);
#429=FACE_OUTER_BOUND('',#608,.T.);
#430=FACE_OUTER_BOUND('',#609,.T.);
#431=FACE_OUTER_BOUND('',#610,.T.);
#432=FACE_OUTER_BOUND('',#611,.T.);
#433=FACE_OUTER_BOUND('',#612,.T.);
#434=FACE_OUTER_BOUND('',#613,.T.);
#435=FACE_OUTER_BOUND('',#614,.T.);
#436=FACE_OUTER_BOUND('',#615,.T.);
#437=FACE_OUTER_BOUND('',#616,.T.);
#438=FACE_OUTER_BOUND('',#617,.T.);
#439=FACE_OUTER_BOUND('',#618,.T.);
#440=FACE_OUTER_BOUND('',#619,.T.);
#441=FACE_OUTER_BOUND('',#620,.T.);
#442=FACE_OUTER_BOUND('',#621,.T.);
#443=FACE_OUTER_BOUND('',#622,.T.);
#444=FACE_OUTER_BOUND('',#623,.T.);
#445=FACE_OUTER_BOUND('',#624,.T.);
#446=FACE_OUTER_BOUND('',#625,.T.);
#447=FACE_OUTER_BOUND('',#626,.T.);
#448=FACE_OUTER_BOUND('',#627,.T.);
#449=FACE_OUTER_BOUND('',#628,.T.);
#450=FACE_OUTER_BOUND('',#629,.T.);
#451=FACE_OUTER_BOUND('',#630,.T.);
#452=FACE_OUTER_BOUND('',#631,.T.);
#453=FACE_OUTER_BOUND('',#632,.T.);
#454=FACE_OUTER_BOUND('',#633,.T.);
#455=FACE_OUTER_BOUND('',#634,.T.);
#456=FACE_OUTER_BOUND('',#635,.T.);
#457=FACE_OUTER_BOUND('',#636,.T.);
#458=FACE_OUTER_BOUND('',#637,.T.);
#459=FACE_OUTER_BOUND('',#638,.T.);
#460=FACE_OUTER_BOUND('',#639,.T.);
#461=FACE_OUTER_BOUND('',#640,.T.);
#462=FACE_OUTER_BOUND('',#641,.T.);
#463=FACE_OUTER_BOUND('',#642,.T.);
#464=FACE_OUTER_BOUND('',#643,.T.);
#465=FACE_OUTER_BOUND('',#644,.T.);
#466=FACE_OUTER_BOUND('',#645,.T.);
#467=FACE_OUTER_BOUND('',#646,.T.);
#468=FACE_OUTER_BOUND('',#647,.T.);
#469=FACE_OUTER_BOUND('',#648,.T.);
#470=FACE_OUTER_BOUND('',#649,.T.);
#471=FACE_OUTER_BOUND('',#650,.T.);
#472=FACE_OUTER_BOUND('',#651,.T.);
#473=FACE_OUTER_BOUND('',#652,.T.);
#474=FACE_OUTER_BOUND('',#653,.T.);
#475=FACE_OUTER_BOUND('',#654,.T.);
#476=FACE_OUTER_BOUND('',#655,.T.);
#477=FACE_OUTER_BOUND('',#656,.T.);
#478=FACE_OUTER_BOUND('',#657,.T.);
#479=FACE_OUTER_BOUND('',#658,.T.);
#480=FACE_OUTER_BOUND('',#659,.T.);
#481=FACE_OUTER_BOUND('',#660,.T.);
#482=FACE_OUTER_BOUND('',#661,.T.);
#483=FACE_OUTER_BOUND('',#662,.T.);
#484=FACE_OUTER_BOUND('',#663,.T.);
#485=FACE_OUTER_BOUND('',#664,.T.);
#486=FACE_OUTER_BOUND('',#665,.T.);
#487=FACE_OUTER_BOUND('',#666,.T.);
#488=EDGE_LOOP('',(#1610,#1611,#1612,#1613));
#489=EDGE_LOOP('',(#1614,#1615,#1616,#1617));
#490=EDGE_LOOP('',(#1618,#1619,#1620,#1621));
#491=EDGE_LOOP('',(#1622,#1623,#1624,#1625));
#492=EDGE_LOOP('',(#1626,#1627,#1628,#1629));
#493=EDGE_LOOP('',(#1630,#1631,#1632,#1633));
#494=EDGE_LOOP('',(#1634,#1635,#1636,#1637));
#495=EDGE_LOOP('',(#1638,#1639,#1640,#1641));
#496=EDGE_LOOP('',(#1642,#1643,#1644,#1645,#1646,#1647,#1648,#1649,#1650));
#497=EDGE_LOOP('',(#1651,#1652,#1653,#1654));
#498=EDGE_LOOP('',(#1655,#1656,#1657,#1658,#1659,#1660,#1661,#1662,#1663));
#499=EDGE_LOOP('',(#1664,#1665,#1666,#1667));
#500=EDGE_LOOP('',(#1668,#1669,#1670,#1671));
#501=EDGE_LOOP('',(#1672,#1673,#1674,#1675));
#502=EDGE_LOOP('',(#1676,#1677,#1678,#1679));
#503=EDGE_LOOP('',(#1680,#1681,#1682,#1683));
#504=EDGE_LOOP('',(#1684,#1685,#1686,#1687));
#505=EDGE_LOOP('',(#1688,#1689,#1690,#1691));
#506=EDGE_LOOP('',(#1692,#1693,#1694,#1695));
#507=EDGE_LOOP('',(#1696,#1697,#1698,#1699));
#508=EDGE_LOOP('',(#1700,#1701,#1702,#1703));
#509=EDGE_LOOP('',(#1704,#1705,#1706,#1707));
#510=EDGE_LOOP('',(#1708,#1709,#1710,#1711));
#511=EDGE_LOOP('',(#1712,#1713,#1714,#1715));
#512=EDGE_LOOP('',(#1716,#1717,#1718,#1719));
#513=EDGE_LOOP('',(#1720,#1721,#1722,#1723));
#514=EDGE_LOOP('',(#1724,#1725,#1726,#1727));
#515=EDGE_LOOP('',(#1728,#1729,#1730,#1731));
#516=EDGE_LOOP('',(#1732,#1733,#1734,#1735));
#517=EDGE_LOOP('',(#1736,#1737,#1738,#1739));
#518=EDGE_LOOP('',(#1740,#1741,#1742,#1743));
#519=EDGE_LOOP('',(#1744,#1745,#1746,#1747));
#520=EDGE_LOOP('',(#1748,#1749,#1750,#1751));
#521=EDGE_LOOP('',(#1752,#1753,#1754,#1755));
#522=EDGE_LOOP('',(#1756,#1757,#1758,#1759));
#523=EDGE_LOOP('',(#1760,#1761,#1762,#1763));
#524=EDGE_LOOP('',(#1764,#1765,#1766,#1767));
#525=EDGE_LOOP('',(#1768,#1769,#1770,#1771,#1772,#1773,#1774,#1775,#1776));
#526=EDGE_LOOP('',(#1777,#1778,#1779,#1780));
#527=EDGE_LOOP('',(#1781,#1782,#1783,#1784,#1785,#1786,#1787,#1788,#1789));
#528=EDGE_LOOP('',(#1790,#1791,#1792,#1793));
#529=EDGE_LOOP('',(#1794,#1795,#1796,#1797));
#530=EDGE_LOOP('',(#1798,#1799,#1800,#1801));
#531=EDGE_LOOP('',(#1802,#1803,#1804,#1805));
#532=EDGE_LOOP('',(#1806,#1807,#1808,#1809));
#533=EDGE_LOOP('',(#1810,#1811,#1812,#1813));
#534=EDGE_LOOP('',(#1814,#1815,#1816,#1817));
#535=EDGE_LOOP('',(#1818,#1819,#1820,#1821));
#536=EDGE_LOOP('',(#1822,#1823,#1824,#1825));
#537=EDGE_LOOP('',(#1826,#1827,#1828,#1829));
#538=EDGE_LOOP('',(#1830,#1831,#1832,#1833));
#539=EDGE_LOOP('',(#1834,#1835,#1836,#1837));
#540=EDGE_LOOP('',(#1838,#1839,#1840,#1841));
#541=EDGE_LOOP('',(#1842,#1843,#1844,#1845));
#542=EDGE_LOOP('',(#1846,#1847,#1848,#1849));
#543=EDGE_LOOP('',(#1850,#1851,#1852,#1853));
#544=EDGE_LOOP('',(#1854,#1855,#1856,#1857));
#545=EDGE_LOOP('',(#1858,#1859,#1860,#1861));
#546=EDGE_LOOP('',(#1862,#1863,#1864,#1865));
#547=EDGE_LOOP('',(#1866,#1867,#1868,#1869));
#548=EDGE_LOOP('',(#1870,#1871,#1872,#1873));
#549=EDGE_LOOP('',(#1874,#1875,#1876,#1877,#1878,#1879,#1880,#1881));
#550=EDGE_LOOP('',(#1882,#1883,#1884,#1885));
#551=EDGE_LOOP('',(#1886,#1887,#1888,#1889));
#552=EDGE_LOOP('',(#1890,#1891,#1892,#1893));
#553=EDGE_LOOP('',(#1894,#1895,#1896,#1897));
#554=EDGE_LOOP('',(#1898,#1899,#1900,#1901));
#555=EDGE_LOOP('',(#1902,#1903,#1904,#1905));
#556=EDGE_LOOP('',(#1906,#1907,#1908,#1909));
#557=EDGE_LOOP('',(#1910,#1911,#1912,#1913));
#558=EDGE_LOOP('',(#1914,#1915,#1916,#1917));
#559=EDGE_LOOP('',(#1918,#1919,#1920,#1921));
#560=EDGE_LOOP('',(#1922,#1923,#1924,#1925));
#561=EDGE_LOOP('',(#1926,#1927,#1928,#1929));
#562=EDGE_LOOP('',(#1930,#1931,#1932,#1933));
#563=EDGE_LOOP('',(#1934,#1935,#1936,#1937));
#564=EDGE_LOOP('',(#1938,#1939,#1940,#1941));
#565=EDGE_LOOP('',(#1942,#1943,#1944,#1945));
#566=EDGE_LOOP('',(#1946,#1947,#1948,#1949));
#567=EDGE_LOOP('',(#1950));
#568=EDGE_LOOP('',(#1951));
#569=EDGE_LOOP('',(#1952));
#570=EDGE_LOOP('',(#1953));
#571=EDGE_LOOP('',(#1954));
#572=EDGE_LOOP('',(#1955,#1956,#1957,#1958));
#573=EDGE_LOOP('',(#1959,#1960,#1961,#1962));
#574=EDGE_LOOP('',(#1963,#1964,#1965,#1966));
#575=EDGE_LOOP('',(#1967,#1968,#1969,#1970));
#576=EDGE_LOOP('',(#1971,#1972,#1973,#1974));
#577=EDGE_LOOP('',(#1975));
#578=EDGE_LOOP('',(#1976));
#579=EDGE_LOOP('',(#1977));
#580=EDGE_LOOP('',(#1978));
#581=EDGE_LOOP('',(#1979));
#582=EDGE_LOOP('',(#1980));
#583=EDGE_LOOP('',(#1981));
#584=EDGE_LOOP('',(#1982));
#585=EDGE_LOOP('',(#1983));
#586=EDGE_LOOP('',(#1984));
#587=EDGE_LOOP('',(#1985,#1986,#1987,#1988));
#588=EDGE_LOOP('',(#1989,#1990,#1991,#1992));
#589=EDGE_LOOP('',(#1993,#1994,#1995,#1996));
#590=EDGE_LOOP('',(#1997,#1998,#1999,#2000));
#591=EDGE_LOOP('',(#2001,#2002,#2003,#2004));
#592=EDGE_LOOP('',(#2005,#2006,#2007,#2008));
#593=EDGE_LOOP('',(#2009,#2010,#2011,#2012));
#594=EDGE_LOOP('',(#2013,#2014,#2015,#2016));
#595=EDGE_LOOP('',(#2017,#2018,#2019,#2020));
#596=EDGE_LOOP('',(#2021,#2022,#2023,#2024));
#597=EDGE_LOOP('',(#2025));
#598=EDGE_LOOP('',(#2026));
#599=EDGE_LOOP('',(#2027));
#600=EDGE_LOOP('',(#2028));
#601=EDGE_LOOP('',(#2029));
#602=EDGE_LOOP('',(#2030,#2031,#2032,#2033,#2034,#2035,#2036,#2037,#2038,
#2039,#2040,#2041,#2042,#2043,#2044,#2045));
#603=EDGE_LOOP('',(#2046,#2047,#2048,#2049));
#604=EDGE_LOOP('',(#2050,#2051,#2052));
#605=EDGE_LOOP('',(#2053,#2054,#2055,#2056));
#606=EDGE_LOOP('',(#2057,#2058,#2059,#2060));
#607=EDGE_LOOP('',(#2061,#2062,#2063,#2064));
#608=EDGE_LOOP('',(#2065,#2066,#2067,#2068));
#609=EDGE_LOOP('',(#2069,#2070,#2071,#2072,#2073,#2074));
#610=EDGE_LOOP('',(#2075,#2076,#2077,#2078));
#611=EDGE_LOOP('',(#2079,#2080,#2081));
#612=EDGE_LOOP('',(#2082,#2083,#2084,#2085));
#613=EDGE_LOOP('',(#2086,#2087,#2088,#2089));
#614=EDGE_LOOP('',(#2090,#2091,#2092,#2093));
#615=EDGE_LOOP('',(#2094,#2095,#2096));
#616=EDGE_LOOP('',(#2097,#2098,#2099,#2100));
#617=EDGE_LOOP('',(#2101,#2102,#2103,#2104));
#618=EDGE_LOOP('',(#2105,#2106,#2107,#2108));
#619=EDGE_LOOP('',(#2109,#2110,#2111,#2112));
#620=EDGE_LOOP('',(#2113,#2114,#2115,#2116));
#621=EDGE_LOOP('',(#2117,#2118,#2119,#2120));
#622=EDGE_LOOP('',(#2121,#2122,#2123,#2124));
#623=EDGE_LOOP('',(#2125,#2126,#2127,#2128));
#624=EDGE_LOOP('',(#2129,#2130,#2131,#2132));
#625=EDGE_LOOP('',(#2133,#2134,#2135,#2136));
#626=EDGE_LOOP('',(#2137,#2138,#2139,#2140));
#627=EDGE_LOOP('',(#2141,#2142,#2143));
#628=EDGE_LOOP('',(#2144,#2145,#2146,#2147));
#629=EDGE_LOOP('',(#2148,#2149,#2150,#2151));
#630=EDGE_LOOP('',(#2152,#2153,#2154,#2155));
#631=EDGE_LOOP('',(#2156,#2157,#2158,#2159));
#632=EDGE_LOOP('',(#2160,#2161,#2162,#2163));
#633=EDGE_LOOP('',(#2164,#2165,#2166,#2167));
#634=EDGE_LOOP('',(#2168,#2169,#2170,#2171,#2172,#2173));
#635=EDGE_LOOP('',(#2174,#2175,#2176,#2177));
#636=EDGE_LOOP('',(#2178,#2179,#2180,#2181));
#637=EDGE_LOOP('',(#2182,#2183,#2184,#2185));
#638=EDGE_LOOP('',(#2186,#2187,#2188,#2189));
#639=EDGE_LOOP('',(#2190,#2191,#2192,#2193));
#640=EDGE_LOOP('',(#2194,#2195,#2196,#2197));
#641=EDGE_LOOP('',(#2198,#2199,#2200,#2201));
#642=EDGE_LOOP('',(#2202,#2203,#2204,#2205));
#643=EDGE_LOOP('',(#2206,#2207,#2208,#2209));
#644=EDGE_LOOP('',(#2210,#2211,#2212,#2213));
#645=EDGE_LOOP('',(#2214,#2215,#2216,#2217));
#646=EDGE_LOOP('',(#2218,#2219,#2220,#2221));
#647=EDGE_LOOP('',(#2222,#2223,#2224,#2225));
#648=EDGE_LOOP('',(#2226,#2227,#2228,#2229));
#649=EDGE_LOOP('',(#2230,#2231,#2232,#2233));
#650=EDGE_LOOP('',(#2234,#2235,#2236,#2237));
#651=EDGE_LOOP('',(#2238,#2239,#2240,#2241));
#652=EDGE_LOOP('',(#2242,#2243,#2244,#2245));
#653=EDGE_LOOP('',(#2246,#2247,#2248,#2249));
#654=EDGE_LOOP('',(#2250,#2251,#2252,#2253));
#655=EDGE_LOOP('',(#2254,#2255,#2256,#2257));
#656=EDGE_LOOP('',(#2258,#2259,#2260));
#657=EDGE_LOOP('',(#2261,#2262,#2263));
#658=EDGE_LOOP('',(#2264,#2265,#2266));
#659=EDGE_LOOP('',(#2267,#2268,#2269));
#660=EDGE_LOOP('',(#2270,#2271,#2272,#2273));
#661=EDGE_LOOP('',(#2274,#2275,#2276,#2277));
#662=EDGE_LOOP('',(#2278,#2279,#2280,#2281,#2282,#2283,#2284,#2285,#2286,
#2287,#2288,#2289,#2290,#2291,#2292,#2293));
#663=EDGE_LOOP('',(#2294,#2295,#2296,#2297));
#664=EDGE_LOOP('',(#2298,#2299,#2300,#2301));
#665=EDGE_LOOP('',(#2302,#2303,#2304,#2305));
#666=EDGE_LOOP('',(#2306,#2307,#2308,#2309));
#667=LINE('',#3836,#863);
#668=LINE('',#3838,#864);
#669=LINE('',#3840,#865);
#670=LINE('',#3841,#866);
#671=LINE('',#3845,#867);
#672=LINE('',#3846,#868);
#673=LINE('',#3847,#869);
#674=LINE('',#3853,#870);
#675=LINE('',#3858,#871);
#676=LINE('',#3862,#872);
#677=LINE('',#3864,#873);
#678=LINE('',#3865,#874);
#679=LINE('',#3869,#875);
#680=LINE('',#3870,#876);
#681=LINE('',#3871,#877);
#682=LINE('',#3875,#878);
#683=LINE('',#3879,#879);
#684=LINE('',#3882,#880);
#685=LINE('',#3884,#881);
#686=LINE('',#3886,#882);
#687=LINE('',#3888,#883);
#688=LINE('',#3890,#884);
#689=LINE('',#3892,#885);
#690=LINE('',#3893,#886);
#691=LINE('',#3898,#887);
#692=LINE('',#3900,#888);
#693=LINE('',#3902,#889);
#694=LINE('',#3904,#890);
#695=LINE('',#3906,#891);
#696=LINE('',#3908,#892);
#697=LINE('',#3909,#893);
#698=LINE('',#3914,#894);
#699=LINE('',#3916,#895);
#700=LINE('',#3917,#896);
#701=LINE('',#3921,#897);
#702=LINE('',#3922,#898);
#703=LINE('',#3923,#899);
#704=LINE('',#3934,#900);
#705=LINE('',#3939,#901);
#706=LINE('',#3941,#902);
#707=LINE('',#3949,#903);
#708=LINE('',#3953,#904);
#709=LINE('',#3955,#905);
#710=LINE('',#3957,#906);
#711=LINE('',#3959,#907);
#712=LINE('',#3965,#908);
#713=LINE('',#3967,#909);
#714=LINE('',#3969,#910);
#715=LINE('',#3970,#911);
#716=LINE('',#3974,#912);
#717=LINE('',#3975,#913);
#718=LINE('',#3976,#914);
#719=LINE('',#3982,#915);
#720=LINE('',#3987,#916);
#721=LINE('',#3991,#917);
#722=LINE('',#3993,#918);
#723=LINE('',#3994,#919);
#724=LINE('',#3998,#920);
#725=LINE('',#3999,#921);
#726=LINE('',#4000,#922);
#727=LINE('',#4004,#923);
#728=LINE('',#4008,#924);
#729=LINE('',#4011,#925);
#730=LINE('',#4013,#926);
#731=LINE('',#4015,#927);
#732=LINE('',#4017,#928);
#733=LINE('',#4019,#929);
#734=LINE('',#4021,#930);
#735=LINE('',#4022,#931);
#736=LINE('',#4027,#932);
#737=LINE('',#4029,#933);
#738=LINE('',#4031,#934);
#739=LINE('',#4033,#935);
#740=LINE('',#4035,#936);
#741=LINE('',#4037,#937);
#742=LINE('',#4038,#938);
#743=LINE('',#4043,#939);
#744=LINE('',#4045,#940);
#745=LINE('',#4046,#941);
#746=LINE('',#4050,#942);
#747=LINE('',#4051,#943);
#748=LINE('',#4052,#944);
#749=LINE('',#4063,#945);
#750=LINE('',#4068,#946);
#751=LINE('',#4070,#947);
#752=LINE('',#4078,#948);
#753=LINE('',#4082,#949);
#754=LINE('',#4084,#950);
#755=LINE('',#4086,#951);
#756=LINE('',#4088,#952);
#757=LINE('',#4096,#953);
#758=LINE('',#4099,#954);
#759=LINE('',#4114,#955);
#760=LINE('',#4118,#956);
#761=LINE('',#4121,#957);
#762=LINE('',#4124,#958);
#763=LINE('',#4126,#959);
#764=LINE('',#4128,#960);
#765=LINE('',#4129,#961);
#766=LINE('',#4133,#962);
#767=LINE('',#4137,#963);
#768=LINE('',#4147,#964);
#769=LINE('',#4150,#965);
#770=LINE('',#4152,#966);
#771=LINE('',#4153,#967);
#772=LINE('',#4156,#968);
#773=LINE('',#4157,#969);
#774=LINE('',#4160,#970);
#775=LINE('',#4161,#971);
#776=LINE('',#4163,#972);
#777=LINE('',#4167,#973);
#778=LINE('',#4169,#974);
#779=LINE('',#4171,#975);
#780=LINE('',#4172,#976);
#781=LINE('',#4175,#977);
#782=LINE('',#4177,#978);
#783=LINE('',#4178,#979);
#784=LINE('',#4181,#980);
#785=LINE('',#4182,#981);
#786=LINE('',#4185,#982);
#787=LINE('',#4186,#983);
#788=LINE('',#4188,#984);
#789=LINE('',#4203,#985);
#790=LINE('',#4207,#986);
#791=LINE('',#4211,#987);
#792=LINE('',#4215,#988);
#793=LINE('',#4219,#989);
#794=LINE('',#4238,#990);
#795=LINE('',#4242,#991);
#796=LINE('',#4246,#992);
#797=LINE('',#4249,#993);
#798=LINE('',#4254,#994);
#799=LINE('',#4282,#995);
#800=LINE('',#4284,#996);
#801=LINE('',#4288,#997);
#802=LINE('',#4290,#998);
#803=LINE('',#4292,#999);
#804=LINE('',#4296,#1000);
#805=LINE('',#4300,#1001);
#806=LINE('',#4302,#1002);
#807=LINE('',#4304,#1003);
#808=LINE('',#4308,#1004);
#809=LINE('',#4309,#1005);
#810=LINE('',#4315,#1006);
#811=LINE('',#4324,#1007);
#812=LINE('',#4333,#1008);
#813=LINE('',#4342,#1009);
#814=LINE('',#4344,#1010);
#815=LINE('',#4347,#1011);
#816=LINE('',#4350,#1012);
#817=LINE('',#4359,#1013);
#818=LINE('',#4362,#1014);
#819=LINE('',#4363,#1015);
#820=LINE('',#4366,#1016);
#821=LINE('',#4368,#1017);
#822=LINE('',#4369,#1018);
#823=LINE('',#4377,#1019);
#824=LINE('',#4385,#1020);
#825=LINE('',#4391,#1021);
#826=LINE('',#4394,#1022);
#827=LINE('',#4396,#1023);
#828=LINE('',#4397,#1024);
#829=LINE('',#4400,#1025);
#830=LINE('',#4404,#1026);
#831=LINE('',#4405,#1027);
#832=LINE('',#4408,#1028);
#833=LINE('',#4412,#1029);
#834=LINE('',#4413,#1030);
#835=LINE('',#4416,#1031);
#836=LINE('',#4418,#1032);
#837=LINE('',#4419,#1033);
#838=LINE('',#4427,#1034);
#839=LINE('',#4435,#1035);
#840=LINE('',#4438,#1036);
#841=LINE('',#4440,#1037);
#842=LINE('',#4441,#1038);
#843=LINE('',#4444,#1039);
#844=LINE('',#4454,#1040);
#845=LINE('',#4457,#1041);
#846=LINE('',#4461,#1042);
#847=LINE('',#4467,#1043);
#848=LINE('',#4479,#1044);
#849=LINE('',#4483,#1045);
#850=LINE('',#4490,#1046);
#851=LINE('',#4499,#1047);
#852=LINE('',#4507,#1048);
#853=LINE('',#4515,#1049);
#854=LINE('',#4520,#1050);
#855=LINE('',#4529,#1051);
#856=LINE('',#4533,#1052);
#857=LINE('',#4541,#1053);
#858=LINE('',#4542,#1054);
#859=LINE('',#4544,#1055);
#860=LINE('',#4545,#1056);
#861=LINE('',#4547,#1057);
#862=LINE('',#4548,#1058);
#863=VECTOR('',#2985,1.);
#864=VECTOR('',#2986,1.);
#865=VECTOR('',#2987,1.);
#866=VECTOR('',#2988,1.);
#867=VECTOR('',#2991,1.);
#868=VECTOR('',#2992,1.);
#869=VECTOR('',#2993,1.);
#870=VECTOR('',#3000,1.);
#871=VECTOR('',#3005,1.);
#872=VECTOR('',#3010,1.00000000000064);
#873=VECTOR('',#3011,1.);
#874=VECTOR('',#3012,1.00000000000064);
#875=VECTOR('',#3015,1.);
#876=VECTOR('',#3016,1.0000000000002);
#877=VECTOR('',#3017,1.0000000000002);
#878=VECTOR('',#3022,1.);
#879=VECTOR('',#3027,1.);
#880=VECTOR('',#3030,1.00000000000064);
#881=VECTOR('',#3031,1.);
#882=VECTOR('',#3032,1.0000000000002);
#883=VECTOR('',#3033,0.999999999999704);
#884=VECTOR('',#3034,1.);
#885=VECTOR('',#3035,0.999999999999704);
#886=VECTOR('',#3036,1.0000000000002);
#887=VECTOR('',#3043,1.0000000000002);
#888=VECTOR('',#3044,0.999999999999704);
#889=VECTOR('',#3045,1.);
#890=VECTOR('',#3046,0.999999999999704);
#891=VECTOR('',#3047,1.0000000000002);
#892=VECTOR('',#3048,1.);
#893=VECTOR('',#3049,1.00000000000064);
#894=VECTOR('',#3056,1.);
#895=VECTOR('',#3057,1.);
#896=VECTOR('',#3058,1.);
#897=VECTOR('',#3061,1.);
#898=VECTOR('',#3062,0.999999999999704);
#899=VECTOR('',#3063,0.999999999999704);
#900=VECTOR('',#3082,1.0000000000002);
#901=VECTOR('',#3089,1.);
#902=VECTOR('',#3092,0.999999999999704);
#903=VECTOR('',#3105,1.0000000000002);
#904=VECTOR('',#3110,1.);
#905=VECTOR('',#3113,0.999999999999704);
#906=VECTOR('',#3116,1.);
#907=VECTOR('',#3119,1.);
#908=VECTOR('',#3126,1.);
#909=VECTOR('',#3127,1.);
#910=VECTOR('',#3128,1.);
#911=VECTOR('',#3129,1.);
#912=VECTOR('',#3132,1.);
#913=VECTOR('',#3133,1.);
#914=VECTOR('',#3134,1.);
#915=VECTOR('',#3141,1.);
#916=VECTOR('',#3146,1.);
#917=VECTOR('',#3151,1.00000000000064);
#918=VECTOR('',#3152,1.);
#919=VECTOR('',#3153,1.00000000000064);
#920=VECTOR('',#3156,1.);
#921=VECTOR('',#3157,1.0000000000002);
#922=VECTOR('',#3158,1.0000000000002);
#923=VECTOR('',#3163,1.);
#924=VECTOR('',#3168,1.);
#925=VECTOR('',#3171,1.00000000000064);
#926=VECTOR('',#3172,1.);
#927=VECTOR('',#3173,1.0000000000002);
#928=VECTOR('',#3174,0.999999999999704);
#929=VECTOR('',#3175,1.);
#930=VECTOR('',#3176,0.999999999999704);
#931=VECTOR('',#3177,1.0000000000002);
#932=VECTOR('',#3184,1.0000000000002);
#933=VECTOR('',#3185,0.999999999999704);
#934=VECTOR('',#3186,1.);
#935=VECTOR('',#3187,0.999999999999704);
#936=VECTOR('',#3188,1.0000000000002);
#937=VECTOR('',#3189,1.);
#938=VECTOR('',#3190,1.00000000000064);
#939=VECTOR('',#3197,1.);
#940=VECTOR('',#3198,1.);
#941=VECTOR('',#3199,1.);
#942=VECTOR('',#3202,1.);
#943=VECTOR('',#3203,0.999999999999704);
#944=VECTOR('',#3204,0.999999999999704);
#945=VECTOR('',#3223,1.0000000000002);
#946=VECTOR('',#3230,1.);
#947=VECTOR('',#3233,0.999999999999704);
#948=VECTOR('',#3246,1.0000000000002);
#949=VECTOR('',#3251,1.);
#950=VECTOR('',#3254,0.999999999999704);
#951=VECTOR('',#3257,1.);
#952=VECTOR('',#3260,1.);
#953=VECTOR('',#3269,1.);
#954=VECTOR('',#3272,1.);
#955=VECTOR('',#3291,1.);
#956=VECTOR('',#3294,1.);
#957=VECTOR('',#3297,1.);
#958=VECTOR('',#3298,1.);
#959=VECTOR('',#3299,1.);
#960=VECTOR('',#3300,1.);
#961=VECTOR('',#3301,1.);
#962=VECTOR('',#3306,1.);
#963=VECTOR('',#3311,1.);
#964=VECTOR('',#3326,1.);
#965=VECTOR('',#3329,1.);
#966=VECTOR('',#3330,1.);
#967=VECTOR('',#3331,1.);
#968=VECTOR('',#3334,1.);
#969=VECTOR('',#3335,1.);
#970=VECTOR('',#3338,1.);
#971=VECTOR('',#3339,1.);
#972=VECTOR('',#3342,1.);
#973=VECTOR('',#3345,1.);
#974=VECTOR('',#3346,1.);
#975=VECTOR('',#3347,1.);
#976=VECTOR('',#3348,1.);
#977=VECTOR('',#3351,1.);
#978=VECTOR('',#3352,1.);
#979=VECTOR('',#3353,1.);
#980=VECTOR('',#3356,1.);
#981=VECTOR('',#3357,1.);
#982=VECTOR('',#3360,1.);
#983=VECTOR('',#3361,1.);
#984=VECTOR('',#3364,1.);
#985=VECTOR('',#3381,0.625);
#986=VECTOR('',#3386,0.625);
#987=VECTOR('',#3391,0.625);
#988=VECTOR('',#3396,3.5);
#989=VECTOR('',#3401,0.625);
#990=VECTOR('',#3426,0.575);
#991=VECTOR('',#3431,0.575);
#992=VECTOR('',#3436,0.575);
#993=VECTOR('',#3439,3.4);
#994=VECTOR('',#3446,0.575);
#995=VECTOR('',#3489,1.);
#996=VECTOR('',#3490,1.);
#997=VECTOR('',#3493,1.00000000000044);
#998=VECTOR('',#3494,1.);
#999=VECTOR('',#3495,1.00000000000044);
#1000=VECTOR('',#3498,1.);
#1001=VECTOR('',#3501,1.00000000000044);
#1002=VECTOR('',#3502,1.);
#1003=VECTOR('',#3503,1.00000000000044);
#1004=VECTOR('',#3506,1.);
#1005=VECTOR('',#3507,1.);
#1006=VECTOR('',#3514,1.);
#1007=VECTOR('',#3525,1.);
#1008=VECTOR('',#3538,1.00000000000044);
#1009=VECTOR('',#3549,1.);
#1010=VECTOR('',#3550,1.);
#1011=VECTOR('',#3553,1.);
#1012=VECTOR('',#3556,1.);
#1013=VECTOR('',#3569,1.);
#1014=VECTOR('',#3572,1.);
#1015=VECTOR('',#3573,1.00000000000044);
#1016=VECTOR('',#3576,1.);
#1017=VECTOR('',#3577,1.);
#1018=VECTOR('',#3578,1.);
#1019=VECTOR('',#3589,1.00000000000044);
#1020=VECTOR('',#3600,1.);
#1021=VECTOR('',#3609,1.00000000000044);
#1022=VECTOR('',#3612,1.);
#1023=VECTOR('',#3613,1.);
#1024=VECTOR('',#3614,1.00000000000044);
#1025=VECTOR('',#3617,1.);
#1026=VECTOR('',#3622,1.);
#1027=VECTOR('',#3623,1.);
#1028=VECTOR('',#3626,1.);
#1029=VECTOR('',#3631,1.);
#1030=VECTOR('',#3632,1.00000000000044);
#1031=VECTOR('',#3635,1.);
#1032=VECTOR('',#3636,1.);
#1033=VECTOR('',#3637,1.);
#1034=VECTOR('',#3648,1.00000000000044);
#1035=VECTOR('',#3659,1.);
#1036=VECTOR('',#3662,1.);
#1037=VECTOR('',#3663,1.);
#1038=VECTOR('',#3664,1.00000000000044);
#1039=VECTOR('',#3667,1.);
#1040=VECTOR('',#3680,1.);
#1041=VECTOR('',#3683,1.);
#1042=VECTOR('',#3688,1.);
#1043=VECTOR('',#3695,1.);
#1044=VECTOR('',#3714,1.00000000000044);
#1045=VECTOR('',#3719,1.);
#1046=VECTOR('',#3730,1.00000000000044);
#1047=VECTOR('',#3743,1.);
#1048=VECTOR('',#3754,1.00000000000044);
#1049=VECTOR('',#3767,1.);
#1050=VECTOR('',#3774,1.00000000000044);
#1051=VECTOR('',#3787,1.);
#1052=VECTOR('',#3792,1.);
#1053=VECTOR('',#3807,1.);
#1054=VECTOR('',#3808,1.);
#1055=VECTOR('',#3811,1.);
#1056=VECTOR('',#3812,1.);
#1057=VECTOR('',#3815,1.);
#1058=VECTOR('',#3816,1.);
#1059=VERTEX_POINT('',#3834);
#1060=VERTEX_POINT('',#3835);
#1061=VERTEX_POINT('',#3837);
#1062=VERTEX_POINT('',#3839);
#1063=VERTEX_POINT('',#3843);
#1064=VERTEX_POINT('',#3844);
#1065=VERTEX_POINT('',#3849);
#1066=VERTEX_POINT('',#3851);
#1067=VERTEX_POINT('',#3855);
#1068=VERTEX_POINT('',#3857);
#1069=VERTEX_POINT('',#3861);
#1070=VERTEX_POINT('',#3863);
#1071=VERTEX_POINT('',#3867);
#1072=VERTEX_POINT('',#3868);
#1073=VERTEX_POINT('',#3873);
#1074=VERTEX_POINT('',#3877);
#1075=VERTEX_POINT('',#3881);
#1076=VERTEX_POINT('',#3883);
#1077=VERTEX_POINT('',#3885);
#1078=VERTEX_POINT('',#3887);
#1079=VERTEX_POINT('',#3889);
#1080=VERTEX_POINT('',#3891);
#1081=VERTEX_POINT('',#3897);
#1082=VERTEX_POINT('',#3899);
#1083=VERTEX_POINT('',#3901);
#1084=VERTEX_POINT('',#3903);
#1085=VERTEX_POINT('',#3905);
#1086=VERTEX_POINT('',#3907);
#1087=VERTEX_POINT('',#3913);
#1088=VERTEX_POINT('',#3915);
#1089=VERTEX_POINT('',#3919);
#1090=VERTEX_POINT('',#3920);
#1091=VERTEX_POINT('',#3933);
#1092=VERTEX_POINT('',#3937);
#1093=VERTEX_POINT('',#3947);
#1094=VERTEX_POINT('',#3951);
#1095=VERTEX_POINT('',#3963);
#1096=VERTEX_POINT('',#3964);
#1097=VERTEX_POINT('',#3966);
#1098=VERTEX_POINT('',#3968);
#1099=VERTEX_POINT('',#3972);
#1100=VERTEX_POINT('',#3973);
#1101=VERTEX_POINT('',#3978);
#1102=VERTEX_POINT('',#3980);
#1103=VERTEX_POINT('',#3984);
#1104=VERTEX_POINT('',#3986);
#1105=VERTEX_POINT('',#3990);
#1106=VERTEX_POINT('',#3992);
#1107=VERTEX_POINT('',#3996);
#1108=VERTEX_POINT('',#3997);
#1109=VERTEX_POINT('',#4002);
#1110=VERTEX_POINT('',#4006);
#1111=VERTEX_POINT('',#4010);
#1112=VERTEX_POINT('',#4012);
#1113=VERTEX_POINT('',#4014);
#1114=VERTEX_POINT('',#4016);
#1115=VERTEX_POINT('',#4018);
#1116=VERTEX_POINT('',#4020);
#1117=VERTEX_POINT('',#4026);
#1118=VERTEX_POINT('',#4028);
#1119=VERTEX_POINT('',#4030);
#1120=VERTEX_POINT('',#4032);
#1121=VERTEX_POINT('',#4034);
#1122=VERTEX_POINT('',#4036);
#1123=VERTEX_POINT('',#4042);
#1124=VERTEX_POINT('',#4044);
#1125=VERTEX_POINT('',#4048);
#1126=VERTEX_POINT('',#4049);
#1127=VERTEX_POINT('',#4062);
#1128=VERTEX_POINT('',#4066);
#1129=VERTEX_POINT('',#4076);
#1130=VERTEX_POINT('',#4080);
#1131=VERTEX_POINT('',#4092);
#1132=VERTEX_POINT('',#4093);
#1133=VERTEX_POINT('',#4095);
#1134=VERTEX_POINT('',#4097);
#1135=VERTEX_POINT('',#4101);
#1136=VERTEX_POINT('',#4102);
#1137=VERTEX_POINT('',#4107);
#1138=VERTEX_POINT('',#4109);
#1139=VERTEX_POINT('',#4113);
#1140=VERTEX_POINT('',#4115);
#1141=VERTEX_POINT('',#4117);
#1142=VERTEX_POINT('',#4119);
#1143=VERTEX_POINT('',#4122);
#1144=VERTEX_POINT('',#4123);
#1145=VERTEX_POINT('',#4125);
#1146=VERTEX_POINT('',#4127);
#1147=VERTEX_POINT('',#4131);
#1148=VERTEX_POINT('',#4135);
#1149=VERTEX_POINT('',#4139);
#1150=VERTEX_POINT('',#4143);
#1151=VERTEX_POINT('',#4149);
#1152=VERTEX_POINT('',#4151);
#1153=VERTEX_POINT('',#4155);
#1154=VERTEX_POINT('',#4159);
#1155=VERTEX_POINT('',#4165);
#1156=VERTEX_POINT('',#4166);
#1157=VERTEX_POINT('',#4168);
#1158=VERTEX_POINT('',#4170);
#1159=VERTEX_POINT('',#4174);
#1160=VERTEX_POINT('',#4176);
#1161=VERTEX_POINT('',#4180);
#1162=VERTEX_POINT('',#4184);
#1163=VERTEX_POINT('',#4190);
#1164=VERTEX_POINT('',#4192);
#1165=VERTEX_POINT('',#4194);
#1166=VERTEX_POINT('',#4196);
#1167=VERTEX_POINT('',#4198);
#1168=VERTEX_POINT('',#4201);
#1169=VERTEX_POINT('',#4205);
#1170=VERTEX_POINT('',#4209);
#1171=VERTEX_POINT('',#4213);
#1172=VERTEX_POINT('',#4217);
#1173=VERTEX_POINT('',#4221);
#1174=VERTEX_POINT('',#4224);
#1175=VERTEX_POINT('',#4227);
#1176=VERTEX_POINT('',#4230);
#1177=VERTEX_POINT('',#4233);
#1178=VERTEX_POINT('',#4236);
#1179=VERTEX_POINT('',#4240);
#1180=VERTEX_POINT('',#4244);
#1181=VERTEX_POINT('',#4248);
#1182=VERTEX_POINT('',#4252);
#1183=VERTEX_POINT('',#4256);
#1184=VERTEX_POINT('',#4260);
#1185=VERTEX_POINT('',#4264);
#1186=VERTEX_POINT('',#4268);
#1187=VERTEX_POINT('',#4272);
#1188=VERTEX_POINT('',#4281);
#1189=VERTEX_POINT('',#4283);
#1190=VERTEX_POINT('',#4285);
#1191=VERTEX_POINT('',#4287);
#1192=VERTEX_POINT('',#4289);
#1193=VERTEX_POINT('',#4291);
#1194=VERTEX_POINT('',#4293);
#1195=VERTEX_POINT('',#4295);
#1196=VERTEX_POINT('',#4297);
#1197=VERTEX_POINT('',#4299);
#1198=VERTEX_POINT('',#4301);
#1199=VERTEX_POINT('',#4303);
#1200=VERTEX_POINT('',#4305);
#1201=VERTEX_POINT('',#4307);
#1202=VERTEX_POINT('',#4311);
#1203=VERTEX_POINT('',#4313);
#1204=VERTEX_POINT('',#4317);
#1205=VERTEX_POINT('',#4321);
#1206=VERTEX_POINT('',#4323);
#1207=VERTEX_POINT('',#4327);
#1208=VERTEX_POINT('',#4331);
#1209=VERTEX_POINT('',#4335);
#1210=VERTEX_POINT('',#4337);
#1211=VERTEX_POINT('',#4341);
#1212=VERTEX_POINT('',#4343);
#1213=VERTEX_POINT('',#4345);
#1214=VERTEX_POINT('',#4349);
#1215=VERTEX_POINT('',#4353);
#1216=VERTEX_POINT('',#4357);
#1217=VERTEX_POINT('',#4361);
#1218=VERTEX_POINT('',#4365);
#1219=VERTEX_POINT('',#4367);
#1220=VERTEX_POINT('',#4371);
#1221=VERTEX_POINT('',#4375);
#1222=VERTEX_POINT('',#4379);
#1223=VERTEX_POINT('',#4383);
#1224=VERTEX_POINT('',#4387);
#1225=VERTEX_POINT('',#4393);
#1226=VERTEX_POINT('',#4395);
#1227=VERTEX_POINT('',#4399);
#1228=VERTEX_POINT('',#4403);
#1229=VERTEX_POINT('',#4407);
#1230=VERTEX_POINT('',#4411);
#1231=VERTEX_POINT('',#4415);
#1232=VERTEX_POINT('',#4417);
#1233=VERTEX_POINT('',#4421);
#1234=VERTEX_POINT('',#4425);
#1235=VERTEX_POINT('',#4429);
#1236=VERTEX_POINT('',#4433);
#1237=VERTEX_POINT('',#4437);
#1238=VERTEX_POINT('',#4439);
#1239=VERTEX_POINT('',#4443);
#1240=VERTEX_POINT('',#4447);
#1241=VERTEX_POINT('',#4448);
#1242=VERTEX_POINT('',#4453);
#1243=VERTEX_POINT('',#4455);
#1244=VERTEX_POINT('',#4459);
#1245=VERTEX_POINT('',#4463);
#1246=VERTEX_POINT('',#4465);
#1247=VERTEX_POINT('',#4471);
#1248=VERTEX_POINT('',#4477);
#1249=VERTEX_POINT('',#4481);
#1250=VERTEX_POINT('',#4488);
#1251=VERTEX_POINT('',#4493);
#1252=VERTEX_POINT('',#4497);
#1253=VERTEX_POINT('',#4501);
#1254=VERTEX_POINT('',#4505);
#1255=VERTEX_POINT('',#4513);
#1256=VERTEX_POINT('',#4518);
#1257=VERTEX_POINT('',#4523);
#1258=VERTEX_POINT('',#4527);
#1259=VERTEX_POINT('',#4531);
#1260=EDGE_CURVE('',#1059,#1060,#667,.T.);
#1261=EDGE_CURVE('',#1060,#1061,#668,.T.);
#1262=EDGE_CURVE('',#1062,#1061,#669,.T.);
#1263=EDGE_CURVE('',#1059,#1062,#670,.T.);
#1264=EDGE_CURVE('',#1063,#1064,#671,.T.);
#1265=EDGE_CURVE('',#1064,#1060,#672,.T.);
#1266=EDGE_CURVE('',#1063,#1059,#673,.T.);
#1267=EDGE_CURVE('',#1059,#1065,#203,.T.);
#1268=EDGE_CURVE('',#1062,#1066,#204,.T.);
#1269=EDGE_CURVE('',#1065,#1066,#674,.T.);
#1270=EDGE_CURVE('',#1060,#1067,#205,.T.);
#1271=EDGE_CURVE('',#1067,#1068,#675,.T.);
#1272=EDGE_CURVE('',#1061,#1068,#206,.T.);
#1273=EDGE_CURVE('',#1061,#1069,#676,.T.);
#1274=EDGE_CURVE('',#1070,#1069,#677,.T.);
#1275=EDGE_CURVE('',#1062,#1070,#678,.T.);
#1276=EDGE_CURVE('',#1071,#1072,#679,.T.);
#1277=EDGE_CURVE('',#1072,#1064,#680,.T.);
#1278=EDGE_CURVE('',#1071,#1063,#681,.T.);
#1279=EDGE_CURVE('',#1063,#1073,#207,.T.);
#1280=EDGE_CURVE('',#1073,#1065,#682,.T.);
#1281=EDGE_CURVE('',#1064,#1074,#208,.T.);
#1282=EDGE_CURVE('',#1074,#1067,#683,.T.);
#1283=EDGE_CURVE('',#1066,#1075,#684,.T.);
#1284=EDGE_CURVE('',#1075,#1076,#685,.T.);
#1285=EDGE_CURVE('',#1076,#1077,#686,.T.);
#1286=EDGE_CURVE('',#1077,#1078,#687,.T.);
#1287=EDGE_CURVE('',#1078,#1079,#688,.T.);
#1288=EDGE_CURVE('',#1079,#1080,#689,.T.);
#1289=EDGE_CURVE('',#1080,#1073,#690,.T.);
#1290=EDGE_CURVE('',#1070,#1075,#209,.T.);
#1291=EDGE_CURVE('',#1081,#1074,#691,.T.);
#1292=EDGE_CURVE('',#1082,#1081,#692,.T.);
#1293=EDGE_CURVE('',#1083,#1082,#693,.T.);
#1294=EDGE_CURVE('',#1084,#1083,#694,.T.);
#1295=EDGE_CURVE('',#1085,#1084,#695,.T.);
#1296=EDGE_CURVE('',#1086,#1085,#696,.T.);
#1297=EDGE_CURVE('',#1068,#1086,#697,.T.);
#1298=EDGE_CURVE('',#1069,#1086,#210,.T.);
#1299=EDGE_CURVE('',#1069,#1087,#698,.T.);
#1300=EDGE_CURVE('',#1088,#1087,#699,.T.);
#1301=EDGE_CURVE('',#1070,#1088,#700,.T.);
#1302=EDGE_CURVE('',#1089,#1090,#701,.T.);
#1303=EDGE_CURVE('',#1090,#1072,#702,.T.);
#1304=EDGE_CURVE('',#1089,#1071,#703,.T.);
#1305=EDGE_CURVE('',#1071,#1080,#211,.T.);
#1306=EDGE_CURVE('',#1072,#1081,#212,.T.);
#1307=EDGE_CURVE('',#1088,#1076,#213,.T.);
#1308=EDGE_CURVE('',#1089,#1079,#214,.T.);
#1309=EDGE_CURVE('',#1088,#1091,#704,.T.);
#1310=EDGE_CURVE('',#1091,#1077,#215,.T.);
#1311=EDGE_CURVE('',#1092,#1078,#216,.T.);
#1312=EDGE_CURVE('',#1092,#1089,#705,.T.);
#1313=EDGE_CURVE('',#1091,#1092,#706,.T.);
#1314=EDGE_CURVE('',#1087,#1085,#217,.T.);
#1315=EDGE_CURVE('',#1090,#1082,#218,.T.);
#1316=EDGE_CURVE('',#1093,#1084,#219,.T.);
#1317=EDGE_CURVE('',#1087,#1093,#707,.T.);
#1318=EDGE_CURVE('',#1094,#1083,#220,.T.);
#1319=EDGE_CURVE('',#1094,#1090,#708,.T.);
#1320=EDGE_CURVE('',#1093,#1094,#709,.T.);
#1321=EDGE_CURVE('',#1091,#1093,#710,.T.);
#1322=EDGE_CURVE('',#1092,#1094,#711,.T.);
#1323=EDGE_CURVE('',#1095,#1096,#712,.T.);
#1324=EDGE_CURVE('',#1096,#1097,#713,.T.);
#1325=EDGE_CURVE('',#1098,#1097,#714,.T.);
#1326=EDGE_CURVE('',#1095,#1098,#715,.T.);
#1327=EDGE_CURVE('',#1099,#1100,#716,.T.);
#1328=EDGE_CURVE('',#1100,#1096,#717,.T.);
#1329=EDGE_CURVE('',#1099,#1095,#718,.T.);
#1330=EDGE_CURVE('',#1095,#1101,#221,.T.);
#1331=EDGE_CURVE('',#1098,#1102,#222,.T.);
#1332=EDGE_CURVE('',#1101,#1102,#719,.T.);
#1333=EDGE_CURVE('',#1096,#1103,#223,.T.);
#1334=EDGE_CURVE('',#1103,#1104,#720,.T.);
#1335=EDGE_CURVE('',#1097,#1104,#224,.T.);
#1336=EDGE_CURVE('',#1097,#1105,#721,.T.);
#1337=EDGE_CURVE('',#1106,#1105,#722,.T.);
#1338=EDGE_CURVE('',#1098,#1106,#723,.T.);
#1339=EDGE_CURVE('',#1107,#1108,#724,.T.);
#1340=EDGE_CURVE('',#1108,#1100,#725,.T.);
#1341=EDGE_CURVE('',#1107,#1099,#726,.T.);
#1342=EDGE_CURVE('',#1099,#1109,#225,.T.);
#1343=EDGE_CURVE('',#1109,#1101,#727,.T.);
#1344=EDGE_CURVE('',#1100,#1110,#226,.T.);
#1345=EDGE_CURVE('',#1110,#1103,#728,.T.);
#1346=EDGE_CURVE('',#1102,#1111,#729,.T.);
#1347=EDGE_CURVE('',#1111,#1112,#730,.T.);
#1348=EDGE_CURVE('',#1112,#1113,#731,.T.);
#1349=EDGE_CURVE('',#1113,#1114,#732,.T.);
#1350=EDGE_CURVE('',#1114,#1115,#733,.T.);
#1351=EDGE_CURVE('',#1115,#1116,#734,.T.);
#1352=EDGE_CURVE('',#1116,#1109,#735,.T.);
#1353=EDGE_CURVE('',#1106,#1111,#227,.T.);
#1354=EDGE_CURVE('',#1117,#1110,#736,.T.);
#1355=EDGE_CURVE('',#1118,#1117,#737,.T.);
#1356=EDGE_CURVE('',#1119,#1118,#738,.T.);
#1357=EDGE_CURVE('',#1120,#1119,#739,.T.);
#1358=EDGE_CURVE('',#1121,#1120,#740,.T.);
#1359=EDGE_CURVE('',#1122,#1121,#741,.T.);
#1360=EDGE_CURVE('',#1104,#1122,#742,.T.);
#1361=EDGE_CURVE('',#1105,#1122,#228,.T.);
#1362=EDGE_CURVE('',#1105,#1123,#743,.T.);
#1363=EDGE_CURVE('',#1124,#1123,#744,.T.);
#1364=EDGE_CURVE('',#1106,#1124,#745,.T.);
#1365=EDGE_CURVE('',#1125,#1126,#746,.T.);
#1366=EDGE_CURVE('',#1126,#1108,#747,.T.);
#1367=EDGE_CURVE('',#1125,#1107,#748,.T.);
#1368=EDGE_CURVE('',#1107,#1116,#229,.T.);
#1369=EDGE_CURVE('',#1108,#1117,#230,.T.);
#1370=EDGE_CURVE('',#1124,#1112,#231,.T.);
#1371=EDGE_CURVE('',#1125,#1115,#232,.T.);
#1372=EDGE_CURVE('',#1124,#1127,#749,.T.);
#1373=EDGE_CURVE('',#1127,#1113,#233,.T.);
#1374=EDGE_CURVE('',#1128,#1114,#234,.T.);
#1375=EDGE_CURVE('',#1128,#1125,#750,.T.);
#1376=EDGE_CURVE('',#1127,#1128,#751,.T.);
#1377=EDGE_CURVE('',#1123,#1121,#235,.T.);
#1378=EDGE_CURVE('',#1126,#1118,#236,.T.);
#1379=EDGE_CURVE('',#1129,#1120,#237,.T.);
#1380=EDGE_CURVE('',#1123,#1129,#752,.T.);
#1381=EDGE_CURVE('',#1130,#1119,#238,.T.);
#1382=EDGE_CURVE('',#1130,#1126,#753,.T.);
#1383=EDGE_CURVE('',#1129,#1130,#754,.T.);
#1384=EDGE_CURVE('',#1127,#1129,#755,.T.);
#1385=EDGE_CURVE('',#1128,#1130,#756,.T.);
#1386=EDGE_CURVE('',#1131,#1132,#64,.T.);
#1387=EDGE_CURVE('',#1132,#1133,#757,.T.);
#1388=EDGE_CURVE('',#1134,#1133,#65,.T.);
#1389=EDGE_CURVE('',#1131,#1134,#758,.T.);
#1390=EDGE_CURVE('',#1135,#1136,#66,.T.);
#1391=EDGE_CURVE('',#1136,#1132,#67,.T.);
#1392=EDGE_CURVE('',#1135,#1131,#68,.T.);
#1393=EDGE_CURVE('',#1133,#1137,#69,.T.);
#1394=EDGE_CURVE('',#1138,#1137,#70,.T.);
#1395=EDGE_CURVE('',#1134,#1138,#71,.T.);
#1396=EDGE_CURVE('',#1139,#1136,#759,.T.);
#1397=EDGE_CURVE('',#1140,#1139,#72,.T.);
#1398=EDGE_CURVE('',#1141,#1140,#760,.T.);
#1399=EDGE_CURVE('',#1142,#1141,#73,.T.);
#1400=EDGE_CURVE('',#1137,#1142,#761,.T.);
#1401=EDGE_CURVE('',#1143,#1144,#762,.T.);
#1402=EDGE_CURVE('',#1144,#1145,#763,.T.);
#1403=EDGE_CURVE('',#1145,#1146,#764,.T.);
#1404=EDGE_CURVE('',#1146,#1143,#765,.T.);
#1405=EDGE_CURVE('',#1147,#1139,#74,.T.);
#1406=EDGE_CURVE('',#1147,#1135,#766,.T.);
#1407=EDGE_CURVE('',#1148,#1142,#75,.T.);
#1408=EDGE_CURVE('',#1138,#1148,#767,.T.);
#1409=EDGE_CURVE('',#1149,#1140,#76,.T.);
#1410=EDGE_CURVE('',#1149,#1147,#77,.T.);
#1411=EDGE_CURVE('',#1150,#1141,#78,.T.);
#1412=EDGE_CURVE('',#1148,#1150,#79,.T.);
#1413=EDGE_CURVE('',#1150,#1149,#768,.T.);
#1414=EDGE_CURVE('',#1143,#1151,#769,.T.);
#1415=EDGE_CURVE('',#1151,#1152,#770,.T.);
#1416=EDGE_CURVE('',#1144,#1152,#771,.T.);
#1417=EDGE_CURVE('',#1152,#1153,#772,.T.);
#1418=EDGE_CURVE('',#1145,#1153,#773,.T.);
#1419=EDGE_CURVE('',#1153,#1154,#774,.T.);
#1420=EDGE_CURVE('',#1146,#1154,#775,.T.);
#1421=EDGE_CURVE('',#1154,#1151,#776,.T.);
#1422=EDGE_CURVE('',#1155,#1156,#777,.T.);
#1423=EDGE_CURVE('',#1156,#1157,#778,.T.);
#1424=EDGE_CURVE('',#1157,#1158,#779,.T.);
#1425=EDGE_CURVE('',#1158,#1155,#780,.T.);
#1426=EDGE_CURVE('',#1159,#1155,#781,.T.);
#1427=EDGE_CURVE('',#1159,#1160,#782,.T.);
#1428=EDGE_CURVE('',#1160,#1156,#783,.T.);
#1429=EDGE_CURVE('',#1161,#1158,#784,.T.);
#1430=EDGE_CURVE('',#1161,#1159,#785,.T.);
#1431=EDGE_CURVE('',#1162,#1157,#786,.T.);
#1432=EDGE_CURVE('',#1162,#1161,#787,.T.);
#1433=EDGE_CURVE('',#1160,#1162,#788,.T.);
#1434=EDGE_CURVE('',#1163,#1163,#80,.T.);
#1435=EDGE_CURVE('',#1164,#1164,#81,.T.);
#1436=EDGE_CURVE('',#1165,#1165,#82,.T.);
#1437=EDGE_CURVE('',#1166,#1166,#83,.T.);
#1438=EDGE_CURVE('',#1167,#1167,#84,.T.);
#1439=EDGE_CURVE('',#1168,#1168,#85,.T.);
#1440=EDGE_CURVE('',#1168,#1163,#789,.T.);
#1441=EDGE_CURVE('',#1169,#1169,#86,.T.);
#1442=EDGE_CURVE('',#1169,#1164,#790,.T.);
#1443=EDGE_CURVE('',#1170,#1170,#87,.T.);
#1444=EDGE_CURVE('',#1170,#1165,#791,.T.);
#1445=EDGE_CURVE('',#1171,#1171,#88,.T.);
#1446=EDGE_CURVE('',#1171,#1166,#792,.T.);
#1447=EDGE_CURVE('',#1172,#1172,#89,.T.);
#1448=EDGE_CURVE('',#1172,#1167,#793,.T.);
#1449=EDGE_CURVE('',#1173,#1173,#90,.T.);
#1450=EDGE_CURVE('',#1174,#1174,#91,.T.);
#1451=EDGE_CURVE('',#1175,#1175,#92,.T.);
#1452=EDGE_CURVE('',#1176,#1176,#93,.T.);
#1453=EDGE_CURVE('',#1177,#1177,#94,.T.);
#1454=EDGE_CURVE('',#1178,#1178,#95,.T.);
#1455=EDGE_CURVE('',#1178,#1173,#794,.T.);
#1456=EDGE_CURVE('',#1179,#1179,#96,.T.);
#1457=EDGE_CURVE('',#1179,#1174,#795,.T.);
#1458=EDGE_CURVE('',#1180,#1180,#97,.T.);
#1459=EDGE_CURVE('',#1180,#1175,#796,.T.);
#1460=EDGE_CURVE('',#1176,#1181,#797,.T.);
#1461=EDGE_CURVE('',#1181,#1181,#98,.T.);
#1462=EDGE_CURVE('',#1182,#1182,#99,.T.);
#1463=EDGE_CURVE('',#1182,#1177,#798,.T.);
#1464=EDGE_CURVE('',#1178,#1183,#100,.T.);
#1465=EDGE_CURVE('',#1183,#1183,#101,.T.);
#1466=EDGE_CURVE('',#1179,#1184,#102,.T.);
#1467=EDGE_CURVE('',#1184,#1184,#103,.T.);
#1468=EDGE_CURVE('',#1180,#1185,#104,.T.);
#1469=EDGE_CURVE('',#1185,#1185,#105,.T.);
#1470=EDGE_CURVE('',#1186,#1186,#106,.T.);
#1471=EDGE_CURVE('',#1186,#1181,#107,.T.);
#1472=EDGE_CURVE('',#1182,#1187,#108,.T.);
#1473=EDGE_CURVE('',#1187,#1187,#109,.T.);
#1474=EDGE_CURVE('',#1188,#1134,#799,.T.);
#1475=EDGE_CURVE('',#1188,#1189,#800,.T.);
#1476=EDGE_CURVE('',#1189,#1190,#110,.T.);
#1477=EDGE_CURVE('',#1191,#1190,#801,.T.);
#1478=EDGE_CURVE('',#1192,#1191,#802,.T.);
#1479=EDGE_CURVE('',#1193,#1192,#803,.T.);
#1480=EDGE_CURVE('',#1193,#1194,#111,.T.);
#1481=EDGE_CURVE('',#1195,#1194,#804,.T.);
#1482=EDGE_CURVE('',#1195,#1196,#112,.T.);
#1483=EDGE_CURVE('',#1197,#1196,#805,.T.);
#1484=EDGE_CURVE('',#1198,#1197,#806,.T.);
#1485=EDGE_CURVE('',#1198,#1199,#807,.T.);
#1486=EDGE_CURVE('',#1199,#1200,#113,.T.);
#1487=EDGE_CURVE('',#1200,#1201,#808,.T.);
#1488=EDGE_CURVE('',#1131,#1201,#809,.T.);
#1489=EDGE_CURVE('',#1192,#1202,#114,.T.);
#1490=EDGE_CURVE('',#1191,#1203,#115,.T.);
#1491=EDGE_CURVE('',#1202,#1203,#810,.T.);
#1492=EDGE_CURVE('',#1202,#1204,#116,.T.);
#1493=EDGE_CURVE('',#1192,#1204,#117,.T.);
#1494=EDGE_CURVE('',#1200,#1205,#118,.T.);
#1495=EDGE_CURVE('',#1205,#1206,#811,.T.);
#1496=EDGE_CURVE('',#1201,#1206,#119,.T.);
#1497=EDGE_CURVE('',#1199,#1207,#120,.T.);
#1498=EDGE_CURVE('',#1207,#1205,#121,.T.);
#1499=EDGE_CURVE('',#1198,#1208,#122,.T.);
#1500=EDGE_CURVE('',#1208,#1207,#812,.T.);
#1501=EDGE_CURVE('',#1206,#1209,#123,.T.);
#1502=EDGE_CURVE('',#1210,#1209,#124,.T.);
#1503=EDGE_CURVE('',#1201,#1210,#125,.T.);
#1504=EDGE_CURVE('',#1211,#1205,#813,.T.);
#1505=EDGE_CURVE('',#1212,#1211,#814,.T.);
#1506=EDGE_CURVE('',#1213,#1212,#126,.T.);
#1507=EDGE_CURVE('',#1209,#1213,#815,.T.);
#1508=EDGE_CURVE('',#1214,#1207,#816,.T.);
#1509=EDGE_CURVE('',#1214,#1211,#127,.T.);
#1510=EDGE_CURVE('',#1198,#1215,#128,.T.);
#1511=EDGE_CURVE('',#1208,#1215,#129,.T.);
#1512=EDGE_CURVE('',#1197,#1216,#130,.T.);
#1513=EDGE_CURVE('',#1215,#1216,#817,.T.);
#1514=EDGE_CURVE('',#1217,#1208,#818,.T.);
#1515=EDGE_CURVE('',#1214,#1217,#819,.T.);
#1516=EDGE_CURVE('',#1218,#1215,#820,.T.);
#1517=EDGE_CURVE('',#1219,#1216,#821,.T.);
#1518=EDGE_CURVE('',#1219,#1218,#822,.T.);
#1519=EDGE_CURVE('',#1197,#1220,#131,.T.);
#1520=EDGE_CURVE('',#1216,#1220,#132,.T.);
#1521=EDGE_CURVE('',#1196,#1221,#133,.T.);
#1522=EDGE_CURVE('',#1220,#1221,#823,.T.);
#1523=EDGE_CURVE('',#1195,#1222,#134,.T.);
#1524=EDGE_CURVE('',#1222,#1221,#135,.T.);
#1525=EDGE_CURVE('',#1194,#1223,#136,.T.);
#1526=EDGE_CURVE('',#1222,#1223,#824,.T.);
#1527=EDGE_CURVE('',#1193,#1224,#137,.T.);
#1528=EDGE_CURVE('',#1224,#1223,#138,.T.);
#1529=EDGE_CURVE('',#1224,#1204,#825,.T.);
#1530=EDGE_CURVE('',#1225,#1220,#826,.T.);
#1531=EDGE_CURVE('',#1226,#1221,#827,.T.);
#1532=EDGE_CURVE('',#1226,#1225,#828,.T.);
#1533=EDGE_CURVE('',#1227,#1222,#829,.T.);
#1534=EDGE_CURVE('',#1226,#1227,#139,.T.);
#1535=EDGE_CURVE('',#1228,#1227,#830,.T.);
#1536=EDGE_CURVE('',#1228,#1223,#831,.T.);
#1537=EDGE_CURVE('',#1229,#1224,#832,.T.);
#1538=EDGE_CURVE('',#1229,#1228,#140,.T.);
#1539=EDGE_CURVE('',#1230,#1204,#833,.T.);
#1540=EDGE_CURVE('',#1230,#1229,#834,.T.);
#1541=EDGE_CURVE('',#1231,#1203,#835,.T.);
#1542=EDGE_CURVE('',#1231,#1232,#836,.T.);
#1543=EDGE_CURVE('',#1232,#1202,#837,.T.);
#1544=EDGE_CURVE('',#1191,#1233,#141,.T.);
#1545=EDGE_CURVE('',#1203,#1233,#142,.T.);
#1546=EDGE_CURVE('',#1190,#1234,#143,.T.);
#1547=EDGE_CURVE('',#1233,#1234,#838,.T.);
#1548=EDGE_CURVE('',#1189,#1235,#144,.T.);
#1549=EDGE_CURVE('',#1235,#1234,#145,.T.);
#1550=EDGE_CURVE('',#1188,#1236,#146,.T.);
#1551=EDGE_CURVE('',#1236,#1235,#839,.T.);
#1552=EDGE_CURVE('',#1237,#1233,#840,.T.);
#1553=EDGE_CURVE('',#1238,#1234,#841,.T.);
#1554=EDGE_CURVE('',#1238,#1237,#842,.T.);
#1555=EDGE_CURVE('',#1239,#1235,#843,.T.);
#1556=EDGE_CURVE('',#1239,#1238,#147,.T.);
#1557=EDGE_CURVE('',#1240,#1241,#148,.T.);
#1558=EDGE_CURVE('',#1241,#1236,#149,.T.);
#1559=EDGE_CURVE('',#1240,#1188,#150,.T.);
#1560=EDGE_CURVE('',#1242,#1241,#844,.T.);
#1561=EDGE_CURVE('',#1243,#1242,#151,.T.);
#1562=EDGE_CURVE('',#1239,#1243,#845,.T.);
#1563=EDGE_CURVE('',#1244,#1213,#152,.T.);
#1564=EDGE_CURVE('',#1210,#1244,#846,.T.);
#1565=EDGE_CURVE('',#1245,#1212,#153,.T.);
#1566=EDGE_CURVE('',#1246,#1211,#154,.T.);
#1567=EDGE_CURVE('',#1245,#1246,#847,.T.);
#1568=EDGE_CURVE('',#1244,#1245,#155,.T.);
#1569=EDGE_CURVE('',#1247,#1214,#156,.T.);
#1570=EDGE_CURVE('',#1247,#1246,#157,.T.);
#1571=EDGE_CURVE('',#1218,#1217,#158,.T.);
#1572=EDGE_CURVE('',#1248,#1217,#159,.T.);
#1573=EDGE_CURVE('',#1247,#1248,#848,.T.);
#1574=EDGE_CURVE('',#1249,#1219,#160,.T.);
#1575=EDGE_CURVE('',#1249,#1248,#849,.T.);
#1576=EDGE_CURVE('',#1248,#1218,#161,.T.);
#1577=EDGE_CURVE('',#1225,#1219,#162,.T.);
#1578=EDGE_CURVE('',#1250,#1226,#163,.T.);
#1579=EDGE_CURVE('',#1250,#1249,#850,.T.);
#1580=EDGE_CURVE('',#1249,#1225,#164,.T.);
#1581=EDGE_CURVE('',#1251,#1227,#165,.T.);
#1582=EDGE_CURVE('',#1250,#1251,#166,.T.);
#1583=EDGE_CURVE('',#1252,#1228,#167,.T.);
#1584=EDGE_CURVE('',#1252,#1251,#851,.T.);
#1585=EDGE_CURVE('',#1253,#1229,#168,.T.);
#1586=EDGE_CURVE('',#1253,#1252,#169,.T.);
#1587=EDGE_CURVE('',#1254,#1230,#170,.T.);
#1588=EDGE_CURVE('',#1254,#1253,#852,.T.);
#1589=EDGE_CURVE('',#1232,#1230,#171,.T.);
#1590=EDGE_CURVE('',#1231,#1237,#172,.T.);
#1591=EDGE_CURVE('',#1255,#1231,#173,.T.);
#1592=EDGE_CURVE('',#1255,#1254,#853,.T.);
#1593=EDGE_CURVE('',#1254,#1232,#174,.T.);
#1594=EDGE_CURVE('',#1256,#1238,#175,.T.);
#1595=EDGE_CURVE('',#1256,#1255,#854,.T.);
#1596=EDGE_CURVE('',#1255,#1237,#176,.T.);
#1597=EDGE_CURVE('',#1257,#1239,#177,.T.);
#1598=EDGE_CURVE('',#1257,#1256,#178,.T.);
#1599=EDGE_CURVE('',#1258,#1242,#179,.T.);
#1600=EDGE_CURVE('',#1258,#1240,#855,.T.);
#1601=EDGE_CURVE('',#1259,#1243,#180,.T.);
#1602=EDGE_CURVE('',#1257,#1259,#856,.T.);
#1603=EDGE_CURVE('',#1259,#1258,#181,.T.);
#1604=EDGE_CURVE('',#1210,#1135,#857,.T.);
#1605=EDGE_CURVE('',#1147,#1244,#858,.T.);
#1606=EDGE_CURVE('',#1258,#1148,#859,.T.);
#1607=EDGE_CURVE('',#1138,#1240,#860,.T.);
#1608=EDGE_CURVE('',#1245,#1149,#861,.T.);
#1609=EDGE_CURVE('',#1150,#1259,#862,.T.);
#1610=ORIENTED_EDGE('',*,*,#1260,.T.);
#1611=ORIENTED_EDGE('',*,*,#1261,.T.);
#1612=ORIENTED_EDGE('',*,*,#1262,.F.);
#1613=ORIENTED_EDGE('',*,*,#1263,.F.);
#1614=ORIENTED_EDGE('',*,*,#1264,.T.);
#1615=ORIENTED_EDGE('',*,*,#1265,.T.);
#1616=ORIENTED_EDGE('',*,*,#1260,.F.);
#1617=ORIENTED_EDGE('',*,*,#1266,.F.);
#1618=ORIENTED_EDGE('',*,*,#1267,.F.);
#1619=ORIENTED_EDGE('',*,*,#1263,.T.);
#1620=ORIENTED_EDGE('',*,*,#1268,.T.);
#1621=ORIENTED_EDGE('',*,*,#1269,.F.);
#1622=ORIENTED_EDGE('',*,*,#1270,.T.);
#1623=ORIENTED_EDGE('',*,*,#1271,.T.);
#1624=ORIENTED_EDGE('',*,*,#1272,.F.);
#1625=ORIENTED_EDGE('',*,*,#1261,.F.);
#1626=ORIENTED_EDGE('',*,*,#1262,.T.);
#1627=ORIENTED_EDGE('',*,*,#1273,.T.);
#1628=ORIENTED_EDGE('',*,*,#1274,.F.);
#1629=ORIENTED_EDGE('',*,*,#1275,.F.);
#1630=ORIENTED_EDGE('',*,*,#1276,.T.);
#1631=ORIENTED_EDGE('',*,*,#1277,.T.);
#1632=ORIENTED_EDGE('',*,*,#1264,.F.);
#1633=ORIENTED_EDGE('',*,*,#1278,.F.);
#1634=ORIENTED_EDGE('',*,*,#1279,.F.);
#1635=ORIENTED_EDGE('',*,*,#1266,.T.);
#1636=ORIENTED_EDGE('',*,*,#1267,.T.);
#1637=ORIENTED_EDGE('',*,*,#1280,.F.);
#1638=ORIENTED_EDGE('',*,*,#1281,.T.);
#1639=ORIENTED_EDGE('',*,*,#1282,.T.);
#1640=ORIENTED_EDGE('',*,*,#1270,.F.);
#1641=ORIENTED_EDGE('',*,*,#1265,.F.);
#1642=ORIENTED_EDGE('',*,*,#1269,.T.);
#1643=ORIENTED_EDGE('',*,*,#1283,.T.);
#1644=ORIENTED_EDGE('',*,*,#1284,.T.);
#1645=ORIENTED_EDGE('',*,*,#1285,.T.);
#1646=ORIENTED_EDGE('',*,*,#1286,.T.);
#1647=ORIENTED_EDGE('',*,*,#1287,.T.);
#1648=ORIENTED_EDGE('',*,*,#1288,.T.);
#1649=ORIENTED_EDGE('',*,*,#1289,.T.);
#1650=ORIENTED_EDGE('',*,*,#1280,.T.);
#1651=ORIENTED_EDGE('',*,*,#1268,.F.);
#1652=ORIENTED_EDGE('',*,*,#1275,.T.);
#1653=ORIENTED_EDGE('',*,*,#1290,.T.);
#1654=ORIENTED_EDGE('',*,*,#1283,.F.);
#1655=ORIENTED_EDGE('',*,*,#1271,.F.);
#1656=ORIENTED_EDGE('',*,*,#1282,.F.);
#1657=ORIENTED_EDGE('',*,*,#1291,.F.);
#1658=ORIENTED_EDGE('',*,*,#1292,.F.);
#1659=ORIENTED_EDGE('',*,*,#1293,.F.);
#1660=ORIENTED_EDGE('',*,*,#1294,.F.);
#1661=ORIENTED_EDGE('',*,*,#1295,.F.);
#1662=ORIENTED_EDGE('',*,*,#1296,.F.);
#1663=ORIENTED_EDGE('',*,*,#1297,.F.);
#1664=ORIENTED_EDGE('',*,*,#1272,.T.);
#1665=ORIENTED_EDGE('',*,*,#1297,.T.);
#1666=ORIENTED_EDGE('',*,*,#1298,.F.);
#1667=ORIENTED_EDGE('',*,*,#1273,.F.);
#1668=ORIENTED_EDGE('',*,*,#1274,.T.);
#1669=ORIENTED_EDGE('',*,*,#1299,.T.);
#1670=ORIENTED_EDGE('',*,*,#1300,.F.);
#1671=ORIENTED_EDGE('',*,*,#1301,.F.);
#1672=ORIENTED_EDGE('',*,*,#1302,.T.);
#1673=ORIENTED_EDGE('',*,*,#1303,.T.);
#1674=ORIENTED_EDGE('',*,*,#1276,.F.);
#1675=ORIENTED_EDGE('',*,*,#1304,.F.);
#1676=ORIENTED_EDGE('',*,*,#1305,.F.);
#1677=ORIENTED_EDGE('',*,*,#1278,.T.);
#1678=ORIENTED_EDGE('',*,*,#1279,.T.);
#1679=ORIENTED_EDGE('',*,*,#1289,.F.);
#1680=ORIENTED_EDGE('',*,*,#1306,.T.);
#1681=ORIENTED_EDGE('',*,*,#1291,.T.);
#1682=ORIENTED_EDGE('',*,*,#1281,.F.);
#1683=ORIENTED_EDGE('',*,*,#1277,.F.);
#1684=ORIENTED_EDGE('',*,*,#1290,.F.);
#1685=ORIENTED_EDGE('',*,*,#1301,.T.);
#1686=ORIENTED_EDGE('',*,*,#1307,.T.);
#1687=ORIENTED_EDGE('',*,*,#1284,.F.);
#1688=ORIENTED_EDGE('',*,*,#1308,.F.);
#1689=ORIENTED_EDGE('',*,*,#1304,.T.);
#1690=ORIENTED_EDGE('',*,*,#1305,.T.);
#1691=ORIENTED_EDGE('',*,*,#1288,.F.);
#1692=ORIENTED_EDGE('',*,*,#1307,.F.);
#1693=ORIENTED_EDGE('',*,*,#1309,.T.);
#1694=ORIENTED_EDGE('',*,*,#1310,.T.);
#1695=ORIENTED_EDGE('',*,*,#1285,.F.);
#1696=ORIENTED_EDGE('',*,*,#1311,.F.);
#1697=ORIENTED_EDGE('',*,*,#1312,.T.);
#1698=ORIENTED_EDGE('',*,*,#1308,.T.);
#1699=ORIENTED_EDGE('',*,*,#1287,.F.);
#1700=ORIENTED_EDGE('',*,*,#1310,.F.);
#1701=ORIENTED_EDGE('',*,*,#1313,.T.);
#1702=ORIENTED_EDGE('',*,*,#1311,.T.);
#1703=ORIENTED_EDGE('',*,*,#1286,.F.);
#1704=ORIENTED_EDGE('',*,*,#1298,.T.);
#1705=ORIENTED_EDGE('',*,*,#1296,.T.);
#1706=ORIENTED_EDGE('',*,*,#1314,.F.);
#1707=ORIENTED_EDGE('',*,*,#1299,.F.);
#1708=ORIENTED_EDGE('',*,*,#1315,.T.);
#1709=ORIENTED_EDGE('',*,*,#1292,.T.);
#1710=ORIENTED_EDGE('',*,*,#1306,.F.);
#1711=ORIENTED_EDGE('',*,*,#1303,.F.);
#1712=ORIENTED_EDGE('',*,*,#1314,.T.);
#1713=ORIENTED_EDGE('',*,*,#1295,.T.);
#1714=ORIENTED_EDGE('',*,*,#1316,.F.);
#1715=ORIENTED_EDGE('',*,*,#1317,.F.);
#1716=ORIENTED_EDGE('',*,*,#1318,.T.);
#1717=ORIENTED_EDGE('',*,*,#1293,.T.);
#1718=ORIENTED_EDGE('',*,*,#1315,.F.);
#1719=ORIENTED_EDGE('',*,*,#1319,.F.);
#1720=ORIENTED_EDGE('',*,*,#1316,.T.);
#1721=ORIENTED_EDGE('',*,*,#1294,.T.);
#1722=ORIENTED_EDGE('',*,*,#1318,.F.);
#1723=ORIENTED_EDGE('',*,*,#1320,.F.);
#1724=ORIENTED_EDGE('',*,*,#1300,.T.);
#1725=ORIENTED_EDGE('',*,*,#1317,.T.);
#1726=ORIENTED_EDGE('',*,*,#1321,.F.);
#1727=ORIENTED_EDGE('',*,*,#1309,.F.);
#1728=ORIENTED_EDGE('',*,*,#1322,.T.);
#1729=ORIENTED_EDGE('',*,*,#1319,.T.);
#1730=ORIENTED_EDGE('',*,*,#1302,.F.);
#1731=ORIENTED_EDGE('',*,*,#1312,.F.);
#1732=ORIENTED_EDGE('',*,*,#1321,.T.);
#1733=ORIENTED_EDGE('',*,*,#1320,.T.);
#1734=ORIENTED_EDGE('',*,*,#1322,.F.);
#1735=ORIENTED_EDGE('',*,*,#1313,.F.);
#1736=ORIENTED_EDGE('',*,*,#1323,.T.);
#1737=ORIENTED_EDGE('',*,*,#1324,.T.);
#1738=ORIENTED_EDGE('',*,*,#1325,.F.);
#1739=ORIENTED_EDGE('',*,*,#1326,.F.);
#1740=ORIENTED_EDGE('',*,*,#1327,.T.);
#1741=ORIENTED_EDGE('',*,*,#1328,.T.);
#1742=ORIENTED_EDGE('',*,*,#1323,.F.);
#1743=ORIENTED_EDGE('',*,*,#1329,.F.);
#1744=ORIENTED_EDGE('',*,*,#1330,.F.);
#1745=ORIENTED_EDGE('',*,*,#1326,.T.);
#1746=ORIENTED_EDGE('',*,*,#1331,.T.);
#1747=ORIENTED_EDGE('',*,*,#1332,.F.);
#1748=ORIENTED_EDGE('',*,*,#1333,.T.);
#1749=ORIENTED_EDGE('',*,*,#1334,.T.);
#1750=ORIENTED_EDGE('',*,*,#1335,.F.);
#1751=ORIENTED_EDGE('',*,*,#1324,.F.);
#1752=ORIENTED_EDGE('',*,*,#1325,.T.);
#1753=ORIENTED_EDGE('',*,*,#1336,.T.);
#1754=ORIENTED_EDGE('',*,*,#1337,.F.);
#1755=ORIENTED_EDGE('',*,*,#1338,.F.);
#1756=ORIENTED_EDGE('',*,*,#1339,.T.);
#1757=ORIENTED_EDGE('',*,*,#1340,.T.);
#1758=ORIENTED_EDGE('',*,*,#1327,.F.);
#1759=ORIENTED_EDGE('',*,*,#1341,.F.);
#1760=ORIENTED_EDGE('',*,*,#1342,.F.);
#1761=ORIENTED_EDGE('',*,*,#1329,.T.);
#1762=ORIENTED_EDGE('',*,*,#1330,.T.);
#1763=ORIENTED_EDGE('',*,*,#1343,.F.);
#1764=ORIENTED_EDGE('',*,*,#1344,.T.);
#1765=ORIENTED_EDGE('',*,*,#1345,.T.);
#1766=ORIENTED_EDGE('',*,*,#1333,.F.);
#1767=ORIENTED_EDGE('',*,*,#1328,.F.);
#1768=ORIENTED_EDGE('',*,*,#1332,.T.);
#1769=ORIENTED_EDGE('',*,*,#1346,.T.);
#1770=ORIENTED_EDGE('',*,*,#1347,.T.);
#1771=ORIENTED_EDGE('',*,*,#1348,.T.);
#1772=ORIENTED_EDGE('',*,*,#1349,.T.);
#1773=ORIENTED_EDGE('',*,*,#1350,.T.);
#1774=ORIENTED_EDGE('',*,*,#1351,.T.);
#1775=ORIENTED_EDGE('',*,*,#1352,.T.);
#1776=ORIENTED_EDGE('',*,*,#1343,.T.);
#1777=ORIENTED_EDGE('',*,*,#1331,.F.);
#1778=ORIENTED_EDGE('',*,*,#1338,.T.);
#1779=ORIENTED_EDGE('',*,*,#1353,.T.);
#1780=ORIENTED_EDGE('',*,*,#1346,.F.);
#1781=ORIENTED_EDGE('',*,*,#1334,.F.);
#1782=ORIENTED_EDGE('',*,*,#1345,.F.);
#1783=ORIENTED_EDGE('',*,*,#1354,.F.);
#1784=ORIENTED_EDGE('',*,*,#1355,.F.);
#1785=ORIENTED_EDGE('',*,*,#1356,.F.);
#1786=ORIENTED_EDGE('',*,*,#1357,.F.);
#1787=ORIENTED_EDGE('',*,*,#1358,.F.);
#1788=ORIENTED_EDGE('',*,*,#1359,.F.);
#1789=ORIENTED_EDGE('',*,*,#1360,.F.);
#1790=ORIENTED_EDGE('',*,*,#1335,.T.);
#1791=ORIENTED_EDGE('',*,*,#1360,.T.);
#1792=ORIENTED_EDGE('',*,*,#1361,.F.);
#1793=ORIENTED_EDGE('',*,*,#1336,.F.);
#1794=ORIENTED_EDGE('',*,*,#1337,.T.);
#1795=ORIENTED_EDGE('',*,*,#1362,.T.);
#1796=ORIENTED_EDGE('',*,*,#1363,.F.);
#1797=ORIENTED_EDGE('',*,*,#1364,.F.);
#1798=ORIENTED_EDGE('',*,*,#1365,.T.);
#1799=ORIENTED_EDGE('',*,*,#1366,.T.);
#1800=ORIENTED_EDGE('',*,*,#1339,.F.);
#1801=ORIENTED_EDGE('',*,*,#1367,.F.);
#1802=ORIENTED_EDGE('',*,*,#1368,.F.);
#1803=ORIENTED_EDGE('',*,*,#1341,.T.);
#1804=ORIENTED_EDGE('',*,*,#1342,.T.);
#1805=ORIENTED_EDGE('',*,*,#1352,.F.);
#1806=ORIENTED_EDGE('',*,*,#1369,.T.);
#1807=ORIENTED_EDGE('',*,*,#1354,.T.);
#1808=ORIENTED_EDGE('',*,*,#1344,.F.);
#1809=ORIENTED_EDGE('',*,*,#1340,.F.);
#1810=ORIENTED_EDGE('',*,*,#1353,.F.);
#1811=ORIENTED_EDGE('',*,*,#1364,.T.);
#1812=ORIENTED_EDGE('',*,*,#1370,.T.);
#1813=ORIENTED_EDGE('',*,*,#1347,.F.);
#1814=ORIENTED_EDGE('',*,*,#1371,.F.);
#1815=ORIENTED_EDGE('',*,*,#1367,.T.);
#1816=ORIENTED_EDGE('',*,*,#1368,.T.);
#1817=ORIENTED_EDGE('',*,*,#1351,.F.);
#1818=ORIENTED_EDGE('',*,*,#1370,.F.);
#1819=ORIENTED_EDGE('',*,*,#1372,.T.);
#1820=ORIENTED_EDGE('',*,*,#1373,.T.);
#1821=ORIENTED_EDGE('',*,*,#1348,.F.);
#1822=ORIENTED_EDGE('',*,*,#1374,.F.);
#1823=ORIENTED_EDGE('',*,*,#1375,.T.);
#1824=ORIENTED_EDGE('',*,*,#1371,.T.);
#1825=ORIENTED_EDGE('',*,*,#1350,.F.);
#1826=ORIENTED_EDGE('',*,*,#1373,.F.);
#1827=ORIENTED_EDGE('',*,*,#1376,.T.);
#1828=ORIENTED_EDGE('',*,*,#1374,.T.);
#1829=ORIENTED_EDGE('',*,*,#1349,.F.);
#1830=ORIENTED_EDGE('',*,*,#1361,.T.);
#1831=ORIENTED_EDGE('',*,*,#1359,.T.);
#1832=ORIENTED_EDGE('',*,*,#1377,.F.);
#1833=ORIENTED_EDGE('',*,*,#1362,.F.);
#1834=ORIENTED_EDGE('',*,*,#1378,.T.);
#1835=ORIENTED_EDGE('',*,*,#1355,.T.);
#1836=ORIENTED_EDGE('',*,*,#1369,.F.);
#1837=ORIENTED_EDGE('',*,*,#1366,.F.);
#1838=ORIENTED_EDGE('',*,*,#1377,.T.);
#1839=ORIENTED_EDGE('',*,*,#1358,.T.);
#1840=ORIENTED_EDGE('',*,*,#1379,.F.);
#1841=ORIENTED_EDGE('',*,*,#1380,.F.);
#1842=ORIENTED_EDGE('',*,*,#1381,.T.);
#1843=ORIENTED_EDGE('',*,*,#1356,.T.);
#1844=ORIENTED_EDGE('',*,*,#1378,.F.);
#1845=ORIENTED_EDGE('',*,*,#1382,.F.);
#1846=ORIENTED_EDGE('',*,*,#1379,.T.);
#1847=ORIENTED_EDGE('',*,*,#1357,.T.);
#1848=ORIENTED_EDGE('',*,*,#1381,.F.);
#1849=ORIENTED_EDGE('',*,*,#1383,.F.);
#1850=ORIENTED_EDGE('',*,*,#1363,.T.);
#1851=ORIENTED_EDGE('',*,*,#1380,.T.);
#1852=ORIENTED_EDGE('',*,*,#1384,.F.);
#1853=ORIENTED_EDGE('',*,*,#1372,.F.);
#1854=ORIENTED_EDGE('',*,*,#1385,.T.);
#1855=ORIENTED_EDGE('',*,*,#1382,.T.);
#1856=ORIENTED_EDGE('',*,*,#1365,.F.);
#1857=ORIENTED_EDGE('',*,*,#1375,.F.);
#1858=ORIENTED_EDGE('',*,*,#1384,.T.);
#1859=ORIENTED_EDGE('',*,*,#1383,.T.);
#1860=ORIENTED_EDGE('',*,*,#1385,.F.);
#1861=ORIENTED_EDGE('',*,*,#1376,.F.);
#1862=ORIENTED_EDGE('',*,*,#1386,.T.);
#1863=ORIENTED_EDGE('',*,*,#1387,.T.);
#1864=ORIENTED_EDGE('',*,*,#1388,.F.);
#1865=ORIENTED_EDGE('',*,*,#1389,.F.);
#1866=ORIENTED_EDGE('',*,*,#1390,.T.);
#1867=ORIENTED_EDGE('',*,*,#1391,.T.);
#1868=ORIENTED_EDGE('',*,*,#1386,.F.);
#1869=ORIENTED_EDGE('',*,*,#1392,.F.);
#1870=ORIENTED_EDGE('',*,*,#1388,.T.);
#1871=ORIENTED_EDGE('',*,*,#1393,.T.);
#1872=ORIENTED_EDGE('',*,*,#1394,.F.);
#1873=ORIENTED_EDGE('',*,*,#1395,.F.);
#1874=ORIENTED_EDGE('',*,*,#1387,.F.);
#1875=ORIENTED_EDGE('',*,*,#1391,.F.);
#1876=ORIENTED_EDGE('',*,*,#1396,.F.);
#1877=ORIENTED_EDGE('',*,*,#1397,.F.);
#1878=ORIENTED_EDGE('',*,*,#1398,.F.);
#1879=ORIENTED_EDGE('',*,*,#1399,.F.);
#1880=ORIENTED_EDGE('',*,*,#1400,.F.);
#1881=ORIENTED_EDGE('',*,*,#1393,.F.);
#1882=ORIENTED_EDGE('',*,*,#1401,.T.);
#1883=ORIENTED_EDGE('',*,*,#1402,.T.);
#1884=ORIENTED_EDGE('',*,*,#1403,.T.);
#1885=ORIENTED_EDGE('',*,*,#1404,.T.);
#1886=ORIENTED_EDGE('',*,*,#1405,.T.);
#1887=ORIENTED_EDGE('',*,*,#1396,.T.);
#1888=ORIENTED_EDGE('',*,*,#1390,.F.);
#1889=ORIENTED_EDGE('',*,*,#1406,.F.);
#1890=ORIENTED_EDGE('',*,*,#1394,.T.);
#1891=ORIENTED_EDGE('',*,*,#1400,.T.);
#1892=ORIENTED_EDGE('',*,*,#1407,.F.);
#1893=ORIENTED_EDGE('',*,*,#1408,.F.);
#1894=ORIENTED_EDGE('',*,*,#1409,.T.);
#1895=ORIENTED_EDGE('',*,*,#1397,.T.);
#1896=ORIENTED_EDGE('',*,*,#1405,.F.);
#1897=ORIENTED_EDGE('',*,*,#1410,.F.);
#1898=ORIENTED_EDGE('',*,*,#1407,.T.);
#1899=ORIENTED_EDGE('',*,*,#1399,.T.);
#1900=ORIENTED_EDGE('',*,*,#1411,.F.);
#1901=ORIENTED_EDGE('',*,*,#1412,.F.);
#1902=ORIENTED_EDGE('',*,*,#1411,.T.);
#1903=ORIENTED_EDGE('',*,*,#1398,.T.);
#1904=ORIENTED_EDGE('',*,*,#1409,.F.);
#1905=ORIENTED_EDGE('',*,*,#1413,.F.);
#1906=ORIENTED_EDGE('',*,*,#1414,.T.);
#1907=ORIENTED_EDGE('',*,*,#1415,.T.);
#1908=ORIENTED_EDGE('',*,*,#1416,.F.);
#1909=ORIENTED_EDGE('',*,*,#1401,.F.);
#1910=ORIENTED_EDGE('',*,*,#1416,.T.);
#1911=ORIENTED_EDGE('',*,*,#1417,.T.);
#1912=ORIENTED_EDGE('',*,*,#1418,.F.);
#1913=ORIENTED_EDGE('',*,*,#1402,.F.);
#1914=ORIENTED_EDGE('',*,*,#1418,.T.);
#1915=ORIENTED_EDGE('',*,*,#1419,.T.);
#1916=ORIENTED_EDGE('',*,*,#1420,.F.);
#1917=ORIENTED_EDGE('',*,*,#1403,.F.);
#1918=ORIENTED_EDGE('',*,*,#1420,.T.);
#1919=ORIENTED_EDGE('',*,*,#1421,.T.);
#1920=ORIENTED_EDGE('',*,*,#1414,.F.);
#1921=ORIENTED_EDGE('',*,*,#1404,.F.);
#1922=ORIENTED_EDGE('',*,*,#1415,.F.);
#1923=ORIENTED_EDGE('',*,*,#1421,.F.);
#1924=ORIENTED_EDGE('',*,*,#1419,.F.);
#1925=ORIENTED_EDGE('',*,*,#1417,.F.);
#1926=ORIENTED_EDGE('',*,*,#1422,.T.);
#1927=ORIENTED_EDGE('',*,*,#1423,.T.);
#1928=ORIENTED_EDGE('',*,*,#1424,.T.);
#1929=ORIENTED_EDGE('',*,*,#1425,.T.);
#1930=ORIENTED_EDGE('',*,*,#1426,.F.);
#1931=ORIENTED_EDGE('',*,*,#1427,.T.);
#1932=ORIENTED_EDGE('',*,*,#1428,.T.);
#1933=ORIENTED_EDGE('',*,*,#1422,.F.);
#1934=ORIENTED_EDGE('',*,*,#1429,.F.);
#1935=ORIENTED_EDGE('',*,*,#1430,.T.);
#1936=ORIENTED_EDGE('',*,*,#1426,.T.);
#1937=ORIENTED_EDGE('',*,*,#1425,.F.);
#1938=ORIENTED_EDGE('',*,*,#1431,.F.);
#1939=ORIENTED_EDGE('',*,*,#1432,.T.);
#1940=ORIENTED_EDGE('',*,*,#1429,.T.);
#1941=ORIENTED_EDGE('',*,*,#1424,.F.);
#1942=ORIENTED_EDGE('',*,*,#1428,.F.);
#1943=ORIENTED_EDGE('',*,*,#1433,.T.);
#1944=ORIENTED_EDGE('',*,*,#1431,.T.);
#1945=ORIENTED_EDGE('',*,*,#1423,.F.);
#1946=ORIENTED_EDGE('',*,*,#1430,.F.);
#1947=ORIENTED_EDGE('',*,*,#1432,.F.);
#1948=ORIENTED_EDGE('',*,*,#1433,.F.);
#1949=ORIENTED_EDGE('',*,*,#1427,.F.);
#1950=ORIENTED_EDGE('',*,*,#1434,.F.);
#1951=ORIENTED_EDGE('',*,*,#1435,.F.);
#1952=ORIENTED_EDGE('',*,*,#1436,.F.);
#1953=ORIENTED_EDGE('',*,*,#1437,.F.);
#1954=ORIENTED_EDGE('',*,*,#1438,.F.);
#1955=ORIENTED_EDGE('',*,*,#1439,.F.);
#1956=ORIENTED_EDGE('',*,*,#1440,.T.);
#1957=ORIENTED_EDGE('',*,*,#1434,.T.);
#1958=ORIENTED_EDGE('',*,*,#1440,.F.);
#1959=ORIENTED_EDGE('',*,*,#1441,.F.);
#1960=ORIENTED_EDGE('',*,*,#1442,.T.);
#1961=ORIENTED_EDGE('',*,*,#1435,.T.);
#1962=ORIENTED_EDGE('',*,*,#1442,.F.);
#1963=ORIENTED_EDGE('',*,*,#1443,.F.);
#1964=ORIENTED_EDGE('',*,*,#1444,.T.);
#1965=ORIENTED_EDGE('',*,*,#1436,.T.);
#1966=ORIENTED_EDGE('',*,*,#1444,.F.);
#1967=ORIENTED_EDGE('',*,*,#1445,.F.);
#1968=ORIENTED_EDGE('',*,*,#1446,.T.);
#1969=ORIENTED_EDGE('',*,*,#1437,.T.);
#1970=ORIENTED_EDGE('',*,*,#1446,.F.);
#1971=ORIENTED_EDGE('',*,*,#1447,.F.);
#1972=ORIENTED_EDGE('',*,*,#1448,.T.);
#1973=ORIENTED_EDGE('',*,*,#1438,.T.);
#1974=ORIENTED_EDGE('',*,*,#1448,.F.);
#1975=ORIENTED_EDGE('',*,*,#1439,.T.);
#1976=ORIENTED_EDGE('',*,*,#1449,.F.);
#1977=ORIENTED_EDGE('',*,*,#1441,.T.);
#1978=ORIENTED_EDGE('',*,*,#1450,.F.);
#1979=ORIENTED_EDGE('',*,*,#1443,.T.);
#1980=ORIENTED_EDGE('',*,*,#1451,.F.);
#1981=ORIENTED_EDGE('',*,*,#1445,.T.);
#1982=ORIENTED_EDGE('',*,*,#1452,.F.);
#1983=ORIENTED_EDGE('',*,*,#1447,.T.);
#1984=ORIENTED_EDGE('',*,*,#1453,.F.);
#1985=ORIENTED_EDGE('',*,*,#1454,.F.);
#1986=ORIENTED_EDGE('',*,*,#1455,.T.);
#1987=ORIENTED_EDGE('',*,*,#1449,.T.);
#1988=ORIENTED_EDGE('',*,*,#1455,.F.);
#1989=ORIENTED_EDGE('',*,*,#1456,.F.);
#1990=ORIENTED_EDGE('',*,*,#1457,.T.);
#1991=ORIENTED_EDGE('',*,*,#1450,.T.);
#1992=ORIENTED_EDGE('',*,*,#1457,.F.);
#1993=ORIENTED_EDGE('',*,*,#1458,.F.);
#1994=ORIENTED_EDGE('',*,*,#1459,.T.);
#1995=ORIENTED_EDGE('',*,*,#1451,.T.);
#1996=ORIENTED_EDGE('',*,*,#1459,.F.);
#1997=ORIENTED_EDGE('',*,*,#1452,.T.);
#1998=ORIENTED_EDGE('',*,*,#1460,.T.);
#1999=ORIENTED_EDGE('',*,*,#1461,.F.);
#2000=ORIENTED_EDGE('',*,*,#1460,.F.);
#2001=ORIENTED_EDGE('',*,*,#1462,.F.);
#2002=ORIENTED_EDGE('',*,*,#1463,.T.);
#2003=ORIENTED_EDGE('',*,*,#1453,.T.);
#2004=ORIENTED_EDGE('',*,*,#1463,.F.);
#2005=ORIENTED_EDGE('',*,*,#1454,.T.);
#2006=ORIENTED_EDGE('',*,*,#1464,.T.);
#2007=ORIENTED_EDGE('',*,*,#1465,.F.);
#2008=ORIENTED_EDGE('',*,*,#1464,.F.);
#2009=ORIENTED_EDGE('',*,*,#1456,.T.);
#2010=ORIENTED_EDGE('',*,*,#1466,.T.);
#2011=ORIENTED_EDGE('',*,*,#1467,.F.);
#2012=ORIENTED_EDGE('',*,*,#1466,.F.);
#2013=ORIENTED_EDGE('',*,*,#1458,.T.);
#2014=ORIENTED_EDGE('',*,*,#1468,.T.);
#2015=ORIENTED_EDGE('',*,*,#1469,.F.);
#2016=ORIENTED_EDGE('',*,*,#1468,.F.);
#2017=ORIENTED_EDGE('',*,*,#1470,.F.);
#2018=ORIENTED_EDGE('',*,*,#1471,.T.);
#2019=ORIENTED_EDGE('',*,*,#1461,.T.);
#2020=ORIENTED_EDGE('',*,*,#1471,.F.);
#2021=ORIENTED_EDGE('',*,*,#1462,.T.);
#2022=ORIENTED_EDGE('',*,*,#1472,.T.);
#2023=ORIENTED_EDGE('',*,*,#1473,.F.);
#2024=ORIENTED_EDGE('',*,*,#1472,.F.);
#2025=ORIENTED_EDGE('',*,*,#1465,.T.);
#2026=ORIENTED_EDGE('',*,*,#1467,.T.);
#2027=ORIENTED_EDGE('',*,*,#1469,.T.);
#2028=ORIENTED_EDGE('',*,*,#1470,.T.);
#2029=ORIENTED_EDGE('',*,*,#1473,.T.);
#2030=ORIENTED_EDGE('',*,*,#1389,.T.);
#2031=ORIENTED_EDGE('',*,*,#1474,.F.);
#2032=ORIENTED_EDGE('',*,*,#1475,.T.);
#2033=ORIENTED_EDGE('',*,*,#1476,.T.);
#2034=ORIENTED_EDGE('',*,*,#1477,.F.);
#2035=ORIENTED_EDGE('',*,*,#1478,.F.);
#2036=ORIENTED_EDGE('',*,*,#1479,.F.);
#2037=ORIENTED_EDGE('',*,*,#1480,.T.);
#2038=ORIENTED_EDGE('',*,*,#1481,.F.);
#2039=ORIENTED_EDGE('',*,*,#1482,.T.);
#2040=ORIENTED_EDGE('',*,*,#1483,.F.);
#2041=ORIENTED_EDGE('',*,*,#1484,.F.);
#2042=ORIENTED_EDGE('',*,*,#1485,.T.);
#2043=ORIENTED_EDGE('',*,*,#1486,.T.);
#2044=ORIENTED_EDGE('',*,*,#1487,.T.);
#2045=ORIENTED_EDGE('',*,*,#1488,.F.);
#2046=ORIENTED_EDGE('',*,*,#1489,.F.);
#2047=ORIENTED_EDGE('',*,*,#1478,.T.);
#2048=ORIENTED_EDGE('',*,*,#1490,.T.);
#2049=ORIENTED_EDGE('',*,*,#1491,.F.);
#2050=ORIENTED_EDGE('',*,*,#1489,.T.);
#2051=ORIENTED_EDGE('',*,*,#1492,.T.);
#2052=ORIENTED_EDGE('',*,*,#1493,.F.);
#2053=ORIENTED_EDGE('',*,*,#1494,.T.);
#2054=ORIENTED_EDGE('',*,*,#1495,.T.);
#2055=ORIENTED_EDGE('',*,*,#1496,.F.);
#2056=ORIENTED_EDGE('',*,*,#1487,.F.);
#2057=ORIENTED_EDGE('',*,*,#1497,.T.);
#2058=ORIENTED_EDGE('',*,*,#1498,.T.);
#2059=ORIENTED_EDGE('',*,*,#1494,.F.);
#2060=ORIENTED_EDGE('',*,*,#1486,.F.);
#2061=ORIENTED_EDGE('',*,*,#1499,.T.);
#2062=ORIENTED_EDGE('',*,*,#1500,.T.);
#2063=ORIENTED_EDGE('',*,*,#1497,.F.);
#2064=ORIENTED_EDGE('',*,*,#1485,.F.);
#2065=ORIENTED_EDGE('',*,*,#1496,.T.);
#2066=ORIENTED_EDGE('',*,*,#1501,.T.);
#2067=ORIENTED_EDGE('',*,*,#1502,.F.);
#2068=ORIENTED_EDGE('',*,*,#1503,.F.);
#2069=ORIENTED_EDGE('',*,*,#1495,.F.);
#2070=ORIENTED_EDGE('',*,*,#1504,.F.);
#2071=ORIENTED_EDGE('',*,*,#1505,.F.);
#2072=ORIENTED_EDGE('',*,*,#1506,.F.);
#2073=ORIENTED_EDGE('',*,*,#1507,.F.);
#2074=ORIENTED_EDGE('',*,*,#1501,.F.);
#2075=ORIENTED_EDGE('',*,*,#1504,.T.);
#2076=ORIENTED_EDGE('',*,*,#1498,.F.);
#2077=ORIENTED_EDGE('',*,*,#1508,.F.);
#2078=ORIENTED_EDGE('',*,*,#1509,.T.);
#2079=ORIENTED_EDGE('',*,*,#1499,.F.);
#2080=ORIENTED_EDGE('',*,*,#1510,.T.);
#2081=ORIENTED_EDGE('',*,*,#1511,.F.);
#2082=ORIENTED_EDGE('',*,*,#1510,.F.);
#2083=ORIENTED_EDGE('',*,*,#1484,.T.);
#2084=ORIENTED_EDGE('',*,*,#1512,.T.);
#2085=ORIENTED_EDGE('',*,*,#1513,.F.);
#2086=ORIENTED_EDGE('',*,*,#1508,.T.);
#2087=ORIENTED_EDGE('',*,*,#1500,.F.);
#2088=ORIENTED_EDGE('',*,*,#1514,.F.);
#2089=ORIENTED_EDGE('',*,*,#1515,.F.);
#2090=ORIENTED_EDGE('',*,*,#1516,.T.);
#2091=ORIENTED_EDGE('',*,*,#1513,.T.);
#2092=ORIENTED_EDGE('',*,*,#1517,.F.);
#2093=ORIENTED_EDGE('',*,*,#1518,.T.);
#2094=ORIENTED_EDGE('',*,*,#1512,.F.);
#2095=ORIENTED_EDGE('',*,*,#1519,.T.);
#2096=ORIENTED_EDGE('',*,*,#1520,.F.);
#2097=ORIENTED_EDGE('',*,*,#1519,.F.);
#2098=ORIENTED_EDGE('',*,*,#1483,.T.);
#2099=ORIENTED_EDGE('',*,*,#1521,.T.);
#2100=ORIENTED_EDGE('',*,*,#1522,.F.);
#2101=ORIENTED_EDGE('',*,*,#1523,.T.);
#2102=ORIENTED_EDGE('',*,*,#1524,.T.);
#2103=ORIENTED_EDGE('',*,*,#1521,.F.);
#2104=ORIENTED_EDGE('',*,*,#1482,.F.);
#2105=ORIENTED_EDGE('',*,*,#1523,.F.);
#2106=ORIENTED_EDGE('',*,*,#1481,.T.);
#2107=ORIENTED_EDGE('',*,*,#1525,.T.);
#2108=ORIENTED_EDGE('',*,*,#1526,.F.);
#2109=ORIENTED_EDGE('',*,*,#1527,.T.);
#2110=ORIENTED_EDGE('',*,*,#1528,.T.);
#2111=ORIENTED_EDGE('',*,*,#1525,.F.);
#2112=ORIENTED_EDGE('',*,*,#1480,.F.);
#2113=ORIENTED_EDGE('',*,*,#1527,.F.);
#2114=ORIENTED_EDGE('',*,*,#1479,.T.);
#2115=ORIENTED_EDGE('',*,*,#1493,.T.);
#2116=ORIENTED_EDGE('',*,*,#1529,.F.);
#2117=ORIENTED_EDGE('',*,*,#1530,.T.);
#2118=ORIENTED_EDGE('',*,*,#1522,.T.);
#2119=ORIENTED_EDGE('',*,*,#1531,.F.);
#2120=ORIENTED_EDGE('',*,*,#1532,.T.);
#2121=ORIENTED_EDGE('',*,*,#1531,.T.);
#2122=ORIENTED_EDGE('',*,*,#1524,.F.);
#2123=ORIENTED_EDGE('',*,*,#1533,.F.);
#2124=ORIENTED_EDGE('',*,*,#1534,.F.);
#2125=ORIENTED_EDGE('',*,*,#1535,.T.);
#2126=ORIENTED_EDGE('',*,*,#1533,.T.);
#2127=ORIENTED_EDGE('',*,*,#1526,.T.);
#2128=ORIENTED_EDGE('',*,*,#1536,.F.);
#2129=ORIENTED_EDGE('',*,*,#1536,.T.);
#2130=ORIENTED_EDGE('',*,*,#1528,.F.);
#2131=ORIENTED_EDGE('',*,*,#1537,.F.);
#2132=ORIENTED_EDGE('',*,*,#1538,.T.);
#2133=ORIENTED_EDGE('',*,*,#1537,.T.);
#2134=ORIENTED_EDGE('',*,*,#1529,.T.);
#2135=ORIENTED_EDGE('',*,*,#1539,.F.);
#2136=ORIENTED_EDGE('',*,*,#1540,.T.);
#2137=ORIENTED_EDGE('',*,*,#1541,.F.);
#2138=ORIENTED_EDGE('',*,*,#1542,.T.);
#2139=ORIENTED_EDGE('',*,*,#1543,.T.);
#2140=ORIENTED_EDGE('',*,*,#1491,.T.);
#2141=ORIENTED_EDGE('',*,*,#1490,.F.);
#2142=ORIENTED_EDGE('',*,*,#1544,.T.);
#2143=ORIENTED_EDGE('',*,*,#1545,.F.);
#2144=ORIENTED_EDGE('',*,*,#1544,.F.);
#2145=ORIENTED_EDGE('',*,*,#1477,.T.);
#2146=ORIENTED_EDGE('',*,*,#1546,.T.);
#2147=ORIENTED_EDGE('',*,*,#1547,.F.);
#2148=ORIENTED_EDGE('',*,*,#1548,.T.);
#2149=ORIENTED_EDGE('',*,*,#1549,.T.);
#2150=ORIENTED_EDGE('',*,*,#1546,.F.);
#2151=ORIENTED_EDGE('',*,*,#1476,.F.);
#2152=ORIENTED_EDGE('',*,*,#1550,.T.);
#2153=ORIENTED_EDGE('',*,*,#1551,.T.);
#2154=ORIENTED_EDGE('',*,*,#1548,.F.);
#2155=ORIENTED_EDGE('',*,*,#1475,.F.);
#2156=ORIENTED_EDGE('',*,*,#1552,.T.);
#2157=ORIENTED_EDGE('',*,*,#1547,.T.);
#2158=ORIENTED_EDGE('',*,*,#1553,.F.);
#2159=ORIENTED_EDGE('',*,*,#1554,.T.);
#2160=ORIENTED_EDGE('',*,*,#1553,.T.);
#2161=ORIENTED_EDGE('',*,*,#1549,.F.);
#2162=ORIENTED_EDGE('',*,*,#1555,.F.);
#2163=ORIENTED_EDGE('',*,*,#1556,.T.);
#2164=ORIENTED_EDGE('',*,*,#1557,.T.);
#2165=ORIENTED_EDGE('',*,*,#1558,.T.);
#2166=ORIENTED_EDGE('',*,*,#1550,.F.);
#2167=ORIENTED_EDGE('',*,*,#1559,.F.);
#2168=ORIENTED_EDGE('',*,*,#1555,.T.);
#2169=ORIENTED_EDGE('',*,*,#1551,.F.);
#2170=ORIENTED_EDGE('',*,*,#1558,.F.);
#2171=ORIENTED_EDGE('',*,*,#1560,.F.);
#2172=ORIENTED_EDGE('',*,*,#1561,.F.);
#2173=ORIENTED_EDGE('',*,*,#1562,.F.);
#2174=ORIENTED_EDGE('',*,*,#1502,.T.);
#2175=ORIENTED_EDGE('',*,*,#1507,.T.);
#2176=ORIENTED_EDGE('',*,*,#1563,.F.);
#2177=ORIENTED_EDGE('',*,*,#1564,.F.);
#2178=ORIENTED_EDGE('',*,*,#1565,.T.);
#2179=ORIENTED_EDGE('',*,*,#1505,.T.);
#2180=ORIENTED_EDGE('',*,*,#1566,.F.);
#2181=ORIENTED_EDGE('',*,*,#1567,.F.);
#2182=ORIENTED_EDGE('',*,*,#1563,.T.);
#2183=ORIENTED_EDGE('',*,*,#1506,.T.);
#2184=ORIENTED_EDGE('',*,*,#1565,.F.);
#2185=ORIENTED_EDGE('',*,*,#1568,.F.);
#2186=ORIENTED_EDGE('',*,*,#1569,.F.);
#2187=ORIENTED_EDGE('',*,*,#1570,.T.);
#2188=ORIENTED_EDGE('',*,*,#1566,.T.);
#2189=ORIENTED_EDGE('',*,*,#1509,.F.);
#2190=ORIENTED_EDGE('',*,*,#1514,.T.);
#2191=ORIENTED_EDGE('',*,*,#1511,.T.);
#2192=ORIENTED_EDGE('',*,*,#1516,.F.);
#2193=ORIENTED_EDGE('',*,*,#1571,.T.);
#2194=ORIENTED_EDGE('',*,*,#1569,.T.);
#2195=ORIENTED_EDGE('',*,*,#1515,.T.);
#2196=ORIENTED_EDGE('',*,*,#1572,.F.);
#2197=ORIENTED_EDGE('',*,*,#1573,.F.);
#2198=ORIENTED_EDGE('',*,*,#1574,.F.);
#2199=ORIENTED_EDGE('',*,*,#1575,.T.);
#2200=ORIENTED_EDGE('',*,*,#1576,.T.);
#2201=ORIENTED_EDGE('',*,*,#1518,.F.);
#2202=ORIENTED_EDGE('',*,*,#1517,.T.);
#2203=ORIENTED_EDGE('',*,*,#1520,.T.);
#2204=ORIENTED_EDGE('',*,*,#1530,.F.);
#2205=ORIENTED_EDGE('',*,*,#1577,.T.);
#2206=ORIENTED_EDGE('',*,*,#1578,.F.);
#2207=ORIENTED_EDGE('',*,*,#1579,.T.);
#2208=ORIENTED_EDGE('',*,*,#1580,.T.);
#2209=ORIENTED_EDGE('',*,*,#1532,.F.);
#2210=ORIENTED_EDGE('',*,*,#1578,.T.);
#2211=ORIENTED_EDGE('',*,*,#1534,.T.);
#2212=ORIENTED_EDGE('',*,*,#1581,.F.);
#2213=ORIENTED_EDGE('',*,*,#1582,.F.);
#2214=ORIENTED_EDGE('',*,*,#1583,.F.);
#2215=ORIENTED_EDGE('',*,*,#1584,.T.);
#2216=ORIENTED_EDGE('',*,*,#1581,.T.);
#2217=ORIENTED_EDGE('',*,*,#1535,.F.);
#2218=ORIENTED_EDGE('',*,*,#1585,.F.);
#2219=ORIENTED_EDGE('',*,*,#1586,.T.);
#2220=ORIENTED_EDGE('',*,*,#1583,.T.);
#2221=ORIENTED_EDGE('',*,*,#1538,.F.);
#2222=ORIENTED_EDGE('',*,*,#1587,.F.);
#2223=ORIENTED_EDGE('',*,*,#1588,.T.);
#2224=ORIENTED_EDGE('',*,*,#1585,.T.);
#2225=ORIENTED_EDGE('',*,*,#1540,.F.);
#2226=ORIENTED_EDGE('',*,*,#1539,.T.);
#2227=ORIENTED_EDGE('',*,*,#1492,.F.);
#2228=ORIENTED_EDGE('',*,*,#1543,.F.);
#2229=ORIENTED_EDGE('',*,*,#1589,.T.);
#2230=ORIENTED_EDGE('',*,*,#1541,.T.);
#2231=ORIENTED_EDGE('',*,*,#1545,.T.);
#2232=ORIENTED_EDGE('',*,*,#1552,.F.);
#2233=ORIENTED_EDGE('',*,*,#1590,.F.);
#2234=ORIENTED_EDGE('',*,*,#1591,.F.);
#2235=ORIENTED_EDGE('',*,*,#1592,.T.);
#2236=ORIENTED_EDGE('',*,*,#1593,.T.);
#2237=ORIENTED_EDGE('',*,*,#1542,.F.);
#2238=ORIENTED_EDGE('',*,*,#1594,.F.);
#2239=ORIENTED_EDGE('',*,*,#1595,.T.);
#2240=ORIENTED_EDGE('',*,*,#1596,.T.);
#2241=ORIENTED_EDGE('',*,*,#1554,.F.);
#2242=ORIENTED_EDGE('',*,*,#1597,.F.);
#2243=ORIENTED_EDGE('',*,*,#1598,.T.);
#2244=ORIENTED_EDGE('',*,*,#1594,.T.);
#2245=ORIENTED_EDGE('',*,*,#1556,.F.);
#2246=ORIENTED_EDGE('',*,*,#1599,.T.);
#2247=ORIENTED_EDGE('',*,*,#1560,.T.);
#2248=ORIENTED_EDGE('',*,*,#1557,.F.);
#2249=ORIENTED_EDGE('',*,*,#1600,.F.);
#2250=ORIENTED_EDGE('',*,*,#1597,.T.);
#2251=ORIENTED_EDGE('',*,*,#1562,.T.);
#2252=ORIENTED_EDGE('',*,*,#1601,.F.);
#2253=ORIENTED_EDGE('',*,*,#1602,.F.);
#2254=ORIENTED_EDGE('',*,*,#1601,.T.);
#2255=ORIENTED_EDGE('',*,*,#1561,.T.);
#2256=ORIENTED_EDGE('',*,*,#1599,.F.);
#2257=ORIENTED_EDGE('',*,*,#1603,.F.);
#2258=ORIENTED_EDGE('',*,*,#1576,.F.);
#2259=ORIENTED_EDGE('',*,*,#1572,.T.);
#2260=ORIENTED_EDGE('',*,*,#1571,.F.);
#2261=ORIENTED_EDGE('',*,*,#1580,.F.);
#2262=ORIENTED_EDGE('',*,*,#1574,.T.);
#2263=ORIENTED_EDGE('',*,*,#1577,.F.);
#2264=ORIENTED_EDGE('',*,*,#1593,.F.);
#2265=ORIENTED_EDGE('',*,*,#1587,.T.);
#2266=ORIENTED_EDGE('',*,*,#1589,.F.);
#2267=ORIENTED_EDGE('',*,*,#1591,.T.);
#2268=ORIENTED_EDGE('',*,*,#1590,.T.);
#2269=ORIENTED_EDGE('',*,*,#1596,.F.);
#2270=ORIENTED_EDGE('',*,*,#1406,.T.);
#2271=ORIENTED_EDGE('',*,*,#1604,.F.);
#2272=ORIENTED_EDGE('',*,*,#1564,.T.);
#2273=ORIENTED_EDGE('',*,*,#1605,.F.);
#2274=ORIENTED_EDGE('',*,*,#1408,.T.);
#2275=ORIENTED_EDGE('',*,*,#1606,.F.);
#2276=ORIENTED_EDGE('',*,*,#1600,.T.);
#2277=ORIENTED_EDGE('',*,*,#1607,.F.);
#2278=ORIENTED_EDGE('',*,*,#1413,.T.);
#2279=ORIENTED_EDGE('',*,*,#1608,.F.);
#2280=ORIENTED_EDGE('',*,*,#1567,.T.);
#2281=ORIENTED_EDGE('',*,*,#1570,.F.);
#2282=ORIENTED_EDGE('',*,*,#1573,.T.);
#2283=ORIENTED_EDGE('',*,*,#1575,.F.);
#2284=ORIENTED_EDGE('',*,*,#1579,.F.);
#2285=ORIENTED_EDGE('',*,*,#1582,.T.);
#2286=ORIENTED_EDGE('',*,*,#1584,.F.);
#2287=ORIENTED_EDGE('',*,*,#1586,.F.);
#2288=ORIENTED_EDGE('',*,*,#1588,.F.);
#2289=ORIENTED_EDGE('',*,*,#1592,.F.);
#2290=ORIENTED_EDGE('',*,*,#1595,.F.);
#2291=ORIENTED_EDGE('',*,*,#1598,.F.);
#2292=ORIENTED_EDGE('',*,*,#1602,.T.);
#2293=ORIENTED_EDGE('',*,*,#1609,.F.);
#2294=ORIENTED_EDGE('',*,*,#1488,.T.);
#2295=ORIENTED_EDGE('',*,*,#1503,.T.);
#2296=ORIENTED_EDGE('',*,*,#1604,.T.);
#2297=ORIENTED_EDGE('',*,*,#1392,.T.);
#2298=ORIENTED_EDGE('',*,*,#1559,.T.);
#2299=ORIENTED_EDGE('',*,*,#1474,.T.);
#2300=ORIENTED_EDGE('',*,*,#1395,.T.);
#2301=ORIENTED_EDGE('',*,*,#1607,.T.);
#2302=ORIENTED_EDGE('',*,*,#1568,.T.);
#2303=ORIENTED_EDGE('',*,*,#1608,.T.);
#2304=ORIENTED_EDGE('',*,*,#1410,.T.);
#2305=ORIENTED_EDGE('',*,*,#1605,.T.);
#2306=ORIENTED_EDGE('',*,*,#1603,.T.);
#2307=ORIENTED_EDGE('',*,*,#1606,.T.);
#2308=ORIENTED_EDGE('',*,*,#1412,.T.);
#2309=ORIENTED_EDGE('',*,*,#1609,.T.);
#2310=PLANE('',#2653);
#2311=PLANE('',#2654);
#2312=PLANE('',#2661);
#2313=PLANE('',#2662);
#2314=PLANE('',#2667);
#2315=PLANE('',#2670);
#2316=PLANE('',#2673);
#2317=PLANE('',#2674);
#2318=PLANE('',#2697);
#2319=PLANE('',#2698);
#2320=PLANE('',#2699);
#2321=PLANE('',#2701);
#2322=PLANE('',#2702);
#2323=PLANE('',#2709);
#2324=PLANE('',#2710);
#2325=PLANE('',#2715);
#2326=PLANE('',#2718);
#2327=PLANE('',#2721);
#2328=PLANE('',#2722);
#2329=PLANE('',#2745);
#2330=PLANE('',#2746);
#2331=PLANE('',#2747);
#2332=PLANE('',#2760);
#2333=PLANE('',#2774);
#2334=PLANE('',#2775);
#2335=PLANE('',#2776);
#2336=PLANE('',#2777);
#2337=PLANE('',#2778);
#2338=PLANE('',#2779);
#2339=PLANE('',#2780);
#2340=PLANE('',#2781);
#2341=PLANE('',#2782);
#2342=PLANE('',#2783);
#2343=PLANE('',#2799);
#2344=PLANE('',#2801);
#2345=PLANE('',#2803);
#2346=PLANE('',#2805);
#2347=PLANE('',#2807);
#2348=PLANE('',#2834);
#2349=PLANE('',#2835);
#2350=PLANE('',#2836);
#2351=PLANE('',#2837);
#2352=PLANE('',#2838);
#2353=PLANE('',#2839);
#2354=PLANE('',#2862);
#2355=PLANE('',#2871);
#2356=PLANE('',#2872);
#2357=PLANE('',#2887);
#2358=PLANE('',#2890);
#2359=PLANE('',#2893);
#2360=PLANE('',#2894);
#2361=PLANE('',#2905);
#2362=PLANE('',#2912);
#2363=PLANE('',#2969);
#2364=PLANE('',#2970);
#2365=PLANE('',#2971);
#2366=ADVANCED_FACE('',(#321),#2310,.T.);
#2367=ADVANCED_FACE('',(#322),#2311,.T.);
#2368=ADVANCED_FACE('',(#323),#239,.T.);
#2369=ADVANCED_FACE('',(#324),#240,.T.);
#2370=ADVANCED_FACE('',(#325),#2312,.T.);
#2371=ADVANCED_FACE('',(#326),#2313,.T.);
#2372=ADVANCED_FACE('',(#327),#241,.T.);
#2373=ADVANCED_FACE('',(#328),#242,.T.);
#2374=ADVANCED_FACE('',(#329),#2314,.T.);
#2375=ADVANCED_FACE('',(#330),#243,.T.);
#2376=ADVANCED_FACE('',(#331),#2315,.F.);
#2377=ADVANCED_FACE('',(#332),#244,.T.);
#2378=ADVANCED_FACE('',(#333),#2316,.T.);
#2379=ADVANCED_FACE('',(#334),#2317,.T.);
#2380=ADVANCED_FACE('',(#335),#245,.T.);
#2381=ADVANCED_FACE('',(#336),#246,.T.);
#2382=ADVANCED_FACE('',(#337),#247,.T.);
#2383=ADVANCED_FACE('',(#338),#248,.T.);
#2384=ADVANCED_FACE('',(#339),#249,.T.);
#2385=ADVANCED_FACE('',(#340),#250,.T.);
#2386=ADVANCED_FACE('',(#341),#251,.T.);
#2387=ADVANCED_FACE('',(#342),#252,.T.);
#2388=ADVANCED_FACE('',(#343),#253,.T.);
#2389=ADVANCED_FACE('',(#344),#254,.T.);
#2390=ADVANCED_FACE('',(#345),#255,.T.);
#2391=ADVANCED_FACE('',(#346),#256,.T.);
#2392=ADVANCED_FACE('',(#347),#2318,.T.);
#2393=ADVANCED_FACE('',(#348),#2319,.T.);
#2394=ADVANCED_FACE('',(#349),#2320,.T.);
#2395=ADVANCED_FACE('',(#350),#2321,.T.);
#2396=ADVANCED_FACE('',(#351),#2322,.T.);
#2397=ADVANCED_FACE('',(#352),#257,.T.);
#2398=ADVANCED_FACE('',(#353),#258,.T.);
#2399=ADVANCED_FACE('',(#354),#2323,.T.);
#2400=ADVANCED_FACE('',(#355),#2324,.T.);
#2401=ADVANCED_FACE('',(#356),#259,.T.);
#2402=ADVANCED_FACE('',(#357),#260,.T.);
#2403=ADVANCED_FACE('',(#358),#2325,.T.);
#2404=ADVANCED_FACE('',(#359),#261,.T.);
#2405=ADVANCED_FACE('',(#360),#2326,.F.);
#2406=ADVANCED_FACE('',(#361),#262,.T.);
#2407=ADVANCED_FACE('',(#362),#2327,.T.);
#2408=ADVANCED_FACE('',(#363),#2328,.T.);
#2409=ADVANCED_FACE('',(#364),#263,.T.);
#2410=ADVANCED_FACE('',(#365),#264,.T.);
#2411=ADVANCED_FACE('',(#366),#265,.T.);
#2412=ADVANCED_FACE('',(#367),#266,.T.);
#2413=ADVANCED_FACE('',(#368),#267,.T.);
#2414=ADVANCED_FACE('',(#369),#268,.T.);
#2415=ADVANCED_FACE('',(#370),#269,.T.);
#2416=ADVANCED_FACE('',(#371),#270,.T.);
#2417=ADVANCED_FACE('',(#372),#271,.T.);
#2418=ADVANCED_FACE('',(#373),#272,.T.);
#2419=ADVANCED_FACE('',(#374),#273,.T.);
#2420=ADVANCED_FACE('',(#375),#274,.T.);
#2421=ADVANCED_FACE('',(#376),#2329,.T.);
#2422=ADVANCED_FACE('',(#377),#2330,.T.);
#2423=ADVANCED_FACE('',(#378),#2331,.T.);
#2424=ADVANCED_FACE('',(#379),#275,.T.);
#2425=ADVANCED_FACE('',(#380),#43,.T.);
#2426=ADVANCED_FACE('',(#381),#44,.T.);
#2427=ADVANCED_FACE('',(#382,#31),#2332,.F.);
#2428=ADVANCED_FACE('',(#383),#276,.T.);
#2429=ADVANCED_FACE('',(#384),#277,.T.);
#2430=ADVANCED_FACE('',(#385),#45,.T.);
#2431=ADVANCED_FACE('',(#386),#46,.T.);
#2432=ADVANCED_FACE('',(#387),#278,.T.);
#2433=ADVANCED_FACE('',(#388),#2333,.T.);
#2434=ADVANCED_FACE('',(#389),#2334,.T.);
#2435=ADVANCED_FACE('',(#390),#2335,.T.);
#2436=ADVANCED_FACE('',(#391),#2336,.T.);
#2437=ADVANCED_FACE('',(#392,#32),#2337,.F.);
#2438=ADVANCED_FACE('',(#393),#2338,.F.);
#2439=ADVANCED_FACE('',(#394),#2339,.F.);
#2440=ADVANCED_FACE('',(#395),#2340,.F.);
#2441=ADVANCED_FACE('',(#396),#2341,.F.);
#2442=ADVANCED_FACE('',(#397,#33,#34,#35,#36,#37),#2342,.F.);
#2443=ADVANCED_FACE('',(#398),#279,.F.);
#2444=ADVANCED_FACE('',(#399),#280,.F.);
#2445=ADVANCED_FACE('',(#400),#281,.F.);
#2446=ADVANCED_FACE('',(#401),#282,.F.);
#2447=ADVANCED_FACE('',(#402),#283,.F.);
#2448=ADVANCED_FACE('',(#403,#38),#2343,.T.);
#2449=ADVANCED_FACE('',(#404,#39),#2344,.T.);
#2450=ADVANCED_FACE('',(#405,#40),#2345,.T.);
#2451=ADVANCED_FACE('',(#406,#41),#2346,.T.);
#2452=ADVANCED_FACE('',(#407,#42),#2347,.T.);
#2453=ADVANCED_FACE('',(#408),#284,.T.);
#2454=ADVANCED_FACE('',(#409),#285,.T.);
#2455=ADVANCED_FACE('',(#410),#286,.T.);
#2456=ADVANCED_FACE('',(#411),#287,.T.);
#2457=ADVANCED_FACE('',(#412),#288,.T.);
#2458=ADVANCED_FACE('',(#413),#47,.T.);
#2459=ADVANCED_FACE('',(#414),#48,.T.);
#2460=ADVANCED_FACE('',(#415),#49,.T.);
#2461=ADVANCED_FACE('',(#416),#50,.T.);
#2462=ADVANCED_FACE('',(#417),#51,.T.);
#2463=ADVANCED_FACE('',(#418),#2348,.F.);
#2464=ADVANCED_FACE('',(#419),#2349,.F.);
#2465=ADVANCED_FACE('',(#420),#2350,.F.);
#2466=ADVANCED_FACE('',(#421),#2351,.F.);
#2467=ADVANCED_FACE('',(#422),#2352,.F.);
#2468=ADVANCED_FACE('',(#423),#2353,.T.);
#2469=ADVANCED_FACE('',(#424),#289,.T.);
#2470=ADVANCED_FACE('',(#425),#23,.T.);
#2471=ADVANCED_FACE('',(#426),#290,.T.);
#2472=ADVANCED_FACE('',(#427),#52,.T.);
#2473=ADVANCED_FACE('',(#428),#291,.T.);
#2474=ADVANCED_FACE('',(#429),#53,.T.);
#2475=ADVANCED_FACE('',(#430),#2354,.T.);
#2476=ADVANCED_FACE('',(#431),#292,.F.);
#2477=ADVANCED_FACE('',(#432),#24,.T.);
#2478=ADVANCED_FACE('',(#433),#293,.T.);
#2479=ADVANCED_FACE('',(#434),#2355,.T.);
#2480=ADVANCED_FACE('',(#435),#2356,.T.);
#2481=ADVANCED_FACE('',(#436),#25,.T.);
#2482=ADVANCED_FACE('',(#437),#294,.T.);
#2483=ADVANCED_FACE('',(#438),#54,.T.);
#2484=ADVANCED_FACE('',(#439),#295,.T.);
#2485=ADVANCED_FACE('',(#440),#55,.T.);
#2486=ADVANCED_FACE('',(#441),#296,.T.);
#2487=ADVANCED_FACE('',(#442),#2357,.F.);
#2488=ADVANCED_FACE('',(#443),#297,.F.);
#2489=ADVANCED_FACE('',(#444),#2358,.F.);
#2490=ADVANCED_FACE('',(#445),#298,.F.);
#2491=ADVANCED_FACE('',(#446),#2359,.F.);
#2492=ADVANCED_FACE('',(#447),#2360,.T.);
#2493=ADVANCED_FACE('',(#448),#26,.T.);
#2494=ADVANCED_FACE('',(#449),#299,.T.);
#2495=ADVANCED_FACE('',(#450),#56,.T.);
#2496=ADVANCED_FACE('',(#451),#300,.T.);
#2497=ADVANCED_FACE('',(#452),#2361,.F.);
#2498=ADVANCED_FACE('',(#453),#301,.F.);
#2499=ADVANCED_FACE('',(#454),#57,.T.);
#2500=ADVANCED_FACE('',(#455),#2362,.F.);
#2501=ADVANCED_FACE('',(#456),#302,.T.);
#2502=ADVANCED_FACE('',(#457),#303,.T.);
#2503=ADVANCED_FACE('',(#458),#58,.T.);
#2504=ADVANCED_FACE('',(#459),#59,.T.);
#2505=ADVANCED_FACE('',(#460),#304,.T.);
#2506=ADVANCED_FACE('',(#461),#305,.T.);
#2507=ADVANCED_FACE('',(#462),#306,.T.);
#2508=ADVANCED_FACE('',(#463),#307,.T.);
#2509=ADVANCED_FACE('',(#464),#308,.T.);
#2510=ADVANCED_FACE('',(#465),#60,.T.);
#2511=ADVANCED_FACE('',(#466),#309,.T.);
#2512=ADVANCED_FACE('',(#467),#61,.T.);
#2513=ADVANCED_FACE('',(#468),#310,.T.);
#2514=ADVANCED_FACE('',(#469),#311,.T.);
#2515=ADVANCED_FACE('',(#470),#312,.T.);
#2516=ADVANCED_FACE('',(#471),#313,.T.);
#2517=ADVANCED_FACE('',(#472),#314,.T.);
#2518=ADVANCED_FACE('',(#473),#62,.T.);
#2519=ADVANCED_FACE('',(#474),#315,.T.);
#2520=ADVANCED_FACE('',(#475),#316,.T.);
#2521=ADVANCED_FACE('',(#476),#63,.T.);
#2522=ADVANCED_FACE('',(#477),#27,.T.);
#2523=ADVANCED_FACE('',(#478),#28,.T.);
#2524=ADVANCED_FACE('',(#479),#29,.T.);
#2525=ADVANCED_FACE('',(#480),#30,.T.);
#2526=ADVANCED_FACE('',(#481),#2363,.T.);
#2527=ADVANCED_FACE('',(#482),#2364,.T.);
#2528=ADVANCED_FACE('',(#483),#2365,.T.);
#2529=ADVANCED_FACE('',(#484),#317,.T.);
#2530=ADVANCED_FACE('',(#485),#318,.T.);
#2531=ADVANCED_FACE('',(#486),#319,.T.);
#2532=ADVANCED_FACE('',(#487),#320,.T.);
#2533=CLOSED_SHELL('',(#2366,#2367,#2368,#2369,#2370,#2371,#2372,#2373,
#2374,#2375,#2376,#2377,#2378,#2379,#2380,#2381,#2382,#2383,#2384,#2385,
#2386,#2387,#2388,#2389,#2390,#2391,#2392,#2393,#2394));
#2534=CLOSED_SHELL('',(#2395,#2396,#2397,#2398,#2399,#2400,#2401,#2402,
#2403,#2404,#2405,#2406,#2407,#2408,#2409,#2410,#2411,#2412,#2413,#2414,
#2415,#2416,#2417,#2418,#2419,#2420,#2421,#2422,#2423));
#2535=CLOSED_SHELL('',(#2424,#2425,#2426,#2427,#2428,#2429,#2430,#2431,
#2432,#2433,#2434,#2435,#2436,#2437,#2438,#2439,#2440,#2441,#2442,#2443,
#2444,#2445,#2446,#2447,#2448,#2449,#2450,#2451,#2452,#2453,#2454,#2455,
#2456,#2457,#2458,#2459,#2460,#2461,#2462,#2463,#2464,#2465,#2466,#2467,
#2468,#2469,#2470,#2471,#2472,#2473,#2474,#2475,#2476,#2477,#2478,#2479,
#2480,#2481,#2482,#2483,#2484,#2485,#2486,#2487,#2488,#2489,#2490,#2491,
#2492,#2493,#2494,#2495,#2496,#2497,#2498,#2499,#2500,#2501,#2502,#2503,
#2504,#2505,#2506,#2507,#2508,#2509,#2510,#2511,#2512,#2513,#2514,#2515,
#2516,#2517,#2518,#2519,#2520,#2521,#2522,#2523,#2524,#2525,#2526,#2527,
#2528,#2529,#2530,#2531,#2532));
#2536=DERIVED_UNIT_ELEMENT(#2543,1.);
#2537=DERIVED_UNIT_ELEMENT(#4567,-3.);
#2538=DERIVED_UNIT_ELEMENT(#2543,1.);
#2539=DERIVED_UNIT_ELEMENT(#4567,-3.);
#2540=DERIVED_UNIT_ELEMENT(#2543,1.);
#2541=DERIVED_UNIT_ELEMENT(#4567,-3.);
#2542=DIMENSIONAL_EXPONENTS(0.,1.,0.,0.,0.,0.,0.);
#2543=(
CONVERSION_BASED_UNIT('gram',#2545)
MASS_UNIT()
NAMED_UNIT(#2542)
);
#2544=(
MASS_UNIT()
NAMED_UNIT(*)
SI_UNIT(.KILO.,.GRAM.)
);
#2545=MASS_MEASURE_WITH_UNIT(MASS_MEASURE(0.001),#2544);
#2546=DERIVED_UNIT((#2536,#2537));
#2547=DERIVED_UNIT((#2538,#2539));
#2548=DERIVED_UNIT((#2540,#2541));
#2549=MEASURE_REPRESENTATION_ITEM('density measure',
POSITIVE_RATIO_MEASURE(1.),#2546);
#2550=MEASURE_REPRESENTATION_ITEM('density measure',
POSITIVE_RATIO_MEASURE(1.),#2547);
#2551=MEASURE_REPRESENTATION_ITEM('density measure',
POSITIVE_RATIO_MEASURE(1.),#2548);
#2552=PROPERTY_DEFINITION_REPRESENTATION(#2567,#2558);
#2553=PROPERTY_DEFINITION_REPRESENTATION(#2568,#2559);
#2554=PROPERTY_DEFINITION_REPRESENTATION(#2569,#2560);
#2555=PROPERTY_DEFINITION_REPRESENTATION(#2570,#2561);
#2556=PROPERTY_DEFINITION_REPRESENTATION(#2571,#2562);
#2557=PROPERTY_DEFINITION_REPRESENTATION(#2572,#2563);
#2558=REPRESENTATION('material name',(#2564),#4562);
#2559=REPRESENTATION('density',(#2549),#4562);
#2560=REPRESENTATION('material name',(#2565),#4563);
#2561=REPRESENTATION('density',(#2550),#4563);
#2562=REPRESENTATION('material name',(#2566),#4564);
#2563=REPRESENTATION('density',(#2551),#4564);
#2564=DESCRIPTIVE_REPRESENTATION_ITEM('Generic','Generic');
#2565=DESCRIPTIVE_REPRESENTATION_ITEM('Generic','Generic');
#2566=DESCRIPTIVE_REPRESENTATION_ITEM('Generic','Generic');
#2567=PROPERTY_DEFINITION('material property','material name',#4587);
#2568=PROPERTY_DEFINITION('material property','density of part',#4587);
#2569=PROPERTY_DEFINITION('material property','material name',#4588);
#2570=PROPERTY_DEFINITION('material property','density of part',#4588);
#2571=PROPERTY_DEFINITION('material property','material name',#4589);
#2572=PROPERTY_DEFINITION('material property','density of part',#4589);
#2573=PRESENTATION_STYLE_ASSIGNMENT((#2579));
#2574=PRESENTATION_STYLE_ASSIGNMENT((#2580));
#2575=PRESENTATION_STYLE_ASSIGNMENT((#2581));
#2576=PRESENTATION_STYLE_ASSIGNMENT((#2582));
#2577=PRESENTATION_STYLE_ASSIGNMENT((#2583));
#2578=PRESENTATION_STYLE_ASSIGNMENT((#2584));
#2579=SURFACE_STYLE_USAGE(.BOTH.,#2597);
#2580=SURFACE_STYLE_USAGE(.BOTH.,#2598);
#2581=SURFACE_STYLE_USAGE(.BOTH.,#2599);
#2582=SURFACE_STYLE_USAGE(.BOTH.,#2600);
#2583=SURFACE_STYLE_USAGE(.BOTH.,#2601);
#2584=SURFACE_STYLE_USAGE(.BOTH.,#2602);
#2585=SURFACE_STYLE_RENDERING_WITH_PROPERTIES($,#2621,(#2591));
#2586=SURFACE_STYLE_RENDERING_WITH_PROPERTIES($,#2622,(#2592));
#2587=SURFACE_STYLE_RENDERING_WITH_PROPERTIES($,#2623,(#2593));
#2588=SURFACE_STYLE_RENDERING_WITH_PROPERTIES($,#2624,(#2594));
#2589=SURFACE_STYLE_RENDERING_WITH_PROPERTIES($,#2625,(#2595));
#2590=SURFACE_STYLE_RENDERING_WITH_PROPERTIES($,#2626,(#2596));
#2591=SURFACE_STYLE_TRANSPARENT(0.);
#2592=SURFACE_STYLE_TRANSPARENT(0.);
#2593=SURFACE_STYLE_TRANSPARENT(0.);
#2594=SURFACE_STYLE_TRANSPARENT(0.);
#2595=SURFACE_STYLE_TRANSPARENT(0.);
#2596=SURFACE_STYLE_TRANSPARENT(0.);
#2597=SURFACE_SIDE_STYLE('',(#2603,#2585));
#2598=SURFACE_SIDE_STYLE('',(#2604,#2586));
#2599=SURFACE_SIDE_STYLE('',(#2605,#2587));
#2600=SURFACE_SIDE_STYLE('',(#2606,#2588));
#2601=SURFACE_SIDE_STYLE('',(#2607,#2589));
#2602=SURFACE_SIDE_STYLE('',(#2608,#2590));
#2603=SURFACE_STYLE_FILL_AREA(#2609);
#2604=SURFACE_STYLE_FILL_AREA(#2610);
#2605=SURFACE_STYLE_FILL_AREA(#2611);
#2606=SURFACE_STYLE_FILL_AREA(#2612);
#2607=SURFACE_STYLE_FILL_AREA(#2613);
#2608=SURFACE_STYLE_FILL_AREA(#2614);
#2609=FILL_AREA_STYLE('',(#2615));
#2610=FILL_AREA_STYLE('',(#2616));
#2611=FILL_AREA_STYLE('',(#2617));
#2612=FILL_AREA_STYLE('',(#2618));
#2613=FILL_AREA_STYLE('',(#2619));
#2614=FILL_AREA_STYLE('',(#2620));
#2615=FILL_AREA_STYLE_COLOUR('',#2621);
#2616=FILL_AREA_STYLE_COLOUR('',#2622);
#2617=FILL_AREA_STYLE_COLOUR('',#2623);
#2618=FILL_AREA_STYLE_COLOUR('',#2624);
#2619=FILL_AREA_STYLE_COLOUR('',#2625);
#2620=FILL_AREA_STYLE_COLOUR('',#2626);
#2621=COLOUR_RGB('',0.749019607843137,0.749019607843137,0.749019607843137);
#2622=COLOUR_RGB('',0.854901960784314,0.854901960784314,0.854901960784314);
#2623=COLOUR_RGB('',0.854901960784314,0.854901960784314,0.854901960784314);
#2624=COLOUR_RGB('',0.,0.,0.);
#2625=COLOUR_RGB('',0.733333333333333,0.733333333333333,0.733333333333333);
#2626=COLOUR_RGB('',0.372549019607843,0.372549019607843,0.372549019607843);
#2627=DATE_TIME_ROLE('creation_date');
#2628=DATE_TIME_ROLE('creation_date');
#2629=DATE_TIME_ROLE('creation_date');
#2630=DATE_TIME_ROLE('creation_date');
#2631=APPLIED_DATE_AND_TIME_ASSIGNMENT(#2635,#2627,(#4586));
#2632=APPLIED_DATE_AND_TIME_ASSIGNMENT(#2636,#2628,(#4587));
#2633=APPLIED_DATE_AND_TIME_ASSIGNMENT(#2637,#2629,(#4588));
#2634=APPLIED_DATE_AND_TIME_ASSIGNMENT(#2638,#2630,(#4589));
#2635=DATE_AND_TIME(#2639,#2643);
#2636=DATE_AND_TIME(#2640,#2644);
#2637=DATE_AND_TIME(#2641,#2645);
#2638=DATE_AND_TIME(#2642,#2646);
#2639=CALENDAR_DATE(2021,20,6);
#2640=CALENDAR_DATE(2026,5,8);
#2641=CALENDAR_DATE(2026,5,8);
#2642=CALENDAR_DATE(2026,5,8);
#2643=LOCAL_TIME(14,8,0.,#2647);
#2644=LOCAL_TIME(0,0,0.,#2648);
#2645=LOCAL_TIME(0,0,0.,#2649);
#2646=LOCAL_TIME(0,0,0.,#2650);
#2647=COORDINATED_UNIVERSAL_TIME_OFFSET(0,0,.BEHIND.);
#2648=COORDINATED_UNIVERSAL_TIME_OFFSET(0,0,.BEHIND.);
#2649=COORDINATED_UNIVERSAL_TIME_OFFSET(0,0,.BEHIND.);
#2650=COORDINATED_UNIVERSAL_TIME_OFFSET(0,0,.BEHIND.);
#2651=AXIS2_PLACEMENT_3D('',#3831,#2979,#2980);
#2652=AXIS2_PLACEMENT_3D('',#3832,#2981,#2982);
#2653=AXIS2_PLACEMENT_3D('',#3833,#2983,#2984);
#2654=AXIS2_PLACEMENT_3D('',#3842,#2989,#2990);
#2655=AXIS2_PLACEMENT_3D('',#3848,#2994,#2995);
#2656=AXIS2_PLACEMENT_3D('',#3850,#2996,#2997);
#2657=AXIS2_PLACEMENT_3D('',#3852,#2998,#2999);
#2658=AXIS2_PLACEMENT_3D('',#3854,#3001,#3002);
#2659=AXIS2_PLACEMENT_3D('',#3856,#3003,#3004);
#2660=AXIS2_PLACEMENT_3D('',#3859,#3006,#3007);
#2661=AXIS2_PLACEMENT_3D('',#3860,#3008,#3009);
#2662=AXIS2_PLACEMENT_3D('',#3866,#3013,#3014);
#2663=AXIS2_PLACEMENT_3D('',#3872,#3018,#3019);
#2664=AXIS2_PLACEMENT_3D('',#3874,#3020,#3021);
#2665=AXIS2_PLACEMENT_3D('',#3876,#3023,#3024);
#2666=AXIS2_PLACEMENT_3D('',#3878,#3025,#3026);
#2667=AXIS2_PLACEMENT_3D('',#3880,#3028,#3029);
#2668=AXIS2_PLACEMENT_3D('',#3894,#3037,#3038);
#2669=AXIS2_PLACEMENT_3D('',#3895,#3039,#3040);
#2670=AXIS2_PLACEMENT_3D('',#3896,#3041,#3042);
#2671=AXIS2_PLACEMENT_3D('',#3910,#3050,#3051);
#2672=AXIS2_PLACEMENT_3D('',#3911,#3052,#3053);
#2673=AXIS2_PLACEMENT_3D('',#3912,#3054,#3055);
#2674=AXIS2_PLACEMENT_3D('',#3918,#3059,#3060);
#2675=AXIS2_PLACEMENT_3D('',#3924,#3064,#3065);
#2676=AXIS2_PLACEMENT_3D('',#3925,#3066,#3067);
#2677=AXIS2_PLACEMENT_3D('',#3926,#3068,#3069);
#2678=AXIS2_PLACEMENT_3D('',#3927,#3070,#3071);
#2679=AXIS2_PLACEMENT_3D('',#3928,#3072,#3073);
#2680=AXIS2_PLACEMENT_3D('',#3929,#3074,#3075);
#2681=AXIS2_PLACEMENT_3D('',#3930,#3076,#3077);
#2682=AXIS2_PLACEMENT_3D('',#3931,#3078,#3079);
#2683=AXIS2_PLACEMENT_3D('',#3932,#3080,#3081);
#2684=AXIS2_PLACEMENT_3D('',#3935,#3083,#3084);
#2685=AXIS2_PLACEMENT_3D('',#3936,#3085,#3086);
#2686=AXIS2_PLACEMENT_3D('',#3938,#3087,#3088);
#2687=AXIS2_PLACEMENT_3D('',#3940,#3090,#3091);
#2688=AXIS2_PLACEMENT_3D('',#3942,#3093,#3094);
#2689=AXIS2_PLACEMENT_3D('',#3943,#3095,#3096);
#2690=AXIS2_PLACEMENT_3D('',#3944,#3097,#3098);
#2691=AXIS2_PLACEMENT_3D('',#3945,#3099,#3100);
#2692=AXIS2_PLACEMENT_3D('',#3946,#3101,#3102);
#2693=AXIS2_PLACEMENT_3D('',#3948,#3103,#3104);
#2694=AXIS2_PLACEMENT_3D('',#3950,#3106,#3107);
#2695=AXIS2_PLACEMENT_3D('',#3952,#3108,#3109);
#2696=AXIS2_PLACEMENT_3D('',#3954,#3111,#3112);
#2697=AXIS2_PLACEMENT_3D('',#3956,#3114,#3115);
#2698=AXIS2_PLACEMENT_3D('',#3958,#3117,#3118);
#2699=AXIS2_PLACEMENT_3D('',#3960,#3120,#3121);
#2700=AXIS2_PLACEMENT_3D('',#3961,#3122,#3123);
#2701=AXIS2_PLACEMENT_3D('',#3962,#3124,#3125);
#2702=AXIS2_PLACEMENT_3D('',#3971,#3130,#3131);
#2703=AXIS2_PLACEMENT_3D('',#3977,#3135,#3136);
#2704=AXIS2_PLACEMENT_3D('',#3979,#3137,#3138);
#2705=AXIS2_PLACEMENT_3D('',#3981,#3139,#3140);
#2706=AXIS2_PLACEMENT_3D('',#3983,#3142,#3143);
#2707=AXIS2_PLACEMENT_3D('',#3985,#3144,#3145);
#2708=AXIS2_PLACEMENT_3D('',#3988,#3147,#3148);
#2709=AXIS2_PLACEMENT_3D('',#3989,#3149,#3150);
#2710=AXIS2_PLACEMENT_3D('',#3995,#3154,#3155);
#2711=AXIS2_PLACEMENT_3D('',#4001,#3159,#3160);
#2712=AXIS2_PLACEMENT_3D('',#4003,#3161,#3162);
#2713=AXIS2_PLACEMENT_3D('',#4005,#3164,#3165);
#2714=AXIS2_PLACEMENT_3D('',#4007,#3166,#3167);
#2715=AXIS2_PLACEMENT_3D('',#4009,#3169,#3170);
#2716=AXIS2_PLACEMENT_3D('',#4023,#3178,#3179);
#2717=AXIS2_PLACEMENT_3D('',#4024,#3180,#3181);
#2718=AXIS2_PLACEMENT_3D('',#4025,#3182,#3183);
#2719=AXIS2_PLACEMENT_3D('',#4039,#3191,#3192);
#2720=AXIS2_PLACEMENT_3D('',#4040,#3193,#3194);
#2721=AXIS2_PLACEMENT_3D('',#4041,#3195,#3196);
#2722=AXIS2_PLACEMENT_3D('',#4047,#3200,#3201);
#2723=AXIS2_PLACEMENT_3D('',#4053,#3205,#3206);
#2724=AXIS2_PLACEMENT_3D('',#4054,#3207,#3208);
#2725=AXIS2_PLACEMENT_3D('',#4055,#3209,#3210);
#2726=AXIS2_PLACEMENT_3D('',#4056,#3211,#3212);
#2727=AXIS2_PLACEMENT_3D('',#4057,#3213,#3214);
#2728=AXIS2_PLACEMENT_3D('',#4058,#3215,#3216);
#2729=AXIS2_PLACEMENT_3D('',#4059,#3217,#3218);
#2730=AXIS2_PLACEMENT_3D('',#4060,#3219,#3220);
#2731=AXIS2_PLACEMENT_3D('',#4061,#3221,#3222);
#2732=AXIS2_PLACEMENT_3D('',#4064,#3224,#3225);
#2733=AXIS2_PLACEMENT_3D('',#4065,#3226,#3227);
#2734=AXIS2_PLACEMENT_3D('',#4067,#3228,#3229);
#2735=AXIS2_PLACEMENT_3D('',#4069,#3231,#3232);
#2736=AXIS2_PLACEMENT_3D('',#4071,#3234,#3235);
#2737=AXIS2_PLACEMENT_3D('',#4072,#3236,#3237);
#2738=AXIS2_PLACEMENT_3D('',#4073,#3238,#3239);
#2739=AXIS2_PLACEMENT_3D('',#4074,#3240,#3241);
#2740=AXIS2_PLACEMENT_3D('',#4075,#3242,#3243);
#2741=AXIS2_PLACEMENT_3D('',#4077,#3244,#3245);
#2742=AXIS2_PLACEMENT_3D('',#4079,#3247,#3248);
#2743=AXIS2_PLACEMENT_3D('',#4081,#3249,#3250);
#2744=AXIS2_PLACEMENT_3D('',#4083,#3252,#3253);
#2745=AXIS2_PLACEMENT_3D('',#4085,#3255,#3256);
#2746=AXIS2_PLACEMENT_3D('',#4087,#3258,#3259);
#2747=AXIS2_PLACEMENT_3D('',#4089,#3261,#3262);
#2748=AXIS2_PLACEMENT_3D('',#4090,#3263,#3264);
#2749=AXIS2_PLACEMENT_3D('',#4091,#3265,#3266);
#2750=AXIS2_PLACEMENT_3D('',#4094,#3267,#3268);
#2751=AXIS2_PLACEMENT_3D('',#4098,#3270,#3271);
#2752=AXIS2_PLACEMENT_3D('',#4100,#3273,#3274);
#2753=AXIS2_PLACEMENT_3D('',#4103,#3275,#3276);
#2754=AXIS2_PLACEMENT_3D('',#4104,#3277,#3278);
#2755=AXIS2_PLACEMENT_3D('',#4105,#3279,#3280);
#2756=AXIS2_PLACEMENT_3D('',#4106,#3281,#3282);
#2757=AXIS2_PLACEMENT_3D('',#4108,#3283,#3284);
#2758=AXIS2_PLACEMENT_3D('',#4110,#3285,#3286);
#2759=AXIS2_PLACEMENT_3D('',#4111,#3287,#3288);
#2760=AXIS2_PLACEMENT_3D('',#4112,#3289,#3290);
#2761=AXIS2_PLACEMENT_3D('',#4116,#3292,#3293);
#2762=AXIS2_PLACEMENT_3D('',#4120,#3295,#3296);
#2763=AXIS2_PLACEMENT_3D('',#4130,#3302,#3303);
#2764=AXIS2_PLACEMENT_3D('',#4132,#3304,#3305);
#2765=AXIS2_PLACEMENT_3D('',#4134,#3307,#3308);
#2766=AXIS2_PLACEMENT_3D('',#4136,#3309,#3310);
#2767=AXIS2_PLACEMENT_3D('',#4138,#3312,#3313);
#2768=AXIS2_PLACEMENT_3D('',#4140,#3314,#3315);
#2769=AXIS2_PLACEMENT_3D('',#4141,#3316,#3317);
#2770=AXIS2_PLACEMENT_3D('',#4142,#3318,#3319);
#2771=AXIS2_PLACEMENT_3D('',#4144,#3320,#3321);
#2772=AXIS2_PLACEMENT_3D('',#4145,#3322,#3323);
#2773=AXIS2_PLACEMENT_3D('',#4146,#3324,#3325);
#2774=AXIS2_PLACEMENT_3D('',#4148,#3327,#3328);
#2775=AXIS2_PLACEMENT_3D('',#4154,#3332,#3333);
#2776=AXIS2_PLACEMENT_3D('',#4158,#3336,#3337);
#2777=AXIS2_PLACEMENT_3D('',#4162,#3340,#3341);
#2778=AXIS2_PLACEMENT_3D('',#4164,#3343,#3344);
#2779=AXIS2_PLACEMENT_3D('',#4173,#3349,#3350);
#2780=AXIS2_PLACEMENT_3D('',#4179,#3354,#3355);
#2781=AXIS2_PLACEMENT_3D('',#4183,#3358,#3359);
#2782=AXIS2_PLACEMENT_3D('',#4187,#3362,#3363);
#2783=AXIS2_PLACEMENT_3D('',#4189,#3365,#3366);
#2784=AXIS2_PLACEMENT_3D('',#4191,#3367,#3368);
#2785=AXIS2_PLACEMENT_3D('',#4193,#3369,#3370);
#2786=AXIS2_PLACEMENT_3D('',#4195,#3371,#3372);
#2787=AXIS2_PLACEMENT_3D('',#4197,#3373,#3374);
#2788=AXIS2_PLACEMENT_3D('',#4199,#3375,#3376);
#2789=AXIS2_PLACEMENT_3D('',#4200,#3377,#3378);
#2790=AXIS2_PLACEMENT_3D('',#4202,#3379,#3380);
#2791=AXIS2_PLACEMENT_3D('',#4204,#3382,#3383);
#2792=AXIS2_PLACEMENT_3D('',#4206,#3384,#3385);
#2793=AXIS2_PLACEMENT_3D('',#4208,#3387,#3388);
#2794=AXIS2_PLACEMENT_3D('',#4210,#3389,#3390);
#2795=AXIS2_PLACEMENT_3D('',#4212,#3392,#3393);
#2796=AXIS2_PLACEMENT_3D('',#4214,#3394,#3395);
#2797=AXIS2_PLACEMENT_3D('',#4216,#3397,#3398);
#2798=AXIS2_PLACEMENT_3D('',#4218,#3399,#3400);
#2799=AXIS2_PLACEMENT_3D('',#4220,#3402,#3403);
#2800=AXIS2_PLACEMENT_3D('',#4222,#3404,#3405);
#2801=AXIS2_PLACEMENT_3D('',#4223,#3406,#3407);
#2802=AXIS2_PLACEMENT_3D('',#4225,#3408,#3409);
#2803=AXIS2_PLACEMENT_3D('',#4226,#3410,#3411);
#2804=AXIS2_PLACEMENT_3D('',#4228,#3412,#3413);
#2805=AXIS2_PLACEMENT_3D('',#4229,#3414,#3415);
#2806=AXIS2_PLACEMENT_3D('',#4231,#3416,#3417);
#2807=AXIS2_PLACEMENT_3D('',#4232,#3418,#3419);
#2808=AXIS2_PLACEMENT_3D('',#4234,#3420,#3421);
#2809=AXIS2_PLACEMENT_3D('',#4235,#3422,#3423);
#2810=AXIS2_PLACEMENT_3D('',#4237,#3424,#3425);
#2811=AXIS2_PLACEMENT_3D('',#4239,#3427,#3428);
#2812=AXIS2_PLACEMENT_3D('',#4241,#3429,#3430);
#2813=AXIS2_PLACEMENT_3D('',#4243,#3432,#3433);
#2814=AXIS2_PLACEMENT_3D('',#4245,#3434,#3435);
#2815=AXIS2_PLACEMENT_3D('',#4247,#3437,#3438);
#2816=AXIS2_PLACEMENT_3D('',#4250,#3440,#3441);
#2817=AXIS2_PLACEMENT_3D('',#4251,#3442,#3443);
#2818=AXIS2_PLACEMENT_3D('',#4253,#3444,#3445);
#2819=AXIS2_PLACEMENT_3D('',#4255,#3447,#3448);
#2820=AXIS2_PLACEMENT_3D('',#4257,#3449,#3450);
#2821=AXIS2_PLACEMENT_3D('',#4258,#3451,#3452);
#2822=AXIS2_PLACEMENT_3D('',#4259,#3453,#3454);
#2823=AXIS2_PLACEMENT_3D('',#4261,#3455,#3456);
#2824=AXIS2_PLACEMENT_3D('',#4262,#3457,#3458);
#2825=AXIS2_PLACEMENT_3D('',#4263,#3459,#3460);
#2826=AXIS2_PLACEMENT_3D('',#4265,#3461,#3462);
#2827=AXIS2_PLACEMENT_3D('',#4266,#3463,#3464);
#2828=AXIS2_PLACEMENT_3D('',#4267,#3465,#3466);
#2829=AXIS2_PLACEMENT_3D('',#4269,#3467,#3468);
#2830=AXIS2_PLACEMENT_3D('',#4270,#3469,#3470);
#2831=AXIS2_PLACEMENT_3D('',#4271,#3471,#3472);
#2832=AXIS2_PLACEMENT_3D('',#4273,#3473,#3474);
#2833=AXIS2_PLACEMENT_3D('',#4274,#3475,#3476);
#2834=AXIS2_PLACEMENT_3D('',#4275,#3477,#3478);
#2835=AXIS2_PLACEMENT_3D('',#4276,#3479,#3480);
#2836=AXIS2_PLACEMENT_3D('',#4277,#3481,#3482);
#2837=AXIS2_PLACEMENT_3D('',#4278,#3483,#3484);
#2838=AXIS2_PLACEMENT_3D('',#4279,#3485,#3486);
#2839=AXIS2_PLACEMENT_3D('',#4280,#3487,#3488);
#2840=AXIS2_PLACEMENT_3D('',#4286,#3491,#3492);
#2841=AXIS2_PLACEMENT_3D('',#4294,#3496,#3497);
#2842=AXIS2_PLACEMENT_3D('',#4298,#3499,#3500);
#2843=AXIS2_PLACEMENT_3D('',#4306,#3504,#3505);
#2844=AXIS2_PLACEMENT_3D('',#4310,#3508,#3509);
#2845=AXIS2_PLACEMENT_3D('',#4312,#3510,#3511);
#2846=AXIS2_PLACEMENT_3D('',#4314,#3512,#3513);
#2847=AXIS2_PLACEMENT_3D('',#4316,#3515,#3516);
#2848=AXIS2_PLACEMENT_3D('',#4318,#3517,#3518);
#2849=AXIS2_PLACEMENT_3D('',#4319,#3519,#3520);
#2850=AXIS2_PLACEMENT_3D('',#4320,#3521,#3522);
#2851=AXIS2_PLACEMENT_3D('',#4322,#3523,#3524);
#2852=AXIS2_PLACEMENT_3D('',#4325,#3526,#3527);
#2853=AXIS2_PLACEMENT_3D('',#4326,#3528,#3529);
#2854=AXIS2_PLACEMENT_3D('',#4328,#3530,#3531);
#2855=AXIS2_PLACEMENT_3D('',#4329,#3532,#3533);
#2856=AXIS2_PLACEMENT_3D('',#4330,#3534,#3535);
#2857=AXIS2_PLACEMENT_3D('',#4332,#3536,#3537);
#2858=AXIS2_PLACEMENT_3D('',#4334,#3539,#3540);
#2859=AXIS2_PLACEMENT_3D('',#4336,#3541,#3542);
#2860=AXIS2_PLACEMENT_3D('',#4338,#3543,#3544);
#2861=AXIS2_PLACEMENT_3D('',#4339,#3545,#3546);
#2862=AXIS2_PLACEMENT_3D('',#4340,#3547,#3548);
#2863=AXIS2_PLACEMENT_3D('',#4346,#3551,#3552);
#2864=AXIS2_PLACEMENT_3D('',#4348,#3554,#3555);
#2865=AXIS2_PLACEMENT_3D('',#4351,#3557,#3558);
#2866=AXIS2_PLACEMENT_3D('',#4352,#3559,#3560);
#2867=AXIS2_PLACEMENT_3D('',#4354,#3561,#3562);
#2868=AXIS2_PLACEMENT_3D('',#4355,#3563,#3564);
#2869=AXIS2_PLACEMENT_3D('',#4356,#3565,#3566);
#2870=AXIS2_PLACEMENT_3D('',#4358,#3567,#3568);
#2871=AXIS2_PLACEMENT_3D('',#4360,#3570,#3571);
#2872=AXIS2_PLACEMENT_3D('',#4364,#3574,#3575);
#2873=AXIS2_PLACEMENT_3D('',#4370,#3579,#3580);
#2874=AXIS2_PLACEMENT_3D('',#4372,#3581,#3582);
#2875=AXIS2_PLACEMENT_3D('',#4373,#3583,#3584);
#2876=AXIS2_PLACEMENT_3D('',#4374,#3585,#3586);
#2877=AXIS2_PLACEMENT_3D('',#4376,#3587,#3588);
#2878=AXIS2_PLACEMENT_3D('',#4378,#3590,#3591);
#2879=AXIS2_PLACEMENT_3D('',#4380,#3592,#3593);
#2880=AXIS2_PLACEMENT_3D('',#4381,#3594,#3595);
#2881=AXIS2_PLACEMENT_3D('',#4382,#3596,#3597);
#2882=AXIS2_PLACEMENT_3D('',#4384,#3598,#3599);
#2883=AXIS2_PLACEMENT_3D('',#4386,#3601,#3602);
#2884=AXIS2_PLACEMENT_3D('',#4388,#3603,#3604);
#2885=AXIS2_PLACEMENT_3D('',#4389,#3605,#3606);
#2886=AXIS2_PLACEMENT_3D('',#4390,#3607,#3608);
#2887=AXIS2_PLACEMENT_3D('',#4392,#3610,#3611);
#2888=AXIS2_PLACEMENT_3D('',#4398,#3615,#3616);
#2889=AXIS2_PLACEMENT_3D('',#4401,#3618,#3619);
#2890=AXIS2_PLACEMENT_3D('',#4402,#3620,#3621);
#2891=AXIS2_PLACEMENT_3D('',#4406,#3624,#3625);
#2892=AXIS2_PLACEMENT_3D('',#4409,#3627,#3628);
#2893=AXIS2_PLACEMENT_3D('',#4410,#3629,#3630);
#2894=AXIS2_PLACEMENT_3D('',#4414,#3633,#3634);
#2895=AXIS2_PLACEMENT_3D('',#4420,#3638,#3639);
#2896=AXIS2_PLACEMENT_3D('',#4422,#3640,#3641);
#2897=AXIS2_PLACEMENT_3D('',#4423,#3642,#3643);
#2898=AXIS2_PLACEMENT_3D('',#4424,#3644,#3645);
#2899=AXIS2_PLACEMENT_3D('',#4426,#3646,#3647);
#2900=AXIS2_PLACEMENT_3D('',#4428,#3649,#3650);
#2901=AXIS2_PLACEMENT_3D('',#4430,#3651,#3652);
#2902=AXIS2_PLACEMENT_3D('',#4431,#3653,#3654);
#2903=AXIS2_PLACEMENT_3D('',#4432,#3655,#3656);
#2904=AXIS2_PLACEMENT_3D('',#4434,#3657,#3658);
#2905=AXIS2_PLACEMENT_3D('',#4436,#3660,#3661);
#2906=AXIS2_PLACEMENT_3D('',#4442,#3665,#3666);
#2907=AXIS2_PLACEMENT_3D('',#4445,#3668,#3669);
#2908=AXIS2_PLACEMENT_3D('',#4446,#3670,#3671);
#2909=AXIS2_PLACEMENT_3D('',#4449,#3672,#3673);
#2910=AXIS2_PLACEMENT_3D('',#4450,#3674,#3675);
#2911=AXIS2_PLACEMENT_3D('',#4451,#3676,#3677);
#2912=AXIS2_PLACEMENT_3D('',#4452,#3678,#3679);
#2913=AXIS2_PLACEMENT_3D('',#4456,#3681,#3682);
#2914=AXIS2_PLACEMENT_3D('',#4458,#3684,#3685);
#2915=AXIS2_PLACEMENT_3D('',#4460,#3686,#3687);
#2916=AXIS2_PLACEMENT_3D('',#4462,#3689,#3690);
#2917=AXIS2_PLACEMENT_3D('',#4464,#3691,#3692);
#2918=AXIS2_PLACEMENT_3D('',#4466,#3693,#3694);
#2919=AXIS2_PLACEMENT_3D('',#4468,#3696,#3697);
#2920=AXIS2_PLACEMENT_3D('',#4469,#3698,#3699);
#2921=AXIS2_PLACEMENT_3D('',#4470,#3700,#3701);
#2922=AXIS2_PLACEMENT_3D('',#4472,#3702,#3703);
#2923=AXIS2_PLACEMENT_3D('',#4473,#3704,#3705);
#2924=AXIS2_PLACEMENT_3D('',#4474,#3706,#3707);
#2925=AXIS2_PLACEMENT_3D('',#4475,#3708,#3709);
#2926=AXIS2_PLACEMENT_3D('',#4476,#3710,#3711);
#2927=AXIS2_PLACEMENT_3D('',#4478,#3712,#3713);
#2928=AXIS2_PLACEMENT_3D('',#4480,#3715,#3716);
#2929=AXIS2_PLACEMENT_3D('',#4482,#3717,#3718);
#2930=AXIS2_PLACEMENT_3D('',#4484,#3720,#3721);
#2931=AXIS2_PLACEMENT_3D('',#4485,#3722,#3723);
#2932=AXIS2_PLACEMENT_3D('',#4486,#3724,#3725);
#2933=AXIS2_PLACEMENT_3D('',#4487,#3726,#3727);
#2934=AXIS2_PLACEMENT_3D('',#4489,#3728,#3729);
#2935=AXIS2_PLACEMENT_3D('',#4491,#3731,#3732);
#2936=AXIS2_PLACEMENT_3D('',#4492,#3733,#3734);
#2937=AXIS2_PLACEMENT_3D('',#4494,#3735,#3736);
#2938=AXIS2_PLACEMENT_3D('',#4495,#3737,#3738);
#2939=AXIS2_PLACEMENT_3D('',#4496,#3739,#3740);
#2940=AXIS2_PLACEMENT_3D('',#4498,#3741,#3742);
#2941=AXIS2_PLACEMENT_3D('',#4500,#3744,#3745);
#2942=AXIS2_PLACEMENT_3D('',#4502,#3746,#3747);
#2943=AXIS2_PLACEMENT_3D('',#4503,#3748,#3749);
#2944=AXIS2_PLACEMENT_3D('',#4504,#3750,#3751);
#2945=AXIS2_PLACEMENT_3D('',#4506,#3752,#3753);
#2946=AXIS2_PLACEMENT_3D('',#4508,#3755,#3756);
#2947=AXIS2_PLACEMENT_3D('',#4509,#3757,#3758);
#2948=AXIS2_PLACEMENT_3D('',#4510,#3759,#3760);
#2949=AXIS2_PLACEMENT_3D('',#4511,#3761,#3762);
#2950=AXIS2_PLACEMENT_3D('',#4512,#3763,#3764);
#2951=AXIS2_PLACEMENT_3D('',#4514,#3765,#3766);
#2952=AXIS2_PLACEMENT_3D('',#4516,#3768,#3769);
#2953=AXIS2_PLACEMENT_3D('',#4517,#3770,#3771);
#2954=AXIS2_PLACEMENT_3D('',#4519,#3772,#3773);
#2955=AXIS2_PLACEMENT_3D('',#4521,#3775,#3776);
#2956=AXIS2_PLACEMENT_3D('',#4522,#3777,#3778);
#2957=AXIS2_PLACEMENT_3D('',#4524,#3779,#3780);
#2958=AXIS2_PLACEMENT_3D('',#4525,#3781,#3782);
#2959=AXIS2_PLACEMENT_3D('',#4526,#3783,#3784);
#2960=AXIS2_PLACEMENT_3D('',#4528,#3785,#3786);
#2961=AXIS2_PLACEMENT_3D('',#4530,#3788,#3789);
#2962=AXIS2_PLACEMENT_3D('',#4532,#3790,#3791);
#2963=AXIS2_PLACEMENT_3D('',#4534,#3793,#3794);
#2964=AXIS2_PLACEMENT_3D('',#4535,#3795,#3796);
#2965=AXIS2_PLACEMENT_3D('',#4536,#3797,#3798);
#2966=AXIS2_PLACEMENT_3D('',#4537,#3799,#3800);
#2967=AXIS2_PLACEMENT_3D('',#4538,#3801,#3802);
#2968=AXIS2_PLACEMENT_3D('',#4539,#3803,#3804);
#2969=AXIS2_PLACEMENT_3D('',#4540,#3805,#3806);
#2970=AXIS2_PLACEMENT_3D('',#4543,#3809,#3810);
#2971=AXIS2_PLACEMENT_3D('',#4546,#3813,#3814);
#2972=AXIS2_PLACEMENT_3D('',#4549,#3817,#3818);
#2973=AXIS2_PLACEMENT_3D('',#4550,#3819,#3820);
#2974=AXIS2_PLACEMENT_3D('',#4551,#3821,#3822);
#2975=AXIS2_PLACEMENT_3D('',#4552,#3823,#3824);
#2976=AXIS2_PLACEMENT_3D('',#4553,#3825,#3826);
#2977=AXIS2_PLACEMENT_3D('',#4554,#3827,#3828);
#2978=AXIS2_PLACEMENT_3D('',#4555,#3829,#3830);
#2979=DIRECTION('axis',(0.,0.,1.));
#2980=DIRECTION('refdir',(1.,0.,0.));
#2981=DIRECTION('axis',(0.,0.,1.));
#2982=DIRECTION('refdir',(1.,0.,0.));
#2983=DIRECTION('center_axis',(-2.8E-16,4.4E-16,1.));
#2984=DIRECTION('ref_axis',(2.2E-16,1.,-4.4E-16));
#2985=DIRECTION('',(1.,-4.4E-16,2.8E-16));
#2986=DIRECTION('',(0.,1.,0.));
#2987=DIRECTION('',(1.,-4.4E-16,2.8E-16));
#2988=DIRECTION('',(0.,1.,0.));
#2989=DIRECTION('center_axis',(-4.4E-16,-1.,2.2E-16));
#2990=DIRECTION('ref_axis',(-4.4E-16,2.2E-16,1.));
#2991=DIRECTION('',(1.,-4.4E-16,2.8E-16));
#2992=DIRECTION('',(0.,0.,1.));
#2993=DIRECTION('',(0.,0.,1.));
#2994=DIRECTION('center_axis',(0.,1.,0.));
#2995=DIRECTION('ref_axis',(-2.8E-16,0.,1.));
#2996=DIRECTION('center_axis',(0.,-0.707106781186548,-0.707106781186548));
#2997=DIRECTION('ref_axis',(0.,0.707106781186548,-0.707106781186548));
#2998=DIRECTION('center_axis',(0.,-0.923879532511277,0.382683432365115));
#2999=DIRECTION('ref_axis',(0.,0.382683432365114,0.923879532511277));
#3000=DIRECTION('',(0.,1.,0.));
#3001=DIRECTION('center_axis',(0.,1.,0.));
#3002=DIRECTION('ref_axis',(-2.8E-16,0.,1.));
#3003=DIRECTION('center_axis',(0.,0.707106781186548,0.707106781186548));
#3004=DIRECTION('ref_axis',(0.,0.707106781186548,-0.707106781186548));
#3005=DIRECTION('',(0.,1.,0.));
#3006=DIRECTION('center_axis',(0.,0.923879532511277,-0.382683432365115));
#3007=DIRECTION('ref_axis',(0.,0.382683432365114,0.923879532511277));
#3008=DIRECTION('center_axis',(1.19999999999923E-16,0.707106781186548,0.707106781186548));
#3009=DIRECTION('ref_axis',(4.69999999999699E-16,0.707106781186548,-0.707106781186548));
#3010=DIRECTION('',(0.,0.707106781186548,-0.707106781186548));
#3011=DIRECTION('',(1.,-4.4E-16,2.8E-16));
#3012=DIRECTION('',(0.,0.707106781186548,-0.707106781186548));
#3013=DIRECTION('center_axis',(-3.19999999999936E-16,-0.939692620785813,
-0.342020143325932));
#3014=DIRECTION('ref_axis',(-4.89999999999902E-16,-0.342020143325932,0.939692620785813));
#3015=DIRECTION('',(1.,-4.4E-16,2.8E-16));
#3016=DIRECTION('',(0.,-0.342020143325932,0.939692620785813));
#3017=DIRECTION('',(0.,-0.342020143325932,0.939692620785813));
#3018=DIRECTION('center_axis',(0.,0.,1.));
#3019=DIRECTION('ref_axis',(-4.4E-16,-1.,0.));
#3020=DIRECTION('center_axis',(0.,0.173648177667033,-0.98480775301219));
#3021=DIRECTION('ref_axis',(0.,-0.98480775301219,-0.173648177667033));
#3022=DIRECTION('',(0.,0.,1.));
#3023=DIRECTION('center_axis',(0.,0.,1.));
#3024=DIRECTION('ref_axis',(-4.4E-16,-1.,0.));
#3025=DIRECTION('center_axis',(0.,-0.173648177667033,0.98480775301219));
#3026=DIRECTION('ref_axis',(0.,-0.98480775301219,-0.173648177667033));
#3027=DIRECTION('',(0.,0.,1.));
#3028=DIRECTION('center_axis',(-1.,2.2E-16,-2.2E-16));
#3029=DIRECTION('ref_axis',(2.2E-16,0.,-1.));
#3030=DIRECTION('',(0.,0.707106781186548,-0.707106781186548));
#3031=DIRECTION('',(0.,0.,-1.));
#3032=DIRECTION('',(0.,0.342020143325932,-0.939692620785813));
#3033=DIRECTION('',(0.,-0.358367949545106,-0.933580426497276));
#3034=DIRECTION('',(0.,-1.,0.));
#3035=DIRECTION('',(0.,0.358367949545106,0.933580426497276));
#3036=DIRECTION('',(0.,-0.342020143325932,0.939692620785813));
#3037=DIRECTION('center_axis',(0.,0.707106781186548,-0.707106781186548));
#3038=DIRECTION('ref_axis',(1.19999999999923E-16,0.707106781186548,0.707106781186548));
#3039=DIRECTION('center_axis',(0.,-0.382683432365115,0.923879532511277));
#3040=DIRECTION('ref_axis',(0.,0.923879532511277,0.382683432365114));
#3041=DIRECTION('center_axis',(-1.,2.2E-16,-2.2E-16));
#3042=DIRECTION('ref_axis',(2.2E-16,0.,-1.));
#3043=DIRECTION('',(0.,-0.342020143325932,0.939692620785813));
#3044=DIRECTION('',(0.,0.358367949545106,0.933580426497276));
#3045=DIRECTION('',(0.,-1.,0.));
#3046=DIRECTION('',(0.,-0.358367949545106,-0.933580426497276));
#3047=DIRECTION('',(0.,0.342020143325932,-0.939692620785813));
#3048=DIRECTION('',(0.,0.,-1.));
#3049=DIRECTION('',(0.,0.707106781186548,-0.707106781186548));
#3050=DIRECTION('center_axis',(0.,0.707106781186548,-0.707106781186548));
#3051=DIRECTION('ref_axis',(1.19999999999923E-16,0.707106781186548,0.707106781186548));
#3052=DIRECTION('center_axis',(0.,0.382683432365115,-0.923879532511277));
#3053=DIRECTION('ref_axis',(0.,0.923879532511277,0.382683432365114));
#3054=DIRECTION('center_axis',(4.4E-16,1.,-2.2E-16));
#3055=DIRECTION('ref_axis',(4.4E-16,-2.2E-16,-1.));
#3056=DIRECTION('',(0.,0.,-1.));
#3057=DIRECTION('',(1.,-4.4E-16,2.8E-16));
#3058=DIRECTION('',(0.,0.,-1.));
#3059=DIRECTION('center_axis',(-5.10000000000151E-16,-0.933580426497276,
0.358367949545106));
#3060=DIRECTION('ref_axis',(-3.40000000000101E-16,0.358367949545106,0.933580426497276));
#3061=DIRECTION('',(1.,-4.4E-16,2.8E-16));
#3062=DIRECTION('',(0.,0.358367949545106,0.933580426497276));
#3063=DIRECTION('',(0.,0.358367949545106,0.933580426497276));
#3064=DIRECTION('center_axis',(0.,-0.342020143325932,0.939692620785813));
#3065=DIRECTION('ref_axis',(-3.19999999999936E-16,-0.939692620785813,-0.342020143325932));
#3066=DIRECTION('center_axis',(0.,-0.0087265354983755,-0.999961923064171));
#3067=DIRECTION('ref_axis',(0.,0.999961923064171,-0.0087265354983755));
#3068=DIRECTION('center_axis',(0.,-0.342020143325932,0.939692620785813));
#3069=DIRECTION('ref_axis',(-3.19999999999936E-16,-0.939692620785813,-0.342020143325932));
#3070=DIRECTION('center_axis',(0.,0.0087265354983755,0.999961923064171));
#3071=DIRECTION('ref_axis',(0.,0.999961923064171,-0.0087265354983755));
#3072=DIRECTION('center_axis',(0.,0.,-1.));
#3073=DIRECTION('ref_axis',(4.4E-16,1.,0.));
#3074=DIRECTION('center_axis',(0.,-0.173648177667033,0.98480775301219));
#3075=DIRECTION('ref_axis',(0.,-0.98480775301219,-0.173648177667033));
#3076=DIRECTION('center_axis',(0.,0.358367949545106,0.933580426497276));
#3077=DIRECTION('ref_axis',(-5.10000000000151E-16,-0.933580426497276,0.358367949545106));
#3078=DIRECTION('center_axis',(0.,0.566406236924954,-0.824126188621933));
#3079=DIRECTION('ref_axis',(0.,-0.824126188621933,-0.566406236924954));
#3080=DIRECTION('center_axis',(0.,0.342020143325932,-0.939692620785813));
#3081=DIRECTION('ref_axis',(3.19999999999936E-16,0.939692620785813,0.342020143325932));
#3082=DIRECTION('',(0.,0.342020143325932,-0.939692620785813));
#3083=DIRECTION('center_axis',(0.,0.0087265354983755,0.999961923064171));
#3084=DIRECTION('ref_axis',(0.,0.999961923064171,-0.0087265354983755));
#3085=DIRECTION('center_axis',(0.,-1.,0.));
#3086=DIRECTION('ref_axis',(2.8E-16,0.,-1.));
#3087=DIRECTION('center_axis',(0.,0.824126188621933,0.566406236924954));
#3088=DIRECTION('ref_axis',(0.,0.566406236924954,-0.824126188621933));
#3089=DIRECTION('',(0.,-1.,0.));
#3090=DIRECTION('center_axis',(0.,-0.358367949545106,-0.933580426497276));
#3091=DIRECTION('ref_axis',(5.10000000000151E-16,0.933580426497276,-0.358367949545106));
#3092=DIRECTION('',(0.,-0.358367949545106,-0.933580426497276));
#3093=DIRECTION('center_axis',(0.,0.,-1.));
#3094=DIRECTION('ref_axis',(4.4E-16,1.,0.));
#3095=DIRECTION('center_axis',(0.,0.173648177667033,-0.98480775301219));
#3096=DIRECTION('ref_axis',(0.,-0.98480775301219,-0.173648177667033));
#3097=DIRECTION('center_axis',(0.,0.358367949545106,0.933580426497276));
#3098=DIRECTION('ref_axis',(-5.10000000000151E-16,-0.933580426497276,0.358367949545106));
#3099=DIRECTION('center_axis',(0.,-0.566406236924954,0.824126188621933));
#3100=DIRECTION('ref_axis',(0.,-0.824126188621933,-0.566406236924954));
#3101=DIRECTION('center_axis',(0.,0.342020143325932,-0.939692620785813));
#3102=DIRECTION('ref_axis',(3.19999999999936E-16,0.939692620785813,0.342020143325932));
#3103=DIRECTION('center_axis',(0.,-0.0087265354983755,-0.999961923064171));
#3104=DIRECTION('ref_axis',(0.,0.999961923064171,-0.0087265354983755));
#3105=DIRECTION('',(0.,0.342020143325932,-0.939692620785813));
#3106=DIRECTION('center_axis',(0.,-1.,0.));
#3107=DIRECTION('ref_axis',(2.8E-16,0.,-1.));
#3108=DIRECTION('center_axis',(0.,-0.824126188621933,-0.566406236924954));
#3109=DIRECTION('ref_axis',(0.,0.566406236924954,-0.824126188621933));
#3110=DIRECTION('',(0.,-1.,0.));
#3111=DIRECTION('center_axis',(0.,-0.358367949545106,-0.933580426497276));
#3112=DIRECTION('ref_axis',(5.10000000000151E-16,0.933580426497276,-0.358367949545106));
#3113=DIRECTION('',(0.,-0.358367949545106,-0.933580426497276));
#3114=DIRECTION('center_axis',(3.19999999999936E-16,0.939692620785813,0.342020143325932));
#3115=DIRECTION('ref_axis',(4.89999999999902E-16,0.342020143325932,-0.939692620785813));
#3116=DIRECTION('',(1.,-4.4E-16,2.8E-16));
#3117=DIRECTION('center_axis',(2.8E-16,-4.4E-16,-1.));
#3118=DIRECTION('ref_axis',(-2.2E-16,-1.,4.4E-16));
#3119=DIRECTION('',(1.,-4.4E-16,2.8E-16));
#3120=DIRECTION('center_axis',(5.10000000000151E-16,0.933580426497276,-0.358367949545106));
#3121=DIRECTION('ref_axis',(3.40000000000101E-16,-0.358367949545106,-0.933580426497276));
#3122=DIRECTION('axis',(0.,0.,1.));
#3123=DIRECTION('refdir',(1.,0.,0.));
#3124=DIRECTION('center_axis',(-2.8E-16,4.4E-16,1.));
#3125=DIRECTION('ref_axis',(2.2E-16,1.,-4.4E-16));
#3126=DIRECTION('',(1.,-4.4E-16,2.8E-16));
#3127=DIRECTION('',(0.,1.,0.));
#3128=DIRECTION('',(1.,-4.4E-16,2.8E-16));
#3129=DIRECTION('',(0.,1.,0.));
#3130=DIRECTION('center_axis',(-4.4E-16,-1.,2.2E-16));
#3131=DIRECTION('ref_axis',(-4.4E-16,2.2E-16,1.));
#3132=DIRECTION('',(1.,-4.4E-16,2.8E-16));
#3133=DIRECTION('',(0.,0.,1.));
#3134=DIRECTION('',(0.,0.,1.));
#3135=DIRECTION('center_axis',(0.,1.,0.));
#3136=DIRECTION('ref_axis',(-2.8E-16,0.,1.));
#3137=DIRECTION('center_axis',(0.,-0.707106781186548,-0.707106781186548));
#3138=DIRECTION('ref_axis',(0.,0.707106781186548,-0.707106781186548));
#3139=DIRECTION('center_axis',(0.,-0.923879532511277,0.382683432365115));
#3140=DIRECTION('ref_axis',(0.,0.382683432365114,0.923879532511277));
#3141=DIRECTION('',(0.,1.,0.));
#3142=DIRECTION('center_axis',(0.,1.,0.));
#3143=DIRECTION('ref_axis',(-2.8E-16,0.,1.));
#3144=DIRECTION('center_axis',(0.,0.707106781186548,0.707106781186548));
#3145=DIRECTION('ref_axis',(0.,0.707106781186548,-0.707106781186548));
#3146=DIRECTION('',(0.,1.,0.));
#3147=DIRECTION('center_axis',(0.,0.923879532511277,-0.382683432365115));
#3148=DIRECTION('ref_axis',(0.,0.382683432365114,0.923879532511277));
#3149=DIRECTION('center_axis',(1.19999999999923E-16,0.707106781186548,0.707106781186548));
#3150=DIRECTION('ref_axis',(4.69999999999699E-16,0.707106781186548,-0.707106781186548));
#3151=DIRECTION('',(0.,0.707106781186548,-0.707106781186548));
#3152=DIRECTION('',(1.,-4.4E-16,2.8E-16));
#3153=DIRECTION('',(0.,0.707106781186548,-0.707106781186548));
#3154=DIRECTION('center_axis',(-3.19999999999936E-16,-0.939692620785813,
-0.342020143325932));
#3155=DIRECTION('ref_axis',(-4.89999999999902E-16,-0.342020143325932,0.939692620785813));
#3156=DIRECTION('',(1.,-4.4E-16,2.8E-16));
#3157=DIRECTION('',(0.,-0.342020143325932,0.939692620785813));
#3158=DIRECTION('',(0.,-0.342020143325932,0.939692620785813));
#3159=DIRECTION('center_axis',(0.,0.,1.));
#3160=DIRECTION('ref_axis',(-4.4E-16,-1.,0.));
#3161=DIRECTION('center_axis',(0.,0.173648177667033,-0.98480775301219));
#3162=DIRECTION('ref_axis',(0.,-0.98480775301219,-0.173648177667033));
#3163=DIRECTION('',(0.,0.,1.));
#3164=DIRECTION('center_axis',(0.,0.,1.));
#3165=DIRECTION('ref_axis',(-4.4E-16,-1.,0.));
#3166=DIRECTION('center_axis',(0.,-0.173648177667033,0.98480775301219));
#3167=DIRECTION('ref_axis',(0.,-0.98480775301219,-0.173648177667033));
#3168=DIRECTION('',(0.,0.,1.));
#3169=DIRECTION('center_axis',(-1.,2.2E-16,-2.2E-16));
#3170=DIRECTION('ref_axis',(2.2E-16,0.,-1.));
#3171=DIRECTION('',(0.,0.707106781186548,-0.707106781186548));
#3172=DIRECTION('',(0.,0.,-1.));
#3173=DIRECTION('',(0.,0.342020143325932,-0.939692620785813));
#3174=DIRECTION('',(0.,-0.358367949545106,-0.933580426497276));
#3175=DIRECTION('',(0.,-1.,0.));
#3176=DIRECTION('',(0.,0.358367949545106,0.933580426497276));
#3177=DIRECTION('',(0.,-0.342020143325932,0.939692620785813));
#3178=DIRECTION('center_axis',(0.,0.707106781186548,-0.707106781186548));
#3179=DIRECTION('ref_axis',(1.19999999999923E-16,0.707106781186548,0.707106781186548));
#3180=DIRECTION('center_axis',(0.,-0.382683432365115,0.923879532511277));
#3181=DIRECTION('ref_axis',(0.,0.923879532511277,0.382683432365114));
#3182=DIRECTION('center_axis',(-1.,2.2E-16,-2.2E-16));
#3183=DIRECTION('ref_axis',(2.2E-16,0.,-1.));
#3184=DIRECTION('',(0.,-0.342020143325932,0.939692620785813));
#3185=DIRECTION('',(0.,0.358367949545106,0.933580426497276));
#3186=DIRECTION('',(0.,-1.,0.));
#3187=DIRECTION('',(0.,-0.358367949545106,-0.933580426497276));
#3188=DIRECTION('',(0.,0.342020143325932,-0.939692620785813));
#3189=DIRECTION('',(0.,0.,-1.));
#3190=DIRECTION('',(0.,0.707106781186548,-0.707106781186548));
#3191=DIRECTION('center_axis',(0.,0.707106781186548,-0.707106781186548));
#3192=DIRECTION('ref_axis',(1.19999999999923E-16,0.707106781186548,0.707106781186548));
#3193=DIRECTION('center_axis',(0.,0.382683432365115,-0.923879532511277));
#3194=DIRECTION('ref_axis',(0.,0.923879532511277,0.382683432365114));
#3195=DIRECTION('center_axis',(4.4E-16,1.,-2.2E-16));
#3196=DIRECTION('ref_axis',(4.4E-16,-2.2E-16,-1.));
#3197=DIRECTION('',(0.,0.,-1.));
#3198=DIRECTION('',(1.,-4.4E-16,2.8E-16));
#3199=DIRECTION('',(0.,0.,-1.));
#3200=DIRECTION('center_axis',(-5.10000000000151E-16,-0.933580426497276,
0.358367949545106));
#3201=DIRECTION('ref_axis',(-3.40000000000101E-16,0.358367949545106,0.933580426497276));
#3202=DIRECTION('',(1.,-4.4E-16,2.8E-16));
#3203=DIRECTION('',(0.,0.358367949545106,0.933580426497276));
#3204=DIRECTION('',(0.,0.358367949545106,0.933580426497276));
#3205=DIRECTION('center_axis',(0.,-0.342020143325932,0.939692620785813));
#3206=DIRECTION('ref_axis',(-3.19999999999936E-16,-0.939692620785813,-0.342020143325932));
#3207=DIRECTION('center_axis',(0.,-0.0087265354983755,-0.999961923064171));
#3208=DIRECTION('ref_axis',(0.,0.999961923064171,-0.0087265354983755));
#3209=DIRECTION('center_axis',(0.,-0.342020143325932,0.939692620785813));
#3210=DIRECTION('ref_axis',(-3.19999999999936E-16,-0.939692620785813,-0.342020143325932));
#3211=DIRECTION('center_axis',(0.,0.0087265354983755,0.999961923064171));
#3212=DIRECTION('ref_axis',(0.,0.999961923064171,-0.0087265354983755));
#3213=DIRECTION('center_axis',(0.,0.,-1.));
#3214=DIRECTION('ref_axis',(4.4E-16,1.,0.));
#3215=DIRECTION('center_axis',(0.,-0.173648177667033,0.98480775301219));
#3216=DIRECTION('ref_axis',(0.,-0.98480775301219,-0.173648177667033));
#3217=DIRECTION('center_axis',(0.,0.358367949545106,0.933580426497276));
#3218=DIRECTION('ref_axis',(-5.10000000000151E-16,-0.933580426497276,0.358367949545106));
#3219=DIRECTION('center_axis',(0.,0.566406236924954,-0.824126188621933));
#3220=DIRECTION('ref_axis',(0.,-0.824126188621933,-0.566406236924954));
#3221=DIRECTION('center_axis',(0.,0.342020143325932,-0.939692620785813));
#3222=DIRECTION('ref_axis',(3.19999999999936E-16,0.939692620785813,0.342020143325932));
#3223=DIRECTION('',(0.,0.342020143325932,-0.939692620785813));
#3224=DIRECTION('center_axis',(0.,0.0087265354983755,0.999961923064171));
#3225=DIRECTION('ref_axis',(0.,0.999961923064171,-0.0087265354983755));
#3226=DIRECTION('center_axis',(0.,-1.,0.));
#3227=DIRECTION('ref_axis',(2.8E-16,0.,-1.));
#3228=DIRECTION('center_axis',(0.,0.824126188621933,0.566406236924954));
#3229=DIRECTION('ref_axis',(0.,0.566406236924954,-0.824126188621933));
#3230=DIRECTION('',(0.,-1.,0.));
#3231=DIRECTION('center_axis',(0.,-0.358367949545106,-0.933580426497276));
#3232=DIRECTION('ref_axis',(5.10000000000151E-16,0.933580426497276,-0.358367949545106));
#3233=DIRECTION('',(0.,-0.358367949545106,-0.933580426497276));
#3234=DIRECTION('center_axis',(0.,0.,-1.));
#3235=DIRECTION('ref_axis',(4.4E-16,1.,0.));
#3236=DIRECTION('center_axis',(0.,0.173648177667033,-0.98480775301219));
#3237=DIRECTION('ref_axis',(0.,-0.98480775301219,-0.173648177667033));
#3238=DIRECTION('center_axis',(0.,0.358367949545106,0.933580426497276));
#3239=DIRECTION('ref_axis',(-5.10000000000151E-16,-0.933580426497276,0.358367949545106));
#3240=DIRECTION('center_axis',(0.,-0.566406236924954,0.824126188621933));
#3241=DIRECTION('ref_axis',(0.,-0.824126188621933,-0.566406236924954));
#3242=DIRECTION('center_axis',(0.,0.342020143325932,-0.939692620785813));
#3243=DIRECTION('ref_axis',(3.19999999999936E-16,0.939692620785813,0.342020143325932));
#3244=DIRECTION('center_axis',(0.,-0.0087265354983755,-0.999961923064171));
#3245=DIRECTION('ref_axis',(0.,0.999961923064171,-0.0087265354983755));
#3246=DIRECTION('',(0.,0.342020143325932,-0.939692620785813));
#3247=DIRECTION('center_axis',(0.,-1.,0.));
#3248=DIRECTION('ref_axis',(2.8E-16,0.,-1.));
#3249=DIRECTION('center_axis',(0.,-0.824126188621933,-0.566406236924954));
#3250=DIRECTION('ref_axis',(0.,0.566406236924954,-0.824126188621933));
#3251=DIRECTION('',(0.,-1.,0.));
#3252=DIRECTION('center_axis',(0.,-0.358367949545106,-0.933580426497276));
#3253=DIRECTION('ref_axis',(5.10000000000151E-16,0.933580426497276,-0.358367949545106));
#3254=DIRECTION('',(0.,-0.358367949545106,-0.933580426497276));
#3255=DIRECTION('center_axis',(3.19999999999936E-16,0.939692620785813,0.342020143325932));
#3256=DIRECTION('ref_axis',(4.89999999999902E-16,0.342020143325932,-0.939692620785813));
#3257=DIRECTION('',(1.,-4.4E-16,2.8E-16));
#3258=DIRECTION('center_axis',(2.8E-16,-4.4E-16,-1.));
#3259=DIRECTION('ref_axis',(-2.2E-16,-1.,4.4E-16));
#3260=DIRECTION('',(1.,-4.4E-16,2.8E-16));
#3261=DIRECTION('center_axis',(5.10000000000151E-16,0.933580426497276,-0.358367949545106));
#3262=DIRECTION('ref_axis',(3.40000000000101E-16,-0.358367949545106,-0.933580426497276));
#3263=DIRECTION('axis',(0.,0.,1.));
#3264=DIRECTION('refdir',(1.,0.,0.));
#3265=DIRECTION('center_axis',(1.,0.,0.));
#3266=DIRECTION('ref_axis',(0.,1.,0.));
#3267=DIRECTION('center_axis',(1.,0.,0.));
#3268=DIRECTION('ref_axis',(0.,1.,0.));
#3269=DIRECTION('',(1.,0.,0.));
#3270=DIRECTION('center_axis',(1.,0.,0.));
#3271=DIRECTION('ref_axis',(0.,1.,0.));
#3272=DIRECTION('',(1.,0.,0.));
#3273=DIRECTION('center_axis',(0.,0.,1.));
#3274=DIRECTION('ref_axis',(-1.,0.,0.));
#3275=DIRECTION('center_axis',(0.,1.,0.));
#3276=DIRECTION('ref_axis',(-1.,0.,0.));
#3277=DIRECTION('center_axis',(0.,0.,-1.));
#3278=DIRECTION('ref_axis',(-1.,0.,0.));
#3279=DIRECTION('center_axis',(0.,0.,-1.));
#3280=DIRECTION('ref_axis',(-1.,0.,0.));
#3281=DIRECTION('center_axis',(0.,0.,1.));
#3282=DIRECTION('ref_axis',(0.,1.,0.));
#3283=DIRECTION('center_axis',(0.,0.,-1.));
#3284=DIRECTION('ref_axis',(0.,1.,0.));
#3285=DIRECTION('center_axis',(6.E-17,-1.,0.));
#3286=DIRECTION('ref_axis',(1.,6.E-17,0.));
#3287=DIRECTION('center_axis',(0.,0.,-1.));
#3288=DIRECTION('ref_axis',(0.,1.,0.));
#3289=DIRECTION('center_axis',(0.,0.,-1.));
#3290=DIRECTION('ref_axis',(-1.,0.,0.));
#3291=DIRECTION('',(0.,1.,0.));
#3292=DIRECTION('center_axis',(0.,0.,-1.));
#3293=DIRECTION('ref_axis',(0.,-1.,0.));
#3294=DIRECTION('',(-1.,0.,0.));
#3295=DIRECTION('center_axis',(0.,0.,-1.));
#3296=DIRECTION('ref_axis',(1.,0.,0.));
#3297=DIRECTION('',(0.,-1.,0.));
#3298=DIRECTION('',(1.,0.,0.));
#3299=DIRECTION('',(0.,-1.,0.));
#3300=DIRECTION('',(-1.,0.,0.));
#3301=DIRECTION('',(0.,1.,0.));
#3302=DIRECTION('center_axis',(0.,1.,0.));
#3303=DIRECTION('ref_axis',(-1.,0.,0.));
#3304=DIRECTION('center_axis',(-6.E-17,1.,0.));
#3305=DIRECTION('ref_axis',(-1.,-6.E-17,0.));
#3306=DIRECTION('',(0.,1.,0.));
#3307=DIRECTION('center_axis',(0.,-1.,0.));
#3308=DIRECTION('ref_axis',(1.,0.,0.));
#3309=DIRECTION('center_axis',(0.,-1.,0.));
#3310=DIRECTION('ref_axis',(1.,0.,0.));
#3311=DIRECTION('',(0.,-1.,0.));
#3312=DIRECTION('center_axis',(0.,0.,1.));
#3313=DIRECTION('ref_axis',(0.,-1.,0.));
#3314=DIRECTION('center_axis',(-1.,0.,0.));
#3315=DIRECTION('ref_axis',(0.,-1.,0.));
#3316=DIRECTION('center_axis',(0.,0.,-1.));
#3317=DIRECTION('ref_axis',(0.,-1.,0.));
#3318=DIRECTION('center_axis',(0.,0.,1.));
#3319=DIRECTION('ref_axis',(1.,0.,0.));
#3320=DIRECTION('center_axis',(-1.,-6.E-17,0.));
#3321=DIRECTION('ref_axis',(6.E-17,-1.,0.));
#3322=DIRECTION('center_axis',(0.,0.,-1.));
#3323=DIRECTION('ref_axis',(1.,0.,0.));
#3324=DIRECTION('center_axis',(-1.,0.,0.));
#3325=DIRECTION('ref_axis',(0.,-1.,0.));
#3326=DIRECTION('',(-1.,0.,0.));
#3327=DIRECTION('center_axis',(0.,-1.,0.));
#3328=DIRECTION('ref_axis',(1.,0.,0.));
#3329=DIRECTION('',(0.,0.,-1.));
#3330=DIRECTION('',(1.,0.,0.));
#3331=DIRECTION('',(0.,0.,-1.));
#3332=DIRECTION('center_axis',(-1.,0.,0.));
#3333=DIRECTION('ref_axis',(0.,-1.,0.));
#3334=DIRECTION('',(0.,-1.,0.));
#3335=DIRECTION('',(0.,0.,-1.));
#3336=DIRECTION('center_axis',(0.,1.,0.));
#3337=DIRECTION('ref_axis',(-1.,0.,0.));
#3338=DIRECTION('',(-1.,0.,0.));
#3339=DIRECTION('',(0.,0.,-1.));
#3340=DIRECTION('center_axis',(1.,0.,0.));
#3341=DIRECTION('ref_axis',(0.,1.,0.));
#3342=DIRECTION('',(0.,1.,0.));
#3343=DIRECTION('center_axis',(0.,0.,-1.));
#3344=DIRECTION('ref_axis',(-1.,0.,0.));
#3345=DIRECTION('',(0.,1.,0.));
#3346=DIRECTION('',(1.,0.,0.));
#3347=DIRECTION('',(0.,-1.,0.));
#3348=DIRECTION('',(-1.,0.,0.));
#3349=DIRECTION('center_axis',(1.,0.,0.));
#3350=DIRECTION('ref_axis',(0.,1.,0.));
#3351=DIRECTION('',(0.,0.,-1.));
#3352=DIRECTION('',(0.,1.,0.));
#3353=DIRECTION('',(0.,0.,-1.));
#3354=DIRECTION('center_axis',(0.,1.,0.));
#3355=DIRECTION('ref_axis',(-1.,0.,0.));
#3356=DIRECTION('',(0.,0.,-1.));
#3357=DIRECTION('',(-1.,0.,0.));
#3358=DIRECTION('center_axis',(-1.,0.,0.));
#3359=DIRECTION('ref_axis',(0.,-1.,0.));
#3360=DIRECTION('',(0.,0.,-1.));
#3361=DIRECTION('',(0.,-1.,0.));
#3362=DIRECTION('center_axis',(0.,-1.,0.));
#3363=DIRECTION('ref_axis',(1.,0.,0.));
#3364=DIRECTION('',(1.,0.,0.));
#3365=DIRECTION('center_axis',(0.,0.,-1.));
#3366=DIRECTION('ref_axis',(-1.,0.,0.));
#3367=DIRECTION('center_axis',(0.,0.,1.));
#3368=DIRECTION('ref_axis',(1.,0.,0.));
#3369=DIRECTION('center_axis',(0.,0.,1.));
#3370=DIRECTION('ref_axis',(1.,0.,0.));
#3371=DIRECTION('center_axis',(0.,0.,1.));
#3372=DIRECTION('ref_axis',(1.,0.,0.));
#3373=DIRECTION('center_axis',(0.,0.,1.));
#3374=DIRECTION('ref_axis',(1.,0.,0.));
#3375=DIRECTION('center_axis',(0.,0.,1.));
#3376=DIRECTION('ref_axis',(1.,0.,0.));
#3377=DIRECTION('center_axis',(0.,0.,1.));
#3378=DIRECTION('ref_axis',(1.,0.,0.));
#3379=DIRECTION('center_axis',(0.,0.,1.));
#3380=DIRECTION('ref_axis',(1.,0.,0.));
#3381=DIRECTION('',(0.,0.,1.));
#3382=DIRECTION('center_axis',(0.,0.,1.));
#3383=DIRECTION('ref_axis',(1.,0.,0.));
#3384=DIRECTION('center_axis',(0.,0.,1.));
#3385=DIRECTION('ref_axis',(1.,0.,0.));
#3386=DIRECTION('',(0.,0.,1.));
#3387=DIRECTION('center_axis',(0.,0.,1.));
#3388=DIRECTION('ref_axis',(1.,0.,0.));
#3389=DIRECTION('center_axis',(0.,0.,1.));
#3390=DIRECTION('ref_axis',(1.,0.,0.));
#3391=DIRECTION('',(0.,0.,1.));
#3392=DIRECTION('center_axis',(0.,0.,1.));
#3393=DIRECTION('ref_axis',(1.,0.,0.));
#3394=DIRECTION('center_axis',(0.,0.,1.));
#3395=DIRECTION('ref_axis',(1.,0.,0.));
#3396=DIRECTION('',(0.,0.,1.));
#3397=DIRECTION('center_axis',(0.,0.,1.));
#3398=DIRECTION('ref_axis',(1.,0.,0.));
#3399=DIRECTION('center_axis',(0.,0.,1.));
#3400=DIRECTION('ref_axis',(1.,0.,0.));
#3401=DIRECTION('',(0.,0.,1.));
#3402=DIRECTION('center_axis',(0.,0.,1.));
#3403=DIRECTION('ref_axis',(1.,0.,0.));
#3404=DIRECTION('center_axis',(0.,0.,1.));
#3405=DIRECTION('ref_axis',(1.,0.,0.));
#3406=DIRECTION('center_axis',(0.,0.,1.));
#3407=DIRECTION('ref_axis',(1.,0.,0.));
#3408=DIRECTION('center_axis',(0.,0.,1.));
#3409=DIRECTION('ref_axis',(1.,0.,0.));
#3410=DIRECTION('center_axis',(0.,0.,1.));
#3411=DIRECTION('ref_axis',(1.,0.,0.));
#3412=DIRECTION('center_axis',(0.,0.,1.));
#3413=DIRECTION('ref_axis',(1.,0.,0.));
#3414=DIRECTION('center_axis',(0.,0.,1.));
#3415=DIRECTION('ref_axis',(0.,1.,0.));
#3416=DIRECTION('center_axis',(0.,0.,1.));
#3417=DIRECTION('ref_axis',(1.,0.,0.));
#3418=DIRECTION('center_axis',(0.,0.,1.));
#3419=DIRECTION('ref_axis',(1.,0.,0.));
#3420=DIRECTION('center_axis',(0.,0.,1.));
#3421=DIRECTION('ref_axis',(1.,0.,0.));
#3422=DIRECTION('center_axis',(0.,0.,1.));
#3423=DIRECTION('ref_axis',(1.,0.,0.));
#3424=DIRECTION('center_axis',(0.,0.,1.));
#3425=DIRECTION('ref_axis',(1.,0.,0.));
#3426=DIRECTION('',(0.,0.,-1.));
#3427=DIRECTION('center_axis',(0.,0.,1.));
#3428=DIRECTION('ref_axis',(1.,0.,0.));
#3429=DIRECTION('center_axis',(0.,0.,1.));
#3430=DIRECTION('ref_axis',(1.,0.,0.));
#3431=DIRECTION('',(0.,0.,-1.));
#3432=DIRECTION('center_axis',(0.,0.,1.));
#3433=DIRECTION('ref_axis',(1.,0.,0.));
#3434=DIRECTION('center_axis',(0.,0.,1.));
#3435=DIRECTION('ref_axis',(1.,0.,0.));
#3436=DIRECTION('',(0.,0.,-1.));
#3437=DIRECTION('center_axis',(0.,0.,-1.));
#3438=DIRECTION('ref_axis',(1.,0.,0.));
#3439=DIRECTION('',(0.,0.,1.));
#3440=DIRECTION('center_axis',(0.,0.,1.));
#3441=DIRECTION('ref_axis',(1.,0.,0.));
#3442=DIRECTION('center_axis',(0.,0.,1.));
#3443=DIRECTION('ref_axis',(1.,0.,0.));
#3444=DIRECTION('center_axis',(0.,0.,1.));
#3445=DIRECTION('ref_axis',(1.,0.,0.));
#3446=DIRECTION('',(0.,0.,-1.));
#3447=DIRECTION('center_axis',(0.,0.,-1.));
#3448=DIRECTION('ref_axis',(1.,0.,0.));
#3449=DIRECTION('center_axis',(0.,1.,0.));
#3450=DIRECTION('ref_axis',(-1.,0.,0.));
#3451=DIRECTION('center_axis',(0.,0.,1.));
#3452=DIRECTION('ref_axis',(1.,0.,0.));
#3453=DIRECTION('center_axis',(0.,0.,-1.));
#3454=DIRECTION('ref_axis',(1.,0.,0.));
#3455=DIRECTION('center_axis',(0.,1.,0.));
#3456=DIRECTION('ref_axis',(-1.,0.,0.));
#3457=DIRECTION('center_axis',(0.,0.,1.));
#3458=DIRECTION('ref_axis',(1.,0.,0.));
#3459=DIRECTION('center_axis',(0.,0.,-1.));
#3460=DIRECTION('ref_axis',(1.,0.,0.));
#3461=DIRECTION('center_axis',(0.,1.,0.));
#3462=DIRECTION('ref_axis',(-1.,0.,0.));
#3463=DIRECTION('center_axis',(0.,0.,1.));
#3464=DIRECTION('ref_axis',(1.,0.,0.));
#3465=DIRECTION('center_axis',(0.,0.,1.));
#3466=DIRECTION('ref_axis',(1.,0.,0.));
#3467=DIRECTION('center_axis',(0.,0.,1.));
#3468=DIRECTION('ref_axis',(1.,0.,0.));
#3469=DIRECTION('center_axis',(1.22464679914735E-16,-1.,0.));
#3470=DIRECTION('ref_axis',(-1.,-1.22464679914735E-16,0.));
#3471=DIRECTION('center_axis',(0.,0.,-1.));
#3472=DIRECTION('ref_axis',(1.,0.,0.));
#3473=DIRECTION('center_axis',(0.,1.,0.));
#3474=DIRECTION('ref_axis',(-1.,0.,0.));
#3475=DIRECTION('center_axis',(0.,0.,1.));
#3476=DIRECTION('ref_axis',(1.,0.,0.));
#3477=DIRECTION('center_axis',(0.,0.,-1.));
#3478=DIRECTION('ref_axis',(-1.,0.,0.));
#3479=DIRECTION('center_axis',(0.,0.,-1.));
#3480=DIRECTION('ref_axis',(-1.,0.,0.));
#3481=DIRECTION('center_axis',(0.,0.,-1.));
#3482=DIRECTION('ref_axis',(-1.,0.,0.));
#3483=DIRECTION('center_axis',(0.,0.,-1.));
#3484=DIRECTION('ref_axis',(-1.,0.,0.));
#3485=DIRECTION('center_axis',(0.,0.,-1.));
#3486=DIRECTION('ref_axis',(-1.,0.,0.));
#3487=DIRECTION('center_axis',(1.970729842031E-32,1.,-9.394035436279E-17));
#3488=DIRECTION('ref_axis',(0.,9.394035436279E-17,1.));
#3489=DIRECTION('',(0.,0.,1.));
#3490=DIRECTION('',(-1.,0.,0.));
#3491=DIRECTION('center_axis',(0.,-1.,0.));
#3492=DIRECTION('ref_axis',(0.,0.,1.));
#3493=DIRECTION('',(0.422618261740812,0.,0.906307787036597));
#3494=DIRECTION('',(1.,0.,0.));
#3495=DIRECTION('',(0.422618261740812,0.,-0.906307787036597));
#3496=DIRECTION('center_axis',(0.,-1.,0.));
#3497=DIRECTION('ref_axis',(0.906307787036597,0.,0.422618261740812));
#3498=DIRECTION('',(1.,0.,0.));
#3499=DIRECTION('center_axis',(0.,-1.,0.));
#3500=DIRECTION('ref_axis',(0.,0.,1.));
#3501=DIRECTION('',(0.422618261740812,0.,0.906307787036597));
#3502=DIRECTION('',(1.,0.,0.));
#3503=DIRECTION('',(-0.422618261740812,0.,0.906307787036597));
#3504=DIRECTION('center_axis',(0.,-1.,0.));
#3505=DIRECTION('ref_axis',(0.906307787036597,0.,0.422618261740812));
#3506=DIRECTION('',(-1.,0.,0.));
#3507=DIRECTION('',(0.,0.,-1.));
#3508=DIRECTION('center_axis',(1.,0.,0.));
#3509=DIRECTION('ref_axis',(0.,1.,0.));
#3510=DIRECTION('center_axis',(-1.,0.,0.));
#3511=DIRECTION('ref_axis',(0.,0.,-1.));
#3512=DIRECTION('center_axis',(-1.,0.,0.));
#3513=DIRECTION('ref_axis',(0.,0.,-1.));
#3514=DIRECTION('',(1.,0.,0.));
#3515=DIRECTION('center_axis',(0.,-1.,0.));
#3516=DIRECTION('ref_axis',(0.,0.,-1.));
#3517=DIRECTION('center_axis',(0.,1.,0.));
#3518=DIRECTION('ref_axis',(0.,0.,-1.));
#3519=DIRECTION('center_axis',(-0.422618261740812,0.,0.906307787036597));
#3520=DIRECTION('ref_axis',(-0.906307787036597,0.,-0.422618261740812));
#3521=DIRECTION('center_axis',(-1.,0.,0.));
#3522=DIRECTION('ref_axis',(0.,1.,0.));
#3523=DIRECTION('center_axis',(-1.,0.,-2.431E-14));
#3524=DIRECTION('ref_axis',(-2.431E-14,0.,1.));
#3525=DIRECTION('',(-1.,0.,0.));
#3526=DIRECTION('center_axis',(-1.,0.,0.));
#3527=DIRECTION('ref_axis',(0.,1.,0.));
#3528=DIRECTION('center_axis',(0.,1.,0.));
#3529=DIRECTION('ref_axis',(0.906307787036598,0.,0.422618261740812));
#3530=DIRECTION('center_axis',(-0.422618261740812,0.,0.906307787036597));
#3531=DIRECTION('ref_axis',(0.906307787036597,0.,0.422618261740812));
#3532=DIRECTION('center_axis',(0.,-1.,0.));
#3533=DIRECTION('ref_axis',(0.906307787036597,0.,0.422618261740812));
#3534=DIRECTION('center_axis',(-0.422618261740812,0.,0.906307787036597));
#3535=DIRECTION('ref_axis',(0.,1.,0.));
#3536=DIRECTION('center_axis',(-0.422618261740812,0.,0.906307787036597));
#3537=DIRECTION('ref_axis',(-0.906307787036597,0.,-0.422618261740812));
#3538=DIRECTION('',(-0.422618261740812,0.,0.906307787036597));
#3539=DIRECTION('center_axis',(0.,2.2E-16,-1.));
#3540=DIRECTION('ref_axis',(0.,1.,0.));
#3541=DIRECTION('center_axis',(0.,-2.2E-16,1.));
#3542=DIRECTION('ref_axis',(0.,1.,2.2E-16));
#3543=DIRECTION('center_axis',(-6.E-17,-1.,-2.2E-16));
#3544=DIRECTION('ref_axis',(-1.,6.E-17,0.));
#3545=DIRECTION('center_axis',(0.,-2.2E-16,1.));
#3546=DIRECTION('ref_axis',(0.,1.,2.2E-16));
#3547=DIRECTION('center_axis',(0.,2.2E-16,-1.));
#3548=DIRECTION('ref_axis',(1.,0.,0.));
#3549=DIRECTION('',(0.,1.,2.2E-16));
#3550=DIRECTION('',(1.,0.,0.));
#3551=DIRECTION('center_axis',(0.,-2.2E-16,1.));
#3552=DIRECTION('ref_axis',(-1.,-4.E-17,-8.8E-33));
#3553=DIRECTION('',(0.,-1.,-2.2E-16));
#3554=DIRECTION('center_axis',(0.,1.,2.2E-16));
#3555=DIRECTION('ref_axis',(0.,-2.2E-16,1.));
#3556=DIRECTION('',(0.,1.,2.2E-16));
#3557=DIRECTION('center_axis',(0.,-1.,0.));
#3558=DIRECTION('ref_axis',(0.906307787036597,0.,0.422618261740812));
#3559=DIRECTION('center_axis',(0.,-1.,0.));
#3560=DIRECTION('ref_axis',(-0.906307787036598,0.,-0.422618261740811));
#3561=DIRECTION('center_axis',(-1.,0.,8.44E-15));
#3562=DIRECTION('ref_axis',(-8.44E-15,0.,-1.));
#3563=DIRECTION('center_axis',(0.,-1.,0.));
#3564=DIRECTION('ref_axis',(-0.906307787036597,0.,-0.422618261740812));
#3565=DIRECTION('center_axis',(1.,0.,0.));
#3566=DIRECTION('ref_axis',(0.,1.,0.));
#3567=DIRECTION('center_axis',(-1.,0.,0.));
#3568=DIRECTION('ref_axis',(0.,0.,-1.));
#3569=DIRECTION('',(1.,0.,0.));
#3570=DIRECTION('center_axis',(-0.906307787036597,8.999999999996E-17,-0.422618261740812));
#3571=DIRECTION('ref_axis',(0.422618261740812,1.99999999999911E-16,-0.906307787036597));
#3572=DIRECTION('',(0.,1.,2.2E-16));
#3573=DIRECTION('',(0.422618261740812,0.,-0.906307787036597));
#3574=DIRECTION('center_axis',(0.,0.,-1.));
#3575=DIRECTION('ref_axis',(-1.,0.,0.));
#3576=DIRECTION('',(0.,1.,2.2E-16));
#3577=DIRECTION('',(0.,1.,2.2E-16));
#3578=DIRECTION('',(-1.,0.,0.));
#3579=DIRECTION('center_axis',(0.,-1.,0.));
#3580=DIRECTION('ref_axis',(0.,0.,-1.));
#3581=DIRECTION('center_axis',(-0.422618261740812,0.,-0.906307787036597));
#3582=DIRECTION('ref_axis',(0.906307787036597,0.,-0.422618261740812));
#3583=DIRECTION('center_axis',(0.,-1.,0.));
#3584=DIRECTION('ref_axis',(0.,0.,-1.));
#3585=DIRECTION('center_axis',(0.422618261740812,0.,0.906307787036597));
#3586=DIRECTION('ref_axis',(0.,1.,0.));
#3587=DIRECTION('center_axis',(-0.422618261740812,0.,-0.906307787036597));
#3588=DIRECTION('ref_axis',(-0.906307787036597,0.,0.422618261740812));
#3589=DIRECTION('',(0.422618261740812,0.,0.906307787036597));
#3590=DIRECTION('center_axis',(0.,1.,0.));
#3591=DIRECTION('ref_axis',(0.,0.,1.));
#3592=DIRECTION('center_axis',(-1.,0.,0.));
#3593=DIRECTION('ref_axis',(0.,0.,1.));
#3594=DIRECTION('center_axis',(0.,-1.,0.));
#3595=DIRECTION('ref_axis',(0.,0.,1.));
#3596=DIRECTION('center_axis',(1.,0.,0.));
#3597=DIRECTION('ref_axis',(0.,1.,0.));
#3598=DIRECTION('center_axis',(-1.,0.,-2.431E-14));
#3599=DIRECTION('ref_axis',(-2.431E-14,0.,1.));
#3600=DIRECTION('',(1.,0.,0.));
#3601=DIRECTION('center_axis',(0.,1.,0.));
#3602=DIRECTION('ref_axis',(0.906307787036598,0.,0.422618261740811));
#3603=DIRECTION('center_axis',(-0.422618261740812,0.,0.906307787036597));
#3604=DIRECTION('ref_axis',(0.906307787036597,0.,0.422618261740812));
#3605=DIRECTION('center_axis',(0.,-1.,0.));
#3606=DIRECTION('ref_axis',(0.906307787036597,0.,0.422618261740812));
#3607=DIRECTION('center_axis',(0.422618261740812,0.,-0.906307787036597));
#3608=DIRECTION('ref_axis',(0.,1.,0.));
#3609=DIRECTION('',(0.422618261740812,0.,-0.906307787036597));
#3610=DIRECTION('center_axis',(-0.906307787036597,-8.999999999996E-17,0.422618261740812));
#3611=DIRECTION('ref_axis',(-0.422618261740812,1.99999999999911E-16,-0.906307787036597));
#3612=DIRECTION('',(0.,1.,2.2E-16));
#3613=DIRECTION('',(0.,1.,2.2E-16));
#3614=DIRECTION('',(-0.422618261740812,0.,-0.906307787036597));
#3615=DIRECTION('center_axis',(0.,1.,2.2E-16));
#3616=DIRECTION('ref_axis',(-0.906307787036597,-9.29760175829787E-17,0.422618261740812));
#3617=DIRECTION('',(0.,1.,2.2E-16));
#3618=DIRECTION('center_axis',(0.,1.,0.));
#3619=DIRECTION('ref_axis',(-0.906307787036597,0.,0.422618261740812));
#3620=DIRECTION('center_axis',(0.,-2.2E-16,1.));
#3621=DIRECTION('ref_axis',(-1.,0.,0.));
#3622=DIRECTION('',(-1.,0.,0.));
#3623=DIRECTION('',(0.,1.,2.2E-16));
#3624=DIRECTION('center_axis',(0.,1.,2.2E-16));
#3625=DIRECTION('ref_axis',(0.,-2.2E-16,1.));
#3626=DIRECTION('',(0.,1.,2.2E-16));
#3627=DIRECTION('center_axis',(0.,-1.,0.));
#3628=DIRECTION('ref_axis',(0.906307787036597,0.,0.422618261740812));
#3629=DIRECTION('center_axis',(0.906307787036597,-8.999999999996E-17,0.422618261740812));
#3630=DIRECTION('ref_axis',(-0.422618261740812,-1.99999999999911E-16,0.906307787036597));
#3631=DIRECTION('',(0.,1.,2.2E-16));
#3632=DIRECTION('',(-0.422618261740812,0.,0.906307787036597));
#3633=DIRECTION('center_axis',(0.,0.,-1.));
#3634=DIRECTION('ref_axis',(-1.,0.,0.));
#3635=DIRECTION('',(0.,1.,2.2E-16));
#3636=DIRECTION('',(-1.,0.,0.));
#3637=DIRECTION('',(0.,1.,2.2E-16));
#3638=DIRECTION('center_axis',(0.,-1.,0.));
#3639=DIRECTION('ref_axis',(0.,0.,-1.));
#3640=DIRECTION('center_axis',(-0.422618261740812,0.,-0.906307787036597));
#3641=DIRECTION('ref_axis',(0.906307787036597,0.,-0.422618261740812));
#3642=DIRECTION('center_axis',(0.,-1.,0.));
#3643=DIRECTION('ref_axis',(0.,0.,-1.));
#3644=DIRECTION('center_axis',(0.422618261740812,0.,0.906307787036597));
#3645=DIRECTION('ref_axis',(0.,1.,0.));
#3646=DIRECTION('center_axis',(-0.422618261740812,0.,-0.906307787036597));
#3647=DIRECTION('ref_axis',(-0.906307787036597,0.,0.422618261740812));
#3648=DIRECTION('',(0.422618261740812,0.,0.906307787036597));
#3649=DIRECTION('center_axis',(0.,1.,0.));
#3650=DIRECTION('ref_axis',(0.,0.,1.));
#3651=DIRECTION('center_axis',(-1.,0.,0.));
#3652=DIRECTION('ref_axis',(0.,0.,1.));
#3653=DIRECTION('center_axis',(0.,-1.,0.));
#3654=DIRECTION('ref_axis',(0.,0.,1.));
#3655=DIRECTION('center_axis',(-1.,0.,0.));
#3656=DIRECTION('ref_axis',(0.,1.,0.));
#3657=DIRECTION('center_axis',(-1.,1.1E-16,0.));
#3658=DIRECTION('ref_axis',(1.1E-16,1.,2.2E-16));
#3659=DIRECTION('',(-1.,0.,0.));
#3660=DIRECTION('center_axis',(-0.906307787036597,-8.999999999996E-17,0.422618261740812));
#3661=DIRECTION('ref_axis',(-0.422618261740812,1.99999999999911E-16,-0.906307787036597));
#3662=DIRECTION('',(0.,1.,2.2E-16));
#3663=DIRECTION('',(0.,1.,2.2E-16));
#3664=DIRECTION('',(-0.422618261740812,0.,-0.906307787036597));
#3665=DIRECTION('center_axis',(0.,1.,2.2E-16));
#3666=DIRECTION('ref_axis',(-0.906307787036597,-9.29760175829787E-17,0.422618261740812));
#3667=DIRECTION('',(0.,1.,2.2E-16));
#3668=DIRECTION('center_axis',(0.,-1.,0.));
#3669=DIRECTION('ref_axis',(0.,0.,1.));
#3670=DIRECTION('center_axis',(0.,2.2E-16,-1.));
#3671=DIRECTION('ref_axis',(1.,0.,0.));
#3672=DIRECTION('center_axis',(0.,1.,2.2E-16));
#3673=DIRECTION('ref_axis',(1.,0.,0.));
#3674=DIRECTION('center_axis',(0.,-2.2E-16,1.));
#3675=DIRECTION('ref_axis',(1.,-4.E-17,-8.8E-33));
#3676=DIRECTION('center_axis',(0.,-2.2E-16,1.));
#3677=DIRECTION('ref_axis',(1.,-4.E-17,-8.8E-33));
#3678=DIRECTION('center_axis',(0.,-2.2E-16,1.));
#3679=DIRECTION('ref_axis',(-1.,0.,0.));
#3680=DIRECTION('',(0.,1.,2.2E-16));
#3681=DIRECTION('center_axis',(0.,-2.2E-16,1.));
#3682=DIRECTION('ref_axis',(0.,-1.,-2.2E-16));
#3683=DIRECTION('',(1.,0.,0.));
#3684=DIRECTION('center_axis',(0.,-1.,-2.2E-16));
#3685=DIRECTION('ref_axis',(-1.,0.,0.));
#3686=DIRECTION('center_axis',(0.,-1.,-2.2E-16));
#3687=DIRECTION('ref_axis',(-1.,0.,0.));
#3688=DIRECTION('',(0.,-1.,-2.2E-16));
#3689=DIRECTION('center_axis',(1.,0.,0.));
#3690=DIRECTION('ref_axis',(0.,-1.,0.));
#3691=DIRECTION('center_axis',(1.,-2.E-17,0.));
#3692=DIRECTION('ref_axis',(-2.E-17,-1.,-2.2E-16));
#3693=DIRECTION('center_axis',(1.,0.,4.33E-15));
#3694=DIRECTION('ref_axis',(-4.33E-15,0.,1.));
#3695=DIRECTION('',(1.,0.,0.));
#3696=DIRECTION('center_axis',(0.,2.2E-16,-1.));
#3697=DIRECTION('ref_axis',(-1.,0.,0.));
#3698=DIRECTION('center_axis',(0.,-2.2E-16,1.));
#3699=DIRECTION('ref_axis',(-1.,-4.E-17,-8.8E-33));
#3700=DIRECTION('center_axis',(0.,-1.,0.));
#3701=DIRECTION('ref_axis',(0.906307787036598,0.,0.422618261740812));
#3702=DIRECTION('center_axis',(0.422618261740812,0.,-0.906307787036597));
#3703=DIRECTION('ref_axis',(0.906307787036597,0.,0.422618261740812));
#3704=DIRECTION('center_axis',(0.,-1.,0.));
#3705=DIRECTION('ref_axis',(0.906307787036597,0.,0.422618261740812));
#3706=DIRECTION('center_axis',(0.,1.,2.2E-16));
#3707=DIRECTION('ref_axis',(-0.906307787036597,9.29760175829787E-17,-0.422618261740812));
#3708=DIRECTION('center_axis',(0.,1.,0.));
#3709=DIRECTION('ref_axis',(0.,0.,-1.));
#3710=DIRECTION('center_axis',(0.422618261740812,0.,-0.906307787036597));
#3711=DIRECTION('ref_axis',(0.,-1.,0.));
#3712=DIRECTION('center_axis',(0.422618261740812,0.,-0.906307787036597));
#3713=DIRECTION('ref_axis',(-0.906307787036597,0.,-0.422618261740812));
#3714=DIRECTION('',(0.422618261740812,0.,-0.906307787036597));
#3715=DIRECTION('center_axis',(-1.,0.,0.));
#3716=DIRECTION('ref_axis',(0.,-1.,0.));
#3717=DIRECTION('center_axis',(1.,0.,-2.61E-15));
#3718=DIRECTION('ref_axis',(-2.61E-15,0.,-1.));
#3719=DIRECTION('',(-1.,0.,0.));
#3720=DIRECTION('center_axis',(1.,0.,0.));
#3721=DIRECTION('ref_axis',(0.,0.,-1.));
#3722=DIRECTION('center_axis',(0.,1.,2.2E-16));
#3723=DIRECTION('ref_axis',(0.,2.2E-16,-1.));
#3724=DIRECTION('center_axis',(0.,1.,0.));
#3725=DIRECTION('ref_axis',(0.906307787036597,0.,-0.422618261740812));
#3726=DIRECTION('center_axis',(-0.422618261740812,0.,-0.906307787036597));
#3727=DIRECTION('ref_axis',(0.,-1.,0.));
#3728=DIRECTION('center_axis',(0.422618261740812,0.,0.906307787036597));
#3729=DIRECTION('ref_axis',(-0.906307787036597,0.,0.422618261740812));
#3730=DIRECTION('',(-0.422618261740812,0.,-0.906307787036597));
#3731=DIRECTION('center_axis',(0.422618261740812,0.,0.906307787036597));
#3732=DIRECTION('ref_axis',(0.906307787036597,0.,-0.422618261740812));
#3733=DIRECTION('center_axis',(0.,-1.,0.));
#3734=DIRECTION('ref_axis',(-0.906307787036598,0.,0.422618261740811));
#3735=DIRECTION('center_axis',(1.,0.,4.94E-15));
#3736=DIRECTION('ref_axis',(-4.94E-15,0.,1.));
#3737=DIRECTION('center_axis',(0.,1.,0.));
#3738=DIRECTION('ref_axis',(-0.906307787036597,0.,0.422618261740812));
#3739=DIRECTION('center_axis',(-1.,0.,0.));
#3740=DIRECTION('ref_axis',(0.,-1.,0.));
#3741=DIRECTION('center_axis',(1.,0.,1.1E-16));
#3742=DIRECTION('ref_axis',(-1.1E-16,0.,1.));
#3743=DIRECTION('',(-1.,0.,0.));
#3744=DIRECTION('center_axis',(0.,-1.,0.));
#3745=DIRECTION('ref_axis',(0.906307787036598,0.,0.422618261740811));
#3746=DIRECTION('center_axis',(0.422618261740812,0.,-0.906307787036597));
#3747=DIRECTION('ref_axis',(0.906307787036597,0.,0.422618261740812));
#3748=DIRECTION('center_axis',(0.,-1.,0.));
#3749=DIRECTION('ref_axis',(0.906307787036597,0.,0.422618261740812));
#3750=DIRECTION('center_axis',(-0.422618261740812,0.,0.906307787036597));
#3751=DIRECTION('ref_axis',(0.,-1.,0.));
#3752=DIRECTION('center_axis',(0.422618261740812,0.,-0.906307787036597));
#3753=DIRECTION('ref_axis',(-0.906307787036597,0.,-0.422618261740812));
#3754=DIRECTION('',(-0.422618261740812,0.,0.906307787036597));
#3755=DIRECTION('center_axis',(0.,1.,2.2E-16));
#3756=DIRECTION('ref_axis',(-0.906307787036597,9.29760175829787E-17,-0.422618261740812));
#3757=DIRECTION('center_axis',(0.,1.,0.));
#3758=DIRECTION('ref_axis',(0.,0.,-1.));
#3759=DIRECTION('center_axis',(0.,1.,2.2E-16));
#3760=DIRECTION('ref_axis',(0.,2.2E-16,-1.));
#3761=DIRECTION('center_axis',(0.,-1.,0.));
#3762=DIRECTION('ref_axis',(0.,0.,-1.));
#3763=DIRECTION('center_axis',(-1.,0.,0.));
#3764=DIRECTION('ref_axis',(0.,-1.,0.));
#3765=DIRECTION('center_axis',(1.,0.,0.));
#3766=DIRECTION('ref_axis',(0.,0.,-1.));
#3767=DIRECTION('',(-1.,0.,0.));
#3768=DIRECTION('center_axis',(1.,0.,0.));
#3769=DIRECTION('ref_axis',(0.,0.,-1.));
#3770=DIRECTION('center_axis',(-0.422618261740812,0.,-0.906307787036597));
#3771=DIRECTION('ref_axis',(0.,-1.,0.));
#3772=DIRECTION('center_axis',(0.422618261740812,0.,0.906307787036597));
#3773=DIRECTION('ref_axis',(-0.906307787036597,0.,0.422618261740812));
#3774=DIRECTION('',(-0.422618261740812,0.,-0.906307787036597));
#3775=DIRECTION('center_axis',(0.422618261740812,0.,0.906307787036597));
#3776=DIRECTION('ref_axis',(0.906307787036597,0.,-0.422618261740812));
#3777=DIRECTION('center_axis',(0.,-1.,0.));
#3778=DIRECTION('ref_axis',(0.,0.,1.));
#3779=DIRECTION('center_axis',(1.,0.,0.));
#3780=DIRECTION('ref_axis',(0.,0.,1.));
#3781=DIRECTION('center_axis',(0.,-1.,0.));
#3782=DIRECTION('ref_axis',(0.,0.,1.));
#3783=DIRECTION('center_axis',(0.,1.,2.2E-16));
#3784=DIRECTION('ref_axis',(1.,0.,0.));
#3785=DIRECTION('center_axis',(6.E-17,1.,2.2E-16));
#3786=DIRECTION('ref_axis',(1.,-6.E-17,0.));
#3787=DIRECTION('',(0.,1.,2.2E-16));
#3788=DIRECTION('center_axis',(1.,0.,0.));
#3789=DIRECTION('ref_axis',(0.,-1.,0.));
#3790=DIRECTION('center_axis',(1.,0.,0.));
#3791=DIRECTION('ref_axis',(0.,-1.,0.));
#3792=DIRECTION('',(1.,0.,0.));
#3793=DIRECTION('center_axis',(0.,2.2E-16,-1.));
#3794=DIRECTION('ref_axis',(0.,-1.,0.));
#3795=DIRECTION('center_axis',(0.,-2.2E-16,1.));
#3796=DIRECTION('ref_axis',(0.,-1.,-2.2E-16));
#3797=DIRECTION('center_axis',(0.,1.,0.));
#3798=DIRECTION('ref_axis',(0.,0.,-1.));
#3799=DIRECTION('center_axis',(0.,1.,0.));
#3800=DIRECTION('ref_axis',(0.906307787036598,0.,-0.422618261740811));
#3801=DIRECTION('center_axis',(0.,1.,0.));
#3802=DIRECTION('ref_axis',(0.,0.,-1.));
#3803=DIRECTION('center_axis',(0.,1.,0.));
#3804=DIRECTION('ref_axis',(0.,0.,-1.));
#3805=DIRECTION('center_axis',(-1.,3.043866503455E-32,-2.313111360675E-16));
#3806=DIRECTION('ref_axis',(2.313111360675E-16,0.,-1.));
#3807=DIRECTION('',(0.,0.,1.));
#3808=DIRECTION('',(0.,0.,-1.));
#3809=DIRECTION('center_axis',(1.,5.642940918354E-32,-2.313111360675E-16));
#3810=DIRECTION('ref_axis',(2.313111360675E-16,0.,1.));
#3811=DIRECTION('',(0.,0.,1.));
#3812=DIRECTION('',(0.,0.,-1.));
#3813=DIRECTION('center_axis',(1.410511827662E-31,-1.,-2.210224346623E-16));
#3814=DIRECTION('ref_axis',(0.,2.210224346623E-16,-1.));
#3815=DIRECTION('',(0.,0.,1.));
#3816=DIRECTION('',(0.,0.,-1.));
#3817=DIRECTION('center_axis',(0.,0.,1.));
#3818=DIRECTION('ref_axis',(0.,1.,0.));
#3819=DIRECTION('center_axis',(0.,0.,1.));
#3820=DIRECTION('ref_axis',(0.,1.,0.));
#3821=DIRECTION('center_axis',(0.,0.,1.));
#3822=DIRECTION('ref_axis',(0.,-1.,0.));
#3823=DIRECTION('center_axis',(0.,0.,1.));
#3824=DIRECTION('ref_axis',(1.,0.,0.));
#3825=DIRECTION('',(0.,0.,1.));
#3826=DIRECTION('',(2.22044604925E-16,1.,0.));
#3827=DIRECTION('',(0.,0.,1.));
#3828=DIRECTION('',(2.22044604925E-16,1.,0.));
#3829=DIRECTION('',(0.,0.,1.));
#3830=DIRECTION('',(1.,0.,0.));
#3831=CARTESIAN_POINT('',(0.,0.,0.));
#3832=CARTESIAN_POINT('',(0.,0.,0.));
#3833=CARTESIAN_POINT('Origin',(1.83E-15,6.05218,-1.086496));
#3834=CARTESIAN_POINT('',(0.05,6.05218,-1.086496));
#3835=CARTESIAN_POINT('',(0.95,6.05218,-1.086496));
#3836=CARTESIAN_POINT('',(1.83E-15,6.05218,-1.086496));
#3837=CARTESIAN_POINT('',(0.95,6.25218,-1.086496));
#3838=CARTESIAN_POINT('',(0.95,6.05218,-1.086496));
#3839=CARTESIAN_POINT('',(0.05,6.25218,-1.086496));
#3840=CARTESIAN_POINT('',(1.87E-15,6.25218,-1.086496));
#3841=CARTESIAN_POINT('',(0.05,6.05218,-1.086496));
#3842=CARTESIAN_POINT('Origin',(2.49E-15,6.05218,-2.586496));
#3843=CARTESIAN_POINT('',(0.05,6.05218,-2.586496));
#3844=CARTESIAN_POINT('',(0.95,6.05218,-2.586496));
#3845=CARTESIAN_POINT('',(2.49E-15,6.05218,-2.586496));
#3846=CARTESIAN_POINT('',(0.95,6.05218,-2.586496));
#3847=CARTESIAN_POINT('',(0.05,6.05218,-2.586496));
#3848=CARTESIAN_POINT('Origin',(0.05,6.05218,-1.136496));
#3849=CARTESIAN_POINT('',(1.595945597899E-15,6.10218,-1.136496));
#3850=CARTESIAN_POINT('Origin',(0.05,6.10218,-1.136496));
#3851=CARTESIAN_POINT('',(1.595945597899E-15,6.231469321881,-1.136496));
#3852=CARTESIAN_POINT('Origin',(0.05,6.231469321881,-1.136496));
#3853=CARTESIAN_POINT('',(1.595945597899E-15,6.05218,-1.136496));
#3854=CARTESIAN_POINT('Origin',(0.95,6.05218,-1.136496));
#3855=CARTESIAN_POINT('',(1.,6.10218,-1.136496));
#3856=CARTESIAN_POINT('Origin',(0.95,6.10218,-1.136496));
#3857=CARTESIAN_POINT('',(1.,6.231469321881,-1.136496));
#3858=CARTESIAN_POINT('',(1.,6.05218,-1.136496));
#3859=CARTESIAN_POINT('Origin',(0.95,6.231469321881,-1.136496));
#3860=CARTESIAN_POINT('Origin',(1.87E-15,6.25218,-1.086496));
#3861=CARTESIAN_POINT('',(0.95,6.35218,-1.186496));
#3862=CARTESIAN_POINT('',(0.95,6.25218,-1.086496));
#3863=CARTESIAN_POINT('',(0.05,6.35218,-1.186496));
#3864=CARTESIAN_POINT('',(1.94E-15,6.35218,-1.186496));
#3865=CARTESIAN_POINT('',(0.05,6.25218,-1.086496));
#3866=CARTESIAN_POINT('Origin',(3.59E-15,6.815955263064,-4.684951288806));
#3867=CARTESIAN_POINT('',(0.05,6.815955263064,-4.684951288806));
#3868=CARTESIAN_POINT('',(0.95,6.815955263064,-4.684951288806));
#3869=CARTESIAN_POINT('',(3.59E-15,6.815955263064,-4.684951288806));
#3870=CARTESIAN_POINT('',(0.95,6.815955263064,-4.684951288806));
#3871=CARTESIAN_POINT('',(0.05,6.815955263064,-4.684951288806));
#3872=CARTESIAN_POINT('Origin',(0.05,6.10218,-2.586496));
#3873=CARTESIAN_POINT('',(2.560451850542E-15,6.10218,-2.577679650965));
#3874=CARTESIAN_POINT('Origin',(0.05,6.10218,-2.577679650965));
#3875=CARTESIAN_POINT('',(1.93595139919E-15,6.10218,-2.586496));
#3876=CARTESIAN_POINT('Origin',(0.95,6.10218,-2.586496));
#3877=CARTESIAN_POINT('',(1.,6.10218,-2.577679650965));
#3878=CARTESIAN_POINT('Origin',(0.95,6.10218,-2.577679650965));
#3879=CARTESIAN_POINT('',(1.,6.10218,-2.586496));
#3880=CARTESIAN_POINT('Origin',(2.29E-15,6.482832340474,-3.83466306823));
#3881=CARTESIAN_POINT('',(1.630640067418E-15,6.30218,-1.207206678119));
#3882=CARTESIAN_POINT('',(1.630640067418E-15,6.216824660941,-1.121851339059));
#3883=CARTESIAN_POINT('',(1.665334536938E-15,6.30218,-2.595312349035));
#3884=CARTESIAN_POINT('',(1.665334536938E-15,6.30218,-1.186496));
#3885=CARTESIAN_POINT('',(1.977584762614E-15,7.062576827441,-4.684485462255));
#3886=CARTESIAN_POINT('',(1.977584762614E-15,6.305195368961,-2.603597007166));
#3887=CARTESIAN_POINT('',(2.602085213965E-15,6.39063595207,-6.434951288806));
#3888=CARTESIAN_POINT('',(2.602085213965E-15,7.069276241739,-4.667032891328));
#3889=CARTESIAN_POINT('',(2.851885394506E-15,6.197750451434,-6.434951288806));
#3890=CARTESIAN_POINT('',(2.851885394506E-15,6.425,-6.434951288806));
#3891=CARTESIAN_POINT('',(2.810252031082E-15,6.869333698686,-4.685417115356));
#3892=CARTESIAN_POINT('',(2.810252031082E-15,6.171679021325,-6.502869686283));
#3893=CARTESIAN_POINT('',(2.560451850542E-15,6.862939894103,-4.667850281639));
#3894=CARTESIAN_POINT('Origin',(0.05,6.216824660941,-1.121851339059));
#3895=CARTESIAN_POINT('Origin',(0.05,6.30218,-1.207206678119));
#3896=CARTESIAN_POINT('Origin',(1.,6.482832340474,-3.83466306823));
#3897=CARTESIAN_POINT('',(1.,6.869333698686,-4.685417115356));
#3898=CARTESIAN_POINT('',(1.,6.862939894103,-4.667850281639));
#3899=CARTESIAN_POINT('',(1.,6.197750451434,-6.434951288806));
#3900=CARTESIAN_POINT('',(1.,6.171679021325,-6.502869686283));
#3901=CARTESIAN_POINT('',(1.,6.39063595207,-6.434951288806));
#3902=CARTESIAN_POINT('',(1.,6.425,-6.434951288806));
#3903=CARTESIAN_POINT('',(1.,7.062576827441,-4.684485462255));
#3904=CARTESIAN_POINT('',(1.,7.069276241739,-4.667032891328));
#3905=CARTESIAN_POINT('',(1.,6.30218,-2.595312349035));
#3906=CARTESIAN_POINT('',(1.,6.305195368961,-2.603597007166));
#3907=CARTESIAN_POINT('',(1.,6.30218,-1.207206678119));
#3908=CARTESIAN_POINT('',(1.,6.30218,-1.186496));
#3909=CARTESIAN_POINT('',(1.,6.216824660941,-1.121851339059));
#3910=CARTESIAN_POINT('Origin',(0.95,6.216824660941,-1.121851339059));
#3911=CARTESIAN_POINT('Origin',(0.95,6.30218,-1.207206678119));
#3912=CARTESIAN_POINT('Origin',(1.94E-15,6.35218,-1.186496));
#3913=CARTESIAN_POINT('',(0.95,6.35218,-2.586496));
#3914=CARTESIAN_POINT('',(0.95,6.35218,-1.186496));
#3915=CARTESIAN_POINT('',(0.05,6.35218,-2.586496));
#3916=CARTESIAN_POINT('',(2.56E-15,6.35218,-2.586496));
#3917=CARTESIAN_POINT('',(0.05,6.35218,-1.186496));
#3918=CARTESIAN_POINT('Origin',(4.24E-15,6.125,-6.484951288806));
#3919=CARTESIAN_POINT('',(0.05,6.125,-6.484951288806));
#3920=CARTESIAN_POINT('',(0.95,6.125,-6.484951288806));
#3921=CARTESIAN_POINT('',(4.24E-15,6.125,-6.484951288806));
#3922=CARTESIAN_POINT('',(0.95,6.125,-6.484951288806));
#3923=CARTESIAN_POINT('',(0.05,6.125,-6.484951288806));
#3924=CARTESIAN_POINT('Origin',(0.05,6.862939894103,-4.667850281639));
#3925=CARTESIAN_POINT('Origin',(0.05,6.869333698686,-4.685417115356));
#3926=CARTESIAN_POINT('Origin',(0.95,6.862939894103,-4.667850281639));
#3927=CARTESIAN_POINT('Origin',(0.95,6.869333698686,-4.685417115356));
#3928=CARTESIAN_POINT('Origin',(0.05,6.30218,-1.186496));
#3929=CARTESIAN_POINT('Origin',(0.05,6.30218,-2.595312349035));
#3930=CARTESIAN_POINT('Origin',(0.05,6.171679021325,-6.502869686283));
#3931=CARTESIAN_POINT('Origin',(0.05,6.197750451434,-6.434951288806));
#3932=CARTESIAN_POINT('Origin',(0.05,6.305195368961,-2.603597007166));
#3933=CARTESIAN_POINT('',(0.05,7.115955263064,-4.684951288806));
#3934=CARTESIAN_POINT('',(0.05,6.35218,-2.586496));
#3935=CARTESIAN_POINT('Origin',(0.05,7.062576827441,-4.684485462255));
#3936=CARTESIAN_POINT('Origin',(0.05,6.425,-6.434951288806));
#3937=CARTESIAN_POINT('',(0.05,6.425,-6.484951288806));
#3938=CARTESIAN_POINT('Origin',(0.05,6.39063595207,-6.434951288806));
#3939=CARTESIAN_POINT('',(0.05,6.425,-6.484951288806));
#3940=CARTESIAN_POINT('Origin',(0.05,7.069276241739,-4.667032891328));
#3941=CARTESIAN_POINT('',(0.05,7.115955263064,-4.684951288806));
#3942=CARTESIAN_POINT('Origin',(0.95,6.30218,-1.186496));
#3943=CARTESIAN_POINT('Origin',(0.95,6.30218,-2.595312349035));
#3944=CARTESIAN_POINT('Origin',(0.95,6.171679021325,-6.502869686283));
#3945=CARTESIAN_POINT('Origin',(0.95,6.197750451434,-6.434951288806));
#3946=CARTESIAN_POINT('Origin',(0.95,6.305195368961,-2.603597007166));
#3947=CARTESIAN_POINT('',(0.95,7.115955263064,-4.684951288806));
#3948=CARTESIAN_POINT('Origin',(0.95,7.062576827441,-4.684485462255));
#3949=CARTESIAN_POINT('',(0.95,6.35218,-2.586496));
#3950=CARTESIAN_POINT('Origin',(0.95,6.425,-6.434951288806));
#3951=CARTESIAN_POINT('',(0.95,6.425,-6.484951288806));
#3952=CARTESIAN_POINT('Origin',(0.95,6.39063595207,-6.434951288806));
#3953=CARTESIAN_POINT('',(0.95,6.425,-6.484951288806));
#3954=CARTESIAN_POINT('Origin',(0.95,7.069276241739,-4.667032891328));
#3955=CARTESIAN_POINT('',(0.95,7.115955263064,-4.684951288806));
#3956=CARTESIAN_POINT('Origin',(2.56E-15,6.35218,-2.586496));
#3957=CARTESIAN_POINT('',(3.66E-15,7.115955263064,-4.684951288806));
#3958=CARTESIAN_POINT('Origin',(4.31E-15,6.425,-6.484951288806));
#3959=CARTESIAN_POINT('',(4.31E-15,6.425,-6.484951288806));
#3960=CARTESIAN_POINT('Origin',(3.66E-15,7.115955263064,-4.684951288806));
#3961=CARTESIAN_POINT('',(0.,0.,0.));
#3962=CARTESIAN_POINT('Origin',(1.83E-15,6.05218,-1.086496));
#3963=CARTESIAN_POINT('',(0.05,6.05218,-1.086496));
#3964=CARTESIAN_POINT('',(0.95,6.05218,-1.086496));
#3965=CARTESIAN_POINT('',(1.83E-15,6.05218,-1.086496));
#3966=CARTESIAN_POINT('',(0.95,6.25218,-1.086496));
#3967=CARTESIAN_POINT('',(0.95,6.05218,-1.086496));
#3968=CARTESIAN_POINT('',(0.05,6.25218,-1.086496));
#3969=CARTESIAN_POINT('',(1.87E-15,6.25218,-1.086496));
#3970=CARTESIAN_POINT('',(0.05,6.05218,-1.086496));
#3971=CARTESIAN_POINT('Origin',(2.49E-15,6.05218,-2.586496));
#3972=CARTESIAN_POINT('',(0.05,6.05218,-2.586496));
#3973=CARTESIAN_POINT('',(0.95,6.05218,-2.586496));
#3974=CARTESIAN_POINT('',(2.49E-15,6.05218,-2.586496));
#3975=CARTESIAN_POINT('',(0.95,6.05218,-2.586496));
#3976=CARTESIAN_POINT('',(0.05,6.05218,-2.586496));
#3977=CARTESIAN_POINT('Origin',(0.05,6.05218,-1.136496));
#3978=CARTESIAN_POINT('',(2.E-15,6.10218,-1.136496));
#3979=CARTESIAN_POINT('Origin',(0.05,6.10218,-1.136496));
#3980=CARTESIAN_POINT('',(2.E-15,6.231469321881,-1.136496));
#3981=CARTESIAN_POINT('Origin',(0.05,6.231469321881,-1.136496));
#3982=CARTESIAN_POINT('',(1.6E-15,6.05218,-1.136496));
#3983=CARTESIAN_POINT('Origin',(0.95,6.05218,-1.136496));
#3984=CARTESIAN_POINT('',(1.,6.10218,-1.136496));
#3985=CARTESIAN_POINT('Origin',(0.95,6.10218,-1.136496));
#3986=CARTESIAN_POINT('',(1.,6.231469321881,-1.136496));
#3987=CARTESIAN_POINT('',(1.,6.05218,-1.136496));
#3988=CARTESIAN_POINT('Origin',(0.95,6.231469321881,-1.136496));
#3989=CARTESIAN_POINT('Origin',(1.87E-15,6.25218,-1.086496));
#3990=CARTESIAN_POINT('',(0.95,6.35218,-1.186496));
#3991=CARTESIAN_POINT('',(0.95,6.25218,-1.086496));
#3992=CARTESIAN_POINT('',(0.05,6.35218,-1.186496));
#3993=CARTESIAN_POINT('',(1.94E-15,6.35218,-1.186496));
#3994=CARTESIAN_POINT('',(0.05,6.25218,-1.086496));
#3995=CARTESIAN_POINT('Origin',(3.59E-15,6.815955263064,-4.684951288806));
#3996=CARTESIAN_POINT('',(0.05,6.815955263064,-4.684951288806));
#3997=CARTESIAN_POINT('',(0.95,6.815955263064,-4.684951288806));
#3998=CARTESIAN_POINT('',(3.59E-15,6.815955263064,-4.684951288806));
#3999=CARTESIAN_POINT('',(0.95,6.815955263064,-4.684951288806));
#4000=CARTESIAN_POINT('',(0.05,6.815955263064,-4.684951288806));
#4001=CARTESIAN_POINT('Origin',(0.05,6.10218,-2.586496));
#4002=CARTESIAN_POINT('',(3.E-15,6.10218,-2.577679650965));
#4003=CARTESIAN_POINT('Origin',(0.05,6.10218,-2.577679650965));
#4004=CARTESIAN_POINT('',(1.94E-15,6.10218,-2.586496));
#4005=CARTESIAN_POINT('Origin',(0.95,6.10218,-2.586496));
#4006=CARTESIAN_POINT('',(1.,6.10218,-2.577679650965));
#4007=CARTESIAN_POINT('Origin',(0.95,6.10218,-2.577679650965));
#4008=CARTESIAN_POINT('',(1.,6.10218,-2.586496));
#4009=CARTESIAN_POINT('Origin',(2.29E-15,6.482832340474,-3.83466306823));
#4010=CARTESIAN_POINT('',(2.E-15,6.30218,-1.207206678119));
#4011=CARTESIAN_POINT('',(1.63E-15,6.216824660941,-1.121851339059));
#4012=CARTESIAN_POINT('',(2.E-15,6.30218,-2.595312349035));
#4013=CARTESIAN_POINT('',(1.67E-15,6.30218,-1.186496));
#4014=CARTESIAN_POINT('',(2.E-15,7.062576827441,-4.684485462255));
#4015=CARTESIAN_POINT('',(1.98E-15,6.305195368961,-2.603597007166));
#4016=CARTESIAN_POINT('',(3.E-15,6.39063595207,-6.434951288806));
#4017=CARTESIAN_POINT('',(2.6E-15,7.069276241739,-4.667032891328));
#4018=CARTESIAN_POINT('',(3.E-15,6.197750451434,-6.434951288806));
#4019=CARTESIAN_POINT('',(2.85E-15,6.425,-6.434951288806));
#4020=CARTESIAN_POINT('',(3.E-15,6.869333698686,-4.685417115356));
#4021=CARTESIAN_POINT('',(2.81E-15,6.171679021325,-6.502869686283));
#4022=CARTESIAN_POINT('',(2.56E-15,6.862939894103,-4.667850281639));
#4023=CARTESIAN_POINT('Origin',(0.05,6.216824660941,-1.121851339059));
#4024=CARTESIAN_POINT('Origin',(0.05,6.30218,-1.207206678119));
#4025=CARTESIAN_POINT('Origin',(1.,6.482832340474,-3.83466306823));
#4026=CARTESIAN_POINT('',(1.,6.869333698686,-4.685417115356));
#4027=CARTESIAN_POINT('',(1.,6.862939894103,-4.667850281639));
#4028=CARTESIAN_POINT('',(1.,6.197750451434,-6.434951288806));
#4029=CARTESIAN_POINT('',(1.,6.171679021325,-6.502869686283));
#4030=CARTESIAN_POINT('',(1.,6.39063595207,-6.434951288806));
#4031=CARTESIAN_POINT('',(1.,6.425,-6.434951288806));
#4032=CARTESIAN_POINT('',(1.,7.062576827441,-4.684485462255));
#4033=CARTESIAN_POINT('',(1.,7.069276241739,-4.667032891328));
#4034=CARTESIAN_POINT('',(1.,6.30218,-2.595312349035));
#4035=CARTESIAN_POINT('',(1.,6.305195368961,-2.603597007166));
#4036=CARTESIAN_POINT('',(1.,6.30218,-1.207206678119));
#4037=CARTESIAN_POINT('',(1.,6.30218,-1.186496));
#4038=CARTESIAN_POINT('',(1.,6.216824660941,-1.121851339059));
#4039=CARTESIAN_POINT('Origin',(0.95,6.216824660941,-1.121851339059));
#4040=CARTESIAN_POINT('Origin',(0.95,6.30218,-1.207206678119));
#4041=CARTESIAN_POINT('Origin',(1.94E-15,6.35218,-1.186496));
#4042=CARTESIAN_POINT('',(0.95,6.35218,-2.586496));
#4043=CARTESIAN_POINT('',(0.95,6.35218,-1.186496));
#4044=CARTESIAN_POINT('',(0.05,6.35218,-2.586496));
#4045=CARTESIAN_POINT('',(2.56E-15,6.35218,-2.586496));
#4046=CARTESIAN_POINT('',(0.05,6.35218,-1.186496));
#4047=CARTESIAN_POINT('Origin',(4.24E-15,6.125,-6.484951288806));
#4048=CARTESIAN_POINT('',(0.05,6.125,-6.484951288806));
#4049=CARTESIAN_POINT('',(0.95,6.125,-6.484951288806));
#4050=CARTESIAN_POINT('',(4.24E-15,6.125,-6.484951288806));
#4051=CARTESIAN_POINT('',(0.95,6.125,-6.484951288806));
#4052=CARTESIAN_POINT('',(0.05,6.125,-6.484951288806));
#4053=CARTESIAN_POINT('Origin',(0.05,6.862939894103,-4.667850281639));
#4054=CARTESIAN_POINT('Origin',(0.05,6.869333698686,-4.685417115356));
#4055=CARTESIAN_POINT('Origin',(0.95,6.862939894103,-4.667850281639));
#4056=CARTESIAN_POINT('Origin',(0.95,6.869333698686,-4.685417115356));
#4057=CARTESIAN_POINT('Origin',(0.05,6.30218,-1.186496));
#4058=CARTESIAN_POINT('Origin',(0.05,6.30218,-2.595312349035));
#4059=CARTESIAN_POINT('Origin',(0.05,6.171679021325,-6.502869686283));
#4060=CARTESIAN_POINT('Origin',(0.05,6.197750451434,-6.434951288806));
#4061=CARTESIAN_POINT('Origin',(0.05,6.305195368961,-2.603597007166));
#4062=CARTESIAN_POINT('',(0.05,7.115955263064,-4.684951288806));
#4063=CARTESIAN_POINT('',(0.05,6.35218,-2.586496));
#4064=CARTESIAN_POINT('Origin',(0.05,7.062576827441,-4.684485462255));
#4065=CARTESIAN_POINT('Origin',(0.05,6.425,-6.434951288806));
#4066=CARTESIAN_POINT('',(0.05,6.425,-6.484951288806));
#4067=CARTESIAN_POINT('Origin',(0.05,6.39063595207,-6.434951288806));
#4068=CARTESIAN_POINT('',(0.05,6.425,-6.484951288806));
#4069=CARTESIAN_POINT('Origin',(0.05,7.069276241739,-4.667032891328));
#4070=CARTESIAN_POINT('',(0.05,7.115955263064,-4.684951288806));
#4071=CARTESIAN_POINT('Origin',(0.95,6.30218,-1.186496));
#4072=CARTESIAN_POINT('Origin',(0.95,6.30218,-2.595312349035));
#4073=CARTESIAN_POINT('Origin',(0.95,6.171679021325,-6.502869686283));
#4074=CARTESIAN_POINT('Origin',(0.95,6.197750451434,-6.434951288806));
#4075=CARTESIAN_POINT('Origin',(0.95,6.305195368961,-2.603597007166));
#4076=CARTESIAN_POINT('',(0.95,7.115955263064,-4.684951288806));
#4077=CARTESIAN_POINT('Origin',(0.95,7.062576827441,-4.684485462255));
#4078=CARTESIAN_POINT('',(0.95,6.35218,-2.586496));
#4079=CARTESIAN_POINT('Origin',(0.95,6.425,-6.434951288806));
#4080=CARTESIAN_POINT('',(0.95,6.425,-6.484951288806));
#4081=CARTESIAN_POINT('Origin',(0.95,6.39063595207,-6.434951288806));
#4082=CARTESIAN_POINT('',(0.95,6.425,-6.484951288806));
#4083=CARTESIAN_POINT('Origin',(0.95,7.069276241739,-4.667032891328));
#4084=CARTESIAN_POINT('',(0.95,7.115955263064,-4.684951288806));
#4085=CARTESIAN_POINT('Origin',(2.56E-15,6.35218,-2.586496));
#4086=CARTESIAN_POINT('',(3.66E-15,7.115955263064,-4.684951288806));
#4087=CARTESIAN_POINT('Origin',(4.31E-15,6.425,-6.484951288806));
#4088=CARTESIAN_POINT('',(4.31E-15,6.425,-6.484951288806));
#4089=CARTESIAN_POINT('Origin',(3.66E-15,7.115955263064,-4.684951288806));
#4090=CARTESIAN_POINT('',(0.,0.,0.));
#4091=CARTESIAN_POINT('Origin',(-5.5,5.85,0.95));
#4092=CARTESIAN_POINT('',(-5.5,6.,0.95));
#4093=CARTESIAN_POINT('',(-5.5,5.85,1.1));
#4094=CARTESIAN_POINT('Origin',(-5.5,5.85,0.95));
#4095=CARTESIAN_POINT('',(5.5,5.85,1.1));
#4096=CARTESIAN_POINT('',(-5.5,5.85,1.1));
#4097=CARTESIAN_POINT('',(5.5,6.,0.95));
#4098=CARTESIAN_POINT('Origin',(5.5,5.85,0.95));
#4099=CARTESIAN_POINT('',(-5.5,6.,0.95));
#4100=CARTESIAN_POINT('Origin',(-5.5,5.5,0.95));
#4101=CARTESIAN_POINT('',(-6.,5.5,0.95));
#4102=CARTESIAN_POINT('',(-5.85,5.5,1.1));
#4103=CARTESIAN_POINT('Origin',(-5.85,5.5,0.95));
#4104=CARTESIAN_POINT('Origin',(-5.5,5.5,1.1));
#4105=CARTESIAN_POINT('Origin',(-5.5,5.5,0.95));
#4106=CARTESIAN_POINT('Origin',(5.5,5.5,0.95));
#4107=CARTESIAN_POINT('',(5.85,5.5,1.1));
#4108=CARTESIAN_POINT('Origin',(5.5,5.5,1.1));
#4109=CARTESIAN_POINT('',(6.,5.5,0.95));
#4110=CARTESIAN_POINT('Origin',(5.85,5.5,0.95));
#4111=CARTESIAN_POINT('Origin',(5.5,5.5,0.95));
#4112=CARTESIAN_POINT('Origin',(0.,0.,1.1));
#4113=CARTESIAN_POINT('',(-5.85,-5.5,1.1));
#4114=CARTESIAN_POINT('',(-5.85,-5.5,1.1));
#4115=CARTESIAN_POINT('',(-5.5,-5.85,1.1));
#4116=CARTESIAN_POINT('Origin',(-5.5,-5.5,1.1));
#4117=CARTESIAN_POINT('',(5.5,-5.85,1.1));
#4118=CARTESIAN_POINT('',(5.5,-5.85,1.1));
#4119=CARTESIAN_POINT('',(5.85,-5.5,1.1));
#4120=CARTESIAN_POINT('Origin',(5.5,-5.5,1.1));
#4121=CARTESIAN_POINT('',(5.85,5.5,1.1));
#4122=CARTESIAN_POINT('',(-5.375,5.375,1.1));
#4123=CARTESIAN_POINT('',(5.375,5.375,1.1));
#4124=CARTESIAN_POINT('',(-5.375,5.375,1.1));
#4125=CARTESIAN_POINT('',(5.375,-5.375,1.1));
#4126=CARTESIAN_POINT('',(5.375,5.375,1.1));
#4127=CARTESIAN_POINT('',(-5.375,-5.375,1.1));
#4128=CARTESIAN_POINT('',(5.375,-5.375,1.1));
#4129=CARTESIAN_POINT('',(-5.375,-5.375,1.1));
#4130=CARTESIAN_POINT('Origin',(-5.85,-5.5,0.95));
#4131=CARTESIAN_POINT('',(-6.,-5.5,0.95));
#4132=CARTESIAN_POINT('Origin',(-5.85,-5.5,0.95));
#4133=CARTESIAN_POINT('',(-6.,-5.5,0.95));
#4134=CARTESIAN_POINT('Origin',(5.85,5.5,0.95));
#4135=CARTESIAN_POINT('',(6.,-5.5,0.95));
#4136=CARTESIAN_POINT('Origin',(5.85,-5.5,0.95));
#4137=CARTESIAN_POINT('',(6.,5.5,0.95));
#4138=CARTESIAN_POINT('Origin',(-5.5,-5.5,0.95));
#4139=CARTESIAN_POINT('',(-5.5,-6.,0.95));
#4140=CARTESIAN_POINT('Origin',(-5.5,-5.85,0.95));
#4141=CARTESIAN_POINT('Origin',(-5.5,-5.5,0.95));
#4142=CARTESIAN_POINT('Origin',(5.5,-5.5,0.95));
#4143=CARTESIAN_POINT('',(5.5,-6.,0.95));
#4144=CARTESIAN_POINT('Origin',(5.5,-5.85,0.95));
#4145=CARTESIAN_POINT('Origin',(5.5,-5.5,0.95));
#4146=CARTESIAN_POINT('Origin',(5.5,-5.85,0.95));
#4147=CARTESIAN_POINT('',(5.5,-6.,0.95));
#4148=CARTESIAN_POINT('Origin',(-5.375,5.375,1.1));
#4149=CARTESIAN_POINT('',(-5.375,5.375,0.95));
#4150=CARTESIAN_POINT('',(-5.375,5.375,1.1));
#4151=CARTESIAN_POINT('',(5.375,5.375,0.95));
#4152=CARTESIAN_POINT('',(-5.375,5.375,0.95));
#4153=CARTESIAN_POINT('',(5.375,5.375,1.1));
#4154=CARTESIAN_POINT('Origin',(5.375,5.375,1.1));
#4155=CARTESIAN_POINT('',(5.375,-5.375,0.95));
#4156=CARTESIAN_POINT('',(5.375,5.375,0.95));
#4157=CARTESIAN_POINT('',(5.375,-5.375,1.1));
#4158=CARTESIAN_POINT('Origin',(5.375,-5.375,1.1));
#4159=CARTESIAN_POINT('',(-5.375,-5.375,0.95));
#4160=CARTESIAN_POINT('',(5.375,-5.375,0.95));
#4161=CARTESIAN_POINT('',(-5.375,-5.375,1.1));
#4162=CARTESIAN_POINT('Origin',(-5.375,-5.375,1.1));
#4163=CARTESIAN_POINT('',(-5.375,-5.375,0.95));
#4164=CARTESIAN_POINT('Origin',(0.,0.,0.95));
#4165=CARTESIAN_POINT('',(-5.25,-5.25,0.95));
#4166=CARTESIAN_POINT('',(-5.25,5.25,0.95));
#4167=CARTESIAN_POINT('',(-5.25,-5.25,0.95));
#4168=CARTESIAN_POINT('',(5.25,5.25,0.95));
#4169=CARTESIAN_POINT('',(-5.25,5.25,0.95));
#4170=CARTESIAN_POINT('',(5.25,-5.25,0.95));
#4171=CARTESIAN_POINT('',(5.25,5.25,0.95));
#4172=CARTESIAN_POINT('',(5.25,-5.25,0.95));
#4173=CARTESIAN_POINT('Origin',(-5.25,-5.25,1.1));
#4174=CARTESIAN_POINT('',(-5.25,-5.25,1.1));
#4175=CARTESIAN_POINT('',(-5.25,-5.25,1.1));
#4176=CARTESIAN_POINT('',(-5.25,5.25,1.1));
#4177=CARTESIAN_POINT('',(-5.25,-5.25,1.1));
#4178=CARTESIAN_POINT('',(-5.25,5.25,1.1));
#4179=CARTESIAN_POINT('Origin',(5.25,-5.25,1.1));
#4180=CARTESIAN_POINT('',(5.25,-5.25,1.1));
#4181=CARTESIAN_POINT('',(5.25,-5.25,1.1));
#4182=CARTESIAN_POINT('',(5.25,-5.25,1.1));
#4183=CARTESIAN_POINT('Origin',(5.25,5.25,1.1));
#4184=CARTESIAN_POINT('',(5.25,5.25,1.1));
#4185=CARTESIAN_POINT('',(5.25,5.25,1.1));
#4186=CARTESIAN_POINT('',(5.25,5.25,1.1));
#4187=CARTESIAN_POINT('Origin',(-5.25,5.25,1.1));
#4188=CARTESIAN_POINT('',(-5.25,5.25,1.1));
#4189=CARTESIAN_POINT('Origin',(0.,0.,1.1));
#4190=CARTESIAN_POINT('',(3.394249,-4.039814,1.1));
#4191=CARTESIAN_POINT('Origin',(4.019249,-4.039814,1.1));
#4192=CARTESIAN_POINT('',(-4.644249,-4.039814,1.1));
#4193=CARTESIAN_POINT('Origin',(-4.019249,-4.039814,1.1));
#4194=CARTESIAN_POINT('',(3.394249,4.039814,1.1));
#4195=CARTESIAN_POINT('Origin',(4.019249,4.039814,1.1));
#4196=CARTESIAN_POINT('',(-3.5,-4.28626379701574E-16,1.1));
#4197=CARTESIAN_POINT('Origin',(0.,0.,1.1));
#4198=CARTESIAN_POINT('',(-4.644249,4.039814,1.1));
#4199=CARTESIAN_POINT('Origin',(-4.019249,4.039814,1.1));
#4200=CARTESIAN_POINT('Origin',(4.019249,-4.039814,1.1));
#4201=CARTESIAN_POINT('',(3.394249,-4.039814,1.05));
#4202=CARTESIAN_POINT('Origin',(4.019249,-4.039814,1.05));
#4203=CARTESIAN_POINT('',(3.394249,-4.039814,1.1));
#4204=CARTESIAN_POINT('Origin',(-4.019249,-4.039814,1.1));
#4205=CARTESIAN_POINT('',(-4.644249,-4.039814,1.05));
#4206=CARTESIAN_POINT('Origin',(-4.019249,-4.039814,1.05));
#4207=CARTESIAN_POINT('',(-4.644249,-4.039814,1.1));
#4208=CARTESIAN_POINT('Origin',(4.019249,4.039814,1.1));
#4209=CARTESIAN_POINT('',(3.394249,4.039814,1.05));
#4210=CARTESIAN_POINT('Origin',(4.019249,4.039814,1.05));
#4211=CARTESIAN_POINT('',(3.394249,4.039814,1.1));
#4212=CARTESIAN_POINT('Origin',(0.,0.,1.1));
#4213=CARTESIAN_POINT('',(-3.5,-4.28626379701574E-16,0.85));
#4214=CARTESIAN_POINT('Origin',(0.,0.,0.85));
#4215=CARTESIAN_POINT('',(-3.5,-4.28626379701574E-16,1.1));
#4216=CARTESIAN_POINT('Origin',(-4.019249,4.039814,1.1));
#4217=CARTESIAN_POINT('',(-4.644249,4.039814,1.05));
#4218=CARTESIAN_POINT('Origin',(-4.019249,4.039814,1.05));
#4219=CARTESIAN_POINT('',(-4.644249,4.039814,1.1));
#4220=CARTESIAN_POINT('Origin',(4.019249,-4.039814,1.05));
#4221=CARTESIAN_POINT('',(3.444249,-4.039814,1.05));
#4222=CARTESIAN_POINT('Origin',(4.019249,-4.039814,1.05));
#4223=CARTESIAN_POINT('Origin',(-4.019249,-4.039814,1.05));
#4224=CARTESIAN_POINT('',(-4.594249,-4.039814,1.05));
#4225=CARTESIAN_POINT('Origin',(-4.019249,-4.039814,1.05));
#4226=CARTESIAN_POINT('Origin',(4.019249,4.039814,1.05));
#4227=CARTESIAN_POINT('',(3.444249,4.039814,1.05));
#4228=CARTESIAN_POINT('Origin',(4.019249,4.039814,1.05));
#4229=CARTESIAN_POINT('Origin',(-1.E-16,2.5E-16,0.85));
#4230=CARTESIAN_POINT('',(-3.4,4.163799117101E-16,0.85));
#4231=CARTESIAN_POINT('Origin',(0.,0.,0.85));
#4232=CARTESIAN_POINT('Origin',(-4.019249,4.039814,1.05));
#4233=CARTESIAN_POINT('',(-4.594249,4.039814,1.05));
#4234=CARTESIAN_POINT('Origin',(-4.019249,4.039814,1.05));
#4235=CARTESIAN_POINT('Origin',(4.019249,-4.039814,1.1));
#4236=CARTESIAN_POINT('',(3.444249,-4.039814,1.1));
#4237=CARTESIAN_POINT('Origin',(4.019249,-4.039814,1.1));
#4238=CARTESIAN_POINT('',(3.444249,-4.039814,1.1));
#4239=CARTESIAN_POINT('Origin',(-4.019249,-4.039814,1.1));
#4240=CARTESIAN_POINT('',(-4.594249,-4.039814,1.1));
#4241=CARTESIAN_POINT('Origin',(-4.019249,-4.039814,1.1));
#4242=CARTESIAN_POINT('',(-4.594249,-4.039814,1.1));
#4243=CARTESIAN_POINT('Origin',(4.019249,4.039814,1.1));
#4244=CARTESIAN_POINT('',(3.444249,4.039814,1.1));
#4245=CARTESIAN_POINT('Origin',(4.019249,4.039814,1.1));
#4246=CARTESIAN_POINT('',(3.444249,4.039814,1.1));
#4247=CARTESIAN_POINT('Origin',(0.,0.,1.1));
#4248=CARTESIAN_POINT('',(-3.4,4.163799117101E-16,1.15));
#4249=CARTESIAN_POINT('',(-3.4,4.163799117101E-16,1.1));
#4250=CARTESIAN_POINT('Origin',(0.,0.,1.15));
#4251=CARTESIAN_POINT('Origin',(-4.019249,4.039814,1.1));
#4252=CARTESIAN_POINT('',(-4.594249,4.039814,1.1));
#4253=CARTESIAN_POINT('Origin',(-4.019249,4.039814,1.1));
#4254=CARTESIAN_POINT('',(-4.594249,4.039814,1.1));
#4255=CARTESIAN_POINT('Origin',(4.019249,-4.039814,1.1));
#4256=CARTESIAN_POINT('',(3.544249,-4.039814,1.2));
#4257=CARTESIAN_POINT('Origin',(3.544249,-4.039814,1.1));
#4258=CARTESIAN_POINT('Origin',(4.019249,-4.039814,1.2));
#4259=CARTESIAN_POINT('Origin',(-4.019249,-4.039814,1.1));
#4260=CARTESIAN_POINT('',(-4.494249,-4.039814,1.2));
#4261=CARTESIAN_POINT('Origin',(-4.494249,-4.039814,1.1));
#4262=CARTESIAN_POINT('Origin',(-4.019249,-4.039814,1.2));
#4263=CARTESIAN_POINT('Origin',(4.019249,4.039814,1.1));
#4264=CARTESIAN_POINT('',(3.544249,4.039814,1.2));
#4265=CARTESIAN_POINT('Origin',(3.544249,4.039814,1.1));
#4266=CARTESIAN_POINT('Origin',(4.019249,4.039814,1.2));
#4267=CARTESIAN_POINT('Origin',(0.,0.,1.15));
#4268=CARTESIAN_POINT('',(-3.3,-4.04133443718627E-16,1.25));
#4269=CARTESIAN_POINT('Origin',(0.,0.,1.25));
#4270=CARTESIAN_POINT('Origin',(-3.3,-4.04133443718627E-16,1.15));
#4271=CARTESIAN_POINT('Origin',(-4.019249,4.039814,1.1));
#4272=CARTESIAN_POINT('',(-4.494249,4.039814,1.2));
#4273=CARTESIAN_POINT('Origin',(-4.494249,4.039814,1.1));
#4274=CARTESIAN_POINT('Origin',(-4.019249,4.039814,1.2));
#4275=CARTESIAN_POINT('Origin',(0.,0.,1.2));
#4276=CARTESIAN_POINT('Origin',(0.,0.,1.2));
#4277=CARTESIAN_POINT('Origin',(0.,0.,1.2));
#4278=CARTESIAN_POINT('Origin',(0.,0.,1.25));
#4279=CARTESIAN_POINT('Origin',(0.,0.,1.2));
#4280=CARTESIAN_POINT('Origin',(0.,6.,-0.93083831078));
#4281=CARTESIAN_POINT('',(5.5,6.,-2.349422577822));
#4282=CARTESIAN_POINT('',(5.5,6.,-3.2));
#4283=CARTESIAN_POINT('',(4.763707026081,6.,-2.349422577822));
#4284=CARTESIAN_POINT('',(5.5,6.,-2.349422577822));
#4285=CARTESIAN_POINT('',(4.582445468673,6.,-2.464898925474));
#4286=CARTESIAN_POINT('Origin',(4.763707026081,6.,-2.549422577822));
#4287=CARTESIAN_POINT('',(4.286292973919,6.,-3.1));
#4288=CARTESIAN_POINT('',(4.259369221296,6.,-3.157738173826));
#4289=CARTESIAN_POINT('',(2.413707026081,6.,-3.1));
#4290=CARTESIAN_POINT('',(2.35,6.,-3.1));
#4291=CARTESIAN_POINT('',(2.117554531327,6.,-2.464898925474));
#4292=CARTESIAN_POINT('',(2.090630778704,6.,-2.407160751648));
#4293=CARTESIAN_POINT('',(1.936292973919,6.,-2.349422577822));
#4294=CARTESIAN_POINT('Origin',(1.936292973919,6.,-2.549422577822));
#4295=CARTESIAN_POINT('',(-1.936292973919,6.,-2.349422577822));
#4296=CARTESIAN_POINT('',(-2.,6.,-2.349422577822));
#4297=CARTESIAN_POINT('',(-2.117554531327,6.,-2.464898925474));
#4298=CARTESIAN_POINT('Origin',(-1.936292973919,6.,-2.549422577822));
#4299=CARTESIAN_POINT('',(-2.413707026081,6.,-3.1));
#4300=CARTESIAN_POINT('',(-2.440630778704,6.,-3.157738173826));
#4301=CARTESIAN_POINT('',(-4.286292973919,6.,-3.1));
#4302=CARTESIAN_POINT('',(-4.35,6.,-3.1));
#4303=CARTESIAN_POINT('',(-4.582445468673,6.,-2.464898925474));
#4304=CARTESIAN_POINT('',(-4.259369221296,6.,-3.157738173826));
#4305=CARTESIAN_POINT('',(-4.763707026081,6.,-2.349422577822));
#4306=CARTESIAN_POINT('Origin',(-4.763707026081,6.,-2.549422577822));
#4307=CARTESIAN_POINT('',(-5.5,6.,-2.349422577822));
#4308=CARTESIAN_POINT('',(-4.7,6.,-2.349422577822));
#4309=CARTESIAN_POINT('',(-5.5,6.,0.));
#4310=CARTESIAN_POINT('Origin',(2.35,5.9,-3.1));
#4311=CARTESIAN_POINT('',(2.413707026081,5.9,-3.2));
#4312=CARTESIAN_POINT('Origin',(2.413707026081,5.9,-3.1));
#4313=CARTESIAN_POINT('',(4.286292973919,5.9,-3.2));
#4314=CARTESIAN_POINT('Origin',(4.286292973919,5.9,-3.1));
#4315=CARTESIAN_POINT('',(2.35,5.9,-3.2));
#4316=CARTESIAN_POINT('Origin',(2.413707026081,5.9,-3.1));
#4317=CARTESIAN_POINT('',(2.323076247377,5.9,-3.142261826174));
#4318=CARTESIAN_POINT('Origin',(2.413707026081,5.9,-3.1));
#4319=CARTESIAN_POINT('Origin',(2.413707026081,5.9,-3.1));
#4320=CARTESIAN_POINT('Origin',(-4.7,5.9,-2.349422577822));
#4321=CARTESIAN_POINT('',(-4.763707026081,5.9,-2.449422577822));
#4322=CARTESIAN_POINT('Origin',(-4.763707026081,5.9,-2.349422577822));
#4323=CARTESIAN_POINT('',(-5.5,5.9,-2.449422577822));
#4324=CARTESIAN_POINT('',(-4.7,5.9,-2.449422577822));
#4325=CARTESIAN_POINT('Origin',(-5.5,5.9,-2.349422577822));
#4326=CARTESIAN_POINT('Origin',(-4.763707026081,5.9,-2.549422577822));
#4327=CARTESIAN_POINT('',(-4.673076247377,5.9,-2.507160751648));
#4328=CARTESIAN_POINT('Origin',(-4.582445468673,5.9,-2.464898925474));
#4329=CARTESIAN_POINT('Origin',(-4.763707026081,5.9,-2.549422577822));
#4330=CARTESIAN_POINT('Origin',(-4.259369221296,5.9,-3.157738173826));
#4331=CARTESIAN_POINT('',(-4.376923752623,5.9,-3.142261826174));
#4332=CARTESIAN_POINT('Origin',(-4.286292973919,5.9,-3.1));
#4333=CARTESIAN_POINT('',(-4.35,5.9,-3.2));
#4334=CARTESIAN_POINT('Origin',(-5.5,5.5,-2.349422577822));
#4335=CARTESIAN_POINT('',(-5.9,5.5,-2.449422577822));
#4336=CARTESIAN_POINT('Origin',(-5.5,5.5,-2.449422577822));
#4337=CARTESIAN_POINT('',(-6.,5.5,-2.349422577822));
#4338=CARTESIAN_POINT('Origin',(-5.9,5.5,-2.349422577822));
#4339=CARTESIAN_POINT('Origin',(-5.5,5.5,-2.349422577822));
#4340=CARTESIAN_POINT('Origin',(-6.,-10.5,-2.449422577822));
#4341=CARTESIAN_POINT('',(-4.763707026081,-5.9,-2.449422577822));
#4342=CARTESIAN_POINT('',(-4.763707026081,-6.,-2.449422577822));
#4343=CARTESIAN_POINT('',(-5.5,-5.9,-2.449422577822));
#4344=CARTESIAN_POINT('',(-5.5,-5.9,-2.449422577822));
#4345=CARTESIAN_POINT('',(-5.9,-5.5,-2.449422577822));
#4346=CARTESIAN_POINT('Origin',(-5.5,-5.5,-2.449422577822));
#4347=CARTESIAN_POINT('',(-5.9,5.5,-2.449422577822));
#4348=CARTESIAN_POINT('Origin',(-4.763707026081,-6.,-2.549422577822));
#4349=CARTESIAN_POINT('',(-4.673076247377,-5.9,-2.507160751648));
#4350=CARTESIAN_POINT('',(-4.673076247377,-6.,-2.507160751648));
#4351=CARTESIAN_POINT('Origin',(-4.763707026081,-5.9,-2.549422577822));
#4352=CARTESIAN_POINT('Origin',(-4.286292973919,5.9,-3.1));
#4353=CARTESIAN_POINT('',(-4.286292973919,5.9,-3.2));
#4354=CARTESIAN_POINT('Origin',(-4.286292973919,5.9,-3.1));
#4355=CARTESIAN_POINT('Origin',(-4.286292973919,5.9,-3.1));
#4356=CARTESIAN_POINT('Origin',(-4.35,5.9,-3.1));
#4357=CARTESIAN_POINT('',(-2.413707026081,5.9,-3.2));
#4358=CARTESIAN_POINT('Origin',(-2.413707026081,5.9,-3.1));
#4359=CARTESIAN_POINT('',(-4.35,5.9,-3.2));
#4360=CARTESIAN_POINT('Origin',(-4.7,-10.5,-2.449422577822));
#4361=CARTESIAN_POINT('',(-4.376923752623,-5.9,-3.142261826174));
#4362=CARTESIAN_POINT('',(-4.376923752623,-6.,-3.142261826174));
#4363=CARTESIAN_POINT('',(-4.7,-5.9,-2.449422577822));
#4364=CARTESIAN_POINT('Origin',(0.,0.,-3.2));
#4365=CARTESIAN_POINT('',(-4.286292973919,-5.9,-3.2));
#4366=CARTESIAN_POINT('',(-4.286292973919,-6.,-3.2));
#4367=CARTESIAN_POINT('',(-2.413707026081,-5.9,-3.2));
#4368=CARTESIAN_POINT('',(-2.413707026081,-6.,-3.2));
#4369=CARTESIAN_POINT('',(-2.35,-5.9,-3.2));
#4370=CARTESIAN_POINT('Origin',(-2.413707026081,5.9,-3.1));
#4371=CARTESIAN_POINT('',(-2.323076247377,5.9,-3.142261826174));
#4372=CARTESIAN_POINT('Origin',(-2.413707026081,5.9,-3.1));
#4373=CARTESIAN_POINT('Origin',(-2.413707026081,5.9,-3.1));
#4374=CARTESIAN_POINT('Origin',(-2.440630778704,5.9,-3.157738173826));
#4375=CARTESIAN_POINT('',(-2.026923752623,5.9,-2.507160751648));
#4376=CARTESIAN_POINT('Origin',(-2.117554531327,5.9,-2.464898925474));
#4377=CARTESIAN_POINT('',(-2.35,5.9,-3.2));
#4378=CARTESIAN_POINT('Origin',(-1.936292973919,5.9,-2.549422577822));
#4379=CARTESIAN_POINT('',(-1.936292973919,5.9,-2.449422577822));
#4380=CARTESIAN_POINT('Origin',(-1.936292973919,5.9,-2.349422577822));
#4381=CARTESIAN_POINT('Origin',(-1.936292973919,5.9,-2.549422577822));
#4382=CARTESIAN_POINT('Origin',(-2.,5.9,-2.349422577822));
#4383=CARTESIAN_POINT('',(1.936292973919,5.9,-2.449422577822));
#4384=CARTESIAN_POINT('Origin',(1.936292973919,5.9,-2.349422577822));
#4385=CARTESIAN_POINT('',(-2.,5.9,-2.449422577822));
#4386=CARTESIAN_POINT('Origin',(1.936292973919,5.9,-2.549422577822));
#4387=CARTESIAN_POINT('',(2.026923752623,5.9,-2.507160751648));
#4388=CARTESIAN_POINT('Origin',(2.117554531327,5.9,-2.464898925474));
#4389=CARTESIAN_POINT('Origin',(1.936292973919,5.9,-2.549422577822));
#4390=CARTESIAN_POINT('Origin',(2.090630778704,5.9,-2.407160751648));
#4391=CARTESIAN_POINT('',(2.,5.9,-2.449422577822));
#4392=CARTESIAN_POINT('Origin',(-2.,-10.5,-2.449422577822));
#4393=CARTESIAN_POINT('',(-2.323076247377,-5.9,-3.142261826174));
#4394=CARTESIAN_POINT('',(-2.323076247377,-6.,-3.142261826174));
#4395=CARTESIAN_POINT('',(-2.026923752623,-5.9,-2.507160751648));
#4396=CARTESIAN_POINT('',(-2.026923752623,-6.,-2.507160751648));
#4397=CARTESIAN_POINT('',(-2.,-5.9,-2.449422577822));
#4398=CARTESIAN_POINT('Origin',(-1.936292973919,-6.,-2.549422577822));
#4399=CARTESIAN_POINT('',(-1.936292973919,-5.9,-2.449422577822));
#4400=CARTESIAN_POINT('',(-1.936292973919,-6.,-2.449422577822));
#4401=CARTESIAN_POINT('Origin',(-1.936292973919,-5.9,-2.549422577822));
#4402=CARTESIAN_POINT('Origin',(2.,-10.5,-2.449422577822));
#4403=CARTESIAN_POINT('',(1.936292973919,-5.9,-2.449422577822));
#4404=CARTESIAN_POINT('',(2.,-5.9,-2.449422577822));
#4405=CARTESIAN_POINT('',(1.936292973919,-6.,-2.449422577822));
#4406=CARTESIAN_POINT('Origin',(1.936292973919,-6.,-2.549422577822));
#4407=CARTESIAN_POINT('',(2.026923752623,-5.9,-2.507160751648));
#4408=CARTESIAN_POINT('',(2.026923752623,-6.,-2.507160751648));
#4409=CARTESIAN_POINT('Origin',(1.936292973919,-5.9,-2.549422577822));
#4410=CARTESIAN_POINT('Origin',(2.35,-10.5,-3.2));
#4411=CARTESIAN_POINT('',(2.323076247377,-5.9,-3.142261826174));
#4412=CARTESIAN_POINT('',(2.323076247377,-6.,-3.142261826174));
#4413=CARTESIAN_POINT('',(2.35,-5.9,-3.2));
#4414=CARTESIAN_POINT('Origin',(0.,0.,-3.2));
#4415=CARTESIAN_POINT('',(4.286292973919,-5.9,-3.2));
#4416=CARTESIAN_POINT('',(4.286292973919,-6.,-3.2));
#4417=CARTESIAN_POINT('',(2.413707026081,-5.9,-3.2));
#4418=CARTESIAN_POINT('',(4.35,-5.9,-3.2));
#4419=CARTESIAN_POINT('',(2.413707026081,-6.,-3.2));
#4420=CARTESIAN_POINT('Origin',(4.286292973919,5.9,-3.1));
#4421=CARTESIAN_POINT('',(4.376923752623,5.9,-3.142261826174));
#4422=CARTESIAN_POINT('Origin',(4.286292973919,5.9,-3.1));
#4423=CARTESIAN_POINT('Origin',(4.286292973919,5.9,-3.1));
#4424=CARTESIAN_POINT('Origin',(4.259369221296,5.9,-3.157738173826));
#4425=CARTESIAN_POINT('',(4.673076247377,5.9,-2.507160751648));
#4426=CARTESIAN_POINT('Origin',(4.582445468673,5.9,-2.464898925474));
#4427=CARTESIAN_POINT('',(4.35,5.9,-3.2));
#4428=CARTESIAN_POINT('Origin',(4.763707026081,5.9,-2.549422577822));
#4429=CARTESIAN_POINT('',(4.763707026081,5.9,-2.449422577822));
#4430=CARTESIAN_POINT('Origin',(4.763707026081,5.9,-2.349422577822));
#4431=CARTESIAN_POINT('Origin',(4.763707026081,5.9,-2.549422577822));
#4432=CARTESIAN_POINT('Origin',(5.5,5.9,-2.349422577822));
#4433=CARTESIAN_POINT('',(5.5,5.9,-2.449422577822));
#4434=CARTESIAN_POINT('Origin',(5.5,5.9,-2.349422577822));
#4435=CARTESIAN_POINT('',(5.5,5.9,-2.449422577822));
#4436=CARTESIAN_POINT('Origin',(4.7,-10.5,-2.449422577822));
#4437=CARTESIAN_POINT('',(4.376923752623,-5.9,-3.142261826174));
#4438=CARTESIAN_POINT('',(4.376923752623,-6.,-3.142261826174));
#4439=CARTESIAN_POINT('',(4.673076247377,-5.9,-2.507160751648));
#4440=CARTESIAN_POINT('',(4.673076247377,-6.,-2.507160751648));
#4441=CARTESIAN_POINT('',(4.7,-5.9,-2.449422577822));
#4442=CARTESIAN_POINT('Origin',(4.763707026081,-6.,-2.549422577822));
#4443=CARTESIAN_POINT('',(4.763707026081,-5.9,-2.449422577822));
#4444=CARTESIAN_POINT('',(4.763707026081,-6.,-2.449422577822));
#4445=CARTESIAN_POINT('Origin',(4.763707026081,-5.9,-2.549422577822));
#4446=CARTESIAN_POINT('Origin',(5.5,5.5,-2.349422577822));
#4447=CARTESIAN_POINT('',(6.,5.5,-2.349422577822));
#4448=CARTESIAN_POINT('',(5.9,5.5,-2.449422577822));
#4449=CARTESIAN_POINT('Origin',(5.9,5.5,-2.349422577822));
#4450=CARTESIAN_POINT('Origin',(5.5,5.5,-2.449422577822));
#4451=CARTESIAN_POINT('Origin',(5.5,5.5,-2.349422577822));
#4452=CARTESIAN_POINT('Origin',(6.,-10.5,-2.449422577822));
#4453=CARTESIAN_POINT('',(5.9,-5.5,-2.449422577822));
#4454=CARTESIAN_POINT('',(5.9,-5.5,-2.449422577822));
#4455=CARTESIAN_POINT('',(5.5,-5.9,-2.449422577822));
#4456=CARTESIAN_POINT('Origin',(5.5,-5.5,-2.449422577822));
#4457=CARTESIAN_POINT('',(4.7,-5.9,-2.449422577822));
#4458=CARTESIAN_POINT('Origin',(-5.9,5.5,-2.349422577822));
#4459=CARTESIAN_POINT('',(-6.,-5.5,-2.349422577822));
#4460=CARTESIAN_POINT('Origin',(-5.9,-5.5,-2.349422577822));
#4461=CARTESIAN_POINT('',(-6.,5.5,-2.349422577822));
#4462=CARTESIAN_POINT('Origin',(-5.5,-5.9,-2.349422577822));
#4463=CARTESIAN_POINT('',(-5.5,-6.,-2.349422577822));
#4464=CARTESIAN_POINT('Origin',(-5.5,-5.9,-2.349422577822));
#4465=CARTESIAN_POINT('',(-4.763707026081,-6.,-2.349422577822));
#4466=CARTESIAN_POINT('Origin',(-4.763707026081,-5.9,-2.349422577822));
#4467=CARTESIAN_POINT('',(-5.5,-6.,-2.349422577822));
#4468=CARTESIAN_POINT('Origin',(-5.5,-5.5,-2.349422577822));
#4469=CARTESIAN_POINT('Origin',(-5.5,-5.5,-2.349422577822));
#4470=CARTESIAN_POINT('Origin',(-4.763707026081,-5.9,-2.549422577822));
#4471=CARTESIAN_POINT('',(-4.582445468673,-6.,-2.464898925474));
#4472=CARTESIAN_POINT('Origin',(-4.582445468673,-5.9,-2.464898925474));
#4473=CARTESIAN_POINT('Origin',(-4.763707026081,-6.,-2.549422577822));
#4474=CARTESIAN_POINT('Origin',(-4.286292973919,-6.,-3.1));
#4475=CARTESIAN_POINT('Origin',(-4.286292973919,-5.9,-3.1));
#4476=CARTESIAN_POINT('Origin',(-4.609369221296,-5.9,-2.407160751648));
#4477=CARTESIAN_POINT('',(-4.286292973919,-6.,-3.1));
#4478=CARTESIAN_POINT('Origin',(-4.286292973919,-5.9,-3.1));
#4479=CARTESIAN_POINT('',(-4.609369221296,-6.,-2.407160751648));
#4480=CARTESIAN_POINT('Origin',(-2.35,-5.9,-3.1));
#4481=CARTESIAN_POINT('',(-2.413707026081,-6.,-3.1));
#4482=CARTESIAN_POINT('Origin',(-2.413707026081,-5.9,-3.1));
#4483=CARTESIAN_POINT('',(-2.35,-6.,-3.1));
#4484=CARTESIAN_POINT('Origin',(-4.286292973919,-5.9,-3.1));
#4485=CARTESIAN_POINT('Origin',(-2.413707026081,-6.,-3.1));
#4486=CARTESIAN_POINT('Origin',(-2.413707026081,-5.9,-3.1));
#4487=CARTESIAN_POINT('Origin',(-2.090630778704,-5.9,-2.407160751648));
#4488=CARTESIAN_POINT('',(-2.117554531327,-6.,-2.464898925474));
#4489=CARTESIAN_POINT('Origin',(-2.117554531327,-5.9,-2.464898925474));
#4490=CARTESIAN_POINT('',(-2.090630778704,-6.,-2.407160751648));
#4491=CARTESIAN_POINT('Origin',(-2.413707026081,-5.9,-3.1));
#4492=CARTESIAN_POINT('Origin',(-1.936292973919,-5.9,-2.549422577822));
#4493=CARTESIAN_POINT('',(-1.936292973919,-6.,-2.349422577822));
#4494=CARTESIAN_POINT('Origin',(-1.936292973919,-5.9,-2.349422577822));
#4495=CARTESIAN_POINT('Origin',(-1.936292973919,-6.,-2.549422577822));
#4496=CARTESIAN_POINT('Origin',(2.,-5.9,-2.349422577822));
#4497=CARTESIAN_POINT('',(1.936292973919,-6.,-2.349422577822));
#4498=CARTESIAN_POINT('Origin',(1.936292973919,-5.9,-2.349422577822));
#4499=CARTESIAN_POINT('',(2.,-6.,-2.349422577822));
#4500=CARTESIAN_POINT('Origin',(1.936292973919,-5.9,-2.549422577822));
#4501=CARTESIAN_POINT('',(2.117554531327,-6.,-2.464898925474));
#4502=CARTESIAN_POINT('Origin',(2.117554531327,-5.9,-2.464898925474));
#4503=CARTESIAN_POINT('Origin',(1.936292973919,-6.,-2.549422577822));
#4504=CARTESIAN_POINT('Origin',(2.440630778704,-5.9,-3.157738173826));
#4505=CARTESIAN_POINT('',(2.413707026081,-6.,-3.1));
#4506=CARTESIAN_POINT('Origin',(2.413707026081,-5.9,-3.1));
#4507=CARTESIAN_POINT('',(2.440630778704,-6.,-3.157738173826));
#4508=CARTESIAN_POINT('Origin',(2.413707026081,-6.,-3.1));
#4509=CARTESIAN_POINT('Origin',(2.413707026081,-5.9,-3.1));
#4510=CARTESIAN_POINT('Origin',(4.286292973919,-6.,-3.1));
#4511=CARTESIAN_POINT('Origin',(4.286292973919,-5.9,-3.1));
#4512=CARTESIAN_POINT('Origin',(4.35,-5.9,-3.1));
#4513=CARTESIAN_POINT('',(4.286292973919,-6.,-3.1));
#4514=CARTESIAN_POINT('Origin',(4.286292973919,-5.9,-3.1));
#4515=CARTESIAN_POINT('',(4.35,-6.,-3.1));
#4516=CARTESIAN_POINT('Origin',(2.413707026081,-5.9,-3.1));
#4517=CARTESIAN_POINT('Origin',(4.609369221296,-5.9,-2.407160751648));
#4518=CARTESIAN_POINT('',(4.582445468673,-6.,-2.464898925474));
#4519=CARTESIAN_POINT('Origin',(4.582445468673,-5.9,-2.464898925474));
#4520=CARTESIAN_POINT('',(4.609369221296,-6.,-2.407160751648));
#4521=CARTESIAN_POINT('Origin',(4.286292973919,-5.9,-3.1));
#4522=CARTESIAN_POINT('Origin',(4.763707026081,-5.9,-2.549422577822));
#4523=CARTESIAN_POINT('',(4.763707026081,-6.,-2.349422577822));
#4524=CARTESIAN_POINT('Origin',(4.763707026081,-5.9,-2.349422577822));
#4525=CARTESIAN_POINT('Origin',(4.763707026081,-6.,-2.549422577822));
#4526=CARTESIAN_POINT('Origin',(5.9,-5.5,-2.349422577822));
#4527=CARTESIAN_POINT('',(6.,-5.5,-2.349422577822));
#4528=CARTESIAN_POINT('Origin',(5.9,-5.5,-2.349422577822));
#4529=CARTESIAN_POINT('',(6.,-5.5,-2.349422577822));
#4530=CARTESIAN_POINT('Origin',(4.7,-5.9,-2.349422577822));
#4531=CARTESIAN_POINT('',(5.5,-6.,-2.349422577822));
#4532=CARTESIAN_POINT('Origin',(5.5,-5.9,-2.349422577822));
#4533=CARTESIAN_POINT('',(4.7,-6.,-2.349422577822));
#4534=CARTESIAN_POINT('Origin',(5.5,-5.5,-2.349422577822));
#4535=CARTESIAN_POINT('Origin',(5.5,-5.5,-2.349422577822));
#4536=CARTESIAN_POINT('Origin',(-4.286292973919,-5.9,-3.1));
#4537=CARTESIAN_POINT('Origin',(-2.413707026081,-5.9,-3.1));
#4538=CARTESIAN_POINT('Origin',(2.413707026081,-5.9,-3.1));
#4539=CARTESIAN_POINT('Origin',(4.286292973919,-5.9,-3.1));
#4540=CARTESIAN_POINT('Origin',(-6.,-1.552822176676E-16,-0.699711288911));
#4541=CARTESIAN_POINT('',(-6.,5.5,-3.2));
#4542=CARTESIAN_POINT('',(-6.,-5.5,0.));
#4543=CARTESIAN_POINT('Origin',(6.,-6.211288706704E-16,-0.699711288911));
#4544=CARTESIAN_POINT('',(6.,-5.5,-3.2));
#4545=CARTESIAN_POINT('',(6.,5.5,0.));
#4546=CARTESIAN_POINT('Origin',(-5.844357942397E-16,-6.,-0.93083831078));
#4547=CARTESIAN_POINT('',(-5.5,-6.,-3.2));
#4548=CARTESIAN_POINT('',(5.5,-6.,0.));
#4549=CARTESIAN_POINT('Origin',(-5.5,5.5,-3.2));
#4550=CARTESIAN_POINT('Origin',(5.5,5.5,-3.2));
#4551=CARTESIAN_POINT('Origin',(-5.5,-5.5,-3.2));
#4552=CARTESIAN_POINT('Origin',(5.5,-5.5,-3.2));
#4553=CARTESIAN_POINT('',(0.055,2.2,0.));
#4554=CARTESIAN_POINT('',(0.055,-2.75,0.));
#4555=CARTESIAN_POINT('',(0.,0.,0.));
#4556=UNCERTAINTY_MEASURE_WITH_UNIT(LENGTH_MEASURE(0.01),#4566,
'DISTANCE_ACCURACY_VALUE',
'Maximum model space distance between geometric entities at asserted c
onnectivities');
#4557=UNCERTAINTY_MEASURE_WITH_UNIT(LENGTH_MEASURE(0.01),#4566,
'DISTANCE_ACCURACY_VALUE',
'Maximum model space distance between geometric entities at asserted c
onnectivities');
#4558=UNCERTAINTY_MEASURE_WITH_UNIT(LENGTH_MEASURE(0.01),#4566,
'DISTANCE_ACCURACY_VALUE',
'Maximum model space distance between geometric entities at asserted c
onnectivities');
#4559=UNCERTAINTY_MEASURE_WITH_UNIT(LENGTH_MEASURE(0.01),#4566,
'DISTANCE_ACCURACY_VALUE',
'Maximum model space distance between geometric entities at asserted c
onnectivities');
#4560=UNCERTAINTY_MEASURE_WITH_UNIT(LENGTH_MEASURE(0.01),#4566,
'DISTANCE_ACCURACY_VALUE',
'Maximum model space distance between geometric entities at asserted c
onnectivities');
#4561=(
GEOMETRIC_REPRESENTATION_CONTEXT(3)
GLOBAL_UNCERTAINTY_ASSIGNED_CONTEXT((#4556))
GLOBAL_UNIT_ASSIGNED_CONTEXT((#4566,#4568,#4569))
REPRESENTATION_CONTEXT('','3D')
);
#4562=(
GEOMETRIC_REPRESENTATION_CONTEXT(3)
GLOBAL_UNCERTAINTY_ASSIGNED_CONTEXT((#4557))
GLOBAL_UNIT_ASSIGNED_CONTEXT((#4566,#4568,#4569))
REPRESENTATION_CONTEXT('','3D')
);
#4563=(
GEOMETRIC_REPRESENTATION_CONTEXT(3)
GLOBAL_UNCERTAINTY_ASSIGNED_CONTEXT((#4558))
GLOBAL_UNIT_ASSIGNED_CONTEXT((#4566,#4568,#4569))
REPRESENTATION_CONTEXT('','3D')
);
#4564=(
GEOMETRIC_REPRESENTATION_CONTEXT(3)
GLOBAL_UNCERTAINTY_ASSIGNED_CONTEXT((#4559))
GLOBAL_UNIT_ASSIGNED_CONTEXT((#4566,#4568,#4569))
REPRESENTATION_CONTEXT('','3D')
);
#4565=(
GEOMETRIC_REPRESENTATION_CONTEXT(3)
GLOBAL_UNCERTAINTY_ASSIGNED_CONTEXT((#4560))
GLOBAL_UNIT_ASSIGNED_CONTEXT((#4566,#4568,#4569))
REPRESENTATION_CONTEXT('','3D')
);
#4566=(
LENGTH_UNIT()
NAMED_UNIT(*)
SI_UNIT(.MILLI.,.METRE.)
);
#4567=(
LENGTH_UNIT()
NAMED_UNIT(*)
SI_UNIT(.CENTI.,.METRE.)
);
#4568=(
NAMED_UNIT(*)
PLANE_ANGLE_UNIT()
SI_UNIT($,.RADIAN.)
);
#4569=(
NAMED_UNIT(*)
SI_UNIT($,.STERADIAN.)
SOLID_ANGLE_UNIT()
);
#4570=SHAPE_DEFINITION_REPRESENTATION(#4574,#4581);
#4571=SHAPE_DEFINITION_REPRESENTATION(#4575,#4582);
#4572=SHAPE_DEFINITION_REPRESENTATION(#4576,#4583);
#4573=SHAPE_DEFINITION_REPRESENTATION(#4577,#4584);
#4574=PRODUCT_DEFINITION_SHAPE('',$,#4586);
#4575=PRODUCT_DEFINITION_SHAPE('',$,#4587);
#4576=PRODUCT_DEFINITION_SHAPE('',$,#4588);
#4577=PRODUCT_DEFINITION_SHAPE('',$,#4589);
#4578=PRODUCT_DEFINITION_SHAPE($,$,#20);
#4579=PRODUCT_DEFINITION_SHAPE($,$,#21);
#4580=PRODUCT_DEFINITION_SHAPE($,$,#22);
#4581=SHAPE_REPRESENTATION('',(#2651,#2976,#2977,#2978),#4561);
#4582=SHAPE_REPRESENTATION('',(#2652),#4562);
#4583=SHAPE_REPRESENTATION('',(#2700),#4563);
#4584=SHAPE_REPRESENTATION('',(#2748),#4564);
#4585=PRODUCT_DEFINITION_CONTEXT('part definition',#4599,'design');
#4586=PRODUCT_DEFINITION('PHAP3320','PHAP3320',#4590,#4585);
#4587=PRODUCT_DEFINITION('BUTTON_BEINCHEN_002','BUTTON_BEINCHEN_002',#4591,
#4585);
#4588=PRODUCT_DEFINITION('BUTTON_BEINCHEN_003','BUTTON_BEINCHEN_003',#4592,
#4585);
#4589=PRODUCT_DEFINITION('BUTTON_GEH\X\C4USE','BUTTON_GEH\X\C4USE',#4593,
#4585);
#4590=PRODUCT_DEFINITION_FORMATION('',$,#4601);
#4591=PRODUCT_DEFINITION_FORMATION('',$,#4602);
#4592=PRODUCT_DEFINITION_FORMATION('',$,#4603);
#4593=PRODUCT_DEFINITION_FORMATION('',$,#4604);
#4594=PRODUCT_RELATED_PRODUCT_CATEGORY('PHAP3320','PHAP3320',(#4601));
#4595=PRODUCT_RELATED_PRODUCT_CATEGORY('BUTTON_BEINCHEN_002',
'BUTTON_BEINCHEN_002',(#4602));
#4596=PRODUCT_RELATED_PRODUCT_CATEGORY('BUTTON_BEINCHEN_003',
'BUTTON_BEINCHEN_003',(#4603));
#4597=PRODUCT_RELATED_PRODUCT_CATEGORY('BUTTON_GEH\X\C4USE',
'BUTTON_GEH\X\C4USE',(#4604));
#4598=APPLICATION_PROTOCOL_DEFINITION('international standard',
'automotive_design',2009,#4599);
#4599=APPLICATION_CONTEXT(
'Core Data for Automotive Mechanical Design Process');
#4600=PRODUCT_CONTEXT('part definition',#4599,'mechanical');
#4601=PRODUCT('PHAP3320','PHAP3320','FreeCAD Model',(#4600));
#4602=PRODUCT('BUTTON_BEINCHEN_002','BUTTON_BEINCHEN_002',$,(#4600));
#4603=PRODUCT('BUTTON_BEINCHEN_003','BUTTON_BEINCHEN_003',$,(#4600));
#4604=PRODUCT('BUTTON_GEH\X\C4USE','BUTTON_GEH\X\C4USE',$,(#4600));
ENDSEC;
END-ISO-10303-21;
