
GccApplication1.elf:     file format elf32-avr

Sections:
Idx Name          Size      VMA       LMA       File off  Algn
  0 .data         000005fc  00800100  00002bfe  00002cb2  2**0
                  CONTENTS, ALLOC, LOAD, DATA
  1 .text         00002bfe  00000000  00000000  000000b4  2**1
                  CONTENTS, ALLOC, LOAD, READONLY, CODE
  2 .bss          000000a5  008006fc  008006fc  000032ae  2**0
                  ALLOC
  3 .noinit       00000001  008007a1  008007a1  000032ae  2**0
                  ALLOC
  4 .eeprom       00000040  00810000  00810000  000032ae  2**0
                  CONTENTS, ALLOC, LOAD, DATA
  5 .comment      0000005c  00000000  00000000  000032ee  2**0
                  CONTENTS, READONLY
  6 .note.gnu.avr.deviceinfo 00000040  00000000  00000000  0000334c  2**2
                  CONTENTS, READONLY
  7 .debug_aranges 000004f8  00000000  00000000  00003390  2**3
                  CONTENTS, READONLY, DEBUGGING
  8 .debug_info   00005e70  00000000  00000000  00003888  2**0
                  CONTENTS, READONLY, DEBUGGING
  9 .debug_abbrev 00001bf9  00000000  00000000  000096f8  2**0
                  CONTENTS, READONLY, DEBUGGING
 10 .debug_line   00002ee6  00000000  00000000  0000b2f1  2**0
                  CONTENTS, READONLY, DEBUGGING
 11 .debug_frame  00000bc0  00000000  00000000  0000e1d8  2**2
                  CONTENTS, READONLY, DEBUGGING
 12 .debug_str    000012e0  00000000  00000000  0000ed98  2**0
                  CONTENTS, READONLY, DEBUGGING
 13 .debug_loc    00002e05  00000000  00000000  00010078  2**0
                  CONTENTS, READONLY, DEBUGGING
 14 .debug_ranges 00000388  00000000  00000000  00012e7d  2**0
                  CONTENTS, READONLY, DEBUGGING

Disassembly of section .text:

00000000 <__vectors>:
       0:	0c 94 5a 00 	jmp	0xb4	; 0xb4 <__ctors_end>
       4:	0c 94 86 00 	jmp	0x10c	; 0x10c <__bad_interrupt>
       8:	0c 94 86 00 	jmp	0x10c	; 0x10c <__bad_interrupt>
       c:	0c 94 86 00 	jmp	0x10c	; 0x10c <__bad_interrupt>
      10:	0c 94 86 00 	jmp	0x10c	; 0x10c <__bad_interrupt>
      14:	0c 94 86 00 	jmp	0x10c	; 0x10c <__bad_interrupt>
      18:	0c 94 86 00 	jmp	0x10c	; 0x10c <__bad_interrupt>
      1c:	0c 94 86 00 	jmp	0x10c	; 0x10c <__bad_interrupt>
      20:	0c 94 86 00 	jmp	0x10c	; 0x10c <__bad_interrupt>
      24:	0c 94 86 00 	jmp	0x10c	; 0x10c <__bad_interrupt>
      28:	0c 94 86 00 	jmp	0x10c	; 0x10c <__bad_interrupt>
      2c:	0c 94 86 00 	jmp	0x10c	; 0x10c <__bad_interrupt>
      30:	0c 94 86 00 	jmp	0x10c	; 0x10c <__bad_interrupt>
      34:	0c 94 86 00 	jmp	0x10c	; 0x10c <__bad_interrupt>
      38:	0c 94 25 07 	jmp	0xe4a	; 0xe4a <__vector_14>
      3c:	0c 94 86 00 	jmp	0x10c	; 0x10c <__bad_interrupt>
      40:	0c 94 86 00 	jmp	0x10c	; 0x10c <__bad_interrupt>
      44:	0c 94 86 00 	jmp	0x10c	; 0x10c <__bad_interrupt>
      48:	0c 94 2e 10 	jmp	0x205c	; 0x205c <__vector_18>
      4c:	0c 94 86 00 	jmp	0x10c	; 0x10c <__bad_interrupt>
      50:	0c 94 86 00 	jmp	0x10c	; 0x10c <__bad_interrupt>
      54:	0c 94 86 00 	jmp	0x10c	; 0x10c <__bad_interrupt>
      58:	0c 94 86 00 	jmp	0x10c	; 0x10c <__bad_interrupt>
      5c:	0c 94 86 00 	jmp	0x10c	; 0x10c <__bad_interrupt>
      60:	0c 94 86 00 	jmp	0x10c	; 0x10c <__bad_interrupt>
      64:	0c 94 86 00 	jmp	0x10c	; 0x10c <__bad_interrupt>
      68:	0c 94 86 00 	jmp	0x10c	; 0x10c <__bad_interrupt>
      6c:	0c 94 86 00 	jmp	0x10c	; 0x10c <__bad_interrupt>
      70:	0c 94 86 00 	jmp	0x10c	; 0x10c <__bad_interrupt>
      74:	0c 94 86 00 	jmp	0x10c	; 0x10c <__bad_interrupt>
      78:	0c 94 86 00 	jmp	0x10c	; 0x10c <__bad_interrupt>
      7c:	0c 94 86 00 	jmp	0x10c	; 0x10c <__bad_interrupt>
      80:	0c 94 86 00 	jmp	0x10c	; 0x10c <__bad_interrupt>
      84:	0c 94 86 00 	jmp	0x10c	; 0x10c <__bad_interrupt>
      88:	0c 94 86 00 	jmp	0x10c	; 0x10c <__bad_interrupt>
      8c:	0c 94 86 00 	jmp	0x10c	; 0x10c <__bad_interrupt>
      90:	0c 94 86 00 	jmp	0x10c	; 0x10c <__bad_interrupt>
      94:	0c 94 86 00 	jmp	0x10c	; 0x10c <__bad_interrupt>
      98:	0c 94 86 00 	jmp	0x10c	; 0x10c <__bad_interrupt>
      9c:	0c 94 86 00 	jmp	0x10c	; 0x10c <__bad_interrupt>
      a0:	0c 94 86 00 	jmp	0x10c	; 0x10c <__bad_interrupt>
      a4:	0c 94 86 00 	jmp	0x10c	; 0x10c <__bad_interrupt>
      a8:	0c 94 86 00 	jmp	0x10c	; 0x10c <__bad_interrupt>
      ac:	0c 94 86 00 	jmp	0x10c	; 0x10c <__bad_interrupt>
      b0:	0c 94 86 00 	jmp	0x10c	; 0x10c <__bad_interrupt>

000000b4 <__ctors_end>:
      b4:	11 24       	eor	r1, r1
      b6:	1f be       	out	0x3f, r1	; 63
      b8:	cf ef       	ldi	r28, 0xFF	; 255
      ba:	d8 e0       	ldi	r29, 0x08	; 8
      bc:	de bf       	out	0x3e, r29	; 62
      be:	cd bf       	out	0x3d, r28	; 61

000000c0 <diagnostics_capture_reset_flags_early>:
void diagnostics_record_uart_rx_overflow(void)     { counters.uart_rx_overflows++; }
void diagnostics_record_eeprom_error(void)         { counters.eeprom_errors++; }

void diagnostics_get_counters(diagnostics_counters_t *destination)
{
    if (destination != 0) *destination = counters;
      c0:	84 b7       	in	r24, 0x34	; 52
      c2:	80 93 a1 07 	sts	0x07A1, r24	; 0x8007a1 <__bss_end>
      c6:	14 be       	out	0x34, r1	; 52
      c8:	0f b6       	in	r0, 0x3f	; 63
      ca:	f8 94       	cli
      cc:	a8 95       	wdr
      ce:	80 91 60 00 	lds	r24, 0x0060	; 0x800060 <__TEXT_REGION_LENGTH__+0x7f8060>
      d2:	88 61       	ori	r24, 0x18	; 24
      d4:	80 93 60 00 	sts	0x0060, r24	; 0x800060 <__TEXT_REGION_LENGTH__+0x7f8060>
      d8:	10 92 60 00 	sts	0x0060, r1	; 0x800060 <__TEXT_REGION_LENGTH__+0x7f8060>
      dc:	0f be       	out	0x3f, r0	; 63

000000de <__do_copy_data>:
      de:	16 e0       	ldi	r17, 0x06	; 6
      e0:	a0 e0       	ldi	r26, 0x00	; 0
      e2:	b1 e0       	ldi	r27, 0x01	; 1
      e4:	ee ef       	ldi	r30, 0xFE	; 254
      e6:	fb e2       	ldi	r31, 0x2B	; 43
      e8:	02 c0       	rjmp	.+4      	; 0xee <__do_copy_data+0x10>
      ea:	05 90       	lpm	r0, Z+
      ec:	0d 92       	st	X+, r0
      ee:	ac 3f       	cpi	r26, 0xFC	; 252
      f0:	b1 07       	cpc	r27, r17
      f2:	d9 f7       	brne	.-10     	; 0xea <__do_copy_data+0xc>

000000f4 <__do_clear_bss>:
      f4:	27 e0       	ldi	r18, 0x07	; 7
      f6:	ac ef       	ldi	r26, 0xFC	; 252
      f8:	b6 e0       	ldi	r27, 0x06	; 6
      fa:	01 c0       	rjmp	.+2      	; 0xfe <.do_clear_bss_start>

000000fc <.do_clear_bss_loop>:
      fc:	1d 92       	st	X+, r1

000000fe <.do_clear_bss_start>:
      fe:	a1 3a       	cpi	r26, 0xA1	; 161
     100:	b2 07       	cpc	r27, r18
     102:	e1 f7       	brne	.-8      	; 0xfc <.do_clear_bss_loop>
     104:	0e 94 2e 09 	call	0x125c	; 0x125c <main>
     108:	0c 94 fd 15 	jmp	0x2bfa	; 0x2bfa <_exit>

0000010c <__bad_interrupt>:
     10c:	0c 94 00 00 	jmp	0	; 0x0 <__vectors>

00000110 <board_id_init>:
#include "board_id.h"

void board_id_init(void)
{
    /* bit0..bit3 = PC0..PC3; bit4 = PD2. External 100 kohm pull-ups. */
    DDRC &= ~((1 << PC0) | (1 << PC1) | (1 << PC2) | (1 << PC3));
     110:	87 b1       	in	r24, 0x07	; 7
     112:	80 7f       	andi	r24, 0xF0	; 240
     114:	87 b9       	out	0x07, r24	; 7
    DDRD &= ~(1 << PD2);
     116:	8a b1       	in	r24, 0x0a	; 10
     118:	8b 7f       	andi	r24, 0xFB	; 251
     11a:	8a b9       	out	0x0a, r24	; 10

    PORTC &= ~((1 << PC0) | (1 << PC1) | (1 << PC2) | (1 << PC3));
     11c:	88 b1       	in	r24, 0x08	; 8
     11e:	80 7f       	andi	r24, 0xF0	; 240
     120:	88 b9       	out	0x08, r24	; 8
    PORTD &= ~(1 << PD2);
     122:	8b b1       	in	r24, 0x0b	; 11
     124:	8b 7f       	andi	r24, 0xFB	; 251
     126:	8b b9       	out	0x0b, r24	; 11
     128:	08 95       	ret

0000012a <board_id_read>:

uint8_t board_id_read(void)
{
    uint8_t raw = 0;

    if (PINC & (1 << PC0)) raw |= (1 << 0);
     12a:	30 99       	sbic	0x06, 0	; 6
     12c:	02 c0       	rjmp	.+4      	; 0x132 <board_id_read+0x8>
    PORTD &= ~(1 << PD2);
}

uint8_t board_id_read(void)
{
    uint8_t raw = 0;
     12e:	80 e0       	ldi	r24, 0x00	; 0
     130:	01 c0       	rjmp	.+2      	; 0x134 <board_id_read+0xa>

    if (PINC & (1 << PC0)) raw |= (1 << 0);
     132:	81 e0       	ldi	r24, 0x01	; 1
    if (PINC & (1 << PC1)) raw |= (1 << 1);
     134:	31 99       	sbic	0x06, 1	; 6
     136:	82 60       	ori	r24, 0x02	; 2
    if (PINC & (1 << PC2)) raw |= (1 << 2);
     138:	32 99       	sbic	0x06, 2	; 6
     13a:	84 60       	ori	r24, 0x04	; 4
    if (PINC & (1 << PC3)) raw |= (1 << 3);
     13c:	33 99       	sbic	0x06, 3	; 6
     13e:	88 60       	ori	r24, 0x08	; 8
    if (PIND & (1 << PD2)) raw |= (1 << 4);
     140:	4a 99       	sbic	0x09, 2	; 9
     142:	80 61       	ori	r24, 0x10	; 16

    /* Switch ON pulls low, so invert to obtain the board number. */
    return (uint8_t)((~raw) & 0x1FU);
     144:	80 95       	com	r24
}
     146:	8f 71       	andi	r24, 0x1F	; 31
     148:	08 95       	ret

0000014a <apply_axis>:
}

static int32_t apply_axis(int32_t value_x100,
                          int32_t offset_x100,
                          int32_t gain_ppm)
{
     14a:	4f 92       	push	r4
     14c:	5f 92       	push	r5
     14e:	6f 92       	push	r6
     150:	7f 92       	push	r7
     152:	af 92       	push	r10
     154:	bf 92       	push	r11
     156:	cf 92       	push	r12
     158:	df 92       	push	r13
     15a:	ef 92       	push	r14
     15c:	ff 92       	push	r15
     15e:	0f 93       	push	r16
     160:	1f 93       	push	r17
    int32_t corrected = value_x100 - offset_x100;
     162:	dc 01       	movw	r26, r24
     164:	cb 01       	movw	r24, r22
     166:	82 1b       	sub	r24, r18
     168:	93 0b       	sbc	r25, r19
     16a:	a4 0b       	sbc	r26, r20
     16c:	b5 0b       	sbc	r27, r21
    int64_t scaled = (int64_t)corrected * (int64_t)gain_ppm;
     16e:	2c 01       	movw	r4, r24
     170:	3d 01       	movw	r6, r26
     172:	77 0c       	add	r7, r7
     174:	44 08       	sbc	r4, r4
     176:	54 2c       	mov	r5, r4
     178:	32 01       	movw	r6, r4
     17a:	b8 01       	movw	r22, r16
     17c:	a7 01       	movw	r20, r14
     17e:	77 0f       	add	r23, r23
     180:	44 0b       	sbc	r20, r20
     182:	54 2f       	mov	r21, r20
     184:	ba 01       	movw	r22, r20
     186:	ae 2c       	mov	r10, r14
     188:	bf 2c       	mov	r11, r15
     18a:	c0 2e       	mov	r12, r16
     18c:	d1 2e       	mov	r13, r17
     18e:	e4 2e       	mov	r14, r20
     190:	f4 2e       	mov	r15, r20
     192:	04 2f       	mov	r16, r20
     194:	14 2f       	mov	r17, r20
     196:	28 2f       	mov	r18, r24
     198:	39 2f       	mov	r19, r25
     19a:	4a 2f       	mov	r20, r26
     19c:	5b 2f       	mov	r21, r27
     19e:	64 2d       	mov	r22, r4
     1a0:	74 2d       	mov	r23, r4
     1a2:	84 2d       	mov	r24, r4
     1a4:	94 2d       	mov	r25, r4
     1a6:	0e 94 0d 12 	call	0x241a	; 0x241a <__muldi3>

    if (scaled >= 0) {
     1aa:	a0 e0       	ldi	r26, 0x00	; 0
     1ac:	0e 94 3d 13 	call	0x267a	; 0x267a <__cmpdi2_s8>
     1b0:	4c f0       	brlt	.+18     	; 0x1c4 <apply_axis+0x7a>
        scaled += CALIBRATION_GAIN_UNITY_PPM / 2L;
     1b2:	20 5e       	subi	r18, 0xE0	; 224
     1b4:	3e 45       	sbci	r19, 0x5E	; 94
     1b6:	48 4f       	sbci	r20, 0xF8	; 248
     1b8:	5f 4f       	sbci	r21, 0xFF	; 255
     1ba:	6f 4f       	sbci	r22, 0xFF	; 255
     1bc:	7f 4f       	sbci	r23, 0xFF	; 255
     1be:	8f 4f       	sbci	r24, 0xFF	; 255
     1c0:	9f 4f       	sbci	r25, 0xFF	; 255
     1c2:	08 c0       	rjmp	.+16     	; 0x1d4 <apply_axis+0x8a>
    } else {
        scaled -= CALIBRATION_GAIN_UNITY_PPM / 2L;
     1c4:	20 52       	subi	r18, 0x20	; 32
     1c6:	31 4a       	sbci	r19, 0xA1	; 161
     1c8:	47 40       	sbci	r20, 0x07	; 7
     1ca:	51 09       	sbc	r21, r1
     1cc:	61 09       	sbc	r22, r1
     1ce:	71 09       	sbc	r23, r1
     1d0:	81 09       	sbc	r24, r1
     1d2:	91 09       	sbc	r25, r1
    }

    return (int32_t)(scaled / CALIBRATION_GAIN_UNITY_PPM);
     1d4:	68 94       	set
     1d6:	aa 24       	eor	r10, r10
     1d8:	a6 f8       	bld	r10, 6
     1da:	0f 2e       	mov	r0, r31
     1dc:	f2 e4       	ldi	r31, 0x42	; 66
     1de:	bf 2e       	mov	r11, r31
     1e0:	f0 2d       	mov	r31, r0
     1e2:	0f 2e       	mov	r0, r31
     1e4:	ff e0       	ldi	r31, 0x0F	; 15
     1e6:	cf 2e       	mov	r12, r31
     1e8:	f0 2d       	mov	r31, r0
     1ea:	d1 2c       	mov	r13, r1
     1ec:	e1 2c       	mov	r14, r1
     1ee:	f1 2c       	mov	r15, r1
     1f0:	00 e0       	ldi	r16, 0x00	; 0
     1f2:	10 e0       	ldi	r17, 0x00	; 0
     1f4:	0e 94 68 12 	call	0x24d0	; 0x24d0 <__divdi3>
     1f8:	62 2f       	mov	r22, r18
     1fa:	73 2f       	mov	r23, r19
     1fc:	84 2f       	mov	r24, r20
     1fe:	95 2f       	mov	r25, r21
}
     200:	1f 91       	pop	r17
     202:	0f 91       	pop	r16
     204:	ff 90       	pop	r15
     206:	ef 90       	pop	r14
     208:	df 90       	pop	r13
     20a:	cf 90       	pop	r12
     20c:	bf 90       	pop	r11
     20e:	af 90       	pop	r10
     210:	7f 90       	pop	r7
     212:	6f 90       	pop	r6
     214:	5f 90       	pop	r5
     216:	4f 90       	pop	r4
     218:	08 95       	ret

0000021a <calibration_crc>:

static calibration_record_t EEMEM eeprom_calibration;

static uint16_t calibration_crc(const calibration_record_t *record)
{
    return crc16_ccitt(record, offsetof(calibration_record_t, crc));
     21a:	66 e3       	ldi	r22, 0x36	; 54
     21c:	70 e0       	ldi	r23, 0x00	; 0
     21e:	0e 94 f4 06 	call	0xde8	; 0xde8 <crc16_ccitt>
}
     222:	08 95       	ret

00000224 <calibration_make_defaults>:

void calibration_make_defaults(calibration_record_t *record)
{
     224:	cf 93       	push	r28
     226:	df 93       	push	r29
     228:	ec 01       	movw	r28, r24
    memset(record, 0, sizeof(*record));
     22a:	88 e3       	ldi	r24, 0x38	; 56
     22c:	fe 01       	movw	r30, r28
     22e:	11 92       	st	Z+, r1
     230:	8a 95       	dec	r24
     232:	e9 f7       	brne	.-6      	; 0x22e <calibration_make_defaults+0xa>
    record->magic = CALIBRATION_MAGIC;
     234:	88 e3       	ldi	r24, 0x38	; 56
     236:	92 e3       	ldi	r25, 0x32	; 50
     238:	a4 e4       	ldi	r26, 0x44	; 68
     23a:	be e4       	ldi	r27, 0x4E	; 78
     23c:	88 83       	st	Y, r24
     23e:	99 83       	std	Y+1, r25	; 0x01
     240:	aa 83       	std	Y+2, r26	; 0x02
     242:	bb 83       	std	Y+3, r27	; 0x03
    record->version = CALIBRATION_VERSION;
     244:	81 e0       	ldi	r24, 0x01	; 1
     246:	90 e0       	ldi	r25, 0x00	; 0
     248:	9d 83       	std	Y+5, r25	; 0x05
     24a:	8c 83       	std	Y+4, r24	; 0x04
    record->size = sizeof(*record);
     24c:	88 e3       	ldi	r24, 0x38	; 56
     24e:	90 e0       	ldi	r25, 0x00	; 0
     250:	9f 83       	std	Y+7, r25	; 0x07
     252:	8e 83       	std	Y+6, r24	; 0x06
    record->gain_x_ppm = CALIBRATION_GAIN_UNITY_PPM;
     254:	80 e4       	ldi	r24, 0x40	; 64
     256:	92 e4       	ldi	r25, 0x42	; 66
     258:	af e0       	ldi	r26, 0x0F	; 15
     25a:	b0 e0       	ldi	r27, 0x00	; 0
     25c:	8c 8b       	std	Y+20, r24	; 0x14
     25e:	9d 8b       	std	Y+21, r25	; 0x15
     260:	ae 8b       	std	Y+22, r26	; 0x16
     262:	bf 8b       	std	Y+23, r27	; 0x17
    record->gain_y_ppm = CALIBRATION_GAIN_UNITY_PPM;
     264:	88 8f       	std	Y+24, r24	; 0x18
     266:	99 8f       	std	Y+25, r25	; 0x19
     268:	aa 8f       	std	Y+26, r26	; 0x1a
     26a:	bb 8f       	std	Y+27, r27	; 0x1b
    record->gain_z_ppm = CALIBRATION_GAIN_UNITY_PPM;
     26c:	8c 8f       	std	Y+28, r24	; 0x1c
     26e:	9d 8f       	std	Y+29, r25	; 0x1d
     270:	ae 8f       	std	Y+30, r26	; 0x1e
     272:	bf 8f       	std	Y+31, r27	; 0x1f
    record->crc = calibration_crc(record);
     274:	ce 01       	movw	r24, r28
     276:	0e 94 0d 01 	call	0x21a	; 0x21a <calibration_crc>
     27a:	9f ab       	std	Y+55, r25	; 0x37
     27c:	8e ab       	std	Y+54, r24	; 0x36
}
     27e:	df 91       	pop	r29
     280:	cf 91       	pop	r28
     282:	08 95       	ret

00000284 <calibration_load>:

calibration_status_t calibration_load(calibration_record_t *record)
{
     284:	0f 93       	push	r16
     286:	1f 93       	push	r17
     288:	cf 93       	push	r28
     28a:	df 93       	push	r29
     28c:	ec 01       	movw	r28, r24
    eeprom_read_block(record, &eeprom_calibration, sizeof(*record));
     28e:	48 e3       	ldi	r20, 0x38	; 56
     290:	50 e0       	ldi	r21, 0x00	; 0
     292:	60 e0       	ldi	r22, 0x00	; 0
     294:	70 e0       	ldi	r23, 0x00	; 0
     296:	0e 94 a9 15 	call	0x2b52	; 0x2b52 <eeprom_read_block>

    if (record->magic != CALIBRATION_MAGIC ||
     29a:	88 81       	ld	r24, Y
     29c:	99 81       	ldd	r25, Y+1	; 0x01
     29e:	aa 81       	ldd	r26, Y+2	; 0x02
     2a0:	bb 81       	ldd	r27, Y+3	; 0x03
     2a2:	88 33       	cpi	r24, 0x38	; 56
     2a4:	92 43       	sbci	r25, 0x32	; 50
     2a6:	a4 44       	sbci	r26, 0x44	; 68
     2a8:	be 44       	sbci	r27, 0x4E	; 78
     2aa:	81 f4       	brne	.+32     	; 0x2cc <calibration_load+0x48>
        record->version != CALIBRATION_VERSION ||
     2ac:	8c 81       	ldd	r24, Y+4	; 0x04
     2ae:	9d 81       	ldd	r25, Y+5	; 0x05

calibration_status_t calibration_load(calibration_record_t *record)
{
    eeprom_read_block(record, &eeprom_calibration, sizeof(*record));

    if (record->magic != CALIBRATION_MAGIC ||
     2b0:	01 97       	sbiw	r24, 0x01	; 1
     2b2:	61 f4       	brne	.+24     	; 0x2cc <calibration_load+0x48>
        record->version != CALIBRATION_VERSION ||
        record->size != sizeof(*record) ||
     2b4:	8e 81       	ldd	r24, Y+6	; 0x06
     2b6:	9f 81       	ldd	r25, Y+7	; 0x07
calibration_status_t calibration_load(calibration_record_t *record)
{
    eeprom_read_block(record, &eeprom_calibration, sizeof(*record));

    if (record->magic != CALIBRATION_MAGIC ||
        record->version != CALIBRATION_VERSION ||
     2b8:	c8 97       	sbiw	r24, 0x38	; 56
     2ba:	41 f4       	brne	.+16     	; 0x2cc <calibration_load+0x48>
        record->size != sizeof(*record) ||
        record->crc != calibration_crc(record)) {
     2bc:	0e a9       	ldd	r16, Y+54	; 0x36
     2be:	1f a9       	ldd	r17, Y+55	; 0x37
     2c0:	ce 01       	movw	r24, r28
     2c2:	0e 94 0d 01 	call	0x21a	; 0x21a <calibration_crc>
{
    eeprom_read_block(record, &eeprom_calibration, sizeof(*record));

    if (record->magic != CALIBRATION_MAGIC ||
        record->version != CALIBRATION_VERSION ||
        record->size != sizeof(*record) ||
     2c6:	08 17       	cp	r16, r24
     2c8:	19 07       	cpc	r17, r25
     2ca:	81 f0       	breq	.+32     	; 0x2ec <calibration_load+0x68>
        record->crc != calibration_crc(record)) {
        /* A completely erased EEPROM is a normal first-start condition. */
        if (record->magic != 0xFFFFFFFFUL) {
     2cc:	88 81       	ld	r24, Y
     2ce:	99 81       	ldd	r25, Y+1	; 0x01
     2d0:	aa 81       	ldd	r26, Y+2	; 0x02
     2d2:	bb 81       	ldd	r27, Y+3	; 0x03
     2d4:	8f 3f       	cpi	r24, 0xFF	; 255
     2d6:	9f 4f       	sbci	r25, 0xFF	; 255
     2d8:	af 4f       	sbci	r26, 0xFF	; 255
     2da:	bf 4f       	sbci	r27, 0xFF	; 255
     2dc:	11 f0       	breq	.+4      	; 0x2e2 <calibration_load+0x5e>
            diagnostics_record_eeprom_error();
     2de:	0e 94 9e 08 	call	0x113c	; 0x113c <diagnostics_record_eeprom_error>
        }
        calibration_make_defaults(record);
     2e2:	ce 01       	movw	r24, r28
     2e4:	0e 94 12 01 	call	0x224	; 0x224 <calibration_make_defaults>
        return CALIBRATION_STATUS_DEFAULT;
     2e8:	80 e0       	ldi	r24, 0x00	; 0
     2ea:	01 c0       	rjmp	.+2      	; 0x2ee <calibration_load+0x6a>
    }

    return CALIBRATION_STATUS_VALID;
     2ec:	81 e0       	ldi	r24, 0x01	; 1
}
     2ee:	df 91       	pop	r29
     2f0:	cf 91       	pop	r28
     2f2:	1f 91       	pop	r17
     2f4:	0f 91       	pop	r16
     2f6:	08 95       	ret

000002f8 <calibration_save>:

uint8_t calibration_save(const calibration_record_t *record)
{
     2f8:	cf 93       	push	r28
     2fa:	df 93       	push	r29
     2fc:	cd b7       	in	r28, 0x3d	; 61
     2fe:	de b7       	in	r29, 0x3e	; 62
     300:	c0 57       	subi	r28, 0x70	; 112
     302:	d1 09       	sbc	r29, r1
     304:	0f b6       	in	r0, 0x3f	; 63
     306:	f8 94       	cli
     308:	de bf       	out	0x3e, r29	; 62
     30a:	0f be       	out	0x3f, r0	; 63
     30c:	cd bf       	out	0x3d, r28	; 61
     30e:	fc 01       	movw	r30, r24
    calibration_record_t copy = *record;
     310:	98 e3       	ldi	r25, 0x38	; 56
     312:	de 01       	movw	r26, r28
     314:	11 96       	adiw	r26, 0x01	; 1
     316:	01 90       	ld	r0, Z+
     318:	0d 92       	st	X+, r0
     31a:	9a 95       	dec	r25
     31c:	e1 f7       	brne	.-8      	; 0x316 <calibration_save+0x1e>
    copy.magic = CALIBRATION_MAGIC;
     31e:	88 e3       	ldi	r24, 0x38	; 56
     320:	92 e3       	ldi	r25, 0x32	; 50
     322:	a4 e4       	ldi	r26, 0x44	; 68
     324:	be e4       	ldi	r27, 0x4E	; 78
     326:	89 83       	std	Y+1, r24	; 0x01
     328:	9a 83       	std	Y+2, r25	; 0x02
     32a:	ab 83       	std	Y+3, r26	; 0x03
     32c:	bc 83       	std	Y+4, r27	; 0x04
    copy.version = CALIBRATION_VERSION;
     32e:	81 e0       	ldi	r24, 0x01	; 1
     330:	90 e0       	ldi	r25, 0x00	; 0
     332:	9e 83       	std	Y+6, r25	; 0x06
     334:	8d 83       	std	Y+5, r24	; 0x05
    copy.size = sizeof(copy);
     336:	88 e3       	ldi	r24, 0x38	; 56
     338:	90 e0       	ldi	r25, 0x00	; 0
     33a:	98 87       	std	Y+8, r25	; 0x08
     33c:	8f 83       	std	Y+7, r24	; 0x07
    copy.crc = calibration_crc(&copy);
     33e:	ce 01       	movw	r24, r28
     340:	01 96       	adiw	r24, 0x01	; 1
     342:	0e 94 0d 01 	call	0x21a	; 0x21a <calibration_crc>
     346:	98 af       	std	Y+56, r25	; 0x38
     348:	8f ab       	std	Y+55, r24	; 0x37

    eeprom_update_block(&copy, &eeprom_calibration, sizeof(copy));
     34a:	48 e3       	ldi	r20, 0x38	; 56
     34c:	50 e0       	ldi	r21, 0x00	; 0
     34e:	60 e0       	ldi	r22, 0x00	; 0
     350:	70 e0       	ldi	r23, 0x00	; 0
     352:	ce 01       	movw	r24, r28
     354:	01 96       	adiw	r24, 0x01	; 1
     356:	0e 94 bf 15 	call	0x2b7e	; 0x2b7e <eeprom_update_block>

    calibration_record_t verify;
    eeprom_read_block(&verify, &eeprom_calibration, sizeof(verify));
     35a:	48 e3       	ldi	r20, 0x38	; 56
     35c:	50 e0       	ldi	r21, 0x00	; 0
     35e:	60 e0       	ldi	r22, 0x00	; 0
     360:	70 e0       	ldi	r23, 0x00	; 0
     362:	ce 01       	movw	r24, r28
     364:	c9 96       	adiw	r24, 0x39	; 57
     366:	0e 94 a9 15 	call	0x2b52	; 0x2b52 <eeprom_read_block>

    if (memcmp(&copy, &verify, sizeof(copy)) != 0U) {
     36a:	48 e3       	ldi	r20, 0x38	; 56
     36c:	50 e0       	ldi	r21, 0x00	; 0
     36e:	be 01       	movw	r22, r28
     370:	67 5c       	subi	r22, 0xC7	; 199
     372:	7f 4f       	sbci	r23, 0xFF	; 255
     374:	ce 01       	movw	r24, r28
     376:	01 96       	adiw	r24, 0x01	; 1
     378:	0e 94 62 15 	call	0x2ac4	; 0x2ac4 <memcmp>
     37c:	89 2b       	or	r24, r25
     37e:	21 f0       	breq	.+8      	; 0x388 <calibration_save+0x90>
        diagnostics_record_eeprom_error();
     380:	0e 94 9e 08 	call	0x113c	; 0x113c <diagnostics_record_eeprom_error>
        return 0U;
     384:	80 e0       	ldi	r24, 0x00	; 0
     386:	01 c0       	rjmp	.+2      	; 0x38a <calibration_save+0x92>
    }
    return 1U;
     388:	81 e0       	ldi	r24, 0x01	; 1
}
     38a:	c0 59       	subi	r28, 0x90	; 144
     38c:	df 4f       	sbci	r29, 0xFF	; 255
     38e:	0f b6       	in	r0, 0x3f	; 63
     390:	f8 94       	cli
     392:	de bf       	out	0x3e, r29	; 62
     394:	0f be       	out	0x3f, r0	; 63
     396:	cd bf       	out	0x3d, r28	; 61
     398:	df 91       	pop	r29
     39a:	cf 91       	pop	r28
     39c:	08 95       	ret

0000039e <calibration_factory_reset>:

void calibration_factory_reset(void)
{
     39e:	cf 93       	push	r28
     3a0:	df 93       	push	r29
     3a2:	cd b7       	in	r28, 0x3d	; 61
     3a4:	de b7       	in	r29, 0x3e	; 62
     3a6:	e8 97       	sbiw	r28, 0x38	; 56
     3a8:	0f b6       	in	r0, 0x3f	; 63
     3aa:	f8 94       	cli
     3ac:	de bf       	out	0x3e, r29	; 62
     3ae:	0f be       	out	0x3f, r0	; 63
     3b0:	cd bf       	out	0x3d, r28	; 61
    calibration_record_t erased;
    memset(&erased, 0xFF, sizeof(erased));
     3b2:	48 e3       	ldi	r20, 0x38	; 56
     3b4:	50 e0       	ldi	r21, 0x00	; 0
     3b6:	6f ef       	ldi	r22, 0xFF	; 255
     3b8:	70 e0       	ldi	r23, 0x00	; 0
     3ba:	ce 01       	movw	r24, r28
     3bc:	01 96       	adiw	r24, 0x01	; 1
     3be:	0e 94 6f 15 	call	0x2ade	; 0x2ade <memset>
    eeprom_update_block(&erased, &eeprom_calibration, sizeof(erased));
     3c2:	48 e3       	ldi	r20, 0x38	; 56
     3c4:	50 e0       	ldi	r21, 0x00	; 0
     3c6:	60 e0       	ldi	r22, 0x00	; 0
     3c8:	70 e0       	ldi	r23, 0x00	; 0
     3ca:	ce 01       	movw	r24, r28
     3cc:	01 96       	adiw	r24, 0x01	; 1
     3ce:	0e 94 bf 15 	call	0x2b7e	; 0x2b7e <eeprom_update_block>
}
     3d2:	e8 96       	adiw	r28, 0x38	; 56
     3d4:	0f b6       	in	r0, 0x3f	; 63
     3d6:	f8 94       	cli
     3d8:	de bf       	out	0x3e, r29	; 62
     3da:	0f be       	out	0x3f, r0	; 63
     3dc:	cd bf       	out	0x3d, r28	; 61
     3de:	df 91       	pop	r29
     3e0:	cf 91       	pop	r28
     3e2:	08 95       	ret

000003e4 <calibration_apply>:
    return (int32_t)(scaled / CALIBRATION_GAIN_UNITY_PPM);
}

void calibration_apply(const calibration_record_t *record,
                       tmag5273_measurement_t *measurement)
{
     3e4:	cf 92       	push	r12
     3e6:	df 92       	push	r13
     3e8:	ef 92       	push	r14
     3ea:	ff 92       	push	r15
     3ec:	0f 93       	push	r16
     3ee:	1f 93       	push	r17
     3f0:	cf 93       	push	r28
     3f2:	df 93       	push	r29
     3f4:	6c 01       	movw	r12, r24
     3f6:	eb 01       	movw	r28, r22
    measurement->bx_x100 = apply_axis(measurement->bx_x100,
     3f8:	fc 01       	movw	r30, r24
     3fa:	e4 88       	ldd	r14, Z+20	; 0x14
     3fc:	f5 88       	ldd	r15, Z+21	; 0x15
     3fe:	06 89       	ldd	r16, Z+22	; 0x16
     400:	17 89       	ldd	r17, Z+23	; 0x17
     402:	20 85       	ldd	r18, Z+8	; 0x08
     404:	31 85       	ldd	r19, Z+9	; 0x09
     406:	42 85       	ldd	r20, Z+10	; 0x0a
     408:	53 85       	ldd	r21, Z+11	; 0x0b
     40a:	6c 81       	ldd	r22, Y+4	; 0x04
     40c:	7d 81       	ldd	r23, Y+5	; 0x05
     40e:	8e 81       	ldd	r24, Y+6	; 0x06
     410:	9f 81       	ldd	r25, Y+7	; 0x07
     412:	0e 94 a5 00 	call	0x14a	; 0x14a <apply_axis>
     416:	6c 83       	std	Y+4, r22	; 0x04
     418:	7d 83       	std	Y+5, r23	; 0x05
     41a:	8e 83       	std	Y+6, r24	; 0x06
     41c:	9f 83       	std	Y+7, r25	; 0x07
                                      record->offset_x_x100,
                                      record->gain_x_ppm);
    measurement->by_x100 = apply_axis(measurement->by_x100,
     41e:	f6 01       	movw	r30, r12
     420:	e0 8c       	ldd	r14, Z+24	; 0x18
     422:	f1 8c       	ldd	r15, Z+25	; 0x19
     424:	02 8d       	ldd	r16, Z+26	; 0x1a
     426:	13 8d       	ldd	r17, Z+27	; 0x1b
     428:	24 85       	ldd	r18, Z+12	; 0x0c
     42a:	35 85       	ldd	r19, Z+13	; 0x0d
     42c:	46 85       	ldd	r20, Z+14	; 0x0e
     42e:	57 85       	ldd	r21, Z+15	; 0x0f
     430:	68 85       	ldd	r22, Y+8	; 0x08
     432:	79 85       	ldd	r23, Y+9	; 0x09
     434:	8a 85       	ldd	r24, Y+10	; 0x0a
     436:	9b 85       	ldd	r25, Y+11	; 0x0b
     438:	0e 94 a5 00 	call	0x14a	; 0x14a <apply_axis>
     43c:	68 87       	std	Y+8, r22	; 0x08
     43e:	79 87       	std	Y+9, r23	; 0x09
     440:	8a 87       	std	Y+10, r24	; 0x0a
     442:	9b 87       	std	Y+11, r25	; 0x0b
                                      record->offset_y_x100,
                                      record->gain_y_ppm);
    measurement->bz_x100 = apply_axis(measurement->bz_x100,
     444:	f6 01       	movw	r30, r12
     446:	e4 8c       	ldd	r14, Z+28	; 0x1c
     448:	f5 8c       	ldd	r15, Z+29	; 0x1d
     44a:	06 8d       	ldd	r16, Z+30	; 0x1e
     44c:	17 8d       	ldd	r17, Z+31	; 0x1f
     44e:	20 89       	ldd	r18, Z+16	; 0x10
     450:	31 89       	ldd	r19, Z+17	; 0x11
     452:	42 89       	ldd	r20, Z+18	; 0x12
     454:	53 89       	ldd	r21, Z+19	; 0x13
     456:	6c 85       	ldd	r22, Y+12	; 0x0c
     458:	7d 85       	ldd	r23, Y+13	; 0x0d
     45a:	8e 85       	ldd	r24, Y+14	; 0x0e
     45c:	9f 85       	ldd	r25, Y+15	; 0x0f
     45e:	0e 94 a5 00 	call	0x14a	; 0x14a <apply_axis>
     462:	6c 87       	std	Y+12, r22	; 0x0c
     464:	7d 87       	std	Y+13, r23	; 0x0d
     466:	8e 87       	std	Y+14, r24	; 0x0e
     468:	9f 87       	std	Y+15, r25	; 0x0f
                                      record->offset_z_x100,
                                      record->gain_z_ppm);
}
     46a:	df 91       	pop	r29
     46c:	cf 91       	pop	r28
     46e:	1f 91       	pop	r17
     470:	0f 91       	pop	r16
     472:	ff 90       	pop	r15
     474:	ef 90       	pop	r14
     476:	df 90       	pop	r13
     478:	cf 90       	pop	r12
     47a:	08 95       	ret

0000047c <status_text>:
#include "diagnostics.h"
#include "watchdog_service.h"

static const char *status_text(calibration_status_t status)
{
    if (status == CALIBRATION_STATUS_VALID) return "VALID";
     47c:	81 30       	cpi	r24, 0x01	; 1
     47e:	29 f0       	breq	.+10     	; 0x48a <status_text+0xe>
    if (status == CALIBRATION_STATUS_DIRTY) return "DIRTY";
     480:	82 30       	cpi	r24, 0x02	; 2
     482:	31 f4       	brne	.+12     	; 0x490 <status_text+0x14>
     484:	86 e0       	ldi	r24, 0x06	; 6
     486:	91 e0       	ldi	r25, 0x01	; 1
     488:	08 95       	ret
#include "diagnostics.h"
#include "watchdog_service.h"

static const char *status_text(calibration_status_t status)
{
    if (status == CALIBRATION_STATUS_VALID) return "VALID";
     48a:	80 e0       	ldi	r24, 0x00	; 0
     48c:	91 e0       	ldi	r25, 0x01	; 1
     48e:	08 95       	ret
    if (status == CALIBRATION_STATUS_DIRTY) return "DIRTY";
    return "DEFAULT";
     490:	8c e0       	ldi	r24, 0x0C	; 12
     492:	91 e0       	ldi	r25, 0x01	; 1
}
     494:	08 95       	ret

00000496 <response_ok>:

static void response_ok(const char *command)
{
     496:	cf 93       	push	r28
     498:	df 93       	push	r29
     49a:	ec 01       	movw	r28, r24
    uart0_print("$ND280RSP,OK,CMD=");
     49c:	84 e1       	ldi	r24, 0x14	; 20
     49e:	91 e0       	ldi	r25, 0x01	; 1
     4a0:	0e 94 78 10 	call	0x20f0	; 0x20f0 <uart0_print>
    uart0_print(command);
     4a4:	ce 01       	movw	r24, r28
     4a6:	0e 94 78 10 	call	0x20f0	; 0x20f0 <uart0_print>
    uart0_print("\r\n");
     4aa:	88 ef       	ldi	r24, 0xF8	; 248
     4ac:	96 e0       	ldi	r25, 0x06	; 6
     4ae:	0e 94 78 10 	call	0x20f0	; 0x20f0 <uart0_print>
}
     4b2:	df 91       	pop	r29
     4b4:	cf 91       	pop	r28
     4b6:	08 95       	ret

000004b8 <response_error>:

static void response_error(const char *reason)
{
     4b8:	cf 93       	push	r28
     4ba:	df 93       	push	r29
     4bc:	ec 01       	movw	r28, r24
    uart0_print("$ND280RSP,ERROR,REASON=");
     4be:	86 e2       	ldi	r24, 0x26	; 38
     4c0:	91 e0       	ldi	r25, 0x01	; 1
     4c2:	0e 94 78 10 	call	0x20f0	; 0x20f0 <uart0_print>
    uart0_print(reason);
     4c6:	ce 01       	movw	r24, r28
     4c8:	0e 94 78 10 	call	0x20f0	; 0x20f0 <uart0_print>
    uart0_print("\r\n");
     4cc:	88 ef       	ldi	r24, 0xF8	; 248
     4ce:	96 e0       	ldi	r25, 0x06	; 6
     4d0:	0e 94 78 10 	call	0x20f0	; 0x20f0 <uart0_print>
}
     4d4:	df 91       	pop	r29
     4d6:	cf 91       	pop	r28
     4d8:	08 95       	ret

000004da <parse_u32>:
    *value = (int32_t)parsed;
    return 1U;
}

static uint8_t parse_u32(const char *text, uint32_t *value)
{
     4da:	ef 92       	push	r14
     4dc:	ff 92       	push	r15
     4de:	0f 93       	push	r16
     4e0:	1f 93       	push	r17
     4e2:	cf 93       	push	r28
     4e4:	df 93       	push	r29
     4e6:	00 d0       	rcall	.+0      	; 0x4e8 <parse_u32+0xe>
     4e8:	cd b7       	in	r28, 0x3d	; 61
     4ea:	de b7       	in	r29, 0x3e	; 62
     4ec:	8c 01       	movw	r16, r24
     4ee:	7b 01       	movw	r14, r22
    char *end = 0;
     4f0:	1a 82       	std	Y+2, r1	; 0x02
     4f2:	19 82       	std	Y+1, r1	; 0x01
    unsigned long parsed = strtoul(text, &end, 10);
     4f4:	4a e0       	ldi	r20, 0x0A	; 10
     4f6:	50 e0       	ldi	r21, 0x00	; 0
     4f8:	be 01       	movw	r22, r28
     4fa:	6f 5f       	subi	r22, 0xFF	; 255
     4fc:	7f 4f       	sbci	r23, 0xFF	; 255
     4fe:	0e 94 5f 14 	call	0x28be	; 0x28be <strtoul>
    if (text == end || *end != '\0') return 0U;
     502:	e9 81       	ldd	r30, Y+1	; 0x01
     504:	fa 81       	ldd	r31, Y+2	; 0x02
     506:	0e 17       	cp	r16, r30
     508:	1f 07       	cpc	r17, r31
     50a:	51 f0       	breq	.+20     	; 0x520 <parse_u32+0x46>
     50c:	20 81       	ld	r18, Z
     50e:	21 11       	cpse	r18, r1
     510:	09 c0       	rjmp	.+18     	; 0x524 <parse_u32+0x4a>
    *value = (uint32_t)parsed;
     512:	f7 01       	movw	r30, r14
     514:	60 83       	st	Z, r22
     516:	71 83       	std	Z+1, r23	; 0x01
     518:	82 83       	std	Z+2, r24	; 0x02
     51a:	93 83       	std	Z+3, r25	; 0x03
    return 1U;
     51c:	81 e0       	ldi	r24, 0x01	; 1
     51e:	03 c0       	rjmp	.+6      	; 0x526 <parse_u32+0x4c>

static uint8_t parse_u32(const char *text, uint32_t *value)
{
    char *end = 0;
    unsigned long parsed = strtoul(text, &end, 10);
    if (text == end || *end != '\0') return 0U;
     520:	80 e0       	ldi	r24, 0x00	; 0
     522:	01 c0       	rjmp	.+2      	; 0x526 <parse_u32+0x4c>
     524:	80 e0       	ldi	r24, 0x00	; 0
    *value = (uint32_t)parsed;
    return 1U;
}
     526:	0f 90       	pop	r0
     528:	0f 90       	pop	r0
     52a:	df 91       	pop	r29
     52c:	cf 91       	pop	r28
     52e:	1f 91       	pop	r17
     530:	0f 91       	pop	r16
     532:	ff 90       	pop	r15
     534:	ef 90       	pop	r14
     536:	08 95       	ret

00000538 <get_three_u32>:
           parse_i32(a, va) && parse_i32(b, vb) && parse_i32(c, vc);
}

static uint8_t get_three_u32(char *a, char *b, char *c,
                             uint32_t *va, uint32_t *vb, uint32_t *vc)
{
     538:	cf 92       	push	r12
     53a:	df 92       	push	r13
     53c:	ef 92       	push	r14
     53e:	ff 92       	push	r15
     540:	0f 93       	push	r16
     542:	1f 93       	push	r17
     544:	cf 93       	push	r28
     546:	df 93       	push	r29
    return a && b && c &&
           parse_u32(a, va) && parse_u32(b, vb) && parse_u32(c, vc);
     548:	00 97       	sbiw	r24, 0x00	; 0
     54a:	d9 f0       	breq	.+54     	; 0x582 <get_three_u32+0x4a>
}

static uint8_t get_three_u32(char *a, char *b, char *c,
                             uint32_t *va, uint32_t *vb, uint32_t *vc)
{
    return a && b && c &&
     54c:	61 15       	cp	r22, r1
     54e:	71 05       	cpc	r23, r1
     550:	d1 f0       	breq	.+52     	; 0x586 <get_three_u32+0x4e>
     552:	41 15       	cp	r20, r1
     554:	51 05       	cpc	r21, r1
     556:	c9 f0       	breq	.+50     	; 0x58a <get_three_u32+0x52>
     558:	6a 01       	movw	r12, r20
     55a:	eb 01       	movw	r28, r22
           parse_u32(a, va) && parse_u32(b, vb) && parse_u32(c, vc);
     55c:	b9 01       	movw	r22, r18
     55e:	0e 94 6d 02 	call	0x4da	; 0x4da <parse_u32>
}

static uint8_t get_three_u32(char *a, char *b, char *c,
                             uint32_t *va, uint32_t *vb, uint32_t *vc)
{
    return a && b && c &&
     562:	88 23       	and	r24, r24
     564:	a1 f0       	breq	.+40     	; 0x58e <get_three_u32+0x56>
           parse_u32(a, va) && parse_u32(b, vb) && parse_u32(c, vc);
     566:	b8 01       	movw	r22, r16
     568:	ce 01       	movw	r24, r28
     56a:	0e 94 6d 02 	call	0x4da	; 0x4da <parse_u32>
     56e:	88 23       	and	r24, r24
     570:	81 f0       	breq	.+32     	; 0x592 <get_three_u32+0x5a>
     572:	b7 01       	movw	r22, r14
     574:	c6 01       	movw	r24, r12
     576:	0e 94 6d 02 	call	0x4da	; 0x4da <parse_u32>
     57a:	88 23       	and	r24, r24
     57c:	61 f0       	breq	.+24     	; 0x596 <get_three_u32+0x5e>
     57e:	81 e0       	ldi	r24, 0x01	; 1
     580:	0b c0       	rjmp	.+22     	; 0x598 <get_three_u32+0x60>
     582:	80 e0       	ldi	r24, 0x00	; 0
     584:	09 c0       	rjmp	.+18     	; 0x598 <get_three_u32+0x60>
     586:	80 e0       	ldi	r24, 0x00	; 0
     588:	07 c0       	rjmp	.+14     	; 0x598 <get_three_u32+0x60>
     58a:	80 e0       	ldi	r24, 0x00	; 0
     58c:	05 c0       	rjmp	.+10     	; 0x598 <get_three_u32+0x60>
     58e:	80 e0       	ldi	r24, 0x00	; 0
     590:	03 c0       	rjmp	.+6      	; 0x598 <get_three_u32+0x60>
     592:	80 e0       	ldi	r24, 0x00	; 0
     594:	01 c0       	rjmp	.+2      	; 0x598 <get_three_u32+0x60>
     596:	80 e0       	ldi	r24, 0x00	; 0
}
     598:	df 91       	pop	r29
     59a:	cf 91       	pop	r28
     59c:	1f 91       	pop	r17
     59e:	0f 91       	pop	r16
     5a0:	ff 90       	pop	r15
     5a2:	ef 90       	pop	r14
     5a4:	df 90       	pop	r13
     5a6:	cf 90       	pop	r12
     5a8:	08 95       	ret

000005aa <parse_i32>:
    uart0_print(reason);
    uart0_print("\r\n");
}

static uint8_t parse_i32(const char *text, int32_t *value)
{
     5aa:	ef 92       	push	r14
     5ac:	ff 92       	push	r15
     5ae:	0f 93       	push	r16
     5b0:	1f 93       	push	r17
     5b2:	cf 93       	push	r28
     5b4:	df 93       	push	r29
     5b6:	00 d0       	rcall	.+0      	; 0x5b8 <parse_i32+0xe>
     5b8:	cd b7       	in	r28, 0x3d	; 61
     5ba:	de b7       	in	r29, 0x3e	; 62
     5bc:	8c 01       	movw	r16, r24
     5be:	7b 01       	movw	r14, r22
    char *end = 0;
     5c0:	1a 82       	std	Y+2, r1	; 0x02
     5c2:	19 82       	std	Y+1, r1	; 0x01
    long parsed = strtol(text, &end, 10);
     5c4:	4a e0       	ldi	r20, 0x0A	; 10
     5c6:	50 e0       	ldi	r21, 0x00	; 0
     5c8:	be 01       	movw	r22, r28
     5ca:	6f 5f       	subi	r22, 0xFF	; 255
     5cc:	7f 4f       	sbci	r23, 0xFF	; 255
     5ce:	0e 94 49 13 	call	0x2692	; 0x2692 <strtol>
    if (text == end || *end != '\0') return 0U;
     5d2:	e9 81       	ldd	r30, Y+1	; 0x01
     5d4:	fa 81       	ldd	r31, Y+2	; 0x02
     5d6:	0e 17       	cp	r16, r30
     5d8:	1f 07       	cpc	r17, r31
     5da:	51 f0       	breq	.+20     	; 0x5f0 <parse_i32+0x46>
     5dc:	20 81       	ld	r18, Z
     5de:	21 11       	cpse	r18, r1
     5e0:	09 c0       	rjmp	.+18     	; 0x5f4 <parse_i32+0x4a>
    *value = (int32_t)parsed;
     5e2:	f7 01       	movw	r30, r14
     5e4:	60 83       	st	Z, r22
     5e6:	71 83       	std	Z+1, r23	; 0x01
     5e8:	82 83       	std	Z+2, r24	; 0x02
     5ea:	93 83       	std	Z+3, r25	; 0x03
    return 1U;
     5ec:	81 e0       	ldi	r24, 0x01	; 1
     5ee:	03 c0       	rjmp	.+6      	; 0x5f6 <parse_i32+0x4c>

static uint8_t parse_i32(const char *text, int32_t *value)
{
    char *end = 0;
    long parsed = strtol(text, &end, 10);
    if (text == end || *end != '\0') return 0U;
     5f0:	80 e0       	ldi	r24, 0x00	; 0
     5f2:	01 c0       	rjmp	.+2      	; 0x5f6 <parse_i32+0x4c>
     5f4:	80 e0       	ldi	r24, 0x00	; 0
    *value = (int32_t)parsed;
    return 1U;
}
     5f6:	0f 90       	pop	r0
     5f8:	0f 90       	pop	r0
     5fa:	df 91       	pop	r29
     5fc:	cf 91       	pop	r28
     5fe:	1f 91       	pop	r17
     600:	0f 91       	pop	r16
     602:	ff 90       	pop	r15
     604:	ef 90       	pop	r14
     606:	08 95       	ret

00000608 <get_three_i32>:
    uart0_print("\r\n");
}

static uint8_t get_three_i32(char *a, char *b, char *c,
                             int32_t *va, int32_t *vb, int32_t *vc)
{
     608:	cf 92       	push	r12
     60a:	df 92       	push	r13
     60c:	ef 92       	push	r14
     60e:	ff 92       	push	r15
     610:	0f 93       	push	r16
     612:	1f 93       	push	r17
     614:	cf 93       	push	r28
     616:	df 93       	push	r29
    return a && b && c &&
           parse_i32(a, va) && parse_i32(b, vb) && parse_i32(c, vc);
     618:	00 97       	sbiw	r24, 0x00	; 0
     61a:	d9 f0       	breq	.+54     	; 0x652 <get_three_i32+0x4a>
}

static uint8_t get_three_i32(char *a, char *b, char *c,
                             int32_t *va, int32_t *vb, int32_t *vc)
{
    return a && b && c &&
     61c:	61 15       	cp	r22, r1
     61e:	71 05       	cpc	r23, r1
     620:	d1 f0       	breq	.+52     	; 0x656 <get_three_i32+0x4e>
     622:	41 15       	cp	r20, r1
     624:	51 05       	cpc	r21, r1
     626:	c9 f0       	breq	.+50     	; 0x65a <get_three_i32+0x52>
     628:	6a 01       	movw	r12, r20
     62a:	eb 01       	movw	r28, r22
           parse_i32(a, va) && parse_i32(b, vb) && parse_i32(c, vc);
     62c:	b9 01       	movw	r22, r18
     62e:	0e 94 d5 02 	call	0x5aa	; 0x5aa <parse_i32>
}

static uint8_t get_three_i32(char *a, char *b, char *c,
                             int32_t *va, int32_t *vb, int32_t *vc)
{
    return a && b && c &&
     632:	88 23       	and	r24, r24
     634:	a1 f0       	breq	.+40     	; 0x65e <get_three_i32+0x56>
           parse_i32(a, va) && parse_i32(b, vb) && parse_i32(c, vc);
     636:	b8 01       	movw	r22, r16
     638:	ce 01       	movw	r24, r28
     63a:	0e 94 d5 02 	call	0x5aa	; 0x5aa <parse_i32>
     63e:	88 23       	and	r24, r24
     640:	81 f0       	breq	.+32     	; 0x662 <get_three_i32+0x5a>
     642:	b7 01       	movw	r22, r14
     644:	c6 01       	movw	r24, r12
     646:	0e 94 d5 02 	call	0x5aa	; 0x5aa <parse_i32>
     64a:	88 23       	and	r24, r24
     64c:	61 f0       	breq	.+24     	; 0x666 <get_three_i32+0x5e>
     64e:	81 e0       	ldi	r24, 0x01	; 1
     650:	0b c0       	rjmp	.+22     	; 0x668 <get_three_i32+0x60>
     652:	80 e0       	ldi	r24, 0x00	; 0
     654:	09 c0       	rjmp	.+18     	; 0x668 <get_three_i32+0x60>
     656:	80 e0       	ldi	r24, 0x00	; 0
     658:	07 c0       	rjmp	.+14     	; 0x668 <get_three_i32+0x60>
     65a:	80 e0       	ldi	r24, 0x00	; 0
     65c:	05 c0       	rjmp	.+10     	; 0x668 <get_three_i32+0x60>
     65e:	80 e0       	ldi	r24, 0x00	; 0
     660:	03 c0       	rjmp	.+6      	; 0x668 <get_three_i32+0x60>
     662:	80 e0       	ldi	r24, 0x00	; 0
     664:	01 c0       	rjmp	.+2      	; 0x668 <get_three_i32+0x60>
     666:	80 e0       	ldi	r24, 0x00	; 0
}
     668:	df 91       	pop	r29
     66a:	cf 91       	pop	r28
     66c:	1f 91       	pop	r17
     66e:	0f 91       	pop	r16
     670:	ff 90       	pop	r15
     672:	ef 90       	pop	r14
     674:	df 90       	pop	r13
     676:	cf 90       	pop	r12
     678:	08 95       	ret

0000067a <print_calibration>:
    return 1U;
}

static void print_calibration(const calibration_record_t *cal,
                              calibration_status_t status)
{
     67a:	1f 93       	push	r17
     67c:	cf 93       	push	r28
     67e:	df 93       	push	r29
     680:	ec 01       	movw	r28, r24
     682:	16 2f       	mov	r17, r22
    uart0_print("$ND280CAL,STATE=");
     684:	8e e3       	ldi	r24, 0x3E	; 62
     686:	91 e0       	ldi	r25, 0x01	; 1
     688:	0e 94 78 10 	call	0x20f0	; 0x20f0 <uart0_print>
    uart0_print(status_text(status));
     68c:	81 2f       	mov	r24, r17
     68e:	0e 94 3e 02 	call	0x47c	; 0x47c <status_text>
     692:	0e 94 78 10 	call	0x20f0	; 0x20f0 <uart0_print>
    uart0_print(",VER=");
     696:	84 e9       	ldi	r24, 0x94	; 148
     698:	96 e0       	ldi	r25, 0x06	; 6
     69a:	0e 94 78 10 	call	0x20f0	; 0x20f0 <uart0_print>
    uart0_print_uint16(cal->version);
     69e:	8c 81       	ldd	r24, Y+4	; 0x04
     6a0:	9d 81       	ldd	r25, Y+5	; 0x05
     6a2:	0e 94 9a 10 	call	0x2134	; 0x2134 <uart0_print_uint16>
    uart0_print(",COUNT=");
     6a6:	8f e4       	ldi	r24, 0x4F	; 79
     6a8:	91 e0       	ldi	r25, 0x01	; 1
     6aa:	0e 94 78 10 	call	0x20f0	; 0x20f0 <uart0_print>
    uart0_print_uint32(cal->calibration_counter);
     6ae:	68 a9       	ldd	r22, Y+48	; 0x30
     6b0:	79 a9       	ldd	r23, Y+49	; 0x31
     6b2:	8a a9       	ldd	r24, Y+50	; 0x32
     6b4:	9b a9       	ldd	r25, Y+51	; 0x33
     6b6:	0e 94 f1 10 	call	0x21e2	; 0x21e2 <uart0_print_uint32>
    uart0_print(",OX=");
     6ba:	87 e5       	ldi	r24, 0x57	; 87
     6bc:	91 e0       	ldi	r25, 0x01	; 1
     6be:	0e 94 78 10 	call	0x20f0	; 0x20f0 <uart0_print>
    uart0_print_int32(cal->offset_x_x100);
     6c2:	68 85       	ldd	r22, Y+8	; 0x08
     6c4:	79 85       	ldd	r23, Y+9	; 0x09
     6c6:	8a 85       	ldd	r24, Y+10	; 0x0a
     6c8:	9b 85       	ldd	r25, Y+11	; 0x0b
     6ca:	0e 94 36 11 	call	0x226c	; 0x226c <uart0_print_int32>
    uart0_print(",OY=");
     6ce:	8c e5       	ldi	r24, 0x5C	; 92
     6d0:	91 e0       	ldi	r25, 0x01	; 1
     6d2:	0e 94 78 10 	call	0x20f0	; 0x20f0 <uart0_print>
    uart0_print_int32(cal->offset_y_x100);
     6d6:	6c 85       	ldd	r22, Y+12	; 0x0c
     6d8:	7d 85       	ldd	r23, Y+13	; 0x0d
     6da:	8e 85       	ldd	r24, Y+14	; 0x0e
     6dc:	9f 85       	ldd	r25, Y+15	; 0x0f
     6de:	0e 94 36 11 	call	0x226c	; 0x226c <uart0_print_int32>
    uart0_print(",OZ=");
     6e2:	81 e6       	ldi	r24, 0x61	; 97
     6e4:	91 e0       	ldi	r25, 0x01	; 1
     6e6:	0e 94 78 10 	call	0x20f0	; 0x20f0 <uart0_print>
    uart0_print_int32(cal->offset_z_x100);
     6ea:	68 89       	ldd	r22, Y+16	; 0x10
     6ec:	79 89       	ldd	r23, Y+17	; 0x11
     6ee:	8a 89       	ldd	r24, Y+18	; 0x12
     6f0:	9b 89       	ldd	r25, Y+19	; 0x13
     6f2:	0e 94 36 11 	call	0x226c	; 0x226c <uart0_print_int32>
    uart0_print(",GX=");
     6f6:	86 e6       	ldi	r24, 0x66	; 102
     6f8:	91 e0       	ldi	r25, 0x01	; 1
     6fa:	0e 94 78 10 	call	0x20f0	; 0x20f0 <uart0_print>
    uart0_print_int32(cal->gain_x_ppm);
     6fe:	6c 89       	ldd	r22, Y+20	; 0x14
     700:	7d 89       	ldd	r23, Y+21	; 0x15
     702:	8e 89       	ldd	r24, Y+22	; 0x16
     704:	9f 89       	ldd	r25, Y+23	; 0x17
     706:	0e 94 36 11 	call	0x226c	; 0x226c <uart0_print_int32>
    uart0_print(",GY=");
     70a:	8b e6       	ldi	r24, 0x6B	; 107
     70c:	91 e0       	ldi	r25, 0x01	; 1
     70e:	0e 94 78 10 	call	0x20f0	; 0x20f0 <uart0_print>
    uart0_print_int32(cal->gain_y_ppm);
     712:	68 8d       	ldd	r22, Y+24	; 0x18
     714:	79 8d       	ldd	r23, Y+25	; 0x19
     716:	8a 8d       	ldd	r24, Y+26	; 0x1a
     718:	9b 8d       	ldd	r25, Y+27	; 0x1b
     71a:	0e 94 36 11 	call	0x226c	; 0x226c <uart0_print_int32>
    uart0_print(",GZ=");
     71e:	80 e7       	ldi	r24, 0x70	; 112
     720:	91 e0       	ldi	r25, 0x01	; 1
     722:	0e 94 78 10 	call	0x20f0	; 0x20f0 <uart0_print>
    uart0_print_int32(cal->gain_z_ppm);
     726:	6c 8d       	ldd	r22, Y+28	; 0x1c
     728:	7d 8d       	ldd	r23, Y+29	; 0x1d
     72a:	8e 8d       	ldd	r24, Y+30	; 0x1e
     72c:	9f 8d       	ldd	r25, Y+31	; 0x1f
     72e:	0e 94 36 11 	call	0x226c	; 0x226c <uart0_print_int32>
    uart0_print(",NX=");
     732:	85 e7       	ldi	r24, 0x75	; 117
     734:	91 e0       	ldi	r25, 0x01	; 1
     736:	0e 94 78 10 	call	0x20f0	; 0x20f0 <uart0_print>
    uart0_print_uint32(cal->noise_sigma_x_x10000);
     73a:	68 a1       	ldd	r22, Y+32	; 0x20
     73c:	79 a1       	ldd	r23, Y+33	; 0x21
     73e:	8a a1       	ldd	r24, Y+34	; 0x22
     740:	9b a1       	ldd	r25, Y+35	; 0x23
     742:	0e 94 f1 10 	call	0x21e2	; 0x21e2 <uart0_print_uint32>
    uart0_print(",NY=");
     746:	8a e7       	ldi	r24, 0x7A	; 122
     748:	91 e0       	ldi	r25, 0x01	; 1
     74a:	0e 94 78 10 	call	0x20f0	; 0x20f0 <uart0_print>
    uart0_print_uint32(cal->noise_sigma_y_x10000);
     74e:	6c a1       	ldd	r22, Y+36	; 0x24
     750:	7d a1       	ldd	r23, Y+37	; 0x25
     752:	8e a1       	ldd	r24, Y+38	; 0x26
     754:	9f a1       	ldd	r25, Y+39	; 0x27
     756:	0e 94 f1 10 	call	0x21e2	; 0x21e2 <uart0_print_uint32>
    uart0_print(",NZ=");
     75a:	8f e7       	ldi	r24, 0x7F	; 127
     75c:	91 e0       	ldi	r25, 0x01	; 1
     75e:	0e 94 78 10 	call	0x20f0	; 0x20f0 <uart0_print>
    uart0_print_uint32(cal->noise_sigma_z_x10000);
     762:	68 a5       	ldd	r22, Y+40	; 0x28
     764:	79 a5       	ldd	r23, Y+41	; 0x29
     766:	8a a5       	ldd	r24, Y+42	; 0x2a
     768:	9b a5       	ldd	r25, Y+43	; 0x2b
     76a:	0e 94 f1 10 	call	0x21e2	; 0x21e2 <uart0_print_uint32>
    uart0_print(",TCAL=");
     76e:	84 e8       	ldi	r24, 0x84	; 132
     770:	91 e0       	ldi	r25, 0x01	; 1
     772:	0e 94 78 10 	call	0x20f0	; 0x20f0 <uart0_print>
    uart0_print_int32(cal->calibration_temperature_x100);
     776:	6c a5       	ldd	r22, Y+44	; 0x2c
     778:	7d a5       	ldd	r23, Y+45	; 0x2d
     77a:	8e a5       	ldd	r24, Y+46	; 0x2e
     77c:	9f a5       	ldd	r25, Y+47	; 0x2f
     77e:	0e 94 36 11 	call	0x226c	; 0x226c <uart0_print_int32>
    uart0_print("\r\n");
     782:	88 ef       	ldi	r24, 0xF8	; 248
     784:	96 e0       	ldi	r25, 0x06	; 6
     786:	0e 94 78 10 	call	0x20f0	; 0x20f0 <uart0_print>
}
     78a:	df 91       	pop	r29
     78c:	cf 91       	pop	r28
     78e:	1f 91       	pop	r17
     790:	08 95       	ret

00000792 <process_command>:

static void process_command(char *line,
                            calibration_record_t *cal,
                            calibration_status_t *status,
                            uint8_t node_id)
{
     792:	6f 92       	push	r6
     794:	7f 92       	push	r7
     796:	8f 92       	push	r8
     798:	9f 92       	push	r9
     79a:	af 92       	push	r10
     79c:	bf 92       	push	r11
     79e:	cf 92       	push	r12
     7a0:	df 92       	push	r13
     7a2:	ef 92       	push	r14
     7a4:	ff 92       	push	r15
     7a6:	0f 93       	push	r16
     7a8:	1f 93       	push	r17
     7aa:	cf 93       	push	r28
     7ac:	df 93       	push	r29
     7ae:	cd b7       	in	r28, 0x3d	; 61
     7b0:	de b7       	in	r29, 0x3e	; 62
     7b2:	2c 97       	sbiw	r28, 0x0c	; 12
     7b4:	0f b6       	in	r0, 0x3f	; 63
     7b6:	f8 94       	cli
     7b8:	de bf       	out	0x3e, r29	; 62
     7ba:	0f be       	out	0x3f, r0	; 63
     7bc:	cd bf       	out	0x3d, r28	; 61
     7be:	5b 01       	movw	r10, r22
     7c0:	6a 01       	movw	r12, r20
     7c2:	f2 2e       	mov	r15, r18
    char *command = strtok(line, " ");
     7c4:	6b e8       	ldi	r22, 0x8B	; 139
     7c6:	71 e0       	ldi	r23, 0x01	; 1
     7c8:	0e 94 5d 15 	call	0x2aba	; 0x2aba <strtok>
     7cc:	8c 01       	movw	r16, r24
    if (!command) return;
     7ce:	00 97       	sbiw	r24, 0x00	; 0
     7d0:	09 f4       	brne	.+2      	; 0x7d4 <process_command+0x42>
     7d2:	f9 c1       	rjmp	.+1010   	; 0xbc6 <__stack+0x2c7>

    if (strcmp(command, "HELP") == 0) {
     7d4:	6d e8       	ldi	r22, 0x8D	; 141
     7d6:	71 e0       	ldi	r23, 0x01	; 1
     7d8:	0e 94 76 15 	call	0x2aec	; 0x2aec <strcmp>
     7dc:	89 2b       	or	r24, r25
     7de:	29 f4       	brne	.+10     	; 0x7ea <process_command+0x58>
        uart0_print("$ND280RSP,COMMANDS=:HELP|:INFO|:IDENTITY|:DIAG|:DIAG WDT TEST|:CAL READ|:CAL OFFSET x y z|:CAL GAIN x y z|:CAL NOISE x y z|:CAL TEMP t|:CAL SAVE|:CAL RESET\r\n");
     7e0:	82 e9       	ldi	r24, 0x92	; 146
     7e2:	91 e0       	ldi	r25, 0x01	; 1
     7e4:	0e 94 78 10 	call	0x20f0	; 0x20f0 <uart0_print>
        return;
     7e8:	ee c1       	rjmp	.+988    	; 0xbc6 <__stack+0x2c7>
    }

    if (strcmp(command, "INFO") == 0 || strcmp(command, "IDENTITY") == 0) {
     7ea:	60 e3       	ldi	r22, 0x30	; 48
     7ec:	72 e0       	ldi	r23, 0x02	; 2
     7ee:	c8 01       	movw	r24, r16
     7f0:	0e 94 76 15 	call	0x2aec	; 0x2aec <strcmp>
     7f4:	89 2b       	or	r24, r25
     7f6:	39 f0       	breq	.+14     	; 0x806 <__DATA_REGION_LENGTH__+0x6>
     7f8:	65 e3       	ldi	r22, 0x35	; 53
     7fa:	72 e0       	ldi	r23, 0x02	; 2
     7fc:	c8 01       	movw	r24, r16
     7fe:	0e 94 76 15 	call	0x2aec	; 0x2aec <strcmp>
     802:	89 2b       	or	r24, r25
     804:	31 f4       	brne	.+12     	; 0x812 <__DATA_REGION_LENGTH__+0x12>
        node_identity_print_info(node_id, *status);
     806:	f6 01       	movw	r30, r12
     808:	60 81       	ld	r22, Z
     80a:	8f 2d       	mov	r24, r15
     80c:	0e 94 0e 0b 	call	0x161c	; 0x161c <node_identity_print_info>
        return;
     810:	da c1       	rjmp	.+948    	; 0xbc6 <__stack+0x2c7>
    }

    if (strcmp(command, "DIAG") == 0) {
     812:	6e e3       	ldi	r22, 0x3E	; 62
     814:	72 e0       	ldi	r23, 0x02	; 2
     816:	c8 01       	movw	r24, r16
     818:	0e 94 76 15 	call	0x2aec	; 0x2aec <strcmp>
     81c:	89 2b       	or	r24, r25
     81e:	69 f5       	brne	.+90     	; 0x87a <__DATA_REGION_LENGTH__+0x7a>
        char *diag_subcommand = strtok(0, " ");
     820:	6b e8       	ldi	r22, 0x8B	; 139
     822:	71 e0       	ldi	r23, 0x01	; 1
     824:	80 e0       	ldi	r24, 0x00	; 0
     826:	90 e0       	ldi	r25, 0x00	; 0
     828:	0e 94 5d 15 	call	0x2aba	; 0x2aba <strtok>
        if (diag_subcommand == 0) {
     82c:	00 97       	sbiw	r24, 0x00	; 0
     82e:	21 f4       	brne	.+8      	; 0x838 <__DATA_REGION_LENGTH__+0x38>
            diagnostics_print_response(node_id);
     830:	8f 2d       	mov	r24, r15
     832:	0e 94 ac 08 	call	0x1158	; 0x1158 <diagnostics_print_response>
            return;
     836:	c7 c1       	rjmp	.+910    	; 0xbc6 <__stack+0x2c7>
        }

        if (strcmp(diag_subcommand, "WDT") == 0) {
     838:	63 e4       	ldi	r22, 0x43	; 67
     83a:	72 e0       	ldi	r23, 0x02	; 2
     83c:	0e 94 76 15 	call	0x2aec	; 0x2aec <strcmp>
     840:	89 2b       	or	r24, r25
     842:	b1 f4       	brne	.+44     	; 0x870 <__DATA_REGION_LENGTH__+0x70>
            char *action = strtok(0, " ");
     844:	6b e8       	ldi	r22, 0x8B	; 139
     846:	71 e0       	ldi	r23, 0x01	; 1
     848:	80 e0       	ldi	r24, 0x00	; 0
     84a:	90 e0       	ldi	r25, 0x00	; 0
     84c:	0e 94 5d 15 	call	0x2aba	; 0x2aba <strtok>
            if (action != 0 && strcmp(action, "TEST") == 0) {
     850:	00 97       	sbiw	r24, 0x00	; 0
     852:	49 f0       	breq	.+18     	; 0x866 <__DATA_REGION_LENGTH__+0x66>
     854:	67 e4       	ldi	r22, 0x47	; 71
     856:	72 e0       	ldi	r23, 0x02	; 2
     858:	0e 94 76 15 	call	0x2aec	; 0x2aec <strcmp>
     85c:	89 2b       	or	r24, r25
     85e:	19 f4       	brne	.+6      	; 0x866 <__DATA_REGION_LENGTH__+0x66>
                watchdog_service_force_test_reset();
     860:	0e 94 a1 11 	call	0x2342	; 0x2342 <watchdog_service_force_test_reset>
                return;
     864:	b0 c1       	rjmp	.+864    	; 0xbc6 <__stack+0x2c7>
            }
            response_error("BAD_DIAG_WDT_COMMAND");
     866:	8c e4       	ldi	r24, 0x4C	; 76
     868:	92 e0       	ldi	r25, 0x02	; 2
     86a:	0e 94 5c 02 	call	0x4b8	; 0x4b8 <response_error>
            return;
     86e:	ab c1       	rjmp	.+854    	; 0xbc6 <__stack+0x2c7>
        }

        response_error("UNKNOWN_DIAG_SUBCOMMAND");
     870:	81 e6       	ldi	r24, 0x61	; 97
     872:	92 e0       	ldi	r25, 0x02	; 2
     874:	0e 94 5c 02 	call	0x4b8	; 0x4b8 <response_error>
        return;
     878:	a6 c1       	rjmp	.+844    	; 0xbc6 <__stack+0x2c7>
    }

    if (strcmp(command, "CAL") != 0) {
     87a:	69 e7       	ldi	r22, 0x79	; 121
     87c:	72 e0       	ldi	r23, 0x02	; 2
     87e:	c8 01       	movw	r24, r16
     880:	0e 94 76 15 	call	0x2aec	; 0x2aec <strcmp>
     884:	89 2b       	or	r24, r25
     886:	29 f0       	breq	.+10     	; 0x892 <__DATA_REGION_LENGTH__+0x92>
        response_error("UNKNOWN_COMMAND");
     888:	8d e7       	ldi	r24, 0x7D	; 125
     88a:	92 e0       	ldi	r25, 0x02	; 2
     88c:	0e 94 5c 02 	call	0x4b8	; 0x4b8 <response_error>
        return;
     890:	9a c1       	rjmp	.+820    	; 0xbc6 <__stack+0x2c7>
    }

    char *subcommand = strtok(0, " ");
     892:	6b e8       	ldi	r22, 0x8B	; 139
     894:	71 e0       	ldi	r23, 0x01	; 1
     896:	80 e0       	ldi	r24, 0x00	; 0
     898:	90 e0       	ldi	r25, 0x00	; 0
     89a:	0e 94 5d 15 	call	0x2aba	; 0x2aba <strtok>
     89e:	8c 01       	movw	r16, r24
    if (!subcommand) {
     8a0:	00 97       	sbiw	r24, 0x00	; 0
     8a2:	29 f4       	brne	.+10     	; 0x8ae <__DATA_REGION_LENGTH__+0xae>
        response_error("MISSING_CAL_SUBCOMMAND");
     8a4:	8d e8       	ldi	r24, 0x8D	; 141
     8a6:	92 e0       	ldi	r25, 0x02	; 2
     8a8:	0e 94 5c 02 	call	0x4b8	; 0x4b8 <response_error>
        return;
     8ac:	8c c1       	rjmp	.+792    	; 0xbc6 <__stack+0x2c7>
    }

    if (strcmp(subcommand, "READ") == 0) {
     8ae:	6e e1       	ldi	r22, 0x1E	; 30
     8b0:	74 e0       	ldi	r23, 0x04	; 4
     8b2:	0e 94 76 15 	call	0x2aec	; 0x2aec <strcmp>
     8b6:	89 2b       	or	r24, r25
     8b8:	31 f4       	brne	.+12     	; 0x8c6 <__DATA_REGION_LENGTH__+0xc6>
        print_calibration(cal, *status);
     8ba:	f6 01       	movw	r30, r12
     8bc:	60 81       	ld	r22, Z
     8be:	c5 01       	movw	r24, r10
     8c0:	0e 94 3d 03 	call	0x67a	; 0x67a <print_calibration>
        return;
     8c4:	80 c1       	rjmp	.+768    	; 0xbc6 <__stack+0x2c7>
    }

    if (strcmp(subcommand, "OFFSET") == 0) {
     8c6:	6d eb       	ldi	r22, 0xBD	; 189
     8c8:	72 e0       	ldi	r23, 0x02	; 2
     8ca:	c8 01       	movw	r24, r16
     8cc:	0e 94 76 15 	call	0x2aec	; 0x2aec <strcmp>
     8d0:	89 2b       	or	r24, r25
     8d2:	09 f0       	breq	.+2      	; 0x8d6 <__DATA_REGION_LENGTH__+0xd6>
     8d4:	49 c0       	rjmp	.+146    	; 0x968 <__stack+0x69>
        int32_t x, y, z;
        if (!get_three_i32(strtok(0, " "), strtok(0, " "), strtok(0, " "), &x, &y, &z)) {
     8d6:	6b e8       	ldi	r22, 0x8B	; 139
     8d8:	71 e0       	ldi	r23, 0x01	; 1
     8da:	80 e0       	ldi	r24, 0x00	; 0
     8dc:	90 e0       	ldi	r25, 0x00	; 0
     8de:	0e 94 5d 15 	call	0x2aba	; 0x2aba <strtok>
     8e2:	3c 01       	movw	r6, r24
     8e4:	6b e8       	ldi	r22, 0x8B	; 139
     8e6:	71 e0       	ldi	r23, 0x01	; 1
     8e8:	80 e0       	ldi	r24, 0x00	; 0
     8ea:	90 e0       	ldi	r25, 0x00	; 0
     8ec:	0e 94 5d 15 	call	0x2aba	; 0x2aba <strtok>
     8f0:	4c 01       	movw	r8, r24
     8f2:	6b e8       	ldi	r22, 0x8B	; 139
     8f4:	71 e0       	ldi	r23, 0x01	; 1
     8f6:	80 e0       	ldi	r24, 0x00	; 0
     8f8:	90 e0       	ldi	r25, 0x00	; 0
     8fa:	0e 94 5d 15 	call	0x2aba	; 0x2aba <strtok>
     8fe:	9e 01       	movw	r18, r28
     900:	2f 5f       	subi	r18, 0xFF	; 255
     902:	3f 4f       	sbci	r19, 0xFF	; 255
     904:	79 01       	movw	r14, r18
     906:	8e 01       	movw	r16, r28
     908:	0b 5f       	subi	r16, 0xFB	; 251
     90a:	1f 4f       	sbci	r17, 0xFF	; 255
     90c:	28 5f       	subi	r18, 0xF8	; 248
     90e:	3f 4f       	sbci	r19, 0xFF	; 255
     910:	a3 01       	movw	r20, r6
     912:	b4 01       	movw	r22, r8
     914:	0e 94 04 03 	call	0x608	; 0x608 <get_three_i32>
     918:	81 11       	cpse	r24, r1
     91a:	05 c0       	rjmp	.+10     	; 0x926 <__stack+0x27>
            response_error("BAD_OFFSET_ARGUMENTS");
     91c:	84 ea       	ldi	r24, 0xA4	; 164
     91e:	92 e0       	ldi	r25, 0x02	; 2
     920:	0e 94 5c 02 	call	0x4b8	; 0x4b8 <response_error>
            return;
     924:	50 c1       	rjmp	.+672    	; 0xbc6 <__stack+0x2c7>
        }
        cal->offset_x_x100 = x;
     926:	89 85       	ldd	r24, Y+9	; 0x09
     928:	9a 85       	ldd	r25, Y+10	; 0x0a
     92a:	ab 85       	ldd	r26, Y+11	; 0x0b
     92c:	bc 85       	ldd	r27, Y+12	; 0x0c
     92e:	f5 01       	movw	r30, r10
     930:	80 87       	std	Z+8, r24	; 0x08
     932:	91 87       	std	Z+9, r25	; 0x09
     934:	a2 87       	std	Z+10, r26	; 0x0a
     936:	b3 87       	std	Z+11, r27	; 0x0b
        cal->offset_y_x100 = y;
     938:	8d 81       	ldd	r24, Y+5	; 0x05
     93a:	9e 81       	ldd	r25, Y+6	; 0x06
     93c:	af 81       	ldd	r26, Y+7	; 0x07
     93e:	b8 85       	ldd	r27, Y+8	; 0x08
     940:	84 87       	std	Z+12, r24	; 0x0c
     942:	95 87       	std	Z+13, r25	; 0x0d
     944:	a6 87       	std	Z+14, r26	; 0x0e
     946:	b7 87       	std	Z+15, r27	; 0x0f
        cal->offset_z_x100 = z;
     948:	89 81       	ldd	r24, Y+1	; 0x01
     94a:	9a 81       	ldd	r25, Y+2	; 0x02
     94c:	ab 81       	ldd	r26, Y+3	; 0x03
     94e:	bc 81       	ldd	r27, Y+4	; 0x04
     950:	80 8b       	std	Z+16, r24	; 0x10
     952:	91 8b       	std	Z+17, r25	; 0x11
     954:	a2 8b       	std	Z+18, r26	; 0x12
     956:	b3 8b       	std	Z+19, r27	; 0x13
        *status = CALIBRATION_STATUS_DIRTY;
     958:	82 e0       	ldi	r24, 0x02	; 2
     95a:	f6 01       	movw	r30, r12
     95c:	80 83       	st	Z, r24
        response_ok("CAL_OFFSET");
     95e:	89 eb       	ldi	r24, 0xB9	; 185
     960:	92 e0       	ldi	r25, 0x02	; 2
     962:	0e 94 4b 02 	call	0x496	; 0x496 <response_ok>
        return;
     966:	2f c1       	rjmp	.+606    	; 0xbc6 <__stack+0x2c7>
    }

    if (strcmp(subcommand, "GAIN") == 0) {
     968:	6b ed       	ldi	r22, 0xDB	; 219
     96a:	72 e0       	ldi	r23, 0x02	; 2
     96c:	c8 01       	movw	r24, r16
     96e:	0e 94 76 15 	call	0x2aec	; 0x2aec <strcmp>
     972:	89 2b       	or	r24, r25
     974:	09 f0       	breq	.+2      	; 0x978 <__stack+0x79>
     976:	58 c0       	rjmp	.+176    	; 0xa28 <__stack+0x129>
        int32_t x, y, z;
        if (!get_three_i32(strtok(0, " "), strtok(0, " "), strtok(0, " "), &x, &y, &z) ||
     978:	6b e8       	ldi	r22, 0x8B	; 139
     97a:	71 e0       	ldi	r23, 0x01	; 1
     97c:	80 e0       	ldi	r24, 0x00	; 0
     97e:	90 e0       	ldi	r25, 0x00	; 0
     980:	0e 94 5d 15 	call	0x2aba	; 0x2aba <strtok>
     984:	3c 01       	movw	r6, r24
     986:	6b e8       	ldi	r22, 0x8B	; 139
     988:	71 e0       	ldi	r23, 0x01	; 1
     98a:	80 e0       	ldi	r24, 0x00	; 0
     98c:	90 e0       	ldi	r25, 0x00	; 0
     98e:	0e 94 5d 15 	call	0x2aba	; 0x2aba <strtok>
     992:	4c 01       	movw	r8, r24
     994:	6b e8       	ldi	r22, 0x8B	; 139
     996:	71 e0       	ldi	r23, 0x01	; 1
     998:	80 e0       	ldi	r24, 0x00	; 0
     99a:	90 e0       	ldi	r25, 0x00	; 0
     99c:	0e 94 5d 15 	call	0x2aba	; 0x2aba <strtok>
     9a0:	9e 01       	movw	r18, r28
     9a2:	2f 5f       	subi	r18, 0xFF	; 255
     9a4:	3f 4f       	sbci	r19, 0xFF	; 255
     9a6:	79 01       	movw	r14, r18
     9a8:	8e 01       	movw	r16, r28
     9aa:	0b 5f       	subi	r16, 0xFB	; 251
     9ac:	1f 4f       	sbci	r17, 0xFF	; 255
     9ae:	28 5f       	subi	r18, 0xF8	; 248
     9b0:	3f 4f       	sbci	r19, 0xFF	; 255
     9b2:	a3 01       	movw	r20, r6
     9b4:	b4 01       	movw	r22, r8
     9b6:	0e 94 04 03 	call	0x608	; 0x608 <get_three_i32>
     9ba:	88 23       	and	r24, r24
     9bc:	d9 f0       	breq	.+54     	; 0x9f4 <__stack+0xf5>
            x <= 0L || y <= 0L || z <= 0L) {
     9be:	89 85       	ldd	r24, Y+9	; 0x09
     9c0:	9a 85       	ldd	r25, Y+10	; 0x0a
     9c2:	ab 85       	ldd	r26, Y+11	; 0x0b
     9c4:	bc 85       	ldd	r27, Y+12	; 0x0c
        return;
    }

    if (strcmp(subcommand, "GAIN") == 0) {
        int32_t x, y, z;
        if (!get_three_i32(strtok(0, " "), strtok(0, " "), strtok(0, " "), &x, &y, &z) ||
     9c6:	18 16       	cp	r1, r24
     9c8:	19 06       	cpc	r1, r25
     9ca:	1a 06       	cpc	r1, r26
     9cc:	1b 06       	cpc	r1, r27
     9ce:	94 f4       	brge	.+36     	; 0x9f4 <__stack+0xf5>
            x <= 0L || y <= 0L || z <= 0L) {
     9d0:	4d 81       	ldd	r20, Y+5	; 0x05
     9d2:	5e 81       	ldd	r21, Y+6	; 0x06
     9d4:	6f 81       	ldd	r22, Y+7	; 0x07
     9d6:	78 85       	ldd	r23, Y+8	; 0x08
     9d8:	14 16       	cp	r1, r20
     9da:	15 06       	cpc	r1, r21
     9dc:	16 06       	cpc	r1, r22
     9de:	17 06       	cpc	r1, r23
     9e0:	4c f4       	brge	.+18     	; 0x9f4 <__stack+0xf5>
     9e2:	09 81       	ldd	r16, Y+1	; 0x01
     9e4:	1a 81       	ldd	r17, Y+2	; 0x02
     9e6:	2b 81       	ldd	r18, Y+3	; 0x03
     9e8:	3c 81       	ldd	r19, Y+4	; 0x04
     9ea:	10 16       	cp	r1, r16
     9ec:	11 06       	cpc	r1, r17
     9ee:	12 06       	cpc	r1, r18
     9f0:	13 06       	cpc	r1, r19
     9f2:	2c f0       	brlt	.+10     	; 0x9fe <__stack+0xff>
            response_error("BAD_GAIN_ARGUMENTS");
     9f4:	84 ec       	ldi	r24, 0xC4	; 196
     9f6:	92 e0       	ldi	r25, 0x02	; 2
     9f8:	0e 94 5c 02 	call	0x4b8	; 0x4b8 <response_error>
            return;
     9fc:	e4 c0       	rjmp	.+456    	; 0xbc6 <__stack+0x2c7>
        }
        cal->gain_x_ppm = x;
     9fe:	f5 01       	movw	r30, r10
     a00:	84 8b       	std	Z+20, r24	; 0x14
     a02:	95 8b       	std	Z+21, r25	; 0x15
     a04:	a6 8b       	std	Z+22, r26	; 0x16
     a06:	b7 8b       	std	Z+23, r27	; 0x17
        cal->gain_y_ppm = y;
     a08:	40 8f       	std	Z+24, r20	; 0x18
     a0a:	51 8f       	std	Z+25, r21	; 0x19
     a0c:	62 8f       	std	Z+26, r22	; 0x1a
     a0e:	73 8f       	std	Z+27, r23	; 0x1b
        cal->gain_z_ppm = z;
     a10:	04 8f       	std	Z+28, r16	; 0x1c
     a12:	15 8f       	std	Z+29, r17	; 0x1d
     a14:	26 8f       	std	Z+30, r18	; 0x1e
     a16:	37 8f       	std	Z+31, r19	; 0x1f
        *status = CALIBRATION_STATUS_DIRTY;
     a18:	82 e0       	ldi	r24, 0x02	; 2
     a1a:	f6 01       	movw	r30, r12
     a1c:	80 83       	st	Z, r24
        response_ok("CAL_GAIN");
     a1e:	87 ed       	ldi	r24, 0xD7	; 215
     a20:	92 e0       	ldi	r25, 0x02	; 2
     a22:	0e 94 4b 02 	call	0x496	; 0x496 <response_ok>
        return;
     a26:	cf c0       	rjmp	.+414    	; 0xbc6 <__stack+0x2c7>
    }

    if (strcmp(subcommand, "NOISE") == 0) {
     a28:	68 ef       	ldi	r22, 0xF8	; 248
     a2a:	72 e0       	ldi	r23, 0x02	; 2
     a2c:	c8 01       	movw	r24, r16
     a2e:	0e 94 76 15 	call	0x2aec	; 0x2aec <strcmp>
     a32:	89 2b       	or	r24, r25
     a34:	09 f0       	breq	.+2      	; 0xa38 <__stack+0x139>
     a36:	49 c0       	rjmp	.+146    	; 0xaca <__stack+0x1cb>
        uint32_t x, y, z;
        if (!get_three_u32(strtok(0, " "), strtok(0, " "), strtok(0, " "), &x, &y, &z)) {
     a38:	6b e8       	ldi	r22, 0x8B	; 139
     a3a:	71 e0       	ldi	r23, 0x01	; 1
     a3c:	80 e0       	ldi	r24, 0x00	; 0
     a3e:	90 e0       	ldi	r25, 0x00	; 0
     a40:	0e 94 5d 15 	call	0x2aba	; 0x2aba <strtok>
     a44:	3c 01       	movw	r6, r24
     a46:	6b e8       	ldi	r22, 0x8B	; 139
     a48:	71 e0       	ldi	r23, 0x01	; 1
     a4a:	80 e0       	ldi	r24, 0x00	; 0
     a4c:	90 e0       	ldi	r25, 0x00	; 0
     a4e:	0e 94 5d 15 	call	0x2aba	; 0x2aba <strtok>
     a52:	4c 01       	movw	r8, r24
     a54:	6b e8       	ldi	r22, 0x8B	; 139
     a56:	71 e0       	ldi	r23, 0x01	; 1
     a58:	80 e0       	ldi	r24, 0x00	; 0
     a5a:	90 e0       	ldi	r25, 0x00	; 0
     a5c:	0e 94 5d 15 	call	0x2aba	; 0x2aba <strtok>
     a60:	9e 01       	movw	r18, r28
     a62:	2f 5f       	subi	r18, 0xFF	; 255
     a64:	3f 4f       	sbci	r19, 0xFF	; 255
     a66:	79 01       	movw	r14, r18
     a68:	8e 01       	movw	r16, r28
     a6a:	0b 5f       	subi	r16, 0xFB	; 251
     a6c:	1f 4f       	sbci	r17, 0xFF	; 255
     a6e:	28 5f       	subi	r18, 0xF8	; 248
     a70:	3f 4f       	sbci	r19, 0xFF	; 255
     a72:	a3 01       	movw	r20, r6
     a74:	b4 01       	movw	r22, r8
     a76:	0e 94 9c 02 	call	0x538	; 0x538 <get_three_u32>
     a7a:	81 11       	cpse	r24, r1
     a7c:	05 c0       	rjmp	.+10     	; 0xa88 <__stack+0x189>
            response_error("BAD_NOISE_ARGUMENTS");
     a7e:	80 ee       	ldi	r24, 0xE0	; 224
     a80:	92 e0       	ldi	r25, 0x02	; 2
     a82:	0e 94 5c 02 	call	0x4b8	; 0x4b8 <response_error>
            return;
     a86:	9f c0       	rjmp	.+318    	; 0xbc6 <__stack+0x2c7>
        }
        cal->noise_sigma_x_x10000 = x;
     a88:	89 85       	ldd	r24, Y+9	; 0x09
     a8a:	9a 85       	ldd	r25, Y+10	; 0x0a
     a8c:	ab 85       	ldd	r26, Y+11	; 0x0b
     a8e:	bc 85       	ldd	r27, Y+12	; 0x0c
     a90:	f5 01       	movw	r30, r10
     a92:	80 a3       	std	Z+32, r24	; 0x20
     a94:	91 a3       	std	Z+33, r25	; 0x21
     a96:	a2 a3       	std	Z+34, r26	; 0x22
     a98:	b3 a3       	std	Z+35, r27	; 0x23
        cal->noise_sigma_y_x10000 = y;
     a9a:	8d 81       	ldd	r24, Y+5	; 0x05
     a9c:	9e 81       	ldd	r25, Y+6	; 0x06
     a9e:	af 81       	ldd	r26, Y+7	; 0x07
     aa0:	b8 85       	ldd	r27, Y+8	; 0x08
     aa2:	84 a3       	std	Z+36, r24	; 0x24
     aa4:	95 a3       	std	Z+37, r25	; 0x25
     aa6:	a6 a3       	std	Z+38, r26	; 0x26
     aa8:	b7 a3       	std	Z+39, r27	; 0x27
        cal->noise_sigma_z_x10000 = z;
     aaa:	89 81       	ldd	r24, Y+1	; 0x01
     aac:	9a 81       	ldd	r25, Y+2	; 0x02
     aae:	ab 81       	ldd	r26, Y+3	; 0x03
     ab0:	bc 81       	ldd	r27, Y+4	; 0x04
     ab2:	80 a7       	std	Z+40, r24	; 0x28
     ab4:	91 a7       	std	Z+41, r25	; 0x29
     ab6:	a2 a7       	std	Z+42, r26	; 0x2a
     ab8:	b3 a7       	std	Z+43, r27	; 0x2b
        *status = CALIBRATION_STATUS_DIRTY;
     aba:	82 e0       	ldi	r24, 0x02	; 2
     abc:	f6 01       	movw	r30, r12
     abe:	80 83       	st	Z, r24
        response_ok("CAL_NOISE");
     ac0:	84 ef       	ldi	r24, 0xF4	; 244
     ac2:	92 e0       	ldi	r25, 0x02	; 2
     ac4:	0e 94 4b 02 	call	0x496	; 0x496 <response_ok>
        return;
     ac8:	7e c0       	rjmp	.+252    	; 0xbc6 <__stack+0x2c7>
    }

    if (strcmp(subcommand, "TEMP") == 0) {
     aca:	64 e1       	ldi	r22, 0x14	; 20
     acc:	73 e0       	ldi	r23, 0x03	; 3
     ace:	c8 01       	movw	r24, r16
     ad0:	0e 94 76 15 	call	0x2aec	; 0x2aec <strcmp>
     ad4:	89 2b       	or	r24, r25
     ad6:	29 f5       	brne	.+74     	; 0xb22 <__stack+0x223>
        int32_t value;
        char *argument = strtok(0, " ");
     ad8:	6b e8       	ldi	r22, 0x8B	; 139
     ada:	71 e0       	ldi	r23, 0x01	; 1
     adc:	80 e0       	ldi	r24, 0x00	; 0
     ade:	90 e0       	ldi	r25, 0x00	; 0
     ae0:	0e 94 5d 15 	call	0x2aba	; 0x2aba <strtok>
        if (!argument || !parse_i32(argument, &value)) {
     ae4:	00 97       	sbiw	r24, 0x00	; 0
     ae6:	39 f0       	breq	.+14     	; 0xaf6 <__stack+0x1f7>
     ae8:	be 01       	movw	r22, r28
     aea:	6f 5f       	subi	r22, 0xFF	; 255
     aec:	7f 4f       	sbci	r23, 0xFF	; 255
     aee:	0e 94 d5 02 	call	0x5aa	; 0x5aa <parse_i32>
     af2:	81 11       	cpse	r24, r1
     af4:	05 c0       	rjmp	.+10     	; 0xb00 <__stack+0x201>
            response_error("BAD_TEMP_ARGUMENT");
     af6:	8e ef       	ldi	r24, 0xFE	; 254
     af8:	92 e0       	ldi	r25, 0x02	; 2
     afa:	0e 94 5c 02 	call	0x4b8	; 0x4b8 <response_error>
            return;
     afe:	63 c0       	rjmp	.+198    	; 0xbc6 <__stack+0x2c7>
        }
        cal->calibration_temperature_x100 = value;
     b00:	89 81       	ldd	r24, Y+1	; 0x01
     b02:	9a 81       	ldd	r25, Y+2	; 0x02
     b04:	ab 81       	ldd	r26, Y+3	; 0x03
     b06:	bc 81       	ldd	r27, Y+4	; 0x04
     b08:	f5 01       	movw	r30, r10
     b0a:	84 a7       	std	Z+44, r24	; 0x2c
     b0c:	95 a7       	std	Z+45, r25	; 0x2d
     b0e:	a6 a7       	std	Z+46, r26	; 0x2e
     b10:	b7 a7       	std	Z+47, r27	; 0x2f
        *status = CALIBRATION_STATUS_DIRTY;
     b12:	82 e0       	ldi	r24, 0x02	; 2
     b14:	f6 01       	movw	r30, r12
     b16:	80 83       	st	Z, r24
        response_ok("CAL_TEMP");
     b18:	80 e1       	ldi	r24, 0x10	; 16
     b1a:	93 e0       	ldi	r25, 0x03	; 3
     b1c:	0e 94 4b 02 	call	0x496	; 0x496 <response_ok>
        return;
     b20:	52 c0       	rjmp	.+164    	; 0xbc6 <__stack+0x2c7>
    }

    if (strcmp(subcommand, "SAVE") == 0) {
     b22:	6d e1       	ldi	r22, 0x1D	; 29
     b24:	73 e0       	ldi	r23, 0x03	; 3
     b26:	c8 01       	movw	r24, r16
     b28:	0e 94 76 15 	call	0x2aec	; 0x2aec <strcmp>
     b2c:	89 2b       	or	r24, r25
     b2e:	79 f5       	brne	.+94     	; 0xb8e <__stack+0x28f>
        cal->calibration_counter++;
     b30:	f5 01       	movw	r30, r10
     b32:	80 a9       	ldd	r24, Z+48	; 0x30
     b34:	91 a9       	ldd	r25, Z+49	; 0x31
     b36:	a2 a9       	ldd	r26, Z+50	; 0x32
     b38:	b3 a9       	ldd	r27, Z+51	; 0x33
     b3a:	01 96       	adiw	r24, 0x01	; 1
     b3c:	a1 1d       	adc	r26, r1
     b3e:	b1 1d       	adc	r27, r1
     b40:	80 ab       	std	Z+48, r24	; 0x30
     b42:	91 ab       	std	Z+49, r25	; 0x31
     b44:	a2 ab       	std	Z+50, r26	; 0x32
     b46:	b3 ab       	std	Z+51, r27	; 0x33
        if (calibration_save(cal)) {
     b48:	c5 01       	movw	r24, r10
     b4a:	0e 94 7c 01 	call	0x2f8	; 0x2f8 <calibration_save>
     b4e:	88 23       	and	r24, r24
     b50:	69 f0       	breq	.+26     	; 0xb6c <__stack+0x26d>
            *status = CALIBRATION_STATUS_VALID;
     b52:	81 e0       	ldi	r24, 0x01	; 1
     b54:	f6 01       	movw	r30, r12
     b56:	80 83       	st	Z, r24
            response_ok("CAL_SAVE");
     b58:	89 e1       	ldi	r24, 0x19	; 25
     b5a:	93 e0       	ldi	r25, 0x03	; 3
     b5c:	0e 94 4b 02 	call	0x496	; 0x496 <response_ok>
            print_calibration(cal, *status);
     b60:	f6 01       	movw	r30, r12
     b62:	60 81       	ld	r22, Z
     b64:	c5 01       	movw	r24, r10
     b66:	0e 94 3d 03 	call	0x67a	; 0x67a <print_calibration>
     b6a:	2d c0       	rjmp	.+90     	; 0xbc6 <__stack+0x2c7>
        } else {
            cal->calibration_counter--;
     b6c:	f5 01       	movw	r30, r10
     b6e:	80 a9       	ldd	r24, Z+48	; 0x30
     b70:	91 a9       	ldd	r25, Z+49	; 0x31
     b72:	a2 a9       	ldd	r26, Z+50	; 0x32
     b74:	b3 a9       	ldd	r27, Z+51	; 0x33
     b76:	01 97       	sbiw	r24, 0x01	; 1
     b78:	a1 09       	sbc	r26, r1
     b7a:	b1 09       	sbc	r27, r1
     b7c:	80 ab       	std	Z+48, r24	; 0x30
     b7e:	91 ab       	std	Z+49, r25	; 0x31
     b80:	a2 ab       	std	Z+50, r26	; 0x32
     b82:	b3 ab       	std	Z+51, r27	; 0x33
            response_error("EEPROM_VERIFY_FAILED");
     b84:	82 e2       	ldi	r24, 0x22	; 34
     b86:	93 e0       	ldi	r25, 0x03	; 3
     b88:	0e 94 5c 02 	call	0x4b8	; 0x4b8 <response_error>
     b8c:	1c c0       	rjmp	.+56     	; 0xbc6 <__stack+0x2c7>
        }
        return;
    }

    if (strcmp(subcommand, "RESET") == 0) {
     b8e:	6b e3       	ldi	r22, 0x3B	; 59
     b90:	73 e0       	ldi	r23, 0x03	; 3
     b92:	c8 01       	movw	r24, r16
     b94:	0e 94 76 15 	call	0x2aec	; 0x2aec <strcmp>
     b98:	89 2b       	or	r24, r25
     b9a:	89 f4       	brne	.+34     	; 0xbbe <__stack+0x2bf>
        calibration_factory_reset();
     b9c:	0e 94 cf 01 	call	0x39e	; 0x39e <calibration_factory_reset>
        calibration_make_defaults(cal);
     ba0:	c5 01       	movw	r24, r10
     ba2:	0e 94 12 01 	call	0x224	; 0x224 <calibration_make_defaults>
        *status = CALIBRATION_STATUS_DEFAULT;
     ba6:	f6 01       	movw	r30, r12
     ba8:	10 82       	st	Z, r1
        response_ok("CAL_RESET");
     baa:	87 e3       	ldi	r24, 0x37	; 55
     bac:	93 e0       	ldi	r25, 0x03	; 3
     bae:	0e 94 4b 02 	call	0x496	; 0x496 <response_ok>
        print_calibration(cal, *status);
     bb2:	f6 01       	movw	r30, r12
     bb4:	60 81       	ld	r22, Z
     bb6:	c5 01       	movw	r24, r10
     bb8:	0e 94 3d 03 	call	0x67a	; 0x67a <print_calibration>
        return;
     bbc:	04 c0       	rjmp	.+8      	; 0xbc6 <__stack+0x2c7>
    }

    response_error("UNKNOWN_CAL_SUBCOMMAND");
     bbe:	81 e4       	ldi	r24, 0x41	; 65
     bc0:	93 e0       	ldi	r25, 0x03	; 3
     bc2:	0e 94 5c 02 	call	0x4b8	; 0x4b8 <response_error>
}
     bc6:	2c 96       	adiw	r28, 0x0c	; 12
     bc8:	0f b6       	in	r0, 0x3f	; 63
     bca:	f8 94       	cli
     bcc:	de bf       	out	0x3e, r29	; 62
     bce:	0f be       	out	0x3f, r0	; 63
     bd0:	cd bf       	out	0x3d, r28	; 61
     bd2:	df 91       	pop	r29
     bd4:	cf 91       	pop	r28
     bd6:	1f 91       	pop	r17
     bd8:	0f 91       	pop	r16
     bda:	ff 90       	pop	r15
     bdc:	ef 90       	pop	r14
     bde:	df 90       	pop	r13
     be0:	cf 90       	pop	r12
     be2:	bf 90       	pop	r11
     be4:	af 90       	pop	r10
     be6:	9f 90       	pop	r9
     be8:	8f 90       	pop	r8
     bea:	7f 90       	pop	r7
     bec:	6f 90       	pop	r6
     bee:	08 95       	ret

00000bf0 <commands_process_pending>:

void commands_process_pending(calibration_record_t *calibration,
                              calibration_status_t *status,
                              uint8_t node_id)
{
     bf0:	df 92       	push	r13
     bf2:	ef 92       	push	r14
     bf4:	ff 92       	push	r15
     bf6:	0f 93       	push	r16
     bf8:	1f 93       	push	r17
     bfa:	cf 93       	push	r28
     bfc:	df 93       	push	r29
     bfe:	cd b7       	in	r28, 0x3d	; 61
     c00:	de b7       	in	r29, 0x3e	; 62
     c02:	e0 97       	sbiw	r28, 0x30	; 48
     c04:	0f b6       	in	r0, 0x3f	; 63
     c06:	f8 94       	cli
     c08:	de bf       	out	0x3e, r29	; 62
     c0a:	0f be       	out	0x3f, r0	; 63
     c0c:	cd bf       	out	0x3d, r28	; 61
     c0e:	8c 01       	movw	r16, r24
     c10:	7b 01       	movw	r14, r22
     c12:	d4 2e       	mov	r13, r20
    char line[COMMAND_MAX_LENGTH];
    uint8_t parser_errors = command_parser_take_errors();
     c14:	0e 94 ec 06 	call	0xdd8	; 0xdd8 <command_parser_take_errors>

    /* Parser faults are counted but intentionally not echoed on the UART.
     * This prevents noise or an echoed output stream from creating a
     * self-sustaining response storm. */
    if (parser_errors != COMMAND_PARSER_ERROR_NONE) {
     c18:	81 11       	cpse	r24, r1
        diagnostics_record_uart_rx_overflow();
     c1a:	0e 94 90 08 	call	0x1120	; 0x1120 <diagnostics_record_uart_rx_overflow>
    }

    /* At most one complete command is dispatched per application call. */
    if (command_parser_get_command(line, sizeof(line))) {
     c1e:	60 e3       	ldi	r22, 0x30	; 48
     c20:	ce 01       	movw	r24, r28
     c22:	01 96       	adiw	r24, 0x01	; 1
     c24:	0e 94 b1 06 	call	0xd62	; 0xd62 <command_parser_get_command>
     c28:	88 23       	and	r24, r24
     c2a:	49 f0       	breq	.+18     	; 0xc3e <commands_process_pending+0x4e>
        diagnostics_record_uart_command();
     c2c:	0e 94 82 08 	call	0x1104	; 0x1104 <diagnostics_record_uart_command>
        process_command(line, calibration, status, node_id);
     c30:	2d 2d       	mov	r18, r13
     c32:	a7 01       	movw	r20, r14
     c34:	b8 01       	movw	r22, r16
     c36:	ce 01       	movw	r24, r28
     c38:	01 96       	adiw	r24, 0x01	; 1
     c3a:	0e 94 c9 03 	call	0x792	; 0x792 <process_command>
    }
}
     c3e:	e0 96       	adiw	r28, 0x30	; 48
     c40:	0f b6       	in	r0, 0x3f	; 63
     c42:	f8 94       	cli
     c44:	de bf       	out	0x3e, r29	; 62
     c46:	0f be       	out	0x3f, r0	; 63
     c48:	cd bf       	out	0x3d, r28	; 61
     c4a:	df 91       	pop	r29
     c4c:	cf 91       	pop	r28
     c4e:	1f 91       	pop	r17
     c50:	0f 91       	pop	r16
     c52:	ff 90       	pop	r15
     c54:	ef 90       	pop	r14
     c56:	df 90       	pop	r13
     c58:	08 95       	ret

00000c5a <command_parser_init>:
static volatile uint8_t command_ready;
static volatile uint8_t parser_errors;

void command_parser_init(void)
{
    parser_state = PARSER_WAIT_START;
     c5a:	10 92 31 07 	sts	0x0731, r1	; 0x800731 <parser_state>
    command_length = 0U;
     c5e:	10 92 00 07 	sts	0x0700, r1	; 0x800700 <command_length>
    command_ready = 0U;
     c62:	10 92 ff 06 	sts	0x06FF, r1	; 0x8006ff <command_ready>
    parser_errors = COMMAND_PARSER_ERROR_NONE;
     c66:	10 92 fe 06 	sts	0x06FE, r1	; 0x8006fe <parser_errors>
     c6a:	08 95       	ret

00000c6c <command_parser_record_uart_error>:
}

void command_parser_record_uart_error(void)
{
    parser_errors |= COMMAND_PARSER_ERROR_UART_FRAME;
     c6c:	80 91 fe 06 	lds	r24, 0x06FE	; 0x8006fe <parser_errors>
     c70:	82 60       	ori	r24, 0x02	; 2
     c72:	80 93 fe 06 	sts	0x06FE, r24	; 0x8006fe <parser_errors>
    parser_state = PARSER_WAIT_START;
     c76:	10 92 31 07 	sts	0x0731, r1	; 0x800731 <parser_state>
    command_length = 0U;
     c7a:	10 92 00 07 	sts	0x0700, r1	; 0x800700 <command_length>
     c7e:	08 95       	ret

00000c80 <command_parser_receive_byte>:
}

void command_parser_receive_byte(uint8_t value)
{
    /* A complete command is waiting for the main loop. Do not overwrite it. */
    if (command_ready != 0U) {
     c80:	90 91 ff 06 	lds	r25, 0x06FF	; 0x8006ff <command_ready>
     c84:	99 23       	and	r25, r25
     c86:	49 f0       	breq	.+18     	; 0xc9a <command_parser_receive_byte+0x1a>
        if (value == (uint8_t)COMMAND_START_CHARACTER) {
     c88:	8a 33       	cpi	r24, 0x3A	; 58
     c8a:	09 f0       	breq	.+2      	; 0xc8e <command_parser_receive_byte+0xe>
     c8c:	69 c0       	rjmp	.+210    	; 0xd60 <command_parser_receive_byte+0xe0>
            parser_errors |= COMMAND_PARSER_ERROR_BUSY;
     c8e:	80 91 fe 06 	lds	r24, 0x06FE	; 0x8006fe <parser_errors>
     c92:	84 60       	ori	r24, 0x04	; 4
     c94:	80 93 fe 06 	sts	0x06FE, r24	; 0x8006fe <parser_errors>
     c98:	08 95       	ret
        }
        return;
    }

    switch (parser_state) {
     c9a:	90 91 31 07 	lds	r25, 0x0731	; 0x800731 <parser_state>
     c9e:	99 23       	and	r25, r25
     ca0:	19 f0       	breq	.+6      	; 0xca8 <command_parser_receive_byte+0x28>
     ca2:	91 30       	cpi	r25, 0x01	; 1
     ca4:	51 f0       	breq	.+20     	; 0xcba <command_parser_receive_byte+0x3a>
     ca6:	4c c0       	rjmp	.+152    	; 0xd40 <command_parser_receive_byte+0xc0>
    case PARSER_WAIT_START:
        if (value == (uint8_t)COMMAND_START_CHARACTER) {
     ca8:	8a 33       	cpi	r24, 0x3A	; 58
     caa:	09 f0       	breq	.+2      	; 0xcae <command_parser_receive_byte+0x2e>
     cac:	59 c0       	rjmp	.+178    	; 0xd60 <command_parser_receive_byte+0xe0>
            command_length = 0U;
     cae:	10 92 00 07 	sts	0x0700, r1	; 0x800700 <command_length>
            parser_state = PARSER_RECEIVE;
     cb2:	81 e0       	ldi	r24, 0x01	; 1
     cb4:	80 93 31 07 	sts	0x0731, r24	; 0x800731 <parser_state>
     cb8:	08 95       	ret
        }
        break;

    case PARSER_RECEIVE:
        if (value == (uint8_t)COMMAND_START_CHARACTER) {
     cba:	8a 33       	cpi	r24, 0x3A	; 58
     cbc:	19 f4       	brne	.+6      	; 0xcc4 <command_parser_receive_byte+0x44>
            /* A new start marker re-synchronizes an incomplete command. */
            command_length = 0U;
     cbe:	10 92 00 07 	sts	0x0700, r1	; 0x800700 <command_length>
            break;
     cc2:	08 95       	ret
        }

        if (value == '\r' || value == '\n') {
     cc4:	8d 30       	cpi	r24, 0x0D	; 13
     cc6:	11 f0       	breq	.+4      	; 0xccc <command_parser_receive_byte+0x4c>
     cc8:	8a 30       	cpi	r24, 0x0A	; 10
     cca:	91 f4       	brne	.+36     	; 0xcf0 <command_parser_receive_byte+0x70>
            if (command_length > 0U) {
     ccc:	80 91 00 07 	lds	r24, 0x0700	; 0x800700 <command_length>
     cd0:	88 23       	and	r24, r24
     cd2:	49 f0       	breq	.+18     	; 0xce6 <command_parser_receive_byte+0x66>
                command_buffer[command_length] = '\0';
     cd4:	e0 91 00 07 	lds	r30, 0x0700	; 0x800700 <command_length>
     cd8:	f0 e0       	ldi	r31, 0x00	; 0
     cda:	ef 5f       	subi	r30, 0xFF	; 255
     cdc:	f8 4f       	sbci	r31, 0xF8	; 248
     cde:	10 82       	st	Z, r1
                command_ready = 1U;
     ce0:	81 e0       	ldi	r24, 0x01	; 1
     ce2:	80 93 ff 06 	sts	0x06FF, r24	; 0x8006ff <command_ready>
            }
            command_length = 0U;
     ce6:	10 92 00 07 	sts	0x0700, r1	; 0x800700 <command_length>
            parser_state = PARSER_WAIT_START;
     cea:	10 92 31 07 	sts	0x0731, r1	; 0x800731 <parser_state>
            break;
     cee:	08 95       	ret
        }

        /* Accept printable 7-bit ASCII only. */
        if (value >= 0x20U && value <= 0x7EU) {
     cf0:	90 ee       	ldi	r25, 0xE0	; 224
     cf2:	98 0f       	add	r25, r24
     cf4:	9f 35       	cpi	r25, 0x5F	; 95
     cf6:	f0 f4       	brcc	.+60     	; 0xd34 <command_parser_receive_byte+0xb4>
            if (command_length + 1U < COMMAND_MAX_LENGTH) {
     cf8:	20 91 00 07 	lds	r18, 0x0700	; 0x800700 <command_length>
     cfc:	30 e0       	ldi	r19, 0x00	; 0
     cfe:	2f 5f       	subi	r18, 0xFF	; 255
     d00:	3f 4f       	sbci	r19, 0xFF	; 255
     d02:	20 33       	cpi	r18, 0x30	; 48
     d04:	31 05       	cpc	r19, r1
     d06:	58 f4       	brcc	.+22     	; 0xd1e <command_parser_receive_byte+0x9e>
                command_buffer[command_length++] = (char)value;
     d08:	e0 91 00 07 	lds	r30, 0x0700	; 0x800700 <command_length>
     d0c:	91 e0       	ldi	r25, 0x01	; 1
     d0e:	9e 0f       	add	r25, r30
     d10:	90 93 00 07 	sts	0x0700, r25	; 0x800700 <command_length>
     d14:	f0 e0       	ldi	r31, 0x00	; 0
     d16:	ef 5f       	subi	r30, 0xFF	; 255
     d18:	f8 4f       	sbci	r31, 0xF8	; 248
     d1a:	80 83       	st	Z, r24
     d1c:	08 95       	ret
            } else {
                parser_errors |= COMMAND_PARSER_ERROR_TOO_LONG;
     d1e:	80 91 fe 06 	lds	r24, 0x06FE	; 0x8006fe <parser_errors>
     d22:	81 60       	ori	r24, 0x01	; 1
     d24:	80 93 fe 06 	sts	0x06FE, r24	; 0x8006fe <parser_errors>
                command_length = 0U;
     d28:	10 92 00 07 	sts	0x0700, r1	; 0x800700 <command_length>
                parser_state = PARSER_DISCARD;
     d2c:	82 e0       	ldi	r24, 0x02	; 2
     d2e:	80 93 31 07 	sts	0x0731, r24	; 0x800731 <parser_state>
     d32:	08 95       	ret
            }
        } else {
            command_length = 0U;
     d34:	10 92 00 07 	sts	0x0700, r1	; 0x800700 <command_length>
            parser_state = PARSER_DISCARD;
     d38:	82 e0       	ldi	r24, 0x02	; 2
     d3a:	80 93 31 07 	sts	0x0731, r24	; 0x800731 <parser_state>
     d3e:	08 95       	ret
        }
        break;

    case PARSER_DISCARD:
    default:
        if (value == (uint8_t)COMMAND_START_CHARACTER) {
     d40:	8a 33       	cpi	r24, 0x3A	; 58
     d42:	31 f4       	brne	.+12     	; 0xd50 <command_parser_receive_byte+0xd0>
            command_length = 0U;
     d44:	10 92 00 07 	sts	0x0700, r1	; 0x800700 <command_length>
            parser_state = PARSER_RECEIVE;
     d48:	81 e0       	ldi	r24, 0x01	; 1
     d4a:	80 93 31 07 	sts	0x0731, r24	; 0x800731 <parser_state>
     d4e:	08 95       	ret
        } else if (value == '\r' || value == '\n') {
     d50:	8d 30       	cpi	r24, 0x0D	; 13
     d52:	11 f0       	breq	.+4      	; 0xd58 <command_parser_receive_byte+0xd8>
     d54:	8a 30       	cpi	r24, 0x0A	; 10
     d56:	21 f4       	brne	.+8      	; 0xd60 <command_parser_receive_byte+0xe0>
            command_length = 0U;
     d58:	10 92 00 07 	sts	0x0700, r1	; 0x800700 <command_length>
            parser_state = PARSER_WAIT_START;
     d5c:	10 92 31 07 	sts	0x0731, r1	; 0x800731 <parser_state>
     d60:	08 95       	ret

00000d62 <command_parser_get_command>:
        break;
    }
}

uint8_t command_parser_get_command(char *destination, uint8_t destination_size)
{
     d62:	1f 93       	push	r17
     d64:	cf 93       	push	r28
     d66:	df 93       	push	r29
     d68:	dc 01       	movw	r26, r24
    uint8_t saved_sreg;
    uint8_t index;

    if (destination == 0 || destination_size == 0U) return 0U;
     d6a:	89 2b       	or	r24, r25
     d6c:	71 f1       	breq	.+92     	; 0xdca <command_parser_get_command+0x68>
     d6e:	66 23       	and	r22, r22
     d70:	71 f1       	breq	.+92     	; 0xdce <command_parser_get_command+0x6c>

    saved_sreg = SREG;
     d72:	1f b7       	in	r17, 0x3f	; 63
    cli();
     d74:	f8 94       	cli

    if (command_ready == 0U) {
     d76:	80 91 ff 06 	lds	r24, 0x06FF	; 0x8006ff <command_ready>
     d7a:	81 11       	cpse	r24, r1
     d7c:	0c c0       	rjmp	.+24     	; 0xd96 <command_parser_get_command+0x34>
        SREG = saved_sreg;
     d7e:	1f bf       	out	0x3f, r17	; 63
        return 0U;
     d80:	27 c0       	rjmp	.+78     	; 0xdd0 <command_parser_get_command+0x6e>
    }

    index = 0U;
    while (index + 1U < destination_size && command_buffer[index] != '\0') {
        destination[index] = command_buffer[index];
     d82:	fd 01       	movw	r30, r26
     d84:	e2 0f       	add	r30, r18
     d86:	f3 1f       	adc	r31, r19
     d88:	ea 01       	movw	r28, r20
     d8a:	cf 5f       	subi	r28, 0xFF	; 255
     d8c:	d8 4f       	sbci	r29, 0xF8	; 248
     d8e:	38 81       	ld	r19, Y
     d90:	30 83       	st	Z, r19
        index++;
     d92:	9f 5f       	subi	r25, 0xFF	; 255
     d94:	01 c0       	rjmp	.+2      	; 0xd98 <command_parser_get_command+0x36>
     d96:	90 e0       	ldi	r25, 0x00	; 0
        SREG = saved_sreg;
        return 0U;
    }

    index = 0U;
    while (index + 1U < destination_size && command_buffer[index] != '\0') {
     d98:	29 2f       	mov	r18, r25
     d9a:	30 e0       	ldi	r19, 0x00	; 0
     d9c:	f9 01       	movw	r30, r18
     d9e:	31 96       	adiw	r30, 0x01	; 1
     da0:	46 2f       	mov	r20, r22
     da2:	50 e0       	ldi	r21, 0x00	; 0
     da4:	e4 17       	cp	r30, r20
     da6:	f5 07       	cpc	r31, r21
     da8:	38 f4       	brcc	.+14     	; 0xdb8 <command_parser_get_command+0x56>
     daa:	a9 01       	movw	r20, r18
     dac:	fa 01       	movw	r30, r20
     dae:	ef 5f       	subi	r30, 0xFF	; 255
     db0:	f8 4f       	sbci	r31, 0xF8	; 248
     db2:	70 81       	ld	r23, Z
     db4:	71 11       	cpse	r23, r1
     db6:	e5 cf       	rjmp	.-54     	; 0xd82 <command_parser_get_command+0x20>
        destination[index] = command_buffer[index];
        index++;
    }
    destination[index] = '\0';
     db8:	fd 01       	movw	r30, r26
     dba:	e2 0f       	add	r30, r18
     dbc:	f3 1f       	adc	r31, r19
     dbe:	10 82       	st	Z, r1
    command_ready = 0U;
     dc0:	10 92 ff 06 	sts	0x06FF, r1	; 0x8006ff <command_ready>

    SREG = saved_sreg;
     dc4:	1f bf       	out	0x3f, r17	; 63
    return 1U;
     dc6:	81 e0       	ldi	r24, 0x01	; 1
     dc8:	03 c0       	rjmp	.+6      	; 0xdd0 <command_parser_get_command+0x6e>
uint8_t command_parser_get_command(char *destination, uint8_t destination_size)
{
    uint8_t saved_sreg;
    uint8_t index;

    if (destination == 0 || destination_size == 0U) return 0U;
     dca:	80 e0       	ldi	r24, 0x00	; 0
     dcc:	01 c0       	rjmp	.+2      	; 0xdd0 <command_parser_get_command+0x6e>
     dce:	80 e0       	ldi	r24, 0x00	; 0
    destination[index] = '\0';
    command_ready = 0U;

    SREG = saved_sreg;
    return 1U;
}
     dd0:	df 91       	pop	r29
     dd2:	cf 91       	pop	r28
     dd4:	1f 91       	pop	r17
     dd6:	08 95       	ret

00000dd8 <command_parser_take_errors>:
uint8_t command_parser_take_errors(void)
{
    uint8_t saved_sreg;
    uint8_t errors;

    saved_sreg = SREG;
     dd8:	9f b7       	in	r25, 0x3f	; 63
    cli();
     dda:	f8 94       	cli
    errors = parser_errors;
     ddc:	80 91 fe 06 	lds	r24, 0x06FE	; 0x8006fe <parser_errors>
    parser_errors = COMMAND_PARSER_ERROR_NONE;
     de0:	10 92 fe 06 	sts	0x06FE, r1	; 0x8006fe <parser_errors>
    SREG = saved_sreg;
     de4:	9f bf       	out	0x3f, r25	; 63

    return errors;
}
     de6:	08 95       	ret

00000de8 <crc16_ccitt>:
#include "crc16.h"

uint16_t crc16_ccitt(const void *data, size_t length)
{
     de8:	dc 01       	movw	r26, r24
    const uint8_t *bytes = (const uint8_t *)data;
    uint16_t crc = 0xFFFFU;

    for (size_t i = 0; i < length; i++) {
     dea:	40 e0       	ldi	r20, 0x00	; 0
     dec:	50 e0       	ldi	r21, 0x00	; 0
#include "crc16.h"

uint16_t crc16_ccitt(const void *data, size_t length)
{
    const uint8_t *bytes = (const uint8_t *)data;
    uint16_t crc = 0xFFFFU;
     dee:	8f ef       	ldi	r24, 0xFF	; 255
     df0:	9f ef       	ldi	r25, 0xFF	; 255

    for (size_t i = 0; i < length; i++) {
     df2:	1b c0       	rjmp	.+54     	; 0xe2a <crc16_ccitt+0x42>
        crc ^= (uint16_t)bytes[i] << 8;
     df4:	fd 01       	movw	r30, r26
     df6:	e4 0f       	add	r30, r20
     df8:	f5 1f       	adc	r31, r21
     dfa:	20 81       	ld	r18, Z
     dfc:	30 e0       	ldi	r19, 0x00	; 0
     dfe:	32 2f       	mov	r19, r18
     e00:	22 27       	eor	r18, r18
     e02:	82 27       	eor	r24, r18
     e04:	93 27       	eor	r25, r19
        for (uint8_t bit = 0; bit < 8U; bit++) {
     e06:	20 e0       	ldi	r18, 0x00	; 0
     e08:	0c c0       	rjmp	.+24     	; 0xe22 <crc16_ccitt+0x3a>
            if (crc & 0x8000U) {
     e0a:	99 23       	and	r25, r25
     e0c:	3c f4       	brge	.+14     	; 0xe1c <crc16_ccitt+0x34>
                crc = (uint16_t)((crc << 1) ^ 0x1021U);
     e0e:	88 0f       	add	r24, r24
     e10:	99 1f       	adc	r25, r25
     e12:	31 e2       	ldi	r19, 0x21	; 33
     e14:	83 27       	eor	r24, r19
     e16:	30 e1       	ldi	r19, 0x10	; 16
     e18:	93 27       	eor	r25, r19
     e1a:	02 c0       	rjmp	.+4      	; 0xe20 <crc16_ccitt+0x38>
            } else {
                crc <<= 1;
     e1c:	88 0f       	add	r24, r24
     e1e:	99 1f       	adc	r25, r25
    const uint8_t *bytes = (const uint8_t *)data;
    uint16_t crc = 0xFFFFU;

    for (size_t i = 0; i < length; i++) {
        crc ^= (uint16_t)bytes[i] << 8;
        for (uint8_t bit = 0; bit < 8U; bit++) {
     e20:	2f 5f       	subi	r18, 0xFF	; 255
     e22:	28 30       	cpi	r18, 0x08	; 8
     e24:	90 f3       	brcs	.-28     	; 0xe0a <crc16_ccitt+0x22>
uint16_t crc16_ccitt(const void *data, size_t length)
{
    const uint8_t *bytes = (const uint8_t *)data;
    uint16_t crc = 0xFFFFU;

    for (size_t i = 0; i < length; i++) {
     e26:	4f 5f       	subi	r20, 0xFF	; 255
     e28:	5f 4f       	sbci	r21, 0xFF	; 255
     e2a:	46 17       	cp	r20, r22
     e2c:	57 07       	cpc	r21, r23
     e2e:	10 f3       	brcs	.-60     	; 0xdf4 <crc16_ccitt+0xc>
            }
        }
    }

    return crc;
}
     e30:	08 95       	ret

00000e32 <timer0_init_1ms>:
     e32:	82 e0       	ldi	r24, 0x02	; 2
     e34:	84 bd       	out	0x24, r24	; 36
     e36:	85 bd       	out	0x25, r24	; 37
     e38:	8c e7       	ldi	r24, 0x7C	; 124
     e3a:	87 bd       	out	0x27, r24	; 39
     e3c:	16 bc       	out	0x26, r1	; 38
     e3e:	ee e6       	ldi	r30, 0x6E	; 110
     e40:	f0 e0       	ldi	r31, 0x00	; 0
     e42:	80 81       	ld	r24, Z
     e44:	82 60       	ori	r24, 0x02	; 2
     e46:	80 83       	st	Z, r24
     e48:	08 95       	ret

00000e4a <__vector_14>:
     e4a:	1f 92       	push	r1
     e4c:	0f 92       	push	r0
     e4e:	0f b6       	in	r0, 0x3f	; 63
     e50:	0f 92       	push	r0
     e52:	11 24       	eor	r1, r1
     e54:	2f 93       	push	r18
     e56:	8f 93       	push	r24
     e58:	9f 93       	push	r25
     e5a:	af 93       	push	r26
     e5c:	bf 93       	push	r27
     e5e:	80 91 5b 07 	lds	r24, 0x075B	; 0x80075b <millisecond_accumulator>
     e62:	90 91 5c 07 	lds	r25, 0x075C	; 0x80075c <millisecond_accumulator+0x1>
     e66:	01 96       	adiw	r24, 0x01	; 1
     e68:	90 93 5c 07 	sts	0x075C, r25	; 0x80075c <millisecond_accumulator+0x1>
     e6c:	80 93 5b 07 	sts	0x075B, r24	; 0x80075b <millisecond_accumulator>
     e70:	80 91 5b 07 	lds	r24, 0x075B	; 0x80075b <millisecond_accumulator>
     e74:	90 91 5c 07 	lds	r25, 0x075C	; 0x80075c <millisecond_accumulator+0x1>
     e78:	88 3e       	cpi	r24, 0xE8	; 232
     e7a:	93 40       	sbci	r25, 0x03	; 3
     e7c:	b8 f0       	brcs	.+46     	; 0xeac <__vector_14+0x62>
     e7e:	10 92 5c 07 	sts	0x075C, r1	; 0x80075c <millisecond_accumulator+0x1>
     e82:	10 92 5b 07 	sts	0x075B, r1	; 0x80075b <millisecond_accumulator>
     e86:	80 91 57 07 	lds	r24, 0x0757	; 0x800757 <uptime_seconds>
     e8a:	90 91 58 07 	lds	r25, 0x0758	; 0x800758 <uptime_seconds+0x1>
     e8e:	a0 91 59 07 	lds	r26, 0x0759	; 0x800759 <uptime_seconds+0x2>
     e92:	b0 91 5a 07 	lds	r27, 0x075A	; 0x80075a <uptime_seconds+0x3>
     e96:	01 96       	adiw	r24, 0x01	; 1
     e98:	a1 1d       	adc	r26, r1
     e9a:	b1 1d       	adc	r27, r1
     e9c:	80 93 57 07 	sts	0x0757, r24	; 0x800757 <uptime_seconds>
     ea0:	90 93 58 07 	sts	0x0758, r25	; 0x800758 <uptime_seconds+0x1>
     ea4:	a0 93 59 07 	sts	0x0759, r26	; 0x800759 <uptime_seconds+0x2>
     ea8:	b0 93 5a 07 	sts	0x075A, r27	; 0x80075a <uptime_seconds+0x3>
     eac:	bf 91       	pop	r27
     eae:	af 91       	pop	r26
     eb0:	9f 91       	pop	r25
     eb2:	8f 91       	pop	r24
     eb4:	2f 91       	pop	r18
     eb6:	0f 90       	pop	r0
     eb8:	0f be       	out	0x3f, r0	; 63
     eba:	0f 90       	pop	r0
     ebc:	1f 90       	pop	r1
     ebe:	18 95       	reti

00000ec0 <diagnostics_init>:
     ec0:	80 91 a1 07 	lds	r24, 0x07A1	; 0x8007a1 <__bss_end>
     ec4:	80 93 4e 07 	sts	0x074E, r24	; 0x80074e <reset_flags>
     ec8:	e2 e3       	ldi	r30, 0x32	; 50
     eca:	f7 e0       	ldi	r31, 0x07	; 7
     ecc:	10 82       	st	Z, r1
     ece:	11 82       	std	Z+1, r1	; 0x01
     ed0:	12 82       	std	Z+2, r1	; 0x02
     ed2:	13 82       	std	Z+3, r1	; 0x03
     ed4:	14 82       	std	Z+4, r1	; 0x04
     ed6:	15 82       	std	Z+5, r1	; 0x05
     ed8:	16 82       	std	Z+6, r1	; 0x06
     eda:	17 82       	std	Z+7, r1	; 0x07
     edc:	10 86       	std	Z+8, r1	; 0x08
     ede:	11 86       	std	Z+9, r1	; 0x09
     ee0:	12 86       	std	Z+10, r1	; 0x0a
     ee2:	13 86       	std	Z+11, r1	; 0x0b
     ee4:	14 86       	std	Z+12, r1	; 0x0c
     ee6:	15 86       	std	Z+13, r1	; 0x0d
     ee8:	16 86       	std	Z+14, r1	; 0x0e
     eea:	17 86       	std	Z+15, r1	; 0x0f
     eec:	10 8a       	std	Z+16, r1	; 0x10
     eee:	11 8a       	std	Z+17, r1	; 0x11
     ef0:	12 8a       	std	Z+18, r1	; 0x12
     ef2:	13 8a       	std	Z+19, r1	; 0x13
     ef4:	14 8a       	std	Z+20, r1	; 0x14
     ef6:	15 8a       	std	Z+21, r1	; 0x15
     ef8:	16 8a       	std	Z+22, r1	; 0x16
     efa:	17 8a       	std	Z+23, r1	; 0x17
     efc:	10 8e       	std	Z+24, r1	; 0x18
     efe:	11 8e       	std	Z+25, r1	; 0x19
     f00:	12 8e       	std	Z+26, r1	; 0x1a
     f02:	13 8e       	std	Z+27, r1	; 0x1b
     f04:	10 92 5c 07 	sts	0x075C, r1	; 0x80075c <millisecond_accumulator+0x1>
     f08:	10 92 5b 07 	sts	0x075B, r1	; 0x80075b <millisecond_accumulator>
     f0c:	10 92 57 07 	sts	0x0757, r1	; 0x800757 <uptime_seconds>
     f10:	10 92 58 07 	sts	0x0758, r1	; 0x800758 <uptime_seconds+0x1>
     f14:	10 92 59 07 	sts	0x0759, r1	; 0x800759 <uptime_seconds+0x2>
     f18:	10 92 5a 07 	sts	0x075A, r1	; 0x80075a <uptime_seconds+0x3>
     f1c:	8c e3       	ldi	r24, 0x3C	; 60
     f1e:	90 e0       	ldi	r25, 0x00	; 0
     f20:	0e 94 b9 15 	call	0x2b72	; 0x2b72 <eeprom_read_dword>
     f24:	60 93 53 07 	sts	0x0753, r22	; 0x800753 <boot_count>
     f28:	70 93 54 07 	sts	0x0754, r23	; 0x800754 <boot_count+0x1>
     f2c:	80 93 55 07 	sts	0x0755, r24	; 0x800755 <boot_count+0x2>
     f30:	90 93 56 07 	sts	0x0756, r25	; 0x800756 <boot_count+0x3>
     f34:	6f 3f       	cpi	r22, 0xFF	; 255
     f36:	7f 4f       	sbci	r23, 0xFF	; 255
     f38:	8f 4f       	sbci	r24, 0xFF	; 255
     f3a:	9f 4f       	sbci	r25, 0xFF	; 255
     f3c:	41 f4       	brne	.+16     	; 0xf4e <diagnostics_init+0x8e>
     f3e:	10 92 53 07 	sts	0x0753, r1	; 0x800753 <boot_count>
     f42:	10 92 54 07 	sts	0x0754, r1	; 0x800754 <boot_count+0x1>
     f46:	10 92 55 07 	sts	0x0755, r1	; 0x800755 <boot_count+0x2>
     f4a:	10 92 56 07 	sts	0x0756, r1	; 0x800756 <boot_count+0x3>
     f4e:	40 91 53 07 	lds	r20, 0x0753	; 0x800753 <boot_count>
     f52:	50 91 54 07 	lds	r21, 0x0754	; 0x800754 <boot_count+0x1>
     f56:	60 91 55 07 	lds	r22, 0x0755	; 0x800755 <boot_count+0x2>
     f5a:	70 91 56 07 	lds	r23, 0x0756	; 0x800756 <boot_count+0x3>
     f5e:	4f 5f       	subi	r20, 0xFF	; 255
     f60:	5f 4f       	sbci	r21, 0xFF	; 255
     f62:	6f 4f       	sbci	r22, 0xFF	; 255
     f64:	7f 4f       	sbci	r23, 0xFF	; 255
     f66:	40 93 53 07 	sts	0x0753, r20	; 0x800753 <boot_count>
     f6a:	50 93 54 07 	sts	0x0754, r21	; 0x800754 <boot_count+0x1>
     f6e:	60 93 55 07 	sts	0x0755, r22	; 0x800755 <boot_count+0x2>
     f72:	70 93 56 07 	sts	0x0756, r23	; 0x800756 <boot_count+0x3>
     f76:	8c e3       	ldi	r24, 0x3C	; 60
     f78:	90 e0       	ldi	r25, 0x00	; 0
     f7a:	0e 94 e1 15 	call	0x2bc2	; 0x2bc2 <eeprom_update_dword>
     f7e:	88 e3       	ldi	r24, 0x38	; 56
     f80:	90 e0       	ldi	r25, 0x00	; 0
     f82:	0e 94 b9 15 	call	0x2b72	; 0x2b72 <eeprom_read_dword>
     f86:	60 93 4f 07 	sts	0x074F, r22	; 0x80074f <watchdog_reset_count>
     f8a:	70 93 50 07 	sts	0x0750, r23	; 0x800750 <watchdog_reset_count+0x1>
     f8e:	80 93 51 07 	sts	0x0751, r24	; 0x800751 <watchdog_reset_count+0x2>
     f92:	90 93 52 07 	sts	0x0752, r25	; 0x800752 <watchdog_reset_count+0x3>
     f96:	6f 3f       	cpi	r22, 0xFF	; 255
     f98:	7f 4f       	sbci	r23, 0xFF	; 255
     f9a:	8f 4f       	sbci	r24, 0xFF	; 255
     f9c:	9f 4f       	sbci	r25, 0xFF	; 255
     f9e:	41 f4       	brne	.+16     	; 0xfb0 <diagnostics_init+0xf0>
     fa0:	10 92 4f 07 	sts	0x074F, r1	; 0x80074f <watchdog_reset_count>
     fa4:	10 92 50 07 	sts	0x0750, r1	; 0x800750 <watchdog_reset_count+0x1>
     fa8:	10 92 51 07 	sts	0x0751, r1	; 0x800751 <watchdog_reset_count+0x2>
     fac:	10 92 52 07 	sts	0x0752, r1	; 0x800752 <watchdog_reset_count+0x3>
     fb0:	80 91 4e 07 	lds	r24, 0x074E	; 0x80074e <reset_flags>
     fb4:	83 ff       	sbrs	r24, 3
     fb6:	18 c0       	rjmp	.+48     	; 0xfe8 <diagnostics_init+0x128>
     fb8:	40 91 4f 07 	lds	r20, 0x074F	; 0x80074f <watchdog_reset_count>
     fbc:	50 91 50 07 	lds	r21, 0x0750	; 0x800750 <watchdog_reset_count+0x1>
     fc0:	60 91 51 07 	lds	r22, 0x0751	; 0x800751 <watchdog_reset_count+0x2>
     fc4:	70 91 52 07 	lds	r23, 0x0752	; 0x800752 <watchdog_reset_count+0x3>
     fc8:	4f 5f       	subi	r20, 0xFF	; 255
     fca:	5f 4f       	sbci	r21, 0xFF	; 255
     fcc:	6f 4f       	sbci	r22, 0xFF	; 255
     fce:	7f 4f       	sbci	r23, 0xFF	; 255
     fd0:	40 93 4f 07 	sts	0x074F, r20	; 0x80074f <watchdog_reset_count>
     fd4:	50 93 50 07 	sts	0x0750, r21	; 0x800750 <watchdog_reset_count+0x1>
     fd8:	60 93 51 07 	sts	0x0751, r22	; 0x800751 <watchdog_reset_count+0x2>
     fdc:	70 93 52 07 	sts	0x0752, r23	; 0x800752 <watchdog_reset_count+0x3>
     fe0:	88 e3       	ldi	r24, 0x38	; 56
     fe2:	90 e0       	ldi	r25, 0x00	; 0
     fe4:	0e 94 e1 15 	call	0x2bc2	; 0x2bc2 <eeprom_update_dword>
     fe8:	80 91 4f 07 	lds	r24, 0x074F	; 0x80074f <watchdog_reset_count>
     fec:	90 91 50 07 	lds	r25, 0x0750	; 0x800750 <watchdog_reset_count+0x1>
     ff0:	a0 91 51 07 	lds	r26, 0x0751	; 0x800751 <watchdog_reset_count+0x2>
     ff4:	b0 91 52 07 	lds	r27, 0x0752	; 0x800752 <watchdog_reset_count+0x3>
     ff8:	80 93 4a 07 	sts	0x074A, r24	; 0x80074a <counters+0x18>
     ffc:	90 93 4b 07 	sts	0x074B, r25	; 0x80074b <counters+0x19>
    1000:	a0 93 4c 07 	sts	0x074C, r26	; 0x80074c <counters+0x1a>
    1004:	b0 93 4d 07 	sts	0x074D, r27	; 0x80074d <counters+0x1b>
    1008:	0e 94 19 07 	call	0xe32	; 0xe32 <timer0_init_1ms>
    100c:	08 95       	ret

0000100e <diagnostics_get_uptime_seconds>:
    100e:	2f b7       	in	r18, 0x3f	; 63
    1010:	f8 94       	cli
    1012:	60 91 57 07 	lds	r22, 0x0757	; 0x800757 <uptime_seconds>
    1016:	70 91 58 07 	lds	r23, 0x0758	; 0x800758 <uptime_seconds+0x1>
    101a:	80 91 59 07 	lds	r24, 0x0759	; 0x800759 <uptime_seconds+0x2>
    101e:	90 91 5a 07 	lds	r25, 0x075A	; 0x80075a <uptime_seconds+0x3>
    1022:	2f bf       	out	0x3f, r18	; 63
    1024:	08 95       	ret

00001026 <diagnostics_get_boot_count>:
    1026:	60 91 53 07 	lds	r22, 0x0753	; 0x800753 <boot_count>
    102a:	70 91 54 07 	lds	r23, 0x0754	; 0x800754 <boot_count+0x1>
    102e:	80 91 55 07 	lds	r24, 0x0755	; 0x800755 <boot_count+0x2>
    1032:	90 91 56 07 	lds	r25, 0x0756	; 0x800756 <boot_count+0x3>
    1036:	08 95       	ret

00001038 <diagnostics_print_reset_causes>:
    1038:	80 91 4e 07 	lds	r24, 0x074E	; 0x80074e <reset_flags>
    103c:	80 ff       	sbrs	r24, 0
    103e:	06 c0       	rjmp	.+12     	; 0x104c <diagnostics_print_reset_causes+0x14>
    1040:	88 e5       	ldi	r24, 0x58	; 88
    1042:	93 e0       	ldi	r25, 0x03	; 3
    1044:	0e 94 78 10 	call	0x20f0	; 0x20f0 <uart0_print>
    1048:	81 e0       	ldi	r24, 0x01	; 1
    104a:	01 c0       	rjmp	.+2      	; 0x104e <diagnostics_print_reset_causes+0x16>
    104c:	80 e0       	ldi	r24, 0x00	; 0
    104e:	90 91 4e 07 	lds	r25, 0x074E	; 0x80074e <reset_flags>
    1052:	91 ff       	sbrs	r25, 1
    1054:	0a c0       	rjmp	.+20     	; 0x106a <diagnostics_print_reset_causes+0x32>
    1056:	88 23       	and	r24, r24
    1058:	19 f0       	breq	.+6      	; 0x1060 <diagnostics_print_reset_causes+0x28>
    105a:	8c e7       	ldi	r24, 0x7C	; 124
    105c:	0e 94 71 10 	call	0x20e2	; 0x20e2 <uart0_putc>
    1060:	81 e6       	ldi	r24, 0x61	; 97
    1062:	93 e0       	ldi	r25, 0x03	; 3
    1064:	0e 94 78 10 	call	0x20f0	; 0x20f0 <uart0_print>
    1068:	81 e0       	ldi	r24, 0x01	; 1
    106a:	90 91 4e 07 	lds	r25, 0x074E	; 0x80074e <reset_flags>
    106e:	92 ff       	sbrs	r25, 2
    1070:	0a c0       	rjmp	.+20     	; 0x1086 <diagnostics_print_reset_causes+0x4e>
    1072:	88 23       	and	r24, r24
    1074:	19 f0       	breq	.+6      	; 0x107c <diagnostics_print_reset_causes+0x44>
    1076:	8c e7       	ldi	r24, 0x7C	; 124
    1078:	0e 94 71 10 	call	0x20e2	; 0x20e2 <uart0_putc>
    107c:	8a e6       	ldi	r24, 0x6A	; 106
    107e:	93 e0       	ldi	r25, 0x03	; 3
    1080:	0e 94 78 10 	call	0x20f0	; 0x20f0 <uart0_print>
    1084:	81 e0       	ldi	r24, 0x01	; 1
    1086:	90 91 4e 07 	lds	r25, 0x074E	; 0x80074e <reset_flags>
    108a:	93 ff       	sbrs	r25, 3
    108c:	0a c0       	rjmp	.+20     	; 0x10a2 <diagnostics_print_reset_causes+0x6a>
    108e:	88 23       	and	r24, r24
    1090:	19 f0       	breq	.+6      	; 0x1098 <diagnostics_print_reset_causes+0x60>
    1092:	8c e7       	ldi	r24, 0x7C	; 124
    1094:	0e 94 71 10 	call	0x20e2	; 0x20e2 <uart0_putc>
    1098:	84 e7       	ldi	r24, 0x74	; 116
    109a:	93 e0       	ldi	r25, 0x03	; 3
    109c:	0e 94 78 10 	call	0x20f0	; 0x20f0 <uart0_print>
    10a0:	81 e0       	ldi	r24, 0x01	; 1
    10a2:	81 11       	cpse	r24, r1
    10a4:	04 c0       	rjmp	.+8      	; 0x10ae <diagnostics_print_reset_causes+0x76>
    10a6:	8d e7       	ldi	r24, 0x7D	; 125
    10a8:	93 e0       	ldi	r25, 0x03	; 3
    10aa:	0e 94 78 10 	call	0x20f0	; 0x20f0 <uart0_print>
    10ae:	08 95       	ret

000010b0 <diagnostics_record_measurement_ok>:
    10b0:	e2 e3       	ldi	r30, 0x32	; 50
    10b2:	f7 e0       	ldi	r31, 0x07	; 7
    10b4:	80 81       	ld	r24, Z
    10b6:	91 81       	ldd	r25, Z+1	; 0x01
    10b8:	a2 81       	ldd	r26, Z+2	; 0x02
    10ba:	b3 81       	ldd	r27, Z+3	; 0x03
    10bc:	01 96       	adiw	r24, 0x01	; 1
    10be:	a1 1d       	adc	r26, r1
    10c0:	b1 1d       	adc	r27, r1
    10c2:	80 83       	st	Z, r24
    10c4:	91 83       	std	Z+1, r25	; 0x01
    10c6:	a2 83       	std	Z+2, r26	; 0x02
    10c8:	b3 83       	std	Z+3, r27	; 0x03
    10ca:	08 95       	ret

000010cc <diagnostics_record_measurement_failed>:
    10cc:	e2 e3       	ldi	r30, 0x32	; 50
    10ce:	f7 e0       	ldi	r31, 0x07	; 7
    10d0:	84 81       	ldd	r24, Z+4	; 0x04
    10d2:	95 81       	ldd	r25, Z+5	; 0x05
    10d4:	a6 81       	ldd	r26, Z+6	; 0x06
    10d6:	b7 81       	ldd	r27, Z+7	; 0x07
    10d8:	01 96       	adiw	r24, 0x01	; 1
    10da:	a1 1d       	adc	r26, r1
    10dc:	b1 1d       	adc	r27, r1
    10de:	84 83       	std	Z+4, r24	; 0x04
    10e0:	95 83       	std	Z+5, r25	; 0x05
    10e2:	a6 83       	std	Z+6, r26	; 0x06
    10e4:	b7 83       	std	Z+7, r27	; 0x07
    10e6:	08 95       	ret

000010e8 <diagnostics_record_twi_error>:
    10e8:	e2 e3       	ldi	r30, 0x32	; 50
    10ea:	f7 e0       	ldi	r31, 0x07	; 7
    10ec:	80 85       	ldd	r24, Z+8	; 0x08
    10ee:	91 85       	ldd	r25, Z+9	; 0x09
    10f0:	a2 85       	ldd	r26, Z+10	; 0x0a
    10f2:	b3 85       	ldd	r27, Z+11	; 0x0b
    10f4:	01 96       	adiw	r24, 0x01	; 1
    10f6:	a1 1d       	adc	r26, r1
    10f8:	b1 1d       	adc	r27, r1
    10fa:	80 87       	std	Z+8, r24	; 0x08
    10fc:	91 87       	std	Z+9, r25	; 0x09
    10fe:	a2 87       	std	Z+10, r26	; 0x0a
    1100:	b3 87       	std	Z+11, r27	; 0x0b
    1102:	08 95       	ret

00001104 <diagnostics_record_uart_command>:
    1104:	e2 e3       	ldi	r30, 0x32	; 50
    1106:	f7 e0       	ldi	r31, 0x07	; 7
    1108:	84 85       	ldd	r24, Z+12	; 0x0c
    110a:	95 85       	ldd	r25, Z+13	; 0x0d
    110c:	a6 85       	ldd	r26, Z+14	; 0x0e
    110e:	b7 85       	ldd	r27, Z+15	; 0x0f
    1110:	01 96       	adiw	r24, 0x01	; 1
    1112:	a1 1d       	adc	r26, r1
    1114:	b1 1d       	adc	r27, r1
    1116:	84 87       	std	Z+12, r24	; 0x0c
    1118:	95 87       	std	Z+13, r25	; 0x0d
    111a:	a6 87       	std	Z+14, r26	; 0x0e
    111c:	b7 87       	std	Z+15, r27	; 0x0f
    111e:	08 95       	ret

00001120 <diagnostics_record_uart_rx_overflow>:
    1120:	e2 e3       	ldi	r30, 0x32	; 50
    1122:	f7 e0       	ldi	r31, 0x07	; 7
    1124:	80 89       	ldd	r24, Z+16	; 0x10
    1126:	91 89       	ldd	r25, Z+17	; 0x11
    1128:	a2 89       	ldd	r26, Z+18	; 0x12
    112a:	b3 89       	ldd	r27, Z+19	; 0x13
    112c:	01 96       	adiw	r24, 0x01	; 1
    112e:	a1 1d       	adc	r26, r1
    1130:	b1 1d       	adc	r27, r1
    1132:	80 8b       	std	Z+16, r24	; 0x10
    1134:	91 8b       	std	Z+17, r25	; 0x11
    1136:	a2 8b       	std	Z+18, r26	; 0x12
    1138:	b3 8b       	std	Z+19, r27	; 0x13
    113a:	08 95       	ret

0000113c <diagnostics_record_eeprom_error>:
    113c:	e2 e3       	ldi	r30, 0x32	; 50
    113e:	f7 e0       	ldi	r31, 0x07	; 7
    1140:	84 89       	ldd	r24, Z+20	; 0x14
    1142:	95 89       	ldd	r25, Z+21	; 0x15
    1144:	a6 89       	ldd	r26, Z+22	; 0x16
    1146:	b7 89       	ldd	r27, Z+23	; 0x17
    1148:	01 96       	adiw	r24, 0x01	; 1
    114a:	a1 1d       	adc	r26, r1
    114c:	b1 1d       	adc	r27, r1
    114e:	84 8b       	std	Z+20, r24	; 0x14
    1150:	95 8b       	std	Z+21, r25	; 0x15
    1152:	a6 8b       	std	Z+22, r26	; 0x16
    1154:	b7 8b       	std	Z+23, r27	; 0x17
    1156:	08 95       	ret

00001158 <diagnostics_print_response>:
}

void diagnostics_print_response(uint8_t node_id)
{
    1158:	cf 93       	push	r28
    115a:	df 93       	push	r29
    115c:	c8 2f       	mov	r28, r24
    uart0_print("$ND280DIAG,ID=");
    115e:	85 e8       	ldi	r24, 0x85	; 133
    1160:	93 e0       	ldi	r25, 0x03	; 3
    1162:	0e 94 78 10 	call	0x20f0	; 0x20f0 <uart0_print>
    uart0_print_uint16(node_id);
    1166:	8c 2f       	mov	r24, r28
    1168:	90 e0       	ldi	r25, 0x00	; 0
    116a:	0e 94 9a 10 	call	0x2134	; 0x2134 <uart0_print_uint16>
    uart0_print(",UPTIME_S=");
    116e:	84 e9       	ldi	r24, 0x94	; 148
    1170:	93 e0       	ldi	r25, 0x03	; 3
    1172:	0e 94 78 10 	call	0x20f0	; 0x20f0 <uart0_print>
    uart0_print_uint32(diagnostics_get_uptime_seconds());
    1176:	0e 94 07 08 	call	0x100e	; 0x100e <diagnostics_get_uptime_seconds>
    117a:	0e 94 f1 10 	call	0x21e2	; 0x21e2 <uart0_print_uint32>
    uart0_print(",BOOTS=");
    117e:	8f e9       	ldi	r24, 0x9F	; 159
    1180:	93 e0       	ldi	r25, 0x03	; 3
    1182:	0e 94 78 10 	call	0x20f0	; 0x20f0 <uart0_print>
    uart0_print_uint32(boot_count);
    1186:	60 91 53 07 	lds	r22, 0x0753	; 0x800753 <boot_count>
    118a:	70 91 54 07 	lds	r23, 0x0754	; 0x800754 <boot_count+0x1>
    118e:	80 91 55 07 	lds	r24, 0x0755	; 0x800755 <boot_count+0x2>
    1192:	90 91 56 07 	lds	r25, 0x0756	; 0x800756 <boot_count+0x3>
    1196:	0e 94 f1 10 	call	0x21e2	; 0x21e2 <uart0_print_uint32>
    uart0_print(",MEAS_OK=");
    119a:	87 ea       	ldi	r24, 0xA7	; 167
    119c:	93 e0       	ldi	r25, 0x03	; 3
    119e:	0e 94 78 10 	call	0x20f0	; 0x20f0 <uart0_print>
    uart0_print_uint32(counters.measurements_ok);
    11a2:	c2 e3       	ldi	r28, 0x32	; 50
    11a4:	d7 e0       	ldi	r29, 0x07	; 7
    11a6:	68 81       	ld	r22, Y
    11a8:	79 81       	ldd	r23, Y+1	; 0x01
    11aa:	8a 81       	ldd	r24, Y+2	; 0x02
    11ac:	9b 81       	ldd	r25, Y+3	; 0x03
    11ae:	0e 94 f1 10 	call	0x21e2	; 0x21e2 <uart0_print_uint32>
    uart0_print(",MEAS_FAIL=");
    11b2:	81 eb       	ldi	r24, 0xB1	; 177
    11b4:	93 e0       	ldi	r25, 0x03	; 3
    11b6:	0e 94 78 10 	call	0x20f0	; 0x20f0 <uart0_print>
    uart0_print_uint32(counters.measurements_failed);
    11ba:	6c 81       	ldd	r22, Y+4	; 0x04
    11bc:	7d 81       	ldd	r23, Y+5	; 0x05
    11be:	8e 81       	ldd	r24, Y+6	; 0x06
    11c0:	9f 81       	ldd	r25, Y+7	; 0x07
    11c2:	0e 94 f1 10 	call	0x21e2	; 0x21e2 <uart0_print_uint32>
    uart0_print(",TWI_ERR=");
    11c6:	8d eb       	ldi	r24, 0xBD	; 189
    11c8:	93 e0       	ldi	r25, 0x03	; 3
    11ca:	0e 94 78 10 	call	0x20f0	; 0x20f0 <uart0_print>
    uart0_print_uint32(counters.twi_errors);
    11ce:	68 85       	ldd	r22, Y+8	; 0x08
    11d0:	79 85       	ldd	r23, Y+9	; 0x09
    11d2:	8a 85       	ldd	r24, Y+10	; 0x0a
    11d4:	9b 85       	ldd	r25, Y+11	; 0x0b
    11d6:	0e 94 f1 10 	call	0x21e2	; 0x21e2 <uart0_print_uint32>
    uart0_print(",UART_CMD=");
    11da:	87 ec       	ldi	r24, 0xC7	; 199
    11dc:	93 e0       	ldi	r25, 0x03	; 3
    11de:	0e 94 78 10 	call	0x20f0	; 0x20f0 <uart0_print>
    uart0_print_uint32(counters.uart_commands);
    11e2:	6c 85       	ldd	r22, Y+12	; 0x0c
    11e4:	7d 85       	ldd	r23, Y+13	; 0x0d
    11e6:	8e 85       	ldd	r24, Y+14	; 0x0e
    11e8:	9f 85       	ldd	r25, Y+15	; 0x0f
    11ea:	0e 94 f1 10 	call	0x21e2	; 0x21e2 <uart0_print_uint32>
    uart0_print(",UART_OVF=");
    11ee:	82 ed       	ldi	r24, 0xD2	; 210
    11f0:	93 e0       	ldi	r25, 0x03	; 3
    11f2:	0e 94 78 10 	call	0x20f0	; 0x20f0 <uart0_print>
    uart0_print_uint32(counters.uart_rx_overflows);
    11f6:	68 89       	ldd	r22, Y+16	; 0x10
    11f8:	79 89       	ldd	r23, Y+17	; 0x11
    11fa:	8a 89       	ldd	r24, Y+18	; 0x12
    11fc:	9b 89       	ldd	r25, Y+19	; 0x13
    11fe:	0e 94 f1 10 	call	0x21e2	; 0x21e2 <uart0_print_uint32>
    uart0_print(",EEPROM_ERR=");
    1202:	8d ed       	ldi	r24, 0xDD	; 221
    1204:	93 e0       	ldi	r25, 0x03	; 3
    1206:	0e 94 78 10 	call	0x20f0	; 0x20f0 <uart0_print>
    uart0_print_uint32(counters.eeprom_errors);
    120a:	6c 89       	ldd	r22, Y+20	; 0x14
    120c:	7d 89       	ldd	r23, Y+21	; 0x15
    120e:	8e 89       	ldd	r24, Y+22	; 0x16
    1210:	9f 89       	ldd	r25, Y+23	; 0x17
    1212:	0e 94 f1 10 	call	0x21e2	; 0x21e2 <uart0_print_uint32>
    uart0_print(",WDT_RESETS=");
    1216:	8a ee       	ldi	r24, 0xEA	; 234
    1218:	93 e0       	ldi	r25, 0x03	; 3
    121a:	0e 94 78 10 	call	0x20f0	; 0x20f0 <uart0_print>
    uart0_print_uint32(watchdog_reset_count);
    121e:	60 91 4f 07 	lds	r22, 0x074F	; 0x80074f <watchdog_reset_count>
    1222:	70 91 50 07 	lds	r23, 0x0750	; 0x800750 <watchdog_reset_count+0x1>
    1226:	80 91 51 07 	lds	r24, 0x0751	; 0x800751 <watchdog_reset_count+0x2>
    122a:	90 91 52 07 	lds	r25, 0x0752	; 0x800752 <watchdog_reset_count+0x3>
    122e:	0e 94 f1 10 	call	0x21e2	; 0x21e2 <uart0_print_uint32>
    uart0_print(",RESET=");
    1232:	87 ef       	ldi	r24, 0xF7	; 247
    1234:	93 e0       	ldi	r25, 0x03	; 3
    1236:	0e 94 78 10 	call	0x20f0	; 0x20f0 <uart0_print>
    diagnostics_print_reset_causes();
    123a:	0e 94 1c 08 	call	0x1038	; 0x1038 <diagnostics_print_reset_causes>
    uart0_print(",RESET_FLAGS=0x");
    123e:	8f ef       	ldi	r24, 0xFF	; 255
    1240:	93 e0       	ldi	r25, 0x03	; 3
    1242:	0e 94 78 10 	call	0x20f0	; 0x20f0 <uart0_print>
    uart0_print_hex8(reset_flags);
    1246:	80 91 4e 07 	lds	r24, 0x074E	; 0x80074e <reset_flags>
    124a:	0e 94 85 10 	call	0x210a	; 0x210a <uart0_print_hex8>
    uart0_print("\r\n");
    124e:	88 ef       	ldi	r24, 0xF8	; 248
    1250:	96 e0       	ldi	r25, 0x06	; 6
    1252:	0e 94 78 10 	call	0x20f0	; 0x20f0 <uart0_print>
}
    1256:	df 91       	pop	r29
    1258:	cf 91       	pop	r28
    125a:	08 95       	ret

0000125c <main>:
#include "node_app.h"

int main(void)
{
    node_app_init();
    125c:	0e 94 43 0a 	call	0x1486	; 0x1486 <node_app_init>

    while (1) {
        node_app_process();
    1260:	0e 94 94 0a 	call	0x1528	; 0x1528 <node_app_process>
    1264:	fd cf       	rjmp	.-6      	; 0x1260 <main+0x4>

00001266 <measurement_service_acquire_average>:

uint8_t measurement_service_acquire_average(
    const calibration_record_t *calibration,
    measurement_result_t *result,
    void (*background_process)(void))
{
    1266:	2f 92       	push	r2
    1268:	3f 92       	push	r3
    126a:	4f 92       	push	r4
    126c:	5f 92       	push	r5
    126e:	6f 92       	push	r6
    1270:	7f 92       	push	r7
    1272:	8f 92       	push	r8
    1274:	9f 92       	push	r9
    1276:	af 92       	push	r10
    1278:	bf 92       	push	r11
    127a:	cf 92       	push	r12
    127c:	df 92       	push	r13
    127e:	ef 92       	push	r14
    1280:	ff 92       	push	r15
    1282:	0f 93       	push	r16
    1284:	1f 93       	push	r17
    1286:	cf 93       	push	r28
    1288:	df 93       	push	r29
    128a:	cd b7       	in	r28, 0x3d	; 61
    128c:	de b7       	in	r29, 0x3e	; 62
    128e:	6a 97       	sbiw	r28, 0x1a	; 26
    1290:	0f b6       	in	r0, 0x3f	; 63
    1292:	f8 94       	cli
    1294:	de bf       	out	0x3e, r29	; 62
    1296:	0f be       	out	0x3f, r0	; 63
    1298:	cd bf       	out	0x3d, r28	; 61
    int32_t sum_by = 0;
    int32_t sum_bz = 0;
    uint8_t last_status = 0;
    uint8_t valid = 0;

    if (calibration == 0 || result == 0) return 0U;
    129a:	00 97       	sbiw	r24, 0x00	; 0
    129c:	09 f4       	brne	.+2      	; 0x12a0 <measurement_service_acquire_average+0x3a>
    129e:	b6 c0       	rjmp	.+364    	; 0x140c <measurement_service_acquire_average+0x1a6>
    12a0:	61 15       	cp	r22, r1
    12a2:	71 05       	cpc	r23, r1
    12a4:	09 f4       	brne	.+2      	; 0x12a8 <measurement_service_acquire_average+0x42>
    12a6:	b4 c0       	rjmp	.+360    	; 0x1410 <measurement_service_acquire_average+0x1aa>
    12a8:	1a 01       	movw	r2, r20
    12aa:	78 8b       	std	Y+16, r23	; 0x10
    12ac:	6f 87       	std	Y+15, r22	; 0x0f
    12ae:	9e 8b       	std	Y+22, r25	; 0x16
    12b0:	8d 8b       	std	Y+21, r24	; 0x15
    12b2:	10 e0       	ldi	r17, 0x00	; 0
    12b4:	00 e0       	ldi	r16, 0x00	; 0
    12b6:	1e 86       	std	Y+14, r1	; 0x0e
    12b8:	41 2c       	mov	r4, r1
    12ba:	51 2c       	mov	r5, r1
    12bc:	32 01       	movw	r6, r4
    12be:	1a 86       	std	Y+10, r1	; 0x0a
    12c0:	1b 86       	std	Y+11, r1	; 0x0b
    12c2:	1c 86       	std	Y+12, r1	; 0x0c
    12c4:	1d 86       	std	Y+13, r1	; 0x0d
    12c6:	81 2c       	mov	r8, r1
    12c8:	91 2c       	mov	r9, r1
    12ca:	54 01       	movw	r10, r8
    12cc:	c1 2c       	mov	r12, r1
    12ce:	d1 2c       	mov	r13, r1
    12d0:	76 01       	movw	r14, r12
    12d2:	45 c0       	rjmp	.+138    	; 0x135e <measurement_service_acquire_average+0xf8>

    for (uint8_t index = 0; index < AVERAGE_SAMPLES; index++) {
        tmag5273_raw_sample_t sample;

        if (tmag5273_read_raw(&sample)) {
    12d4:	ce 01       	movw	r24, r28
    12d6:	01 96       	adiw	r24, 0x01	; 1
    12d8:	0e 94 d8 0c 	call	0x19b0	; 0x19b0 <tmag5273_read_raw>
    12dc:	88 23       	and	r24, r24
    12de:	99 f1       	breq	.+102    	; 0x1346 <measurement_service_acquire_average+0xe0>
            sum_temperature += sample.temperature_raw;
    12e0:	89 81       	ldd	r24, Y+1	; 0x01
    12e2:	9a 81       	ldd	r25, Y+2	; 0x02
    12e4:	09 2e       	mov	r0, r25
    12e6:	00 0c       	add	r0, r0
    12e8:	aa 0b       	sbc	r26, r26
    12ea:	bb 0b       	sbc	r27, r27
    12ec:	c8 0e       	add	r12, r24
    12ee:	d9 1e       	adc	r13, r25
    12f0:	ea 1e       	adc	r14, r26
    12f2:	fb 1e       	adc	r15, r27
            sum_bx += sample.bx_raw;
    12f4:	8b 81       	ldd	r24, Y+3	; 0x03
    12f6:	9c 81       	ldd	r25, Y+4	; 0x04
    12f8:	09 2e       	mov	r0, r25
    12fa:	00 0c       	add	r0, r0
    12fc:	aa 0b       	sbc	r26, r26
    12fe:	bb 0b       	sbc	r27, r27
    1300:	88 0e       	add	r8, r24
    1302:	99 1e       	adc	r9, r25
    1304:	aa 1e       	adc	r10, r26
    1306:	bb 1e       	adc	r11, r27
            sum_by += sample.by_raw;
    1308:	8d 81       	ldd	r24, Y+5	; 0x05
    130a:	9e 81       	ldd	r25, Y+6	; 0x06
    130c:	09 2e       	mov	r0, r25
    130e:	00 0c       	add	r0, r0
    1310:	aa 0b       	sbc	r26, r26
    1312:	bb 0b       	sbc	r27, r27
    1314:	2a 85       	ldd	r18, Y+10	; 0x0a
    1316:	3b 85       	ldd	r19, Y+11	; 0x0b
    1318:	4c 85       	ldd	r20, Y+12	; 0x0c
    131a:	5d 85       	ldd	r21, Y+13	; 0x0d
    131c:	28 0f       	add	r18, r24
    131e:	39 1f       	adc	r19, r25
    1320:	4a 1f       	adc	r20, r26
    1322:	5b 1f       	adc	r21, r27
    1324:	2a 87       	std	Y+10, r18	; 0x0a
    1326:	3b 87       	std	Y+11, r19	; 0x0b
    1328:	4c 87       	std	Y+12, r20	; 0x0c
    132a:	5d 87       	std	Y+13, r21	; 0x0d
            sum_bz += sample.bz_raw;
    132c:	8f 81       	ldd	r24, Y+7	; 0x07
    132e:	98 85       	ldd	r25, Y+8	; 0x08
    1330:	09 2e       	mov	r0, r25
    1332:	00 0c       	add	r0, r0
    1334:	aa 0b       	sbc	r26, r26
    1336:	bb 0b       	sbc	r27, r27
    1338:	48 0e       	add	r4, r24
    133a:	59 1e       	adc	r5, r25
    133c:	6a 1e       	adc	r6, r26
    133e:	7b 1e       	adc	r7, r27
            last_status = sample.status;
    1340:	39 85       	ldd	r19, Y+9	; 0x09
    1342:	3e 87       	std	Y+14, r19	; 0x0e
            valid++;
    1344:	0f 5f       	subi	r16, 0xFF	; 255
        }

        if (background_process != 0) background_process();
    1346:	21 14       	cp	r2, r1
    1348:	31 04       	cpc	r3, r1
    134a:	11 f0       	breq	.+4      	; 0x1350 <measurement_service_acquire_average+0xea>
    134c:	f1 01       	movw	r30, r2
    134e:	09 95       	icall
	#else
		//round up by default
		__ticks_dc = (uint32_t)(ceil(fabs(__tmp)));
	#endif

	__builtin_avr_delay_cycles(__ticks_dc);
    1350:	87 ea       	ldi	r24, 0xA7	; 167
    1352:	91 e6       	ldi	r25, 0x61	; 97
    1354:	01 97       	sbiw	r24, 0x01	; 1
    1356:	f1 f7       	brne	.-4      	; 0x1354 <measurement_service_acquire_average+0xee>
    1358:	00 c0       	rjmp	.+0      	; 0x135a <measurement_service_acquire_average+0xf4>
    135a:	00 00       	nop
    uint8_t last_status = 0;
    uint8_t valid = 0;

    if (calibration == 0 || result == 0) return 0U;

    for (uint8_t index = 0; index < AVERAGE_SAMPLES; index++) {
    135c:	1f 5f       	subi	r17, 0xFF	; 255
    135e:	1a 30       	cpi	r17, 0x0A	; 10
    1360:	08 f4       	brcc	.+2      	; 0x1364 <measurement_service_acquire_average+0xfe>
    1362:	b8 cf       	rjmp	.-144    	; 0x12d4 <measurement_service_acquire_average+0x6e>

        if (background_process != 0) background_process();
        _delay_ms(SAMPLE_INTERVAL_MS);
    }

    result->valid_samples = valid;
    1364:	af 85       	ldd	r26, Y+15	; 0x0f
    1366:	b8 89       	ldd	r27, Y+16	; 0x10
    1368:	51 96       	adiw	r26, 0x11	; 17
    136a:	0c 93       	st	X, r16
    if (valid == 0U) return 0U;
    136c:	00 23       	and	r16, r16
    136e:	09 f4       	brne	.+2      	; 0x1372 <measurement_service_acquire_average+0x10c>
    1370:	51 c0       	rjmp	.+162    	; 0x1414 <measurement_service_acquire_average+0x1ae>

    tmag5273_convert_averaged_raw(sum_temperature / valid,
    1372:	20 2f       	mov	r18, r16
    1374:	30 e0       	ldi	r19, 0x00	; 0
    1376:	40 e0       	ldi	r20, 0x00	; 0
    1378:	50 e0       	ldi	r21, 0x00	; 0
    137a:	29 8b       	std	Y+17, r18	; 0x11
    137c:	3a 8b       	std	Y+18, r19	; 0x12
    137e:	4b 8b       	std	Y+19, r20	; 0x13
    1380:	5c 8b       	std	Y+20, r21	; 0x14
    1382:	c3 01       	movw	r24, r6
    1384:	b2 01       	movw	r22, r4
    1386:	0e 94 d4 11 	call	0x23a8	; 0x23a8 <__divmodsi4>
    138a:	2f 8b       	std	Y+23, r18	; 0x17
    138c:	38 8f       	std	Y+24, r19	; 0x18
    138e:	49 8f       	std	Y+25, r20	; 0x19
    1390:	5a 8f       	std	Y+26, r21	; 0x1a
    1392:	6a 85       	ldd	r22, Y+10	; 0x0a
    1394:	7b 85       	ldd	r23, Y+11	; 0x0b
    1396:	8c 85       	ldd	r24, Y+12	; 0x0c
    1398:	9d 85       	ldd	r25, Y+13	; 0x0d
    139a:	29 89       	ldd	r18, Y+17	; 0x11
    139c:	3a 89       	ldd	r19, Y+18	; 0x12
    139e:	4b 89       	ldd	r20, Y+19	; 0x13
    13a0:	5c 89       	ldd	r21, Y+20	; 0x14
    13a2:	0e 94 d4 11 	call	0x23a8	; 0x23a8 <__divmodsi4>
    13a6:	2a 87       	std	Y+10, r18	; 0x0a
    13a8:	3b 87       	std	Y+11, r19	; 0x0b
    13aa:	4c 87       	std	Y+12, r20	; 0x0c
    13ac:	5d 87       	std	Y+13, r21	; 0x0d
    13ae:	c5 01       	movw	r24, r10
    13b0:	b4 01       	movw	r22, r8
    13b2:	29 89       	ldd	r18, Y+17	; 0x11
    13b4:	3a 89       	ldd	r19, Y+18	; 0x12
    13b6:	4b 89       	ldd	r20, Y+19	; 0x13
    13b8:	5c 89       	ldd	r21, Y+20	; 0x14
    13ba:	0e 94 d4 11 	call	0x23a8	; 0x23a8 <__divmodsi4>
    13be:	29 01       	movw	r4, r18
    13c0:	3a 01       	movw	r6, r20
    13c2:	c7 01       	movw	r24, r14
    13c4:	b6 01       	movw	r22, r12
    13c6:	29 89       	ldd	r18, Y+17	; 0x11
    13c8:	3a 89       	ldd	r19, Y+18	; 0x12
    13ca:	4b 89       	ldd	r20, Y+19	; 0x13
    13cc:	5c 89       	ldd	r21, Y+20	; 0x14
    13ce:	0e 94 d4 11 	call	0x23a8	; 0x23a8 <__divmodsi4>
    13d2:	ca 01       	movw	r24, r20
    13d4:	b9 01       	movw	r22, r18
    13d6:	38 89       	ldd	r19, Y+16	; 0x10
    13d8:	3f 93       	push	r19
    13da:	4f 85       	ldd	r20, Y+15	; 0x0f
    13dc:	4f 93       	push	r20
    13de:	8e 84       	ldd	r8, Y+14	; 0x0e
    13e0:	af 88       	ldd	r10, Y+23	; 0x17
    13e2:	b8 8c       	ldd	r11, Y+24	; 0x18
    13e4:	c9 8c       	ldd	r12, Y+25	; 0x19
    13e6:	da 8c       	ldd	r13, Y+26	; 0x1a
    13e8:	ea 84       	ldd	r14, Y+10	; 0x0a
    13ea:	fb 84       	ldd	r15, Y+11	; 0x0b
    13ec:	0c 85       	ldd	r16, Y+12	; 0x0c
    13ee:	1d 85       	ldd	r17, Y+13	; 0x0d
    13f0:	a3 01       	movw	r20, r6
    13f2:	92 01       	movw	r18, r4
    13f4:	0e 94 31 0d 	call	0x1a62	; 0x1a62 <tmag5273_convert_averaged_raw>
                                  sum_by / valid,
                                  sum_bz / valid,
                                  last_status,
                                  &result->value);

    calibration_apply(calibration, &result->value);
    13f8:	6f 85       	ldd	r22, Y+15	; 0x0f
    13fa:	78 89       	ldd	r23, Y+16	; 0x10
    13fc:	8d 89       	ldd	r24, Y+21	; 0x15
    13fe:	9e 89       	ldd	r25, Y+22	; 0x16
    1400:	0e 94 f2 01 	call	0x3e4	; 0x3e4 <calibration_apply>
    return 1U;
    1404:	0f 90       	pop	r0
    1406:	0f 90       	pop	r0
    1408:	81 e0       	ldi	r24, 0x01	; 1
    140a:	05 c0       	rjmp	.+10     	; 0x1416 <measurement_service_acquire_average+0x1b0>
    int32_t sum_by = 0;
    int32_t sum_bz = 0;
    uint8_t last_status = 0;
    uint8_t valid = 0;

    if (calibration == 0 || result == 0) return 0U;
    140c:	80 e0       	ldi	r24, 0x00	; 0
    140e:	03 c0       	rjmp	.+6      	; 0x1416 <measurement_service_acquire_average+0x1b0>
    1410:	80 e0       	ldi	r24, 0x00	; 0
    1412:	01 c0       	rjmp	.+2      	; 0x1416 <measurement_service_acquire_average+0x1b0>
        if (background_process != 0) background_process();
        _delay_ms(SAMPLE_INTERVAL_MS);
    }

    result->valid_samples = valid;
    if (valid == 0U) return 0U;
    1414:	80 e0       	ldi	r24, 0x00	; 0
                                  last_status,
                                  &result->value);

    calibration_apply(calibration, &result->value);
    return 1U;
}
    1416:	6a 96       	adiw	r28, 0x1a	; 26
    1418:	0f b6       	in	r0, 0x3f	; 63
    141a:	f8 94       	cli
    141c:	de bf       	out	0x3e, r29	; 62
    141e:	0f be       	out	0x3f, r0	; 63
    1420:	cd bf       	out	0x3d, r28	; 61
    1422:	df 91       	pop	r29
    1424:	cf 91       	pop	r28
    1426:	1f 91       	pop	r17
    1428:	0f 91       	pop	r16
    142a:	ff 90       	pop	r15
    142c:	ef 90       	pop	r14
    142e:	df 90       	pop	r13
    1430:	cf 90       	pop	r12
    1432:	bf 90       	pop	r11
    1434:	af 90       	pop	r10
    1436:	9f 90       	pop	r9
    1438:	8f 90       	pop	r8
    143a:	7f 90       	pop	r7
    143c:	6f 90       	pop	r6
    143e:	5f 90       	pop	r5
    1440:	4f 90       	pop	r4
    1442:	3f 90       	pop	r3
    1444:	2f 90       	pop	r2
    1446:	08 95       	ret

00001448 <process_commands>:
static uint32_t sequence;
static uint8_t node_id;

static void process_commands(void)
{
    watchdog_service_kick();
    1448:	0e 94 9f 11 	call	0x233e	; 0x233e <watchdog_service_kick>
    commands_process_pending(&calibration, &calibration_status, node_id);
    144c:	40 91 5d 07 	lds	r20, 0x075D	; 0x80075d <node_id>
    1450:	62 e6       	ldi	r22, 0x62	; 98
    1452:	77 e0       	ldi	r23, 0x07	; 7
    1454:	83 e6       	ldi	r24, 0x63	; 99
    1456:	97 e0       	ldi	r25, 0x07	; 7
    1458:	0e 94 f8 05 	call	0xbf0	; 0xbf0 <commands_process_pending>
    status_leds_set_calibration_state(calibration_status);
    145c:	80 91 62 07 	lds	r24, 0x0762	; 0x800762 <calibration_status>
    1460:	0e 94 4c 0c 	call	0x1898	; 0x1898 <status_leds_set_calibration_state>
    status_leds_process();
    1464:	0e 94 5e 0c 	call	0x18bc	; 0x18bc <status_leds_process>
    1468:	08 95       	ret

0000146a <fatal_error>:
}

static void fatal_error(const char *message)
{
    transport_service_publish_error(message);
    146a:	0e 94 2d 0e 	call	0x1c5a	; 0x1c5a <transport_service_publish_error>
    status_leds_set_sensor_state(STATUS_SENSOR_ERROR);
    146e:	82 e0       	ldi	r24, 0x02	; 2
    1470:	0e 94 34 0c 	call	0x1868	; 0x1868 <status_leds_set_sensor_state>

    while (1) {
        process_commands();
    1474:	0e 94 24 0a 	call	0x1448	; 0x1448 <process_commands>
    1478:	8f e4       	ldi	r24, 0x4F	; 79
    147a:	93 ec       	ldi	r25, 0xC3	; 195
    147c:	01 97       	sbiw	r24, 0x01	; 1
    147e:	f1 f7       	brne	.-4      	; 0x147c <fatal_error+0x12>
    1480:	00 c0       	rjmp	.+0      	; 0x1482 <fatal_error+0x18>
    1482:	00 00       	nop
    1484:	f7 cf       	rjmp	.-18     	; 0x1474 <fatal_error+0xa>

00001486 <node_app_init>:
        _delay_ms(200);
    }
}

void node_app_init(void)
{
    1486:	cf 93       	push	r28
    1488:	df 93       	push	r29
    148a:	1f 92       	push	r1
    148c:	cd b7       	in	r28, 0x3d	; 61
    148e:	de b7       	in	r29, 0x3e	; 62
    uint8_t device_id = 0;
    1490:	19 82       	std	Y+1, r1	; 0x01

    diagnostics_init();
    1492:	0e 94 60 07 	call	0xec0	; 0xec0 <diagnostics_init>
    transport_service_init();
    1496:	0e 94 2a 0e 	call	0x1c54	; 0x1c54 <transport_service_init>
    twi1_init();
    149a:	0e 94 51 0f 	call	0x1ea2	; 0x1ea2 <twi1_init>
    board_id_init();
    149e:	0e 94 88 00 	call	0x110	; 0x110 <board_id_init>
    status_leds_init();
    14a2:	0e 94 da 0b 	call	0x17b4	; 0x17b4 <status_leds_init>
    status_leds_run_post();
    14a6:	0e 94 e8 0b 	call	0x17d0	; 0x17d0 <status_leds_run_post>
    sei();
    14aa:	78 94       	sei

    node_id = board_id_read();
    14ac:	0e 94 95 00 	call	0x12a	; 0x12a <board_id_read>
    14b0:	80 93 5d 07 	sts	0x075D, r24	; 0x80075d <node_id>
    sequence = 0UL;
    14b4:	10 92 5e 07 	sts	0x075E, r1	; 0x80075e <sequence>
    14b8:	10 92 5f 07 	sts	0x075F, r1	; 0x80075f <sequence+0x1>
    14bc:	10 92 60 07 	sts	0x0760, r1	; 0x800760 <sequence+0x2>
    14c0:	10 92 61 07 	sts	0x0761, r1	; 0x800761 <sequence+0x3>
    calibration_status = calibration_load(&calibration);
    14c4:	83 e6       	ldi	r24, 0x63	; 99
    14c6:	97 e0       	ldi	r25, 0x07	; 7
    14c8:	0e 94 42 01 	call	0x284	; 0x284 <calibration_load>
    14cc:	80 93 62 07 	sts	0x0762, r24	; 0x800762 <calibration_status>
    status_leds_set_calibration_state(calibration_status);
    14d0:	0e 94 4c 0c 	call	0x1898	; 0x1898 <status_leds_set_calibration_state>

    if (!tmag5273_read_device_id(&device_id)) {
    14d4:	ce 01       	movw	r24, r28
    14d6:	01 96       	adiw	r24, 0x01	; 1
    14d8:	0e 94 a9 0c 	call	0x1952	; 0x1952 <tmag5273_read_device_id>
    14dc:	81 11       	cpse	r24, r1
    14de:	04 c0       	rjmp	.+8      	; 0x14e8 <node_app_init+0x62>
        fatal_error("TMAG_DEVICE_ID_READ");
    14e0:	8f e0       	ldi	r24, 0x0F	; 15
    14e2:	94 e0       	ldi	r25, 0x04	; 4
    14e4:	0e 94 35 0a 	call	0x146a	; 0x146a <fatal_error>
    }

    if (!tmag5273_init()) {
    14e8:	0e 94 b9 0c 	call	0x1972	; 0x1972 <tmag5273_init>
    14ec:	81 11       	cpse	r24, r1
    14ee:	04 c0       	rjmp	.+8      	; 0x14f8 <node_app_init+0x72>
        fatal_error("TMAG_INIT");
    14f0:	83 e2       	ldi	r24, 0x23	; 35
    14f2:	94 e0       	ldi	r25, 0x04	; 4
    14f4:	0e 94 35 0a 	call	0x146a	; 0x146a <fatal_error>
    }

    status_leds_set_sensor_state(STATUS_SENSOR_OK);
    14f8:	81 e0       	ldi	r24, 0x01	; 1
    14fa:	0e 94 34 0c 	call	0x1868	; 0x1868 <status_leds_set_sensor_state>

    transport_service_print_startup(&calibration,
    14fe:	29 81       	ldd	r18, Y+1	; 0x01
    1500:	40 91 5d 07 	lds	r20, 0x075D	; 0x80075d <node_id>
    1504:	60 91 62 07 	lds	r22, 0x0762	; 0x800762 <calibration_status>
    1508:	83 e6       	ldi	r24, 0x63	; 99
    150a:	97 e0       	ldi	r25, 0x07	; 7
    150c:	0e 94 3e 0e 	call	0x1c7c	; 0x1c7c <transport_service_print_startup>
                                    calibration_status,
                                    node_id,
                                    device_id);
    node_identity_print_boot_banner(node_id, calibration_status);
    1510:	60 91 62 07 	lds	r22, 0x0762	; 0x800762 <calibration_status>
    1514:	80 91 5d 07 	lds	r24, 0x075D	; 0x80075d <node_id>
    1518:	0e 94 82 0b 	call	0x1704	; 0x1704 <node_identity_print_boot_banner>
    watchdog_service_init();
    151c:	0e 94 93 11 	call	0x2326	; 0x2326 <watchdog_service_init>
}
    1520:	0f 90       	pop	r0
    1522:	df 91       	pop	r29
    1524:	cf 91       	pop	r28
    1526:	08 95       	ret

00001528 <node_app_process>:

void node_app_process(void)
{
    1528:	0f 93       	push	r16
    152a:	1f 93       	push	r17
    152c:	cf 93       	push	r28
    152e:	df 93       	push	r29
    1530:	cd b7       	in	r28, 0x3d	; 61
    1532:	de b7       	in	r29, 0x3e	; 62
    1534:	62 97       	sbiw	r28, 0x12	; 18
    1536:	0f b6       	in	r0, 0x3f	; 63
    1538:	f8 94       	cli
    153a:	de bf       	out	0x3e, r29	; 62
    153c:	0f be       	out	0x3f, r0	; 63
    153e:	cd bf       	out	0x3d, r28	; 61
    measurement_result_t result;

    watchdog_service_kick();
    1540:	0e 94 9f 11 	call	0x233e	; 0x233e <watchdog_service_kick>

    process_commands();
    1544:	0e 94 24 0a 	call	0x1448	; 0x1448 <process_commands>

    if (!measurement_service_acquire_average(&calibration,
    1548:	44 e2       	ldi	r20, 0x24	; 36
    154a:	5a e0       	ldi	r21, 0x0A	; 10
    154c:	be 01       	movw	r22, r28
    154e:	6f 5f       	subi	r22, 0xFF	; 255
    1550:	7f 4f       	sbci	r23, 0xFF	; 255
    1552:	83 e6       	ldi	r24, 0x63	; 99
    1554:	97 e0       	ldi	r25, 0x07	; 7
    1556:	0e 94 33 09 	call	0x1266	; 0x1266 <measurement_service_acquire_average>
    155a:	81 11       	cpse	r24, r1
    155c:	18 c0       	rjmp	.+48     	; 0x158e <node_app_process+0x66>
                                             &result,
                                             process_commands)) {
        uart0_print("ERROR,TMAG_NO_VALID_SAMPLES,SEQ=");
    155e:	8d e2       	ldi	r24, 0x2D	; 45
    1560:	94 e0       	ldi	r25, 0x04	; 4
    1562:	0e 94 78 10 	call	0x20f0	; 0x20f0 <uart0_print>
        uart0_print_uint32(sequence);
    1566:	60 91 5e 07 	lds	r22, 0x075E	; 0x80075e <sequence>
    156a:	70 91 5f 07 	lds	r23, 0x075F	; 0x80075f <sequence+0x1>
    156e:	80 91 60 07 	lds	r24, 0x0760	; 0x800760 <sequence+0x2>
    1572:	90 91 61 07 	lds	r25, 0x0761	; 0x800761 <sequence+0x3>
    1576:	0e 94 f1 10 	call	0x21e2	; 0x21e2 <uart0_print_uint32>
        uart0_print("\r\n");
    157a:	88 ef       	ldi	r24, 0xF8	; 248
    157c:	96 e0       	ldi	r25, 0x06	; 6
    157e:	0e 94 78 10 	call	0x20f0	; 0x20f0 <uart0_print>
        status_leds_set_sensor_state(STATUS_SENSOR_ERROR);
    1582:	82 e0       	ldi	r24, 0x02	; 2
    1584:	0e 94 34 0c 	call	0x1868	; 0x1868 <status_leds_set_sensor_state>
        diagnostics_record_measurement_failed();
    1588:	0e 94 66 08 	call	0x10cc	; 0x10cc <diagnostics_record_measurement_failed>
    158c:	2f c0       	rjmp	.+94     	; 0x15ec <node_app_process+0xc4>
        return;
    }

    status_leds_set_sensor_state(STATUS_SENSOR_OK);
    158e:	81 e0       	ldi	r24, 0x01	; 1
    1590:	0e 94 34 0c 	call	0x1868	; 0x1868 <status_leds_set_sensor_state>
    diagnostics_record_measurement_ok();
    1594:	0e 94 58 08 	call	0x10b0	; 0x10b0 <diagnostics_record_measurement_ok>

    transport_service_publish_measurement(node_id,
    1598:	40 91 5e 07 	lds	r20, 0x075E	; 0x80075e <sequence>
    159c:	50 91 5f 07 	lds	r21, 0x075F	; 0x80075f <sequence+0x1>
    15a0:	60 91 60 07 	lds	r22, 0x0760	; 0x800760 <sequence+0x2>
    15a4:	70 91 61 07 	lds	r23, 0x0761	; 0x800761 <sequence+0x3>
    15a8:	8e 01       	movw	r16, r28
    15aa:	0f 5f       	subi	r16, 0xFF	; 255
    15ac:	1f 4f       	sbci	r17, 0xFF	; 255
    15ae:	20 91 62 07 	lds	r18, 0x0762	; 0x800762 <calibration_status>
    15b2:	80 91 5d 07 	lds	r24, 0x075D	; 0x80075d <node_id>
    15b6:	0e 94 a2 0e 	call	0x1d44	; 0x1d44 <transport_service_publish_measurement>
                                          sequence,
                                          calibration_status,
                                          &result);
    sequence++;
    15ba:	80 91 5e 07 	lds	r24, 0x075E	; 0x80075e <sequence>
    15be:	90 91 5f 07 	lds	r25, 0x075F	; 0x80075f <sequence+0x1>
    15c2:	a0 91 60 07 	lds	r26, 0x0760	; 0x800760 <sequence+0x2>
    15c6:	b0 91 61 07 	lds	r27, 0x0761	; 0x800761 <sequence+0x3>
    15ca:	01 96       	adiw	r24, 0x01	; 1
    15cc:	a1 1d       	adc	r26, r1
    15ce:	b1 1d       	adc	r27, r1
    15d0:	80 93 5e 07 	sts	0x075E, r24	; 0x80075e <sequence>
    15d4:	90 93 5f 07 	sts	0x075F, r25	; 0x80075f <sequence+0x1>
    15d8:	a0 93 60 07 	sts	0x0760, r26	; 0x800760 <sequence+0x2>
    15dc:	b0 93 61 07 	sts	0x0761, r27	; 0x800761 <sequence+0x3>

    /* PD5 remains the established heartbeat: one toggle per published packet. */
    PORTD ^= (1 << PD5);
    15e0:	9b b1       	in	r25, 0x0b	; 11
    15e2:	80 e2       	ldi	r24, 0x20	; 32
    15e4:	89 27       	eor	r24, r25
    15e6:	8b b9       	out	0x0b, r24	; 11
    watchdog_service_kick();
    15e8:	0e 94 9f 11 	call	0x233e	; 0x233e <watchdog_service_kick>
}
    15ec:	62 96       	adiw	r28, 0x12	; 18
    15ee:	0f b6       	in	r0, 0x3f	; 63
    15f0:	f8 94       	cli
    15f2:	de bf       	out	0x3e, r29	; 62
    15f4:	0f be       	out	0x3f, r0	; 63
    15f6:	cd bf       	out	0x3d, r28	; 61
    15f8:	df 91       	pop	r29
    15fa:	cf 91       	pop	r28
    15fc:	1f 91       	pop	r17
    15fe:	0f 91       	pop	r16
    1600:	08 95       	ret

00001602 <calibration_status_text>:
#include "node_identity.h"
#include "uart0.h"

static const char *calibration_status_text(calibration_status_t status)
{
    if (status == CALIBRATION_STATUS_VALID) return "VALID";
    1602:	81 30       	cpi	r24, 0x01	; 1
    1604:	29 f0       	breq	.+10     	; 0x1610 <calibration_status_text+0xe>
    if (status == CALIBRATION_STATUS_DIRTY) return "DIRTY";
    1606:	82 30       	cpi	r24, 0x02	; 2
    1608:	31 f4       	brne	.+12     	; 0x1616 <calibration_status_text+0x14>
    160a:	86 e0       	ldi	r24, 0x06	; 6
    160c:	91 e0       	ldi	r25, 0x01	; 1
    160e:	08 95       	ret
#include "node_identity.h"
#include "uart0.h"

static const char *calibration_status_text(calibration_status_t status)
{
    if (status == CALIBRATION_STATUS_VALID) return "VALID";
    1610:	80 e0       	ldi	r24, 0x00	; 0
    1612:	91 e0       	ldi	r25, 0x01	; 1
    1614:	08 95       	ret
    if (status == CALIBRATION_STATUS_DIRTY) return "DIRTY";
    return "DEFAULT";
    1616:	8c e0       	ldi	r24, 0x0C	; 12
    1618:	91 e0       	ldi	r25, 0x01	; 1
}
    161a:	08 95       	ret

0000161c <node_identity_print_info>:

void node_identity_print_info(uint8_t node_id,
                              calibration_status_t calibration_status)
{
    161c:	cf 93       	push	r28
    161e:	df 93       	push	r29
    1620:	d8 2f       	mov	r29, r24
    1622:	c6 2f       	mov	r28, r22
    uart0_print("$ND280INFO,ID=");
    1624:	8e e4       	ldi	r24, 0x4E	; 78
    1626:	94 e0       	ldi	r25, 0x04	; 4
    1628:	0e 94 78 10 	call	0x20f0	; 0x20f0 <uart0_print>
    uart0_print_uint16(node_id);
    162c:	8d 2f       	mov	r24, r29
    162e:	90 e0       	ldi	r25, 0x00	; 0
    1630:	0e 94 9a 10 	call	0x2134	; 0x2134 <uart0_print_uint16>
    uart0_print(",NODEOS=");
    1634:	8d e5       	ldi	r24, 0x5D	; 93
    1636:	94 e0       	ldi	r25, 0x04	; 4
    1638:	0e 94 78 10 	call	0x20f0	; 0x20f0 <uart0_print>
    uart0_print(NODEOS_VERSION);
    163c:	86 e6       	ldi	r24, 0x66	; 102
    163e:	94 e0       	ldi	r25, 0x04	; 4
    1640:	0e 94 78 10 	call	0x20f0	; 0x20f0 <uart0_print>
    uart0_print(",PROTO=");
    1644:	83 e7       	ldi	r24, 0x73	; 115
    1646:	94 e0       	ldi	r25, 0x04	; 4
    1648:	0e 94 78 10 	call	0x20f0	; 0x20f0 <uart0_print>
    uart0_print_uint16(NODEOS_PROTOCOL_VERSION);
    164c:	81 e0       	ldi	r24, 0x01	; 1
    164e:	90 e0       	ldi	r25, 0x00	; 0
    1650:	0e 94 9a 10 	call	0x2134	; 0x2134 <uart0_print_uint16>
    uart0_print(",BOARD_REV=");
    1654:	8b e7       	ldi	r24, 0x7B	; 123
    1656:	94 e0       	ldi	r25, 0x04	; 4
    1658:	0e 94 78 10 	call	0x20f0	; 0x20f0 <uart0_print>
    uart0_print(NODE_BOARD_REVISION);
    165c:	87 e8       	ldi	r24, 0x87	; 135
    165e:	94 e0       	ldi	r25, 0x04	; 4
    1660:	0e 94 78 10 	call	0x20f0	; 0x20f0 <uart0_print>
    uart0_print(",HW=");
    1664:	89 e8       	ldi	r24, 0x89	; 137
    1666:	94 e0       	ldi	r25, 0x04	; 4
    1668:	0e 94 78 10 	call	0x20f0	; 0x20f0 <uart0_print>
    uart0_print(NODE_HARDWARE_NAME);
    166c:	8e e8       	ldi	r24, 0x8E	; 142
    166e:	94 e0       	ldi	r25, 0x04	; 4
    1670:	0e 94 78 10 	call	0x20f0	; 0x20f0 <uart0_print>
    uart0_print(",MCU=");
    1674:	8f e9       	ldi	r24, 0x9F	; 159
    1676:	94 e0       	ldi	r25, 0x04	; 4
    1678:	0e 94 78 10 	call	0x20f0	; 0x20f0 <uart0_print>
    uart0_print(NODE_MCU_NAME);
    167c:	85 ea       	ldi	r24, 0xA5	; 165
    167e:	94 e0       	ldi	r25, 0x04	; 4
    1680:	0e 94 78 10 	call	0x20f0	; 0x20f0 <uart0_print>
    uart0_print(",SENSOR=");
    1684:	81 eb       	ldi	r24, 0xB1	; 177
    1686:	94 e0       	ldi	r25, 0x04	; 4
    1688:	0e 94 78 10 	call	0x20f0	; 0x20f0 <uart0_print>
    uart0_print(NODE_SENSOR_NAME);
    168c:	8a eb       	ldi	r24, 0xBA	; 186
    168e:	94 e0       	ldi	r25, 0x04	; 4
    1690:	0e 94 78 10 	call	0x20f0	; 0x20f0 <uart0_print>
    uart0_print(",RANGE=");
    1694:	85 ec       	ldi	r24, 0xC5	; 197
    1696:	94 e0       	ldi	r25, 0x04	; 4
    1698:	0e 94 78 10 	call	0x20f0	; 0x20f0 <uart0_print>
    uart0_print_uint16(TMAG_FULL_SCALE_MT);
    169c:	8a e0       	ldi	r24, 0x0A	; 10
    169e:	91 e0       	ldi	r25, 0x01	; 1
    16a0:	0e 94 9a 10 	call	0x2134	; 0x2134 <uart0_print_uint16>
    uart0_print(",AVG=");
    16a4:	8d ec       	ldi	r24, 0xCD	; 205
    16a6:	94 e0       	ldi	r25, 0x04	; 4
    16a8:	0e 94 78 10 	call	0x20f0	; 0x20f0 <uart0_print>
    uart0_print_uint16(AVERAGE_SAMPLES);
    16ac:	8a e0       	ldi	r24, 0x0A	; 10
    16ae:	90 e0       	ldi	r25, 0x00	; 0
    16b0:	0e 94 9a 10 	call	0x2134	; 0x2134 <uart0_print_uint16>
    uart0_print(",EEPROM_VER=");
    16b4:	83 ed       	ldi	r24, 0xD3	; 211
    16b6:	94 e0       	ldi	r25, 0x04	; 4
    16b8:	0e 94 78 10 	call	0x20f0	; 0x20f0 <uart0_print>
    uart0_print_uint16(CALIBRATION_VERSION);
    16bc:	81 e0       	ldi	r24, 0x01	; 1
    16be:	90 e0       	ldi	r25, 0x00	; 0
    16c0:	0e 94 9a 10 	call	0x2134	; 0x2134 <uart0_print_uint16>
    uart0_print(",CAL=");
    16c4:	80 ee       	ldi	r24, 0xE0	; 224
    16c6:	94 e0       	ldi	r25, 0x04	; 4
    16c8:	0e 94 78 10 	call	0x20f0	; 0x20f0 <uart0_print>
    uart0_print(calibration_status_text(calibration_status));
    16cc:	8c 2f       	mov	r24, r28
    16ce:	0e 94 01 0b 	call	0x1602	; 0x1602 <calibration_status_text>
    16d2:	0e 94 78 10 	call	0x20f0	; 0x20f0 <uart0_print>
    uart0_print(",BUILD_DATE=");
    16d6:	86 ee       	ldi	r24, 0xE6	; 230
    16d8:	94 e0       	ldi	r25, 0x04	; 4
    16da:	0e 94 78 10 	call	0x20f0	; 0x20f0 <uart0_print>
    uart0_print(__DATE__);
    16de:	83 ef       	ldi	r24, 0xF3	; 243
    16e0:	94 e0       	ldi	r25, 0x04	; 4
    16e2:	0e 94 78 10 	call	0x20f0	; 0x20f0 <uart0_print>
    uart0_print(",BUILD_TIME=");
    16e6:	8f ef       	ldi	r24, 0xFF	; 255
    16e8:	94 e0       	ldi	r25, 0x04	; 4
    16ea:	0e 94 78 10 	call	0x20f0	; 0x20f0 <uart0_print>
    uart0_print(__TIME__);
    16ee:	8c e0       	ldi	r24, 0x0C	; 12
    16f0:	95 e0       	ldi	r25, 0x05	; 5
    16f2:	0e 94 78 10 	call	0x20f0	; 0x20f0 <uart0_print>
    uart0_print("\r\n");
    16f6:	88 ef       	ldi	r24, 0xF8	; 248
    16f8:	96 e0       	ldi	r25, 0x06	; 6
    16fa:	0e 94 78 10 	call	0x20f0	; 0x20f0 <uart0_print>
}
    16fe:	df 91       	pop	r29
    1700:	cf 91       	pop	r28
    1702:	08 95       	ret

00001704 <node_identity_print_boot_banner>:

void node_identity_print_boot_banner(uint8_t node_id,
                                     calibration_status_t calibration_status)
{
    1704:	cf 93       	push	r28
    1706:	df 93       	push	r29
    1708:	d8 2f       	mov	r29, r24
    170a:	c6 2f       	mov	r28, r22
    uart0_print("NODEOS_VERSION=");
    170c:	85 e1       	ldi	r24, 0x15	; 21
    170e:	95 e0       	ldi	r25, 0x05	; 5
    1710:	0e 94 78 10 	call	0x20f0	; 0x20f0 <uart0_print>
    uart0_print(NODEOS_VERSION);
    1714:	86 e6       	ldi	r24, 0x66	; 102
    1716:	94 e0       	ldi	r25, 0x04	; 4
    1718:	0e 94 78 10 	call	0x20f0	; 0x20f0 <uart0_print>
    uart0_print(",PROTOCOL=");
    171c:	85 e2       	ldi	r24, 0x25	; 37
    171e:	95 e0       	ldi	r25, 0x05	; 5
    1720:	0e 94 78 10 	call	0x20f0	; 0x20f0 <uart0_print>
    uart0_print_uint16(NODEOS_PROTOCOL_VERSION);
    1724:	81 e0       	ldi	r24, 0x01	; 1
    1726:	90 e0       	ldi	r25, 0x00	; 0
    1728:	0e 94 9a 10 	call	0x2134	; 0x2134 <uart0_print_uint16>
    uart0_print(",BOARD_REV=");
    172c:	8b e7       	ldi	r24, 0x7B	; 123
    172e:	94 e0       	ldi	r25, 0x04	; 4
    1730:	0e 94 78 10 	call	0x20f0	; 0x20f0 <uart0_print>
    uart0_print(NODE_BOARD_REVISION);
    1734:	87 e8       	ldi	r24, 0x87	; 135
    1736:	94 e0       	ldi	r25, 0x04	; 4
    1738:	0e 94 78 10 	call	0x20f0	; 0x20f0 <uart0_print>
    uart0_print(",MCU=");
    173c:	8f e9       	ldi	r24, 0x9F	; 159
    173e:	94 e0       	ldi	r25, 0x04	; 4
    1740:	0e 94 78 10 	call	0x20f0	; 0x20f0 <uart0_print>
    uart0_print(NODE_MCU_NAME);
    1744:	85 ea       	ldi	r24, 0xA5	; 165
    1746:	94 e0       	ldi	r25, 0x04	; 4
    1748:	0e 94 78 10 	call	0x20f0	; 0x20f0 <uart0_print>
    uart0_print(",SENSOR=");
    174c:	81 eb       	ldi	r24, 0xB1	; 177
    174e:	94 e0       	ldi	r25, 0x04	; 4
    1750:	0e 94 78 10 	call	0x20f0	; 0x20f0 <uart0_print>
    uart0_print(NODE_SENSOR_NAME);
    1754:	8a eb       	ldi	r24, 0xBA	; 186
    1756:	94 e0       	ldi	r25, 0x04	; 4
    1758:	0e 94 78 10 	call	0x20f0	; 0x20f0 <uart0_print>
    uart0_print(",NODE_ID=");
    175c:	80 e3       	ldi	r24, 0x30	; 48
    175e:	95 e0       	ldi	r25, 0x05	; 5
    1760:	0e 94 78 10 	call	0x20f0	; 0x20f0 <uart0_print>
    uart0_print_uint16(node_id);
    1764:	8d 2f       	mov	r24, r29
    1766:	90 e0       	ldi	r25, 0x00	; 0
    1768:	0e 94 9a 10 	call	0x2134	; 0x2134 <uart0_print_uint16>
    uart0_print(",CAL=");
    176c:	80 ee       	ldi	r24, 0xE0	; 224
    176e:	94 e0       	ldi	r25, 0x04	; 4
    1770:	0e 94 78 10 	call	0x20f0	; 0x20f0 <uart0_print>
    uart0_print(calibration_status_text(calibration_status));
    1774:	8c 2f       	mov	r24, r28
    1776:	0e 94 01 0b 	call	0x1602	; 0x1602 <calibration_status_text>
    177a:	0e 94 78 10 	call	0x20f0	; 0x20f0 <uart0_print>
    uart0_print("\r\nBUILD_DATE=");
    177e:	8a e3       	ldi	r24, 0x3A	; 58
    1780:	95 e0       	ldi	r25, 0x05	; 5
    1782:	0e 94 78 10 	call	0x20f0	; 0x20f0 <uart0_print>
    uart0_print(__DATE__);
    1786:	83 ef       	ldi	r24, 0xF3	; 243
    1788:	94 e0       	ldi	r25, 0x04	; 4
    178a:	0e 94 78 10 	call	0x20f0	; 0x20f0 <uart0_print>
    uart0_print(",BUILD_TIME=");
    178e:	8f ef       	ldi	r24, 0xFF	; 255
    1790:	94 e0       	ldi	r25, 0x04	; 4
    1792:	0e 94 78 10 	call	0x20f0	; 0x20f0 <uart0_print>
    uart0_print(__TIME__);
    1796:	8c e0       	ldi	r24, 0x0C	; 12
    1798:	95 e0       	ldi	r25, 0x05	; 5
    179a:	0e 94 78 10 	call	0x20f0	; 0x20f0 <uart0_print>
    uart0_print("\r\n");
    179e:	88 ef       	ldi	r24, 0xF8	; 248
    17a0:	96 e0       	ldi	r25, 0x06	; 6
    17a2:	0e 94 78 10 	call	0x20f0	; 0x20f0 <uart0_print>
}
    17a6:	df 91       	pop	r29
    17a8:	cf 91       	pop	r28
    17aa:	08 95       	ret

000017ac <leds_all_off>:
static uint8_t sensor_ticks = 0U;
static uint8_t calibration_ticks = 0U;

static void leds_all_off(void)
{
    PORTD &= ~ALL_STATUS_LEDS;
    17ac:	8b b1       	in	r24, 0x0b	; 11
    17ae:	8f 71       	andi	r24, 0x1F	; 31
    17b0:	8b b9       	out	0x0b, r24	; 11
    17b2:	08 95       	ret

000017b4 <status_leds_init>:
}

void status_leds_init(void)
{
    DDRD |= ALL_STATUS_LEDS;
    17b4:	8a b1       	in	r24, 0x0a	; 10
    17b6:	80 6e       	ori	r24, 0xE0	; 224
    17b8:	8a b9       	out	0x0a, r24	; 10
    leds_all_off();
    17ba:	0e 94 d6 0b 	call	0x17ac	; 0x17ac <leds_all_off>

    sensor_state = STATUS_SENSOR_STARTING;
    17be:	10 92 9e 07 	sts	0x079E, r1	; 0x80079e <sensor_state>
    calibration_state = CALIBRATION_STATUS_DEFAULT;
    17c2:	10 92 9d 07 	sts	0x079D, r1	; 0x80079d <calibration_state>
    sensor_ticks = 0U;
    17c6:	10 92 9c 07 	sts	0x079C, r1	; 0x80079c <sensor_ticks>
    calibration_ticks = 0U;
    17ca:	10 92 9b 07 	sts	0x079B, r1	; 0x80079b <calibration_ticks>
    17ce:	08 95       	ret

000017d0 <status_leds_run_post>:
}

void status_leds_run_post(void)
{
    /* PD5 -> PD6 -> PD7 -> all LEDs. */
    leds_all_off();
    17d0:	0e 94 d6 0b 	call	0x17ac	; 0x17ac <leds_all_off>

    PORTD |= (1 << HEARTBEAT_LED);
    17d4:	8b b1       	in	r24, 0x0b	; 11
    17d6:	80 62       	ori	r24, 0x20	; 32
    17d8:	8b b9       	out	0x0b, r24	; 11
    17da:	8f e5       	ldi	r24, 0x5F	; 95
    17dc:	9a ee       	ldi	r25, 0xEA	; 234
    17de:	01 97       	sbiw	r24, 0x01	; 1
    17e0:	f1 f7       	brne	.-4      	; 0x17de <status_leds_run_post+0xe>
    17e2:	00 c0       	rjmp	.+0      	; 0x17e4 <status_leds_run_post+0x14>
    17e4:	00 00       	nop
    _delay_ms(POST_SINGLE_LED_MS);
    leds_all_off();
    17e6:	0e 94 d6 0b 	call	0x17ac	; 0x17ac <leds_all_off>
    17ea:	8f e2       	ldi	r24, 0x2F	; 47
    17ec:	95 e7       	ldi	r25, 0x75	; 117
    17ee:	01 97       	sbiw	r24, 0x01	; 1
    17f0:	f1 f7       	brne	.-4      	; 0x17ee <status_leds_run_post+0x1e>
    17f2:	00 c0       	rjmp	.+0      	; 0x17f4 <status_leds_run_post+0x24>
    17f4:	00 00       	nop
    _delay_ms(POST_GAP_MS);

    PORTD |= (1 << SENSOR_LED);
    17f6:	8b b1       	in	r24, 0x0b	; 11
    17f8:	80 64       	ori	r24, 0x40	; 64
    17fa:	8b b9       	out	0x0b, r24	; 11
    17fc:	8f e5       	ldi	r24, 0x5F	; 95
    17fe:	9a ee       	ldi	r25, 0xEA	; 234
    1800:	01 97       	sbiw	r24, 0x01	; 1
    1802:	f1 f7       	brne	.-4      	; 0x1800 <status_leds_run_post+0x30>
    1804:	00 c0       	rjmp	.+0      	; 0x1806 <status_leds_run_post+0x36>
    1806:	00 00       	nop
    _delay_ms(POST_SINGLE_LED_MS);
    leds_all_off();
    1808:	0e 94 d6 0b 	call	0x17ac	; 0x17ac <leds_all_off>
    180c:	8f e2       	ldi	r24, 0x2F	; 47
    180e:	95 e7       	ldi	r25, 0x75	; 117
    1810:	01 97       	sbiw	r24, 0x01	; 1
    1812:	f1 f7       	brne	.-4      	; 0x1810 <status_leds_run_post+0x40>
    1814:	00 c0       	rjmp	.+0      	; 0x1816 <status_leds_run_post+0x46>
    1816:	00 00       	nop
    _delay_ms(POST_GAP_MS);

    PORTD |= (1 << SYSTEM_LED);
    1818:	8b b1       	in	r24, 0x0b	; 11
    181a:	80 68       	ori	r24, 0x80	; 128
    181c:	8b b9       	out	0x0b, r24	; 11
    181e:	8f e5       	ldi	r24, 0x5F	; 95
    1820:	9a ee       	ldi	r25, 0xEA	; 234
    1822:	01 97       	sbiw	r24, 0x01	; 1
    1824:	f1 f7       	brne	.-4      	; 0x1822 <status_leds_run_post+0x52>
    1826:	00 c0       	rjmp	.+0      	; 0x1828 <status_leds_run_post+0x58>
    1828:	00 00       	nop
    _delay_ms(POST_SINGLE_LED_MS);
    leds_all_off();
    182a:	0e 94 d6 0b 	call	0x17ac	; 0x17ac <leds_all_off>
    182e:	8f e2       	ldi	r24, 0x2F	; 47
    1830:	95 e7       	ldi	r25, 0x75	; 117
    1832:	01 97       	sbiw	r24, 0x01	; 1
    1834:	f1 f7       	brne	.-4      	; 0x1832 <status_leds_run_post+0x62>
    1836:	00 c0       	rjmp	.+0      	; 0x1838 <status_leds_run_post+0x68>
    1838:	00 00       	nop
    _delay_ms(POST_GAP_MS);

    PORTD |= ALL_STATUS_LEDS;
    183a:	8b b1       	in	r24, 0x0b	; 11
    183c:	80 6e       	ori	r24, 0xE0	; 224
    183e:	8b b9       	out	0x0b, r24	; 11
    1840:	9f e9       	ldi	r25, 0x9F	; 159
    1842:	26 e8       	ldi	r18, 0x86	; 134
    1844:	81 e0       	ldi	r24, 0x01	; 1
    1846:	91 50       	subi	r25, 0x01	; 1
    1848:	20 40       	sbci	r18, 0x00	; 0
    184a:	80 40       	sbci	r24, 0x00	; 0
    184c:	e1 f7       	brne	.-8      	; 0x1846 <status_leds_run_post+0x76>
    184e:	00 c0       	rjmp	.+0      	; 0x1850 <status_leds_run_post+0x80>
    1850:	00 00       	nop
    _delay_ms(POST_ALL_LEDS_MS);
    leds_all_off();
    1852:	0e 94 d6 0b 	call	0x17ac	; 0x17ac <leds_all_off>

    /* Restore the startup state used by the runtime state machine. */
    sensor_state = STATUS_SENSOR_STARTING;
    1856:	10 92 9e 07 	sts	0x079E, r1	; 0x80079e <sensor_state>
    calibration_state = CALIBRATION_STATUS_DEFAULT;
    185a:	10 92 9d 07 	sts	0x079D, r1	; 0x80079d <calibration_state>
    sensor_ticks = 0U;
    185e:	10 92 9c 07 	sts	0x079C, r1	; 0x80079c <sensor_ticks>
    calibration_ticks = 0U;
    1862:	10 92 9b 07 	sts	0x079B, r1	; 0x80079b <calibration_ticks>
    1866:	08 95       	ret

00001868 <status_leds_set_sensor_state>:
}

void status_leds_set_sensor_state(status_sensor_state_t state)
{
    if (sensor_state != state) {
    1868:	90 91 9e 07 	lds	r25, 0x079E	; 0x80079e <sensor_state>
    186c:	98 17       	cp	r25, r24
    186e:	99 f0       	breq	.+38     	; 0x1896 <status_leds_set_sensor_state+0x2e>
        sensor_state = state;
    1870:	80 93 9e 07 	sts	0x079E, r24	; 0x80079e <sensor_state>
        sensor_ticks = 0U;
    1874:	10 92 9c 07 	sts	0x079C, r1	; 0x80079c <sensor_ticks>

        if (state == STATUS_SENSOR_STARTING) {
    1878:	81 11       	cpse	r24, r1
    187a:	04 c0       	rjmp	.+8      	; 0x1884 <status_leds_set_sensor_state+0x1c>
            PORTD &= ~(1 << SENSOR_LED);
    187c:	8b b1       	in	r24, 0x0b	; 11
    187e:	8f 7b       	andi	r24, 0xBF	; 191
    1880:	8b b9       	out	0x0b, r24	; 11
    1882:	08 95       	ret
        } else if (state == STATUS_SENSOR_OK) {
    1884:	81 30       	cpi	r24, 0x01	; 1
    1886:	21 f4       	brne	.+8      	; 0x1890 <status_leds_set_sensor_state+0x28>
            PORTD |= (1 << SENSOR_LED);
    1888:	8b b1       	in	r24, 0x0b	; 11
    188a:	80 64       	ori	r24, 0x40	; 64
    188c:	8b b9       	out	0x0b, r24	; 11
    188e:	08 95       	ret
        } else {
            PORTD &= ~(1 << SENSOR_LED);
    1890:	8b b1       	in	r24, 0x0b	; 11
    1892:	8f 7b       	andi	r24, 0xBF	; 191
    1894:	8b b9       	out	0x0b, r24	; 11
    1896:	08 95       	ret

00001898 <status_leds_set_calibration_state>:
    }
}

void status_leds_set_calibration_state(calibration_status_t state)
{
    if (calibration_state != state) {
    1898:	90 91 9d 07 	lds	r25, 0x079D	; 0x80079d <calibration_state>
    189c:	98 17       	cp	r25, r24
    189e:	69 f0       	breq	.+26     	; 0x18ba <status_leds_set_calibration_state+0x22>
        calibration_state = state;
    18a0:	80 93 9d 07 	sts	0x079D, r24	; 0x80079d <calibration_state>
        calibration_ticks = 0U;
    18a4:	10 92 9b 07 	sts	0x079B, r1	; 0x80079b <calibration_ticks>

        if (state == CALIBRATION_STATUS_VALID) {
    18a8:	81 30       	cpi	r24, 0x01	; 1
    18aa:	21 f4       	brne	.+8      	; 0x18b4 <status_leds_set_calibration_state+0x1c>
            PORTD |= (1 << SYSTEM_LED);
    18ac:	8b b1       	in	r24, 0x0b	; 11
    18ae:	80 68       	ori	r24, 0x80	; 128
    18b0:	8b b9       	out	0x0b, r24	; 11
    18b2:	08 95       	ret
        } else {
            PORTD &= ~(1 << SYSTEM_LED);
    18b4:	8b b1       	in	r24, 0x0b	; 11
    18b6:	8f 77       	andi	r24, 0x7F	; 127
    18b8:	8b b9       	out	0x0b, r24	; 11
    18ba:	08 95       	ret

000018bc <status_leds_process>:
    }
}

void status_leds_process(void)
{
    if (sensor_state == STATUS_SENSOR_OK) {
    18bc:	80 91 9e 07 	lds	r24, 0x079E	; 0x80079e <sensor_state>
    18c0:	81 30       	cpi	r24, 0x01	; 1
    18c2:	21 f4       	brne	.+8      	; 0x18cc <status_leds_process+0x10>
        PORTD |= (1 << SENSOR_LED);
    18c4:	8b b1       	in	r24, 0x0b	; 11
    18c6:	80 64       	ori	r24, 0x40	; 64
    18c8:	8b b9       	out	0x0b, r24	; 11
    18ca:	13 c0       	rjmp	.+38     	; 0x18f2 <status_leds_process+0x36>
    } else if (sensor_state == STATUS_SENSOR_STARTING) {
    18cc:	81 11       	cpse	r24, r1
    18ce:	04 c0       	rjmp	.+8      	; 0x18d8 <status_leds_process+0x1c>
        PORTD &= ~(1 << SENSOR_LED);
    18d0:	8b b1       	in	r24, 0x0b	; 11
    18d2:	8f 7b       	andi	r24, 0xBF	; 191
    18d4:	8b b9       	out	0x0b, r24	; 11
    18d6:	0d c0       	rjmp	.+26     	; 0x18f2 <status_leds_process+0x36>
    } else {
        sensor_ticks++;
    18d8:	80 91 9c 07 	lds	r24, 0x079C	; 0x80079c <sensor_ticks>
    18dc:	8f 5f       	subi	r24, 0xFF	; 255
    18de:	80 93 9c 07 	sts	0x079C, r24	; 0x80079c <sensor_ticks>
        if (sensor_ticks >= SENSOR_ERROR_TOGGLE_TICKS) {
    18e2:	82 30       	cpi	r24, 0x02	; 2
    18e4:	30 f0       	brcs	.+12     	; 0x18f2 <status_leds_process+0x36>
            sensor_ticks = 0U;
    18e6:	10 92 9c 07 	sts	0x079C, r1	; 0x80079c <sensor_ticks>
            PORTD ^= (1 << SENSOR_LED);
    18ea:	9b b1       	in	r25, 0x0b	; 11
    18ec:	80 e4       	ldi	r24, 0x40	; 64
    18ee:	89 27       	eor	r24, r25
    18f0:	8b b9       	out	0x0b, r24	; 11
        }
    }

    if (calibration_state == CALIBRATION_STATUS_DEFAULT) {
    18f2:	80 91 9d 07 	lds	r24, 0x079D	; 0x80079d <calibration_state>
    18f6:	81 11       	cpse	r24, r1
    18f8:	04 c0       	rjmp	.+8      	; 0x1902 <status_leds_process+0x46>
        PORTD &= ~(1 << SYSTEM_LED);
    18fa:	8b b1       	in	r24, 0x0b	; 11
    18fc:	8f 77       	andi	r24, 0x7F	; 127
    18fe:	8b b9       	out	0x0b, r24	; 11
    1900:	08 95       	ret
    } else if (calibration_state == CALIBRATION_STATUS_VALID) {
    1902:	81 30       	cpi	r24, 0x01	; 1
    1904:	21 f4       	brne	.+8      	; 0x190e <status_leds_process+0x52>
        PORTD |= (1 << SYSTEM_LED);
    1906:	8b b1       	in	r24, 0x0b	; 11
    1908:	80 68       	ori	r24, 0x80	; 128
    190a:	8b b9       	out	0x0b, r24	; 11
    190c:	08 95       	ret
    } else {
        calibration_ticks++;
    190e:	80 91 9b 07 	lds	r24, 0x079B	; 0x80079b <calibration_ticks>
    1912:	8f 5f       	subi	r24, 0xFF	; 255
    1914:	80 93 9b 07 	sts	0x079B, r24	; 0x80079b <calibration_ticks>
        if (calibration_ticks >= CAL_DIRTY_TOGGLE_TICKS) {
    1918:	85 30       	cpi	r24, 0x05	; 5
    191a:	28 f0       	brcs	.+10     	; 0x1926 <status_leds_process+0x6a>
            calibration_ticks = 0U;
    191c:	10 92 9b 07 	sts	0x079B, r1	; 0x80079b <calibration_ticks>
            PORTD ^= (1 << SYSTEM_LED);
    1920:	8b b1       	in	r24, 0x0b	; 11
    1922:	80 58       	subi	r24, 0x80	; 128
    1924:	8b b9       	out	0x0b, r24	; 11
    1926:	08 95       	ret

00001928 <make_i16>:
#define TADCT0        17508L
#define TADCRES_X10   601L

static int16_t make_i16(uint8_t msb, uint8_t lsb)
{
    return (int16_t)(((uint16_t)msb << 8) | (uint16_t)lsb);
    1928:	90 e0       	ldi	r25, 0x00	; 0
    192a:	98 2f       	mov	r25, r24
    192c:	88 27       	eor	r24, r24
}
    192e:	86 2b       	or	r24, r22
    1930:	08 95       	ret

00001932 <checked_write>:
    }
    return 1U;
}

static uint8_t checked_write(uint8_t reg, uint8_t value)
{
    1932:	cf 93       	push	r28
    1934:	46 2f       	mov	r20, r22
    if (!twi1_write_register(TMAG_I2C_ADDRESS, reg, value)) {
    1936:	68 2f       	mov	r22, r24
    1938:	85 e3       	ldi	r24, 0x35	; 53
    193a:	0e 94 5d 0f 	call	0x1eba	; 0x1eba <twi1_write_register>
    193e:	c8 2f       	mov	r28, r24
    1940:	81 11       	cpse	r24, r1
    1942:	03 c0       	rjmp	.+6      	; 0x194a <checked_write+0x18>
        diagnostics_record_twi_error();
    1944:	0e 94 74 08 	call	0x10e8	; 0x10e8 <diagnostics_record_twi_error>
        return 0U;
    1948:	01 c0       	rjmp	.+2      	; 0x194c <checked_write+0x1a>
    }
    return 1U;
    194a:	c1 e0       	ldi	r28, 0x01	; 1
}
    194c:	8c 2f       	mov	r24, r28
    194e:	cf 91       	pop	r28
    1950:	08 95       	ret

00001952 <tmag5273_read_device_id>:
{
    return (int16_t)(((uint16_t)msb << 8) | (uint16_t)lsb);
}

uint8_t tmag5273_read_device_id(uint8_t *device_id)
{
    1952:	cf 93       	push	r28
    if (!twi1_read_register(TMAG_I2C_ADDRESS, DEVICE_ID, device_id)) {
    1954:	ac 01       	movw	r20, r24
    1956:	6d e0       	ldi	r22, 0x0D	; 13
    1958:	85 e3       	ldi	r24, 0x35	; 53
    195a:	0e 94 91 0f 	call	0x1f22	; 0x1f22 <twi1_read_register>
    195e:	c8 2f       	mov	r28, r24
    1960:	81 11       	cpse	r24, r1
    1962:	03 c0       	rjmp	.+6      	; 0x196a <tmag5273_read_device_id+0x18>
        diagnostics_record_twi_error();
    1964:	0e 94 74 08 	call	0x10e8	; 0x10e8 <diagnostics_record_twi_error>
        return 0U;
    1968:	01 c0       	rjmp	.+2      	; 0x196c <tmag5273_read_device_id+0x1a>
    }
    return 1U;
    196a:	c1 e0       	ldi	r28, 0x01	; 1
}
    196c:	8c 2f       	mov	r24, r28
    196e:	cf 91       	pop	r28
    1970:	08 95       	ret

00001972 <tmag5273_init>:
}

uint8_t tmag5273_init(void)
{
    /* Preserve the exact known-good configuration from firmware v0.1.0. */
    if (!checked_write(DEVICE_CONFIG_1, 0x00U)) return 0U;
    1972:	60 e0       	ldi	r22, 0x00	; 0
    1974:	80 e0       	ldi	r24, 0x00	; 0
    1976:	0e 94 99 0c 	call	0x1932	; 0x1932 <checked_write>
    197a:	88 23       	and	r24, r24
    197c:	c1 f0       	breq	.+48     	; 0x19ae <tmag5273_init+0x3c>
    if (!checked_write(DEVICE_CONFIG_2, 0x00U)) return 0U;
    197e:	60 e0       	ldi	r22, 0x00	; 0
    1980:	81 e0       	ldi	r24, 0x01	; 1
    1982:	0e 94 99 0c 	call	0x1932	; 0x1932 <checked_write>
    1986:	88 23       	and	r24, r24
    1988:	91 f0       	breq	.+36     	; 0x19ae <tmag5273_init+0x3c>
    if (!checked_write(SENSOR_CONFIG_1, 0x74U)) return 0U;
    198a:	64 e7       	ldi	r22, 0x74	; 116
    198c:	82 e0       	ldi	r24, 0x02	; 2
    198e:	0e 94 99 0c 	call	0x1932	; 0x1932 <checked_write>
    1992:	88 23       	and	r24, r24
    1994:	61 f0       	breq	.+24     	; 0x19ae <tmag5273_init+0x3c>
    if (!checked_write(SENSOR_CONFIG_2, 0x03U)) return 0U;
    1996:	63 e0       	ldi	r22, 0x03	; 3
    1998:	83 e0       	ldi	r24, 0x03	; 3
    199a:	0e 94 99 0c 	call	0x1932	; 0x1932 <checked_write>
    199e:	88 23       	and	r24, r24
    19a0:	31 f0       	breq	.+12     	; 0x19ae <tmag5273_init+0x3c>
    if (!checked_write(T_CONFIG, 0x01U)) return 0U;
    19a2:	61 e0       	ldi	r22, 0x01	; 1
    19a4:	87 e0       	ldi	r24, 0x07	; 7
    19a6:	0e 94 99 0c 	call	0x1932	; 0x1932 <checked_write>
    19aa:	81 11       	cpse	r24, r1
    return 1U;
    19ac:	81 e0       	ldi	r24, 0x01	; 1
}
    19ae:	08 95       	ret

000019b0 <tmag5273_read_raw>:

uint8_t tmag5273_read_raw(tmag5273_raw_sample_t *sample)
{
    19b0:	ef 92       	push	r14
    19b2:	ff 92       	push	r15
    19b4:	1f 93       	push	r17
    19b6:	cf 93       	push	r28
    19b8:	df 93       	push	r29
    19ba:	cd b7       	in	r28, 0x3d	; 61
    19bc:	de b7       	in	r29, 0x3e	; 62
    19be:	29 97       	sbiw	r28, 0x09	; 9
    19c0:	0f b6       	in	r0, 0x3f	; 63
    19c2:	f8 94       	cli
    19c4:	de bf       	out	0x3e, r29	; 62
    19c6:	0f be       	out	0x3f, r0	; 63
    19c8:	cd bf       	out	0x3d, r28	; 61
    19ca:	7c 01       	movw	r14, r24
    uint8_t buffer[9];

    /* Trigger a conversion while the device is in standby mode. */
    if (!twi1_write_register(TMAG_I2C_ADDRESS, (uint8_t)(DEVICE_ID | 0x80U), 0x00U)) {
    19cc:	40 e0       	ldi	r20, 0x00	; 0
    19ce:	6d e8       	ldi	r22, 0x8D	; 141
    19d0:	85 e3       	ldi	r24, 0x35	; 53
    19d2:	0e 94 5d 0f 	call	0x1eba	; 0x1eba <twi1_write_register>
    19d6:	18 2f       	mov	r17, r24
    19d8:	81 11       	cpse	r24, r1
    19da:	03 c0       	rjmp	.+6      	; 0x19e2 <tmag5273_read_raw+0x32>
        diagnostics_record_twi_error();
    19dc:	0e 94 74 08 	call	0x10e8	; 0x10e8 <diagnostics_record_twi_error>
        return 0U;
    19e0:	33 c0       	rjmp	.+102    	; 0x1a48 <tmag5273_read_raw+0x98>
    19e2:	81 ee       	ldi	r24, 0xE1	; 225
    19e4:	94 e0       	ldi	r25, 0x04	; 4
    19e6:	01 97       	sbiw	r24, 0x01	; 1
    19e8:	f1 f7       	brne	.-4      	; 0x19e6 <tmag5273_read_raw+0x36>
    19ea:	00 c0       	rjmp	.+0      	; 0x19ec <tmag5273_read_raw+0x3c>
    19ec:	00 00       	nop
    }
    _delay_ms(5);

    if (!twi1_read_block(TMAG_I2C_ADDRESS, T_MSB_RESULT, buffer, 9U)) {
    19ee:	29 e0       	ldi	r18, 0x09	; 9
    19f0:	ae 01       	movw	r20, r28
    19f2:	4f 5f       	subi	r20, 0xFF	; 255
    19f4:	5f 4f       	sbci	r21, 0xFF	; 255
    19f6:	60 e1       	ldi	r22, 0x10	; 16
    19f8:	85 e3       	ldi	r24, 0x35	; 53
    19fa:	0e 94 d4 0f 	call	0x1fa8	; 0x1fa8 <twi1_read_block>
    19fe:	18 2f       	mov	r17, r24
    1a00:	81 11       	cpse	r24, r1
    1a02:	03 c0       	rjmp	.+6      	; 0x1a0a <tmag5273_read_raw+0x5a>
        diagnostics_record_twi_error();
    1a04:	0e 94 74 08 	call	0x10e8	; 0x10e8 <diagnostics_record_twi_error>
        return 0U;
    1a08:	1f c0       	rjmp	.+62     	; 0x1a48 <tmag5273_read_raw+0x98>
    }

    sample->temperature_raw = make_i16(buffer[0], buffer[1]);
    1a0a:	6a 81       	ldd	r22, Y+2	; 0x02
    1a0c:	89 81       	ldd	r24, Y+1	; 0x01
    1a0e:	0e 94 94 0c 	call	0x1928	; 0x1928 <make_i16>
    1a12:	f7 01       	movw	r30, r14
    1a14:	91 83       	std	Z+1, r25	; 0x01
    1a16:	80 83       	st	Z, r24
    sample->bx_raw = make_i16(buffer[2], buffer[3]);
    1a18:	6c 81       	ldd	r22, Y+4	; 0x04
    1a1a:	8b 81       	ldd	r24, Y+3	; 0x03
    1a1c:	0e 94 94 0c 	call	0x1928	; 0x1928 <make_i16>
    1a20:	f7 01       	movw	r30, r14
    1a22:	93 83       	std	Z+3, r25	; 0x03
    1a24:	82 83       	std	Z+2, r24	; 0x02
    sample->by_raw = make_i16(buffer[4], buffer[5]);
    1a26:	6e 81       	ldd	r22, Y+6	; 0x06
    1a28:	8d 81       	ldd	r24, Y+5	; 0x05
    1a2a:	0e 94 94 0c 	call	0x1928	; 0x1928 <make_i16>
    1a2e:	f7 01       	movw	r30, r14
    1a30:	95 83       	std	Z+5, r25	; 0x05
    1a32:	84 83       	std	Z+4, r24	; 0x04
    sample->bz_raw = make_i16(buffer[6], buffer[7]);
    1a34:	68 85       	ldd	r22, Y+8	; 0x08
    1a36:	8f 81       	ldd	r24, Y+7	; 0x07
    1a38:	0e 94 94 0c 	call	0x1928	; 0x1928 <make_i16>
    1a3c:	f7 01       	movw	r30, r14
    1a3e:	97 83       	std	Z+7, r25	; 0x07
    1a40:	86 83       	std	Z+6, r24	; 0x06
    sample->status = buffer[8];
    1a42:	89 85       	ldd	r24, Y+9	; 0x09
    1a44:	80 87       	std	Z+8, r24	; 0x08

    return 1;
    1a46:	11 e0       	ldi	r17, 0x01	; 1
}
    1a48:	81 2f       	mov	r24, r17
    1a4a:	29 96       	adiw	r28, 0x09	; 9
    1a4c:	0f b6       	in	r0, 0x3f	; 63
    1a4e:	f8 94       	cli
    1a50:	de bf       	out	0x3e, r29	; 62
    1a52:	0f be       	out	0x3f, r0	; 63
    1a54:	cd bf       	out	0x3d, r28	; 61
    1a56:	df 91       	pop	r29
    1a58:	cf 91       	pop	r28
    1a5a:	1f 91       	pop	r17
    1a5c:	ff 90       	pop	r15
    1a5e:	ef 90       	pop	r14
    1a60:	08 95       	ret

00001a62 <tmag5273_convert_averaged_raw>:
                                  int32_t bx_raw,
                                  int32_t by_raw,
                                  int32_t bz_raw,
                                  uint8_t status,
                                  tmag5273_measurement_t *measurement)
{
    1a62:	3f 92       	push	r3
    1a64:	4f 92       	push	r4
    1a66:	5f 92       	push	r5
    1a68:	6f 92       	push	r6
    1a6a:	7f 92       	push	r7
    1a6c:	8f 92       	push	r8
    1a6e:	9f 92       	push	r9
    1a70:	af 92       	push	r10
    1a72:	bf 92       	push	r11
    1a74:	cf 92       	push	r12
    1a76:	df 92       	push	r13
    1a78:	ef 92       	push	r14
    1a7a:	ff 92       	push	r15
    1a7c:	0f 93       	push	r16
    1a7e:	1f 93       	push	r17
    1a80:	cf 93       	push	r28
    1a82:	df 93       	push	r29
    1a84:	cd b7       	in	r28, 0x3d	; 61
    1a86:	de b7       	in	r29, 0x3e	; 62
    1a88:	29 01       	movw	r4, r18
    1a8a:	3a 01       	movw	r6, r20
    1a8c:	38 2c       	mov	r3, r8
    1a8e:	8c 88       	ldd	r8, Y+20	; 0x14
    1a90:	9d 88       	ldd	r9, Y+21	; 0x15
    measurement->temperature_x100 = TSENSET0_X100
                                  + ((temperature_raw - TADCT0) * 1000L) / TADCRES_X10;
    1a92:	9b 01       	movw	r18, r22
    1a94:	ac 01       	movw	r20, r24
    1a96:	24 56       	subi	r18, 0x64	; 100
    1a98:	34 44       	sbci	r19, 0x44	; 68
    1a9a:	41 09       	sbc	r20, r1
    1a9c:	51 09       	sbc	r21, r1
    1a9e:	a8 ee       	ldi	r26, 0xE8	; 232
    1aa0:	b3 e0       	ldi	r27, 0x03	; 3
    1aa2:	0e 94 02 12 	call	0x2404	; 0x2404 <__muluhisi3>
    1aa6:	29 e5       	ldi	r18, 0x59	; 89
    1aa8:	32 e0       	ldi	r19, 0x02	; 2
    1aaa:	40 e0       	ldi	r20, 0x00	; 0
    1aac:	50 e0       	ldi	r21, 0x00	; 0
    1aae:	0e 94 d4 11 	call	0x23a8	; 0x23a8 <__divmodsi4>
    1ab2:	da 01       	movw	r26, r20
    1ab4:	c9 01       	movw	r24, r18
    1ab6:	8c 53       	subi	r24, 0x3C	; 60
    1ab8:	96 4f       	sbci	r25, 0xF6	; 246
    1aba:	af 4f       	sbci	r26, 0xFF	; 255
    1abc:	bf 4f       	sbci	r27, 0xFF	; 255
                                  int32_t by_raw,
                                  int32_t bz_raw,
                                  uint8_t status,
                                  tmag5273_measurement_t *measurement)
{
    measurement->temperature_x100 = TSENSET0_X100
    1abe:	f4 01       	movw	r30, r8
    1ac0:	80 83       	st	Z, r24
    1ac2:	91 83       	std	Z+1, r25	; 0x01
    1ac4:	a2 83       	std	Z+2, r26	; 0x02
    1ac6:	b3 83       	std	Z+3, r27	; 0x03
                                  + ((temperature_raw - TADCT0) * 1000L) / TADCRES_X10;

    /* TMAG5273A2 in 2x range: +/-266 mT full scale.
       Outputs are expressed in hundredths of mT. */
    measurement->bx_x100 = (bx_raw * TMAG_FULL_SCALE_X100) / 32768L;
    1ac8:	a8 ee       	ldi	r26, 0xE8	; 232
    1aca:	b7 e6       	ldi	r27, 0x67	; 103
    1acc:	a3 01       	movw	r20, r6
    1ace:	92 01       	movw	r18, r4
    1ad0:	0e 94 02 12 	call	0x2404	; 0x2404 <__muluhisi3>
    1ad4:	2b 01       	movw	r4, r22
    1ad6:	3c 01       	movw	r6, r24
    1ad8:	99 23       	and	r25, r25
    1ada:	34 f4       	brge	.+12     	; 0x1ae8 <tmag5273_convert_averaged_raw+0x86>
    1adc:	ff ef       	ldi	r31, 0xFF	; 255
    1ade:	4f 0e       	add	r4, r31
    1ae0:	ff e7       	ldi	r31, 0x7F	; 127
    1ae2:	5f 1e       	adc	r5, r31
    1ae4:	61 1c       	adc	r6, r1
    1ae6:	71 1c       	adc	r7, r1
    1ae8:	d3 01       	movw	r26, r6
    1aea:	c2 01       	movw	r24, r4
    1aec:	07 2e       	mov	r0, r23
    1aee:	7f e0       	ldi	r23, 0x0F	; 15
    1af0:	b5 95       	asr	r27
    1af2:	a7 95       	ror	r26
    1af4:	97 95       	ror	r25
    1af6:	87 95       	ror	r24
    1af8:	7a 95       	dec	r23
    1afa:	d1 f7       	brne	.-12     	; 0x1af0 <tmag5273_convert_averaged_raw+0x8e>
    1afc:	70 2d       	mov	r23, r0
    1afe:	f4 01       	movw	r30, r8
    1b00:	84 83       	std	Z+4, r24	; 0x04
    1b02:	95 83       	std	Z+5, r25	; 0x05
    1b04:	a6 83       	std	Z+6, r26	; 0x06
    1b06:	b7 83       	std	Z+7, r27	; 0x07
    measurement->by_x100 = (by_raw * TMAG_FULL_SCALE_X100) / 32768L;
    1b08:	a8 ee       	ldi	r26, 0xE8	; 232
    1b0a:	b7 e6       	ldi	r27, 0x67	; 103
    1b0c:	a8 01       	movw	r20, r16
    1b0e:	97 01       	movw	r18, r14
    1b10:	0e 94 02 12 	call	0x2404	; 0x2404 <__muluhisi3>
    1b14:	8b 01       	movw	r16, r22
    1b16:	9c 01       	movw	r18, r24
    1b18:	99 23       	and	r25, r25
    1b1a:	24 f4       	brge	.+8      	; 0x1b24 <tmag5273_convert_averaged_raw+0xc2>
    1b1c:	01 50       	subi	r16, 0x01	; 1
    1b1e:	10 48       	sbci	r17, 0x80	; 128
    1b20:	2f 4f       	sbci	r18, 0xFF	; 255
    1b22:	3f 4f       	sbci	r19, 0xFF	; 255
    1b24:	d9 01       	movw	r26, r18
    1b26:	c8 01       	movw	r24, r16
    1b28:	07 2e       	mov	r0, r23
    1b2a:	7f e0       	ldi	r23, 0x0F	; 15
    1b2c:	b5 95       	asr	r27
    1b2e:	a7 95       	ror	r26
    1b30:	97 95       	ror	r25
    1b32:	87 95       	ror	r24
    1b34:	7a 95       	dec	r23
    1b36:	d1 f7       	brne	.-12     	; 0x1b2c <tmag5273_convert_averaged_raw+0xca>
    1b38:	70 2d       	mov	r23, r0
    1b3a:	f4 01       	movw	r30, r8
    1b3c:	80 87       	std	Z+8, r24	; 0x08
    1b3e:	91 87       	std	Z+9, r25	; 0x09
    1b40:	a2 87       	std	Z+10, r26	; 0x0a
    1b42:	b3 87       	std	Z+11, r27	; 0x0b
    measurement->bz_x100 = (bz_raw * TMAG_FULL_SCALE_X100) / 32768L;
    1b44:	a8 ee       	ldi	r26, 0xE8	; 232
    1b46:	b7 e6       	ldi	r27, 0x67	; 103
    1b48:	a6 01       	movw	r20, r12
    1b4a:	95 01       	movw	r18, r10
    1b4c:	0e 94 02 12 	call	0x2404	; 0x2404 <__muluhisi3>
    1b50:	8b 01       	movw	r16, r22
    1b52:	9c 01       	movw	r18, r24
    1b54:	99 23       	and	r25, r25
    1b56:	24 f4       	brge	.+8      	; 0x1b60 <tmag5273_convert_averaged_raw+0xfe>
    1b58:	01 50       	subi	r16, 0x01	; 1
    1b5a:	10 48       	sbci	r17, 0x80	; 128
    1b5c:	2f 4f       	sbci	r18, 0xFF	; 255
    1b5e:	3f 4f       	sbci	r19, 0xFF	; 255
    1b60:	d9 01       	movw	r26, r18
    1b62:	c8 01       	movw	r24, r16
    1b64:	07 2e       	mov	r0, r23
    1b66:	7f e0       	ldi	r23, 0x0F	; 15
    1b68:	b5 95       	asr	r27
    1b6a:	a7 95       	ror	r26
    1b6c:	97 95       	ror	r25
    1b6e:	87 95       	ror	r24
    1b70:	7a 95       	dec	r23
    1b72:	d1 f7       	brne	.-12     	; 0x1b68 <tmag5273_convert_averaged_raw+0x106>
    1b74:	70 2d       	mov	r23, r0
    1b76:	f4 01       	movw	r30, r8
    1b78:	84 87       	std	Z+12, r24	; 0x0c
    1b7a:	95 87       	std	Z+13, r25	; 0x0d
    1b7c:	a6 87       	std	Z+14, r26	; 0x0e
    1b7e:	b7 87       	std	Z+15, r27	; 0x0f
    measurement->status = status;
    1b80:	30 8a       	std	Z+16, r3	; 0x10
}
    1b82:	df 91       	pop	r29
    1b84:	cf 91       	pop	r28
    1b86:	1f 91       	pop	r17
    1b88:	0f 91       	pop	r16
    1b8a:	ff 90       	pop	r15
    1b8c:	ef 90       	pop	r14
    1b8e:	df 90       	pop	r13
    1b90:	cf 90       	pop	r12
    1b92:	bf 90       	pop	r11
    1b94:	af 90       	pop	r10
    1b96:	9f 90       	pop	r9
    1b98:	8f 90       	pop	r8
    1b9a:	7f 90       	pop	r7
    1b9c:	6f 90       	pop	r6
    1b9e:	5f 90       	pop	r5
    1ba0:	4f 90       	pop	r4
    1ba2:	3f 90       	pop	r3
    1ba4:	08 95       	ret

00001ba6 <transport_service_calibration_status_text>:
#include "uart0.h"
#include "diagnostics.h"

const char *transport_service_calibration_status_text(calibration_status_t status)
{
    if (status == CALIBRATION_STATUS_VALID) return "VALID";
    1ba6:	81 30       	cpi	r24, 0x01	; 1
    1ba8:	29 f0       	breq	.+10     	; 0x1bb4 <transport_service_calibration_status_text+0xe>
    if (status == CALIBRATION_STATUS_DIRTY) return "DIRTY";
    1baa:	82 30       	cpi	r24, 0x02	; 2
    1bac:	31 f4       	brne	.+12     	; 0x1bba <transport_service_calibration_status_text+0x14>
    1bae:	86 e0       	ldi	r24, 0x06	; 6
    1bb0:	91 e0       	ldi	r25, 0x01	; 1
    1bb2:	08 95       	ret
#include "uart0.h"
#include "diagnostics.h"

const char *transport_service_calibration_status_text(calibration_status_t status)
{
    if (status == CALIBRATION_STATUS_VALID) return "VALID";
    1bb4:	80 e0       	ldi	r24, 0x00	; 0
    1bb6:	91 e0       	ldi	r25, 0x01	; 1
    1bb8:	08 95       	ret
    if (status == CALIBRATION_STATUS_DIRTY) return "DIRTY";
    return "DEFAULT";
    1bba:	8c e0       	ldi	r24, 0x0C	; 12
    1bbc:	91 e0       	ldi	r25, 0x01	; 1
}
    1bbe:	08 95       	ret

00001bc0 <print_calibration_summary>:
    uart0_print("\r\n");
}

static void print_calibration_summary(const calibration_record_t *calibration,
                                      calibration_status_t status)
{
    1bc0:	1f 93       	push	r17
    1bc2:	cf 93       	push	r28
    1bc4:	df 93       	push	r29
    1bc6:	ec 01       	movw	r28, r24
    1bc8:	16 2f       	mov	r17, r22
    uart0_print("CALIBRATION=");
    1bca:	88 e4       	ldi	r24, 0x48	; 72
    1bcc:	95 e0       	ldi	r25, 0x05	; 5
    1bce:	0e 94 78 10 	call	0x20f0	; 0x20f0 <uart0_print>
    uart0_print(transport_service_calibration_status_text(status));
    1bd2:	81 2f       	mov	r24, r17
    1bd4:	0e 94 d3 0d 	call	0x1ba6	; 0x1ba6 <transport_service_calibration_status_text>
    1bd8:	0e 94 78 10 	call	0x20f0	; 0x20f0 <uart0_print>
    uart0_print(",VERSION=");
    1bdc:	85 e5       	ldi	r24, 0x55	; 85
    1bde:	95 e0       	ldi	r25, 0x05	; 5
    1be0:	0e 94 78 10 	call	0x20f0	; 0x20f0 <uart0_print>
    uart0_print_uint16(calibration->version);
    1be4:	8c 81       	ldd	r24, Y+4	; 0x04
    1be6:	9d 81       	ldd	r25, Y+5	; 0x05
    1be8:	0e 94 9a 10 	call	0x2134	; 0x2134 <uart0_print_uint16>
    uart0_print(",COUNTER=");
    1bec:	8f e5       	ldi	r24, 0x5F	; 95
    1bee:	95 e0       	ldi	r25, 0x05	; 5
    1bf0:	0e 94 78 10 	call	0x20f0	; 0x20f0 <uart0_print>
    uart0_print_uint32(calibration->calibration_counter);
    1bf4:	68 a9       	ldd	r22, Y+48	; 0x30
    1bf6:	79 a9       	ldd	r23, Y+49	; 0x31
    1bf8:	8a a9       	ldd	r24, Y+50	; 0x32
    1bfa:	9b a9       	ldd	r25, Y+51	; 0x33
    1bfc:	0e 94 f1 10 	call	0x21e2	; 0x21e2 <uart0_print_uint32>
    uart0_print("\r\n");
    1c00:	88 ef       	ldi	r24, 0xF8	; 248
    1c02:	96 e0       	ldi	r25, 0x06	; 6
    1c04:	0e 94 78 10 	call	0x20f0	; 0x20f0 <uart0_print>

    uart0_print("CAL_OFFSET_X=");
    1c08:	89 e6       	ldi	r24, 0x69	; 105
    1c0a:	95 e0       	ldi	r25, 0x05	; 5
    1c0c:	0e 94 78 10 	call	0x20f0	; 0x20f0 <uart0_print>
    uart0_print_fixed_2(calibration->offset_x_x100);
    1c10:	68 85       	ldd	r22, Y+8	; 0x08
    1c12:	79 85       	ldd	r23, Y+9	; 0x09
    1c14:	8a 85       	ldd	r24, Y+10	; 0x0a
    1c16:	9b 85       	ldd	r25, Y+11	; 0x0b
    1c18:	0e 94 52 11 	call	0x22a4	; 0x22a4 <uart0_print_fixed_2>
    uart0_print(",CAL_OFFSET_Y=");
    1c1c:	87 e7       	ldi	r24, 0x77	; 119
    1c1e:	95 e0       	ldi	r25, 0x05	; 5
    1c20:	0e 94 78 10 	call	0x20f0	; 0x20f0 <uart0_print>
    uart0_print_fixed_2(calibration->offset_y_x100);
    1c24:	6c 85       	ldd	r22, Y+12	; 0x0c
    1c26:	7d 85       	ldd	r23, Y+13	; 0x0d
    1c28:	8e 85       	ldd	r24, Y+14	; 0x0e
    1c2a:	9f 85       	ldd	r25, Y+15	; 0x0f
    1c2c:	0e 94 52 11 	call	0x22a4	; 0x22a4 <uart0_print_fixed_2>
    uart0_print(",CAL_OFFSET_Z=");
    1c30:	86 e8       	ldi	r24, 0x86	; 134
    1c32:	95 e0       	ldi	r25, 0x05	; 5
    1c34:	0e 94 78 10 	call	0x20f0	; 0x20f0 <uart0_print>
    uart0_print_fixed_2(calibration->offset_z_x100);
    1c38:	68 89       	ldd	r22, Y+16	; 0x10
    1c3a:	79 89       	ldd	r23, Y+17	; 0x11
    1c3c:	8a 89       	ldd	r24, Y+18	; 0x12
    1c3e:	9b 89       	ldd	r25, Y+19	; 0x13
    1c40:	0e 94 52 11 	call	0x22a4	; 0x22a4 <uart0_print_fixed_2>
    uart0_print("\r\n");
    1c44:	88 ef       	ldi	r24, 0xF8	; 248
    1c46:	96 e0       	ldi	r25, 0x06	; 6
    1c48:	0e 94 78 10 	call	0x20f0	; 0x20f0 <uart0_print>
}
    1c4c:	df 91       	pop	r29
    1c4e:	cf 91       	pop	r28
    1c50:	1f 91       	pop	r17
    1c52:	08 95       	ret

00001c54 <transport_service_init>:
    return "DEFAULT";
}

void transport_service_init(void)
{
    uart0_init();
    1c54:	0e 94 5b 10 	call	0x20b6	; 0x20b6 <uart0_init>
    1c58:	08 95       	ret

00001c5a <transport_service_publish_error>:
}

void transport_service_publish_error(const char *message)
{
    1c5a:	cf 93       	push	r28
    1c5c:	df 93       	push	r29
    1c5e:	ec 01       	movw	r28, r24
    uart0_print("ERROR,");
    1c60:	85 e9       	ldi	r24, 0x95	; 149
    1c62:	95 e0       	ldi	r25, 0x05	; 5
    1c64:	0e 94 78 10 	call	0x20f0	; 0x20f0 <uart0_print>
    uart0_print(message);
    1c68:	ce 01       	movw	r24, r28
    1c6a:	0e 94 78 10 	call	0x20f0	; 0x20f0 <uart0_print>
    uart0_print("\r\n");
    1c6e:	88 ef       	ldi	r24, 0xF8	; 248
    1c70:	96 e0       	ldi	r25, 0x06	; 6
    1c72:	0e 94 78 10 	call	0x20f0	; 0x20f0 <uart0_print>
}
    1c76:	df 91       	pop	r29
    1c78:	cf 91       	pop	r28
    1c7a:	08 95       	ret

00001c7c <transport_service_print_startup>:

void transport_service_print_startup(const calibration_record_t *calibration,
                                     calibration_status_t status,
                                     uint8_t node_id,
                                     uint8_t device_id)
{
    1c7c:	ff 92       	push	r15
    1c7e:	0f 93       	push	r16
    1c80:	1f 93       	push	r17
    1c82:	cf 93       	push	r28
    1c84:	df 93       	push	r29
    1c86:	8c 01       	movw	r16, r24
    1c88:	f6 2e       	mov	r15, r22
    1c8a:	c4 2f       	mov	r28, r20
    1c8c:	d2 2f       	mov	r29, r18
    uart0_print("\r\nND280 Magnetic Field Node v");
    1c8e:	8c e9       	ldi	r24, 0x9C	; 156
    1c90:	95 e0       	ldi	r25, 0x05	; 5
    1c92:	0e 94 78 10 	call	0x20f0	; 0x20f0 <uart0_print>
    uart0_print(FIRMWARE_VERSION);
    1c96:	86 e6       	ldi	r24, 0x66	; 102
    1c98:	94 e0       	ldi	r25, 0x04	; 4
    1c9a:	0e 94 78 10 	call	0x20f0	; 0x20f0 <uart0_print>
    uart0_print("\r\nUART0=4800,RX_COMMANDS=ON,TWI1=PE0/PE1\r\n");
    1c9e:	8a eb       	ldi	r24, 0xBA	; 186
    1ca0:	95 e0       	ldi	r25, 0x05	; 5
    1ca2:	0e 94 78 10 	call	0x20f0	; 0x20f0 <uart0_print>
    uart0_print("AVERAGE_SAMPLES=");
    1ca6:	85 ee       	ldi	r24, 0xE5	; 229
    1ca8:	95 e0       	ldi	r25, 0x05	; 5
    1caa:	0e 94 78 10 	call	0x20f0	; 0x20f0 <uart0_print>
    uart0_print_uint16(AVERAGE_SAMPLES);
    1cae:	8a e0       	ldi	r24, 0x0A	; 10
    1cb0:	90 e0       	ldi	r25, 0x00	; 0
    1cb2:	0e 94 9a 10 	call	0x2134	; 0x2134 <uart0_print_uint16>
    uart0_print(",SAMPLE_INTERVAL_MS=");
    1cb6:	86 ef       	ldi	r24, 0xF6	; 246
    1cb8:	95 e0       	ldi	r25, 0x05	; 5
    1cba:	0e 94 78 10 	call	0x20f0	; 0x20f0 <uart0_print>
    uart0_print_uint16(SAMPLE_INTERVAL_MS);
    1cbe:	84 e6       	ldi	r24, 0x64	; 100
    1cc0:	90 e0       	ldi	r25, 0x00	; 0
    1cc2:	0e 94 9a 10 	call	0x2134	; 0x2134 <uart0_print_uint16>
    uart0_print("\r\nTMAG_VARIANT=");
    1cc6:	8b e0       	ldi	r24, 0x0B	; 11
    1cc8:	96 e0       	ldi	r25, 0x06	; 6
    1cca:	0e 94 78 10 	call	0x20f0	; 0x20f0 <uart0_print>
    uart0_print(TMAG_VARIANT);
    1cce:	82 ec       	ldi	r24, 0xC2	; 194
    1cd0:	94 e0       	ldi	r25, 0x04	; 4
    1cd2:	0e 94 78 10 	call	0x20f0	; 0x20f0 <uart0_print>
    uart0_print(",TMAG_RANGE_MT=");
    1cd6:	8b e1       	ldi	r24, 0x1B	; 27
    1cd8:	96 e0       	ldi	r25, 0x06	; 6
    1cda:	0e 94 78 10 	call	0x20f0	; 0x20f0 <uart0_print>
    uart0_print_uint16(TMAG_FULL_SCALE_MT);
    1cde:	8a e0       	ldi	r24, 0x0A	; 10
    1ce0:	91 e0       	ldi	r25, 0x01	; 1
    1ce2:	0e 94 9a 10 	call	0x2134	; 0x2134 <uart0_print_uint16>
    uart0_print("\r\n");
    1ce6:	88 ef       	ldi	r24, 0xF8	; 248
    1ce8:	96 e0       	ldi	r25, 0x06	; 6
    1cea:	0e 94 78 10 	call	0x20f0	; 0x20f0 <uart0_print>

    print_calibration_summary(calibration, status);
    1cee:	6f 2d       	mov	r22, r15
    1cf0:	c8 01       	movw	r24, r16
    1cf2:	0e 94 e0 0d 	call	0x1bc0	; 0x1bc0 <print_calibration_summary>

    uart0_print("TMAG_DEVICE_ID=0x");
    1cf6:	8b e2       	ldi	r24, 0x2B	; 43
    1cf8:	96 e0       	ldi	r25, 0x06	; 6
    1cfa:	0e 94 78 10 	call	0x20f0	; 0x20f0 <uart0_print>
    uart0_print_hex8(device_id);
    1cfe:	8d 2f       	mov	r24, r29
    1d00:	0e 94 85 10 	call	0x210a	; 0x210a <uart0_print_hex8>
    uart0_print("\r\nTMAG_INIT=OK\r\nBOARD_ID=");
    1d04:	8d e3       	ldi	r24, 0x3D	; 61
    1d06:	96 e0       	ldi	r25, 0x06	; 6
    1d08:	0e 94 78 10 	call	0x20f0	; 0x20f0 <uart0_print>
    uart0_print_uint16(node_id);
    1d0c:	8c 2f       	mov	r24, r28
    1d0e:	90 e0       	ldi	r25, 0x00	; 0
    1d10:	0e 94 9a 10 	call	0x2134	; 0x2134 <uart0_print_uint16>
    uart0_print("\r\nRESET_CAUSE=");
    1d14:	87 e5       	ldi	r24, 0x57	; 87
    1d16:	96 e0       	ldi	r25, 0x06	; 6
    1d18:	0e 94 78 10 	call	0x20f0	; 0x20f0 <uart0_print>
    diagnostics_print_reset_causes();
    1d1c:	0e 94 1c 08 	call	0x1038	; 0x1038 <diagnostics_print_reset_causes>
    uart0_print(",BOOT_COUNT=");
    1d20:	86 e6       	ldi	r24, 0x66	; 102
    1d22:	96 e0       	ldi	r25, 0x06	; 6
    1d24:	0e 94 78 10 	call	0x20f0	; 0x20f0 <uart0_print>
    uart0_print_uint32(diagnostics_get_boot_count());
    1d28:	0e 94 13 08 	call	0x1026	; 0x1026 <diagnostics_get_boot_count>
    1d2c:	0e 94 f1 10 	call	0x21e2	; 0x21e2 <uart0_print_uint32>
    uart0_print("\r\nTYPE HELP FOR COMMANDS\r\n");
    1d30:	83 e7       	ldi	r24, 0x73	; 115
    1d32:	96 e0       	ldi	r25, 0x06	; 6
    1d34:	0e 94 78 10 	call	0x20f0	; 0x20f0 <uart0_print>
}
    1d38:	df 91       	pop	r29
    1d3a:	cf 91       	pop	r28
    1d3c:	1f 91       	pop	r17
    1d3e:	0f 91       	pop	r16
    1d40:	ff 90       	pop	r15
    1d42:	08 95       	ret

00001d44 <transport_service_publish_measurement>:

void transport_service_publish_measurement(uint8_t node_id,
                                           uint32_t sequence,
                                           calibration_status_t status,
                                           const measurement_result_t *result)
{
    1d44:	8f 92       	push	r8
    1d46:	9f 92       	push	r9
    1d48:	af 92       	push	r10
    1d4a:	bf 92       	push	r11
    1d4c:	ef 92       	push	r14
    1d4e:	ff 92       	push	r15
    1d50:	0f 93       	push	r16
    1d52:	1f 93       	push	r17
    1d54:	cf 93       	push	r28
    1d56:	df 93       	push	r29
    1d58:	e8 2e       	mov	r14, r24
    1d5a:	4a 01       	movw	r8, r20
    1d5c:	5b 01       	movw	r10, r22
    1d5e:	f2 2e       	mov	r15, r18
    1d60:	e8 01       	movw	r28, r16
    uart0_print("$ND280,VER=");
    1d62:	8e e8       	ldi	r24, 0x8E	; 142
    1d64:	96 e0       	ldi	r25, 0x06	; 6
    1d66:	0e 94 78 10 	call	0x20f0	; 0x20f0 <uart0_print>
    uart0_print(FIRMWARE_VERSION);
    1d6a:	86 e6       	ldi	r24, 0x66	; 102
    1d6c:	94 e0       	ldi	r25, 0x04	; 4
    1d6e:	0e 94 78 10 	call	0x20f0	; 0x20f0 <uart0_print>
    uart0_print(",ID=");
    1d72:	8f e8       	ldi	r24, 0x8F	; 143
    1d74:	93 e0       	ldi	r25, 0x03	; 3
    1d76:	0e 94 78 10 	call	0x20f0	; 0x20f0 <uart0_print>
    uart0_print_uint16(node_id);
    1d7a:	8e 2d       	mov	r24, r14
    1d7c:	90 e0       	ldi	r25, 0x00	; 0
    1d7e:	0e 94 9a 10 	call	0x2134	; 0x2134 <uart0_print_uint16>
    uart0_print(",SEQ=");
    1d82:	88 e4       	ldi	r24, 0x48	; 72
    1d84:	94 e0       	ldi	r25, 0x04	; 4
    1d86:	0e 94 78 10 	call	0x20f0	; 0x20f0 <uart0_print>
    uart0_print_uint32(sequence);
    1d8a:	c5 01       	movw	r24, r10
    1d8c:	b4 01       	movw	r22, r8
    1d8e:	0e 94 f1 10 	call	0x21e2	; 0x21e2 <uart0_print_uint32>
    uart0_print(",AVG=");
    1d92:	8d ec       	ldi	r24, 0xCD	; 205
    1d94:	94 e0       	ldi	r25, 0x04	; 4
    1d96:	0e 94 78 10 	call	0x20f0	; 0x20f0 <uart0_print>
    uart0_print_uint16(result->valid_samples);
    1d9a:	89 89       	ldd	r24, Y+17	; 0x11
    1d9c:	90 e0       	ldi	r25, 0x00	; 0
    1d9e:	0e 94 9a 10 	call	0x2134	; 0x2134 <uart0_print_uint16>
    uart0_print(",CAL=");
    1da2:	80 ee       	ldi	r24, 0xE0	; 224
    1da4:	94 e0       	ldi	r25, 0x04	; 4
    1da6:	0e 94 78 10 	call	0x20f0	; 0x20f0 <uart0_print>
    uart0_print(transport_service_calibration_status_text(status));
    1daa:	8f 2d       	mov	r24, r15
    1dac:	0e 94 d3 0d 	call	0x1ba6	; 0x1ba6 <transport_service_calibration_status_text>
    1db0:	0e 94 78 10 	call	0x20f0	; 0x20f0 <uart0_print>
    uart0_print(",T=");
    1db4:	8a e9       	ldi	r24, 0x9A	; 154
    1db6:	96 e0       	ldi	r25, 0x06	; 6
    1db8:	0e 94 78 10 	call	0x20f0	; 0x20f0 <uart0_print>
    uart0_print_fixed_2(result->value.temperature_x100);
    1dbc:	68 81       	ld	r22, Y
    1dbe:	79 81       	ldd	r23, Y+1	; 0x01
    1dc0:	8a 81       	ldd	r24, Y+2	; 0x02
    1dc2:	9b 81       	ldd	r25, Y+3	; 0x03
    1dc4:	0e 94 52 11 	call	0x22a4	; 0x22a4 <uart0_print_fixed_2>
    uart0_print(",BX=");
    1dc8:	8e e9       	ldi	r24, 0x9E	; 158
    1dca:	96 e0       	ldi	r25, 0x06	; 6
    1dcc:	0e 94 78 10 	call	0x20f0	; 0x20f0 <uart0_print>
    uart0_print_fixed_2(result->value.bx_x100);
    1dd0:	6c 81       	ldd	r22, Y+4	; 0x04
    1dd2:	7d 81       	ldd	r23, Y+5	; 0x05
    1dd4:	8e 81       	ldd	r24, Y+6	; 0x06
    1dd6:	9f 81       	ldd	r25, Y+7	; 0x07
    1dd8:	0e 94 52 11 	call	0x22a4	; 0x22a4 <uart0_print_fixed_2>
    uart0_print(",BY=");
    1ddc:	83 ea       	ldi	r24, 0xA3	; 163
    1dde:	96 e0       	ldi	r25, 0x06	; 6
    1de0:	0e 94 78 10 	call	0x20f0	; 0x20f0 <uart0_print>
    uart0_print_fixed_2(result->value.by_x100);
    1de4:	68 85       	ldd	r22, Y+8	; 0x08
    1de6:	79 85       	ldd	r23, Y+9	; 0x09
    1de8:	8a 85       	ldd	r24, Y+10	; 0x0a
    1dea:	9b 85       	ldd	r25, Y+11	; 0x0b
    1dec:	0e 94 52 11 	call	0x22a4	; 0x22a4 <uart0_print_fixed_2>
    uart0_print(",BZ=");
    1df0:	88 ea       	ldi	r24, 0xA8	; 168
    1df2:	96 e0       	ldi	r25, 0x06	; 6
    1df4:	0e 94 78 10 	call	0x20f0	; 0x20f0 <uart0_print>
    uart0_print_fixed_2(result->value.bz_x100);
    1df8:	6c 85       	ldd	r22, Y+12	; 0x0c
    1dfa:	7d 85       	ldd	r23, Y+13	; 0x0d
    1dfc:	8e 85       	ldd	r24, Y+14	; 0x0e
    1dfe:	9f 85       	ldd	r25, Y+15	; 0x0f
    1e00:	0e 94 52 11 	call	0x22a4	; 0x22a4 <uart0_print_fixed_2>
    uart0_print(",STATUS=0x");
    1e04:	8d ea       	ldi	r24, 0xAD	; 173
    1e06:	96 e0       	ldi	r25, 0x06	; 6
    1e08:	0e 94 78 10 	call	0x20f0	; 0x20f0 <uart0_print>
    uart0_print_hex8(result->value.status);
    1e0c:	88 89       	ldd	r24, Y+16	; 0x10
    1e0e:	0e 94 85 10 	call	0x210a	; 0x210a <uart0_print_hex8>
    uart0_print("\r\n");
    1e12:	88 ef       	ldi	r24, 0xF8	; 248
    1e14:	96 e0       	ldi	r25, 0x06	; 6
    1e16:	0e 94 78 10 	call	0x20f0	; 0x20f0 <uart0_print>
}
    1e1a:	df 91       	pop	r29
    1e1c:	cf 91       	pop	r28
    1e1e:	1f 91       	pop	r17
    1e20:	0f 91       	pop	r16
    1e22:	ff 90       	pop	r15
    1e24:	ef 90       	pop	r14
    1e26:	bf 90       	pop	r11
    1e28:	af 90       	pop	r10
    1e2a:	9f 90       	pop	r9
    1e2c:	8f 90       	pop	r8
    1e2e:	08 95       	ret

00001e30 <twi1_start>:
{
    if (!twi1_start()) { twi1_stop(); return 0; }
    uint8_t status = twi1_write_byte((uint8_t)(address << 1));
    twi1_stop();
    return status == 0x18U;
}
    1e30:	84 ea       	ldi	r24, 0xA4	; 164
    1e32:	80 93 dc 00 	sts	0x00DC, r24	; 0x8000dc <__TEXT_REGION_LENGTH__+0x7f80dc>
    1e36:	80 91 dc 00 	lds	r24, 0x00DC	; 0x8000dc <__TEXT_REGION_LENGTH__+0x7f80dc>
    1e3a:	88 23       	and	r24, r24
    1e3c:	e4 f7       	brge	.-8      	; 0x1e36 <twi1_start+0x6>
    1e3e:	80 91 d9 00 	lds	r24, 0x00D9	; 0x8000d9 <__TEXT_REGION_LENGTH__+0x7f80d9>
    1e42:	88 7f       	andi	r24, 0xF8	; 248
    1e44:	88 30       	cpi	r24, 0x08	; 8
    1e46:	21 f0       	breq	.+8      	; 0x1e50 <twi1_start+0x20>
    1e48:	80 31       	cpi	r24, 0x10	; 16
    1e4a:	21 f4       	brne	.+8      	; 0x1e54 <twi1_start+0x24>
    1e4c:	81 e0       	ldi	r24, 0x01	; 1
    1e4e:	08 95       	ret
    1e50:	81 e0       	ldi	r24, 0x01	; 1
    1e52:	08 95       	ret
    1e54:	80 e0       	ldi	r24, 0x00	; 0
    1e56:	08 95       	ret

00001e58 <twi1_stop>:
    1e58:	84 e9       	ldi	r24, 0x94	; 148
    1e5a:	80 93 dc 00 	sts	0x00DC, r24	; 0x8000dc <__TEXT_REGION_LENGTH__+0x7f80dc>
    1e5e:	08 95       	ret

00001e60 <twi1_write_byte>:
    1e60:	80 93 db 00 	sts	0x00DB, r24	; 0x8000db <__TEXT_REGION_LENGTH__+0x7f80db>
    1e64:	84 e8       	ldi	r24, 0x84	; 132
    1e66:	80 93 dc 00 	sts	0x00DC, r24	; 0x8000dc <__TEXT_REGION_LENGTH__+0x7f80dc>
    1e6a:	80 91 dc 00 	lds	r24, 0x00DC	; 0x8000dc <__TEXT_REGION_LENGTH__+0x7f80dc>
    1e6e:	88 23       	and	r24, r24
    1e70:	e4 f7       	brge	.-8      	; 0x1e6a <twi1_write_byte+0xa>
    1e72:	80 91 d9 00 	lds	r24, 0x00D9	; 0x8000d9 <__TEXT_REGION_LENGTH__+0x7f80d9>
    1e76:	88 7f       	andi	r24, 0xF8	; 248
    1e78:	08 95       	ret

00001e7a <twi1_read_ack>:
    1e7a:	84 ec       	ldi	r24, 0xC4	; 196
    1e7c:	80 93 dc 00 	sts	0x00DC, r24	; 0x8000dc <__TEXT_REGION_LENGTH__+0x7f80dc>
    1e80:	80 91 dc 00 	lds	r24, 0x00DC	; 0x8000dc <__TEXT_REGION_LENGTH__+0x7f80dc>
    1e84:	88 23       	and	r24, r24
    1e86:	e4 f7       	brge	.-8      	; 0x1e80 <twi1_read_ack+0x6>
    1e88:	80 91 db 00 	lds	r24, 0x00DB	; 0x8000db <__TEXT_REGION_LENGTH__+0x7f80db>
    1e8c:	08 95       	ret

00001e8e <twi1_read_nack>:
    1e8e:	84 e8       	ldi	r24, 0x84	; 132
    1e90:	80 93 dc 00 	sts	0x00DC, r24	; 0x8000dc <__TEXT_REGION_LENGTH__+0x7f80dc>
    1e94:	80 91 dc 00 	lds	r24, 0x00DC	; 0x8000dc <__TEXT_REGION_LENGTH__+0x7f80dc>
    1e98:	88 23       	and	r24, r24
    1e9a:	e4 f7       	brge	.-8      	; 0x1e94 <twi1_read_nack+0x6>
    1e9c:	80 91 db 00 	lds	r24, 0x00DB	; 0x8000db <__TEXT_REGION_LENGTH__+0x7f80db>
    1ea0:	08 95       	ret

00001ea2 <twi1_init>:
    1ea2:	8e b1       	in	r24, 0x0e	; 14
    1ea4:	83 60       	ori	r24, 0x03	; 3
    1ea6:	8e b9       	out	0x0e, r24	; 14
    1ea8:	10 92 d9 00 	sts	0x00D9, r1	; 0x8000d9 <__TEXT_REGION_LENGTH__+0x7f80d9>
    1eac:	82 e0       	ldi	r24, 0x02	; 2
    1eae:	80 93 d8 00 	sts	0x00D8, r24	; 0x8000d8 <__TEXT_REGION_LENGTH__+0x7f80d8>
    1eb2:	84 e0       	ldi	r24, 0x04	; 4
    1eb4:	80 93 dc 00 	sts	0x00DC, r24	; 0x8000dc <__TEXT_REGION_LENGTH__+0x7f80dc>
    1eb8:	08 95       	ret

00001eba <twi1_write_register>:

uint8_t twi1_write_register(uint8_t address, uint8_t reg, uint8_t value)
{
    1eba:	0f 93       	push	r16
    1ebc:	1f 93       	push	r17
    1ebe:	cf 93       	push	r28
    1ec0:	df 93       	push	r29
    1ec2:	d8 2f       	mov	r29, r24
    1ec4:	16 2f       	mov	r17, r22
    1ec6:	04 2f       	mov	r16, r20
    if (!twi1_start()) { twi1_stop(); return 0; }
    1ec8:	0e 94 18 0f 	call	0x1e30	; 0x1e30 <twi1_start>
    1ecc:	c8 2f       	mov	r28, r24
    1ece:	81 11       	cpse	r24, r1
    1ed0:	03 c0       	rjmp	.+6      	; 0x1ed8 <twi1_write_register+0x1e>
    1ed2:	0e 94 2c 0f 	call	0x1e58	; 0x1e58 <twi1_stop>
    1ed6:	1f c0       	rjmp	.+62     	; 0x1f16 <twi1_write_register+0x5c>
    if (twi1_write_byte((uint8_t)(address << 1)) != 0x18U) { twi1_stop(); return 0; }
    1ed8:	8d 2f       	mov	r24, r29
    1eda:	88 0f       	add	r24, r24
    1edc:	0e 94 30 0f 	call	0x1e60	; 0x1e60 <twi1_write_byte>
    1ee0:	88 31       	cpi	r24, 0x18	; 24
    1ee2:	21 f0       	breq	.+8      	; 0x1eec <twi1_write_register+0x32>
    1ee4:	0e 94 2c 0f 	call	0x1e58	; 0x1e58 <twi1_stop>
    1ee8:	c0 e0       	ldi	r28, 0x00	; 0
    1eea:	15 c0       	rjmp	.+42     	; 0x1f16 <twi1_write_register+0x5c>
    if (twi1_write_byte(reg) != 0x28U) { twi1_stop(); return 0; }
    1eec:	81 2f       	mov	r24, r17
    1eee:	0e 94 30 0f 	call	0x1e60	; 0x1e60 <twi1_write_byte>
    1ef2:	88 32       	cpi	r24, 0x28	; 40
    1ef4:	21 f0       	breq	.+8      	; 0x1efe <twi1_write_register+0x44>
    1ef6:	0e 94 2c 0f 	call	0x1e58	; 0x1e58 <twi1_stop>
    1efa:	c0 e0       	ldi	r28, 0x00	; 0
    1efc:	0c c0       	rjmp	.+24     	; 0x1f16 <twi1_write_register+0x5c>
    if (twi1_write_byte(value) != 0x28U) { twi1_stop(); return 0; }
    1efe:	80 2f       	mov	r24, r16
    1f00:	0e 94 30 0f 	call	0x1e60	; 0x1e60 <twi1_write_byte>
    1f04:	88 32       	cpi	r24, 0x28	; 40
    1f06:	21 f0       	breq	.+8      	; 0x1f10 <twi1_write_register+0x56>
    1f08:	0e 94 2c 0f 	call	0x1e58	; 0x1e58 <twi1_stop>
    1f0c:	c0 e0       	ldi	r28, 0x00	; 0
    1f0e:	03 c0       	rjmp	.+6      	; 0x1f16 <twi1_write_register+0x5c>
    twi1_stop();
    1f10:	0e 94 2c 0f 	call	0x1e58	; 0x1e58 <twi1_stop>
    return 1;
    1f14:	c1 e0       	ldi	r28, 0x01	; 1
}
    1f16:	8c 2f       	mov	r24, r28
    1f18:	df 91       	pop	r29
    1f1a:	cf 91       	pop	r28
    1f1c:	1f 91       	pop	r17
    1f1e:	0f 91       	pop	r16
    1f20:	08 95       	ret

00001f22 <twi1_read_register>:

uint8_t twi1_read_register(uint8_t address, uint8_t reg, uint8_t *value)
{
    1f22:	ef 92       	push	r14
    1f24:	ff 92       	push	r15
    1f26:	1f 93       	push	r17
    1f28:	cf 93       	push	r28
    1f2a:	df 93       	push	r29
    1f2c:	d8 2f       	mov	r29, r24
    1f2e:	16 2f       	mov	r17, r22
    1f30:	7a 01       	movw	r14, r20
    if (!twi1_start()) { twi1_stop(); return 0; }
    1f32:	0e 94 18 0f 	call	0x1e30	; 0x1e30 <twi1_start>
    1f36:	c8 2f       	mov	r28, r24
    1f38:	81 11       	cpse	r24, r1
    1f3a:	03 c0       	rjmp	.+6      	; 0x1f42 <twi1_read_register+0x20>
    1f3c:	0e 94 2c 0f 	call	0x1e58	; 0x1e58 <twi1_stop>
    1f40:	2c c0       	rjmp	.+88     	; 0x1f9a <twi1_read_register+0x78>
    if (twi1_write_byte((uint8_t)(address << 1)) != 0x18U) { twi1_stop(); return 0; }
    1f42:	dd 0f       	add	r29, r29
    1f44:	8d 2f       	mov	r24, r29
    1f46:	0e 94 30 0f 	call	0x1e60	; 0x1e60 <twi1_write_byte>
    1f4a:	88 31       	cpi	r24, 0x18	; 24
    1f4c:	21 f0       	breq	.+8      	; 0x1f56 <twi1_read_register+0x34>
    1f4e:	0e 94 2c 0f 	call	0x1e58	; 0x1e58 <twi1_stop>
    1f52:	c0 e0       	ldi	r28, 0x00	; 0
    1f54:	22 c0       	rjmp	.+68     	; 0x1f9a <twi1_read_register+0x78>
    if (twi1_write_byte(reg) != 0x28U) { twi1_stop(); return 0; }
    1f56:	81 2f       	mov	r24, r17
    1f58:	0e 94 30 0f 	call	0x1e60	; 0x1e60 <twi1_write_byte>
    1f5c:	88 32       	cpi	r24, 0x28	; 40
    1f5e:	21 f0       	breq	.+8      	; 0x1f68 <twi1_read_register+0x46>
    1f60:	0e 94 2c 0f 	call	0x1e58	; 0x1e58 <twi1_stop>
    1f64:	c0 e0       	ldi	r28, 0x00	; 0
    1f66:	19 c0       	rjmp	.+50     	; 0x1f9a <twi1_read_register+0x78>
    if (!twi1_start()) { twi1_stop(); return 0; }
    1f68:	0e 94 18 0f 	call	0x1e30	; 0x1e30 <twi1_start>
    1f6c:	c8 2f       	mov	r28, r24
    1f6e:	81 11       	cpse	r24, r1
    1f70:	03 c0       	rjmp	.+6      	; 0x1f78 <twi1_read_register+0x56>
    1f72:	0e 94 2c 0f 	call	0x1e58	; 0x1e58 <twi1_stop>
    1f76:	11 c0       	rjmp	.+34     	; 0x1f9a <twi1_read_register+0x78>
    if (twi1_write_byte((uint8_t)((address << 1) | 1U)) != 0x40U) { twi1_stop(); return 0; }
    1f78:	8d 2f       	mov	r24, r29
    1f7a:	81 60       	ori	r24, 0x01	; 1
    1f7c:	0e 94 30 0f 	call	0x1e60	; 0x1e60 <twi1_write_byte>
    1f80:	80 34       	cpi	r24, 0x40	; 64
    1f82:	21 f0       	breq	.+8      	; 0x1f8c <twi1_read_register+0x6a>
    1f84:	0e 94 2c 0f 	call	0x1e58	; 0x1e58 <twi1_stop>
    1f88:	c0 e0       	ldi	r28, 0x00	; 0
    1f8a:	07 c0       	rjmp	.+14     	; 0x1f9a <twi1_read_register+0x78>
    *value = twi1_read_nack();
    1f8c:	0e 94 47 0f 	call	0x1e8e	; 0x1e8e <twi1_read_nack>
    1f90:	f7 01       	movw	r30, r14
    1f92:	80 83       	st	Z, r24
    twi1_stop();
    1f94:	0e 94 2c 0f 	call	0x1e58	; 0x1e58 <twi1_stop>
    return 1;
    1f98:	c1 e0       	ldi	r28, 0x01	; 1
}
    1f9a:	8c 2f       	mov	r24, r28
    1f9c:	df 91       	pop	r29
    1f9e:	cf 91       	pop	r28
    1fa0:	1f 91       	pop	r17
    1fa2:	ff 90       	pop	r15
    1fa4:	ef 90       	pop	r14
    1fa6:	08 95       	ret

00001fa8 <twi1_read_block>:

uint8_t twi1_read_block(uint8_t address, uint8_t reg, uint8_t *buffer, uint8_t length)
{
    1fa8:	ef 92       	push	r14
    1faa:	ff 92       	push	r15
    1fac:	0f 93       	push	r16
    1fae:	1f 93       	push	r17
    1fb0:	cf 93       	push	r28
    1fb2:	df 93       	push	r29
    if (length == 0U) return 0;
    1fb4:	22 23       	and	r18, r18
    1fb6:	09 f4       	brne	.+2      	; 0x1fba <twi1_read_block+0x12>
    1fb8:	48 c0       	rjmp	.+144    	; 0x204a <twi1_read_block+0xa2>
    1fba:	c2 2f       	mov	r28, r18
    1fbc:	7a 01       	movw	r14, r20
    1fbe:	06 2f       	mov	r16, r22
    1fc0:	18 2f       	mov	r17, r24

    if (!twi1_start()) { twi1_stop(); return 0; }
    1fc2:	0e 94 18 0f 	call	0x1e30	; 0x1e30 <twi1_start>
    1fc6:	d8 2f       	mov	r29, r24
    1fc8:	81 11       	cpse	r24, r1
    1fca:	03 c0       	rjmp	.+6      	; 0x1fd2 <twi1_read_block+0x2a>
    1fcc:	0e 94 2c 0f 	call	0x1e58	; 0x1e58 <twi1_stop>
    1fd0:	3d c0       	rjmp	.+122    	; 0x204c <twi1_read_block+0xa4>
    if (twi1_write_byte((uint8_t)(address << 1)) != 0x18U) { twi1_stop(); return 0; }
    1fd2:	11 0f       	add	r17, r17
    1fd4:	81 2f       	mov	r24, r17
    1fd6:	0e 94 30 0f 	call	0x1e60	; 0x1e60 <twi1_write_byte>
    1fda:	88 31       	cpi	r24, 0x18	; 24
    1fdc:	21 f0       	breq	.+8      	; 0x1fe6 <twi1_read_block+0x3e>
    1fde:	0e 94 2c 0f 	call	0x1e58	; 0x1e58 <twi1_stop>
    1fe2:	d0 e0       	ldi	r29, 0x00	; 0
    1fe4:	33 c0       	rjmp	.+102    	; 0x204c <twi1_read_block+0xa4>
    if (twi1_write_byte(reg) != 0x28U) { twi1_stop(); return 0; }
    1fe6:	80 2f       	mov	r24, r16
    1fe8:	0e 94 30 0f 	call	0x1e60	; 0x1e60 <twi1_write_byte>
    1fec:	88 32       	cpi	r24, 0x28	; 40
    1fee:	21 f0       	breq	.+8      	; 0x1ff8 <twi1_read_block+0x50>
    1ff0:	0e 94 2c 0f 	call	0x1e58	; 0x1e58 <twi1_stop>
    1ff4:	d0 e0       	ldi	r29, 0x00	; 0
    1ff6:	2a c0       	rjmp	.+84     	; 0x204c <twi1_read_block+0xa4>
    if (!twi1_start()) { twi1_stop(); return 0; }
    1ff8:	0e 94 18 0f 	call	0x1e30	; 0x1e30 <twi1_start>
    1ffc:	d8 2f       	mov	r29, r24
    1ffe:	81 11       	cpse	r24, r1
    2000:	03 c0       	rjmp	.+6      	; 0x2008 <twi1_read_block+0x60>
    2002:	0e 94 2c 0f 	call	0x1e58	; 0x1e58 <twi1_stop>
    2006:	22 c0       	rjmp	.+68     	; 0x204c <twi1_read_block+0xa4>
    if (twi1_write_byte((uint8_t)((address << 1) | 1U)) != 0x40U) { twi1_stop(); return 0; }
    2008:	81 2f       	mov	r24, r17
    200a:	81 60       	ori	r24, 0x01	; 1
    200c:	0e 94 30 0f 	call	0x1e60	; 0x1e60 <twi1_write_byte>
    2010:	80 34       	cpi	r24, 0x40	; 64
    2012:	a1 f0       	breq	.+40     	; 0x203c <twi1_read_block+0x94>
    2014:	0e 94 2c 0f 	call	0x1e58	; 0x1e58 <twi1_stop>
    2018:	d0 e0       	ldi	r29, 0x00	; 0
    201a:	18 c0       	rjmp	.+48     	; 0x204c <twi1_read_block+0xa4>

    for (uint8_t index = 0; index < length; index++) {
        buffer[index] = (index == (uint8_t)(length - 1U))
    201c:	87 01       	movw	r16, r14
    201e:	0d 0f       	add	r16, r29
    2020:	11 1d       	adc	r17, r1
    2022:	8f ef       	ldi	r24, 0xFF	; 255
    2024:	8c 0f       	add	r24, r28
    2026:	d8 13       	cpse	r29, r24
    2028:	03 c0       	rjmp	.+6      	; 0x2030 <twi1_read_block+0x88>
    202a:	0e 94 47 0f 	call	0x1e8e	; 0x1e8e <twi1_read_nack>
    202e:	02 c0       	rjmp	.+4      	; 0x2034 <twi1_read_block+0x8c>
    2030:	0e 94 3d 0f 	call	0x1e7a	; 0x1e7a <twi1_read_ack>
    2034:	f8 01       	movw	r30, r16
    2036:	80 83       	st	Z, r24
    if (twi1_write_byte((uint8_t)(address << 1)) != 0x18U) { twi1_stop(); return 0; }
    if (twi1_write_byte(reg) != 0x28U) { twi1_stop(); return 0; }
    if (!twi1_start()) { twi1_stop(); return 0; }
    if (twi1_write_byte((uint8_t)((address << 1) | 1U)) != 0x40U) { twi1_stop(); return 0; }

    for (uint8_t index = 0; index < length; index++) {
    2038:	df 5f       	subi	r29, 0xFF	; 255
    203a:	01 c0       	rjmp	.+2      	; 0x203e <twi1_read_block+0x96>
    203c:	d0 e0       	ldi	r29, 0x00	; 0
    203e:	dc 17       	cp	r29, r28
    2040:	68 f3       	brcs	.-38     	; 0x201c <twi1_read_block+0x74>
        buffer[index] = (index == (uint8_t)(length - 1U))
                      ? twi1_read_nack()
                      : twi1_read_ack();
    }

    twi1_stop();
    2042:	0e 94 2c 0f 	call	0x1e58	; 0x1e58 <twi1_stop>
    return 1;
    2046:	d1 e0       	ldi	r29, 0x01	; 1
    2048:	01 c0       	rjmp	.+2      	; 0x204c <twi1_read_block+0xa4>
    return 1;
}

uint8_t twi1_read_block(uint8_t address, uint8_t reg, uint8_t *buffer, uint8_t length)
{
    if (length == 0U) return 0;
    204a:	d0 e0       	ldi	r29, 0x00	; 0
                      : twi1_read_ack();
    }

    twi1_stop();
    return 1;
}
    204c:	8d 2f       	mov	r24, r29
    204e:	df 91       	pop	r29
    2050:	cf 91       	pop	r28
    2052:	1f 91       	pop	r17
    2054:	0f 91       	pop	r16
    2056:	ff 90       	pop	r15
    2058:	ef 90       	pop	r14
    205a:	08 95       	ret

0000205c <__vector_18>:
#include "uart0.h"

#define UBRR_VALUE 12U  /* 4800 baud at F_CPU = 1 MHz, normal UART mode. */

ISR(USART0_RX_vect)
{
    205c:	1f 92       	push	r1
    205e:	0f 92       	push	r0
    2060:	0f b6       	in	r0, 0x3f	; 63
    2062:	0f 92       	push	r0
    2064:	11 24       	eor	r1, r1
    2066:	2f 93       	push	r18
    2068:	3f 93       	push	r19
    206a:	4f 93       	push	r20
    206c:	5f 93       	push	r21
    206e:	6f 93       	push	r22
    2070:	7f 93       	push	r23
    2072:	8f 93       	push	r24
    2074:	9f 93       	push	r25
    2076:	af 93       	push	r26
    2078:	bf 93       	push	r27
    207a:	ef 93       	push	r30
    207c:	ff 93       	push	r31
    /* Read status before UDR0: reading UDR0 clears the UART error flags. */
    uint8_t status = UCSR0A;
    207e:	90 91 c0 00 	lds	r25, 0x00C0	; 0x8000c0 <__TEXT_REGION_LENGTH__+0x7f80c0>
    uint8_t value = UDR0;
    2082:	80 91 c6 00 	lds	r24, 0x00C6	; 0x8000c6 <__TEXT_REGION_LENGTH__+0x7f80c6>

    if ((status & ((1U << FE0) | (1U << DOR0) | (1U << UPE0))) != 0U) {
    2086:	9c 71       	andi	r25, 0x1C	; 28
    2088:	19 f0       	breq	.+6      	; 0x2090 <__vector_18+0x34>
        command_parser_record_uart_error();
    208a:	0e 94 36 06 	call	0xc6c	; 0xc6c <command_parser_record_uart_error>
        return;
    208e:	02 c0       	rjmp	.+4      	; 0x2094 <__vector_18+0x38>
    }

    command_parser_receive_byte(value);
    2090:	0e 94 40 06 	call	0xc80	; 0xc80 <command_parser_receive_byte>
}
    2094:	ff 91       	pop	r31
    2096:	ef 91       	pop	r30
    2098:	bf 91       	pop	r27
    209a:	af 91       	pop	r26
    209c:	9f 91       	pop	r25
    209e:	8f 91       	pop	r24
    20a0:	7f 91       	pop	r23
    20a2:	6f 91       	pop	r22
    20a4:	5f 91       	pop	r21
    20a6:	4f 91       	pop	r20
    20a8:	3f 91       	pop	r19
    20aa:	2f 91       	pop	r18
    20ac:	0f 90       	pop	r0
    20ae:	0f be       	out	0x3f, r0	; 63
    20b0:	0f 90       	pop	r0
    20b2:	1f 90       	pop	r1
    20b4:	18 95       	reti

000020b6 <uart0_init>:

void uart0_init(void)
{
    /* RXD0/PD0 is idle-high. Keep it defined when the external TX is absent. */
    DDRD &= (uint8_t)~(1U << PD0);
    20b6:	8a b1       	in	r24, 0x0a	; 10
    20b8:	8e 7f       	andi	r24, 0xFE	; 254
    20ba:	8a b9       	out	0x0a, r24	; 10
    PORTD |= (1U << PD0);
    20bc:	8b b1       	in	r24, 0x0b	; 11
    20be:	81 60       	ori	r24, 0x01	; 1
    20c0:	8b b9       	out	0x0b, r24	; 11

    command_parser_init();
    20c2:	0e 94 2d 06 	call	0xc5a	; 0xc5a <command_parser_init>

    UBRR0H = (uint8_t)(UBRR_VALUE >> 8);
    20c6:	10 92 c5 00 	sts	0x00C5, r1	; 0x8000c5 <__TEXT_REGION_LENGTH__+0x7f80c5>
    UBRR0L = (uint8_t)(UBRR_VALUE & 0xFFU);
    20ca:	8c e0       	ldi	r24, 0x0C	; 12
    20cc:	80 93 c4 00 	sts	0x00C4, r24	; 0x8000c4 <__TEXT_REGION_LENGTH__+0x7f80c4>
    UCSR0A = 0x00;
    20d0:	10 92 c0 00 	sts	0x00C0, r1	; 0x8000c0 <__TEXT_REGION_LENGTH__+0x7f80c0>
    UCSR0B = (1 << RXCIE0) | (1 << RXEN0) | (1 << TXEN0);
    20d4:	88 e9       	ldi	r24, 0x98	; 152
    20d6:	80 93 c1 00 	sts	0x00C1, r24	; 0x8000c1 <__TEXT_REGION_LENGTH__+0x7f80c1>
    UCSR0C = (1 << UCSZ01) | (1 << UCSZ00); /* 8N1 */
    20da:	86 e0       	ldi	r24, 0x06	; 6
    20dc:	80 93 c2 00 	sts	0x00C2, r24	; 0x8000c2 <__TEXT_REGION_LENGTH__+0x7f80c2>
    20e0:	08 95       	ret

000020e2 <uart0_putc>:
}

void uart0_putc(char c)
{
    while (!(UCSR0A & (1 << UDRE0))) {}
    20e2:	90 91 c0 00 	lds	r25, 0x00C0	; 0x8000c0 <__TEXT_REGION_LENGTH__+0x7f80c0>
    20e6:	95 ff       	sbrs	r25, 5
    20e8:	fc cf       	rjmp	.-8      	; 0x20e2 <uart0_putc>
    UDR0 = c;
    20ea:	80 93 c6 00 	sts	0x00C6, r24	; 0x8000c6 <__TEXT_REGION_LENGTH__+0x7f80c6>
    20ee:	08 95       	ret

000020f0 <uart0_print>:
}

void uart0_print(const char *s)
{
    20f0:	cf 93       	push	r28
    20f2:	df 93       	push	r29
    20f4:	ec 01       	movw	r28, r24
    while (*s != '\0') uart0_putc(*s++);
    20f6:	03 c0       	rjmp	.+6      	; 0x20fe <uart0_print+0xe>
    20f8:	21 96       	adiw	r28, 0x01	; 1
    20fa:	0e 94 71 10 	call	0x20e2	; 0x20e2 <uart0_putc>
    20fe:	88 81       	ld	r24, Y
    2100:	81 11       	cpse	r24, r1
    2102:	fa cf       	rjmp	.-12     	; 0x20f8 <uart0_print+0x8>
}
    2104:	df 91       	pop	r29
    2106:	cf 91       	pop	r28
    2108:	08 95       	ret

0000210a <uart0_print_hex8>:

void uart0_print_hex8(uint8_t value)
{
    210a:	cf 93       	push	r28
    210c:	c8 2f       	mov	r28, r24
    static const char hex[] = "0123456789ABCDEF";
    uart0_putc(hex[(value >> 4) & 0x0FU]);
    210e:	e8 2f       	mov	r30, r24
    2110:	e2 95       	swap	r30
    2112:	ef 70       	andi	r30, 0x0F	; 15
    2114:	f0 e0       	ldi	r31, 0x00	; 0
    2116:	e8 54       	subi	r30, 0x48	; 72
    2118:	f9 4f       	sbci	r31, 0xF9	; 249
    211a:	80 81       	ld	r24, Z
    211c:	0e 94 71 10 	call	0x20e2	; 0x20e2 <uart0_putc>
    uart0_putc(hex[value & 0x0FU]);
    2120:	cf 70       	andi	r28, 0x0F	; 15
    2122:	ec 2f       	mov	r30, r28
    2124:	f0 e0       	ldi	r31, 0x00	; 0
    2126:	e8 54       	subi	r30, 0x48	; 72
    2128:	f9 4f       	sbci	r31, 0xF9	; 249
    212a:	80 81       	ld	r24, Z
    212c:	0e 94 71 10 	call	0x20e2	; 0x20e2 <uart0_putc>
}
    2130:	cf 91       	pop	r28
    2132:	08 95       	ret

00002134 <uart0_print_uint16>:

void uart0_print_uint16(uint16_t value)
{
    2134:	1f 93       	push	r17
    2136:	cf 93       	push	r28
    2138:	df 93       	push	r29
    213a:	00 d0       	rcall	.+0      	; 0x213c <uart0_print_uint16+0x8>
    213c:	00 d0       	rcall	.+0      	; 0x213e <uart0_print_uint16+0xa>
    213e:	1f 92       	push	r1
    2140:	cd b7       	in	r28, 0x3d	; 61
    2142:	de b7       	in	r29, 0x3e	; 62
    2144:	ac 01       	movw	r20, r24
    char buffer[5];
    uint8_t count = 0U;

    if (value == 0U) {
    2146:	89 2b       	or	r24, r25
    2148:	91 f5       	brne	.+100    	; 0x21ae <uart0_print_uint16+0x7a>
        uart0_putc('0');
    214a:	80 e3       	ldi	r24, 0x30	; 48
    214c:	0e 94 71 10 	call	0x20e2	; 0x20e2 <uart0_putc>
    2150:	3f c0       	rjmp	.+126    	; 0x21d0 <uart0_print_uint16+0x9c>
        return;
    }

    while (value > 0U) {
        buffer[count++] = (char)('0' + (value % 10U));
    2152:	9a 01       	movw	r18, r20
    2154:	ad ec       	ldi	r26, 0xCD	; 205
    2156:	bc ec       	ldi	r27, 0xCC	; 204
    2158:	0e 94 f3 11 	call	0x23e6	; 0x23e6 <__umulhisi3>
    215c:	96 95       	lsr	r25
    215e:	87 95       	ror	r24
    2160:	96 95       	lsr	r25
    2162:	87 95       	ror	r24
    2164:	96 95       	lsr	r25
    2166:	87 95       	ror	r24
    2168:	9c 01       	movw	r18, r24
    216a:	22 0f       	add	r18, r18
    216c:	33 1f       	adc	r19, r19
    216e:	88 0f       	add	r24, r24
    2170:	99 1f       	adc	r25, r25
    2172:	88 0f       	add	r24, r24
    2174:	99 1f       	adc	r25, r25
    2176:	88 0f       	add	r24, r24
    2178:	99 1f       	adc	r25, r25
    217a:	82 0f       	add	r24, r18
    217c:	93 1f       	adc	r25, r19
    217e:	9a 01       	movw	r18, r20
    2180:	28 1b       	sub	r18, r24
    2182:	39 0b       	sbc	r19, r25
    2184:	c9 01       	movw	r24, r18
    2186:	80 5d       	subi	r24, 0xD0	; 208
    2188:	e1 e0       	ldi	r30, 0x01	; 1
    218a:	f0 e0       	ldi	r31, 0x00	; 0
    218c:	ec 0f       	add	r30, r28
    218e:	fd 1f       	adc	r31, r29
    2190:	e1 0f       	add	r30, r17
    2192:	f1 1d       	adc	r31, r1
    2194:	80 83       	st	Z, r24
        value /= 10U;
    2196:	9a 01       	movw	r18, r20
    2198:	0e 94 f3 11 	call	0x23e6	; 0x23e6 <__umulhisi3>
    219c:	ac 01       	movw	r20, r24
    219e:	56 95       	lsr	r21
    21a0:	47 95       	ror	r20
    21a2:	56 95       	lsr	r21
    21a4:	47 95       	ror	r20
    21a6:	56 95       	lsr	r21
    21a8:	47 95       	ror	r20
        uart0_putc('0');
        return;
    }

    while (value > 0U) {
        buffer[count++] = (char)('0' + (value % 10U));
    21aa:	1f 5f       	subi	r17, 0xFF	; 255
    21ac:	01 c0       	rjmp	.+2      	; 0x21b0 <uart0_print_uint16+0x7c>
    21ae:	10 e0       	ldi	r17, 0x00	; 0
    if (value == 0U) {
        uart0_putc('0');
        return;
    }

    while (value > 0U) {
    21b0:	41 15       	cp	r20, r1
    21b2:	51 05       	cpc	r21, r1
    21b4:	71 f6       	brne	.-100    	; 0x2152 <uart0_print_uint16+0x1e>
    21b6:	0a c0       	rjmp	.+20     	; 0x21cc <uart0_print_uint16+0x98>
        buffer[count++] = (char)('0' + (value % 10U));
        value /= 10U;
    }

    while (count > 0U) uart0_putc(buffer[--count]);
    21b8:	11 50       	subi	r17, 0x01	; 1
    21ba:	e1 e0       	ldi	r30, 0x01	; 1
    21bc:	f0 e0       	ldi	r31, 0x00	; 0
    21be:	ec 0f       	add	r30, r28
    21c0:	fd 1f       	adc	r31, r29
    21c2:	e1 0f       	add	r30, r17
    21c4:	f1 1d       	adc	r31, r1
    21c6:	80 81       	ld	r24, Z
    21c8:	0e 94 71 10 	call	0x20e2	; 0x20e2 <uart0_putc>
    21cc:	11 11       	cpse	r17, r1
    21ce:	f4 cf       	rjmp	.-24     	; 0x21b8 <uart0_print_uint16+0x84>
}
    21d0:	0f 90       	pop	r0
    21d2:	0f 90       	pop	r0
    21d4:	0f 90       	pop	r0
    21d6:	0f 90       	pop	r0
    21d8:	0f 90       	pop	r0
    21da:	df 91       	pop	r29
    21dc:	cf 91       	pop	r28
    21de:	1f 91       	pop	r17
    21e0:	08 95       	ret

000021e2 <uart0_print_uint32>:

void uart0_print_uint32(uint32_t value)
{
    21e2:	1f 93       	push	r17
    21e4:	cf 93       	push	r28
    21e6:	df 93       	push	r29
    21e8:	cd b7       	in	r28, 0x3d	; 61
    21ea:	de b7       	in	r29, 0x3e	; 62
    21ec:	2a 97       	sbiw	r28, 0x0a	; 10
    21ee:	0f b6       	in	r0, 0x3f	; 63
    21f0:	f8 94       	cli
    21f2:	de bf       	out	0x3e, r29	; 62
    21f4:	0f be       	out	0x3f, r0	; 63
    21f6:	cd bf       	out	0x3d, r28	; 61
    char buffer[10];
    uint8_t count = 0U;

    if (value == 0UL) {
    21f8:	61 15       	cp	r22, r1
    21fa:	71 05       	cpc	r23, r1
    21fc:	81 05       	cpc	r24, r1
    21fe:	91 05       	cpc	r25, r1
    2200:	c1 f4       	brne	.+48     	; 0x2232 <uart0_print_uint32+0x50>
        uart0_putc('0');
    2202:	80 e3       	ldi	r24, 0x30	; 48
    2204:	0e 94 71 10 	call	0x20e2	; 0x20e2 <uart0_putc>
    2208:	27 c0       	rjmp	.+78     	; 0x2258 <uart0_print_uint32+0x76>
        return;
    }

    while (value > 0UL) {
        buffer[count++] = (char)('0' + (value % 10UL));
    220a:	2a e0       	ldi	r18, 0x0A	; 10
    220c:	30 e0       	ldi	r19, 0x00	; 0
    220e:	40 e0       	ldi	r20, 0x00	; 0
    2210:	50 e0       	ldi	r21, 0x00	; 0
    2212:	0e 94 b2 11 	call	0x2364	; 0x2364 <__udivmodsi4>
    2216:	60 5d       	subi	r22, 0xD0	; 208
    2218:	e1 e0       	ldi	r30, 0x01	; 1
    221a:	f0 e0       	ldi	r31, 0x00	; 0
    221c:	ec 0f       	add	r30, r28
    221e:	fd 1f       	adc	r31, r29
    2220:	e1 0f       	add	r30, r17
    2222:	f1 1d       	adc	r31, r1
    2224:	60 83       	st	Z, r22
        value /= 10UL;
    2226:	62 2f       	mov	r22, r18
    2228:	73 2f       	mov	r23, r19
    222a:	84 2f       	mov	r24, r20
    222c:	95 2f       	mov	r25, r21
        uart0_putc('0');
        return;
    }

    while (value > 0UL) {
        buffer[count++] = (char)('0' + (value % 10UL));
    222e:	1f 5f       	subi	r17, 0xFF	; 255
    2230:	01 c0       	rjmp	.+2      	; 0x2234 <uart0_print_uint32+0x52>
    2232:	10 e0       	ldi	r17, 0x00	; 0
    if (value == 0UL) {
        uart0_putc('0');
        return;
    }

    while (value > 0UL) {
    2234:	61 15       	cp	r22, r1
    2236:	71 05       	cpc	r23, r1
    2238:	81 05       	cpc	r24, r1
    223a:	91 05       	cpc	r25, r1
    223c:	31 f7       	brne	.-52     	; 0x220a <uart0_print_uint32+0x28>
    223e:	0a c0       	rjmp	.+20     	; 0x2254 <uart0_print_uint32+0x72>
        buffer[count++] = (char)('0' + (value % 10UL));
        value /= 10UL;
    }

    while (count > 0U) uart0_putc(buffer[--count]);
    2240:	11 50       	subi	r17, 0x01	; 1
    2242:	e1 e0       	ldi	r30, 0x01	; 1
    2244:	f0 e0       	ldi	r31, 0x00	; 0
    2246:	ec 0f       	add	r30, r28
    2248:	fd 1f       	adc	r31, r29
    224a:	e1 0f       	add	r30, r17
    224c:	f1 1d       	adc	r31, r1
    224e:	80 81       	ld	r24, Z
    2250:	0e 94 71 10 	call	0x20e2	; 0x20e2 <uart0_putc>
    2254:	11 11       	cpse	r17, r1
    2256:	f4 cf       	rjmp	.-24     	; 0x2240 <uart0_print_uint32+0x5e>
}
    2258:	2a 96       	adiw	r28, 0x0a	; 10
    225a:	0f b6       	in	r0, 0x3f	; 63
    225c:	f8 94       	cli
    225e:	de bf       	out	0x3e, r29	; 62
    2260:	0f be       	out	0x3f, r0	; 63
    2262:	cd bf       	out	0x3d, r28	; 61
    2264:	df 91       	pop	r29
    2266:	cf 91       	pop	r28
    2268:	1f 91       	pop	r17
    226a:	08 95       	ret

0000226c <uart0_print_int32>:

void uart0_print_int32(int32_t value)
{
    226c:	cf 92       	push	r12
    226e:	df 92       	push	r13
    2270:	ef 92       	push	r14
    2272:	ff 92       	push	r15
    2274:	6b 01       	movw	r12, r22
    2276:	7c 01       	movw	r14, r24
    if (value < 0L) {
    2278:	99 23       	and	r25, r25
    227a:	5c f4       	brge	.+22     	; 0x2292 <uart0_print_int32+0x26>
        uart0_putc('-');
    227c:	8d e2       	ldi	r24, 0x2D	; 45
    227e:	0e 94 71 10 	call	0x20e2	; 0x20e2 <uart0_putc>
        value = -value;
    2282:	f0 94       	com	r15
    2284:	e0 94       	com	r14
    2286:	d0 94       	com	r13
    2288:	c0 94       	com	r12
    228a:	c1 1c       	adc	r12, r1
    228c:	d1 1c       	adc	r13, r1
    228e:	e1 1c       	adc	r14, r1
    2290:	f1 1c       	adc	r15, r1
    }
    uart0_print_uint32((uint32_t)value);
    2292:	c7 01       	movw	r24, r14
    2294:	b6 01       	movw	r22, r12
    2296:	0e 94 f1 10 	call	0x21e2	; 0x21e2 <uart0_print_uint32>
}
    229a:	ff 90       	pop	r15
    229c:	ef 90       	pop	r14
    229e:	df 90       	pop	r13
    22a0:	cf 90       	pop	r12
    22a2:	08 95       	ret

000022a4 <uart0_print_fixed_2>:

void uart0_print_fixed_2(int32_t value_x100)
{
    22a4:	cf 92       	push	r12
    22a6:	df 92       	push	r13
    22a8:	ef 92       	push	r14
    22aa:	ff 92       	push	r15
    22ac:	cf 93       	push	r28
    22ae:	df 93       	push	r29
    22b0:	6b 01       	movw	r12, r22
    22b2:	7c 01       	movw	r14, r24
    if (value_x100 < 0L) {
    22b4:	99 23       	and	r25, r25
    22b6:	5c f4       	brge	.+22     	; 0x22ce <uart0_print_fixed_2+0x2a>
        uart0_putc('-');
    22b8:	8d e2       	ldi	r24, 0x2D	; 45
    22ba:	0e 94 71 10 	call	0x20e2	; 0x20e2 <uart0_putc>
        value_x100 = -value_x100;
    22be:	f0 94       	com	r15
    22c0:	e0 94       	com	r14
    22c2:	d0 94       	com	r13
    22c4:	c0 94       	com	r12
    22c6:	c1 1c       	adc	r12, r1
    22c8:	d1 1c       	adc	r13, r1
    22ca:	e1 1c       	adc	r14, r1
    22cc:	f1 1c       	adc	r15, r1
    }

    uart0_print_uint32((uint32_t)(value_x100 / 100L));
    22ce:	c7 01       	movw	r24, r14
    22d0:	b6 01       	movw	r22, r12
    22d2:	24 e6       	ldi	r18, 0x64	; 100
    22d4:	30 e0       	ldi	r19, 0x00	; 0
    22d6:	40 e0       	ldi	r20, 0x00	; 0
    22d8:	50 e0       	ldi	r21, 0x00	; 0
    22da:	0e 94 d4 11 	call	0x23a8	; 0x23a8 <__divmodsi4>
    22de:	d6 2f       	mov	r29, r22
    22e0:	ca 01       	movw	r24, r20
    22e2:	b9 01       	movw	r22, r18
    22e4:	0e 94 f1 10 	call	0x21e2	; 0x21e2 <uart0_print_uint32>
    uart0_putc('.');
    22e8:	8e e2       	ldi	r24, 0x2E	; 46
    22ea:	0e 94 71 10 	call	0x20e2	; 0x20e2 <uart0_putc>

    {
        uint8_t fraction = (uint8_t)(value_x100 % 100L);
        uart0_putc((char)('0' + (fraction / 10U)));
    22ee:	cd ec       	ldi	r28, 0xCD	; 205
    22f0:	dc 9f       	mul	r29, r28
    22f2:	c1 2d       	mov	r28, r1
    22f4:	11 24       	eor	r1, r1
    22f6:	c6 95       	lsr	r28
    22f8:	c6 95       	lsr	r28
    22fa:	c6 95       	lsr	r28
    22fc:	80 e3       	ldi	r24, 0x30	; 48
    22fe:	8c 0f       	add	r24, r28
    2300:	0e 94 71 10 	call	0x20e2	; 0x20e2 <uart0_putc>
        uart0_putc((char)('0' + (fraction % 10U)));
    2304:	cc 0f       	add	r28, r28
    2306:	8c 2f       	mov	r24, r28
    2308:	88 0f       	add	r24, r24
    230a:	88 0f       	add	r24, r24
    230c:	c8 0f       	add	r28, r24
    230e:	8d 2f       	mov	r24, r29
    2310:	8c 1b       	sub	r24, r28
    2312:	80 5d       	subi	r24, 0xD0	; 208
    2314:	0e 94 71 10 	call	0x20e2	; 0x20e2 <uart0_putc>
    }
}
    2318:	df 91       	pop	r29
    231a:	cf 91       	pop	r28
    231c:	ff 90       	pop	r15
    231e:	ef 90       	pop	r14
    2320:	df 90       	pop	r13
    2322:	cf 90       	pop	r12
    2324:	08 95       	ret

00002326 <watchdog_service_init>:
				: "r0"
		);
	}
	else
	{
		__asm__ __volatile__ (
    2326:	98 e2       	ldi	r25, 0x28	; 40
    2328:	88 e1       	ldi	r24, 0x18	; 24
    232a:	0f b6       	in	r0, 0x3f	; 63
    232c:	f8 94       	cli
    232e:	a8 95       	wdr
    2330:	80 93 60 00 	sts	0x0060, r24	; 0x800060 <__TEXT_REGION_LENGTH__+0x7f8060>
    2334:	0f be       	out	0x3f, r0	; 63
    2336:	90 93 60 00 	sts	0x0060, r25	; 0x800060 <__TEXT_REGION_LENGTH__+0x7f8060>

void watchdog_service_init(void)
{
    /* Four seconds comfortably exceeds the normal acquisition cycle. */
    wdt_enable(WDTO_4S);
    wdt_reset();
    233a:	a8 95       	wdr
    233c:	08 95       	ret

0000233e <watchdog_service_kick>:
}

void watchdog_service_kick(void)
{
    wdt_reset();
    233e:	a8 95       	wdr
    2340:	08 95       	ret

00002342 <watchdog_service_force_test_reset>:
}

void watchdog_service_force_test_reset(void)
{
    uart0_print("$ND280RSP,OK,CMD=DIAG_WDT_TEST,RESET_IN_MS=1000\r\n");
    2342:	89 ec       	ldi	r24, 0xC9	; 201
    2344:	96 e0       	ldi	r25, 0x06	; 6
    2346:	0e 94 78 10 	call	0x20f0	; 0x20f0 <uart0_print>

    /* Use a short timeout for a deterministic controlled test. */
    cli();
    234a:	f8 94       	cli
    234c:	9e e0       	ldi	r25, 0x0E	; 14
    234e:	88 e1       	ldi	r24, 0x18	; 24
    2350:	0f b6       	in	r0, 0x3f	; 63
    2352:	f8 94       	cli
    2354:	a8 95       	wdr
    2356:	80 93 60 00 	sts	0x0060, r24	; 0x800060 <__TEXT_REGION_LENGTH__+0x7f8060>
    235a:	0f be       	out	0x3f, r0	; 63
    235c:	90 93 60 00 	sts	0x0060, r25	; 0x800060 <__TEXT_REGION_LENGTH__+0x7f8060>
    wdt_enable(WDTO_1S);
    sei();
    2360:	78 94       	sei
    2362:	ff cf       	rjmp	.-2      	; 0x2362 <watchdog_service_force_test_reset+0x20>

00002364 <__udivmodsi4>:
    2364:	a1 e2       	ldi	r26, 0x21	; 33
    2366:	1a 2e       	mov	r1, r26
    2368:	aa 1b       	sub	r26, r26
    236a:	bb 1b       	sub	r27, r27
    236c:	fd 01       	movw	r30, r26
    236e:	0d c0       	rjmp	.+26     	; 0x238a <__udivmodsi4_ep>

00002370 <__udivmodsi4_loop>:
    2370:	aa 1f       	adc	r26, r26
    2372:	bb 1f       	adc	r27, r27
    2374:	ee 1f       	adc	r30, r30
    2376:	ff 1f       	adc	r31, r31
    2378:	a2 17       	cp	r26, r18
    237a:	b3 07       	cpc	r27, r19
    237c:	e4 07       	cpc	r30, r20
    237e:	f5 07       	cpc	r31, r21
    2380:	20 f0       	brcs	.+8      	; 0x238a <__udivmodsi4_ep>
    2382:	a2 1b       	sub	r26, r18
    2384:	b3 0b       	sbc	r27, r19
    2386:	e4 0b       	sbc	r30, r20
    2388:	f5 0b       	sbc	r31, r21

0000238a <__udivmodsi4_ep>:
    238a:	66 1f       	adc	r22, r22
    238c:	77 1f       	adc	r23, r23
    238e:	88 1f       	adc	r24, r24
    2390:	99 1f       	adc	r25, r25
    2392:	1a 94       	dec	r1
    2394:	69 f7       	brne	.-38     	; 0x2370 <__udivmodsi4_loop>
    2396:	60 95       	com	r22
    2398:	70 95       	com	r23
    239a:	80 95       	com	r24
    239c:	90 95       	com	r25
    239e:	9b 01       	movw	r18, r22
    23a0:	ac 01       	movw	r20, r24
    23a2:	bd 01       	movw	r22, r26
    23a4:	cf 01       	movw	r24, r30
    23a6:	08 95       	ret

000023a8 <__divmodsi4>:
    23a8:	05 2e       	mov	r0, r21
    23aa:	97 fb       	bst	r25, 7
    23ac:	1e f4       	brtc	.+6      	; 0x23b4 <__divmodsi4+0xc>
    23ae:	00 94       	com	r0
    23b0:	0e 94 eb 11 	call	0x23d6	; 0x23d6 <__negsi2>
    23b4:	57 fd       	sbrc	r21, 7
    23b6:	07 d0       	rcall	.+14     	; 0x23c6 <__divmodsi4_neg2>
    23b8:	0e 94 b2 11 	call	0x2364	; 0x2364 <__udivmodsi4>
    23bc:	07 fc       	sbrc	r0, 7
    23be:	03 d0       	rcall	.+6      	; 0x23c6 <__divmodsi4_neg2>
    23c0:	4e f4       	brtc	.+18     	; 0x23d4 <__divmodsi4_exit>
    23c2:	0c 94 eb 11 	jmp	0x23d6	; 0x23d6 <__negsi2>

000023c6 <__divmodsi4_neg2>:
    23c6:	50 95       	com	r21
    23c8:	40 95       	com	r20
    23ca:	30 95       	com	r19
    23cc:	21 95       	neg	r18
    23ce:	3f 4f       	sbci	r19, 0xFF	; 255
    23d0:	4f 4f       	sbci	r20, 0xFF	; 255
    23d2:	5f 4f       	sbci	r21, 0xFF	; 255

000023d4 <__divmodsi4_exit>:
    23d4:	08 95       	ret

000023d6 <__negsi2>:
    23d6:	90 95       	com	r25
    23d8:	80 95       	com	r24
    23da:	70 95       	com	r23
    23dc:	61 95       	neg	r22
    23de:	7f 4f       	sbci	r23, 0xFF	; 255
    23e0:	8f 4f       	sbci	r24, 0xFF	; 255
    23e2:	9f 4f       	sbci	r25, 0xFF	; 255
    23e4:	08 95       	ret

000023e6 <__umulhisi3>:
    23e6:	a2 9f       	mul	r26, r18
    23e8:	b0 01       	movw	r22, r0
    23ea:	b3 9f       	mul	r27, r19
    23ec:	c0 01       	movw	r24, r0
    23ee:	a3 9f       	mul	r26, r19
    23f0:	70 0d       	add	r23, r0
    23f2:	81 1d       	adc	r24, r1
    23f4:	11 24       	eor	r1, r1
    23f6:	91 1d       	adc	r25, r1
    23f8:	b2 9f       	mul	r27, r18
    23fa:	70 0d       	add	r23, r0
    23fc:	81 1d       	adc	r24, r1
    23fe:	11 24       	eor	r1, r1
    2400:	91 1d       	adc	r25, r1
    2402:	08 95       	ret

00002404 <__muluhisi3>:
    2404:	0e 94 f3 11 	call	0x23e6	; 0x23e6 <__umulhisi3>
    2408:	a5 9f       	mul	r26, r21
    240a:	90 0d       	add	r25, r0
    240c:	b4 9f       	mul	r27, r20
    240e:	90 0d       	add	r25, r0
    2410:	a4 9f       	mul	r26, r20
    2412:	80 0d       	add	r24, r0
    2414:	91 1d       	adc	r25, r1
    2416:	11 24       	eor	r1, r1
    2418:	08 95       	ret

0000241a <__muldi3>:
    241a:	df 93       	push	r29
    241c:	cf 93       	push	r28
    241e:	1f 93       	push	r17
    2420:	0f 93       	push	r16
    2422:	9a 9d       	mul	r25, r10
    2424:	f0 2d       	mov	r31, r0
    2426:	21 9f       	mul	r18, r17
    2428:	f0 0d       	add	r31, r0
    242a:	8b 9d       	mul	r24, r11
    242c:	f0 0d       	add	r31, r0
    242e:	8a 9d       	mul	r24, r10
    2430:	e0 2d       	mov	r30, r0
    2432:	f1 0d       	add	r31, r1
    2434:	03 9f       	mul	r16, r19
    2436:	f0 0d       	add	r31, r0
    2438:	02 9f       	mul	r16, r18
    243a:	e0 0d       	add	r30, r0
    243c:	f1 1d       	adc	r31, r1
    243e:	4e 9d       	mul	r20, r14
    2440:	e0 0d       	add	r30, r0
    2442:	f1 1d       	adc	r31, r1
    2444:	5e 9d       	mul	r21, r14
    2446:	f0 0d       	add	r31, r0
    2448:	4f 9d       	mul	r20, r15
    244a:	f0 0d       	add	r31, r0
    244c:	7f 93       	push	r23
    244e:	6f 93       	push	r22
    2450:	bf 92       	push	r11
    2452:	af 92       	push	r10
    2454:	5f 93       	push	r21
    2456:	4f 93       	push	r20
    2458:	d5 01       	movw	r26, r10
    245a:	0e 94 f3 11 	call	0x23e6	; 0x23e6 <__umulhisi3>
    245e:	8b 01       	movw	r16, r22
    2460:	ac 01       	movw	r20, r24
    2462:	d7 01       	movw	r26, r14
    2464:	0e 94 f3 11 	call	0x23e6	; 0x23e6 <__umulhisi3>
    2468:	eb 01       	movw	r28, r22
    246a:	e8 0f       	add	r30, r24
    246c:	f9 1f       	adc	r31, r25
    246e:	d6 01       	movw	r26, r12
    2470:	0e 94 5d 12 	call	0x24ba	; 0x24ba <__muldi3_6>
    2474:	2f 91       	pop	r18
    2476:	3f 91       	pop	r19
    2478:	d6 01       	movw	r26, r12
    247a:	0e 94 f3 11 	call	0x23e6	; 0x23e6 <__umulhisi3>
    247e:	c6 0f       	add	r28, r22
    2480:	d7 1f       	adc	r29, r23
    2482:	e8 1f       	adc	r30, r24
    2484:	f9 1f       	adc	r31, r25
    2486:	af 91       	pop	r26
    2488:	bf 91       	pop	r27
    248a:	0e 94 5d 12 	call	0x24ba	; 0x24ba <__muldi3_6>
    248e:	2f 91       	pop	r18
    2490:	3f 91       	pop	r19
    2492:	0e 94 f3 11 	call	0x23e6	; 0x23e6 <__umulhisi3>
    2496:	c6 0f       	add	r28, r22
    2498:	d7 1f       	adc	r29, r23
    249a:	e8 1f       	adc	r30, r24
    249c:	f9 1f       	adc	r31, r25
    249e:	d6 01       	movw	r26, r12
    24a0:	0e 94 f3 11 	call	0x23e6	; 0x23e6 <__umulhisi3>
    24a4:	e6 0f       	add	r30, r22
    24a6:	f7 1f       	adc	r31, r23
    24a8:	98 01       	movw	r18, r16
    24aa:	be 01       	movw	r22, r28
    24ac:	cf 01       	movw	r24, r30
    24ae:	11 24       	eor	r1, r1
    24b0:	0f 91       	pop	r16
    24b2:	1f 91       	pop	r17
    24b4:	cf 91       	pop	r28
    24b6:	df 91       	pop	r29
    24b8:	08 95       	ret

000024ba <__muldi3_6>:
    24ba:	0e 94 f3 11 	call	0x23e6	; 0x23e6 <__umulhisi3>
    24be:	46 0f       	add	r20, r22
    24c0:	57 1f       	adc	r21, r23
    24c2:	c8 1f       	adc	r28, r24
    24c4:	d9 1f       	adc	r29, r25
    24c6:	08 f4       	brcc	.+2      	; 0x24ca <__muldi3_6+0x10>
    24c8:	31 96       	adiw	r30, 0x01	; 1
    24ca:	08 95       	ret

000024cc <__moddi3>:
    24cc:	68 94       	set
    24ce:	01 c0       	rjmp	.+2      	; 0x24d2 <__divdi3_moddi3>

000024d0 <__divdi3>:
    24d0:	e8 94       	clt

000024d2 <__divdi3_moddi3>:
    24d2:	f9 2f       	mov	r31, r25
    24d4:	f1 2b       	or	r31, r17
    24d6:	12 f0       	brmi	.+4      	; 0x24dc <__divdi3_moddi3+0xa>
    24d8:	0c 94 9a 12 	jmp	0x2534	; 0x2534 <__udivdi3_umoddi3>
    24dc:	a0 e0       	ldi	r26, 0x00	; 0
    24de:	b0 e0       	ldi	r27, 0x00	; 0
    24e0:	e4 e7       	ldi	r30, 0x74	; 116
    24e2:	f2 e1       	ldi	r31, 0x12	; 18
    24e4:	0c 94 0c 13 	jmp	0x2618	; 0x2618 <__prologue_saves__+0xc>
    24e8:	09 2e       	mov	r0, r25
    24ea:	05 94       	asr	r0
    24ec:	22 f4       	brpl	.+8      	; 0x24f6 <__divdi3_moddi3+0x24>
    24ee:	0e 94 f6 12 	call	0x25ec	; 0x25ec <__negdi2>
    24f2:	11 23       	and	r17, r17
    24f4:	92 f4       	brpl	.+36     	; 0x251a <__divdi3_moddi3+0x48>
    24f6:	f0 e8       	ldi	r31, 0x80	; 128
    24f8:	0f 26       	eor	r0, r31
    24fa:	ff ef       	ldi	r31, 0xFF	; 255
    24fc:	e0 94       	com	r14
    24fe:	f0 94       	com	r15
    2500:	00 95       	com	r16
    2502:	10 95       	com	r17
    2504:	b0 94       	com	r11
    2506:	c0 94       	com	r12
    2508:	d0 94       	com	r13
    250a:	a1 94       	neg	r10
    250c:	bf 0a       	sbc	r11, r31
    250e:	cf 0a       	sbc	r12, r31
    2510:	df 0a       	sbc	r13, r31
    2512:	ef 0a       	sbc	r14, r31
    2514:	ff 0a       	sbc	r15, r31
    2516:	0f 0b       	sbc	r16, r31
    2518:	1f 0b       	sbc	r17, r31
    251a:	0e 94 a5 12 	call	0x254a	; 0x254a <__udivmod64>
    251e:	07 fc       	sbrc	r0, 7
    2520:	0e 94 f6 12 	call	0x25ec	; 0x25ec <__negdi2>
    2524:	cd b7       	in	r28, 0x3d	; 61
    2526:	de b7       	in	r29, 0x3e	; 62
    2528:	ec e0       	ldi	r30, 0x0C	; 12
    252a:	0c 94 28 13 	jmp	0x2650	; 0x2650 <__epilogue_restores__+0xc>

0000252e <__umoddi3>:
    252e:	68 94       	set
    2530:	01 c0       	rjmp	.+2      	; 0x2534 <__udivdi3_umoddi3>

00002532 <__udivdi3>:
    2532:	e8 94       	clt

00002534 <__udivdi3_umoddi3>:
    2534:	8f 92       	push	r8
    2536:	9f 92       	push	r9
    2538:	cf 93       	push	r28
    253a:	df 93       	push	r29
    253c:	0e 94 a5 12 	call	0x254a	; 0x254a <__udivmod64>
    2540:	df 91       	pop	r29
    2542:	cf 91       	pop	r28
    2544:	9f 90       	pop	r9
    2546:	8f 90       	pop	r8
    2548:	08 95       	ret

0000254a <__udivmod64>:
    254a:	88 24       	eor	r8, r8
    254c:	99 24       	eor	r9, r9
    254e:	f4 01       	movw	r30, r8
    2550:	e4 01       	movw	r28, r8
    2552:	b0 e4       	ldi	r27, 0x40	; 64
    2554:	9f 93       	push	r25
    2556:	aa 27       	eor	r26, r26
    2558:	9a 15       	cp	r25, r10
    255a:	8b 04       	cpc	r8, r11
    255c:	9c 04       	cpc	r9, r12
    255e:	ed 05       	cpc	r30, r13
    2560:	fe 05       	cpc	r31, r14
    2562:	cf 05       	cpc	r28, r15
    2564:	d0 07       	cpc	r29, r16
    2566:	a1 07       	cpc	r26, r17
    2568:	98 f4       	brcc	.+38     	; 0x2590 <__udivmod64+0x46>
    256a:	ad 2f       	mov	r26, r29
    256c:	dc 2f       	mov	r29, r28
    256e:	cf 2f       	mov	r28, r31
    2570:	fe 2f       	mov	r31, r30
    2572:	e9 2d       	mov	r30, r9
    2574:	98 2c       	mov	r9, r8
    2576:	89 2e       	mov	r8, r25
    2578:	98 2f       	mov	r25, r24
    257a:	87 2f       	mov	r24, r23
    257c:	76 2f       	mov	r23, r22
    257e:	65 2f       	mov	r22, r21
    2580:	54 2f       	mov	r21, r20
    2582:	43 2f       	mov	r20, r19
    2584:	32 2f       	mov	r19, r18
    2586:	22 27       	eor	r18, r18
    2588:	b8 50       	subi	r27, 0x08	; 8
    258a:	31 f7       	brne	.-52     	; 0x2558 <__udivmod64+0xe>
    258c:	bf 91       	pop	r27
    258e:	27 c0       	rjmp	.+78     	; 0x25de <__udivmod64+0x94>
    2590:	1b 2e       	mov	r1, r27
    2592:	bf 91       	pop	r27
    2594:	bb 27       	eor	r27, r27
    2596:	22 0f       	add	r18, r18
    2598:	33 1f       	adc	r19, r19
    259a:	44 1f       	adc	r20, r20
    259c:	55 1f       	adc	r21, r21
    259e:	66 1f       	adc	r22, r22
    25a0:	77 1f       	adc	r23, r23
    25a2:	88 1f       	adc	r24, r24
    25a4:	99 1f       	adc	r25, r25
    25a6:	88 1c       	adc	r8, r8
    25a8:	99 1c       	adc	r9, r9
    25aa:	ee 1f       	adc	r30, r30
    25ac:	ff 1f       	adc	r31, r31
    25ae:	cc 1f       	adc	r28, r28
    25b0:	dd 1f       	adc	r29, r29
    25b2:	aa 1f       	adc	r26, r26
    25b4:	bb 1f       	adc	r27, r27
    25b6:	8a 14       	cp	r8, r10
    25b8:	9b 04       	cpc	r9, r11
    25ba:	ec 05       	cpc	r30, r12
    25bc:	fd 05       	cpc	r31, r13
    25be:	ce 05       	cpc	r28, r14
    25c0:	df 05       	cpc	r29, r15
    25c2:	a0 07       	cpc	r26, r16
    25c4:	b1 07       	cpc	r27, r17
    25c6:	48 f0       	brcs	.+18     	; 0x25da <__udivmod64+0x90>
    25c8:	8a 18       	sub	r8, r10
    25ca:	9b 08       	sbc	r9, r11
    25cc:	ec 09       	sbc	r30, r12
    25ce:	fd 09       	sbc	r31, r13
    25d0:	ce 09       	sbc	r28, r14
    25d2:	df 09       	sbc	r29, r15
    25d4:	a0 0b       	sbc	r26, r16
    25d6:	b1 0b       	sbc	r27, r17
    25d8:	21 60       	ori	r18, 0x01	; 1
    25da:	1a 94       	dec	r1
    25dc:	e1 f6       	brne	.-72     	; 0x2596 <__udivmod64+0x4c>
    25de:	2e f4       	brtc	.+10     	; 0x25ea <__udivmod64+0xa0>
    25e0:	94 01       	movw	r18, r8
    25e2:	af 01       	movw	r20, r30
    25e4:	be 01       	movw	r22, r28
    25e6:	cd 01       	movw	r24, r26
    25e8:	00 0c       	add	r0, r0
    25ea:	08 95       	ret

000025ec <__negdi2>:
    25ec:	60 95       	com	r22
    25ee:	70 95       	com	r23
    25f0:	80 95       	com	r24
    25f2:	90 95       	com	r25
    25f4:	30 95       	com	r19
    25f6:	40 95       	com	r20
    25f8:	50 95       	com	r21
    25fa:	21 95       	neg	r18
    25fc:	3f 4f       	sbci	r19, 0xFF	; 255
    25fe:	4f 4f       	sbci	r20, 0xFF	; 255
    2600:	5f 4f       	sbci	r21, 0xFF	; 255
    2602:	6f 4f       	sbci	r22, 0xFF	; 255
    2604:	7f 4f       	sbci	r23, 0xFF	; 255
    2606:	8f 4f       	sbci	r24, 0xFF	; 255
    2608:	9f 4f       	sbci	r25, 0xFF	; 255
    260a:	08 95       	ret

0000260c <__prologue_saves__>:
    260c:	2f 92       	push	r2
    260e:	3f 92       	push	r3
    2610:	4f 92       	push	r4
    2612:	5f 92       	push	r5
    2614:	6f 92       	push	r6
    2616:	7f 92       	push	r7
    2618:	8f 92       	push	r8
    261a:	9f 92       	push	r9
    261c:	af 92       	push	r10
    261e:	bf 92       	push	r11
    2620:	cf 92       	push	r12
    2622:	df 92       	push	r13
    2624:	ef 92       	push	r14
    2626:	ff 92       	push	r15
    2628:	0f 93       	push	r16
    262a:	1f 93       	push	r17
    262c:	cf 93       	push	r28
    262e:	df 93       	push	r29
    2630:	cd b7       	in	r28, 0x3d	; 61
    2632:	de b7       	in	r29, 0x3e	; 62
    2634:	ca 1b       	sub	r28, r26
    2636:	db 0b       	sbc	r29, r27
    2638:	0f b6       	in	r0, 0x3f	; 63
    263a:	f8 94       	cli
    263c:	de bf       	out	0x3e, r29	; 62
    263e:	0f be       	out	0x3f, r0	; 63
    2640:	cd bf       	out	0x3d, r28	; 61
    2642:	09 94       	ijmp

00002644 <__epilogue_restores__>:
    2644:	2a 88       	ldd	r2, Y+18	; 0x12
    2646:	39 88       	ldd	r3, Y+17	; 0x11
    2648:	48 88       	ldd	r4, Y+16	; 0x10
    264a:	5f 84       	ldd	r5, Y+15	; 0x0f
    264c:	6e 84       	ldd	r6, Y+14	; 0x0e
    264e:	7d 84       	ldd	r7, Y+13	; 0x0d
    2650:	8c 84       	ldd	r8, Y+12	; 0x0c
    2652:	9b 84       	ldd	r9, Y+11	; 0x0b
    2654:	aa 84       	ldd	r10, Y+10	; 0x0a
    2656:	b9 84       	ldd	r11, Y+9	; 0x09
    2658:	c8 84       	ldd	r12, Y+8	; 0x08
    265a:	df 80       	ldd	r13, Y+7	; 0x07
    265c:	ee 80       	ldd	r14, Y+6	; 0x06
    265e:	fd 80       	ldd	r15, Y+5	; 0x05
    2660:	0c 81       	ldd	r16, Y+4	; 0x04
    2662:	1b 81       	ldd	r17, Y+3	; 0x03
    2664:	aa 81       	ldd	r26, Y+2	; 0x02
    2666:	b9 81       	ldd	r27, Y+1	; 0x01
    2668:	ce 0f       	add	r28, r30
    266a:	d1 1d       	adc	r29, r1
    266c:	0f b6       	in	r0, 0x3f	; 63
    266e:	f8 94       	cli
    2670:	de bf       	out	0x3e, r29	; 62
    2672:	0f be       	out	0x3f, r0	; 63
    2674:	cd bf       	out	0x3d, r28	; 61
    2676:	ed 01       	movw	r28, r26
    2678:	08 95       	ret

0000267a <__cmpdi2_s8>:
    267a:	00 24       	eor	r0, r0
    267c:	a7 fd       	sbrc	r26, 7
    267e:	00 94       	com	r0
    2680:	2a 17       	cp	r18, r26
    2682:	30 05       	cpc	r19, r0
    2684:	40 05       	cpc	r20, r0
    2686:	50 05       	cpc	r21, r0
    2688:	60 05       	cpc	r22, r0
    268a:	70 05       	cpc	r23, r0
    268c:	80 05       	cpc	r24, r0
    268e:	90 05       	cpc	r25, r0
    2690:	08 95       	ret

00002692 <strtol>:
    2692:	a0 e0       	ldi	r26, 0x00	; 0
    2694:	b0 e0       	ldi	r27, 0x00	; 0
    2696:	ef e4       	ldi	r30, 0x4F	; 79
    2698:	f3 e1       	ldi	r31, 0x13	; 19
    269a:	0c 94 07 13 	jmp	0x260e	; 0x260e <__prologue_saves__+0x2>
    269e:	5c 01       	movw	r10, r24
    26a0:	6b 01       	movw	r12, r22
    26a2:	7a 01       	movw	r14, r20
    26a4:	61 15       	cp	r22, r1
    26a6:	71 05       	cpc	r23, r1
    26a8:	19 f0       	breq	.+6      	; 0x26b0 <strtol+0x1e>
    26aa:	fb 01       	movw	r30, r22
    26ac:	91 83       	std	Z+1, r25	; 0x01
    26ae:	80 83       	st	Z, r24
    26b0:	e1 14       	cp	r14, r1
    26b2:	f1 04       	cpc	r15, r1
    26b4:	29 f0       	breq	.+10     	; 0x26c0 <strtol+0x2e>
    26b6:	c7 01       	movw	r24, r14
    26b8:	02 97       	sbiw	r24, 0x02	; 2
    26ba:	83 97       	sbiw	r24, 0x23	; 35
    26bc:	08 f0       	brcs	.+2      	; 0x26c0 <strtol+0x2e>
    26be:	e5 c0       	rjmp	.+458    	; 0x288a <strtol+0x1f8>
    26c0:	e5 01       	movw	r28, r10
    26c2:	21 96       	adiw	r28, 0x01	; 1
    26c4:	f5 01       	movw	r30, r10
    26c6:	10 81       	ld	r17, Z
    26c8:	81 2f       	mov	r24, r17
    26ca:	90 e0       	ldi	r25, 0x00	; 0
    26cc:	0e 94 54 15 	call	0x2aa8	; 0x2aa8 <isspace>
    26d0:	89 2b       	or	r24, r25
    26d2:	11 f0       	breq	.+4      	; 0x26d8 <strtol+0x46>
    26d4:	5e 01       	movw	r10, r28
    26d6:	f4 cf       	rjmp	.-24     	; 0x26c0 <strtol+0x2e>
    26d8:	1d 32       	cpi	r17, 0x2D	; 45
    26da:	29 f4       	brne	.+10     	; 0x26e6 <strtol+0x54>
    26dc:	21 96       	adiw	r28, 0x01	; 1
    26de:	f5 01       	movw	r30, r10
    26e0:	11 81       	ldd	r17, Z+1	; 0x01
    26e2:	01 e0       	ldi	r16, 0x01	; 1
    26e4:	07 c0       	rjmp	.+14     	; 0x26f4 <strtol+0x62>
    26e6:	1b 32       	cpi	r17, 0x2B	; 43
    26e8:	21 f4       	brne	.+8      	; 0x26f2 <strtol+0x60>
    26ea:	e5 01       	movw	r28, r10
    26ec:	22 96       	adiw	r28, 0x02	; 2
    26ee:	f5 01       	movw	r30, r10
    26f0:	11 81       	ldd	r17, Z+1	; 0x01
    26f2:	00 e0       	ldi	r16, 0x00	; 0
    26f4:	e1 14       	cp	r14, r1
    26f6:	f1 04       	cpc	r15, r1
    26f8:	09 f1       	breq	.+66     	; 0x273c <strtol+0xaa>
    26fa:	f0 e1       	ldi	r31, 0x10	; 16
    26fc:	ef 16       	cp	r14, r31
    26fe:	f1 04       	cpc	r15, r1
    2700:	29 f4       	brne	.+10     	; 0x270c <strtol+0x7a>
    2702:	3f c0       	rjmp	.+126    	; 0x2782 <strtol+0xf0>
    2704:	10 e3       	ldi	r17, 0x30	; 48
    2706:	e1 14       	cp	r14, r1
    2708:	f1 04       	cpc	r15, r1
    270a:	21 f1       	breq	.+72     	; 0x2754 <strtol+0xc2>
    270c:	28 e0       	ldi	r18, 0x08	; 8
    270e:	e2 16       	cp	r14, r18
    2710:	f1 04       	cpc	r15, r1
    2712:	01 f1       	breq	.+64     	; 0x2754 <strtol+0xc2>
    2714:	54 f4       	brge	.+20     	; 0x272a <strtol+0x98>
    2716:	e2 e0       	ldi	r30, 0x02	; 2
    2718:	ee 16       	cp	r14, r30
    271a:	f1 04       	cpc	r15, r1
    271c:	21 f5       	brne	.+72     	; 0x2766 <strtol+0xd4>
    271e:	81 2c       	mov	r8, r1
    2720:	91 2c       	mov	r9, r1
    2722:	a1 2c       	mov	r10, r1
    2724:	b0 e4       	ldi	r27, 0x40	; 64
    2726:	bb 2e       	mov	r11, r27
    2728:	3e c0       	rjmp	.+124    	; 0x27a6 <strtol+0x114>
    272a:	fa e0       	ldi	r31, 0x0A	; 10
    272c:	ef 16       	cp	r14, r31
    272e:	f1 04       	cpc	r15, r1
    2730:	39 f0       	breq	.+14     	; 0x2740 <strtol+0xae>
    2732:	20 e1       	ldi	r18, 0x10	; 16
    2734:	e2 16       	cp	r14, r18
    2736:	f1 04       	cpc	r15, r1
    2738:	b1 f4       	brne	.+44     	; 0x2766 <strtol+0xd4>
    273a:	30 c0       	rjmp	.+96     	; 0x279c <strtol+0x10a>
    273c:	10 33       	cpi	r17, 0x30	; 48
    273e:	19 f1       	breq	.+70     	; 0x2786 <strtol+0xf4>
    2740:	fa e0       	ldi	r31, 0x0A	; 10
    2742:	ef 2e       	mov	r14, r31
    2744:	f1 2c       	mov	r15, r1
    2746:	ac ec       	ldi	r26, 0xCC	; 204
    2748:	8a 2e       	mov	r8, r26
    274a:	98 2c       	mov	r9, r8
    274c:	a8 2c       	mov	r10, r8
    274e:	ac e0       	ldi	r26, 0x0C	; 12
    2750:	ba 2e       	mov	r11, r26
    2752:	29 c0       	rjmp	.+82     	; 0x27a6 <strtol+0x114>
    2754:	78 e0       	ldi	r23, 0x08	; 8
    2756:	e7 2e       	mov	r14, r23
    2758:	f1 2c       	mov	r15, r1
    275a:	81 2c       	mov	r8, r1
    275c:	91 2c       	mov	r9, r1
    275e:	a1 2c       	mov	r10, r1
    2760:	e0 e1       	ldi	r30, 0x10	; 16
    2762:	be 2e       	mov	r11, r30
    2764:	20 c0       	rjmp	.+64     	; 0x27a6 <strtol+0x114>
    2766:	60 e0       	ldi	r22, 0x00	; 0
    2768:	70 e0       	ldi	r23, 0x00	; 0
    276a:	80 e0       	ldi	r24, 0x00	; 0
    276c:	90 e8       	ldi	r25, 0x80	; 128
    276e:	97 01       	movw	r18, r14
    2770:	0f 2c       	mov	r0, r15
    2772:	00 0c       	add	r0, r0
    2774:	44 0b       	sbc	r20, r20
    2776:	55 0b       	sbc	r21, r21
    2778:	0e 94 b2 11 	call	0x2364	; 0x2364 <__udivmodsi4>
    277c:	49 01       	movw	r8, r18
    277e:	5a 01       	movw	r10, r20
    2780:	12 c0       	rjmp	.+36     	; 0x27a6 <strtol+0x114>
    2782:	10 33       	cpi	r17, 0x30	; 48
    2784:	59 f4       	brne	.+22     	; 0x279c <strtol+0x10a>
    2786:	88 81       	ld	r24, Y
    2788:	8f 7d       	andi	r24, 0xDF	; 223
    278a:	88 35       	cpi	r24, 0x58	; 88
    278c:	09 f0       	breq	.+2      	; 0x2790 <strtol+0xfe>
    278e:	ba cf       	rjmp	.-140    	; 0x2704 <strtol+0x72>
    2790:	19 81       	ldd	r17, Y+1	; 0x01
    2792:	22 96       	adiw	r28, 0x02	; 2
    2794:	02 60       	ori	r16, 0x02	; 2
    2796:	80 e1       	ldi	r24, 0x10	; 16
    2798:	e8 2e       	mov	r14, r24
    279a:	f1 2c       	mov	r15, r1
    279c:	81 2c       	mov	r8, r1
    279e:	91 2c       	mov	r9, r1
    27a0:	a1 2c       	mov	r10, r1
    27a2:	68 e0       	ldi	r22, 0x08	; 8
    27a4:	b6 2e       	mov	r11, r22
    27a6:	40 e0       	ldi	r20, 0x00	; 0
    27a8:	60 e0       	ldi	r22, 0x00	; 0
    27aa:	70 e0       	ldi	r23, 0x00	; 0
    27ac:	cb 01       	movw	r24, r22
    27ae:	27 01       	movw	r4, r14
    27b0:	0f 2c       	mov	r0, r15
    27b2:	00 0c       	add	r0, r0
    27b4:	66 08       	sbc	r6, r6
    27b6:	77 08       	sbc	r7, r7
    27b8:	fe 01       	movw	r30, r28
    27ba:	50 ed       	ldi	r21, 0xD0	; 208
    27bc:	35 2e       	mov	r3, r21
    27be:	31 0e       	add	r3, r17
    27c0:	29 e0       	ldi	r18, 0x09	; 9
    27c2:	23 15       	cp	r18, r3
    27c4:	70 f4       	brcc	.+28     	; 0x27e2 <strtol+0x150>
    27c6:	2f eb       	ldi	r18, 0xBF	; 191
    27c8:	21 0f       	add	r18, r17
    27ca:	2a 31       	cpi	r18, 0x1A	; 26
    27cc:	18 f4       	brcc	.+6      	; 0x27d4 <strtol+0x142>
    27ce:	39 ec       	ldi	r19, 0xC9	; 201
    27d0:	33 2e       	mov	r3, r19
    27d2:	06 c0       	rjmp	.+12     	; 0x27e0 <strtol+0x14e>
    27d4:	2f e9       	ldi	r18, 0x9F	; 159
    27d6:	21 0f       	add	r18, r17
    27d8:	2a 31       	cpi	r18, 0x1A	; 26
    27da:	18 f5       	brcc	.+70     	; 0x2822 <strtol+0x190>
    27dc:	29 ea       	ldi	r18, 0xA9	; 169
    27de:	32 2e       	mov	r3, r18
    27e0:	31 0e       	add	r3, r17
    27e2:	23 2d       	mov	r18, r3
    27e4:	30 e0       	ldi	r19, 0x00	; 0
    27e6:	2e 15       	cp	r18, r14
    27e8:	3f 05       	cpc	r19, r15
    27ea:	dc f4       	brge	.+54     	; 0x2822 <strtol+0x190>
    27ec:	47 fd       	sbrc	r20, 7
    27ee:	16 c0       	rjmp	.+44     	; 0x281c <strtol+0x18a>
    27f0:	86 16       	cp	r8, r22
    27f2:	97 06       	cpc	r9, r23
    27f4:	a8 06       	cpc	r10, r24
    27f6:	b9 06       	cpc	r11, r25
    27f8:	70 f0       	brcs	.+28     	; 0x2816 <strtol+0x184>
    27fa:	a3 01       	movw	r20, r6
    27fc:	92 01       	movw	r18, r4
    27fe:	0e 94 ed 15 	call	0x2bda	; 0x2bda <__mulsi3>
    2802:	63 0d       	add	r22, r3
    2804:	71 1d       	adc	r23, r1
    2806:	81 1d       	adc	r24, r1
    2808:	91 1d       	adc	r25, r1
    280a:	61 30       	cpi	r22, 0x01	; 1
    280c:	71 05       	cpc	r23, r1
    280e:	81 05       	cpc	r24, r1
    2810:	20 e8       	ldi	r18, 0x80	; 128
    2812:	92 07       	cpc	r25, r18
    2814:	10 f0       	brcs	.+4      	; 0x281a <strtol+0x188>
    2816:	4f ef       	ldi	r20, 0xFF	; 255
    2818:	01 c0       	rjmp	.+2      	; 0x281c <strtol+0x18a>
    281a:	41 e0       	ldi	r20, 0x01	; 1
    281c:	21 96       	adiw	r28, 0x01	; 1
    281e:	10 81       	ld	r17, Z
    2820:	cb cf       	rjmp	.-106    	; 0x27b8 <strtol+0x126>
    2822:	20 2f       	mov	r18, r16
    2824:	21 70       	andi	r18, 0x01	; 1
    2826:	c1 14       	cp	r12, r1
    2828:	d1 04       	cpc	r13, r1
    282a:	71 f0       	breq	.+28     	; 0x2848 <strtol+0x1b6>
    282c:	44 23       	and	r20, r20
    282e:	29 f0       	breq	.+10     	; 0x283a <strtol+0x1a8>
    2830:	21 97       	sbiw	r28, 0x01	; 1
    2832:	f6 01       	movw	r30, r12
    2834:	d1 83       	std	Z+1, r29	; 0x01
    2836:	c0 83       	st	Z, r28
    2838:	07 c0       	rjmp	.+14     	; 0x2848 <strtol+0x1b6>
    283a:	01 ff       	sbrs	r16, 1
    283c:	19 c0       	rjmp	.+50     	; 0x2870 <strtol+0x1de>
    283e:	22 97       	sbiw	r28, 0x02	; 2
    2840:	f6 01       	movw	r30, r12
    2842:	d1 83       	std	Z+1, r29	; 0x01
    2844:	c0 83       	st	Z, r28
    2846:	14 c0       	rjmp	.+40     	; 0x2870 <strtol+0x1de>
    2848:	47 ff       	sbrs	r20, 7
    284a:	12 c0       	rjmp	.+36     	; 0x2870 <strtol+0x1de>
    284c:	22 23       	and	r18, r18
    284e:	29 f0       	breq	.+10     	; 0x285a <strtol+0x1c8>
    2850:	60 e0       	ldi	r22, 0x00	; 0
    2852:	70 e0       	ldi	r23, 0x00	; 0
    2854:	80 e0       	ldi	r24, 0x00	; 0
    2856:	90 e8       	ldi	r25, 0x80	; 128
    2858:	04 c0       	rjmp	.+8      	; 0x2862 <strtol+0x1d0>
    285a:	6f ef       	ldi	r22, 0xFF	; 255
    285c:	7f ef       	ldi	r23, 0xFF	; 255
    285e:	8f ef       	ldi	r24, 0xFF	; 255
    2860:	9f e7       	ldi	r25, 0x7F	; 127
    2862:	22 e2       	ldi	r18, 0x22	; 34
    2864:	30 e0       	ldi	r19, 0x00	; 0
    2866:	30 93 a0 07 	sts	0x07A0, r19	; 0x8007a0 <errno+0x1>
    286a:	20 93 9f 07 	sts	0x079F, r18	; 0x80079f <errno>
    286e:	09 c0       	rjmp	.+18     	; 0x2882 <strtol+0x1f0>
    2870:	22 23       	and	r18, r18
    2872:	81 f0       	breq	.+32     	; 0x2894 <strtol+0x202>
    2874:	90 95       	com	r25
    2876:	80 95       	com	r24
    2878:	70 95       	com	r23
    287a:	61 95       	neg	r22
    287c:	7f 4f       	sbci	r23, 0xFF	; 255
    287e:	8f 4f       	sbci	r24, 0xFF	; 255
    2880:	9f 4f       	sbci	r25, 0xFF	; 255
    2882:	46 2f       	mov	r20, r22
    2884:	37 2f       	mov	r19, r23
    2886:	28 2f       	mov	r18, r24
    2888:	12 c0       	rjmp	.+36     	; 0x28ae <strtol+0x21c>
    288a:	40 e0       	ldi	r20, 0x00	; 0
    288c:	30 e0       	ldi	r19, 0x00	; 0
    288e:	20 e0       	ldi	r18, 0x00	; 0
    2890:	90 e0       	ldi	r25, 0x00	; 0
    2892:	0d c0       	rjmp	.+26     	; 0x28ae <strtol+0x21c>
    2894:	97 ff       	sbrs	r25, 7
    2896:	f5 cf       	rjmp	.-22     	; 0x2882 <strtol+0x1f0>
    2898:	82 e2       	ldi	r24, 0x22	; 34
    289a:	90 e0       	ldi	r25, 0x00	; 0
    289c:	90 93 a0 07 	sts	0x07A0, r25	; 0x8007a0 <errno+0x1>
    28a0:	80 93 9f 07 	sts	0x079F, r24	; 0x80079f <errno>
    28a4:	6f ef       	ldi	r22, 0xFF	; 255
    28a6:	7f ef       	ldi	r23, 0xFF	; 255
    28a8:	8f ef       	ldi	r24, 0xFF	; 255
    28aa:	9f e7       	ldi	r25, 0x7F	; 127
    28ac:	ea cf       	rjmp	.-44     	; 0x2882 <strtol+0x1f0>
    28ae:	64 2f       	mov	r22, r20
    28b0:	73 2f       	mov	r23, r19
    28b2:	82 2f       	mov	r24, r18
    28b4:	cd b7       	in	r28, 0x3d	; 61
    28b6:	de b7       	in	r29, 0x3e	; 62
    28b8:	e1 e1       	ldi	r30, 0x11	; 17
    28ba:	0c 94 23 13 	jmp	0x2646	; 0x2646 <__epilogue_restores__+0x2>

000028be <strtoul>:
    28be:	a0 e0       	ldi	r26, 0x00	; 0
    28c0:	b0 e0       	ldi	r27, 0x00	; 0
    28c2:	e5 e6       	ldi	r30, 0x65	; 101
    28c4:	f4 e1       	ldi	r31, 0x14	; 20
    28c6:	0c 94 07 13 	jmp	0x260e	; 0x260e <__prologue_saves__+0x2>
    28ca:	5c 01       	movw	r10, r24
    28cc:	6b 01       	movw	r12, r22
    28ce:	7a 01       	movw	r14, r20
    28d0:	61 15       	cp	r22, r1
    28d2:	71 05       	cpc	r23, r1
    28d4:	19 f0       	breq	.+6      	; 0x28dc <strtoul+0x1e>
    28d6:	fb 01       	movw	r30, r22
    28d8:	91 83       	std	Z+1, r25	; 0x01
    28da:	80 83       	st	Z, r24
    28dc:	e1 14       	cp	r14, r1
    28de:	f1 04       	cpc	r15, r1
    28e0:	29 f0       	breq	.+10     	; 0x28ec <strtoul+0x2e>
    28e2:	c7 01       	movw	r24, r14
    28e4:	02 97       	sbiw	r24, 0x02	; 2
    28e6:	83 97       	sbiw	r24, 0x23	; 35
    28e8:	08 f0       	brcs	.+2      	; 0x28ec <strtoul+0x2e>
    28ea:	c9 c0       	rjmp	.+402    	; 0x2a7e <strtoul+0x1c0>
    28ec:	e5 01       	movw	r28, r10
    28ee:	21 96       	adiw	r28, 0x01	; 1
    28f0:	f5 01       	movw	r30, r10
    28f2:	10 81       	ld	r17, Z
    28f4:	81 2f       	mov	r24, r17
    28f6:	90 e0       	ldi	r25, 0x00	; 0
    28f8:	0e 94 54 15 	call	0x2aa8	; 0x2aa8 <isspace>
    28fc:	89 2b       	or	r24, r25
    28fe:	11 f0       	breq	.+4      	; 0x2904 <strtoul+0x46>
    2900:	5e 01       	movw	r10, r28
    2902:	f4 cf       	rjmp	.-24     	; 0x28ec <strtoul+0x2e>
    2904:	1d 32       	cpi	r17, 0x2D	; 45
    2906:	29 f4       	brne	.+10     	; 0x2912 <strtoul+0x54>
    2908:	21 96       	adiw	r28, 0x01	; 1
    290a:	f5 01       	movw	r30, r10
    290c:	11 81       	ldd	r17, Z+1	; 0x01
    290e:	01 e0       	ldi	r16, 0x01	; 1
    2910:	07 c0       	rjmp	.+14     	; 0x2920 <strtoul+0x62>
    2912:	1b 32       	cpi	r17, 0x2B	; 43
    2914:	21 f4       	brne	.+8      	; 0x291e <strtoul+0x60>
    2916:	e5 01       	movw	r28, r10
    2918:	22 96       	adiw	r28, 0x02	; 2
    291a:	f5 01       	movw	r30, r10
    291c:	11 81       	ldd	r17, Z+1	; 0x01
    291e:	00 e0       	ldi	r16, 0x00	; 0
    2920:	e1 14       	cp	r14, r1
    2922:	f1 04       	cpc	r15, r1
    2924:	b1 f0       	breq	.+44     	; 0x2952 <strtoul+0x94>
    2926:	f0 e1       	ldi	r31, 0x10	; 16
    2928:	ef 16       	cp	r14, r31
    292a:	f1 04       	cpc	r15, r1
    292c:	29 f4       	brne	.+10     	; 0x2938 <strtoul+0x7a>
    292e:	b0 c0       	rjmp	.+352    	; 0x2a90 <strtoul+0x1d2>
    2930:	10 e3       	ldi	r17, 0x30	; 48
    2932:	e1 14       	cp	r14, r1
    2934:	f1 04       	cpc	r15, r1
    2936:	01 f1       	breq	.+64     	; 0x2978 <strtoul+0xba>
    2938:	2a e0       	ldi	r18, 0x0A	; 10
    293a:	e2 16       	cp	r14, r18
    293c:	f1 04       	cpc	r15, r1
    293e:	b1 f1       	breq	.+108    	; 0x29ac <strtoul+0xee>
    2940:	80 e1       	ldi	r24, 0x10	; 16
    2942:	e8 16       	cp	r14, r24
    2944:	f1 04       	cpc	r15, r1
    2946:	71 f0       	breq	.+28     	; 0x2964 <strtoul+0xa6>
    2948:	e8 e0       	ldi	r30, 0x08	; 8
    294a:	ee 16       	cp	r14, r30
    294c:	f1 04       	cpc	r15, r1
    294e:	f1 f4       	brne	.+60     	; 0x298c <strtoul+0xce>
    2950:	13 c0       	rjmp	.+38     	; 0x2978 <strtoul+0xba>
    2952:	10 33       	cpi	r17, 0x30	; 48
    2954:	41 f5       	brne	.+80     	; 0x29a6 <strtoul+0xe8>
    2956:	88 81       	ld	r24, Y
    2958:	8f 7d       	andi	r24, 0xDF	; 223
    295a:	88 35       	cpi	r24, 0x58	; 88
    295c:	49 f7       	brne	.-46     	; 0x2930 <strtoul+0x72>
    295e:	19 81       	ldd	r17, Y+1	; 0x01
    2960:	22 96       	adiw	r28, 0x02	; 2
    2962:	02 60       	ori	r16, 0x02	; 2
    2964:	f0 e1       	ldi	r31, 0x10	; 16
    2966:	ef 2e       	mov	r14, r31
    2968:	f1 2c       	mov	r15, r1
    296a:	88 24       	eor	r8, r8
    296c:	8a 94       	dec	r8
    296e:	98 2c       	mov	r9, r8
    2970:	a8 2c       	mov	r10, r8
    2972:	af e0       	ldi	r26, 0x0F	; 15
    2974:	ba 2e       	mov	r11, r26
    2976:	20 c0       	rjmp	.+64     	; 0x29b8 <strtoul+0xfa>
    2978:	78 e0       	ldi	r23, 0x08	; 8
    297a:	e7 2e       	mov	r14, r23
    297c:	f1 2c       	mov	r15, r1
    297e:	88 24       	eor	r8, r8
    2980:	8a 94       	dec	r8
    2982:	98 2c       	mov	r9, r8
    2984:	a8 2c       	mov	r10, r8
    2986:	ef e1       	ldi	r30, 0x1F	; 31
    2988:	be 2e       	mov	r11, r30
    298a:	16 c0       	rjmp	.+44     	; 0x29b8 <strtoul+0xfa>
    298c:	6f ef       	ldi	r22, 0xFF	; 255
    298e:	7f ef       	ldi	r23, 0xFF	; 255
    2990:	cb 01       	movw	r24, r22
    2992:	97 01       	movw	r18, r14
    2994:	0f 2c       	mov	r0, r15
    2996:	00 0c       	add	r0, r0
    2998:	44 0b       	sbc	r20, r20
    299a:	55 0b       	sbc	r21, r21
    299c:	0e 94 b2 11 	call	0x2364	; 0x2364 <__udivmodsi4>
    29a0:	49 01       	movw	r8, r18
    29a2:	5a 01       	movw	r10, r20
    29a4:	09 c0       	rjmp	.+18     	; 0x29b8 <strtoul+0xfa>
    29a6:	8a e0       	ldi	r24, 0x0A	; 10
    29a8:	e8 2e       	mov	r14, r24
    29aa:	f1 2c       	mov	r15, r1
    29ac:	69 e9       	ldi	r22, 0x99	; 153
    29ae:	86 2e       	mov	r8, r22
    29b0:	98 2c       	mov	r9, r8
    29b2:	a8 2c       	mov	r10, r8
    29b4:	69 e1       	ldi	r22, 0x19	; 25
    29b6:	b6 2e       	mov	r11, r22
    29b8:	40 e0       	ldi	r20, 0x00	; 0
    29ba:	60 e0       	ldi	r22, 0x00	; 0
    29bc:	70 e0       	ldi	r23, 0x00	; 0
    29be:	cb 01       	movw	r24, r22
    29c0:	27 01       	movw	r4, r14
    29c2:	0f 2c       	mov	r0, r15
    29c4:	00 0c       	add	r0, r0
    29c6:	66 08       	sbc	r6, r6
    29c8:	77 08       	sbc	r7, r7
    29ca:	fe 01       	movw	r30, r28
    29cc:	50 ed       	ldi	r21, 0xD0	; 208
    29ce:	35 2e       	mov	r3, r21
    29d0:	31 0e       	add	r3, r17
    29d2:	29 e0       	ldi	r18, 0x09	; 9
    29d4:	23 15       	cp	r18, r3
    29d6:	70 f4       	brcc	.+28     	; 0x29f4 <strtoul+0x136>
    29d8:	2f eb       	ldi	r18, 0xBF	; 191
    29da:	21 0f       	add	r18, r17
    29dc:	2a 31       	cpi	r18, 0x1A	; 26
    29de:	18 f4       	brcc	.+6      	; 0x29e6 <strtoul+0x128>
    29e0:	39 ec       	ldi	r19, 0xC9	; 201
    29e2:	33 2e       	mov	r3, r19
    29e4:	06 c0       	rjmp	.+12     	; 0x29f2 <strtoul+0x134>
    29e6:	2f e9       	ldi	r18, 0x9F	; 159
    29e8:	21 0f       	add	r18, r17
    29ea:	2a 31       	cpi	r18, 0x1A	; 26
    29ec:	30 f5       	brcc	.+76     	; 0x2a3a <strtoul+0x17c>
    29ee:	29 ea       	ldi	r18, 0xA9	; 169
    29f0:	32 2e       	mov	r3, r18
    29f2:	31 0e       	add	r3, r17
    29f4:	23 2d       	mov	r18, r3
    29f6:	30 e0       	ldi	r19, 0x00	; 0
    29f8:	2e 15       	cp	r18, r14
    29fa:	3f 05       	cpc	r19, r15
    29fc:	f4 f4       	brge	.+60     	; 0x2a3a <strtoul+0x17c>
    29fe:	4f 3f       	cpi	r20, 0xFF	; 255
    2a00:	c9 f0       	breq	.+50     	; 0x2a34 <strtoul+0x176>
    2a02:	86 16       	cp	r8, r22
    2a04:	97 06       	cpc	r9, r23
    2a06:	a8 06       	cpc	r10, r24
    2a08:	b9 06       	cpc	r11, r25
    2a0a:	88 f0       	brcs	.+34     	; 0x2a2e <strtoul+0x170>
    2a0c:	a3 01       	movw	r20, r6
    2a0e:	92 01       	movw	r18, r4
    2a10:	0e 94 ed 15 	call	0x2bda	; 0x2bda <__mulsi3>
    2a14:	23 2d       	mov	r18, r3
    2a16:	30 e0       	ldi	r19, 0x00	; 0
    2a18:	40 e0       	ldi	r20, 0x00	; 0
    2a1a:	50 e0       	ldi	r21, 0x00	; 0
    2a1c:	62 0f       	add	r22, r18
    2a1e:	73 1f       	adc	r23, r19
    2a20:	84 1f       	adc	r24, r20
    2a22:	95 1f       	adc	r25, r21
    2a24:	62 17       	cp	r22, r18
    2a26:	73 07       	cpc	r23, r19
    2a28:	84 07       	cpc	r24, r20
    2a2a:	95 07       	cpc	r25, r21
    2a2c:	10 f4       	brcc	.+4      	; 0x2a32 <strtoul+0x174>
    2a2e:	4f ef       	ldi	r20, 0xFF	; 255
    2a30:	01 c0       	rjmp	.+2      	; 0x2a34 <strtoul+0x176>
    2a32:	41 e0       	ldi	r20, 0x01	; 1
    2a34:	21 96       	adiw	r28, 0x01	; 1
    2a36:	10 81       	ld	r17, Z
    2a38:	c8 cf       	rjmp	.-112    	; 0x29ca <strtoul+0x10c>
    2a3a:	c1 14       	cp	r12, r1
    2a3c:	d1 04       	cpc	r13, r1
    2a3e:	51 f0       	breq	.+20     	; 0x2a54 <strtoul+0x196>
    2a40:	44 23       	and	r20, r20
    2a42:	11 f0       	breq	.+4      	; 0x2a48 <strtoul+0x18a>
    2a44:	21 97       	sbiw	r28, 0x01	; 1
    2a46:	03 c0       	rjmp	.+6      	; 0x2a4e <strtoul+0x190>
    2a48:	01 ff       	sbrs	r16, 1
    2a4a:	04 c0       	rjmp	.+8      	; 0x2a54 <strtoul+0x196>
    2a4c:	22 97       	sbiw	r28, 0x02	; 2
    2a4e:	f6 01       	movw	r30, r12
    2a50:	d1 83       	std	Z+1, r29	; 0x01
    2a52:	c0 83       	st	Z, r28
    2a54:	00 ff       	sbrs	r16, 0
    2a56:	07 c0       	rjmp	.+14     	; 0x2a66 <strtoul+0x1a8>
    2a58:	90 95       	com	r25
    2a5a:	80 95       	com	r24
    2a5c:	70 95       	com	r23
    2a5e:	61 95       	neg	r22
    2a60:	7f 4f       	sbci	r23, 0xFF	; 255
    2a62:	8f 4f       	sbci	r24, 0xFF	; 255
    2a64:	9f 4f       	sbci	r25, 0xFF	; 255
    2a66:	4f 3f       	cpi	r20, 0xFF	; 255
    2a68:	79 f4       	brne	.+30     	; 0x2a88 <strtoul+0x1ca>
    2a6a:	82 e2       	ldi	r24, 0x22	; 34
    2a6c:	90 e0       	ldi	r25, 0x00	; 0
    2a6e:	90 93 a0 07 	sts	0x07A0, r25	; 0x8007a0 <errno+0x1>
    2a72:	80 93 9f 07 	sts	0x079F, r24	; 0x80079f <errno>
    2a76:	3f ef       	ldi	r19, 0xFF	; 255
    2a78:	2f ef       	ldi	r18, 0xFF	; 255
    2a7a:	9f ef       	ldi	r25, 0xFF	; 255
    2a7c:	0d c0       	rjmp	.+26     	; 0x2a98 <strtoul+0x1da>
    2a7e:	40 e0       	ldi	r20, 0x00	; 0
    2a80:	30 e0       	ldi	r19, 0x00	; 0
    2a82:	20 e0       	ldi	r18, 0x00	; 0
    2a84:	90 e0       	ldi	r25, 0x00	; 0
    2a86:	08 c0       	rjmp	.+16     	; 0x2a98 <strtoul+0x1da>
    2a88:	46 2f       	mov	r20, r22
    2a8a:	37 2f       	mov	r19, r23
    2a8c:	28 2f       	mov	r18, r24
    2a8e:	04 c0       	rjmp	.+8      	; 0x2a98 <strtoul+0x1da>
    2a90:	10 33       	cpi	r17, 0x30	; 48
    2a92:	09 f0       	breq	.+2      	; 0x2a96 <strtoul+0x1d8>
    2a94:	67 cf       	rjmp	.-306    	; 0x2964 <strtoul+0xa6>
    2a96:	5f cf       	rjmp	.-322    	; 0x2956 <strtoul+0x98>
    2a98:	64 2f       	mov	r22, r20
    2a9a:	73 2f       	mov	r23, r19
    2a9c:	82 2f       	mov	r24, r18
    2a9e:	cd b7       	in	r28, 0x3d	; 61
    2aa0:	de b7       	in	r29, 0x3e	; 62
    2aa2:	e1 e1       	ldi	r30, 0x11	; 17
    2aa4:	0c 94 23 13 	jmp	0x2646	; 0x2646 <__epilogue_restores__+0x2>

00002aa8 <isspace>:
    2aa8:	91 11       	cpse	r25, r1
    2aaa:	0c 94 a6 15 	jmp	0x2b4c	; 0x2b4c <__ctype_isfalse>
    2aae:	80 32       	cpi	r24, 0x20	; 32
    2ab0:	19 f0       	breq	.+6      	; 0x2ab8 <isspace+0x10>
    2ab2:	89 50       	subi	r24, 0x09	; 9
    2ab4:	85 50       	subi	r24, 0x05	; 5
    2ab6:	c8 f7       	brcc	.-14     	; 0x2aaa <isspace+0x2>
    2ab8:	08 95       	ret

00002aba <strtok>:
    2aba:	4c ef       	ldi	r20, 0xFC	; 252
    2abc:	56 e0       	ldi	r21, 0x06	; 6
    2abe:	0e 94 7f 15 	call	0x2afe	; 0x2afe <strtok_r>
    2ac2:	08 95       	ret

00002ac4 <memcmp>:
    2ac4:	fb 01       	movw	r30, r22
    2ac6:	dc 01       	movw	r26, r24
    2ac8:	04 c0       	rjmp	.+8      	; 0x2ad2 <memcmp+0xe>
    2aca:	8d 91       	ld	r24, X+
    2acc:	01 90       	ld	r0, Z+
    2ace:	80 19       	sub	r24, r0
    2ad0:	21 f4       	brne	.+8      	; 0x2ada <memcmp+0x16>
    2ad2:	41 50       	subi	r20, 0x01	; 1
    2ad4:	50 40       	sbci	r21, 0x00	; 0
    2ad6:	c8 f7       	brcc	.-14     	; 0x2aca <memcmp+0x6>
    2ad8:	88 1b       	sub	r24, r24
    2ada:	99 0b       	sbc	r25, r25
    2adc:	08 95       	ret

00002ade <memset>:
    2ade:	dc 01       	movw	r26, r24
    2ae0:	01 c0       	rjmp	.+2      	; 0x2ae4 <memset+0x6>
    2ae2:	6d 93       	st	X+, r22
    2ae4:	41 50       	subi	r20, 0x01	; 1
    2ae6:	50 40       	sbci	r21, 0x00	; 0
    2ae8:	e0 f7       	brcc	.-8      	; 0x2ae2 <memset+0x4>
    2aea:	08 95       	ret

00002aec <strcmp>:
    2aec:	fb 01       	movw	r30, r22
    2aee:	dc 01       	movw	r26, r24
    2af0:	8d 91       	ld	r24, X+
    2af2:	01 90       	ld	r0, Z+
    2af4:	80 19       	sub	r24, r0
    2af6:	01 10       	cpse	r0, r1
    2af8:	d9 f3       	breq	.-10     	; 0x2af0 <strcmp+0x4>
    2afa:	99 0b       	sbc	r25, r25
    2afc:	08 95       	ret

00002afe <strtok_r>:
    2afe:	fa 01       	movw	r30, r20
    2b00:	a1 91       	ld	r26, Z+
    2b02:	b0 81       	ld	r27, Z
    2b04:	00 97       	sbiw	r24, 0x00	; 0
    2b06:	19 f4       	brne	.+6      	; 0x2b0e <strtok_r+0x10>
    2b08:	10 97       	sbiw	r26, 0x00	; 0
    2b0a:	e1 f0       	breq	.+56     	; 0x2b44 <strtok_r+0x46>
    2b0c:	cd 01       	movw	r24, r26
    2b0e:	dc 01       	movw	r26, r24
    2b10:	cd 01       	movw	r24, r26
    2b12:	0d 90       	ld	r0, X+
    2b14:	00 20       	and	r0, r0
    2b16:	11 f4       	brne	.+4      	; 0x2b1c <strtok_r+0x1e>
    2b18:	c0 01       	movw	r24, r0
    2b1a:	13 c0       	rjmp	.+38     	; 0x2b42 <strtok_r+0x44>
    2b1c:	fb 01       	movw	r30, r22
    2b1e:	21 91       	ld	r18, Z+
    2b20:	22 23       	and	r18, r18
    2b22:	19 f0       	breq	.+6      	; 0x2b2a <strtok_r+0x2c>
    2b24:	20 15       	cp	r18, r0
    2b26:	d9 f7       	brne	.-10     	; 0x2b1e <strtok_r+0x20>
    2b28:	f3 cf       	rjmp	.-26     	; 0x2b10 <strtok_r+0x12>
    2b2a:	fb 01       	movw	r30, r22
    2b2c:	21 91       	ld	r18, Z+
    2b2e:	20 15       	cp	r18, r0
    2b30:	19 f4       	brne	.+6      	; 0x2b38 <strtok_r+0x3a>
    2b32:	1e 92       	st	-X, r1
    2b34:	11 96       	adiw	r26, 0x01	; 1
    2b36:	06 c0       	rjmp	.+12     	; 0x2b44 <strtok_r+0x46>
    2b38:	22 23       	and	r18, r18
    2b3a:	c1 f7       	brne	.-16     	; 0x2b2c <strtok_r+0x2e>
    2b3c:	0d 90       	ld	r0, X+
    2b3e:	00 20       	and	r0, r0
    2b40:	a1 f7       	brne	.-24     	; 0x2b2a <strtok_r+0x2c>
    2b42:	d0 01       	movw	r26, r0
    2b44:	fa 01       	movw	r30, r20
    2b46:	a1 93       	st	Z+, r26
    2b48:	b0 83       	st	Z, r27
    2b4a:	08 95       	ret

00002b4c <__ctype_isfalse>:
    2b4c:	99 27       	eor	r25, r25
    2b4e:	88 27       	eor	r24, r24

00002b50 <__ctype_istrue>:
    2b50:	08 95       	ret

00002b52 <eeprom_read_block>:
    2b52:	dc 01       	movw	r26, r24
    2b54:	cb 01       	movw	r24, r22

00002b56 <eeprom_read_blraw>:
    2b56:	fc 01       	movw	r30, r24
    2b58:	f9 99       	sbic	0x1f, 1	; 31
    2b5a:	fe cf       	rjmp	.-4      	; 0x2b58 <eeprom_read_blraw+0x2>
    2b5c:	06 c0       	rjmp	.+12     	; 0x2b6a <eeprom_read_blraw+0x14>
    2b5e:	f2 bd       	out	0x22, r31	; 34
    2b60:	e1 bd       	out	0x21, r30	; 33
    2b62:	f8 9a       	sbi	0x1f, 0	; 31
    2b64:	31 96       	adiw	r30, 0x01	; 1
    2b66:	00 b4       	in	r0, 0x20	; 32
    2b68:	0d 92       	st	X+, r0
    2b6a:	41 50       	subi	r20, 0x01	; 1
    2b6c:	50 40       	sbci	r21, 0x00	; 0
    2b6e:	b8 f7       	brcc	.-18     	; 0x2b5e <eeprom_read_blraw+0x8>
    2b70:	08 95       	ret

00002b72 <eeprom_read_dword>:
    2b72:	a6 e1       	ldi	r26, 0x16	; 22
    2b74:	b0 e0       	ldi	r27, 0x00	; 0
    2b76:	44 e0       	ldi	r20, 0x04	; 4
    2b78:	50 e0       	ldi	r21, 0x00	; 0
    2b7a:	0c 94 ab 15 	jmp	0x2b56	; 0x2b56 <eeprom_read_blraw>

00002b7e <eeprom_update_block>:
    2b7e:	dc 01       	movw	r26, r24
    2b80:	a4 0f       	add	r26, r20
    2b82:	b5 1f       	adc	r27, r21
    2b84:	41 50       	subi	r20, 0x01	; 1
    2b86:	50 40       	sbci	r21, 0x00	; 0
    2b88:	48 f0       	brcs	.+18     	; 0x2b9c <eeprom_update_block+0x1e>
    2b8a:	cb 01       	movw	r24, r22
    2b8c:	84 0f       	add	r24, r20
    2b8e:	95 1f       	adc	r25, r21
    2b90:	2e 91       	ld	r18, -X
    2b92:	0e 94 d0 15 	call	0x2ba0	; 0x2ba0 <eeprom_update_r18>
    2b96:	41 50       	subi	r20, 0x01	; 1
    2b98:	50 40       	sbci	r21, 0x00	; 0
    2b9a:	d0 f7       	brcc	.-12     	; 0x2b90 <eeprom_update_block+0x12>
    2b9c:	08 95       	ret

00002b9e <eeprom_update_byte>:
    2b9e:	26 2f       	mov	r18, r22

00002ba0 <eeprom_update_r18>:
    2ba0:	f9 99       	sbic	0x1f, 1	; 31
    2ba2:	fe cf       	rjmp	.-4      	; 0x2ba0 <eeprom_update_r18>
    2ba4:	92 bd       	out	0x22, r25	; 34
    2ba6:	81 bd       	out	0x21, r24	; 33
    2ba8:	f8 9a       	sbi	0x1f, 0	; 31
    2baa:	01 97       	sbiw	r24, 0x01	; 1
    2bac:	00 b4       	in	r0, 0x20	; 32
    2bae:	02 16       	cp	r0, r18
    2bb0:	39 f0       	breq	.+14     	; 0x2bc0 <eeprom_update_r18+0x20>
    2bb2:	1f ba       	out	0x1f, r1	; 31
    2bb4:	20 bd       	out	0x20, r18	; 32
    2bb6:	0f b6       	in	r0, 0x3f	; 63
    2bb8:	f8 94       	cli
    2bba:	fa 9a       	sbi	0x1f, 2	; 31
    2bbc:	f9 9a       	sbi	0x1f, 1	; 31
    2bbe:	0f be       	out	0x3f, r0	; 63
    2bc0:	08 95       	ret

00002bc2 <eeprom_update_dword>:
    2bc2:	03 96       	adiw	r24, 0x03	; 3
    2bc4:	27 2f       	mov	r18, r23
    2bc6:	0e 94 d0 15 	call	0x2ba0	; 0x2ba0 <eeprom_update_r18>
    2bca:	0e 94 cf 15 	call	0x2b9e	; 0x2b9e <eeprom_update_byte>
    2bce:	25 2f       	mov	r18, r21
    2bd0:	0e 94 d0 15 	call	0x2ba0	; 0x2ba0 <eeprom_update_r18>
    2bd4:	24 2f       	mov	r18, r20
    2bd6:	0c 94 d0 15 	jmp	0x2ba0	; 0x2ba0 <eeprom_update_r18>

00002bda <__mulsi3>:
    2bda:	db 01       	movw	r26, r22
    2bdc:	8f 93       	push	r24
    2bde:	9f 93       	push	r25
    2be0:	0e 94 02 12 	call	0x2404	; 0x2404 <__muluhisi3>
    2be4:	bf 91       	pop	r27
    2be6:	af 91       	pop	r26
    2be8:	a2 9f       	mul	r26, r18
    2bea:	80 0d       	add	r24, r0
    2bec:	91 1d       	adc	r25, r1
    2bee:	a3 9f       	mul	r26, r19
    2bf0:	90 0d       	add	r25, r0
    2bf2:	b2 9f       	mul	r27, r18
    2bf4:	90 0d       	add	r25, r0
    2bf6:	11 24       	eor	r1, r1
    2bf8:	08 95       	ret

00002bfa <_exit>:
    2bfa:	f8 94       	cli

00002bfc <__stop_program>:
    2bfc:	ff cf       	rjmp	.-2      	; 0x2bfc <__stop_program>
