
GccApplication1.elf:     file format elf32-avr

Sections:
Idx Name          Size      VMA       LMA       File off  Algn
  0 .data         00000600  00800100  00002b42  00002bf6  2**0
                  CONTENTS, ALLOC, LOAD, DATA
  1 .text         00002b42  00000000  00000000  000000b4  2**1
                  CONTENTS, ALLOC, LOAD, READONLY, CODE
  2 .bss          00000155  00800700  00800700  000031f6  2**0
                  ALLOC
  3 .noinit       00000001  00800855  00800855  000031f6  2**0
                  ALLOC
  4 .eeprom       00000040  00810000  00810000  000031f6  2**0
                  CONTENTS, ALLOC, LOAD, DATA
  5 .comment      0000005c  00000000  00000000  00003236  2**0
                  CONTENTS, READONLY
  6 .note.gnu.avr.deviceinfo 00000040  00000000  00000000  00003294  2**2
                  CONTENTS, READONLY
  7 .debug_aranges 000004d0  00000000  00000000  000032d8  2**3
                  CONTENTS, READONLY, DEBUGGING
  8 .debug_info   00005d70  00000000  00000000  000037a8  2**0
                  CONTENTS, READONLY, DEBUGGING
  9 .debug_abbrev 00001b30  00000000  00000000  00009518  2**0
                  CONTENTS, READONLY, DEBUGGING
 10 .debug_line   00002d48  00000000  00000000  0000b048  2**0
                  CONTENTS, READONLY, DEBUGGING
 11 .debug_frame  00000b58  00000000  00000000  0000dd90  2**2
                  CONTENTS, READONLY, DEBUGGING
 12 .debug_str    0000123d  00000000  00000000  0000e8e8  2**0
                  CONTENTS, READONLY, DEBUGGING
 13 .debug_loc    00002c8a  00000000  00000000  0000fb25  2**0
                  CONTENTS, READONLY, DEBUGGING
 14 .debug_ranges 00000370  00000000  00000000  000127af  2**0
                  CONTENTS, READONLY, DEBUGGING

Disassembly of section .text:

00000000 <__vectors>:
       0:	0c 94 5a 00 	jmp	0xb4	; 0xb4 <__ctors_end>
       4:	0c 94 86 00 	jmp	0x10c	; 0x10c <__bad_interrupt>
       8:	0c 94 86 00 	jmp	0x10c	; 0x10c <__bad_interrupt>
       c:	0c 94 86 00 	jmp	0x10c	; 0x10c <__bad_interrupt>
      10:	0c 94 86 00 	jmp	0x10c	; 0x10c <__bad_interrupt>
      14:	0c 94 86 00 	jmp	0x10c	; 0x10c <__bad_interrupt>
      18:	0c 94 86 00 	jmp	0x10c	; 0x10c <__bad_interrupt>
      1c:	0c 94 86 00 	jmp	0x10c	; 0x10c <__bad_interrupt>
      20:	0c 94 86 00 	jmp	0x10c	; 0x10c <__bad_interrupt>
      24:	0c 94 86 00 	jmp	0x10c	; 0x10c <__bad_interrupt>
      28:	0c 94 86 00 	jmp	0x10c	; 0x10c <__bad_interrupt>
      2c:	0c 94 86 00 	jmp	0x10c	; 0x10c <__bad_interrupt>
      30:	0c 94 86 00 	jmp	0x10c	; 0x10c <__bad_interrupt>
      34:	0c 94 86 00 	jmp	0x10c	; 0x10c <__bad_interrupt>
      38:	0c 94 68 06 	jmp	0xcd0	; 0xcd0 <__vector_14>
      3c:	0c 94 86 00 	jmp	0x10c	; 0x10c <__bad_interrupt>
      40:	0c 94 86 00 	jmp	0x10c	; 0x10c <__bad_interrupt>
      44:	0c 94 86 00 	jmp	0x10c	; 0x10c <__bad_interrupt>
      48:	0c 94 71 0f 	jmp	0x1ee2	; 0x1ee2 <__vector_18>
      4c:	0c 94 86 00 	jmp	0x10c	; 0x10c <__bad_interrupt>
      50:	0c 94 86 00 	jmp	0x10c	; 0x10c <__bad_interrupt>
      54:	0c 94 86 00 	jmp	0x10c	; 0x10c <__bad_interrupt>
      58:	0c 94 86 00 	jmp	0x10c	; 0x10c <__bad_interrupt>
      5c:	0c 94 86 00 	jmp	0x10c	; 0x10c <__bad_interrupt>
      60:	0c 94 86 00 	jmp	0x10c	; 0x10c <__bad_interrupt>
      64:	0c 94 86 00 	jmp	0x10c	; 0x10c <__bad_interrupt>
      68:	0c 94 86 00 	jmp	0x10c	; 0x10c <__bad_interrupt>
      6c:	0c 94 86 00 	jmp	0x10c	; 0x10c <__bad_interrupt>
      70:	0c 94 86 00 	jmp	0x10c	; 0x10c <__bad_interrupt>
      74:	0c 94 86 00 	jmp	0x10c	; 0x10c <__bad_interrupt>
      78:	0c 94 86 00 	jmp	0x10c	; 0x10c <__bad_interrupt>
      7c:	0c 94 86 00 	jmp	0x10c	; 0x10c <__bad_interrupt>
      80:	0c 94 86 00 	jmp	0x10c	; 0x10c <__bad_interrupt>
      84:	0c 94 86 00 	jmp	0x10c	; 0x10c <__bad_interrupt>
      88:	0c 94 86 00 	jmp	0x10c	; 0x10c <__bad_interrupt>
      8c:	0c 94 86 00 	jmp	0x10c	; 0x10c <__bad_interrupt>
      90:	0c 94 86 00 	jmp	0x10c	; 0x10c <__bad_interrupt>
      94:	0c 94 86 00 	jmp	0x10c	; 0x10c <__bad_interrupt>
      98:	0c 94 86 00 	jmp	0x10c	; 0x10c <__bad_interrupt>
      9c:	0c 94 86 00 	jmp	0x10c	; 0x10c <__bad_interrupt>
      a0:	0c 94 86 00 	jmp	0x10c	; 0x10c <__bad_interrupt>
      a4:	0c 94 86 00 	jmp	0x10c	; 0x10c <__bad_interrupt>
      a8:	0c 94 86 00 	jmp	0x10c	; 0x10c <__bad_interrupt>
      ac:	0c 94 86 00 	jmp	0x10c	; 0x10c <__bad_interrupt>
      b0:	0c 94 86 00 	jmp	0x10c	; 0x10c <__bad_interrupt>

000000b4 <__ctors_end>:
      b4:	11 24       	eor	r1, r1
      b6:	1f be       	out	0x3f, r1	; 63
      b8:	cf ef       	ldi	r28, 0xFF	; 255
      ba:	d8 e0       	ldi	r29, 0x08	; 8
      bc:	de bf       	out	0x3e, r29	; 62
      be:	cd bf       	out	0x3d, r28	; 61

000000c0 <diagnostics_capture_reset_flags_early>:
void diagnostics_record_uart_rx_overflow(void)     { counters.uart_rx_overflows++; }
void diagnostics_record_eeprom_error(void)         { counters.eeprom_errors++; }

void diagnostics_get_counters(diagnostics_counters_t *destination)
{
    if (destination != 0) *destination = counters;
      c0:	84 b7       	in	r24, 0x34	; 52
      c2:	80 93 55 08 	sts	0x0855, r24	; 0x800855 <__bss_end>
      c6:	14 be       	out	0x34, r1	; 52
      c8:	0f b6       	in	r0, 0x3f	; 63
      ca:	f8 94       	cli
      cc:	a8 95       	wdr
      ce:	80 91 60 00 	lds	r24, 0x0060	; 0x800060 <__TEXT_REGION_LENGTH__+0x7f8060>
      d2:	88 61       	ori	r24, 0x18	; 24
      d4:	80 93 60 00 	sts	0x0060, r24	; 0x800060 <__TEXT_REGION_LENGTH__+0x7f8060>
      d8:	10 92 60 00 	sts	0x0060, r1	; 0x800060 <__TEXT_REGION_LENGTH__+0x7f8060>
      dc:	0f be       	out	0x3f, r0	; 63

000000de <__do_copy_data>:
      de:	17 e0       	ldi	r17, 0x07	; 7
      e0:	a0 e0       	ldi	r26, 0x00	; 0
      e2:	b1 e0       	ldi	r27, 0x01	; 1
      e4:	e2 e4       	ldi	r30, 0x42	; 66
      e6:	fb e2       	ldi	r31, 0x2B	; 43
      e8:	02 c0       	rjmp	.+4      	; 0xee <__do_copy_data+0x10>
      ea:	05 90       	lpm	r0, Z+
      ec:	0d 92       	st	X+, r0
      ee:	a0 30       	cpi	r26, 0x00	; 0
      f0:	b1 07       	cpc	r27, r17
      f2:	d9 f7       	brne	.-10     	; 0xea <__do_copy_data+0xc>

000000f4 <__do_clear_bss>:
      f4:	28 e0       	ldi	r18, 0x08	; 8
      f6:	a0 e0       	ldi	r26, 0x00	; 0
      f8:	b7 e0       	ldi	r27, 0x07	; 7
      fa:	01 c0       	rjmp	.+2      	; 0xfe <.do_clear_bss_start>

000000fc <.do_clear_bss_loop>:
      fc:	1d 92       	st	X+, r1

000000fe <.do_clear_bss_start>:
      fe:	a5 35       	cpi	r26, 0x55	; 85
     100:	b2 07       	cpc	r27, r18
     102:	e1 f7       	brne	.-8      	; 0xfc <.do_clear_bss_loop>
     104:	0e 94 71 08 	call	0x10e2	; 0x10e2 <main>
     108:	0c 94 9f 15 	jmp	0x2b3e	; 0x2b3e <_exit>

0000010c <__bad_interrupt>:
     10c:	0c 94 00 00 	jmp	0	; 0x0 <__vectors>

00000110 <board_id_init>:
#include "board_id.h"

void board_id_init(void)
{
    /* bit0..bit3 = PC0..PC3; bit4 = PD2. External 100 kohm pull-ups. */
    DDRC &= ~((1 << PC0) | (1 << PC1) | (1 << PC2) | (1 << PC3));
     110:	87 b1       	in	r24, 0x07	; 7
     112:	80 7f       	andi	r24, 0xF0	; 240
     114:	87 b9       	out	0x07, r24	; 7
    DDRD &= ~(1 << PD2);
     116:	8a b1       	in	r24, 0x0a	; 10
     118:	8b 7f       	andi	r24, 0xFB	; 251
     11a:	8a b9       	out	0x0a, r24	; 10

    PORTC &= ~((1 << PC0) | (1 << PC1) | (1 << PC2) | (1 << PC3));
     11c:	88 b1       	in	r24, 0x08	; 8
     11e:	80 7f       	andi	r24, 0xF0	; 240
     120:	88 b9       	out	0x08, r24	; 8
    PORTD &= ~(1 << PD2);
     122:	8b b1       	in	r24, 0x0b	; 11
     124:	8b 7f       	andi	r24, 0xFB	; 251
     126:	8b b9       	out	0x0b, r24	; 11
     128:	08 95       	ret

0000012a <board_id_read>:

uint8_t board_id_read(void)
{
    uint8_t raw = 0;

    if (PINC & (1 << PC0)) raw |= (1 << 0);
     12a:	30 99       	sbic	0x06, 0	; 6
     12c:	02 c0       	rjmp	.+4      	; 0x132 <board_id_read+0x8>
    PORTD &= ~(1 << PD2);
}

uint8_t board_id_read(void)
{
    uint8_t raw = 0;
     12e:	80 e0       	ldi	r24, 0x00	; 0
     130:	01 c0       	rjmp	.+2      	; 0x134 <board_id_read+0xa>

    if (PINC & (1 << PC0)) raw |= (1 << 0);
     132:	81 e0       	ldi	r24, 0x01	; 1
    if (PINC & (1 << PC1)) raw |= (1 << 1);
     134:	31 99       	sbic	0x06, 1	; 6
     136:	82 60       	ori	r24, 0x02	; 2
    if (PINC & (1 << PC2)) raw |= (1 << 2);
     138:	32 99       	sbic	0x06, 2	; 6
     13a:	84 60       	ori	r24, 0x04	; 4
    if (PINC & (1 << PC3)) raw |= (1 << 3);
     13c:	33 99       	sbic	0x06, 3	; 6
     13e:	88 60       	ori	r24, 0x08	; 8
    if (PIND & (1 << PD2)) raw |= (1 << 4);
     140:	4a 99       	sbic	0x09, 2	; 9
     142:	80 61       	ori	r24, 0x10	; 16

    /* Switch ON pulls low, so invert to obtain the board number. */
    return (uint8_t)((~raw) & 0x1FU);
     144:	80 95       	com	r24
}
     146:	8f 71       	andi	r24, 0x1F	; 31
     148:	08 95       	ret

0000014a <apply_axis>:
}

static int32_t apply_axis(int32_t value_x100,
                          int32_t offset_x100,
                          int32_t gain_ppm)
{
     14a:	4f 92       	push	r4
     14c:	5f 92       	push	r5
     14e:	6f 92       	push	r6
     150:	7f 92       	push	r7
     152:	af 92       	push	r10
     154:	bf 92       	push	r11
     156:	cf 92       	push	r12
     158:	df 92       	push	r13
     15a:	ef 92       	push	r14
     15c:	ff 92       	push	r15
     15e:	0f 93       	push	r16
     160:	1f 93       	push	r17
    int32_t corrected = value_x100 - offset_x100;
     162:	dc 01       	movw	r26, r24
     164:	cb 01       	movw	r24, r22
     166:	82 1b       	sub	r24, r18
     168:	93 0b       	sbc	r25, r19
     16a:	a4 0b       	sbc	r26, r20
     16c:	b5 0b       	sbc	r27, r21
    int64_t scaled = (int64_t)corrected * (int64_t)gain_ppm;
     16e:	2c 01       	movw	r4, r24
     170:	3d 01       	movw	r6, r26
     172:	77 0c       	add	r7, r7
     174:	44 08       	sbc	r4, r4
     176:	54 2c       	mov	r5, r4
     178:	32 01       	movw	r6, r4
     17a:	b8 01       	movw	r22, r16
     17c:	a7 01       	movw	r20, r14
     17e:	77 0f       	add	r23, r23
     180:	44 0b       	sbc	r20, r20
     182:	54 2f       	mov	r21, r20
     184:	ba 01       	movw	r22, r20
     186:	ae 2c       	mov	r10, r14
     188:	bf 2c       	mov	r11, r15
     18a:	c0 2e       	mov	r12, r16
     18c:	d1 2e       	mov	r13, r17
     18e:	e4 2e       	mov	r14, r20
     190:	f4 2e       	mov	r15, r20
     192:	04 2f       	mov	r16, r20
     194:	14 2f       	mov	r17, r20
     196:	28 2f       	mov	r18, r24
     198:	39 2f       	mov	r19, r25
     19a:	4a 2f       	mov	r20, r26
     19c:	5b 2f       	mov	r21, r27
     19e:	64 2d       	mov	r22, r4
     1a0:	74 2d       	mov	r23, r4
     1a2:	84 2d       	mov	r24, r4
     1a4:	94 2d       	mov	r25, r4
     1a6:	0e 94 af 11 	call	0x235e	; 0x235e <__muldi3>

    if (scaled >= 0) {
     1aa:	a0 e0       	ldi	r26, 0x00	; 0
     1ac:	0e 94 df 12 	call	0x25be	; 0x25be <__cmpdi2_s8>
     1b0:	4c f0       	brlt	.+18     	; 0x1c4 <apply_axis+0x7a>
        scaled += CALIBRATION_GAIN_UNITY_PPM / 2L;
     1b2:	20 5e       	subi	r18, 0xE0	; 224
     1b4:	3e 45       	sbci	r19, 0x5E	; 94
     1b6:	48 4f       	sbci	r20, 0xF8	; 248
     1b8:	5f 4f       	sbci	r21, 0xFF	; 255
     1ba:	6f 4f       	sbci	r22, 0xFF	; 255
     1bc:	7f 4f       	sbci	r23, 0xFF	; 255
     1be:	8f 4f       	sbci	r24, 0xFF	; 255
     1c0:	9f 4f       	sbci	r25, 0xFF	; 255
     1c2:	08 c0       	rjmp	.+16     	; 0x1d4 <apply_axis+0x8a>
    } else {
        scaled -= CALIBRATION_GAIN_UNITY_PPM / 2L;
     1c4:	20 52       	subi	r18, 0x20	; 32
     1c6:	31 4a       	sbci	r19, 0xA1	; 161
     1c8:	47 40       	sbci	r20, 0x07	; 7
     1ca:	51 09       	sbc	r21, r1
     1cc:	61 09       	sbc	r22, r1
     1ce:	71 09       	sbc	r23, r1
     1d0:	81 09       	sbc	r24, r1
     1d2:	91 09       	sbc	r25, r1
    }

    return (int32_t)(scaled / CALIBRATION_GAIN_UNITY_PPM);
     1d4:	68 94       	set
     1d6:	aa 24       	eor	r10, r10
     1d8:	a6 f8       	bld	r10, 6
     1da:	0f 2e       	mov	r0, r31
     1dc:	f2 e4       	ldi	r31, 0x42	; 66
     1de:	bf 2e       	mov	r11, r31
     1e0:	f0 2d       	mov	r31, r0
     1e2:	0f 2e       	mov	r0, r31
     1e4:	ff e0       	ldi	r31, 0x0F	; 15
     1e6:	cf 2e       	mov	r12, r31
     1e8:	f0 2d       	mov	r31, r0
     1ea:	d1 2c       	mov	r13, r1
     1ec:	e1 2c       	mov	r14, r1
     1ee:	f1 2c       	mov	r15, r1
     1f0:	00 e0       	ldi	r16, 0x00	; 0
     1f2:	10 e0       	ldi	r17, 0x00	; 0
     1f4:	0e 94 0a 12 	call	0x2414	; 0x2414 <__divdi3>
     1f8:	62 2f       	mov	r22, r18
     1fa:	73 2f       	mov	r23, r19
     1fc:	84 2f       	mov	r24, r20
     1fe:	95 2f       	mov	r25, r21
}
     200:	1f 91       	pop	r17
     202:	0f 91       	pop	r16
     204:	ff 90       	pop	r15
     206:	ef 90       	pop	r14
     208:	df 90       	pop	r13
     20a:	cf 90       	pop	r12
     20c:	bf 90       	pop	r11
     20e:	af 90       	pop	r10
     210:	7f 90       	pop	r7
     212:	6f 90       	pop	r6
     214:	5f 90       	pop	r5
     216:	4f 90       	pop	r4
     218:	08 95       	ret

0000021a <calibration_crc>:

static calibration_record_t EEMEM eeprom_calibration;

static uint16_t calibration_crc(const calibration_record_t *record)
{
    return crc16_ccitt(record, offsetof(calibration_record_t, crc));
     21a:	66 e3       	ldi	r22, 0x36	; 54
     21c:	70 e0       	ldi	r23, 0x00	; 0
     21e:	0e 94 37 06 	call	0xc6e	; 0xc6e <crc16_ccitt>
}
     222:	08 95       	ret

00000224 <calibration_make_defaults>:

void calibration_make_defaults(calibration_record_t *record)
{
     224:	cf 93       	push	r28
     226:	df 93       	push	r29
     228:	ec 01       	movw	r28, r24
    memset(record, 0, sizeof(*record));
     22a:	88 e3       	ldi	r24, 0x38	; 56
     22c:	fe 01       	movw	r30, r28
     22e:	11 92       	st	Z+, r1
     230:	8a 95       	dec	r24
     232:	e9 f7       	brne	.-6      	; 0x22e <calibration_make_defaults+0xa>
    record->magic = CALIBRATION_MAGIC;
     234:	88 e3       	ldi	r24, 0x38	; 56
     236:	92 e3       	ldi	r25, 0x32	; 50
     238:	a4 e4       	ldi	r26, 0x44	; 68
     23a:	be e4       	ldi	r27, 0x4E	; 78
     23c:	88 83       	st	Y, r24
     23e:	99 83       	std	Y+1, r25	; 0x01
     240:	aa 83       	std	Y+2, r26	; 0x02
     242:	bb 83       	std	Y+3, r27	; 0x03
    record->version = CALIBRATION_VERSION;
     244:	81 e0       	ldi	r24, 0x01	; 1
     246:	90 e0       	ldi	r25, 0x00	; 0
     248:	9d 83       	std	Y+5, r25	; 0x05
     24a:	8c 83       	std	Y+4, r24	; 0x04
    record->size = sizeof(*record);
     24c:	88 e3       	ldi	r24, 0x38	; 56
     24e:	90 e0       	ldi	r25, 0x00	; 0
     250:	9f 83       	std	Y+7, r25	; 0x07
     252:	8e 83       	std	Y+6, r24	; 0x06
    record->gain_x_ppm = CALIBRATION_GAIN_UNITY_PPM;
     254:	80 e4       	ldi	r24, 0x40	; 64
     256:	92 e4       	ldi	r25, 0x42	; 66
     258:	af e0       	ldi	r26, 0x0F	; 15
     25a:	b0 e0       	ldi	r27, 0x00	; 0
     25c:	8c 8b       	std	Y+20, r24	; 0x14
     25e:	9d 8b       	std	Y+21, r25	; 0x15
     260:	ae 8b       	std	Y+22, r26	; 0x16
     262:	bf 8b       	std	Y+23, r27	; 0x17
    record->gain_y_ppm = CALIBRATION_GAIN_UNITY_PPM;
     264:	88 8f       	std	Y+24, r24	; 0x18
     266:	99 8f       	std	Y+25, r25	; 0x19
     268:	aa 8f       	std	Y+26, r26	; 0x1a
     26a:	bb 8f       	std	Y+27, r27	; 0x1b
    record->gain_z_ppm = CALIBRATION_GAIN_UNITY_PPM;
     26c:	8c 8f       	std	Y+28, r24	; 0x1c
     26e:	9d 8f       	std	Y+29, r25	; 0x1d
     270:	ae 8f       	std	Y+30, r26	; 0x1e
     272:	bf 8f       	std	Y+31, r27	; 0x1f
    record->crc = calibration_crc(record);
     274:	ce 01       	movw	r24, r28
     276:	0e 94 0d 01 	call	0x21a	; 0x21a <calibration_crc>
     27a:	9f ab       	std	Y+55, r25	; 0x37
     27c:	8e ab       	std	Y+54, r24	; 0x36
}
     27e:	df 91       	pop	r29
     280:	cf 91       	pop	r28
     282:	08 95       	ret

00000284 <calibration_load>:

calibration_status_t calibration_load(calibration_record_t *record)
{
     284:	0f 93       	push	r16
     286:	1f 93       	push	r17
     288:	cf 93       	push	r28
     28a:	df 93       	push	r29
     28c:	ec 01       	movw	r28, r24
    eeprom_read_block(record, &eeprom_calibration, sizeof(*record));
     28e:	48 e3       	ldi	r20, 0x38	; 56
     290:	50 e0       	ldi	r21, 0x00	; 0
     292:	60 e0       	ldi	r22, 0x00	; 0
     294:	70 e0       	ldi	r23, 0x00	; 0
     296:	0e 94 4b 15 	call	0x2a96	; 0x2a96 <eeprom_read_block>

    if (record->magic != CALIBRATION_MAGIC ||
     29a:	88 81       	ld	r24, Y
     29c:	99 81       	ldd	r25, Y+1	; 0x01
     29e:	aa 81       	ldd	r26, Y+2	; 0x02
     2a0:	bb 81       	ldd	r27, Y+3	; 0x03
     2a2:	88 33       	cpi	r24, 0x38	; 56
     2a4:	92 43       	sbci	r25, 0x32	; 50
     2a6:	a4 44       	sbci	r26, 0x44	; 68
     2a8:	be 44       	sbci	r27, 0x4E	; 78
     2aa:	81 f4       	brne	.+32     	; 0x2cc <calibration_load+0x48>
        record->version != CALIBRATION_VERSION ||
     2ac:	8c 81       	ldd	r24, Y+4	; 0x04
     2ae:	9d 81       	ldd	r25, Y+5	; 0x05

calibration_status_t calibration_load(calibration_record_t *record)
{
    eeprom_read_block(record, &eeprom_calibration, sizeof(*record));

    if (record->magic != CALIBRATION_MAGIC ||
     2b0:	01 97       	sbiw	r24, 0x01	; 1
     2b2:	61 f4       	brne	.+24     	; 0x2cc <calibration_load+0x48>
        record->version != CALIBRATION_VERSION ||
        record->size != sizeof(*record) ||
     2b4:	8e 81       	ldd	r24, Y+6	; 0x06
     2b6:	9f 81       	ldd	r25, Y+7	; 0x07
calibration_status_t calibration_load(calibration_record_t *record)
{
    eeprom_read_block(record, &eeprom_calibration, sizeof(*record));

    if (record->magic != CALIBRATION_MAGIC ||
        record->version != CALIBRATION_VERSION ||
     2b8:	c8 97       	sbiw	r24, 0x38	; 56
     2ba:	41 f4       	brne	.+16     	; 0x2cc <calibration_load+0x48>
        record->size != sizeof(*record) ||
        record->crc != calibration_crc(record)) {
     2bc:	0e a9       	ldd	r16, Y+54	; 0x36
     2be:	1f a9       	ldd	r17, Y+55	; 0x37
     2c0:	ce 01       	movw	r24, r28
     2c2:	0e 94 0d 01 	call	0x21a	; 0x21a <calibration_crc>
{
    eeprom_read_block(record, &eeprom_calibration, sizeof(*record));

    if (record->magic != CALIBRATION_MAGIC ||
        record->version != CALIBRATION_VERSION ||
        record->size != sizeof(*record) ||
     2c6:	08 17       	cp	r16, r24
     2c8:	19 07       	cpc	r17, r25
     2ca:	81 f0       	breq	.+32     	; 0x2ec <calibration_load+0x68>
        record->crc != calibration_crc(record)) {
        /* A completely erased EEPROM is a normal first-start condition. */
        if (record->magic != 0xFFFFFFFFUL) {
     2cc:	88 81       	ld	r24, Y
     2ce:	99 81       	ldd	r25, Y+1	; 0x01
     2d0:	aa 81       	ldd	r26, Y+2	; 0x02
     2d2:	bb 81       	ldd	r27, Y+3	; 0x03
     2d4:	8f 3f       	cpi	r24, 0xFF	; 255
     2d6:	9f 4f       	sbci	r25, 0xFF	; 255
     2d8:	af 4f       	sbci	r26, 0xFF	; 255
     2da:	bf 4f       	sbci	r27, 0xFF	; 255
     2dc:	11 f0       	breq	.+4      	; 0x2e2 <calibration_load+0x5e>
            diagnostics_record_eeprom_error();
     2de:	0e 94 e1 07 	call	0xfc2	; 0xfc2 <diagnostics_record_eeprom_error>
        }
        calibration_make_defaults(record);
     2e2:	ce 01       	movw	r24, r28
     2e4:	0e 94 12 01 	call	0x224	; 0x224 <calibration_make_defaults>
        return CALIBRATION_STATUS_DEFAULT;
     2e8:	80 e0       	ldi	r24, 0x00	; 0
     2ea:	01 c0       	rjmp	.+2      	; 0x2ee <calibration_load+0x6a>
    }

    return CALIBRATION_STATUS_VALID;
     2ec:	81 e0       	ldi	r24, 0x01	; 1
}
     2ee:	df 91       	pop	r29
     2f0:	cf 91       	pop	r28
     2f2:	1f 91       	pop	r17
     2f4:	0f 91       	pop	r16
     2f6:	08 95       	ret

000002f8 <calibration_save>:

uint8_t calibration_save(const calibration_record_t *record)
{
     2f8:	cf 93       	push	r28
     2fa:	df 93       	push	r29
     2fc:	cd b7       	in	r28, 0x3d	; 61
     2fe:	de b7       	in	r29, 0x3e	; 62
     300:	c0 57       	subi	r28, 0x70	; 112
     302:	d1 09       	sbc	r29, r1
     304:	0f b6       	in	r0, 0x3f	; 63
     306:	f8 94       	cli
     308:	de bf       	out	0x3e, r29	; 62
     30a:	0f be       	out	0x3f, r0	; 63
     30c:	cd bf       	out	0x3d, r28	; 61
     30e:	fc 01       	movw	r30, r24
    calibration_record_t copy = *record;
     310:	98 e3       	ldi	r25, 0x38	; 56
     312:	de 01       	movw	r26, r28
     314:	11 96       	adiw	r26, 0x01	; 1
     316:	01 90       	ld	r0, Z+
     318:	0d 92       	st	X+, r0
     31a:	9a 95       	dec	r25
     31c:	e1 f7       	brne	.-8      	; 0x316 <calibration_save+0x1e>
    copy.magic = CALIBRATION_MAGIC;
     31e:	88 e3       	ldi	r24, 0x38	; 56
     320:	92 e3       	ldi	r25, 0x32	; 50
     322:	a4 e4       	ldi	r26, 0x44	; 68
     324:	be e4       	ldi	r27, 0x4E	; 78
     326:	89 83       	std	Y+1, r24	; 0x01
     328:	9a 83       	std	Y+2, r25	; 0x02
     32a:	ab 83       	std	Y+3, r26	; 0x03
     32c:	bc 83       	std	Y+4, r27	; 0x04
    copy.version = CALIBRATION_VERSION;
     32e:	81 e0       	ldi	r24, 0x01	; 1
     330:	90 e0       	ldi	r25, 0x00	; 0
     332:	9e 83       	std	Y+6, r25	; 0x06
     334:	8d 83       	std	Y+5, r24	; 0x05
    copy.size = sizeof(copy);
     336:	88 e3       	ldi	r24, 0x38	; 56
     338:	90 e0       	ldi	r25, 0x00	; 0
     33a:	98 87       	std	Y+8, r25	; 0x08
     33c:	8f 83       	std	Y+7, r24	; 0x07
    copy.crc = calibration_crc(&copy);
     33e:	ce 01       	movw	r24, r28
     340:	01 96       	adiw	r24, 0x01	; 1
     342:	0e 94 0d 01 	call	0x21a	; 0x21a <calibration_crc>
     346:	98 af       	std	Y+56, r25	; 0x38
     348:	8f ab       	std	Y+55, r24	; 0x37

    eeprom_update_block(&copy, &eeprom_calibration, sizeof(copy));
     34a:	48 e3       	ldi	r20, 0x38	; 56
     34c:	50 e0       	ldi	r21, 0x00	; 0
     34e:	60 e0       	ldi	r22, 0x00	; 0
     350:	70 e0       	ldi	r23, 0x00	; 0
     352:	ce 01       	movw	r24, r28
     354:	01 96       	adiw	r24, 0x01	; 1
     356:	0e 94 61 15 	call	0x2ac2	; 0x2ac2 <eeprom_update_block>

    calibration_record_t verify;
    eeprom_read_block(&verify, &eeprom_calibration, sizeof(verify));
     35a:	48 e3       	ldi	r20, 0x38	; 56
     35c:	50 e0       	ldi	r21, 0x00	; 0
     35e:	60 e0       	ldi	r22, 0x00	; 0
     360:	70 e0       	ldi	r23, 0x00	; 0
     362:	ce 01       	movw	r24, r28
     364:	c9 96       	adiw	r24, 0x39	; 57
     366:	0e 94 4b 15 	call	0x2a96	; 0x2a96 <eeprom_read_block>

    if (memcmp(&copy, &verify, sizeof(copy)) != 0U) {
     36a:	48 e3       	ldi	r20, 0x38	; 56
     36c:	50 e0       	ldi	r21, 0x00	; 0
     36e:	be 01       	movw	r22, r28
     370:	67 5c       	subi	r22, 0xC7	; 199
     372:	7f 4f       	sbci	r23, 0xFF	; 255
     374:	ce 01       	movw	r24, r28
     376:	01 96       	adiw	r24, 0x01	; 1
     378:	0e 94 04 15 	call	0x2a08	; 0x2a08 <memcmp>
     37c:	89 2b       	or	r24, r25
     37e:	21 f0       	breq	.+8      	; 0x388 <calibration_save+0x90>
        diagnostics_record_eeprom_error();
     380:	0e 94 e1 07 	call	0xfc2	; 0xfc2 <diagnostics_record_eeprom_error>
        return 0U;
     384:	80 e0       	ldi	r24, 0x00	; 0
     386:	01 c0       	rjmp	.+2      	; 0x38a <calibration_save+0x92>
    }
    return 1U;
     388:	81 e0       	ldi	r24, 0x01	; 1
}
     38a:	c0 59       	subi	r28, 0x90	; 144
     38c:	df 4f       	sbci	r29, 0xFF	; 255
     38e:	0f b6       	in	r0, 0x3f	; 63
     390:	f8 94       	cli
     392:	de bf       	out	0x3e, r29	; 62
     394:	0f be       	out	0x3f, r0	; 63
     396:	cd bf       	out	0x3d, r28	; 61
     398:	df 91       	pop	r29
     39a:	cf 91       	pop	r28
     39c:	08 95       	ret

0000039e <calibration_factory_reset>:

void calibration_factory_reset(void)
{
     39e:	cf 93       	push	r28
     3a0:	df 93       	push	r29
     3a2:	cd b7       	in	r28, 0x3d	; 61
     3a4:	de b7       	in	r29, 0x3e	; 62
     3a6:	e8 97       	sbiw	r28, 0x38	; 56
     3a8:	0f b6       	in	r0, 0x3f	; 63
     3aa:	f8 94       	cli
     3ac:	de bf       	out	0x3e, r29	; 62
     3ae:	0f be       	out	0x3f, r0	; 63
     3b0:	cd bf       	out	0x3d, r28	; 61
    calibration_record_t erased;
    memset(&erased, 0xFF, sizeof(erased));
     3b2:	48 e3       	ldi	r20, 0x38	; 56
     3b4:	50 e0       	ldi	r21, 0x00	; 0
     3b6:	6f ef       	ldi	r22, 0xFF	; 255
     3b8:	70 e0       	ldi	r23, 0x00	; 0
     3ba:	ce 01       	movw	r24, r28
     3bc:	01 96       	adiw	r24, 0x01	; 1
     3be:	0e 94 11 15 	call	0x2a22	; 0x2a22 <memset>
    eeprom_update_block(&erased, &eeprom_calibration, sizeof(erased));
     3c2:	48 e3       	ldi	r20, 0x38	; 56
     3c4:	50 e0       	ldi	r21, 0x00	; 0
     3c6:	60 e0       	ldi	r22, 0x00	; 0
     3c8:	70 e0       	ldi	r23, 0x00	; 0
     3ca:	ce 01       	movw	r24, r28
     3cc:	01 96       	adiw	r24, 0x01	; 1
     3ce:	0e 94 61 15 	call	0x2ac2	; 0x2ac2 <eeprom_update_block>
}
     3d2:	e8 96       	adiw	r28, 0x38	; 56
     3d4:	0f b6       	in	r0, 0x3f	; 63
     3d6:	f8 94       	cli
     3d8:	de bf       	out	0x3e, r29	; 62
     3da:	0f be       	out	0x3f, r0	; 63
     3dc:	cd bf       	out	0x3d, r28	; 61
     3de:	df 91       	pop	r29
     3e0:	cf 91       	pop	r28
     3e2:	08 95       	ret

000003e4 <calibration_apply>:
    return (int32_t)(scaled / CALIBRATION_GAIN_UNITY_PPM);
}

void calibration_apply(const calibration_record_t *record,
                       tmag5273_measurement_t *measurement)
{
     3e4:	cf 92       	push	r12
     3e6:	df 92       	push	r13
     3e8:	ef 92       	push	r14
     3ea:	ff 92       	push	r15
     3ec:	0f 93       	push	r16
     3ee:	1f 93       	push	r17
     3f0:	cf 93       	push	r28
     3f2:	df 93       	push	r29
     3f4:	6c 01       	movw	r12, r24
     3f6:	eb 01       	movw	r28, r22
    measurement->bx_x100 = apply_axis(measurement->bx_x100,
     3f8:	fc 01       	movw	r30, r24
     3fa:	e4 88       	ldd	r14, Z+20	; 0x14
     3fc:	f5 88       	ldd	r15, Z+21	; 0x15
     3fe:	06 89       	ldd	r16, Z+22	; 0x16
     400:	17 89       	ldd	r17, Z+23	; 0x17
     402:	20 85       	ldd	r18, Z+8	; 0x08
     404:	31 85       	ldd	r19, Z+9	; 0x09
     406:	42 85       	ldd	r20, Z+10	; 0x0a
     408:	53 85       	ldd	r21, Z+11	; 0x0b
     40a:	6c 81       	ldd	r22, Y+4	; 0x04
     40c:	7d 81       	ldd	r23, Y+5	; 0x05
     40e:	8e 81       	ldd	r24, Y+6	; 0x06
     410:	9f 81       	ldd	r25, Y+7	; 0x07
     412:	0e 94 a5 00 	call	0x14a	; 0x14a <apply_axis>
     416:	6c 83       	std	Y+4, r22	; 0x04
     418:	7d 83       	std	Y+5, r23	; 0x05
     41a:	8e 83       	std	Y+6, r24	; 0x06
     41c:	9f 83       	std	Y+7, r25	; 0x07
                                      record->offset_x_x100,
                                      record->gain_x_ppm);
    measurement->by_x100 = apply_axis(measurement->by_x100,
     41e:	f6 01       	movw	r30, r12
     420:	e0 8c       	ldd	r14, Z+24	; 0x18
     422:	f1 8c       	ldd	r15, Z+25	; 0x19
     424:	02 8d       	ldd	r16, Z+26	; 0x1a
     426:	13 8d       	ldd	r17, Z+27	; 0x1b
     428:	24 85       	ldd	r18, Z+12	; 0x0c
     42a:	35 85       	ldd	r19, Z+13	; 0x0d
     42c:	46 85       	ldd	r20, Z+14	; 0x0e
     42e:	57 85       	ldd	r21, Z+15	; 0x0f
     430:	68 85       	ldd	r22, Y+8	; 0x08
     432:	79 85       	ldd	r23, Y+9	; 0x09
     434:	8a 85       	ldd	r24, Y+10	; 0x0a
     436:	9b 85       	ldd	r25, Y+11	; 0x0b
     438:	0e 94 a5 00 	call	0x14a	; 0x14a <apply_axis>
     43c:	68 87       	std	Y+8, r22	; 0x08
     43e:	79 87       	std	Y+9, r23	; 0x09
     440:	8a 87       	std	Y+10, r24	; 0x0a
     442:	9b 87       	std	Y+11, r25	; 0x0b
                                      record->offset_y_x100,
                                      record->gain_y_ppm);
    measurement->bz_x100 = apply_axis(measurement->bz_x100,
     444:	f6 01       	movw	r30, r12
     446:	e4 8c       	ldd	r14, Z+28	; 0x1c
     448:	f5 8c       	ldd	r15, Z+29	; 0x1d
     44a:	06 8d       	ldd	r16, Z+30	; 0x1e
     44c:	17 8d       	ldd	r17, Z+31	; 0x1f
     44e:	20 89       	ldd	r18, Z+16	; 0x10
     450:	31 89       	ldd	r19, Z+17	; 0x11
     452:	42 89       	ldd	r20, Z+18	; 0x12
     454:	53 89       	ldd	r21, Z+19	; 0x13
     456:	6c 85       	ldd	r22, Y+12	; 0x0c
     458:	7d 85       	ldd	r23, Y+13	; 0x0d
     45a:	8e 85       	ldd	r24, Y+14	; 0x0e
     45c:	9f 85       	ldd	r25, Y+15	; 0x0f
     45e:	0e 94 a5 00 	call	0x14a	; 0x14a <apply_axis>
     462:	6c 87       	std	Y+12, r22	; 0x0c
     464:	7d 87       	std	Y+13, r23	; 0x0d
     466:	8e 87       	std	Y+14, r24	; 0x0e
     468:	9f 87       	std	Y+15, r25	; 0x0f
                                      record->offset_z_x100,
                                      record->gain_z_ppm);
}
     46a:	df 91       	pop	r29
     46c:	cf 91       	pop	r28
     46e:	1f 91       	pop	r17
     470:	0f 91       	pop	r16
     472:	ff 90       	pop	r15
     474:	ef 90       	pop	r14
     476:	df 90       	pop	r13
     478:	cf 90       	pop	r12
     47a:	08 95       	ret

0000047c <status_text>:
#include "diagnostics.h"
#include "watchdog_service.h"

static const char *status_text(calibration_status_t status)
{
    if (status == CALIBRATION_STATUS_VALID) return "VALID";
     47c:	81 30       	cpi	r24, 0x01	; 1
     47e:	29 f0       	breq	.+10     	; 0x48a <status_text+0xe>
    if (status == CALIBRATION_STATUS_DIRTY) return "DIRTY";
     480:	82 30       	cpi	r24, 0x02	; 2
     482:	31 f4       	brne	.+12     	; 0x490 <status_text+0x14>
     484:	86 e0       	ldi	r24, 0x06	; 6
     486:	91 e0       	ldi	r25, 0x01	; 1
     488:	08 95       	ret
#include "diagnostics.h"
#include "watchdog_service.h"

static const char *status_text(calibration_status_t status)
{
    if (status == CALIBRATION_STATUS_VALID) return "VALID";
     48a:	80 e0       	ldi	r24, 0x00	; 0
     48c:	91 e0       	ldi	r25, 0x01	; 1
     48e:	08 95       	ret
    if (status == CALIBRATION_STATUS_DIRTY) return "DIRTY";
    return "DEFAULT";
     490:	8c e0       	ldi	r24, 0x0C	; 12
     492:	91 e0       	ldi	r25, 0x01	; 1
}
     494:	08 95       	ret

00000496 <response_error>:
    uart0_print(command);
    uart0_print("\r\n");
}

static void response_error(const char *reason)
{
     496:	cf 93       	push	r28
     498:	df 93       	push	r29
     49a:	ec 01       	movw	r28, r24
    uart0_print("$ND280RSP,ERROR,REASON=");
     49c:	84 e1       	ldi	r24, 0x14	; 20
     49e:	91 e0       	ldi	r25, 0x01	; 1
     4a0:	0e 94 b0 0f 	call	0x1f60	; 0x1f60 <uart0_print>
    uart0_print(reason);
     4a4:	ce 01       	movw	r24, r28
     4a6:	0e 94 b0 0f 	call	0x1f60	; 0x1f60 <uart0_print>
    uart0_print("\r\n");
     4aa:	8d ef       	ldi	r24, 0xFD	; 253
     4ac:	96 e0       	ldi	r25, 0x06	; 6
     4ae:	0e 94 b0 0f 	call	0x1f60	; 0x1f60 <uart0_print>
}
     4b2:	df 91       	pop	r29
     4b4:	cf 91       	pop	r28
     4b6:	08 95       	ret

000004b8 <response_ok>:
    if (status == CALIBRATION_STATUS_DIRTY) return "DIRTY";
    return "DEFAULT";
}

static void response_ok(const char *command)
{
     4b8:	cf 93       	push	r28
     4ba:	df 93       	push	r29
     4bc:	ec 01       	movw	r28, r24
    uart0_print("$ND280RSP,OK,CMD=");
     4be:	8c e2       	ldi	r24, 0x2C	; 44
     4c0:	91 e0       	ldi	r25, 0x01	; 1
     4c2:	0e 94 b0 0f 	call	0x1f60	; 0x1f60 <uart0_print>
    uart0_print(command);
     4c6:	ce 01       	movw	r24, r28
     4c8:	0e 94 b0 0f 	call	0x1f60	; 0x1f60 <uart0_print>
    uart0_print("\r\n");
     4cc:	8d ef       	ldi	r24, 0xFD	; 253
     4ce:	96 e0       	ldi	r25, 0x06	; 6
     4d0:	0e 94 b0 0f 	call	0x1f60	; 0x1f60 <uart0_print>
}
     4d4:	df 91       	pop	r29
     4d6:	cf 91       	pop	r28
     4d8:	08 95       	ret

000004da <parse_u32>:
    *value = (int32_t)parsed;
    return 1U;
}

static uint8_t parse_u32(const char *text, uint32_t *value)
{
     4da:	ef 92       	push	r14
     4dc:	ff 92       	push	r15
     4de:	0f 93       	push	r16
     4e0:	1f 93       	push	r17
     4e2:	cf 93       	push	r28
     4e4:	df 93       	push	r29
     4e6:	00 d0       	rcall	.+0      	; 0x4e8 <parse_u32+0xe>
     4e8:	cd b7       	in	r28, 0x3d	; 61
     4ea:	de b7       	in	r29, 0x3e	; 62
     4ec:	8c 01       	movw	r16, r24
     4ee:	7b 01       	movw	r14, r22
    char *end = 0;
     4f0:	1a 82       	std	Y+2, r1	; 0x02
     4f2:	19 82       	std	Y+1, r1	; 0x01
    unsigned long parsed = strtoul(text, &end, 10);
     4f4:	4a e0       	ldi	r20, 0x0A	; 10
     4f6:	50 e0       	ldi	r21, 0x00	; 0
     4f8:	be 01       	movw	r22, r28
     4fa:	6f 5f       	subi	r22, 0xFF	; 255
     4fc:	7f 4f       	sbci	r23, 0xFF	; 255
     4fe:	0e 94 01 14 	call	0x2802	; 0x2802 <strtoul>
    if (text == end || *end != '\0') return 0U;
     502:	e9 81       	ldd	r30, Y+1	; 0x01
     504:	fa 81       	ldd	r31, Y+2	; 0x02
     506:	0e 17       	cp	r16, r30
     508:	1f 07       	cpc	r17, r31
     50a:	51 f0       	breq	.+20     	; 0x520 <parse_u32+0x46>
     50c:	20 81       	ld	r18, Z
     50e:	21 11       	cpse	r18, r1
     510:	09 c0       	rjmp	.+18     	; 0x524 <parse_u32+0x4a>
    *value = (uint32_t)parsed;
     512:	f7 01       	movw	r30, r14
     514:	60 83       	st	Z, r22
     516:	71 83       	std	Z+1, r23	; 0x01
     518:	82 83       	std	Z+2, r24	; 0x02
     51a:	93 83       	std	Z+3, r25	; 0x03
    return 1U;
     51c:	81 e0       	ldi	r24, 0x01	; 1
     51e:	03 c0       	rjmp	.+6      	; 0x526 <parse_u32+0x4c>

static uint8_t parse_u32(const char *text, uint32_t *value)
{
    char *end = 0;
    unsigned long parsed = strtoul(text, &end, 10);
    if (text == end || *end != '\0') return 0U;
     520:	80 e0       	ldi	r24, 0x00	; 0
     522:	01 c0       	rjmp	.+2      	; 0x526 <parse_u32+0x4c>
     524:	80 e0       	ldi	r24, 0x00	; 0
    *value = (uint32_t)parsed;
    return 1U;
}
     526:	0f 90       	pop	r0
     528:	0f 90       	pop	r0
     52a:	df 91       	pop	r29
     52c:	cf 91       	pop	r28
     52e:	1f 91       	pop	r17
     530:	0f 91       	pop	r16
     532:	ff 90       	pop	r15
     534:	ef 90       	pop	r14
     536:	08 95       	ret

00000538 <get_three_u32>:
           parse_i32(a, va) && parse_i32(b, vb) && parse_i32(c, vc);
}

static uint8_t get_three_u32(char *a, char *b, char *c,
                             uint32_t *va, uint32_t *vb, uint32_t *vc)
{
     538:	cf 92       	push	r12
     53a:	df 92       	push	r13
     53c:	ef 92       	push	r14
     53e:	ff 92       	push	r15
     540:	0f 93       	push	r16
     542:	1f 93       	push	r17
     544:	cf 93       	push	r28
     546:	df 93       	push	r29
    return a && b && c &&
           parse_u32(a, va) && parse_u32(b, vb) && parse_u32(c, vc);
     548:	00 97       	sbiw	r24, 0x00	; 0
     54a:	d9 f0       	breq	.+54     	; 0x582 <get_three_u32+0x4a>
}

static uint8_t get_three_u32(char *a, char *b, char *c,
                             uint32_t *va, uint32_t *vb, uint32_t *vc)
{
    return a && b && c &&
     54c:	61 15       	cp	r22, r1
     54e:	71 05       	cpc	r23, r1
     550:	d1 f0       	breq	.+52     	; 0x586 <get_three_u32+0x4e>
     552:	41 15       	cp	r20, r1
     554:	51 05       	cpc	r21, r1
     556:	c9 f0       	breq	.+50     	; 0x58a <get_three_u32+0x52>
     558:	6a 01       	movw	r12, r20
     55a:	eb 01       	movw	r28, r22
           parse_u32(a, va) && parse_u32(b, vb) && parse_u32(c, vc);
     55c:	b9 01       	movw	r22, r18
     55e:	0e 94 6d 02 	call	0x4da	; 0x4da <parse_u32>
}

static uint8_t get_three_u32(char *a, char *b, char *c,
                             uint32_t *va, uint32_t *vb, uint32_t *vc)
{
    return a && b && c &&
     562:	88 23       	and	r24, r24
     564:	a1 f0       	breq	.+40     	; 0x58e <get_three_u32+0x56>
           parse_u32(a, va) && parse_u32(b, vb) && parse_u32(c, vc);
     566:	b8 01       	movw	r22, r16
     568:	ce 01       	movw	r24, r28
     56a:	0e 94 6d 02 	call	0x4da	; 0x4da <parse_u32>
     56e:	88 23       	and	r24, r24
     570:	81 f0       	breq	.+32     	; 0x592 <get_three_u32+0x5a>
     572:	b7 01       	movw	r22, r14
     574:	c6 01       	movw	r24, r12
     576:	0e 94 6d 02 	call	0x4da	; 0x4da <parse_u32>
     57a:	88 23       	and	r24, r24
     57c:	61 f0       	breq	.+24     	; 0x596 <get_three_u32+0x5e>
     57e:	81 e0       	ldi	r24, 0x01	; 1
     580:	0b c0       	rjmp	.+22     	; 0x598 <get_three_u32+0x60>
     582:	80 e0       	ldi	r24, 0x00	; 0
     584:	09 c0       	rjmp	.+18     	; 0x598 <get_three_u32+0x60>
     586:	80 e0       	ldi	r24, 0x00	; 0
     588:	07 c0       	rjmp	.+14     	; 0x598 <get_three_u32+0x60>
     58a:	80 e0       	ldi	r24, 0x00	; 0
     58c:	05 c0       	rjmp	.+10     	; 0x598 <get_three_u32+0x60>
     58e:	80 e0       	ldi	r24, 0x00	; 0
     590:	03 c0       	rjmp	.+6      	; 0x598 <get_three_u32+0x60>
     592:	80 e0       	ldi	r24, 0x00	; 0
     594:	01 c0       	rjmp	.+2      	; 0x598 <get_three_u32+0x60>
     596:	80 e0       	ldi	r24, 0x00	; 0
}
     598:	df 91       	pop	r29
     59a:	cf 91       	pop	r28
     59c:	1f 91       	pop	r17
     59e:	0f 91       	pop	r16
     5a0:	ff 90       	pop	r15
     5a2:	ef 90       	pop	r14
     5a4:	df 90       	pop	r13
     5a6:	cf 90       	pop	r12
     5a8:	08 95       	ret

000005aa <parse_i32>:
    uart0_print(reason);
    uart0_print("\r\n");
}

static uint8_t parse_i32(const char *text, int32_t *value)
{
     5aa:	ef 92       	push	r14
     5ac:	ff 92       	push	r15
     5ae:	0f 93       	push	r16
     5b0:	1f 93       	push	r17
     5b2:	cf 93       	push	r28
     5b4:	df 93       	push	r29
     5b6:	00 d0       	rcall	.+0      	; 0x5b8 <parse_i32+0xe>
     5b8:	cd b7       	in	r28, 0x3d	; 61
     5ba:	de b7       	in	r29, 0x3e	; 62
     5bc:	8c 01       	movw	r16, r24
     5be:	7b 01       	movw	r14, r22
    char *end = 0;
     5c0:	1a 82       	std	Y+2, r1	; 0x02
     5c2:	19 82       	std	Y+1, r1	; 0x01
    long parsed = strtol(text, &end, 10);
     5c4:	4a e0       	ldi	r20, 0x0A	; 10
     5c6:	50 e0       	ldi	r21, 0x00	; 0
     5c8:	be 01       	movw	r22, r28
     5ca:	6f 5f       	subi	r22, 0xFF	; 255
     5cc:	7f 4f       	sbci	r23, 0xFF	; 255
     5ce:	0e 94 eb 12 	call	0x25d6	; 0x25d6 <strtol>
    if (text == end || *end != '\0') return 0U;
     5d2:	e9 81       	ldd	r30, Y+1	; 0x01
     5d4:	fa 81       	ldd	r31, Y+2	; 0x02
     5d6:	0e 17       	cp	r16, r30
     5d8:	1f 07       	cpc	r17, r31
     5da:	51 f0       	breq	.+20     	; 0x5f0 <parse_i32+0x46>
     5dc:	20 81       	ld	r18, Z
     5de:	21 11       	cpse	r18, r1
     5e0:	09 c0       	rjmp	.+18     	; 0x5f4 <parse_i32+0x4a>
    *value = (int32_t)parsed;
     5e2:	f7 01       	movw	r30, r14
     5e4:	60 83       	st	Z, r22
     5e6:	71 83       	std	Z+1, r23	; 0x01
     5e8:	82 83       	std	Z+2, r24	; 0x02
     5ea:	93 83       	std	Z+3, r25	; 0x03
    return 1U;
     5ec:	81 e0       	ldi	r24, 0x01	; 1
     5ee:	03 c0       	rjmp	.+6      	; 0x5f6 <parse_i32+0x4c>

static uint8_t parse_i32(const char *text, int32_t *value)
{
    char *end = 0;
    long parsed = strtol(text, &end, 10);
    if (text == end || *end != '\0') return 0U;
     5f0:	80 e0       	ldi	r24, 0x00	; 0
     5f2:	01 c0       	rjmp	.+2      	; 0x5f6 <parse_i32+0x4c>
     5f4:	80 e0       	ldi	r24, 0x00	; 0
    *value = (int32_t)parsed;
    return 1U;
}
     5f6:	0f 90       	pop	r0
     5f8:	0f 90       	pop	r0
     5fa:	df 91       	pop	r29
     5fc:	cf 91       	pop	r28
     5fe:	1f 91       	pop	r17
     600:	0f 91       	pop	r16
     602:	ff 90       	pop	r15
     604:	ef 90       	pop	r14
     606:	08 95       	ret

00000608 <get_three_i32>:
    uart0_print("\r\n");
}

static uint8_t get_three_i32(char *a, char *b, char *c,
                             int32_t *va, int32_t *vb, int32_t *vc)
{
     608:	cf 92       	push	r12
     60a:	df 92       	push	r13
     60c:	ef 92       	push	r14
     60e:	ff 92       	push	r15
     610:	0f 93       	push	r16
     612:	1f 93       	push	r17
     614:	cf 93       	push	r28
     616:	df 93       	push	r29
    return a && b && c &&
           parse_i32(a, va) && parse_i32(b, vb) && parse_i32(c, vc);
     618:	00 97       	sbiw	r24, 0x00	; 0
     61a:	d9 f0       	breq	.+54     	; 0x652 <get_three_i32+0x4a>
}

static uint8_t get_three_i32(char *a, char *b, char *c,
                             int32_t *va, int32_t *vb, int32_t *vc)
{
    return a && b && c &&
     61c:	61 15       	cp	r22, r1
     61e:	71 05       	cpc	r23, r1
     620:	d1 f0       	breq	.+52     	; 0x656 <get_three_i32+0x4e>
     622:	41 15       	cp	r20, r1
     624:	51 05       	cpc	r21, r1
     626:	c9 f0       	breq	.+50     	; 0x65a <get_three_i32+0x52>
     628:	6a 01       	movw	r12, r20
     62a:	eb 01       	movw	r28, r22
           parse_i32(a, va) && parse_i32(b, vb) && parse_i32(c, vc);
     62c:	b9 01       	movw	r22, r18
     62e:	0e 94 d5 02 	call	0x5aa	; 0x5aa <parse_i32>
}

static uint8_t get_three_i32(char *a, char *b, char *c,
                             int32_t *va, int32_t *vb, int32_t *vc)
{
    return a && b && c &&
     632:	88 23       	and	r24, r24
     634:	a1 f0       	breq	.+40     	; 0x65e <get_three_i32+0x56>
           parse_i32(a, va) && parse_i32(b, vb) && parse_i32(c, vc);
     636:	b8 01       	movw	r22, r16
     638:	ce 01       	movw	r24, r28
     63a:	0e 94 d5 02 	call	0x5aa	; 0x5aa <parse_i32>
     63e:	88 23       	and	r24, r24
     640:	81 f0       	breq	.+32     	; 0x662 <get_three_i32+0x5a>
     642:	b7 01       	movw	r22, r14
     644:	c6 01       	movw	r24, r12
     646:	0e 94 d5 02 	call	0x5aa	; 0x5aa <parse_i32>
     64a:	88 23       	and	r24, r24
     64c:	61 f0       	breq	.+24     	; 0x666 <get_three_i32+0x5e>
     64e:	81 e0       	ldi	r24, 0x01	; 1
     650:	0b c0       	rjmp	.+22     	; 0x668 <get_three_i32+0x60>
     652:	80 e0       	ldi	r24, 0x00	; 0
     654:	09 c0       	rjmp	.+18     	; 0x668 <get_three_i32+0x60>
     656:	80 e0       	ldi	r24, 0x00	; 0
     658:	07 c0       	rjmp	.+14     	; 0x668 <get_three_i32+0x60>
     65a:	80 e0       	ldi	r24, 0x00	; 0
     65c:	05 c0       	rjmp	.+10     	; 0x668 <get_three_i32+0x60>
     65e:	80 e0       	ldi	r24, 0x00	; 0
     660:	03 c0       	rjmp	.+6      	; 0x668 <get_three_i32+0x60>
     662:	80 e0       	ldi	r24, 0x00	; 0
     664:	01 c0       	rjmp	.+2      	; 0x668 <get_three_i32+0x60>
     666:	80 e0       	ldi	r24, 0x00	; 0
}
     668:	df 91       	pop	r29
     66a:	cf 91       	pop	r28
     66c:	1f 91       	pop	r17
     66e:	0f 91       	pop	r16
     670:	ff 90       	pop	r15
     672:	ef 90       	pop	r14
     674:	df 90       	pop	r13
     676:	cf 90       	pop	r12
     678:	08 95       	ret

0000067a <print_calibration>:
    return 1U;
}

static void print_calibration(const calibration_record_t *cal,
                              calibration_status_t status)
{
     67a:	1f 93       	push	r17
     67c:	cf 93       	push	r28
     67e:	df 93       	push	r29
     680:	ec 01       	movw	r28, r24
     682:	16 2f       	mov	r17, r22
    uart0_print("$ND280CAL,STATE=");
     684:	8e e3       	ldi	r24, 0x3E	; 62
     686:	91 e0       	ldi	r25, 0x01	; 1
     688:	0e 94 b0 0f 	call	0x1f60	; 0x1f60 <uart0_print>
    uart0_print(status_text(status));
     68c:	81 2f       	mov	r24, r17
     68e:	0e 94 3e 02 	call	0x47c	; 0x47c <status_text>
     692:	0e 94 b0 0f 	call	0x1f60	; 0x1f60 <uart0_print>
    uart0_print(",VER=");
     696:	89 e9       	ldi	r24, 0x99	; 153
     698:	96 e0       	ldi	r25, 0x06	; 6
     69a:	0e 94 b0 0f 	call	0x1f60	; 0x1f60 <uart0_print>
    uart0_print_uint16(cal->version);
     69e:	8c 81       	ldd	r24, Y+4	; 0x04
     6a0:	9d 81       	ldd	r25, Y+5	; 0x05
     6a2:	0e 94 d2 0f 	call	0x1fa4	; 0x1fa4 <uart0_print_uint16>
    uart0_print(",COUNT=");
     6a6:	8f e4       	ldi	r24, 0x4F	; 79
     6a8:	91 e0       	ldi	r25, 0x01	; 1
     6aa:	0e 94 b0 0f 	call	0x1f60	; 0x1f60 <uart0_print>
    uart0_print_uint32(cal->calibration_counter);
     6ae:	68 a9       	ldd	r22, Y+48	; 0x30
     6b0:	79 a9       	ldd	r23, Y+49	; 0x31
     6b2:	8a a9       	ldd	r24, Y+50	; 0x32
     6b4:	9b a9       	ldd	r25, Y+51	; 0x33
     6b6:	0e 94 29 10 	call	0x2052	; 0x2052 <uart0_print_uint32>
    uart0_print(",OX=");
     6ba:	87 e5       	ldi	r24, 0x57	; 87
     6bc:	91 e0       	ldi	r25, 0x01	; 1
     6be:	0e 94 b0 0f 	call	0x1f60	; 0x1f60 <uart0_print>
    uart0_print_int32(cal->offset_x_x100);
     6c2:	68 85       	ldd	r22, Y+8	; 0x08
     6c4:	79 85       	ldd	r23, Y+9	; 0x09
     6c6:	8a 85       	ldd	r24, Y+10	; 0x0a
     6c8:	9b 85       	ldd	r25, Y+11	; 0x0b
     6ca:	0e 94 6e 10 	call	0x20dc	; 0x20dc <uart0_print_int32>
    uart0_print(",OY=");
     6ce:	8c e5       	ldi	r24, 0x5C	; 92
     6d0:	91 e0       	ldi	r25, 0x01	; 1
     6d2:	0e 94 b0 0f 	call	0x1f60	; 0x1f60 <uart0_print>
    uart0_print_int32(cal->offset_y_x100);
     6d6:	6c 85       	ldd	r22, Y+12	; 0x0c
     6d8:	7d 85       	ldd	r23, Y+13	; 0x0d
     6da:	8e 85       	ldd	r24, Y+14	; 0x0e
     6dc:	9f 85       	ldd	r25, Y+15	; 0x0f
     6de:	0e 94 6e 10 	call	0x20dc	; 0x20dc <uart0_print_int32>
    uart0_print(",OZ=");
     6e2:	81 e6       	ldi	r24, 0x61	; 97
     6e4:	91 e0       	ldi	r25, 0x01	; 1
     6e6:	0e 94 b0 0f 	call	0x1f60	; 0x1f60 <uart0_print>
    uart0_print_int32(cal->offset_z_x100);
     6ea:	68 89       	ldd	r22, Y+16	; 0x10
     6ec:	79 89       	ldd	r23, Y+17	; 0x11
     6ee:	8a 89       	ldd	r24, Y+18	; 0x12
     6f0:	9b 89       	ldd	r25, Y+19	; 0x13
     6f2:	0e 94 6e 10 	call	0x20dc	; 0x20dc <uart0_print_int32>
    uart0_print(",GX=");
     6f6:	86 e6       	ldi	r24, 0x66	; 102
     6f8:	91 e0       	ldi	r25, 0x01	; 1
     6fa:	0e 94 b0 0f 	call	0x1f60	; 0x1f60 <uart0_print>
    uart0_print_int32(cal->gain_x_ppm);
     6fe:	6c 89       	ldd	r22, Y+20	; 0x14
     700:	7d 89       	ldd	r23, Y+21	; 0x15
     702:	8e 89       	ldd	r24, Y+22	; 0x16
     704:	9f 89       	ldd	r25, Y+23	; 0x17
     706:	0e 94 6e 10 	call	0x20dc	; 0x20dc <uart0_print_int32>
    uart0_print(",GY=");
     70a:	8b e6       	ldi	r24, 0x6B	; 107
     70c:	91 e0       	ldi	r25, 0x01	; 1
     70e:	0e 94 b0 0f 	call	0x1f60	; 0x1f60 <uart0_print>
    uart0_print_int32(cal->gain_y_ppm);
     712:	68 8d       	ldd	r22, Y+24	; 0x18
     714:	79 8d       	ldd	r23, Y+25	; 0x19
     716:	8a 8d       	ldd	r24, Y+26	; 0x1a
     718:	9b 8d       	ldd	r25, Y+27	; 0x1b
     71a:	0e 94 6e 10 	call	0x20dc	; 0x20dc <uart0_print_int32>
    uart0_print(",GZ=");
     71e:	80 e7       	ldi	r24, 0x70	; 112
     720:	91 e0       	ldi	r25, 0x01	; 1
     722:	0e 94 b0 0f 	call	0x1f60	; 0x1f60 <uart0_print>
    uart0_print_int32(cal->gain_z_ppm);
     726:	6c 8d       	ldd	r22, Y+28	; 0x1c
     728:	7d 8d       	ldd	r23, Y+29	; 0x1d
     72a:	8e 8d       	ldd	r24, Y+30	; 0x1e
     72c:	9f 8d       	ldd	r25, Y+31	; 0x1f
     72e:	0e 94 6e 10 	call	0x20dc	; 0x20dc <uart0_print_int32>
    uart0_print(",NX=");
     732:	85 e7       	ldi	r24, 0x75	; 117
     734:	91 e0       	ldi	r25, 0x01	; 1
     736:	0e 94 b0 0f 	call	0x1f60	; 0x1f60 <uart0_print>
    uart0_print_uint32(cal->noise_sigma_x_x10000);
     73a:	68 a1       	ldd	r22, Y+32	; 0x20
     73c:	79 a1       	ldd	r23, Y+33	; 0x21
     73e:	8a a1       	ldd	r24, Y+34	; 0x22
     740:	9b a1       	ldd	r25, Y+35	; 0x23
     742:	0e 94 29 10 	call	0x2052	; 0x2052 <uart0_print_uint32>
    uart0_print(",NY=");
     746:	8a e7       	ldi	r24, 0x7A	; 122
     748:	91 e0       	ldi	r25, 0x01	; 1
     74a:	0e 94 b0 0f 	call	0x1f60	; 0x1f60 <uart0_print>
    uart0_print_uint32(cal->noise_sigma_y_x10000);
     74e:	6c a1       	ldd	r22, Y+36	; 0x24
     750:	7d a1       	ldd	r23, Y+37	; 0x25
     752:	8e a1       	ldd	r24, Y+38	; 0x26
     754:	9f a1       	ldd	r25, Y+39	; 0x27
     756:	0e 94 29 10 	call	0x2052	; 0x2052 <uart0_print_uint32>
    uart0_print(",NZ=");
     75a:	8f e7       	ldi	r24, 0x7F	; 127
     75c:	91 e0       	ldi	r25, 0x01	; 1
     75e:	0e 94 b0 0f 	call	0x1f60	; 0x1f60 <uart0_print>
    uart0_print_uint32(cal->noise_sigma_z_x10000);
     762:	68 a5       	ldd	r22, Y+40	; 0x28
     764:	79 a5       	ldd	r23, Y+41	; 0x29
     766:	8a a5       	ldd	r24, Y+42	; 0x2a
     768:	9b a5       	ldd	r25, Y+43	; 0x2b
     76a:	0e 94 29 10 	call	0x2052	; 0x2052 <uart0_print_uint32>
    uart0_print(",TCAL=");
     76e:	84 e8       	ldi	r24, 0x84	; 132
     770:	91 e0       	ldi	r25, 0x01	; 1
     772:	0e 94 b0 0f 	call	0x1f60	; 0x1f60 <uart0_print>
    uart0_print_int32(cal->calibration_temperature_x100);
     776:	6c a5       	ldd	r22, Y+44	; 0x2c
     778:	7d a5       	ldd	r23, Y+45	; 0x2d
     77a:	8e a5       	ldd	r24, Y+46	; 0x2e
     77c:	9f a5       	ldd	r25, Y+47	; 0x2f
     77e:	0e 94 6e 10 	call	0x20dc	; 0x20dc <uart0_print_int32>
    uart0_print("\r\n");
     782:	8d ef       	ldi	r24, 0xFD	; 253
     784:	96 e0       	ldi	r25, 0x06	; 6
     786:	0e 94 b0 0f 	call	0x1f60	; 0x1f60 <uart0_print>
}
     78a:	df 91       	pop	r29
     78c:	cf 91       	pop	r28
     78e:	1f 91       	pop	r17
     790:	08 95       	ret

00000792 <process_command>:

static void process_command(char *line,
                            calibration_record_t *cal,
                            calibration_status_t *status,
                            uint8_t node_id)
{
     792:	6f 92       	push	r6
     794:	7f 92       	push	r7
     796:	8f 92       	push	r8
     798:	9f 92       	push	r9
     79a:	af 92       	push	r10
     79c:	bf 92       	push	r11
     79e:	cf 92       	push	r12
     7a0:	df 92       	push	r13
     7a2:	ef 92       	push	r14
     7a4:	ff 92       	push	r15
     7a6:	0f 93       	push	r16
     7a8:	1f 93       	push	r17
     7aa:	cf 93       	push	r28
     7ac:	df 93       	push	r29
     7ae:	cd b7       	in	r28, 0x3d	; 61
     7b0:	de b7       	in	r29, 0x3e	; 62
     7b2:	2c 97       	sbiw	r28, 0x0c	; 12
     7b4:	0f b6       	in	r0, 0x3f	; 63
     7b6:	f8 94       	cli
     7b8:	de bf       	out	0x3e, r29	; 62
     7ba:	0f be       	out	0x3f, r0	; 63
     7bc:	cd bf       	out	0x3d, r28	; 61
     7be:	5b 01       	movw	r10, r22
     7c0:	6a 01       	movw	r12, r20
     7c2:	f2 2e       	mov	r15, r18
    char *command = strtok(line, " ");
     7c4:	6b e8       	ldi	r22, 0x8B	; 139
     7c6:	71 e0       	ldi	r23, 0x01	; 1
     7c8:	0e 94 ff 14 	call	0x29fe	; 0x29fe <strtok>
     7cc:	8c 01       	movw	r16, r24
    if (!command) return;
     7ce:	00 97       	sbiw	r24, 0x00	; 0
     7d0:	09 f4       	brne	.+2      	; 0x7d4 <process_command+0x42>
     7d2:	f9 c1       	rjmp	.+1010   	; 0xbc6 <__stack+0x2c7>

    if (strcmp(command, "HELP") == 0) {
     7d4:	6d e8       	ldi	r22, 0x8D	; 141
     7d6:	71 e0       	ldi	r23, 0x01	; 1
     7d8:	0e 94 18 15 	call	0x2a30	; 0x2a30 <strcmp>
     7dc:	89 2b       	or	r24, r25
     7de:	29 f4       	brne	.+10     	; 0x7ea <process_command+0x58>
        uart0_print("$ND280RSP,COMMANDS=HELP|INFO|IDENTITY|DIAG|DIAG WDT TEST|CAL READ|CAL OFFSET x y z|CAL GAIN x y z|CAL NOISE x y z|CAL TEMP t|CAL SAVE|CAL RESET\r\n");
     7e0:	82 e9       	ldi	r24, 0x92	; 146
     7e2:	91 e0       	ldi	r25, 0x01	; 1
     7e4:	0e 94 b0 0f 	call	0x1f60	; 0x1f60 <uart0_print>
        return;
     7e8:	ee c1       	rjmp	.+988    	; 0xbc6 <__stack+0x2c7>
    }

    if (strcmp(command, "INFO") == 0 || strcmp(command, "IDENTITY") == 0) {
     7ea:	64 e2       	ldi	r22, 0x24	; 36
     7ec:	72 e0       	ldi	r23, 0x02	; 2
     7ee:	c8 01       	movw	r24, r16
     7f0:	0e 94 18 15 	call	0x2a30	; 0x2a30 <strcmp>
     7f4:	89 2b       	or	r24, r25
     7f6:	39 f0       	breq	.+14     	; 0x806 <__DATA_REGION_LENGTH__+0x6>
     7f8:	69 e2       	ldi	r22, 0x29	; 41
     7fa:	72 e0       	ldi	r23, 0x02	; 2
     7fc:	c8 01       	movw	r24, r16
     7fe:	0e 94 18 15 	call	0x2a30	; 0x2a30 <strcmp>
     802:	89 2b       	or	r24, r25
     804:	31 f4       	brne	.+12     	; 0x812 <__DATA_REGION_LENGTH__+0x12>
        node_identity_print_info(node_id, *status);
     806:	f6 01       	movw	r30, r12
     808:	60 81       	ld	r22, Z
     80a:	8f 2d       	mov	r24, r15
     80c:	0e 94 51 0a 	call	0x14a2	; 0x14a2 <node_identity_print_info>
        return;
     810:	da c1       	rjmp	.+948    	; 0xbc6 <__stack+0x2c7>
    }

    if (strcmp(command, "DIAG") == 0) {
     812:	62 e3       	ldi	r22, 0x32	; 50
     814:	72 e0       	ldi	r23, 0x02	; 2
     816:	c8 01       	movw	r24, r16
     818:	0e 94 18 15 	call	0x2a30	; 0x2a30 <strcmp>
     81c:	89 2b       	or	r24, r25
     81e:	69 f5       	brne	.+90     	; 0x87a <__DATA_REGION_LENGTH__+0x7a>
        char *diag_subcommand = strtok(0, " ");
     820:	6b e8       	ldi	r22, 0x8B	; 139
     822:	71 e0       	ldi	r23, 0x01	; 1
     824:	80 e0       	ldi	r24, 0x00	; 0
     826:	90 e0       	ldi	r25, 0x00	; 0
     828:	0e 94 ff 14 	call	0x29fe	; 0x29fe <strtok>
        if (diag_subcommand == 0) {
     82c:	00 97       	sbiw	r24, 0x00	; 0
     82e:	21 f4       	brne	.+8      	; 0x838 <__DATA_REGION_LENGTH__+0x38>
            diagnostics_print_response(node_id);
     830:	8f 2d       	mov	r24, r15
     832:	0e 94 ef 07 	call	0xfde	; 0xfde <diagnostics_print_response>
            return;
     836:	c7 c1       	rjmp	.+910    	; 0xbc6 <__stack+0x2c7>
        }

        if (strcmp(diag_subcommand, "WDT") == 0) {
     838:	67 e3       	ldi	r22, 0x37	; 55
     83a:	72 e0       	ldi	r23, 0x02	; 2
     83c:	0e 94 18 15 	call	0x2a30	; 0x2a30 <strcmp>
     840:	89 2b       	or	r24, r25
     842:	b1 f4       	brne	.+44     	; 0x870 <__DATA_REGION_LENGTH__+0x70>
            char *action = strtok(0, " ");
     844:	6b e8       	ldi	r22, 0x8B	; 139
     846:	71 e0       	ldi	r23, 0x01	; 1
     848:	80 e0       	ldi	r24, 0x00	; 0
     84a:	90 e0       	ldi	r25, 0x00	; 0
     84c:	0e 94 ff 14 	call	0x29fe	; 0x29fe <strtok>
            if (action != 0 && strcmp(action, "TEST") == 0) {
     850:	00 97       	sbiw	r24, 0x00	; 0
     852:	49 f0       	breq	.+18     	; 0x866 <__DATA_REGION_LENGTH__+0x66>
     854:	6b e3       	ldi	r22, 0x3B	; 59
     856:	72 e0       	ldi	r23, 0x02	; 2
     858:	0e 94 18 15 	call	0x2a30	; 0x2a30 <strcmp>
     85c:	89 2b       	or	r24, r25
     85e:	19 f4       	brne	.+6      	; 0x866 <__DATA_REGION_LENGTH__+0x66>
                watchdog_service_force_test_reset();
     860:	0e 94 43 11 	call	0x2286	; 0x2286 <watchdog_service_force_test_reset>
                return;
     864:	b0 c1       	rjmp	.+864    	; 0xbc6 <__stack+0x2c7>
            }
            response_error("BAD_DIAG_WDT_COMMAND");
     866:	80 e4       	ldi	r24, 0x40	; 64
     868:	92 e0       	ldi	r25, 0x02	; 2
     86a:	0e 94 4b 02 	call	0x496	; 0x496 <response_error>
            return;
     86e:	ab c1       	rjmp	.+854    	; 0xbc6 <__stack+0x2c7>
        }

        response_error("UNKNOWN_DIAG_SUBCOMMAND");
     870:	85 e5       	ldi	r24, 0x55	; 85
     872:	92 e0       	ldi	r25, 0x02	; 2
     874:	0e 94 4b 02 	call	0x496	; 0x496 <response_error>
        return;
     878:	a6 c1       	rjmp	.+844    	; 0xbc6 <__stack+0x2c7>
    }

    if (strcmp(command, "CAL") != 0) {
     87a:	6d e6       	ldi	r22, 0x6D	; 109
     87c:	72 e0       	ldi	r23, 0x02	; 2
     87e:	c8 01       	movw	r24, r16
     880:	0e 94 18 15 	call	0x2a30	; 0x2a30 <strcmp>
     884:	89 2b       	or	r24, r25
     886:	29 f0       	breq	.+10     	; 0x892 <__DATA_REGION_LENGTH__+0x92>
        response_error("UNKNOWN_COMMAND");
     888:	81 e7       	ldi	r24, 0x71	; 113
     88a:	92 e0       	ldi	r25, 0x02	; 2
     88c:	0e 94 4b 02 	call	0x496	; 0x496 <response_error>
        return;
     890:	9a c1       	rjmp	.+820    	; 0xbc6 <__stack+0x2c7>
    }

    char *subcommand = strtok(0, " ");
     892:	6b e8       	ldi	r22, 0x8B	; 139
     894:	71 e0       	ldi	r23, 0x01	; 1
     896:	80 e0       	ldi	r24, 0x00	; 0
     898:	90 e0       	ldi	r25, 0x00	; 0
     89a:	0e 94 ff 14 	call	0x29fe	; 0x29fe <strtok>
     89e:	8c 01       	movw	r16, r24
    if (!subcommand) {
     8a0:	00 97       	sbiw	r24, 0x00	; 0
     8a2:	29 f4       	brne	.+10     	; 0x8ae <__DATA_REGION_LENGTH__+0xae>
        response_error("MISSING_CAL_SUBCOMMAND");
     8a4:	81 e8       	ldi	r24, 0x81	; 129
     8a6:	92 e0       	ldi	r25, 0x02	; 2
     8a8:	0e 94 4b 02 	call	0x496	; 0x496 <response_error>
        return;
     8ac:	8c c1       	rjmp	.+792    	; 0xbc6 <__stack+0x2c7>
    }

    if (strcmp(subcommand, "READ") == 0) {
     8ae:	63 e2       	ldi	r22, 0x23	; 35
     8b0:	74 e0       	ldi	r23, 0x04	; 4
     8b2:	0e 94 18 15 	call	0x2a30	; 0x2a30 <strcmp>
     8b6:	89 2b       	or	r24, r25
     8b8:	31 f4       	brne	.+12     	; 0x8c6 <__DATA_REGION_LENGTH__+0xc6>
        print_calibration(cal, *status);
     8ba:	f6 01       	movw	r30, r12
     8bc:	60 81       	ld	r22, Z
     8be:	c5 01       	movw	r24, r10
     8c0:	0e 94 3d 03 	call	0x67a	; 0x67a <print_calibration>
        return;
     8c4:	80 c1       	rjmp	.+768    	; 0xbc6 <__stack+0x2c7>
    }

    if (strcmp(subcommand, "OFFSET") == 0) {
     8c6:	61 eb       	ldi	r22, 0xB1	; 177
     8c8:	72 e0       	ldi	r23, 0x02	; 2
     8ca:	c8 01       	movw	r24, r16
     8cc:	0e 94 18 15 	call	0x2a30	; 0x2a30 <strcmp>
     8d0:	89 2b       	or	r24, r25
     8d2:	09 f0       	breq	.+2      	; 0x8d6 <__DATA_REGION_LENGTH__+0xd6>
     8d4:	49 c0       	rjmp	.+146    	; 0x968 <__stack+0x69>
        int32_t x, y, z;
        if (!get_three_i32(strtok(0, " "), strtok(0, " "), strtok(0, " "), &x, &y, &z)) {
     8d6:	6b e8       	ldi	r22, 0x8B	; 139
     8d8:	71 e0       	ldi	r23, 0x01	; 1
     8da:	80 e0       	ldi	r24, 0x00	; 0
     8dc:	90 e0       	ldi	r25, 0x00	; 0
     8de:	0e 94 ff 14 	call	0x29fe	; 0x29fe <strtok>
     8e2:	3c 01       	movw	r6, r24
     8e4:	6b e8       	ldi	r22, 0x8B	; 139
     8e6:	71 e0       	ldi	r23, 0x01	; 1
     8e8:	80 e0       	ldi	r24, 0x00	; 0
     8ea:	90 e0       	ldi	r25, 0x00	; 0
     8ec:	0e 94 ff 14 	call	0x29fe	; 0x29fe <strtok>
     8f0:	4c 01       	movw	r8, r24
     8f2:	6b e8       	ldi	r22, 0x8B	; 139
     8f4:	71 e0       	ldi	r23, 0x01	; 1
     8f6:	80 e0       	ldi	r24, 0x00	; 0
     8f8:	90 e0       	ldi	r25, 0x00	; 0
     8fa:	0e 94 ff 14 	call	0x29fe	; 0x29fe <strtok>
     8fe:	9e 01       	movw	r18, r28
     900:	2f 5f       	subi	r18, 0xFF	; 255
     902:	3f 4f       	sbci	r19, 0xFF	; 255
     904:	79 01       	movw	r14, r18
     906:	8e 01       	movw	r16, r28
     908:	0b 5f       	subi	r16, 0xFB	; 251
     90a:	1f 4f       	sbci	r17, 0xFF	; 255
     90c:	28 5f       	subi	r18, 0xF8	; 248
     90e:	3f 4f       	sbci	r19, 0xFF	; 255
     910:	a3 01       	movw	r20, r6
     912:	b4 01       	movw	r22, r8
     914:	0e 94 04 03 	call	0x608	; 0x608 <get_three_i32>
     918:	81 11       	cpse	r24, r1
     91a:	05 c0       	rjmp	.+10     	; 0x926 <__stack+0x27>
            response_error("BAD_OFFSET_ARGUMENTS");
     91c:	88 e9       	ldi	r24, 0x98	; 152
     91e:	92 e0       	ldi	r25, 0x02	; 2
     920:	0e 94 4b 02 	call	0x496	; 0x496 <response_error>
            return;
     924:	50 c1       	rjmp	.+672    	; 0xbc6 <__stack+0x2c7>
        }
        cal->offset_x_x100 = x;
     926:	89 85       	ldd	r24, Y+9	; 0x09
     928:	9a 85       	ldd	r25, Y+10	; 0x0a
     92a:	ab 85       	ldd	r26, Y+11	; 0x0b
     92c:	bc 85       	ldd	r27, Y+12	; 0x0c
     92e:	f5 01       	movw	r30, r10
     930:	80 87       	std	Z+8, r24	; 0x08
     932:	91 87       	std	Z+9, r25	; 0x09
     934:	a2 87       	std	Z+10, r26	; 0x0a
     936:	b3 87       	std	Z+11, r27	; 0x0b
        cal->offset_y_x100 = y;
     938:	8d 81       	ldd	r24, Y+5	; 0x05
     93a:	9e 81       	ldd	r25, Y+6	; 0x06
     93c:	af 81       	ldd	r26, Y+7	; 0x07
     93e:	b8 85       	ldd	r27, Y+8	; 0x08
     940:	84 87       	std	Z+12, r24	; 0x0c
     942:	95 87       	std	Z+13, r25	; 0x0d
     944:	a6 87       	std	Z+14, r26	; 0x0e
     946:	b7 87       	std	Z+15, r27	; 0x0f
        cal->offset_z_x100 = z;
     948:	89 81       	ldd	r24, Y+1	; 0x01
     94a:	9a 81       	ldd	r25, Y+2	; 0x02
     94c:	ab 81       	ldd	r26, Y+3	; 0x03
     94e:	bc 81       	ldd	r27, Y+4	; 0x04
     950:	80 8b       	std	Z+16, r24	; 0x10
     952:	91 8b       	std	Z+17, r25	; 0x11
     954:	a2 8b       	std	Z+18, r26	; 0x12
     956:	b3 8b       	std	Z+19, r27	; 0x13
        *status = CALIBRATION_STATUS_DIRTY;
     958:	82 e0       	ldi	r24, 0x02	; 2
     95a:	f6 01       	movw	r30, r12
     95c:	80 83       	st	Z, r24
        response_ok("CAL_OFFSET");
     95e:	8d ea       	ldi	r24, 0xAD	; 173
     960:	92 e0       	ldi	r25, 0x02	; 2
     962:	0e 94 5c 02 	call	0x4b8	; 0x4b8 <response_ok>
        return;
     966:	2f c1       	rjmp	.+606    	; 0xbc6 <__stack+0x2c7>
    }

    if (strcmp(subcommand, "GAIN") == 0) {
     968:	6f ec       	ldi	r22, 0xCF	; 207
     96a:	72 e0       	ldi	r23, 0x02	; 2
     96c:	c8 01       	movw	r24, r16
     96e:	0e 94 18 15 	call	0x2a30	; 0x2a30 <strcmp>
     972:	89 2b       	or	r24, r25
     974:	09 f0       	breq	.+2      	; 0x978 <__stack+0x79>
     976:	58 c0       	rjmp	.+176    	; 0xa28 <__stack+0x129>
        int32_t x, y, z;
        if (!get_three_i32(strtok(0, " "), strtok(0, " "), strtok(0, " "), &x, &y, &z) ||
     978:	6b e8       	ldi	r22, 0x8B	; 139
     97a:	71 e0       	ldi	r23, 0x01	; 1
     97c:	80 e0       	ldi	r24, 0x00	; 0
     97e:	90 e0       	ldi	r25, 0x00	; 0
     980:	0e 94 ff 14 	call	0x29fe	; 0x29fe <strtok>
     984:	3c 01       	movw	r6, r24
     986:	6b e8       	ldi	r22, 0x8B	; 139
     988:	71 e0       	ldi	r23, 0x01	; 1
     98a:	80 e0       	ldi	r24, 0x00	; 0
     98c:	90 e0       	ldi	r25, 0x00	; 0
     98e:	0e 94 ff 14 	call	0x29fe	; 0x29fe <strtok>
     992:	4c 01       	movw	r8, r24
     994:	6b e8       	ldi	r22, 0x8B	; 139
     996:	71 e0       	ldi	r23, 0x01	; 1
     998:	80 e0       	ldi	r24, 0x00	; 0
     99a:	90 e0       	ldi	r25, 0x00	; 0
     99c:	0e 94 ff 14 	call	0x29fe	; 0x29fe <strtok>
     9a0:	9e 01       	movw	r18, r28
     9a2:	2f 5f       	subi	r18, 0xFF	; 255
     9a4:	3f 4f       	sbci	r19, 0xFF	; 255
     9a6:	79 01       	movw	r14, r18
     9a8:	8e 01       	movw	r16, r28
     9aa:	0b 5f       	subi	r16, 0xFB	; 251
     9ac:	1f 4f       	sbci	r17, 0xFF	; 255
     9ae:	28 5f       	subi	r18, 0xF8	; 248
     9b0:	3f 4f       	sbci	r19, 0xFF	; 255
     9b2:	a3 01       	movw	r20, r6
     9b4:	b4 01       	movw	r22, r8
     9b6:	0e 94 04 03 	call	0x608	; 0x608 <get_three_i32>
     9ba:	88 23       	and	r24, r24
     9bc:	d9 f0       	breq	.+54     	; 0x9f4 <__stack+0xf5>
            x <= 0L || y <= 0L || z <= 0L) {
     9be:	89 85       	ldd	r24, Y+9	; 0x09
     9c0:	9a 85       	ldd	r25, Y+10	; 0x0a
     9c2:	ab 85       	ldd	r26, Y+11	; 0x0b
     9c4:	bc 85       	ldd	r27, Y+12	; 0x0c
        return;
    }

    if (strcmp(subcommand, "GAIN") == 0) {
        int32_t x, y, z;
        if (!get_three_i32(strtok(0, " "), strtok(0, " "), strtok(0, " "), &x, &y, &z) ||
     9c6:	18 16       	cp	r1, r24
     9c8:	19 06       	cpc	r1, r25
     9ca:	1a 06       	cpc	r1, r26
     9cc:	1b 06       	cpc	r1, r27
     9ce:	94 f4       	brge	.+36     	; 0x9f4 <__stack+0xf5>
            x <= 0L || y <= 0L || z <= 0L) {
     9d0:	4d 81       	ldd	r20, Y+5	; 0x05
     9d2:	5e 81       	ldd	r21, Y+6	; 0x06
     9d4:	6f 81       	ldd	r22, Y+7	; 0x07
     9d6:	78 85       	ldd	r23, Y+8	; 0x08
     9d8:	14 16       	cp	r1, r20
     9da:	15 06       	cpc	r1, r21
     9dc:	16 06       	cpc	r1, r22
     9de:	17 06       	cpc	r1, r23
     9e0:	4c f4       	brge	.+18     	; 0x9f4 <__stack+0xf5>
     9e2:	09 81       	ldd	r16, Y+1	; 0x01
     9e4:	1a 81       	ldd	r17, Y+2	; 0x02
     9e6:	2b 81       	ldd	r18, Y+3	; 0x03
     9e8:	3c 81       	ldd	r19, Y+4	; 0x04
     9ea:	10 16       	cp	r1, r16
     9ec:	11 06       	cpc	r1, r17
     9ee:	12 06       	cpc	r1, r18
     9f0:	13 06       	cpc	r1, r19
     9f2:	2c f0       	brlt	.+10     	; 0x9fe <__stack+0xff>
            response_error("BAD_GAIN_ARGUMENTS");
     9f4:	88 eb       	ldi	r24, 0xB8	; 184
     9f6:	92 e0       	ldi	r25, 0x02	; 2
     9f8:	0e 94 4b 02 	call	0x496	; 0x496 <response_error>
            return;
     9fc:	e4 c0       	rjmp	.+456    	; 0xbc6 <__stack+0x2c7>
        }
        cal->gain_x_ppm = x;
     9fe:	f5 01       	movw	r30, r10
     a00:	84 8b       	std	Z+20, r24	; 0x14
     a02:	95 8b       	std	Z+21, r25	; 0x15
     a04:	a6 8b       	std	Z+22, r26	; 0x16
     a06:	b7 8b       	std	Z+23, r27	; 0x17
        cal->gain_y_ppm = y;
     a08:	40 8f       	std	Z+24, r20	; 0x18
     a0a:	51 8f       	std	Z+25, r21	; 0x19
     a0c:	62 8f       	std	Z+26, r22	; 0x1a
     a0e:	73 8f       	std	Z+27, r23	; 0x1b
        cal->gain_z_ppm = z;
     a10:	04 8f       	std	Z+28, r16	; 0x1c
     a12:	15 8f       	std	Z+29, r17	; 0x1d
     a14:	26 8f       	std	Z+30, r18	; 0x1e
     a16:	37 8f       	std	Z+31, r19	; 0x1f
        *status = CALIBRATION_STATUS_DIRTY;
     a18:	82 e0       	ldi	r24, 0x02	; 2
     a1a:	f6 01       	movw	r30, r12
     a1c:	80 83       	st	Z, r24
        response_ok("CAL_GAIN");
     a1e:	8b ec       	ldi	r24, 0xCB	; 203
     a20:	92 e0       	ldi	r25, 0x02	; 2
     a22:	0e 94 5c 02 	call	0x4b8	; 0x4b8 <response_ok>
        return;
     a26:	cf c0       	rjmp	.+414    	; 0xbc6 <__stack+0x2c7>
    }

    if (strcmp(subcommand, "NOISE") == 0) {
     a28:	6c ee       	ldi	r22, 0xEC	; 236
     a2a:	72 e0       	ldi	r23, 0x02	; 2
     a2c:	c8 01       	movw	r24, r16
     a2e:	0e 94 18 15 	call	0x2a30	; 0x2a30 <strcmp>
     a32:	89 2b       	or	r24, r25
     a34:	09 f0       	breq	.+2      	; 0xa38 <__stack+0x139>
     a36:	49 c0       	rjmp	.+146    	; 0xaca <__stack+0x1cb>
        uint32_t x, y, z;
        if (!get_three_u32(strtok(0, " "), strtok(0, " "), strtok(0, " "), &x, &y, &z)) {
     a38:	6b e8       	ldi	r22, 0x8B	; 139
     a3a:	71 e0       	ldi	r23, 0x01	; 1
     a3c:	80 e0       	ldi	r24, 0x00	; 0
     a3e:	90 e0       	ldi	r25, 0x00	; 0
     a40:	0e 94 ff 14 	call	0x29fe	; 0x29fe <strtok>
     a44:	3c 01       	movw	r6, r24
     a46:	6b e8       	ldi	r22, 0x8B	; 139
     a48:	71 e0       	ldi	r23, 0x01	; 1
     a4a:	80 e0       	ldi	r24, 0x00	; 0
     a4c:	90 e0       	ldi	r25, 0x00	; 0
     a4e:	0e 94 ff 14 	call	0x29fe	; 0x29fe <strtok>
     a52:	4c 01       	movw	r8, r24
     a54:	6b e8       	ldi	r22, 0x8B	; 139
     a56:	71 e0       	ldi	r23, 0x01	; 1
     a58:	80 e0       	ldi	r24, 0x00	; 0
     a5a:	90 e0       	ldi	r25, 0x00	; 0
     a5c:	0e 94 ff 14 	call	0x29fe	; 0x29fe <strtok>
     a60:	9e 01       	movw	r18, r28
     a62:	2f 5f       	subi	r18, 0xFF	; 255
     a64:	3f 4f       	sbci	r19, 0xFF	; 255
     a66:	79 01       	movw	r14, r18
     a68:	8e 01       	movw	r16, r28
     a6a:	0b 5f       	subi	r16, 0xFB	; 251
     a6c:	1f 4f       	sbci	r17, 0xFF	; 255
     a6e:	28 5f       	subi	r18, 0xF8	; 248
     a70:	3f 4f       	sbci	r19, 0xFF	; 255
     a72:	a3 01       	movw	r20, r6
     a74:	b4 01       	movw	r22, r8
     a76:	0e 94 9c 02 	call	0x538	; 0x538 <get_three_u32>
     a7a:	81 11       	cpse	r24, r1
     a7c:	05 c0       	rjmp	.+10     	; 0xa88 <__stack+0x189>
            response_error("BAD_NOISE_ARGUMENTS");
     a7e:	84 ed       	ldi	r24, 0xD4	; 212
     a80:	92 e0       	ldi	r25, 0x02	; 2
     a82:	0e 94 4b 02 	call	0x496	; 0x496 <response_error>
            return;
     a86:	9f c0       	rjmp	.+318    	; 0xbc6 <__stack+0x2c7>
        }
        cal->noise_sigma_x_x10000 = x;
     a88:	89 85       	ldd	r24, Y+9	; 0x09
     a8a:	9a 85       	ldd	r25, Y+10	; 0x0a
     a8c:	ab 85       	ldd	r26, Y+11	; 0x0b
     a8e:	bc 85       	ldd	r27, Y+12	; 0x0c
     a90:	f5 01       	movw	r30, r10
     a92:	80 a3       	std	Z+32, r24	; 0x20
     a94:	91 a3       	std	Z+33, r25	; 0x21
     a96:	a2 a3       	std	Z+34, r26	; 0x22
     a98:	b3 a3       	std	Z+35, r27	; 0x23
        cal->noise_sigma_y_x10000 = y;
     a9a:	8d 81       	ldd	r24, Y+5	; 0x05
     a9c:	9e 81       	ldd	r25, Y+6	; 0x06
     a9e:	af 81       	ldd	r26, Y+7	; 0x07
     aa0:	b8 85       	ldd	r27, Y+8	; 0x08
     aa2:	84 a3       	std	Z+36, r24	; 0x24
     aa4:	95 a3       	std	Z+37, r25	; 0x25
     aa6:	a6 a3       	std	Z+38, r26	; 0x26
     aa8:	b7 a3       	std	Z+39, r27	; 0x27
        cal->noise_sigma_z_x10000 = z;
     aaa:	89 81       	ldd	r24, Y+1	; 0x01
     aac:	9a 81       	ldd	r25, Y+2	; 0x02
     aae:	ab 81       	ldd	r26, Y+3	; 0x03
     ab0:	bc 81       	ldd	r27, Y+4	; 0x04
     ab2:	80 a7       	std	Z+40, r24	; 0x28
     ab4:	91 a7       	std	Z+41, r25	; 0x29
     ab6:	a2 a7       	std	Z+42, r26	; 0x2a
     ab8:	b3 a7       	std	Z+43, r27	; 0x2b
        *status = CALIBRATION_STATUS_DIRTY;
     aba:	82 e0       	ldi	r24, 0x02	; 2
     abc:	f6 01       	movw	r30, r12
     abe:	80 83       	st	Z, r24
        response_ok("CAL_NOISE");
     ac0:	88 ee       	ldi	r24, 0xE8	; 232
     ac2:	92 e0       	ldi	r25, 0x02	; 2
     ac4:	0e 94 5c 02 	call	0x4b8	; 0x4b8 <response_ok>
        return;
     ac8:	7e c0       	rjmp	.+252    	; 0xbc6 <__stack+0x2c7>
    }

    if (strcmp(subcommand, "TEMP") == 0) {
     aca:	68 e0       	ldi	r22, 0x08	; 8
     acc:	73 e0       	ldi	r23, 0x03	; 3
     ace:	c8 01       	movw	r24, r16
     ad0:	0e 94 18 15 	call	0x2a30	; 0x2a30 <strcmp>
     ad4:	89 2b       	or	r24, r25
     ad6:	29 f5       	brne	.+74     	; 0xb22 <__stack+0x223>
        int32_t value;
        char *argument = strtok(0, " ");
     ad8:	6b e8       	ldi	r22, 0x8B	; 139
     ada:	71 e0       	ldi	r23, 0x01	; 1
     adc:	80 e0       	ldi	r24, 0x00	; 0
     ade:	90 e0       	ldi	r25, 0x00	; 0
     ae0:	0e 94 ff 14 	call	0x29fe	; 0x29fe <strtok>
        if (!argument || !parse_i32(argument, &value)) {
     ae4:	00 97       	sbiw	r24, 0x00	; 0
     ae6:	39 f0       	breq	.+14     	; 0xaf6 <__stack+0x1f7>
     ae8:	be 01       	movw	r22, r28
     aea:	6f 5f       	subi	r22, 0xFF	; 255
     aec:	7f 4f       	sbci	r23, 0xFF	; 255
     aee:	0e 94 d5 02 	call	0x5aa	; 0x5aa <parse_i32>
     af2:	81 11       	cpse	r24, r1
     af4:	05 c0       	rjmp	.+10     	; 0xb00 <__stack+0x201>
            response_error("BAD_TEMP_ARGUMENT");
     af6:	82 ef       	ldi	r24, 0xF2	; 242
     af8:	92 e0       	ldi	r25, 0x02	; 2
     afa:	0e 94 4b 02 	call	0x496	; 0x496 <response_error>
            return;
     afe:	63 c0       	rjmp	.+198    	; 0xbc6 <__stack+0x2c7>
        }
        cal->calibration_temperature_x100 = value;
     b00:	89 81       	ldd	r24, Y+1	; 0x01
     b02:	9a 81       	ldd	r25, Y+2	; 0x02
     b04:	ab 81       	ldd	r26, Y+3	; 0x03
     b06:	bc 81       	ldd	r27, Y+4	; 0x04
     b08:	f5 01       	movw	r30, r10
     b0a:	84 a7       	std	Z+44, r24	; 0x2c
     b0c:	95 a7       	std	Z+45, r25	; 0x2d
     b0e:	a6 a7       	std	Z+46, r26	; 0x2e
     b10:	b7 a7       	std	Z+47, r27	; 0x2f
        *status = CALIBRATION_STATUS_DIRTY;
     b12:	82 e0       	ldi	r24, 0x02	; 2
     b14:	f6 01       	movw	r30, r12
     b16:	80 83       	st	Z, r24
        response_ok("CAL_TEMP");
     b18:	84 e0       	ldi	r24, 0x04	; 4
     b1a:	93 e0       	ldi	r25, 0x03	; 3
     b1c:	0e 94 5c 02 	call	0x4b8	; 0x4b8 <response_ok>
        return;
     b20:	52 c0       	rjmp	.+164    	; 0xbc6 <__stack+0x2c7>
    }

    if (strcmp(subcommand, "SAVE") == 0) {
     b22:	61 e1       	ldi	r22, 0x11	; 17
     b24:	73 e0       	ldi	r23, 0x03	; 3
     b26:	c8 01       	movw	r24, r16
     b28:	0e 94 18 15 	call	0x2a30	; 0x2a30 <strcmp>
     b2c:	89 2b       	or	r24, r25
     b2e:	79 f5       	brne	.+94     	; 0xb8e <__stack+0x28f>
        cal->calibration_counter++;
     b30:	f5 01       	movw	r30, r10
     b32:	80 a9       	ldd	r24, Z+48	; 0x30
     b34:	91 a9       	ldd	r25, Z+49	; 0x31
     b36:	a2 a9       	ldd	r26, Z+50	; 0x32
     b38:	b3 a9       	ldd	r27, Z+51	; 0x33
     b3a:	01 96       	adiw	r24, 0x01	; 1
     b3c:	a1 1d       	adc	r26, r1
     b3e:	b1 1d       	adc	r27, r1
     b40:	80 ab       	std	Z+48, r24	; 0x30
     b42:	91 ab       	std	Z+49, r25	; 0x31
     b44:	a2 ab       	std	Z+50, r26	; 0x32
     b46:	b3 ab       	std	Z+51, r27	; 0x33
        if (calibration_save(cal)) {
     b48:	c5 01       	movw	r24, r10
     b4a:	0e 94 7c 01 	call	0x2f8	; 0x2f8 <calibration_save>
     b4e:	88 23       	and	r24, r24
     b50:	69 f0       	breq	.+26     	; 0xb6c <__stack+0x26d>
            *status = CALIBRATION_STATUS_VALID;
     b52:	81 e0       	ldi	r24, 0x01	; 1
     b54:	f6 01       	movw	r30, r12
     b56:	80 83       	st	Z, r24
            response_ok("CAL_SAVE");
     b58:	8d e0       	ldi	r24, 0x0D	; 13
     b5a:	93 e0       	ldi	r25, 0x03	; 3
     b5c:	0e 94 5c 02 	call	0x4b8	; 0x4b8 <response_ok>
            print_calibration(cal, *status);
     b60:	f6 01       	movw	r30, r12
     b62:	60 81       	ld	r22, Z
     b64:	c5 01       	movw	r24, r10
     b66:	0e 94 3d 03 	call	0x67a	; 0x67a <print_calibration>
     b6a:	2d c0       	rjmp	.+90     	; 0xbc6 <__stack+0x2c7>
        } else {
            cal->calibration_counter--;
     b6c:	f5 01       	movw	r30, r10
     b6e:	80 a9       	ldd	r24, Z+48	; 0x30
     b70:	91 a9       	ldd	r25, Z+49	; 0x31
     b72:	a2 a9       	ldd	r26, Z+50	; 0x32
     b74:	b3 a9       	ldd	r27, Z+51	; 0x33
     b76:	01 97       	sbiw	r24, 0x01	; 1
     b78:	a1 09       	sbc	r26, r1
     b7a:	b1 09       	sbc	r27, r1
     b7c:	80 ab       	std	Z+48, r24	; 0x30
     b7e:	91 ab       	std	Z+49, r25	; 0x31
     b80:	a2 ab       	std	Z+50, r26	; 0x32
     b82:	b3 ab       	std	Z+51, r27	; 0x33
            response_error("EEPROM_VERIFY_FAILED");
     b84:	86 e1       	ldi	r24, 0x16	; 22
     b86:	93 e0       	ldi	r25, 0x03	; 3
     b88:	0e 94 4b 02 	call	0x496	; 0x496 <response_error>
     b8c:	1c c0       	rjmp	.+56     	; 0xbc6 <__stack+0x2c7>
        }
        return;
    }

    if (strcmp(subcommand, "RESET") == 0) {
     b8e:	6f e2       	ldi	r22, 0x2F	; 47
     b90:	73 e0       	ldi	r23, 0x03	; 3
     b92:	c8 01       	movw	r24, r16
     b94:	0e 94 18 15 	call	0x2a30	; 0x2a30 <strcmp>
     b98:	89 2b       	or	r24, r25
     b9a:	89 f4       	brne	.+34     	; 0xbbe <__stack+0x2bf>
        calibration_factory_reset();
     b9c:	0e 94 cf 01 	call	0x39e	; 0x39e <calibration_factory_reset>
        calibration_make_defaults(cal);
     ba0:	c5 01       	movw	r24, r10
     ba2:	0e 94 12 01 	call	0x224	; 0x224 <calibration_make_defaults>
        *status = CALIBRATION_STATUS_DEFAULT;
     ba6:	f6 01       	movw	r30, r12
     ba8:	10 82       	st	Z, r1
        response_ok("CAL_RESET");
     baa:	8b e2       	ldi	r24, 0x2B	; 43
     bac:	93 e0       	ldi	r25, 0x03	; 3
     bae:	0e 94 5c 02 	call	0x4b8	; 0x4b8 <response_ok>
        print_calibration(cal, *status);
     bb2:	f6 01       	movw	r30, r12
     bb4:	60 81       	ld	r22, Z
     bb6:	c5 01       	movw	r24, r10
     bb8:	0e 94 3d 03 	call	0x67a	; 0x67a <print_calibration>
        return;
     bbc:	04 c0       	rjmp	.+8      	; 0xbc6 <__stack+0x2c7>
    }

    response_error("UNKNOWN_CAL_SUBCOMMAND");
     bbe:	85 e3       	ldi	r24, 0x35	; 53
     bc0:	93 e0       	ldi	r25, 0x03	; 3
     bc2:	0e 94 4b 02 	call	0x496	; 0x496 <response_error>
}
     bc6:	2c 96       	adiw	r28, 0x0c	; 12
     bc8:	0f b6       	in	r0, 0x3f	; 63
     bca:	f8 94       	cli
     bcc:	de bf       	out	0x3e, r29	; 62
     bce:	0f be       	out	0x3f, r0	; 63
     bd0:	cd bf       	out	0x3d, r28	; 61
     bd2:	df 91       	pop	r29
     bd4:	cf 91       	pop	r28
     bd6:	1f 91       	pop	r17
     bd8:	0f 91       	pop	r16
     bda:	ff 90       	pop	r15
     bdc:	ef 90       	pop	r14
     bde:	df 90       	pop	r13
     be0:	cf 90       	pop	r12
     be2:	bf 90       	pop	r11
     be4:	af 90       	pop	r10
     be6:	9f 90       	pop	r9
     be8:	8f 90       	pop	r8
     bea:	7f 90       	pop	r7
     bec:	6f 90       	pop	r6
     bee:	08 95       	ret

00000bf0 <commands_process_pending>:

void commands_process_pending(calibration_record_t *calibration,
                              calibration_status_t *status,
                              uint8_t node_id)
{
     bf0:	df 92       	push	r13
     bf2:	ef 92       	push	r14
     bf4:	ff 92       	push	r15
     bf6:	0f 93       	push	r16
     bf8:	1f 93       	push	r17
     bfa:	cf 93       	push	r28
     bfc:	df 93       	push	r29
     bfe:	cd b7       	in	r28, 0x3d	; 61
     c00:	de b7       	in	r29, 0x3e	; 62
     c02:	c0 56       	subi	r28, 0x60	; 96
     c04:	d1 09       	sbc	r29, r1
     c06:	0f b6       	in	r0, 0x3f	; 63
     c08:	f8 94       	cli
     c0a:	de bf       	out	0x3e, r29	; 62
     c0c:	0f be       	out	0x3f, r0	; 63
     c0e:	cd bf       	out	0x3d, r28	; 61
     c10:	8c 01       	movw	r16, r24
     c12:	7b 01       	movw	r14, r22
     c14:	d4 2e       	mov	r13, r20
    char line[UART0_COMMAND_MAX_LENGTH];

    if (uart0_rx_overflowed()) {
     c16:	0e 94 2f 11 	call	0x225e	; 0x225e <uart0_rx_overflowed>
     c1a:	88 23       	and	r24, r24
     c1c:	91 f0       	breq	.+36     	; 0xc42 <commands_process_pending+0x52>
        uart0_clear_rx_overflow();
     c1e:	0e 94 32 11 	call	0x2264	; 0x2264 <uart0_clear_rx_overflow>
        diagnostics_record_uart_rx_overflow();
     c22:	0e 94 d3 07 	call	0xfa6	; 0xfa6 <diagnostics_record_uart_rx_overflow>
        response_error("UART_RX_OVERFLOW");
     c26:	8c e4       	ldi	r24, 0x4C	; 76
     c28:	93 e0       	ldi	r25, 0x03	; 3
     c2a:	0e 94 4b 02 	call	0x496	; 0x496 <response_error>
     c2e:	09 c0       	rjmp	.+18     	; 0xc42 <commands_process_pending+0x52>
    }

    while (uart0_readline(line, sizeof(line))) {
        diagnostics_record_uart_command();
     c30:	0e 94 c5 07 	call	0xf8a	; 0xf8a <diagnostics_record_uart_command>
        process_command(line, calibration, status, node_id);
     c34:	2d 2d       	mov	r18, r13
     c36:	a7 01       	movw	r20, r14
     c38:	b8 01       	movw	r22, r16
     c3a:	ce 01       	movw	r24, r28
     c3c:	01 96       	adiw	r24, 0x01	; 1
     c3e:	0e 94 c9 03 	call	0x792	; 0x792 <process_command>
        uart0_clear_rx_overflow();
        diagnostics_record_uart_rx_overflow();
        response_error("UART_RX_OVERFLOW");
    }

    while (uart0_readline(line, sizeof(line))) {
     c42:	60 e6       	ldi	r22, 0x60	; 96
     c44:	ce 01       	movw	r24, r28
     c46:	01 96       	adiw	r24, 0x01	; 1
     c48:	0e 94 cb 10 	call	0x2196	; 0x2196 <uart0_readline>
     c4c:	81 11       	cpse	r24, r1
     c4e:	f0 cf       	rjmp	.-32     	; 0xc30 <commands_process_pending+0x40>
        diagnostics_record_uart_command();
        process_command(line, calibration, status, node_id);
    }
}
     c50:	c0 5a       	subi	r28, 0xA0	; 160
     c52:	df 4f       	sbci	r29, 0xFF	; 255
     c54:	0f b6       	in	r0, 0x3f	; 63
     c56:	f8 94       	cli
     c58:	de bf       	out	0x3e, r29	; 62
     c5a:	0f be       	out	0x3f, r0	; 63
     c5c:	cd bf       	out	0x3d, r28	; 61
     c5e:	df 91       	pop	r29
     c60:	cf 91       	pop	r28
     c62:	1f 91       	pop	r17
     c64:	0f 91       	pop	r16
     c66:	ff 90       	pop	r15
     c68:	ef 90       	pop	r14
     c6a:	df 90       	pop	r13
     c6c:	08 95       	ret

00000c6e <crc16_ccitt>:
#include "crc16.h"

uint16_t crc16_ccitt(const void *data, size_t length)
{
     c6e:	dc 01       	movw	r26, r24
    const uint8_t *bytes = (const uint8_t *)data;
    uint16_t crc = 0xFFFFU;

    for (size_t i = 0; i < length; i++) {
     c70:	40 e0       	ldi	r20, 0x00	; 0
     c72:	50 e0       	ldi	r21, 0x00	; 0
#include "crc16.h"

uint16_t crc16_ccitt(const void *data, size_t length)
{
    const uint8_t *bytes = (const uint8_t *)data;
    uint16_t crc = 0xFFFFU;
     c74:	8f ef       	ldi	r24, 0xFF	; 255
     c76:	9f ef       	ldi	r25, 0xFF	; 255

    for (size_t i = 0; i < length; i++) {
     c78:	1b c0       	rjmp	.+54     	; 0xcb0 <crc16_ccitt+0x42>
        crc ^= (uint16_t)bytes[i] << 8;
     c7a:	fd 01       	movw	r30, r26
     c7c:	e4 0f       	add	r30, r20
     c7e:	f5 1f       	adc	r31, r21
     c80:	20 81       	ld	r18, Z
     c82:	30 e0       	ldi	r19, 0x00	; 0
     c84:	32 2f       	mov	r19, r18
     c86:	22 27       	eor	r18, r18
     c88:	82 27       	eor	r24, r18
     c8a:	93 27       	eor	r25, r19
        for (uint8_t bit = 0; bit < 8U; bit++) {
     c8c:	20 e0       	ldi	r18, 0x00	; 0
     c8e:	0c c0       	rjmp	.+24     	; 0xca8 <crc16_ccitt+0x3a>
            if (crc & 0x8000U) {
     c90:	99 23       	and	r25, r25
     c92:	3c f4       	brge	.+14     	; 0xca2 <crc16_ccitt+0x34>
                crc = (uint16_t)((crc << 1) ^ 0x1021U);
     c94:	88 0f       	add	r24, r24
     c96:	99 1f       	adc	r25, r25
     c98:	31 e2       	ldi	r19, 0x21	; 33
     c9a:	83 27       	eor	r24, r19
     c9c:	30 e1       	ldi	r19, 0x10	; 16
     c9e:	93 27       	eor	r25, r19
     ca0:	02 c0       	rjmp	.+4      	; 0xca6 <crc16_ccitt+0x38>
            } else {
                crc <<= 1;
     ca2:	88 0f       	add	r24, r24
     ca4:	99 1f       	adc	r25, r25
    const uint8_t *bytes = (const uint8_t *)data;
    uint16_t crc = 0xFFFFU;

    for (size_t i = 0; i < length; i++) {
        crc ^= (uint16_t)bytes[i] << 8;
        for (uint8_t bit = 0; bit < 8U; bit++) {
     ca6:	2f 5f       	subi	r18, 0xFF	; 255
     ca8:	28 30       	cpi	r18, 0x08	; 8
     caa:	90 f3       	brcs	.-28     	; 0xc90 <crc16_ccitt+0x22>
uint16_t crc16_ccitt(const void *data, size_t length)
{
    const uint8_t *bytes = (const uint8_t *)data;
    uint16_t crc = 0xFFFFU;

    for (size_t i = 0; i < length; i++) {
     cac:	4f 5f       	subi	r20, 0xFF	; 255
     cae:	5f 4f       	sbci	r21, 0xFF	; 255
     cb0:	46 17       	cp	r20, r22
     cb2:	57 07       	cpc	r21, r23
     cb4:	10 f3       	brcs	.-60     	; 0xc7a <crc16_ccitt+0xc>
            }
        }
    }

    return crc;
}
     cb6:	08 95       	ret

00000cb8 <timer0_init_1ms>:
     cb8:	82 e0       	ldi	r24, 0x02	; 2
     cba:	84 bd       	out	0x24, r24	; 36
     cbc:	85 bd       	out	0x25, r24	; 37
     cbe:	8c e7       	ldi	r24, 0x7C	; 124
     cc0:	87 bd       	out	0x27, r24	; 39
     cc2:	16 bc       	out	0x26, r1	; 38
     cc4:	ee e6       	ldi	r30, 0x6E	; 110
     cc6:	f0 e0       	ldi	r31, 0x00	; 0
     cc8:	80 81       	ld	r24, Z
     cca:	82 60       	ori	r24, 0x02	; 2
     ccc:	80 83       	st	Z, r24
     cce:	08 95       	ret

00000cd0 <__vector_14>:
     cd0:	1f 92       	push	r1
     cd2:	0f 92       	push	r0
     cd4:	0f b6       	in	r0, 0x3f	; 63
     cd6:	0f 92       	push	r0
     cd8:	11 24       	eor	r1, r1
     cda:	2f 93       	push	r18
     cdc:	8f 93       	push	r24
     cde:	9f 93       	push	r25
     ce0:	af 93       	push	r26
     ce2:	bf 93       	push	r27
     ce4:	80 91 2b 07 	lds	r24, 0x072B	; 0x80072b <millisecond_accumulator>
     ce8:	90 91 2c 07 	lds	r25, 0x072C	; 0x80072c <millisecond_accumulator+0x1>
     cec:	01 96       	adiw	r24, 0x01	; 1
     cee:	90 93 2c 07 	sts	0x072C, r25	; 0x80072c <millisecond_accumulator+0x1>
     cf2:	80 93 2b 07 	sts	0x072B, r24	; 0x80072b <millisecond_accumulator>
     cf6:	80 91 2b 07 	lds	r24, 0x072B	; 0x80072b <millisecond_accumulator>
     cfa:	90 91 2c 07 	lds	r25, 0x072C	; 0x80072c <millisecond_accumulator+0x1>
     cfe:	88 3e       	cpi	r24, 0xE8	; 232
     d00:	93 40       	sbci	r25, 0x03	; 3
     d02:	b8 f0       	brcs	.+46     	; 0xd32 <__vector_14+0x62>
     d04:	10 92 2c 07 	sts	0x072C, r1	; 0x80072c <millisecond_accumulator+0x1>
     d08:	10 92 2b 07 	sts	0x072B, r1	; 0x80072b <millisecond_accumulator>
     d0c:	80 91 27 07 	lds	r24, 0x0727	; 0x800727 <uptime_seconds>
     d10:	90 91 28 07 	lds	r25, 0x0728	; 0x800728 <uptime_seconds+0x1>
     d14:	a0 91 29 07 	lds	r26, 0x0729	; 0x800729 <uptime_seconds+0x2>
     d18:	b0 91 2a 07 	lds	r27, 0x072A	; 0x80072a <uptime_seconds+0x3>
     d1c:	01 96       	adiw	r24, 0x01	; 1
     d1e:	a1 1d       	adc	r26, r1
     d20:	b1 1d       	adc	r27, r1
     d22:	80 93 27 07 	sts	0x0727, r24	; 0x800727 <uptime_seconds>
     d26:	90 93 28 07 	sts	0x0728, r25	; 0x800728 <uptime_seconds+0x1>
     d2a:	a0 93 29 07 	sts	0x0729, r26	; 0x800729 <uptime_seconds+0x2>
     d2e:	b0 93 2a 07 	sts	0x072A, r27	; 0x80072a <uptime_seconds+0x3>
     d32:	bf 91       	pop	r27
     d34:	af 91       	pop	r26
     d36:	9f 91       	pop	r25
     d38:	8f 91       	pop	r24
     d3a:	2f 91       	pop	r18
     d3c:	0f 90       	pop	r0
     d3e:	0f be       	out	0x3f, r0	; 63
     d40:	0f 90       	pop	r0
     d42:	1f 90       	pop	r1
     d44:	18 95       	reti

00000d46 <diagnostics_init>:
     d46:	80 91 55 08 	lds	r24, 0x0855	; 0x800855 <__bss_end>
     d4a:	80 93 1e 07 	sts	0x071E, r24	; 0x80071e <reset_flags>
     d4e:	e2 e0       	ldi	r30, 0x02	; 2
     d50:	f7 e0       	ldi	r31, 0x07	; 7
     d52:	10 82       	st	Z, r1
     d54:	11 82       	std	Z+1, r1	; 0x01
     d56:	12 82       	std	Z+2, r1	; 0x02
     d58:	13 82       	std	Z+3, r1	; 0x03
     d5a:	14 82       	std	Z+4, r1	; 0x04
     d5c:	15 82       	std	Z+5, r1	; 0x05
     d5e:	16 82       	std	Z+6, r1	; 0x06
     d60:	17 82       	std	Z+7, r1	; 0x07
     d62:	10 86       	std	Z+8, r1	; 0x08
     d64:	11 86       	std	Z+9, r1	; 0x09
     d66:	12 86       	std	Z+10, r1	; 0x0a
     d68:	13 86       	std	Z+11, r1	; 0x0b
     d6a:	14 86       	std	Z+12, r1	; 0x0c
     d6c:	15 86       	std	Z+13, r1	; 0x0d
     d6e:	16 86       	std	Z+14, r1	; 0x0e
     d70:	17 86       	std	Z+15, r1	; 0x0f
     d72:	10 8a       	std	Z+16, r1	; 0x10
     d74:	11 8a       	std	Z+17, r1	; 0x11
     d76:	12 8a       	std	Z+18, r1	; 0x12
     d78:	13 8a       	std	Z+19, r1	; 0x13
     d7a:	14 8a       	std	Z+20, r1	; 0x14
     d7c:	15 8a       	std	Z+21, r1	; 0x15
     d7e:	16 8a       	std	Z+22, r1	; 0x16
     d80:	17 8a       	std	Z+23, r1	; 0x17
     d82:	10 8e       	std	Z+24, r1	; 0x18
     d84:	11 8e       	std	Z+25, r1	; 0x19
     d86:	12 8e       	std	Z+26, r1	; 0x1a
     d88:	13 8e       	std	Z+27, r1	; 0x1b
     d8a:	10 92 2c 07 	sts	0x072C, r1	; 0x80072c <millisecond_accumulator+0x1>
     d8e:	10 92 2b 07 	sts	0x072B, r1	; 0x80072b <millisecond_accumulator>
     d92:	10 92 27 07 	sts	0x0727, r1	; 0x800727 <uptime_seconds>
     d96:	10 92 28 07 	sts	0x0728, r1	; 0x800728 <uptime_seconds+0x1>
     d9a:	10 92 29 07 	sts	0x0729, r1	; 0x800729 <uptime_seconds+0x2>
     d9e:	10 92 2a 07 	sts	0x072A, r1	; 0x80072a <uptime_seconds+0x3>
     da2:	8c e3       	ldi	r24, 0x3C	; 60
     da4:	90 e0       	ldi	r25, 0x00	; 0
     da6:	0e 94 5b 15 	call	0x2ab6	; 0x2ab6 <eeprom_read_dword>
     daa:	60 93 23 07 	sts	0x0723, r22	; 0x800723 <boot_count>
     dae:	70 93 24 07 	sts	0x0724, r23	; 0x800724 <boot_count+0x1>
     db2:	80 93 25 07 	sts	0x0725, r24	; 0x800725 <boot_count+0x2>
     db6:	90 93 26 07 	sts	0x0726, r25	; 0x800726 <boot_count+0x3>
     dba:	6f 3f       	cpi	r22, 0xFF	; 255
     dbc:	7f 4f       	sbci	r23, 0xFF	; 255
     dbe:	8f 4f       	sbci	r24, 0xFF	; 255
     dc0:	9f 4f       	sbci	r25, 0xFF	; 255
     dc2:	41 f4       	brne	.+16     	; 0xdd4 <diagnostics_init+0x8e>
     dc4:	10 92 23 07 	sts	0x0723, r1	; 0x800723 <boot_count>
     dc8:	10 92 24 07 	sts	0x0724, r1	; 0x800724 <boot_count+0x1>
     dcc:	10 92 25 07 	sts	0x0725, r1	; 0x800725 <boot_count+0x2>
     dd0:	10 92 26 07 	sts	0x0726, r1	; 0x800726 <boot_count+0x3>
     dd4:	40 91 23 07 	lds	r20, 0x0723	; 0x800723 <boot_count>
     dd8:	50 91 24 07 	lds	r21, 0x0724	; 0x800724 <boot_count+0x1>
     ddc:	60 91 25 07 	lds	r22, 0x0725	; 0x800725 <boot_count+0x2>
     de0:	70 91 26 07 	lds	r23, 0x0726	; 0x800726 <boot_count+0x3>
     de4:	4f 5f       	subi	r20, 0xFF	; 255
     de6:	5f 4f       	sbci	r21, 0xFF	; 255
     de8:	6f 4f       	sbci	r22, 0xFF	; 255
     dea:	7f 4f       	sbci	r23, 0xFF	; 255
     dec:	40 93 23 07 	sts	0x0723, r20	; 0x800723 <boot_count>
     df0:	50 93 24 07 	sts	0x0724, r21	; 0x800724 <boot_count+0x1>
     df4:	60 93 25 07 	sts	0x0725, r22	; 0x800725 <boot_count+0x2>
     df8:	70 93 26 07 	sts	0x0726, r23	; 0x800726 <boot_count+0x3>
     dfc:	8c e3       	ldi	r24, 0x3C	; 60
     dfe:	90 e0       	ldi	r25, 0x00	; 0
     e00:	0e 94 83 15 	call	0x2b06	; 0x2b06 <eeprom_update_dword>
     e04:	88 e3       	ldi	r24, 0x38	; 56
     e06:	90 e0       	ldi	r25, 0x00	; 0
     e08:	0e 94 5b 15 	call	0x2ab6	; 0x2ab6 <eeprom_read_dword>
     e0c:	60 93 1f 07 	sts	0x071F, r22	; 0x80071f <watchdog_reset_count>
     e10:	70 93 20 07 	sts	0x0720, r23	; 0x800720 <watchdog_reset_count+0x1>
     e14:	80 93 21 07 	sts	0x0721, r24	; 0x800721 <watchdog_reset_count+0x2>
     e18:	90 93 22 07 	sts	0x0722, r25	; 0x800722 <watchdog_reset_count+0x3>
     e1c:	6f 3f       	cpi	r22, 0xFF	; 255
     e1e:	7f 4f       	sbci	r23, 0xFF	; 255
     e20:	8f 4f       	sbci	r24, 0xFF	; 255
     e22:	9f 4f       	sbci	r25, 0xFF	; 255
     e24:	41 f4       	brne	.+16     	; 0xe36 <diagnostics_init+0xf0>
     e26:	10 92 1f 07 	sts	0x071F, r1	; 0x80071f <watchdog_reset_count>
     e2a:	10 92 20 07 	sts	0x0720, r1	; 0x800720 <watchdog_reset_count+0x1>
     e2e:	10 92 21 07 	sts	0x0721, r1	; 0x800721 <watchdog_reset_count+0x2>
     e32:	10 92 22 07 	sts	0x0722, r1	; 0x800722 <watchdog_reset_count+0x3>
     e36:	80 91 1e 07 	lds	r24, 0x071E	; 0x80071e <reset_flags>
     e3a:	83 ff       	sbrs	r24, 3
     e3c:	18 c0       	rjmp	.+48     	; 0xe6e <diagnostics_init+0x128>
     e3e:	40 91 1f 07 	lds	r20, 0x071F	; 0x80071f <watchdog_reset_count>
     e42:	50 91 20 07 	lds	r21, 0x0720	; 0x800720 <watchdog_reset_count+0x1>
     e46:	60 91 21 07 	lds	r22, 0x0721	; 0x800721 <watchdog_reset_count+0x2>
     e4a:	70 91 22 07 	lds	r23, 0x0722	; 0x800722 <watchdog_reset_count+0x3>
     e4e:	4f 5f       	subi	r20, 0xFF	; 255
     e50:	5f 4f       	sbci	r21, 0xFF	; 255
     e52:	6f 4f       	sbci	r22, 0xFF	; 255
     e54:	7f 4f       	sbci	r23, 0xFF	; 255
     e56:	40 93 1f 07 	sts	0x071F, r20	; 0x80071f <watchdog_reset_count>
     e5a:	50 93 20 07 	sts	0x0720, r21	; 0x800720 <watchdog_reset_count+0x1>
     e5e:	60 93 21 07 	sts	0x0721, r22	; 0x800721 <watchdog_reset_count+0x2>
     e62:	70 93 22 07 	sts	0x0722, r23	; 0x800722 <watchdog_reset_count+0x3>
     e66:	88 e3       	ldi	r24, 0x38	; 56
     e68:	90 e0       	ldi	r25, 0x00	; 0
     e6a:	0e 94 83 15 	call	0x2b06	; 0x2b06 <eeprom_update_dword>
     e6e:	80 91 1f 07 	lds	r24, 0x071F	; 0x80071f <watchdog_reset_count>
     e72:	90 91 20 07 	lds	r25, 0x0720	; 0x800720 <watchdog_reset_count+0x1>
     e76:	a0 91 21 07 	lds	r26, 0x0721	; 0x800721 <watchdog_reset_count+0x2>
     e7a:	b0 91 22 07 	lds	r27, 0x0722	; 0x800722 <watchdog_reset_count+0x3>
     e7e:	80 93 1a 07 	sts	0x071A, r24	; 0x80071a <counters+0x18>
     e82:	90 93 1b 07 	sts	0x071B, r25	; 0x80071b <counters+0x19>
     e86:	a0 93 1c 07 	sts	0x071C, r26	; 0x80071c <counters+0x1a>
     e8a:	b0 93 1d 07 	sts	0x071D, r27	; 0x80071d <counters+0x1b>
     e8e:	0e 94 5c 06 	call	0xcb8	; 0xcb8 <timer0_init_1ms>
     e92:	08 95       	ret

00000e94 <diagnostics_get_uptime_seconds>:
     e94:	2f b7       	in	r18, 0x3f	; 63
     e96:	f8 94       	cli
     e98:	60 91 27 07 	lds	r22, 0x0727	; 0x800727 <uptime_seconds>
     e9c:	70 91 28 07 	lds	r23, 0x0728	; 0x800728 <uptime_seconds+0x1>
     ea0:	80 91 29 07 	lds	r24, 0x0729	; 0x800729 <uptime_seconds+0x2>
     ea4:	90 91 2a 07 	lds	r25, 0x072A	; 0x80072a <uptime_seconds+0x3>
     ea8:	2f bf       	out	0x3f, r18	; 63
     eaa:	08 95       	ret

00000eac <diagnostics_get_boot_count>:
     eac:	60 91 23 07 	lds	r22, 0x0723	; 0x800723 <boot_count>
     eb0:	70 91 24 07 	lds	r23, 0x0724	; 0x800724 <boot_count+0x1>
     eb4:	80 91 25 07 	lds	r24, 0x0725	; 0x800725 <boot_count+0x2>
     eb8:	90 91 26 07 	lds	r25, 0x0726	; 0x800726 <boot_count+0x3>
     ebc:	08 95       	ret

00000ebe <diagnostics_print_reset_causes>:
     ebe:	80 91 1e 07 	lds	r24, 0x071E	; 0x80071e <reset_flags>
     ec2:	80 ff       	sbrs	r24, 0
     ec4:	06 c0       	rjmp	.+12     	; 0xed2 <diagnostics_print_reset_causes+0x14>
     ec6:	8d e5       	ldi	r24, 0x5D	; 93
     ec8:	93 e0       	ldi	r25, 0x03	; 3
     eca:	0e 94 b0 0f 	call	0x1f60	; 0x1f60 <uart0_print>
     ece:	81 e0       	ldi	r24, 0x01	; 1
     ed0:	01 c0       	rjmp	.+2      	; 0xed4 <diagnostics_print_reset_causes+0x16>
     ed2:	80 e0       	ldi	r24, 0x00	; 0
     ed4:	90 91 1e 07 	lds	r25, 0x071E	; 0x80071e <reset_flags>
     ed8:	91 ff       	sbrs	r25, 1
     eda:	0a c0       	rjmp	.+20     	; 0xef0 <diagnostics_print_reset_causes+0x32>
     edc:	88 23       	and	r24, r24
     ede:	19 f0       	breq	.+6      	; 0xee6 <diagnostics_print_reset_causes+0x28>
     ee0:	8c e7       	ldi	r24, 0x7C	; 124
     ee2:	0e 94 a9 0f 	call	0x1f52	; 0x1f52 <uart0_putc>
     ee6:	86 e6       	ldi	r24, 0x66	; 102
     ee8:	93 e0       	ldi	r25, 0x03	; 3
     eea:	0e 94 b0 0f 	call	0x1f60	; 0x1f60 <uart0_print>
     eee:	81 e0       	ldi	r24, 0x01	; 1
     ef0:	90 91 1e 07 	lds	r25, 0x071E	; 0x80071e <reset_flags>
     ef4:	92 ff       	sbrs	r25, 2
     ef6:	0a c0       	rjmp	.+20     	; 0xf0c <diagnostics_print_reset_causes+0x4e>
     ef8:	88 23       	and	r24, r24
     efa:	19 f0       	breq	.+6      	; 0xf02 <diagnostics_print_reset_causes+0x44>
     efc:	8c e7       	ldi	r24, 0x7C	; 124
     efe:	0e 94 a9 0f 	call	0x1f52	; 0x1f52 <uart0_putc>
     f02:	8f e6       	ldi	r24, 0x6F	; 111
     f04:	93 e0       	ldi	r25, 0x03	; 3
     f06:	0e 94 b0 0f 	call	0x1f60	; 0x1f60 <uart0_print>
     f0a:	81 e0       	ldi	r24, 0x01	; 1
     f0c:	90 91 1e 07 	lds	r25, 0x071E	; 0x80071e <reset_flags>
     f10:	93 ff       	sbrs	r25, 3
     f12:	0a c0       	rjmp	.+20     	; 0xf28 <diagnostics_print_reset_causes+0x6a>
     f14:	88 23       	and	r24, r24
     f16:	19 f0       	breq	.+6      	; 0xf1e <diagnostics_print_reset_causes+0x60>
     f18:	8c e7       	ldi	r24, 0x7C	; 124
     f1a:	0e 94 a9 0f 	call	0x1f52	; 0x1f52 <uart0_putc>
     f1e:	89 e7       	ldi	r24, 0x79	; 121
     f20:	93 e0       	ldi	r25, 0x03	; 3
     f22:	0e 94 b0 0f 	call	0x1f60	; 0x1f60 <uart0_print>
     f26:	81 e0       	ldi	r24, 0x01	; 1
     f28:	81 11       	cpse	r24, r1
     f2a:	04 c0       	rjmp	.+8      	; 0xf34 <diagnostics_print_reset_causes+0x76>
     f2c:	82 e8       	ldi	r24, 0x82	; 130
     f2e:	93 e0       	ldi	r25, 0x03	; 3
     f30:	0e 94 b0 0f 	call	0x1f60	; 0x1f60 <uart0_print>
     f34:	08 95       	ret

00000f36 <diagnostics_record_measurement_ok>:
     f36:	e2 e0       	ldi	r30, 0x02	; 2
     f38:	f7 e0       	ldi	r31, 0x07	; 7
     f3a:	80 81       	ld	r24, Z
     f3c:	91 81       	ldd	r25, Z+1	; 0x01
     f3e:	a2 81       	ldd	r26, Z+2	; 0x02
     f40:	b3 81       	ldd	r27, Z+3	; 0x03
     f42:	01 96       	adiw	r24, 0x01	; 1
     f44:	a1 1d       	adc	r26, r1
     f46:	b1 1d       	adc	r27, r1
     f48:	80 83       	st	Z, r24
     f4a:	91 83       	std	Z+1, r25	; 0x01
     f4c:	a2 83       	std	Z+2, r26	; 0x02
     f4e:	b3 83       	std	Z+3, r27	; 0x03
     f50:	08 95       	ret

00000f52 <diagnostics_record_measurement_failed>:
     f52:	e2 e0       	ldi	r30, 0x02	; 2
     f54:	f7 e0       	ldi	r31, 0x07	; 7
     f56:	84 81       	ldd	r24, Z+4	; 0x04
     f58:	95 81       	ldd	r25, Z+5	; 0x05
     f5a:	a6 81       	ldd	r26, Z+6	; 0x06
     f5c:	b7 81       	ldd	r27, Z+7	; 0x07
     f5e:	01 96       	adiw	r24, 0x01	; 1
     f60:	a1 1d       	adc	r26, r1
     f62:	b1 1d       	adc	r27, r1
     f64:	84 83       	std	Z+4, r24	; 0x04
     f66:	95 83       	std	Z+5, r25	; 0x05
     f68:	a6 83       	std	Z+6, r26	; 0x06
     f6a:	b7 83       	std	Z+7, r27	; 0x07
     f6c:	08 95       	ret

00000f6e <diagnostics_record_twi_error>:
     f6e:	e2 e0       	ldi	r30, 0x02	; 2
     f70:	f7 e0       	ldi	r31, 0x07	; 7
     f72:	80 85       	ldd	r24, Z+8	; 0x08
     f74:	91 85       	ldd	r25, Z+9	; 0x09
     f76:	a2 85       	ldd	r26, Z+10	; 0x0a
     f78:	b3 85       	ldd	r27, Z+11	; 0x0b
     f7a:	01 96       	adiw	r24, 0x01	; 1
     f7c:	a1 1d       	adc	r26, r1
     f7e:	b1 1d       	adc	r27, r1
     f80:	80 87       	std	Z+8, r24	; 0x08
     f82:	91 87       	std	Z+9, r25	; 0x09
     f84:	a2 87       	std	Z+10, r26	; 0x0a
     f86:	b3 87       	std	Z+11, r27	; 0x0b
     f88:	08 95       	ret

00000f8a <diagnostics_record_uart_command>:
     f8a:	e2 e0       	ldi	r30, 0x02	; 2
     f8c:	f7 e0       	ldi	r31, 0x07	; 7
     f8e:	84 85       	ldd	r24, Z+12	; 0x0c
     f90:	95 85       	ldd	r25, Z+13	; 0x0d
     f92:	a6 85       	ldd	r26, Z+14	; 0x0e
     f94:	b7 85       	ldd	r27, Z+15	; 0x0f
     f96:	01 96       	adiw	r24, 0x01	; 1
     f98:	a1 1d       	adc	r26, r1
     f9a:	b1 1d       	adc	r27, r1
     f9c:	84 87       	std	Z+12, r24	; 0x0c
     f9e:	95 87       	std	Z+13, r25	; 0x0d
     fa0:	a6 87       	std	Z+14, r26	; 0x0e
     fa2:	b7 87       	std	Z+15, r27	; 0x0f
     fa4:	08 95       	ret

00000fa6 <diagnostics_record_uart_rx_overflow>:
     fa6:	e2 e0       	ldi	r30, 0x02	; 2
     fa8:	f7 e0       	ldi	r31, 0x07	; 7
     faa:	80 89       	ldd	r24, Z+16	; 0x10
     fac:	91 89       	ldd	r25, Z+17	; 0x11
     fae:	a2 89       	ldd	r26, Z+18	; 0x12
     fb0:	b3 89       	ldd	r27, Z+19	; 0x13
     fb2:	01 96       	adiw	r24, 0x01	; 1
     fb4:	a1 1d       	adc	r26, r1
     fb6:	b1 1d       	adc	r27, r1
     fb8:	80 8b       	std	Z+16, r24	; 0x10
     fba:	91 8b       	std	Z+17, r25	; 0x11
     fbc:	a2 8b       	std	Z+18, r26	; 0x12
     fbe:	b3 8b       	std	Z+19, r27	; 0x13
     fc0:	08 95       	ret

00000fc2 <diagnostics_record_eeprom_error>:
     fc2:	e2 e0       	ldi	r30, 0x02	; 2
     fc4:	f7 e0       	ldi	r31, 0x07	; 7
     fc6:	84 89       	ldd	r24, Z+20	; 0x14
     fc8:	95 89       	ldd	r25, Z+21	; 0x15
     fca:	a6 89       	ldd	r26, Z+22	; 0x16
     fcc:	b7 89       	ldd	r27, Z+23	; 0x17
     fce:	01 96       	adiw	r24, 0x01	; 1
     fd0:	a1 1d       	adc	r26, r1
     fd2:	b1 1d       	adc	r27, r1
     fd4:	84 8b       	std	Z+20, r24	; 0x14
     fd6:	95 8b       	std	Z+21, r25	; 0x15
     fd8:	a6 8b       	std	Z+22, r26	; 0x16
     fda:	b7 8b       	std	Z+23, r27	; 0x17
     fdc:	08 95       	ret

00000fde <diagnostics_print_response>:
}

void diagnostics_print_response(uint8_t node_id)
{
     fde:	cf 93       	push	r28
     fe0:	df 93       	push	r29
     fe2:	c8 2f       	mov	r28, r24
    uart0_print("$ND280DIAG,ID=");
     fe4:	8a e8       	ldi	r24, 0x8A	; 138
     fe6:	93 e0       	ldi	r25, 0x03	; 3
     fe8:	0e 94 b0 0f 	call	0x1f60	; 0x1f60 <uart0_print>
    uart0_print_uint16(node_id);
     fec:	8c 2f       	mov	r24, r28
     fee:	90 e0       	ldi	r25, 0x00	; 0
     ff0:	0e 94 d2 0f 	call	0x1fa4	; 0x1fa4 <uart0_print_uint16>
    uart0_print(",UPTIME_S=");
     ff4:	89 e9       	ldi	r24, 0x99	; 153
     ff6:	93 e0       	ldi	r25, 0x03	; 3
     ff8:	0e 94 b0 0f 	call	0x1f60	; 0x1f60 <uart0_print>
    uart0_print_uint32(diagnostics_get_uptime_seconds());
     ffc:	0e 94 4a 07 	call	0xe94	; 0xe94 <diagnostics_get_uptime_seconds>
    1000:	0e 94 29 10 	call	0x2052	; 0x2052 <uart0_print_uint32>
    uart0_print(",BOOTS=");
    1004:	84 ea       	ldi	r24, 0xA4	; 164
    1006:	93 e0       	ldi	r25, 0x03	; 3
    1008:	0e 94 b0 0f 	call	0x1f60	; 0x1f60 <uart0_print>
    uart0_print_uint32(boot_count);
    100c:	60 91 23 07 	lds	r22, 0x0723	; 0x800723 <boot_count>
    1010:	70 91 24 07 	lds	r23, 0x0724	; 0x800724 <boot_count+0x1>
    1014:	80 91 25 07 	lds	r24, 0x0725	; 0x800725 <boot_count+0x2>
    1018:	90 91 26 07 	lds	r25, 0x0726	; 0x800726 <boot_count+0x3>
    101c:	0e 94 29 10 	call	0x2052	; 0x2052 <uart0_print_uint32>
    uart0_print(",MEAS_OK=");
    1020:	8c ea       	ldi	r24, 0xAC	; 172
    1022:	93 e0       	ldi	r25, 0x03	; 3
    1024:	0e 94 b0 0f 	call	0x1f60	; 0x1f60 <uart0_print>
    uart0_print_uint32(counters.measurements_ok);
    1028:	c2 e0       	ldi	r28, 0x02	; 2
    102a:	d7 e0       	ldi	r29, 0x07	; 7
    102c:	68 81       	ld	r22, Y
    102e:	79 81       	ldd	r23, Y+1	; 0x01
    1030:	8a 81       	ldd	r24, Y+2	; 0x02
    1032:	9b 81       	ldd	r25, Y+3	; 0x03
    1034:	0e 94 29 10 	call	0x2052	; 0x2052 <uart0_print_uint32>
    uart0_print(",MEAS_FAIL=");
    1038:	86 eb       	ldi	r24, 0xB6	; 182
    103a:	93 e0       	ldi	r25, 0x03	; 3
    103c:	0e 94 b0 0f 	call	0x1f60	; 0x1f60 <uart0_print>
    uart0_print_uint32(counters.measurements_failed);
    1040:	6c 81       	ldd	r22, Y+4	; 0x04
    1042:	7d 81       	ldd	r23, Y+5	; 0x05
    1044:	8e 81       	ldd	r24, Y+6	; 0x06
    1046:	9f 81       	ldd	r25, Y+7	; 0x07
    1048:	0e 94 29 10 	call	0x2052	; 0x2052 <uart0_print_uint32>
    uart0_print(",TWI_ERR=");
    104c:	82 ec       	ldi	r24, 0xC2	; 194
    104e:	93 e0       	ldi	r25, 0x03	; 3
    1050:	0e 94 b0 0f 	call	0x1f60	; 0x1f60 <uart0_print>
    uart0_print_uint32(counters.twi_errors);
    1054:	68 85       	ldd	r22, Y+8	; 0x08
    1056:	79 85       	ldd	r23, Y+9	; 0x09
    1058:	8a 85       	ldd	r24, Y+10	; 0x0a
    105a:	9b 85       	ldd	r25, Y+11	; 0x0b
    105c:	0e 94 29 10 	call	0x2052	; 0x2052 <uart0_print_uint32>
    uart0_print(",UART_CMD=");
    1060:	8c ec       	ldi	r24, 0xCC	; 204
    1062:	93 e0       	ldi	r25, 0x03	; 3
    1064:	0e 94 b0 0f 	call	0x1f60	; 0x1f60 <uart0_print>
    uart0_print_uint32(counters.uart_commands);
    1068:	6c 85       	ldd	r22, Y+12	; 0x0c
    106a:	7d 85       	ldd	r23, Y+13	; 0x0d
    106c:	8e 85       	ldd	r24, Y+14	; 0x0e
    106e:	9f 85       	ldd	r25, Y+15	; 0x0f
    1070:	0e 94 29 10 	call	0x2052	; 0x2052 <uart0_print_uint32>
    uart0_print(",UART_OVF=");
    1074:	87 ed       	ldi	r24, 0xD7	; 215
    1076:	93 e0       	ldi	r25, 0x03	; 3
    1078:	0e 94 b0 0f 	call	0x1f60	; 0x1f60 <uart0_print>
    uart0_print_uint32(counters.uart_rx_overflows);
    107c:	68 89       	ldd	r22, Y+16	; 0x10
    107e:	79 89       	ldd	r23, Y+17	; 0x11
    1080:	8a 89       	ldd	r24, Y+18	; 0x12
    1082:	9b 89       	ldd	r25, Y+19	; 0x13
    1084:	0e 94 29 10 	call	0x2052	; 0x2052 <uart0_print_uint32>
    uart0_print(",EEPROM_ERR=");
    1088:	82 ee       	ldi	r24, 0xE2	; 226
    108a:	93 e0       	ldi	r25, 0x03	; 3
    108c:	0e 94 b0 0f 	call	0x1f60	; 0x1f60 <uart0_print>
    uart0_print_uint32(counters.eeprom_errors);
    1090:	6c 89       	ldd	r22, Y+20	; 0x14
    1092:	7d 89       	ldd	r23, Y+21	; 0x15
    1094:	8e 89       	ldd	r24, Y+22	; 0x16
    1096:	9f 89       	ldd	r25, Y+23	; 0x17
    1098:	0e 94 29 10 	call	0x2052	; 0x2052 <uart0_print_uint32>
    uart0_print(",WDT_RESETS=");
    109c:	8f ee       	ldi	r24, 0xEF	; 239
    109e:	93 e0       	ldi	r25, 0x03	; 3
    10a0:	0e 94 b0 0f 	call	0x1f60	; 0x1f60 <uart0_print>
    uart0_print_uint32(watchdog_reset_count);
    10a4:	60 91 1f 07 	lds	r22, 0x071F	; 0x80071f <watchdog_reset_count>
    10a8:	70 91 20 07 	lds	r23, 0x0720	; 0x800720 <watchdog_reset_count+0x1>
    10ac:	80 91 21 07 	lds	r24, 0x0721	; 0x800721 <watchdog_reset_count+0x2>
    10b0:	90 91 22 07 	lds	r25, 0x0722	; 0x800722 <watchdog_reset_count+0x3>
    10b4:	0e 94 29 10 	call	0x2052	; 0x2052 <uart0_print_uint32>
    uart0_print(",RESET=");
    10b8:	8c ef       	ldi	r24, 0xFC	; 252
    10ba:	93 e0       	ldi	r25, 0x03	; 3
    10bc:	0e 94 b0 0f 	call	0x1f60	; 0x1f60 <uart0_print>
    diagnostics_print_reset_causes();
    10c0:	0e 94 5f 07 	call	0xebe	; 0xebe <diagnostics_print_reset_causes>
    uart0_print(",RESET_FLAGS=0x");
    10c4:	84 e0       	ldi	r24, 0x04	; 4
    10c6:	94 e0       	ldi	r25, 0x04	; 4
    10c8:	0e 94 b0 0f 	call	0x1f60	; 0x1f60 <uart0_print>
    uart0_print_hex8(reset_flags);
    10cc:	80 91 1e 07 	lds	r24, 0x071E	; 0x80071e <reset_flags>
    10d0:	0e 94 bd 0f 	call	0x1f7a	; 0x1f7a <uart0_print_hex8>
    uart0_print("\r\n");
    10d4:	8d ef       	ldi	r24, 0xFD	; 253
    10d6:	96 e0       	ldi	r25, 0x06	; 6
    10d8:	0e 94 b0 0f 	call	0x1f60	; 0x1f60 <uart0_print>
}
    10dc:	df 91       	pop	r29
    10de:	cf 91       	pop	r28
    10e0:	08 95       	ret

000010e2 <main>:
#include "node_app.h"

int main(void)
{
    node_app_init();
    10e2:	0e 94 86 09 	call	0x130c	; 0x130c <node_app_init>

    while (1) {
        node_app_process();
    10e6:	0e 94 d7 09 	call	0x13ae	; 0x13ae <node_app_process>
    10ea:	fd cf       	rjmp	.-6      	; 0x10e6 <main+0x4>

000010ec <measurement_service_acquire_average>:

uint8_t measurement_service_acquire_average(
    const calibration_record_t *calibration,
    measurement_result_t *result,
    void (*background_process)(void))
{
    10ec:	2f 92       	push	r2
    10ee:	3f 92       	push	r3
    10f0:	4f 92       	push	r4
    10f2:	5f 92       	push	r5
    10f4:	6f 92       	push	r6
    10f6:	7f 92       	push	r7
    10f8:	8f 92       	push	r8
    10fa:	9f 92       	push	r9
    10fc:	af 92       	push	r10
    10fe:	bf 92       	push	r11
    1100:	cf 92       	push	r12
    1102:	df 92       	push	r13
    1104:	ef 92       	push	r14
    1106:	ff 92       	push	r15
    1108:	0f 93       	push	r16
    110a:	1f 93       	push	r17
    110c:	cf 93       	push	r28
    110e:	df 93       	push	r29
    1110:	cd b7       	in	r28, 0x3d	; 61
    1112:	de b7       	in	r29, 0x3e	; 62
    1114:	6a 97       	sbiw	r28, 0x1a	; 26
    1116:	0f b6       	in	r0, 0x3f	; 63
    1118:	f8 94       	cli
    111a:	de bf       	out	0x3e, r29	; 62
    111c:	0f be       	out	0x3f, r0	; 63
    111e:	cd bf       	out	0x3d, r28	; 61
    int32_t sum_by = 0;
    int32_t sum_bz = 0;
    uint8_t last_status = 0;
    uint8_t valid = 0;

    if (calibration == 0 || result == 0) return 0U;
    1120:	00 97       	sbiw	r24, 0x00	; 0
    1122:	09 f4       	brne	.+2      	; 0x1126 <measurement_service_acquire_average+0x3a>
    1124:	b6 c0       	rjmp	.+364    	; 0x1292 <measurement_service_acquire_average+0x1a6>
    1126:	61 15       	cp	r22, r1
    1128:	71 05       	cpc	r23, r1
    112a:	09 f4       	brne	.+2      	; 0x112e <measurement_service_acquire_average+0x42>
    112c:	b4 c0       	rjmp	.+360    	; 0x1296 <measurement_service_acquire_average+0x1aa>
    112e:	1a 01       	movw	r2, r20
    1130:	78 8b       	std	Y+16, r23	; 0x10
    1132:	6f 87       	std	Y+15, r22	; 0x0f
    1134:	9e 8b       	std	Y+22, r25	; 0x16
    1136:	8d 8b       	std	Y+21, r24	; 0x15
    1138:	10 e0       	ldi	r17, 0x00	; 0
    113a:	00 e0       	ldi	r16, 0x00	; 0
    113c:	1e 86       	std	Y+14, r1	; 0x0e
    113e:	41 2c       	mov	r4, r1
    1140:	51 2c       	mov	r5, r1
    1142:	32 01       	movw	r6, r4
    1144:	1a 86       	std	Y+10, r1	; 0x0a
    1146:	1b 86       	std	Y+11, r1	; 0x0b
    1148:	1c 86       	std	Y+12, r1	; 0x0c
    114a:	1d 86       	std	Y+13, r1	; 0x0d
    114c:	81 2c       	mov	r8, r1
    114e:	91 2c       	mov	r9, r1
    1150:	54 01       	movw	r10, r8
    1152:	c1 2c       	mov	r12, r1
    1154:	d1 2c       	mov	r13, r1
    1156:	76 01       	movw	r14, r12
    1158:	45 c0       	rjmp	.+138    	; 0x11e4 <measurement_service_acquire_average+0xf8>

    for (uint8_t index = 0; index < AVERAGE_SAMPLES; index++) {
        tmag5273_raw_sample_t sample;

        if (tmag5273_read_raw(&sample)) {
    115a:	ce 01       	movw	r24, r28
    115c:	01 96       	adiw	r24, 0x01	; 1
    115e:	0e 94 1b 0c 	call	0x1836	; 0x1836 <tmag5273_read_raw>
    1162:	88 23       	and	r24, r24
    1164:	99 f1       	breq	.+102    	; 0x11cc <measurement_service_acquire_average+0xe0>
            sum_temperature += sample.temperature_raw;
    1166:	89 81       	ldd	r24, Y+1	; 0x01
    1168:	9a 81       	ldd	r25, Y+2	; 0x02
    116a:	09 2e       	mov	r0, r25
    116c:	00 0c       	add	r0, r0
    116e:	aa 0b       	sbc	r26, r26
    1170:	bb 0b       	sbc	r27, r27
    1172:	c8 0e       	add	r12, r24
    1174:	d9 1e       	adc	r13, r25
    1176:	ea 1e       	adc	r14, r26
    1178:	fb 1e       	adc	r15, r27
            sum_bx += sample.bx_raw;
    117a:	8b 81       	ldd	r24, Y+3	; 0x03
    117c:	9c 81       	ldd	r25, Y+4	; 0x04
    117e:	09 2e       	mov	r0, r25
    1180:	00 0c       	add	r0, r0
    1182:	aa 0b       	sbc	r26, r26
    1184:	bb 0b       	sbc	r27, r27
    1186:	88 0e       	add	r8, r24
    1188:	99 1e       	adc	r9, r25
    118a:	aa 1e       	adc	r10, r26
    118c:	bb 1e       	adc	r11, r27
            sum_by += sample.by_raw;
    118e:	8d 81       	ldd	r24, Y+5	; 0x05
    1190:	9e 81       	ldd	r25, Y+6	; 0x06
    1192:	09 2e       	mov	r0, r25
    1194:	00 0c       	add	r0, r0
    1196:	aa 0b       	sbc	r26, r26
    1198:	bb 0b       	sbc	r27, r27
    119a:	2a 85       	ldd	r18, Y+10	; 0x0a
    119c:	3b 85       	ldd	r19, Y+11	; 0x0b
    119e:	4c 85       	ldd	r20, Y+12	; 0x0c
    11a0:	5d 85       	ldd	r21, Y+13	; 0x0d
    11a2:	28 0f       	add	r18, r24
    11a4:	39 1f       	adc	r19, r25
    11a6:	4a 1f       	adc	r20, r26
    11a8:	5b 1f       	adc	r21, r27
    11aa:	2a 87       	std	Y+10, r18	; 0x0a
    11ac:	3b 87       	std	Y+11, r19	; 0x0b
    11ae:	4c 87       	std	Y+12, r20	; 0x0c
    11b0:	5d 87       	std	Y+13, r21	; 0x0d
            sum_bz += sample.bz_raw;
    11b2:	8f 81       	ldd	r24, Y+7	; 0x07
    11b4:	98 85       	ldd	r25, Y+8	; 0x08
    11b6:	09 2e       	mov	r0, r25
    11b8:	00 0c       	add	r0, r0
    11ba:	aa 0b       	sbc	r26, r26
    11bc:	bb 0b       	sbc	r27, r27
    11be:	48 0e       	add	r4, r24
    11c0:	59 1e       	adc	r5, r25
    11c2:	6a 1e       	adc	r6, r26
    11c4:	7b 1e       	adc	r7, r27
            last_status = sample.status;
    11c6:	39 85       	ldd	r19, Y+9	; 0x09
    11c8:	3e 87       	std	Y+14, r19	; 0x0e
            valid++;
    11ca:	0f 5f       	subi	r16, 0xFF	; 255
        }

        if (background_process != 0) background_process();
    11cc:	21 14       	cp	r2, r1
    11ce:	31 04       	cpc	r3, r1
    11d0:	11 f0       	breq	.+4      	; 0x11d6 <measurement_service_acquire_average+0xea>
    11d2:	f1 01       	movw	r30, r2
    11d4:	09 95       	icall
	#else
		//round up by default
		__ticks_dc = (uint32_t)(ceil(fabs(__tmp)));
	#endif

	__builtin_avr_delay_cycles(__ticks_dc);
    11d6:	87 ea       	ldi	r24, 0xA7	; 167
    11d8:	91 e6       	ldi	r25, 0x61	; 97
    11da:	01 97       	sbiw	r24, 0x01	; 1
    11dc:	f1 f7       	brne	.-4      	; 0x11da <measurement_service_acquire_average+0xee>
    11de:	00 c0       	rjmp	.+0      	; 0x11e0 <measurement_service_acquire_average+0xf4>
    11e0:	00 00       	nop
    uint8_t last_status = 0;
    uint8_t valid = 0;

    if (calibration == 0 || result == 0) return 0U;

    for (uint8_t index = 0; index < AVERAGE_SAMPLES; index++) {
    11e2:	1f 5f       	subi	r17, 0xFF	; 255
    11e4:	1a 30       	cpi	r17, 0x0A	; 10
    11e6:	08 f4       	brcc	.+2      	; 0x11ea <measurement_service_acquire_average+0xfe>
    11e8:	b8 cf       	rjmp	.-144    	; 0x115a <measurement_service_acquire_average+0x6e>

        if (background_process != 0) background_process();
        _delay_ms(SAMPLE_INTERVAL_MS);
    }

    result->valid_samples = valid;
    11ea:	af 85       	ldd	r26, Y+15	; 0x0f
    11ec:	b8 89       	ldd	r27, Y+16	; 0x10
    11ee:	51 96       	adiw	r26, 0x11	; 17
    11f0:	0c 93       	st	X, r16
    if (valid == 0U) return 0U;
    11f2:	00 23       	and	r16, r16
    11f4:	09 f4       	brne	.+2      	; 0x11f8 <measurement_service_acquire_average+0x10c>
    11f6:	51 c0       	rjmp	.+162    	; 0x129a <measurement_service_acquire_average+0x1ae>

    tmag5273_convert_averaged_raw(sum_temperature / valid,
    11f8:	20 2f       	mov	r18, r16
    11fa:	30 e0       	ldi	r19, 0x00	; 0
    11fc:	40 e0       	ldi	r20, 0x00	; 0
    11fe:	50 e0       	ldi	r21, 0x00	; 0
    1200:	29 8b       	std	Y+17, r18	; 0x11
    1202:	3a 8b       	std	Y+18, r19	; 0x12
    1204:	4b 8b       	std	Y+19, r20	; 0x13
    1206:	5c 8b       	std	Y+20, r21	; 0x14
    1208:	c3 01       	movw	r24, r6
    120a:	b2 01       	movw	r22, r4
    120c:	0e 94 76 11 	call	0x22ec	; 0x22ec <__divmodsi4>
    1210:	2f 8b       	std	Y+23, r18	; 0x17
    1212:	38 8f       	std	Y+24, r19	; 0x18
    1214:	49 8f       	std	Y+25, r20	; 0x19
    1216:	5a 8f       	std	Y+26, r21	; 0x1a
    1218:	6a 85       	ldd	r22, Y+10	; 0x0a
    121a:	7b 85       	ldd	r23, Y+11	; 0x0b
    121c:	8c 85       	ldd	r24, Y+12	; 0x0c
    121e:	9d 85       	ldd	r25, Y+13	; 0x0d
    1220:	29 89       	ldd	r18, Y+17	; 0x11
    1222:	3a 89       	ldd	r19, Y+18	; 0x12
    1224:	4b 89       	ldd	r20, Y+19	; 0x13
    1226:	5c 89       	ldd	r21, Y+20	; 0x14
    1228:	0e 94 76 11 	call	0x22ec	; 0x22ec <__divmodsi4>
    122c:	2a 87       	std	Y+10, r18	; 0x0a
    122e:	3b 87       	std	Y+11, r19	; 0x0b
    1230:	4c 87       	std	Y+12, r20	; 0x0c
    1232:	5d 87       	std	Y+13, r21	; 0x0d
    1234:	c5 01       	movw	r24, r10
    1236:	b4 01       	movw	r22, r8
    1238:	29 89       	ldd	r18, Y+17	; 0x11
    123a:	3a 89       	ldd	r19, Y+18	; 0x12
    123c:	4b 89       	ldd	r20, Y+19	; 0x13
    123e:	5c 89       	ldd	r21, Y+20	; 0x14
    1240:	0e 94 76 11 	call	0x22ec	; 0x22ec <__divmodsi4>
    1244:	29 01       	movw	r4, r18
    1246:	3a 01       	movw	r6, r20
    1248:	c7 01       	movw	r24, r14
    124a:	b6 01       	movw	r22, r12
    124c:	29 89       	ldd	r18, Y+17	; 0x11
    124e:	3a 89       	ldd	r19, Y+18	; 0x12
    1250:	4b 89       	ldd	r20, Y+19	; 0x13
    1252:	5c 89       	ldd	r21, Y+20	; 0x14
    1254:	0e 94 76 11 	call	0x22ec	; 0x22ec <__divmodsi4>
    1258:	ca 01       	movw	r24, r20
    125a:	b9 01       	movw	r22, r18
    125c:	38 89       	ldd	r19, Y+16	; 0x10
    125e:	3f 93       	push	r19
    1260:	4f 85       	ldd	r20, Y+15	; 0x0f
    1262:	4f 93       	push	r20
    1264:	8e 84       	ldd	r8, Y+14	; 0x0e
    1266:	af 88       	ldd	r10, Y+23	; 0x17
    1268:	b8 8c       	ldd	r11, Y+24	; 0x18
    126a:	c9 8c       	ldd	r12, Y+25	; 0x19
    126c:	da 8c       	ldd	r13, Y+26	; 0x1a
    126e:	ea 84       	ldd	r14, Y+10	; 0x0a
    1270:	fb 84       	ldd	r15, Y+11	; 0x0b
    1272:	0c 85       	ldd	r16, Y+12	; 0x0c
    1274:	1d 85       	ldd	r17, Y+13	; 0x0d
    1276:	a3 01       	movw	r20, r6
    1278:	92 01       	movw	r18, r4
    127a:	0e 94 74 0c 	call	0x18e8	; 0x18e8 <tmag5273_convert_averaged_raw>
                                  sum_by / valid,
                                  sum_bz / valid,
                                  last_status,
                                  &result->value);

    calibration_apply(calibration, &result->value);
    127e:	6f 85       	ldd	r22, Y+15	; 0x0f
    1280:	78 89       	ldd	r23, Y+16	; 0x10
    1282:	8d 89       	ldd	r24, Y+21	; 0x15
    1284:	9e 89       	ldd	r25, Y+22	; 0x16
    1286:	0e 94 f2 01 	call	0x3e4	; 0x3e4 <calibration_apply>
    return 1U;
    128a:	0f 90       	pop	r0
    128c:	0f 90       	pop	r0
    128e:	81 e0       	ldi	r24, 0x01	; 1
    1290:	05 c0       	rjmp	.+10     	; 0x129c <measurement_service_acquire_average+0x1b0>
    int32_t sum_by = 0;
    int32_t sum_bz = 0;
    uint8_t last_status = 0;
    uint8_t valid = 0;

    if (calibration == 0 || result == 0) return 0U;
    1292:	80 e0       	ldi	r24, 0x00	; 0
    1294:	03 c0       	rjmp	.+6      	; 0x129c <measurement_service_acquire_average+0x1b0>
    1296:	80 e0       	ldi	r24, 0x00	; 0
    1298:	01 c0       	rjmp	.+2      	; 0x129c <measurement_service_acquire_average+0x1b0>
        if (background_process != 0) background_process();
        _delay_ms(SAMPLE_INTERVAL_MS);
    }

    result->valid_samples = valid;
    if (valid == 0U) return 0U;
    129a:	80 e0       	ldi	r24, 0x00	; 0
                                  last_status,
                                  &result->value);

    calibration_apply(calibration, &result->value);
    return 1U;
}
    129c:	6a 96       	adiw	r28, 0x1a	; 26
    129e:	0f b6       	in	r0, 0x3f	; 63
    12a0:	f8 94       	cli
    12a2:	de bf       	out	0x3e, r29	; 62
    12a4:	0f be       	out	0x3f, r0	; 63
    12a6:	cd bf       	out	0x3d, r28	; 61
    12a8:	df 91       	pop	r29
    12aa:	cf 91       	pop	r28
    12ac:	1f 91       	pop	r17
    12ae:	0f 91       	pop	r16
    12b0:	ff 90       	pop	r15
    12b2:	ef 90       	pop	r14
    12b4:	df 90       	pop	r13
    12b6:	cf 90       	pop	r12
    12b8:	bf 90       	pop	r11
    12ba:	af 90       	pop	r10
    12bc:	9f 90       	pop	r9
    12be:	8f 90       	pop	r8
    12c0:	7f 90       	pop	r7
    12c2:	6f 90       	pop	r6
    12c4:	5f 90       	pop	r5
    12c6:	4f 90       	pop	r4
    12c8:	3f 90       	pop	r3
    12ca:	2f 90       	pop	r2
    12cc:	08 95       	ret

000012ce <process_commands>:
static uint32_t sequence;
static uint8_t node_id;

static void process_commands(void)
{
    watchdog_service_kick();
    12ce:	0e 94 41 11 	call	0x2282	; 0x2282 <watchdog_service_kick>
    commands_process_pending(&calibration, &calibration_status, node_id);
    12d2:	40 91 2d 07 	lds	r20, 0x072D	; 0x80072d <node_id>
    12d6:	62 e3       	ldi	r22, 0x32	; 50
    12d8:	77 e0       	ldi	r23, 0x07	; 7
    12da:	83 e3       	ldi	r24, 0x33	; 51
    12dc:	97 e0       	ldi	r25, 0x07	; 7
    12de:	0e 94 f8 05 	call	0xbf0	; 0xbf0 <commands_process_pending>
    status_leds_set_calibration_state(calibration_status);
    12e2:	80 91 32 07 	lds	r24, 0x0732	; 0x800732 <calibration_status>
    12e6:	0e 94 8f 0b 	call	0x171e	; 0x171e <status_leds_set_calibration_state>
    status_leds_process();
    12ea:	0e 94 a1 0b 	call	0x1742	; 0x1742 <status_leds_process>
    12ee:	08 95       	ret

000012f0 <fatal_error>:
}

static void fatal_error(const char *message)
{
    transport_service_publish_error(message);
    12f0:	0e 94 70 0d 	call	0x1ae0	; 0x1ae0 <transport_service_publish_error>
    status_leds_set_sensor_state(STATUS_SENSOR_ERROR);
    12f4:	82 e0       	ldi	r24, 0x02	; 2
    12f6:	0e 94 77 0b 	call	0x16ee	; 0x16ee <status_leds_set_sensor_state>

    while (1) {
        process_commands();
    12fa:	0e 94 67 09 	call	0x12ce	; 0x12ce <process_commands>
    12fe:	8f e4       	ldi	r24, 0x4F	; 79
    1300:	93 ec       	ldi	r25, 0xC3	; 195
    1302:	01 97       	sbiw	r24, 0x01	; 1
    1304:	f1 f7       	brne	.-4      	; 0x1302 <fatal_error+0x12>
    1306:	00 c0       	rjmp	.+0      	; 0x1308 <fatal_error+0x18>
    1308:	00 00       	nop
    130a:	f7 cf       	rjmp	.-18     	; 0x12fa <fatal_error+0xa>

0000130c <node_app_init>:
        _delay_ms(200);
    }
}

void node_app_init(void)
{
    130c:	cf 93       	push	r28
    130e:	df 93       	push	r29
    1310:	1f 92       	push	r1
    1312:	cd b7       	in	r28, 0x3d	; 61
    1314:	de b7       	in	r29, 0x3e	; 62
    uint8_t device_id = 0;
    1316:	19 82       	std	Y+1, r1	; 0x01

    diagnostics_init();
    1318:	0e 94 a3 06 	call	0xd46	; 0xd46 <diagnostics_init>
    transport_service_init();
    131c:	0e 94 6d 0d 	call	0x1ada	; 0x1ada <transport_service_init>
    twi1_init();
    1320:	0e 94 94 0e 	call	0x1d28	; 0x1d28 <twi1_init>
    board_id_init();
    1324:	0e 94 88 00 	call	0x110	; 0x110 <board_id_init>
    status_leds_init();
    1328:	0e 94 1d 0b 	call	0x163a	; 0x163a <status_leds_init>
    status_leds_run_post();
    132c:	0e 94 2b 0b 	call	0x1656	; 0x1656 <status_leds_run_post>
    sei();
    1330:	78 94       	sei

    node_id = board_id_read();
    1332:	0e 94 95 00 	call	0x12a	; 0x12a <board_id_read>
    1336:	80 93 2d 07 	sts	0x072D, r24	; 0x80072d <node_id>
    sequence = 0UL;
    133a:	10 92 2e 07 	sts	0x072E, r1	; 0x80072e <sequence>
    133e:	10 92 2f 07 	sts	0x072F, r1	; 0x80072f <sequence+0x1>
    1342:	10 92 30 07 	sts	0x0730, r1	; 0x800730 <sequence+0x2>
    1346:	10 92 31 07 	sts	0x0731, r1	; 0x800731 <sequence+0x3>
    calibration_status = calibration_load(&calibration);
    134a:	83 e3       	ldi	r24, 0x33	; 51
    134c:	97 e0       	ldi	r25, 0x07	; 7
    134e:	0e 94 42 01 	call	0x284	; 0x284 <calibration_load>
    1352:	80 93 32 07 	sts	0x0732, r24	; 0x800732 <calibration_status>
    status_leds_set_calibration_state(calibration_status);
    1356:	0e 94 8f 0b 	call	0x171e	; 0x171e <status_leds_set_calibration_state>

    if (!tmag5273_read_device_id(&device_id)) {
    135a:	ce 01       	movw	r24, r28
    135c:	01 96       	adiw	r24, 0x01	; 1
    135e:	0e 94 ec 0b 	call	0x17d8	; 0x17d8 <tmag5273_read_device_id>
    1362:	81 11       	cpse	r24, r1
    1364:	04 c0       	rjmp	.+8      	; 0x136e <node_app_init+0x62>
        fatal_error("TMAG_DEVICE_ID_READ");
    1366:	84 e1       	ldi	r24, 0x14	; 20
    1368:	94 e0       	ldi	r25, 0x04	; 4
    136a:	0e 94 78 09 	call	0x12f0	; 0x12f0 <fatal_error>
    }

    if (!tmag5273_init()) {
    136e:	0e 94 fc 0b 	call	0x17f8	; 0x17f8 <tmag5273_init>
    1372:	81 11       	cpse	r24, r1
    1374:	04 c0       	rjmp	.+8      	; 0x137e <node_app_init+0x72>
        fatal_error("TMAG_INIT");
    1376:	88 e2       	ldi	r24, 0x28	; 40
    1378:	94 e0       	ldi	r25, 0x04	; 4
    137a:	0e 94 78 09 	call	0x12f0	; 0x12f0 <fatal_error>
    }

    status_leds_set_sensor_state(STATUS_SENSOR_OK);
    137e:	81 e0       	ldi	r24, 0x01	; 1
    1380:	0e 94 77 0b 	call	0x16ee	; 0x16ee <status_leds_set_sensor_state>

    transport_service_print_startup(&calibration,
    1384:	29 81       	ldd	r18, Y+1	; 0x01
    1386:	40 91 2d 07 	lds	r20, 0x072D	; 0x80072d <node_id>
    138a:	60 91 32 07 	lds	r22, 0x0732	; 0x800732 <calibration_status>
    138e:	83 e3       	ldi	r24, 0x33	; 51
    1390:	97 e0       	ldi	r25, 0x07	; 7
    1392:	0e 94 81 0d 	call	0x1b02	; 0x1b02 <transport_service_print_startup>
                                    calibration_status,
                                    node_id,
                                    device_id);
    node_identity_print_boot_banner(node_id, calibration_status);
    1396:	60 91 32 07 	lds	r22, 0x0732	; 0x800732 <calibration_status>
    139a:	80 91 2d 07 	lds	r24, 0x072D	; 0x80072d <node_id>
    139e:	0e 94 c5 0a 	call	0x158a	; 0x158a <node_identity_print_boot_banner>
    watchdog_service_init();
    13a2:	0e 94 35 11 	call	0x226a	; 0x226a <watchdog_service_init>
}
    13a6:	0f 90       	pop	r0
    13a8:	df 91       	pop	r29
    13aa:	cf 91       	pop	r28
    13ac:	08 95       	ret

000013ae <node_app_process>:

void node_app_process(void)
{
    13ae:	0f 93       	push	r16
    13b0:	1f 93       	push	r17
    13b2:	cf 93       	push	r28
    13b4:	df 93       	push	r29
    13b6:	cd b7       	in	r28, 0x3d	; 61
    13b8:	de b7       	in	r29, 0x3e	; 62
    13ba:	62 97       	sbiw	r28, 0x12	; 18
    13bc:	0f b6       	in	r0, 0x3f	; 63
    13be:	f8 94       	cli
    13c0:	de bf       	out	0x3e, r29	; 62
    13c2:	0f be       	out	0x3f, r0	; 63
    13c4:	cd bf       	out	0x3d, r28	; 61
    measurement_result_t result;

    watchdog_service_kick();
    13c6:	0e 94 41 11 	call	0x2282	; 0x2282 <watchdog_service_kick>

    process_commands();
    13ca:	0e 94 67 09 	call	0x12ce	; 0x12ce <process_commands>

    if (!measurement_service_acquire_average(&calibration,
    13ce:	47 e6       	ldi	r20, 0x67	; 103
    13d0:	59 e0       	ldi	r21, 0x09	; 9
    13d2:	be 01       	movw	r22, r28
    13d4:	6f 5f       	subi	r22, 0xFF	; 255
    13d6:	7f 4f       	sbci	r23, 0xFF	; 255
    13d8:	83 e3       	ldi	r24, 0x33	; 51
    13da:	97 e0       	ldi	r25, 0x07	; 7
    13dc:	0e 94 76 08 	call	0x10ec	; 0x10ec <measurement_service_acquire_average>
    13e0:	81 11       	cpse	r24, r1
    13e2:	18 c0       	rjmp	.+48     	; 0x1414 <node_app_process+0x66>
                                             &result,
                                             process_commands)) {
        uart0_print("ERROR,TMAG_NO_VALID_SAMPLES,SEQ=");
    13e4:	82 e3       	ldi	r24, 0x32	; 50
    13e6:	94 e0       	ldi	r25, 0x04	; 4
    13e8:	0e 94 b0 0f 	call	0x1f60	; 0x1f60 <uart0_print>
        uart0_print_uint32(sequence);
    13ec:	60 91 2e 07 	lds	r22, 0x072E	; 0x80072e <sequence>
    13f0:	70 91 2f 07 	lds	r23, 0x072F	; 0x80072f <sequence+0x1>
    13f4:	80 91 30 07 	lds	r24, 0x0730	; 0x800730 <sequence+0x2>
    13f8:	90 91 31 07 	lds	r25, 0x0731	; 0x800731 <sequence+0x3>
    13fc:	0e 94 29 10 	call	0x2052	; 0x2052 <uart0_print_uint32>
        uart0_print("\r\n");
    1400:	8d ef       	ldi	r24, 0xFD	; 253
    1402:	96 e0       	ldi	r25, 0x06	; 6
    1404:	0e 94 b0 0f 	call	0x1f60	; 0x1f60 <uart0_print>
        status_leds_set_sensor_state(STATUS_SENSOR_ERROR);
    1408:	82 e0       	ldi	r24, 0x02	; 2
    140a:	0e 94 77 0b 	call	0x16ee	; 0x16ee <status_leds_set_sensor_state>
        diagnostics_record_measurement_failed();
    140e:	0e 94 a9 07 	call	0xf52	; 0xf52 <diagnostics_record_measurement_failed>
    1412:	2f c0       	rjmp	.+94     	; 0x1472 <node_app_process+0xc4>
        return;
    }

    status_leds_set_sensor_state(STATUS_SENSOR_OK);
    1414:	81 e0       	ldi	r24, 0x01	; 1
    1416:	0e 94 77 0b 	call	0x16ee	; 0x16ee <status_leds_set_sensor_state>
    diagnostics_record_measurement_ok();
    141a:	0e 94 9b 07 	call	0xf36	; 0xf36 <diagnostics_record_measurement_ok>

    transport_service_publish_measurement(node_id,
    141e:	40 91 2e 07 	lds	r20, 0x072E	; 0x80072e <sequence>
    1422:	50 91 2f 07 	lds	r21, 0x072F	; 0x80072f <sequence+0x1>
    1426:	60 91 30 07 	lds	r22, 0x0730	; 0x800730 <sequence+0x2>
    142a:	70 91 31 07 	lds	r23, 0x0731	; 0x800731 <sequence+0x3>
    142e:	8e 01       	movw	r16, r28
    1430:	0f 5f       	subi	r16, 0xFF	; 255
    1432:	1f 4f       	sbci	r17, 0xFF	; 255
    1434:	20 91 32 07 	lds	r18, 0x0732	; 0x800732 <calibration_status>
    1438:	80 91 2d 07 	lds	r24, 0x072D	; 0x80072d <node_id>
    143c:	0e 94 e5 0d 	call	0x1bca	; 0x1bca <transport_service_publish_measurement>
                                          sequence,
                                          calibration_status,
                                          &result);
    sequence++;
    1440:	80 91 2e 07 	lds	r24, 0x072E	; 0x80072e <sequence>
    1444:	90 91 2f 07 	lds	r25, 0x072F	; 0x80072f <sequence+0x1>
    1448:	a0 91 30 07 	lds	r26, 0x0730	; 0x800730 <sequence+0x2>
    144c:	b0 91 31 07 	lds	r27, 0x0731	; 0x800731 <sequence+0x3>
    1450:	01 96       	adiw	r24, 0x01	; 1
    1452:	a1 1d       	adc	r26, r1
    1454:	b1 1d       	adc	r27, r1
    1456:	80 93 2e 07 	sts	0x072E, r24	; 0x80072e <sequence>
    145a:	90 93 2f 07 	sts	0x072F, r25	; 0x80072f <sequence+0x1>
    145e:	a0 93 30 07 	sts	0x0730, r26	; 0x800730 <sequence+0x2>
    1462:	b0 93 31 07 	sts	0x0731, r27	; 0x800731 <sequence+0x3>

    /* PD5 remains the established heartbeat: one toggle per published packet. */
    PORTD ^= (1 << PD5);
    1466:	9b b1       	in	r25, 0x0b	; 11
    1468:	80 e2       	ldi	r24, 0x20	; 32
    146a:	89 27       	eor	r24, r25
    146c:	8b b9       	out	0x0b, r24	; 11
    watchdog_service_kick();
    146e:	0e 94 41 11 	call	0x2282	; 0x2282 <watchdog_service_kick>
}
    1472:	62 96       	adiw	r28, 0x12	; 18
    1474:	0f b6       	in	r0, 0x3f	; 63
    1476:	f8 94       	cli
    1478:	de bf       	out	0x3e, r29	; 62
    147a:	0f be       	out	0x3f, r0	; 63
    147c:	cd bf       	out	0x3d, r28	; 61
    147e:	df 91       	pop	r29
    1480:	cf 91       	pop	r28
    1482:	1f 91       	pop	r17
    1484:	0f 91       	pop	r16
    1486:	08 95       	ret

00001488 <calibration_status_text>:
#include "node_identity.h"
#include "uart0.h"

static const char *calibration_status_text(calibration_status_t status)
{
    if (status == CALIBRATION_STATUS_VALID) return "VALID";
    1488:	81 30       	cpi	r24, 0x01	; 1
    148a:	29 f0       	breq	.+10     	; 0x1496 <calibration_status_text+0xe>
    if (status == CALIBRATION_STATUS_DIRTY) return "DIRTY";
    148c:	82 30       	cpi	r24, 0x02	; 2
    148e:	31 f4       	brne	.+12     	; 0x149c <calibration_status_text+0x14>
    1490:	86 e0       	ldi	r24, 0x06	; 6
    1492:	91 e0       	ldi	r25, 0x01	; 1
    1494:	08 95       	ret
#include "node_identity.h"
#include "uart0.h"

static const char *calibration_status_text(calibration_status_t status)
{
    if (status == CALIBRATION_STATUS_VALID) return "VALID";
    1496:	80 e0       	ldi	r24, 0x00	; 0
    1498:	91 e0       	ldi	r25, 0x01	; 1
    149a:	08 95       	ret
    if (status == CALIBRATION_STATUS_DIRTY) return "DIRTY";
    return "DEFAULT";
    149c:	8c e0       	ldi	r24, 0x0C	; 12
    149e:	91 e0       	ldi	r25, 0x01	; 1
}
    14a0:	08 95       	ret

000014a2 <node_identity_print_info>:

void node_identity_print_info(uint8_t node_id,
                              calibration_status_t calibration_status)
{
    14a2:	cf 93       	push	r28
    14a4:	df 93       	push	r29
    14a6:	d8 2f       	mov	r29, r24
    14a8:	c6 2f       	mov	r28, r22
    uart0_print("$ND280INFO,ID=");
    14aa:	83 e5       	ldi	r24, 0x53	; 83
    14ac:	94 e0       	ldi	r25, 0x04	; 4
    14ae:	0e 94 b0 0f 	call	0x1f60	; 0x1f60 <uart0_print>
    uart0_print_uint16(node_id);
    14b2:	8d 2f       	mov	r24, r29
    14b4:	90 e0       	ldi	r25, 0x00	; 0
    14b6:	0e 94 d2 0f 	call	0x1fa4	; 0x1fa4 <uart0_print_uint16>
    uart0_print(",NODEOS=");
    14ba:	82 e6       	ldi	r24, 0x62	; 98
    14bc:	94 e0       	ldi	r25, 0x04	; 4
    14be:	0e 94 b0 0f 	call	0x1f60	; 0x1f60 <uart0_print>
    uart0_print(NODEOS_VERSION);
    14c2:	8b e6       	ldi	r24, 0x6B	; 107
    14c4:	94 e0       	ldi	r25, 0x04	; 4
    14c6:	0e 94 b0 0f 	call	0x1f60	; 0x1f60 <uart0_print>
    uart0_print(",PROTO=");
    14ca:	88 e7       	ldi	r24, 0x78	; 120
    14cc:	94 e0       	ldi	r25, 0x04	; 4
    14ce:	0e 94 b0 0f 	call	0x1f60	; 0x1f60 <uart0_print>
    uart0_print_uint16(NODEOS_PROTOCOL_VERSION);
    14d2:	81 e0       	ldi	r24, 0x01	; 1
    14d4:	90 e0       	ldi	r25, 0x00	; 0
    14d6:	0e 94 d2 0f 	call	0x1fa4	; 0x1fa4 <uart0_print_uint16>
    uart0_print(",BOARD_REV=");
    14da:	80 e8       	ldi	r24, 0x80	; 128
    14dc:	94 e0       	ldi	r25, 0x04	; 4
    14de:	0e 94 b0 0f 	call	0x1f60	; 0x1f60 <uart0_print>
    uart0_print(NODE_BOARD_REVISION);
    14e2:	8c e8       	ldi	r24, 0x8C	; 140
    14e4:	94 e0       	ldi	r25, 0x04	; 4
    14e6:	0e 94 b0 0f 	call	0x1f60	; 0x1f60 <uart0_print>
    uart0_print(",HW=");
    14ea:	8e e8       	ldi	r24, 0x8E	; 142
    14ec:	94 e0       	ldi	r25, 0x04	; 4
    14ee:	0e 94 b0 0f 	call	0x1f60	; 0x1f60 <uart0_print>
    uart0_print(NODE_HARDWARE_NAME);
    14f2:	83 e9       	ldi	r24, 0x93	; 147
    14f4:	94 e0       	ldi	r25, 0x04	; 4
    14f6:	0e 94 b0 0f 	call	0x1f60	; 0x1f60 <uart0_print>
    uart0_print(",MCU=");
    14fa:	84 ea       	ldi	r24, 0xA4	; 164
    14fc:	94 e0       	ldi	r25, 0x04	; 4
    14fe:	0e 94 b0 0f 	call	0x1f60	; 0x1f60 <uart0_print>
    uart0_print(NODE_MCU_NAME);
    1502:	8a ea       	ldi	r24, 0xAA	; 170
    1504:	94 e0       	ldi	r25, 0x04	; 4
    1506:	0e 94 b0 0f 	call	0x1f60	; 0x1f60 <uart0_print>
    uart0_print(",SENSOR=");
    150a:	86 eb       	ldi	r24, 0xB6	; 182
    150c:	94 e0       	ldi	r25, 0x04	; 4
    150e:	0e 94 b0 0f 	call	0x1f60	; 0x1f60 <uart0_print>
    uart0_print(NODE_SENSOR_NAME);
    1512:	8f eb       	ldi	r24, 0xBF	; 191
    1514:	94 e0       	ldi	r25, 0x04	; 4
    1516:	0e 94 b0 0f 	call	0x1f60	; 0x1f60 <uart0_print>
    uart0_print(",RANGE=");
    151a:	8a ec       	ldi	r24, 0xCA	; 202
    151c:	94 e0       	ldi	r25, 0x04	; 4
    151e:	0e 94 b0 0f 	call	0x1f60	; 0x1f60 <uart0_print>
    uart0_print_uint16(TMAG_FULL_SCALE_MT);
    1522:	8a e0       	ldi	r24, 0x0A	; 10
    1524:	91 e0       	ldi	r25, 0x01	; 1
    1526:	0e 94 d2 0f 	call	0x1fa4	; 0x1fa4 <uart0_print_uint16>
    uart0_print(",AVG=");
    152a:	82 ed       	ldi	r24, 0xD2	; 210
    152c:	94 e0       	ldi	r25, 0x04	; 4
    152e:	0e 94 b0 0f 	call	0x1f60	; 0x1f60 <uart0_print>
    uart0_print_uint16(AVERAGE_SAMPLES);
    1532:	8a e0       	ldi	r24, 0x0A	; 10
    1534:	90 e0       	ldi	r25, 0x00	; 0
    1536:	0e 94 d2 0f 	call	0x1fa4	; 0x1fa4 <uart0_print_uint16>
    uart0_print(",EEPROM_VER=");
    153a:	88 ed       	ldi	r24, 0xD8	; 216
    153c:	94 e0       	ldi	r25, 0x04	; 4
    153e:	0e 94 b0 0f 	call	0x1f60	; 0x1f60 <uart0_print>
    uart0_print_uint16(CALIBRATION_VERSION);
    1542:	81 e0       	ldi	r24, 0x01	; 1
    1544:	90 e0       	ldi	r25, 0x00	; 0
    1546:	0e 94 d2 0f 	call	0x1fa4	; 0x1fa4 <uart0_print_uint16>
    uart0_print(",CAL=");
    154a:	85 ee       	ldi	r24, 0xE5	; 229
    154c:	94 e0       	ldi	r25, 0x04	; 4
    154e:	0e 94 b0 0f 	call	0x1f60	; 0x1f60 <uart0_print>
    uart0_print(calibration_status_text(calibration_status));
    1552:	8c 2f       	mov	r24, r28
    1554:	0e 94 44 0a 	call	0x1488	; 0x1488 <calibration_status_text>
    1558:	0e 94 b0 0f 	call	0x1f60	; 0x1f60 <uart0_print>
    uart0_print(",BUILD_DATE=");
    155c:	8b ee       	ldi	r24, 0xEB	; 235
    155e:	94 e0       	ldi	r25, 0x04	; 4
    1560:	0e 94 b0 0f 	call	0x1f60	; 0x1f60 <uart0_print>
    uart0_print(__DATE__);
    1564:	88 ef       	ldi	r24, 0xF8	; 248
    1566:	94 e0       	ldi	r25, 0x04	; 4
    1568:	0e 94 b0 0f 	call	0x1f60	; 0x1f60 <uart0_print>
    uart0_print(",BUILD_TIME=");
    156c:	84 e0       	ldi	r24, 0x04	; 4
    156e:	95 e0       	ldi	r25, 0x05	; 5
    1570:	0e 94 b0 0f 	call	0x1f60	; 0x1f60 <uart0_print>
    uart0_print(__TIME__);
    1574:	81 e1       	ldi	r24, 0x11	; 17
    1576:	95 e0       	ldi	r25, 0x05	; 5
    1578:	0e 94 b0 0f 	call	0x1f60	; 0x1f60 <uart0_print>
    uart0_print("\r\n");
    157c:	8d ef       	ldi	r24, 0xFD	; 253
    157e:	96 e0       	ldi	r25, 0x06	; 6
    1580:	0e 94 b0 0f 	call	0x1f60	; 0x1f60 <uart0_print>
}
    1584:	df 91       	pop	r29
    1586:	cf 91       	pop	r28
    1588:	08 95       	ret

0000158a <node_identity_print_boot_banner>:

void node_identity_print_boot_banner(uint8_t node_id,
                                     calibration_status_t calibration_status)
{
    158a:	cf 93       	push	r28
    158c:	df 93       	push	r29
    158e:	d8 2f       	mov	r29, r24
    1590:	c6 2f       	mov	r28, r22
    uart0_print("NODEOS_VERSION=");
    1592:	8a e1       	ldi	r24, 0x1A	; 26
    1594:	95 e0       	ldi	r25, 0x05	; 5
    1596:	0e 94 b0 0f 	call	0x1f60	; 0x1f60 <uart0_print>
    uart0_print(NODEOS_VERSION);
    159a:	8b e6       	ldi	r24, 0x6B	; 107
    159c:	94 e0       	ldi	r25, 0x04	; 4
    159e:	0e 94 b0 0f 	call	0x1f60	; 0x1f60 <uart0_print>
    uart0_print(",PROTOCOL=");
    15a2:	8a e2       	ldi	r24, 0x2A	; 42
    15a4:	95 e0       	ldi	r25, 0x05	; 5
    15a6:	0e 94 b0 0f 	call	0x1f60	; 0x1f60 <uart0_print>
    uart0_print_uint16(NODEOS_PROTOCOL_VERSION);
    15aa:	81 e0       	ldi	r24, 0x01	; 1
    15ac:	90 e0       	ldi	r25, 0x00	; 0
    15ae:	0e 94 d2 0f 	call	0x1fa4	; 0x1fa4 <uart0_print_uint16>
    uart0_print(",BOARD_REV=");
    15b2:	80 e8       	ldi	r24, 0x80	; 128
    15b4:	94 e0       	ldi	r25, 0x04	; 4
    15b6:	0e 94 b0 0f 	call	0x1f60	; 0x1f60 <uart0_print>
    uart0_print(NODE_BOARD_REVISION);
    15ba:	8c e8       	ldi	r24, 0x8C	; 140
    15bc:	94 e0       	ldi	r25, 0x04	; 4
    15be:	0e 94 b0 0f 	call	0x1f60	; 0x1f60 <uart0_print>
    uart0_print(",MCU=");
    15c2:	84 ea       	ldi	r24, 0xA4	; 164
    15c4:	94 e0       	ldi	r25, 0x04	; 4
    15c6:	0e 94 b0 0f 	call	0x1f60	; 0x1f60 <uart0_print>
    uart0_print(NODE_MCU_NAME);
    15ca:	8a ea       	ldi	r24, 0xAA	; 170
    15cc:	94 e0       	ldi	r25, 0x04	; 4
    15ce:	0e 94 b0 0f 	call	0x1f60	; 0x1f60 <uart0_print>
    uart0_print(",SENSOR=");
    15d2:	86 eb       	ldi	r24, 0xB6	; 182
    15d4:	94 e0       	ldi	r25, 0x04	; 4
    15d6:	0e 94 b0 0f 	call	0x1f60	; 0x1f60 <uart0_print>
    uart0_print(NODE_SENSOR_NAME);
    15da:	8f eb       	ldi	r24, 0xBF	; 191
    15dc:	94 e0       	ldi	r25, 0x04	; 4
    15de:	0e 94 b0 0f 	call	0x1f60	; 0x1f60 <uart0_print>
    uart0_print(",NODE_ID=");
    15e2:	85 e3       	ldi	r24, 0x35	; 53
    15e4:	95 e0       	ldi	r25, 0x05	; 5
    15e6:	0e 94 b0 0f 	call	0x1f60	; 0x1f60 <uart0_print>
    uart0_print_uint16(node_id);
    15ea:	8d 2f       	mov	r24, r29
    15ec:	90 e0       	ldi	r25, 0x00	; 0
    15ee:	0e 94 d2 0f 	call	0x1fa4	; 0x1fa4 <uart0_print_uint16>
    uart0_print(",CAL=");
    15f2:	85 ee       	ldi	r24, 0xE5	; 229
    15f4:	94 e0       	ldi	r25, 0x04	; 4
    15f6:	0e 94 b0 0f 	call	0x1f60	; 0x1f60 <uart0_print>
    uart0_print(calibration_status_text(calibration_status));
    15fa:	8c 2f       	mov	r24, r28
    15fc:	0e 94 44 0a 	call	0x1488	; 0x1488 <calibration_status_text>
    1600:	0e 94 b0 0f 	call	0x1f60	; 0x1f60 <uart0_print>
    uart0_print("\r\nBUILD_DATE=");
    1604:	8f e3       	ldi	r24, 0x3F	; 63
    1606:	95 e0       	ldi	r25, 0x05	; 5
    1608:	0e 94 b0 0f 	call	0x1f60	; 0x1f60 <uart0_print>
    uart0_print(__DATE__);
    160c:	88 ef       	ldi	r24, 0xF8	; 248
    160e:	94 e0       	ldi	r25, 0x04	; 4
    1610:	0e 94 b0 0f 	call	0x1f60	; 0x1f60 <uart0_print>
    uart0_print(",BUILD_TIME=");
    1614:	84 e0       	ldi	r24, 0x04	; 4
    1616:	95 e0       	ldi	r25, 0x05	; 5
    1618:	0e 94 b0 0f 	call	0x1f60	; 0x1f60 <uart0_print>
    uart0_print(__TIME__);
    161c:	81 e1       	ldi	r24, 0x11	; 17
    161e:	95 e0       	ldi	r25, 0x05	; 5
    1620:	0e 94 b0 0f 	call	0x1f60	; 0x1f60 <uart0_print>
    uart0_print("\r\n");
    1624:	8d ef       	ldi	r24, 0xFD	; 253
    1626:	96 e0       	ldi	r25, 0x06	; 6
    1628:	0e 94 b0 0f 	call	0x1f60	; 0x1f60 <uart0_print>
}
    162c:	df 91       	pop	r29
    162e:	cf 91       	pop	r28
    1630:	08 95       	ret

00001632 <leds_all_off>:
static uint8_t sensor_ticks = 0U;
static uint8_t calibration_ticks = 0U;

static void leds_all_off(void)
{
    PORTD &= ~ALL_STATUS_LEDS;
    1632:	8b b1       	in	r24, 0x0b	; 11
    1634:	8f 71       	andi	r24, 0x1F	; 31
    1636:	8b b9       	out	0x0b, r24	; 11
    1638:	08 95       	ret

0000163a <status_leds_init>:
}

void status_leds_init(void)
{
    DDRD |= ALL_STATUS_LEDS;
    163a:	8a b1       	in	r24, 0x0a	; 10
    163c:	80 6e       	ori	r24, 0xE0	; 224
    163e:	8a b9       	out	0x0a, r24	; 10
    leds_all_off();
    1640:	0e 94 19 0b 	call	0x1632	; 0x1632 <leds_all_off>

    sensor_state = STATUS_SENSOR_STARTING;
    1644:	10 92 6e 07 	sts	0x076E, r1	; 0x80076e <sensor_state>
    calibration_state = CALIBRATION_STATUS_DEFAULT;
    1648:	10 92 6d 07 	sts	0x076D, r1	; 0x80076d <calibration_state>
    sensor_ticks = 0U;
    164c:	10 92 6c 07 	sts	0x076C, r1	; 0x80076c <sensor_ticks>
    calibration_ticks = 0U;
    1650:	10 92 6b 07 	sts	0x076B, r1	; 0x80076b <calibration_ticks>
    1654:	08 95       	ret

00001656 <status_leds_run_post>:
}

void status_leds_run_post(void)
{
    /* PD5 -> PD6 -> PD7 -> all LEDs. */
    leds_all_off();
    1656:	0e 94 19 0b 	call	0x1632	; 0x1632 <leds_all_off>

    PORTD |= (1 << HEARTBEAT_LED);
    165a:	8b b1       	in	r24, 0x0b	; 11
    165c:	80 62       	ori	r24, 0x20	; 32
    165e:	8b b9       	out	0x0b, r24	; 11
    1660:	8f e5       	ldi	r24, 0x5F	; 95
    1662:	9a ee       	ldi	r25, 0xEA	; 234
    1664:	01 97       	sbiw	r24, 0x01	; 1
    1666:	f1 f7       	brne	.-4      	; 0x1664 <status_leds_run_post+0xe>
    1668:	00 c0       	rjmp	.+0      	; 0x166a <status_leds_run_post+0x14>
    166a:	00 00       	nop
    _delay_ms(POST_SINGLE_LED_MS);
    leds_all_off();
    166c:	0e 94 19 0b 	call	0x1632	; 0x1632 <leds_all_off>
    1670:	8f e2       	ldi	r24, 0x2F	; 47
    1672:	95 e7       	ldi	r25, 0x75	; 117
    1674:	01 97       	sbiw	r24, 0x01	; 1
    1676:	f1 f7       	brne	.-4      	; 0x1674 <status_leds_run_post+0x1e>
    1678:	00 c0       	rjmp	.+0      	; 0x167a <status_leds_run_post+0x24>
    167a:	00 00       	nop
    _delay_ms(POST_GAP_MS);

    PORTD |= (1 << SENSOR_LED);
    167c:	8b b1       	in	r24, 0x0b	; 11
    167e:	80 64       	ori	r24, 0x40	; 64
    1680:	8b b9       	out	0x0b, r24	; 11
    1682:	8f e5       	ldi	r24, 0x5F	; 95
    1684:	9a ee       	ldi	r25, 0xEA	; 234
    1686:	01 97       	sbiw	r24, 0x01	; 1
    1688:	f1 f7       	brne	.-4      	; 0x1686 <status_leds_run_post+0x30>
    168a:	00 c0       	rjmp	.+0      	; 0x168c <status_leds_run_post+0x36>
    168c:	00 00       	nop
    _delay_ms(POST_SINGLE_LED_MS);
    leds_all_off();
    168e:	0e 94 19 0b 	call	0x1632	; 0x1632 <leds_all_off>
    1692:	8f e2       	ldi	r24, 0x2F	; 47
    1694:	95 e7       	ldi	r25, 0x75	; 117
    1696:	01 97       	sbiw	r24, 0x01	; 1
    1698:	f1 f7       	brne	.-4      	; 0x1696 <status_leds_run_post+0x40>
    169a:	00 c0       	rjmp	.+0      	; 0x169c <status_leds_run_post+0x46>
    169c:	00 00       	nop
    _delay_ms(POST_GAP_MS);

    PORTD |= (1 << SYSTEM_LED);
    169e:	8b b1       	in	r24, 0x0b	; 11
    16a0:	80 68       	ori	r24, 0x80	; 128
    16a2:	8b b9       	out	0x0b, r24	; 11
    16a4:	8f e5       	ldi	r24, 0x5F	; 95
    16a6:	9a ee       	ldi	r25, 0xEA	; 234
    16a8:	01 97       	sbiw	r24, 0x01	; 1
    16aa:	f1 f7       	brne	.-4      	; 0x16a8 <status_leds_run_post+0x52>
    16ac:	00 c0       	rjmp	.+0      	; 0x16ae <status_leds_run_post+0x58>
    16ae:	00 00       	nop
    _delay_ms(POST_SINGLE_LED_MS);
    leds_all_off();
    16b0:	0e 94 19 0b 	call	0x1632	; 0x1632 <leds_all_off>
    16b4:	8f e2       	ldi	r24, 0x2F	; 47
    16b6:	95 e7       	ldi	r25, 0x75	; 117
    16b8:	01 97       	sbiw	r24, 0x01	; 1
    16ba:	f1 f7       	brne	.-4      	; 0x16b8 <status_leds_run_post+0x62>
    16bc:	00 c0       	rjmp	.+0      	; 0x16be <status_leds_run_post+0x68>
    16be:	00 00       	nop
    _delay_ms(POST_GAP_MS);

    PORTD |= ALL_STATUS_LEDS;
    16c0:	8b b1       	in	r24, 0x0b	; 11
    16c2:	80 6e       	ori	r24, 0xE0	; 224
    16c4:	8b b9       	out	0x0b, r24	; 11
    16c6:	9f e9       	ldi	r25, 0x9F	; 159
    16c8:	26 e8       	ldi	r18, 0x86	; 134
    16ca:	81 e0       	ldi	r24, 0x01	; 1
    16cc:	91 50       	subi	r25, 0x01	; 1
    16ce:	20 40       	sbci	r18, 0x00	; 0
    16d0:	80 40       	sbci	r24, 0x00	; 0
    16d2:	e1 f7       	brne	.-8      	; 0x16cc <status_leds_run_post+0x76>
    16d4:	00 c0       	rjmp	.+0      	; 0x16d6 <status_leds_run_post+0x80>
    16d6:	00 00       	nop
    _delay_ms(POST_ALL_LEDS_MS);
    leds_all_off();
    16d8:	0e 94 19 0b 	call	0x1632	; 0x1632 <leds_all_off>

    /* Restore the startup state used by the runtime state machine. */
    sensor_state = STATUS_SENSOR_STARTING;
    16dc:	10 92 6e 07 	sts	0x076E, r1	; 0x80076e <sensor_state>
    calibration_state = CALIBRATION_STATUS_DEFAULT;
    16e0:	10 92 6d 07 	sts	0x076D, r1	; 0x80076d <calibration_state>
    sensor_ticks = 0U;
    16e4:	10 92 6c 07 	sts	0x076C, r1	; 0x80076c <sensor_ticks>
    calibration_ticks = 0U;
    16e8:	10 92 6b 07 	sts	0x076B, r1	; 0x80076b <calibration_ticks>
    16ec:	08 95       	ret

000016ee <status_leds_set_sensor_state>:
}

void status_leds_set_sensor_state(status_sensor_state_t state)
{
    if (sensor_state != state) {
    16ee:	90 91 6e 07 	lds	r25, 0x076E	; 0x80076e <sensor_state>
    16f2:	98 17       	cp	r25, r24
    16f4:	99 f0       	breq	.+38     	; 0x171c <status_leds_set_sensor_state+0x2e>
        sensor_state = state;
    16f6:	80 93 6e 07 	sts	0x076E, r24	; 0x80076e <sensor_state>
        sensor_ticks = 0U;
    16fa:	10 92 6c 07 	sts	0x076C, r1	; 0x80076c <sensor_ticks>

        if (state == STATUS_SENSOR_STARTING) {
    16fe:	81 11       	cpse	r24, r1
    1700:	04 c0       	rjmp	.+8      	; 0x170a <status_leds_set_sensor_state+0x1c>
            PORTD &= ~(1 << SENSOR_LED);
    1702:	8b b1       	in	r24, 0x0b	; 11
    1704:	8f 7b       	andi	r24, 0xBF	; 191
    1706:	8b b9       	out	0x0b, r24	; 11
    1708:	08 95       	ret
        } else if (state == STATUS_SENSOR_OK) {
    170a:	81 30       	cpi	r24, 0x01	; 1
    170c:	21 f4       	brne	.+8      	; 0x1716 <status_leds_set_sensor_state+0x28>
            PORTD |= (1 << SENSOR_LED);
    170e:	8b b1       	in	r24, 0x0b	; 11
    1710:	80 64       	ori	r24, 0x40	; 64
    1712:	8b b9       	out	0x0b, r24	; 11
    1714:	08 95       	ret
        } else {
            PORTD &= ~(1 << SENSOR_LED);
    1716:	8b b1       	in	r24, 0x0b	; 11
    1718:	8f 7b       	andi	r24, 0xBF	; 191
    171a:	8b b9       	out	0x0b, r24	; 11
    171c:	08 95       	ret

0000171e <status_leds_set_calibration_state>:
    }
}

void status_leds_set_calibration_state(calibration_status_t state)
{
    if (calibration_state != state) {
    171e:	90 91 6d 07 	lds	r25, 0x076D	; 0x80076d <calibration_state>
    1722:	98 17       	cp	r25, r24
    1724:	69 f0       	breq	.+26     	; 0x1740 <status_leds_set_calibration_state+0x22>
        calibration_state = state;
    1726:	80 93 6d 07 	sts	0x076D, r24	; 0x80076d <calibration_state>
        calibration_ticks = 0U;
    172a:	10 92 6b 07 	sts	0x076B, r1	; 0x80076b <calibration_ticks>

        if (state == CALIBRATION_STATUS_VALID) {
    172e:	81 30       	cpi	r24, 0x01	; 1
    1730:	21 f4       	brne	.+8      	; 0x173a <status_leds_set_calibration_state+0x1c>
            PORTD |= (1 << SYSTEM_LED);
    1732:	8b b1       	in	r24, 0x0b	; 11
    1734:	80 68       	ori	r24, 0x80	; 128
    1736:	8b b9       	out	0x0b, r24	; 11
    1738:	08 95       	ret
        } else {
            PORTD &= ~(1 << SYSTEM_LED);
    173a:	8b b1       	in	r24, 0x0b	; 11
    173c:	8f 77       	andi	r24, 0x7F	; 127
    173e:	8b b9       	out	0x0b, r24	; 11
    1740:	08 95       	ret

00001742 <status_leds_process>:
    }
}

void status_leds_process(void)
{
    if (sensor_state == STATUS_SENSOR_OK) {
    1742:	80 91 6e 07 	lds	r24, 0x076E	; 0x80076e <sensor_state>
    1746:	81 30       	cpi	r24, 0x01	; 1
    1748:	21 f4       	brne	.+8      	; 0x1752 <status_leds_process+0x10>
        PORTD |= (1 << SENSOR_LED);
    174a:	8b b1       	in	r24, 0x0b	; 11
    174c:	80 64       	ori	r24, 0x40	; 64
    174e:	8b b9       	out	0x0b, r24	; 11
    1750:	13 c0       	rjmp	.+38     	; 0x1778 <status_leds_process+0x36>
    } else if (sensor_state == STATUS_SENSOR_STARTING) {
    1752:	81 11       	cpse	r24, r1
    1754:	04 c0       	rjmp	.+8      	; 0x175e <status_leds_process+0x1c>
        PORTD &= ~(1 << SENSOR_LED);
    1756:	8b b1       	in	r24, 0x0b	; 11
    1758:	8f 7b       	andi	r24, 0xBF	; 191
    175a:	8b b9       	out	0x0b, r24	; 11
    175c:	0d c0       	rjmp	.+26     	; 0x1778 <status_leds_process+0x36>
    } else {
        sensor_ticks++;
    175e:	80 91 6c 07 	lds	r24, 0x076C	; 0x80076c <sensor_ticks>
    1762:	8f 5f       	subi	r24, 0xFF	; 255
    1764:	80 93 6c 07 	sts	0x076C, r24	; 0x80076c <sensor_ticks>
        if (sensor_ticks >= SENSOR_ERROR_TOGGLE_TICKS) {
    1768:	82 30       	cpi	r24, 0x02	; 2
    176a:	30 f0       	brcs	.+12     	; 0x1778 <status_leds_process+0x36>
            sensor_ticks = 0U;
    176c:	10 92 6c 07 	sts	0x076C, r1	; 0x80076c <sensor_ticks>
            PORTD ^= (1 << SENSOR_LED);
    1770:	9b b1       	in	r25, 0x0b	; 11
    1772:	80 e4       	ldi	r24, 0x40	; 64
    1774:	89 27       	eor	r24, r25
    1776:	8b b9       	out	0x0b, r24	; 11
        }
    }

    if (calibration_state == CALIBRATION_STATUS_DEFAULT) {
    1778:	80 91 6d 07 	lds	r24, 0x076D	; 0x80076d <calibration_state>
    177c:	81 11       	cpse	r24, r1
    177e:	04 c0       	rjmp	.+8      	; 0x1788 <status_leds_process+0x46>
        PORTD &= ~(1 << SYSTEM_LED);
    1780:	8b b1       	in	r24, 0x0b	; 11
    1782:	8f 77       	andi	r24, 0x7F	; 127
    1784:	8b b9       	out	0x0b, r24	; 11
    1786:	08 95       	ret
    } else if (calibration_state == CALIBRATION_STATUS_VALID) {
    1788:	81 30       	cpi	r24, 0x01	; 1
    178a:	21 f4       	brne	.+8      	; 0x1794 <status_leds_process+0x52>
        PORTD |= (1 << SYSTEM_LED);
    178c:	8b b1       	in	r24, 0x0b	; 11
    178e:	80 68       	ori	r24, 0x80	; 128
    1790:	8b b9       	out	0x0b, r24	; 11
    1792:	08 95       	ret
    } else {
        calibration_ticks++;
    1794:	80 91 6b 07 	lds	r24, 0x076B	; 0x80076b <calibration_ticks>
    1798:	8f 5f       	subi	r24, 0xFF	; 255
    179a:	80 93 6b 07 	sts	0x076B, r24	; 0x80076b <calibration_ticks>
        if (calibration_ticks >= CAL_DIRTY_TOGGLE_TICKS) {
    179e:	85 30       	cpi	r24, 0x05	; 5
    17a0:	28 f0       	brcs	.+10     	; 0x17ac <status_leds_process+0x6a>
            calibration_ticks = 0U;
    17a2:	10 92 6b 07 	sts	0x076B, r1	; 0x80076b <calibration_ticks>
            PORTD ^= (1 << SYSTEM_LED);
    17a6:	8b b1       	in	r24, 0x0b	; 11
    17a8:	80 58       	subi	r24, 0x80	; 128
    17aa:	8b b9       	out	0x0b, r24	; 11
    17ac:	08 95       	ret

000017ae <make_i16>:
#define TADCT0        17508L
#define TADCRES_X10   601L

static int16_t make_i16(uint8_t msb, uint8_t lsb)
{
    return (int16_t)(((uint16_t)msb << 8) | (uint16_t)lsb);
    17ae:	90 e0       	ldi	r25, 0x00	; 0
    17b0:	98 2f       	mov	r25, r24
    17b2:	88 27       	eor	r24, r24
}
    17b4:	86 2b       	or	r24, r22
    17b6:	08 95       	ret

000017b8 <checked_write>:
    }
    return 1U;
}

static uint8_t checked_write(uint8_t reg, uint8_t value)
{
    17b8:	cf 93       	push	r28
    17ba:	46 2f       	mov	r20, r22
    if (!twi1_write_register(TMAG_I2C_ADDRESS, reg, value)) {
    17bc:	68 2f       	mov	r22, r24
    17be:	85 e3       	ldi	r24, 0x35	; 53
    17c0:	0e 94 a0 0e 	call	0x1d40	; 0x1d40 <twi1_write_register>
    17c4:	c8 2f       	mov	r28, r24
    17c6:	81 11       	cpse	r24, r1
    17c8:	03 c0       	rjmp	.+6      	; 0x17d0 <checked_write+0x18>
        diagnostics_record_twi_error();
    17ca:	0e 94 b7 07 	call	0xf6e	; 0xf6e <diagnostics_record_twi_error>
        return 0U;
    17ce:	01 c0       	rjmp	.+2      	; 0x17d2 <checked_write+0x1a>
    }
    return 1U;
    17d0:	c1 e0       	ldi	r28, 0x01	; 1
}
    17d2:	8c 2f       	mov	r24, r28
    17d4:	cf 91       	pop	r28
    17d6:	08 95       	ret

000017d8 <tmag5273_read_device_id>:
{
    return (int16_t)(((uint16_t)msb << 8) | (uint16_t)lsb);
}

uint8_t tmag5273_read_device_id(uint8_t *device_id)
{
    17d8:	cf 93       	push	r28
    if (!twi1_read_register(TMAG_I2C_ADDRESS, DEVICE_ID, device_id)) {
    17da:	ac 01       	movw	r20, r24
    17dc:	6d e0       	ldi	r22, 0x0D	; 13
    17de:	85 e3       	ldi	r24, 0x35	; 53
    17e0:	0e 94 d4 0e 	call	0x1da8	; 0x1da8 <twi1_read_register>
    17e4:	c8 2f       	mov	r28, r24
    17e6:	81 11       	cpse	r24, r1
    17e8:	03 c0       	rjmp	.+6      	; 0x17f0 <tmag5273_read_device_id+0x18>
        diagnostics_record_twi_error();
    17ea:	0e 94 b7 07 	call	0xf6e	; 0xf6e <diagnostics_record_twi_error>
        return 0U;
    17ee:	01 c0       	rjmp	.+2      	; 0x17f2 <tmag5273_read_device_id+0x1a>
    }
    return 1U;
    17f0:	c1 e0       	ldi	r28, 0x01	; 1
}
    17f2:	8c 2f       	mov	r24, r28
    17f4:	cf 91       	pop	r28
    17f6:	08 95       	ret

000017f8 <tmag5273_init>:
}

uint8_t tmag5273_init(void)
{
    /* Preserve the exact known-good configuration from firmware v0.1.0. */
    if (!checked_write(DEVICE_CONFIG_1, 0x00U)) return 0U;
    17f8:	60 e0       	ldi	r22, 0x00	; 0
    17fa:	80 e0       	ldi	r24, 0x00	; 0
    17fc:	0e 94 dc 0b 	call	0x17b8	; 0x17b8 <checked_write>
    1800:	88 23       	and	r24, r24
    1802:	c1 f0       	breq	.+48     	; 0x1834 <tmag5273_init+0x3c>
    if (!checked_write(DEVICE_CONFIG_2, 0x00U)) return 0U;
    1804:	60 e0       	ldi	r22, 0x00	; 0
    1806:	81 e0       	ldi	r24, 0x01	; 1
    1808:	0e 94 dc 0b 	call	0x17b8	; 0x17b8 <checked_write>
    180c:	88 23       	and	r24, r24
    180e:	91 f0       	breq	.+36     	; 0x1834 <tmag5273_init+0x3c>
    if (!checked_write(SENSOR_CONFIG_1, 0x74U)) return 0U;
    1810:	64 e7       	ldi	r22, 0x74	; 116
    1812:	82 e0       	ldi	r24, 0x02	; 2
    1814:	0e 94 dc 0b 	call	0x17b8	; 0x17b8 <checked_write>
    1818:	88 23       	and	r24, r24
    181a:	61 f0       	breq	.+24     	; 0x1834 <tmag5273_init+0x3c>
    if (!checked_write(SENSOR_CONFIG_2, 0x03U)) return 0U;
    181c:	63 e0       	ldi	r22, 0x03	; 3
    181e:	83 e0       	ldi	r24, 0x03	; 3
    1820:	0e 94 dc 0b 	call	0x17b8	; 0x17b8 <checked_write>
    1824:	88 23       	and	r24, r24
    1826:	31 f0       	breq	.+12     	; 0x1834 <tmag5273_init+0x3c>
    if (!checked_write(T_CONFIG, 0x01U)) return 0U;
    1828:	61 e0       	ldi	r22, 0x01	; 1
    182a:	87 e0       	ldi	r24, 0x07	; 7
    182c:	0e 94 dc 0b 	call	0x17b8	; 0x17b8 <checked_write>
    1830:	81 11       	cpse	r24, r1
    return 1U;
    1832:	81 e0       	ldi	r24, 0x01	; 1
}
    1834:	08 95       	ret

00001836 <tmag5273_read_raw>:

uint8_t tmag5273_read_raw(tmag5273_raw_sample_t *sample)
{
    1836:	ef 92       	push	r14
    1838:	ff 92       	push	r15
    183a:	1f 93       	push	r17
    183c:	cf 93       	push	r28
    183e:	df 93       	push	r29
    1840:	cd b7       	in	r28, 0x3d	; 61
    1842:	de b7       	in	r29, 0x3e	; 62
    1844:	29 97       	sbiw	r28, 0x09	; 9
    1846:	0f b6       	in	r0, 0x3f	; 63
    1848:	f8 94       	cli
    184a:	de bf       	out	0x3e, r29	; 62
    184c:	0f be       	out	0x3f, r0	; 63
    184e:	cd bf       	out	0x3d, r28	; 61
    1850:	7c 01       	movw	r14, r24
    uint8_t buffer[9];

    /* Trigger a conversion while the device is in standby mode. */
    if (!twi1_write_register(TMAG_I2C_ADDRESS, (uint8_t)(DEVICE_ID | 0x80U), 0x00U)) {
    1852:	40 e0       	ldi	r20, 0x00	; 0
    1854:	6d e8       	ldi	r22, 0x8D	; 141
    1856:	85 e3       	ldi	r24, 0x35	; 53
    1858:	0e 94 a0 0e 	call	0x1d40	; 0x1d40 <twi1_write_register>
    185c:	18 2f       	mov	r17, r24
    185e:	81 11       	cpse	r24, r1
    1860:	03 c0       	rjmp	.+6      	; 0x1868 <tmag5273_read_raw+0x32>
        diagnostics_record_twi_error();
    1862:	0e 94 b7 07 	call	0xf6e	; 0xf6e <diagnostics_record_twi_error>
        return 0U;
    1866:	33 c0       	rjmp	.+102    	; 0x18ce <tmag5273_read_raw+0x98>
    1868:	81 ee       	ldi	r24, 0xE1	; 225
    186a:	94 e0       	ldi	r25, 0x04	; 4
    186c:	01 97       	sbiw	r24, 0x01	; 1
    186e:	f1 f7       	brne	.-4      	; 0x186c <tmag5273_read_raw+0x36>
    1870:	00 c0       	rjmp	.+0      	; 0x1872 <tmag5273_read_raw+0x3c>
    1872:	00 00       	nop
    }
    _delay_ms(5);

    if (!twi1_read_block(TMAG_I2C_ADDRESS, T_MSB_RESULT, buffer, 9U)) {
    1874:	29 e0       	ldi	r18, 0x09	; 9
    1876:	ae 01       	movw	r20, r28
    1878:	4f 5f       	subi	r20, 0xFF	; 255
    187a:	5f 4f       	sbci	r21, 0xFF	; 255
    187c:	60 e1       	ldi	r22, 0x10	; 16
    187e:	85 e3       	ldi	r24, 0x35	; 53
    1880:	0e 94 17 0f 	call	0x1e2e	; 0x1e2e <twi1_read_block>
    1884:	18 2f       	mov	r17, r24
    1886:	81 11       	cpse	r24, r1
    1888:	03 c0       	rjmp	.+6      	; 0x1890 <tmag5273_read_raw+0x5a>
        diagnostics_record_twi_error();
    188a:	0e 94 b7 07 	call	0xf6e	; 0xf6e <diagnostics_record_twi_error>
        return 0U;
    188e:	1f c0       	rjmp	.+62     	; 0x18ce <tmag5273_read_raw+0x98>
    }

    sample->temperature_raw = make_i16(buffer[0], buffer[1]);
    1890:	6a 81       	ldd	r22, Y+2	; 0x02
    1892:	89 81       	ldd	r24, Y+1	; 0x01
    1894:	0e 94 d7 0b 	call	0x17ae	; 0x17ae <make_i16>
    1898:	f7 01       	movw	r30, r14
    189a:	91 83       	std	Z+1, r25	; 0x01
    189c:	80 83       	st	Z, r24
    sample->bx_raw = make_i16(buffer[2], buffer[3]);
    189e:	6c 81       	ldd	r22, Y+4	; 0x04
    18a0:	8b 81       	ldd	r24, Y+3	; 0x03
    18a2:	0e 94 d7 0b 	call	0x17ae	; 0x17ae <make_i16>
    18a6:	f7 01       	movw	r30, r14
    18a8:	93 83       	std	Z+3, r25	; 0x03
    18aa:	82 83       	std	Z+2, r24	; 0x02
    sample->by_raw = make_i16(buffer[4], buffer[5]);
    18ac:	6e 81       	ldd	r22, Y+6	; 0x06
    18ae:	8d 81       	ldd	r24, Y+5	; 0x05
    18b0:	0e 94 d7 0b 	call	0x17ae	; 0x17ae <make_i16>
    18b4:	f7 01       	movw	r30, r14
    18b6:	95 83       	std	Z+5, r25	; 0x05
    18b8:	84 83       	std	Z+4, r24	; 0x04
    sample->bz_raw = make_i16(buffer[6], buffer[7]);
    18ba:	68 85       	ldd	r22, Y+8	; 0x08
    18bc:	8f 81       	ldd	r24, Y+7	; 0x07
    18be:	0e 94 d7 0b 	call	0x17ae	; 0x17ae <make_i16>
    18c2:	f7 01       	movw	r30, r14
    18c4:	97 83       	std	Z+7, r25	; 0x07
    18c6:	86 83       	std	Z+6, r24	; 0x06
    sample->status = buffer[8];
    18c8:	89 85       	ldd	r24, Y+9	; 0x09
    18ca:	80 87       	std	Z+8, r24	; 0x08

    return 1;
    18cc:	11 e0       	ldi	r17, 0x01	; 1
}
    18ce:	81 2f       	mov	r24, r17
    18d0:	29 96       	adiw	r28, 0x09	; 9
    18d2:	0f b6       	in	r0, 0x3f	; 63
    18d4:	f8 94       	cli
    18d6:	de bf       	out	0x3e, r29	; 62
    18d8:	0f be       	out	0x3f, r0	; 63
    18da:	cd bf       	out	0x3d, r28	; 61
    18dc:	df 91       	pop	r29
    18de:	cf 91       	pop	r28
    18e0:	1f 91       	pop	r17
    18e2:	ff 90       	pop	r15
    18e4:	ef 90       	pop	r14
    18e6:	08 95       	ret

000018e8 <tmag5273_convert_averaged_raw>:
                                  int32_t bx_raw,
                                  int32_t by_raw,
                                  int32_t bz_raw,
                                  uint8_t status,
                                  tmag5273_measurement_t *measurement)
{
    18e8:	3f 92       	push	r3
    18ea:	4f 92       	push	r4
    18ec:	5f 92       	push	r5
    18ee:	6f 92       	push	r6
    18f0:	7f 92       	push	r7
    18f2:	8f 92       	push	r8
    18f4:	9f 92       	push	r9
    18f6:	af 92       	push	r10
    18f8:	bf 92       	push	r11
    18fa:	cf 92       	push	r12
    18fc:	df 92       	push	r13
    18fe:	ef 92       	push	r14
    1900:	ff 92       	push	r15
    1902:	0f 93       	push	r16
    1904:	1f 93       	push	r17
    1906:	cf 93       	push	r28
    1908:	df 93       	push	r29
    190a:	cd b7       	in	r28, 0x3d	; 61
    190c:	de b7       	in	r29, 0x3e	; 62
    190e:	29 01       	movw	r4, r18
    1910:	3a 01       	movw	r6, r20
    1912:	38 2c       	mov	r3, r8
    1914:	8c 88       	ldd	r8, Y+20	; 0x14
    1916:	9d 88       	ldd	r9, Y+21	; 0x15
    measurement->temperature_x100 = TSENSET0_X100
                                  + ((temperature_raw - TADCT0) * 1000L) / TADCRES_X10;
    1918:	9b 01       	movw	r18, r22
    191a:	ac 01       	movw	r20, r24
    191c:	24 56       	subi	r18, 0x64	; 100
    191e:	34 44       	sbci	r19, 0x44	; 68
    1920:	41 09       	sbc	r20, r1
    1922:	51 09       	sbc	r21, r1
    1924:	a8 ee       	ldi	r26, 0xE8	; 232
    1926:	b3 e0       	ldi	r27, 0x03	; 3
    1928:	0e 94 a4 11 	call	0x2348	; 0x2348 <__muluhisi3>
    192c:	29 e5       	ldi	r18, 0x59	; 89
    192e:	32 e0       	ldi	r19, 0x02	; 2
    1930:	40 e0       	ldi	r20, 0x00	; 0
    1932:	50 e0       	ldi	r21, 0x00	; 0
    1934:	0e 94 76 11 	call	0x22ec	; 0x22ec <__divmodsi4>
    1938:	da 01       	movw	r26, r20
    193a:	c9 01       	movw	r24, r18
    193c:	8c 53       	subi	r24, 0x3C	; 60
    193e:	96 4f       	sbci	r25, 0xF6	; 246
    1940:	af 4f       	sbci	r26, 0xFF	; 255
    1942:	bf 4f       	sbci	r27, 0xFF	; 255
                                  int32_t by_raw,
                                  int32_t bz_raw,
                                  uint8_t status,
                                  tmag5273_measurement_t *measurement)
{
    measurement->temperature_x100 = TSENSET0_X100
    1944:	f4 01       	movw	r30, r8
    1946:	80 83       	st	Z, r24
    1948:	91 83       	std	Z+1, r25	; 0x01
    194a:	a2 83       	std	Z+2, r26	; 0x02
    194c:	b3 83       	std	Z+3, r27	; 0x03
                                  + ((temperature_raw - TADCT0) * 1000L) / TADCRES_X10;

    /* TMAG5273A2 in 2x range: +/-266 mT full scale.
       Outputs are expressed in hundredths of mT. */
    measurement->bx_x100 = (bx_raw * TMAG_FULL_SCALE_X100) / 32768L;
    194e:	a8 ee       	ldi	r26, 0xE8	; 232
    1950:	b7 e6       	ldi	r27, 0x67	; 103
    1952:	a3 01       	movw	r20, r6
    1954:	92 01       	movw	r18, r4
    1956:	0e 94 a4 11 	call	0x2348	; 0x2348 <__muluhisi3>
    195a:	2b 01       	movw	r4, r22
    195c:	3c 01       	movw	r6, r24
    195e:	99 23       	and	r25, r25
    1960:	34 f4       	brge	.+12     	; 0x196e <tmag5273_convert_averaged_raw+0x86>
    1962:	ff ef       	ldi	r31, 0xFF	; 255
    1964:	4f 0e       	add	r4, r31
    1966:	ff e7       	ldi	r31, 0x7F	; 127
    1968:	5f 1e       	adc	r5, r31
    196a:	61 1c       	adc	r6, r1
    196c:	71 1c       	adc	r7, r1
    196e:	d3 01       	movw	r26, r6
    1970:	c2 01       	movw	r24, r4
    1972:	07 2e       	mov	r0, r23
    1974:	7f e0       	ldi	r23, 0x0F	; 15
    1976:	b5 95       	asr	r27
    1978:	a7 95       	ror	r26
    197a:	97 95       	ror	r25
    197c:	87 95       	ror	r24
    197e:	7a 95       	dec	r23
    1980:	d1 f7       	brne	.-12     	; 0x1976 <tmag5273_convert_averaged_raw+0x8e>
    1982:	70 2d       	mov	r23, r0
    1984:	f4 01       	movw	r30, r8
    1986:	84 83       	std	Z+4, r24	; 0x04
    1988:	95 83       	std	Z+5, r25	; 0x05
    198a:	a6 83       	std	Z+6, r26	; 0x06
    198c:	b7 83       	std	Z+7, r27	; 0x07
    measurement->by_x100 = (by_raw * TMAG_FULL_SCALE_X100) / 32768L;
    198e:	a8 ee       	ldi	r26, 0xE8	; 232
    1990:	b7 e6       	ldi	r27, 0x67	; 103
    1992:	a8 01       	movw	r20, r16
    1994:	97 01       	movw	r18, r14
    1996:	0e 94 a4 11 	call	0x2348	; 0x2348 <__muluhisi3>
    199a:	8b 01       	movw	r16, r22
    199c:	9c 01       	movw	r18, r24
    199e:	99 23       	and	r25, r25
    19a0:	24 f4       	brge	.+8      	; 0x19aa <tmag5273_convert_averaged_raw+0xc2>
    19a2:	01 50       	subi	r16, 0x01	; 1
    19a4:	10 48       	sbci	r17, 0x80	; 128
    19a6:	2f 4f       	sbci	r18, 0xFF	; 255
    19a8:	3f 4f       	sbci	r19, 0xFF	; 255
    19aa:	d9 01       	movw	r26, r18
    19ac:	c8 01       	movw	r24, r16
    19ae:	07 2e       	mov	r0, r23
    19b0:	7f e0       	ldi	r23, 0x0F	; 15
    19b2:	b5 95       	asr	r27
    19b4:	a7 95       	ror	r26
    19b6:	97 95       	ror	r25
    19b8:	87 95       	ror	r24
    19ba:	7a 95       	dec	r23
    19bc:	d1 f7       	brne	.-12     	; 0x19b2 <tmag5273_convert_averaged_raw+0xca>
    19be:	70 2d       	mov	r23, r0
    19c0:	f4 01       	movw	r30, r8
    19c2:	80 87       	std	Z+8, r24	; 0x08
    19c4:	91 87       	std	Z+9, r25	; 0x09
    19c6:	a2 87       	std	Z+10, r26	; 0x0a
    19c8:	b3 87       	std	Z+11, r27	; 0x0b
    measurement->bz_x100 = (bz_raw * TMAG_FULL_SCALE_X100) / 32768L;
    19ca:	a8 ee       	ldi	r26, 0xE8	; 232
    19cc:	b7 e6       	ldi	r27, 0x67	; 103
    19ce:	a6 01       	movw	r20, r12
    19d0:	95 01       	movw	r18, r10
    19d2:	0e 94 a4 11 	call	0x2348	; 0x2348 <__muluhisi3>
    19d6:	8b 01       	movw	r16, r22
    19d8:	9c 01       	movw	r18, r24
    19da:	99 23       	and	r25, r25
    19dc:	24 f4       	brge	.+8      	; 0x19e6 <tmag5273_convert_averaged_raw+0xfe>
    19de:	01 50       	subi	r16, 0x01	; 1
    19e0:	10 48       	sbci	r17, 0x80	; 128
    19e2:	2f 4f       	sbci	r18, 0xFF	; 255
    19e4:	3f 4f       	sbci	r19, 0xFF	; 255
    19e6:	d9 01       	movw	r26, r18
    19e8:	c8 01       	movw	r24, r16
    19ea:	07 2e       	mov	r0, r23
    19ec:	7f e0       	ldi	r23, 0x0F	; 15
    19ee:	b5 95       	asr	r27
    19f0:	a7 95       	ror	r26
    19f2:	97 95       	ror	r25
    19f4:	87 95       	ror	r24
    19f6:	7a 95       	dec	r23
    19f8:	d1 f7       	brne	.-12     	; 0x19ee <tmag5273_convert_averaged_raw+0x106>
    19fa:	70 2d       	mov	r23, r0
    19fc:	f4 01       	movw	r30, r8
    19fe:	84 87       	std	Z+12, r24	; 0x0c
    1a00:	95 87       	std	Z+13, r25	; 0x0d
    1a02:	a6 87       	std	Z+14, r26	; 0x0e
    1a04:	b7 87       	std	Z+15, r27	; 0x0f
    measurement->status = status;
    1a06:	30 8a       	std	Z+16, r3	; 0x10
}
    1a08:	df 91       	pop	r29
    1a0a:	cf 91       	pop	r28
    1a0c:	1f 91       	pop	r17
    1a0e:	0f 91       	pop	r16
    1a10:	ff 90       	pop	r15
    1a12:	ef 90       	pop	r14
    1a14:	df 90       	pop	r13
    1a16:	cf 90       	pop	r12
    1a18:	bf 90       	pop	r11
    1a1a:	af 90       	pop	r10
    1a1c:	9f 90       	pop	r9
    1a1e:	8f 90       	pop	r8
    1a20:	7f 90       	pop	r7
    1a22:	6f 90       	pop	r6
    1a24:	5f 90       	pop	r5
    1a26:	4f 90       	pop	r4
    1a28:	3f 90       	pop	r3
    1a2a:	08 95       	ret

00001a2c <transport_service_calibration_status_text>:
#include "uart0.h"
#include "diagnostics.h"

const char *transport_service_calibration_status_text(calibration_status_t status)
{
    if (status == CALIBRATION_STATUS_VALID) return "VALID";
    1a2c:	81 30       	cpi	r24, 0x01	; 1
    1a2e:	29 f0       	breq	.+10     	; 0x1a3a <transport_service_calibration_status_text+0xe>
    if (status == CALIBRATION_STATUS_DIRTY) return "DIRTY";
    1a30:	82 30       	cpi	r24, 0x02	; 2
    1a32:	31 f4       	brne	.+12     	; 0x1a40 <transport_service_calibration_status_text+0x14>
    1a34:	86 e0       	ldi	r24, 0x06	; 6
    1a36:	91 e0       	ldi	r25, 0x01	; 1
    1a38:	08 95       	ret
#include "uart0.h"
#include "diagnostics.h"

const char *transport_service_calibration_status_text(calibration_status_t status)
{
    if (status == CALIBRATION_STATUS_VALID) return "VALID";
    1a3a:	80 e0       	ldi	r24, 0x00	; 0
    1a3c:	91 e0       	ldi	r25, 0x01	; 1
    1a3e:	08 95       	ret
    if (status == CALIBRATION_STATUS_DIRTY) return "DIRTY";
    return "DEFAULT";
    1a40:	8c e0       	ldi	r24, 0x0C	; 12
    1a42:	91 e0       	ldi	r25, 0x01	; 1
}
    1a44:	08 95       	ret

00001a46 <print_calibration_summary>:
    uart0_print("\r\n");
}

static void print_calibration_summary(const calibration_record_t *calibration,
                                      calibration_status_t status)
{
    1a46:	1f 93       	push	r17
    1a48:	cf 93       	push	r28
    1a4a:	df 93       	push	r29
    1a4c:	ec 01       	movw	r28, r24
    1a4e:	16 2f       	mov	r17, r22
    uart0_print("CALIBRATION=");
    1a50:	8d e4       	ldi	r24, 0x4D	; 77
    1a52:	95 e0       	ldi	r25, 0x05	; 5
    1a54:	0e 94 b0 0f 	call	0x1f60	; 0x1f60 <uart0_print>
    uart0_print(transport_service_calibration_status_text(status));
    1a58:	81 2f       	mov	r24, r17
    1a5a:	0e 94 16 0d 	call	0x1a2c	; 0x1a2c <transport_service_calibration_status_text>
    1a5e:	0e 94 b0 0f 	call	0x1f60	; 0x1f60 <uart0_print>
    uart0_print(",VERSION=");
    1a62:	8a e5       	ldi	r24, 0x5A	; 90
    1a64:	95 e0       	ldi	r25, 0x05	; 5
    1a66:	0e 94 b0 0f 	call	0x1f60	; 0x1f60 <uart0_print>
    uart0_print_uint16(calibration->version);
    1a6a:	8c 81       	ldd	r24, Y+4	; 0x04
    1a6c:	9d 81       	ldd	r25, Y+5	; 0x05
    1a6e:	0e 94 d2 0f 	call	0x1fa4	; 0x1fa4 <uart0_print_uint16>
    uart0_print(",COUNTER=");
    1a72:	84 e6       	ldi	r24, 0x64	; 100
    1a74:	95 e0       	ldi	r25, 0x05	; 5
    1a76:	0e 94 b0 0f 	call	0x1f60	; 0x1f60 <uart0_print>
    uart0_print_uint32(calibration->calibration_counter);
    1a7a:	68 a9       	ldd	r22, Y+48	; 0x30
    1a7c:	79 a9       	ldd	r23, Y+49	; 0x31
    1a7e:	8a a9       	ldd	r24, Y+50	; 0x32
    1a80:	9b a9       	ldd	r25, Y+51	; 0x33
    1a82:	0e 94 29 10 	call	0x2052	; 0x2052 <uart0_print_uint32>
    uart0_print("\r\n");
    1a86:	8d ef       	ldi	r24, 0xFD	; 253
    1a88:	96 e0       	ldi	r25, 0x06	; 6
    1a8a:	0e 94 b0 0f 	call	0x1f60	; 0x1f60 <uart0_print>

    uart0_print("CAL_OFFSET_X=");
    1a8e:	8e e6       	ldi	r24, 0x6E	; 110
    1a90:	95 e0       	ldi	r25, 0x05	; 5
    1a92:	0e 94 b0 0f 	call	0x1f60	; 0x1f60 <uart0_print>
    uart0_print_fixed_2(calibration->offset_x_x100);
    1a96:	68 85       	ldd	r22, Y+8	; 0x08
    1a98:	79 85       	ldd	r23, Y+9	; 0x09
    1a9a:	8a 85       	ldd	r24, Y+10	; 0x0a
    1a9c:	9b 85       	ldd	r25, Y+11	; 0x0b
    1a9e:	0e 94 8a 10 	call	0x2114	; 0x2114 <uart0_print_fixed_2>
    uart0_print(",CAL_OFFSET_Y=");
    1aa2:	8c e7       	ldi	r24, 0x7C	; 124
    1aa4:	95 e0       	ldi	r25, 0x05	; 5
    1aa6:	0e 94 b0 0f 	call	0x1f60	; 0x1f60 <uart0_print>
    uart0_print_fixed_2(calibration->offset_y_x100);
    1aaa:	6c 85       	ldd	r22, Y+12	; 0x0c
    1aac:	7d 85       	ldd	r23, Y+13	; 0x0d
    1aae:	8e 85       	ldd	r24, Y+14	; 0x0e
    1ab0:	9f 85       	ldd	r25, Y+15	; 0x0f
    1ab2:	0e 94 8a 10 	call	0x2114	; 0x2114 <uart0_print_fixed_2>
    uart0_print(",CAL_OFFSET_Z=");
    1ab6:	8b e8       	ldi	r24, 0x8B	; 139
    1ab8:	95 e0       	ldi	r25, 0x05	; 5
    1aba:	0e 94 b0 0f 	call	0x1f60	; 0x1f60 <uart0_print>
    uart0_print_fixed_2(calibration->offset_z_x100);
    1abe:	68 89       	ldd	r22, Y+16	; 0x10
    1ac0:	79 89       	ldd	r23, Y+17	; 0x11
    1ac2:	8a 89       	ldd	r24, Y+18	; 0x12
    1ac4:	9b 89       	ldd	r25, Y+19	; 0x13
    1ac6:	0e 94 8a 10 	call	0x2114	; 0x2114 <uart0_print_fixed_2>
    uart0_print("\r\n");
    1aca:	8d ef       	ldi	r24, 0xFD	; 253
    1acc:	96 e0       	ldi	r25, 0x06	; 6
    1ace:	0e 94 b0 0f 	call	0x1f60	; 0x1f60 <uart0_print>
}
    1ad2:	df 91       	pop	r29
    1ad4:	cf 91       	pop	r28
    1ad6:	1f 91       	pop	r17
    1ad8:	08 95       	ret

00001ada <transport_service_init>:
    return "DEFAULT";
}

void transport_service_init(void)
{
    uart0_init();
    1ada:	0e 94 9b 0f 	call	0x1f36	; 0x1f36 <uart0_init>
    1ade:	08 95       	ret

00001ae0 <transport_service_publish_error>:
}

void transport_service_publish_error(const char *message)
{
    1ae0:	cf 93       	push	r28
    1ae2:	df 93       	push	r29
    1ae4:	ec 01       	movw	r28, r24
    uart0_print("ERROR,");
    1ae6:	8a e9       	ldi	r24, 0x9A	; 154
    1ae8:	95 e0       	ldi	r25, 0x05	; 5
    1aea:	0e 94 b0 0f 	call	0x1f60	; 0x1f60 <uart0_print>
    uart0_print(message);
    1aee:	ce 01       	movw	r24, r28
    1af0:	0e 94 b0 0f 	call	0x1f60	; 0x1f60 <uart0_print>
    uart0_print("\r\n");
    1af4:	8d ef       	ldi	r24, 0xFD	; 253
    1af6:	96 e0       	ldi	r25, 0x06	; 6
    1af8:	0e 94 b0 0f 	call	0x1f60	; 0x1f60 <uart0_print>
}
    1afc:	df 91       	pop	r29
    1afe:	cf 91       	pop	r28
    1b00:	08 95       	ret

00001b02 <transport_service_print_startup>:

void transport_service_print_startup(const calibration_record_t *calibration,
                                     calibration_status_t status,
                                     uint8_t node_id,
                                     uint8_t device_id)
{
    1b02:	ff 92       	push	r15
    1b04:	0f 93       	push	r16
    1b06:	1f 93       	push	r17
    1b08:	cf 93       	push	r28
    1b0a:	df 93       	push	r29
    1b0c:	8c 01       	movw	r16, r24
    1b0e:	f6 2e       	mov	r15, r22
    1b10:	c4 2f       	mov	r28, r20
    1b12:	d2 2f       	mov	r29, r18
    uart0_print("\r\nND280 Magnetic Field Node v");
    1b14:	81 ea       	ldi	r24, 0xA1	; 161
    1b16:	95 e0       	ldi	r25, 0x05	; 5
    1b18:	0e 94 b0 0f 	call	0x1f60	; 0x1f60 <uart0_print>
    uart0_print(FIRMWARE_VERSION);
    1b1c:	8b e6       	ldi	r24, 0x6B	; 107
    1b1e:	94 e0       	ldi	r25, 0x04	; 4
    1b20:	0e 94 b0 0f 	call	0x1f60	; 0x1f60 <uart0_print>
    uart0_print("\r\nUART0=4800,RX_COMMANDS=ON,TWI1=PE0/PE1\r\n");
    1b24:	8f eb       	ldi	r24, 0xBF	; 191
    1b26:	95 e0       	ldi	r25, 0x05	; 5
    1b28:	0e 94 b0 0f 	call	0x1f60	; 0x1f60 <uart0_print>
    uart0_print("AVERAGE_SAMPLES=");
    1b2c:	8a ee       	ldi	r24, 0xEA	; 234
    1b2e:	95 e0       	ldi	r25, 0x05	; 5
    1b30:	0e 94 b0 0f 	call	0x1f60	; 0x1f60 <uart0_print>
    uart0_print_uint16(AVERAGE_SAMPLES);
    1b34:	8a e0       	ldi	r24, 0x0A	; 10
    1b36:	90 e0       	ldi	r25, 0x00	; 0
    1b38:	0e 94 d2 0f 	call	0x1fa4	; 0x1fa4 <uart0_print_uint16>
    uart0_print(",SAMPLE_INTERVAL_MS=");
    1b3c:	8b ef       	ldi	r24, 0xFB	; 251
    1b3e:	95 e0       	ldi	r25, 0x05	; 5
    1b40:	0e 94 b0 0f 	call	0x1f60	; 0x1f60 <uart0_print>
    uart0_print_uint16(SAMPLE_INTERVAL_MS);
    1b44:	84 e6       	ldi	r24, 0x64	; 100
    1b46:	90 e0       	ldi	r25, 0x00	; 0
    1b48:	0e 94 d2 0f 	call	0x1fa4	; 0x1fa4 <uart0_print_uint16>
    uart0_print("\r\nTMAG_VARIANT=");
    1b4c:	80 e1       	ldi	r24, 0x10	; 16
    1b4e:	96 e0       	ldi	r25, 0x06	; 6
    1b50:	0e 94 b0 0f 	call	0x1f60	; 0x1f60 <uart0_print>
    uart0_print(TMAG_VARIANT);
    1b54:	87 ec       	ldi	r24, 0xC7	; 199
    1b56:	94 e0       	ldi	r25, 0x04	; 4
    1b58:	0e 94 b0 0f 	call	0x1f60	; 0x1f60 <uart0_print>
    uart0_print(",TMAG_RANGE_MT=");
    1b5c:	80 e2       	ldi	r24, 0x20	; 32
    1b5e:	96 e0       	ldi	r25, 0x06	; 6
    1b60:	0e 94 b0 0f 	call	0x1f60	; 0x1f60 <uart0_print>
    uart0_print_uint16(TMAG_FULL_SCALE_MT);
    1b64:	8a e0       	ldi	r24, 0x0A	; 10
    1b66:	91 e0       	ldi	r25, 0x01	; 1
    1b68:	0e 94 d2 0f 	call	0x1fa4	; 0x1fa4 <uart0_print_uint16>
    uart0_print("\r\n");
    1b6c:	8d ef       	ldi	r24, 0xFD	; 253
    1b6e:	96 e0       	ldi	r25, 0x06	; 6
    1b70:	0e 94 b0 0f 	call	0x1f60	; 0x1f60 <uart0_print>

    print_calibration_summary(calibration, status);
    1b74:	6f 2d       	mov	r22, r15
    1b76:	c8 01       	movw	r24, r16
    1b78:	0e 94 23 0d 	call	0x1a46	; 0x1a46 <print_calibration_summary>

    uart0_print("TMAG_DEVICE_ID=0x");
    1b7c:	80 e3       	ldi	r24, 0x30	; 48
    1b7e:	96 e0       	ldi	r25, 0x06	; 6
    1b80:	0e 94 b0 0f 	call	0x1f60	; 0x1f60 <uart0_print>
    uart0_print_hex8(device_id);
    1b84:	8d 2f       	mov	r24, r29
    1b86:	0e 94 bd 0f 	call	0x1f7a	; 0x1f7a <uart0_print_hex8>
    uart0_print("\r\nTMAG_INIT=OK\r\nBOARD_ID=");
    1b8a:	82 e4       	ldi	r24, 0x42	; 66
    1b8c:	96 e0       	ldi	r25, 0x06	; 6
    1b8e:	0e 94 b0 0f 	call	0x1f60	; 0x1f60 <uart0_print>
    uart0_print_uint16(node_id);
    1b92:	8c 2f       	mov	r24, r28
    1b94:	90 e0       	ldi	r25, 0x00	; 0
    1b96:	0e 94 d2 0f 	call	0x1fa4	; 0x1fa4 <uart0_print_uint16>
    uart0_print("\r\nRESET_CAUSE=");
    1b9a:	8c e5       	ldi	r24, 0x5C	; 92
    1b9c:	96 e0       	ldi	r25, 0x06	; 6
    1b9e:	0e 94 b0 0f 	call	0x1f60	; 0x1f60 <uart0_print>
    diagnostics_print_reset_causes();
    1ba2:	0e 94 5f 07 	call	0xebe	; 0xebe <diagnostics_print_reset_causes>
    uart0_print(",BOOT_COUNT=");
    1ba6:	8b e6       	ldi	r24, 0x6B	; 107
    1ba8:	96 e0       	ldi	r25, 0x06	; 6
    1baa:	0e 94 b0 0f 	call	0x1f60	; 0x1f60 <uart0_print>
    uart0_print_uint32(diagnostics_get_boot_count());
    1bae:	0e 94 56 07 	call	0xeac	; 0xeac <diagnostics_get_boot_count>
    1bb2:	0e 94 29 10 	call	0x2052	; 0x2052 <uart0_print_uint32>
    uart0_print("\r\nTYPE HELP FOR COMMANDS\r\n");
    1bb6:	88 e7       	ldi	r24, 0x78	; 120
    1bb8:	96 e0       	ldi	r25, 0x06	; 6
    1bba:	0e 94 b0 0f 	call	0x1f60	; 0x1f60 <uart0_print>
}
    1bbe:	df 91       	pop	r29
    1bc0:	cf 91       	pop	r28
    1bc2:	1f 91       	pop	r17
    1bc4:	0f 91       	pop	r16
    1bc6:	ff 90       	pop	r15
    1bc8:	08 95       	ret

00001bca <transport_service_publish_measurement>:

void transport_service_publish_measurement(uint8_t node_id,
                                           uint32_t sequence,
                                           calibration_status_t status,
                                           const measurement_result_t *result)
{
    1bca:	8f 92       	push	r8
    1bcc:	9f 92       	push	r9
    1bce:	af 92       	push	r10
    1bd0:	bf 92       	push	r11
    1bd2:	ef 92       	push	r14
    1bd4:	ff 92       	push	r15
    1bd6:	0f 93       	push	r16
    1bd8:	1f 93       	push	r17
    1bda:	cf 93       	push	r28
    1bdc:	df 93       	push	r29
    1bde:	e8 2e       	mov	r14, r24
    1be0:	4a 01       	movw	r8, r20
    1be2:	5b 01       	movw	r10, r22
    1be4:	f2 2e       	mov	r15, r18
    1be6:	e8 01       	movw	r28, r16
    uart0_print("$ND280,VER=");
    1be8:	83 e9       	ldi	r24, 0x93	; 147
    1bea:	96 e0       	ldi	r25, 0x06	; 6
    1bec:	0e 94 b0 0f 	call	0x1f60	; 0x1f60 <uart0_print>
    uart0_print(FIRMWARE_VERSION);
    1bf0:	8b e6       	ldi	r24, 0x6B	; 107
    1bf2:	94 e0       	ldi	r25, 0x04	; 4
    1bf4:	0e 94 b0 0f 	call	0x1f60	; 0x1f60 <uart0_print>
    uart0_print(",ID=");
    1bf8:	84 e9       	ldi	r24, 0x94	; 148
    1bfa:	93 e0       	ldi	r25, 0x03	; 3
    1bfc:	0e 94 b0 0f 	call	0x1f60	; 0x1f60 <uart0_print>
    uart0_print_uint16(node_id);
    1c00:	8e 2d       	mov	r24, r14
    1c02:	90 e0       	ldi	r25, 0x00	; 0
    1c04:	0e 94 d2 0f 	call	0x1fa4	; 0x1fa4 <uart0_print_uint16>
    uart0_print(",SEQ=");
    1c08:	8d e4       	ldi	r24, 0x4D	; 77
    1c0a:	94 e0       	ldi	r25, 0x04	; 4
    1c0c:	0e 94 b0 0f 	call	0x1f60	; 0x1f60 <uart0_print>
    uart0_print_uint32(sequence);
    1c10:	c5 01       	movw	r24, r10
    1c12:	b4 01       	movw	r22, r8
    1c14:	0e 94 29 10 	call	0x2052	; 0x2052 <uart0_print_uint32>
    uart0_print(",AVG=");
    1c18:	82 ed       	ldi	r24, 0xD2	; 210
    1c1a:	94 e0       	ldi	r25, 0x04	; 4
    1c1c:	0e 94 b0 0f 	call	0x1f60	; 0x1f60 <uart0_print>
    uart0_print_uint16(result->valid_samples);
    1c20:	89 89       	ldd	r24, Y+17	; 0x11
    1c22:	90 e0       	ldi	r25, 0x00	; 0
    1c24:	0e 94 d2 0f 	call	0x1fa4	; 0x1fa4 <uart0_print_uint16>
    uart0_print(",CAL=");
    1c28:	85 ee       	ldi	r24, 0xE5	; 229
    1c2a:	94 e0       	ldi	r25, 0x04	; 4
    1c2c:	0e 94 b0 0f 	call	0x1f60	; 0x1f60 <uart0_print>
    uart0_print(transport_service_calibration_status_text(status));
    1c30:	8f 2d       	mov	r24, r15
    1c32:	0e 94 16 0d 	call	0x1a2c	; 0x1a2c <transport_service_calibration_status_text>
    1c36:	0e 94 b0 0f 	call	0x1f60	; 0x1f60 <uart0_print>
    uart0_print(",T=");
    1c3a:	8f e9       	ldi	r24, 0x9F	; 159
    1c3c:	96 e0       	ldi	r25, 0x06	; 6
    1c3e:	0e 94 b0 0f 	call	0x1f60	; 0x1f60 <uart0_print>
    uart0_print_fixed_2(result->value.temperature_x100);
    1c42:	68 81       	ld	r22, Y
    1c44:	79 81       	ldd	r23, Y+1	; 0x01
    1c46:	8a 81       	ldd	r24, Y+2	; 0x02
    1c48:	9b 81       	ldd	r25, Y+3	; 0x03
    1c4a:	0e 94 8a 10 	call	0x2114	; 0x2114 <uart0_print_fixed_2>
    uart0_print(",BX=");
    1c4e:	83 ea       	ldi	r24, 0xA3	; 163
    1c50:	96 e0       	ldi	r25, 0x06	; 6
    1c52:	0e 94 b0 0f 	call	0x1f60	; 0x1f60 <uart0_print>
    uart0_print_fixed_2(result->value.bx_x100);
    1c56:	6c 81       	ldd	r22, Y+4	; 0x04
    1c58:	7d 81       	ldd	r23, Y+5	; 0x05
    1c5a:	8e 81       	ldd	r24, Y+6	; 0x06
    1c5c:	9f 81       	ldd	r25, Y+7	; 0x07
    1c5e:	0e 94 8a 10 	call	0x2114	; 0x2114 <uart0_print_fixed_2>
    uart0_print(",BY=");
    1c62:	88 ea       	ldi	r24, 0xA8	; 168
    1c64:	96 e0       	ldi	r25, 0x06	; 6
    1c66:	0e 94 b0 0f 	call	0x1f60	; 0x1f60 <uart0_print>
    uart0_print_fixed_2(result->value.by_x100);
    1c6a:	68 85       	ldd	r22, Y+8	; 0x08
    1c6c:	79 85       	ldd	r23, Y+9	; 0x09
    1c6e:	8a 85       	ldd	r24, Y+10	; 0x0a
    1c70:	9b 85       	ldd	r25, Y+11	; 0x0b
    1c72:	0e 94 8a 10 	call	0x2114	; 0x2114 <uart0_print_fixed_2>
    uart0_print(",BZ=");
    1c76:	8d ea       	ldi	r24, 0xAD	; 173
    1c78:	96 e0       	ldi	r25, 0x06	; 6
    1c7a:	0e 94 b0 0f 	call	0x1f60	; 0x1f60 <uart0_print>
    uart0_print_fixed_2(result->value.bz_x100);
    1c7e:	6c 85       	ldd	r22, Y+12	; 0x0c
    1c80:	7d 85       	ldd	r23, Y+13	; 0x0d
    1c82:	8e 85       	ldd	r24, Y+14	; 0x0e
    1c84:	9f 85       	ldd	r25, Y+15	; 0x0f
    1c86:	0e 94 8a 10 	call	0x2114	; 0x2114 <uart0_print_fixed_2>
    uart0_print(",STATUS=0x");
    1c8a:	82 eb       	ldi	r24, 0xB2	; 178
    1c8c:	96 e0       	ldi	r25, 0x06	; 6
    1c8e:	0e 94 b0 0f 	call	0x1f60	; 0x1f60 <uart0_print>
    uart0_print_hex8(result->value.status);
    1c92:	88 89       	ldd	r24, Y+16	; 0x10
    1c94:	0e 94 bd 0f 	call	0x1f7a	; 0x1f7a <uart0_print_hex8>
    uart0_print("\r\n");
    1c98:	8d ef       	ldi	r24, 0xFD	; 253
    1c9a:	96 e0       	ldi	r25, 0x06	; 6
    1c9c:	0e 94 b0 0f 	call	0x1f60	; 0x1f60 <uart0_print>
}
    1ca0:	df 91       	pop	r29
    1ca2:	cf 91       	pop	r28
    1ca4:	1f 91       	pop	r17
    1ca6:	0f 91       	pop	r16
    1ca8:	ff 90       	pop	r15
    1caa:	ef 90       	pop	r14
    1cac:	bf 90       	pop	r11
    1cae:	af 90       	pop	r10
    1cb0:	9f 90       	pop	r9
    1cb2:	8f 90       	pop	r8
    1cb4:	08 95       	ret

00001cb6 <twi1_start>:
{
    if (!twi1_start()) { twi1_stop(); return 0; }
    uint8_t status = twi1_write_byte((uint8_t)(address << 1));
    twi1_stop();
    return status == 0x18U;
}
    1cb6:	84 ea       	ldi	r24, 0xA4	; 164
    1cb8:	80 93 dc 00 	sts	0x00DC, r24	; 0x8000dc <__TEXT_REGION_LENGTH__+0x7f80dc>
    1cbc:	80 91 dc 00 	lds	r24, 0x00DC	; 0x8000dc <__TEXT_REGION_LENGTH__+0x7f80dc>
    1cc0:	88 23       	and	r24, r24
    1cc2:	e4 f7       	brge	.-8      	; 0x1cbc <twi1_start+0x6>
    1cc4:	80 91 d9 00 	lds	r24, 0x00D9	; 0x8000d9 <__TEXT_REGION_LENGTH__+0x7f80d9>
    1cc8:	88 7f       	andi	r24, 0xF8	; 248
    1cca:	88 30       	cpi	r24, 0x08	; 8
    1ccc:	21 f0       	breq	.+8      	; 0x1cd6 <twi1_start+0x20>
    1cce:	80 31       	cpi	r24, 0x10	; 16
    1cd0:	21 f4       	brne	.+8      	; 0x1cda <twi1_start+0x24>
    1cd2:	81 e0       	ldi	r24, 0x01	; 1
    1cd4:	08 95       	ret
    1cd6:	81 e0       	ldi	r24, 0x01	; 1
    1cd8:	08 95       	ret
    1cda:	80 e0       	ldi	r24, 0x00	; 0
    1cdc:	08 95       	ret

00001cde <twi1_stop>:
    1cde:	84 e9       	ldi	r24, 0x94	; 148
    1ce0:	80 93 dc 00 	sts	0x00DC, r24	; 0x8000dc <__TEXT_REGION_LENGTH__+0x7f80dc>
    1ce4:	08 95       	ret

00001ce6 <twi1_write_byte>:
    1ce6:	80 93 db 00 	sts	0x00DB, r24	; 0x8000db <__TEXT_REGION_LENGTH__+0x7f80db>
    1cea:	84 e8       	ldi	r24, 0x84	; 132
    1cec:	80 93 dc 00 	sts	0x00DC, r24	; 0x8000dc <__TEXT_REGION_LENGTH__+0x7f80dc>
    1cf0:	80 91 dc 00 	lds	r24, 0x00DC	; 0x8000dc <__TEXT_REGION_LENGTH__+0x7f80dc>
    1cf4:	88 23       	and	r24, r24
    1cf6:	e4 f7       	brge	.-8      	; 0x1cf0 <twi1_write_byte+0xa>
    1cf8:	80 91 d9 00 	lds	r24, 0x00D9	; 0x8000d9 <__TEXT_REGION_LENGTH__+0x7f80d9>
    1cfc:	88 7f       	andi	r24, 0xF8	; 248
    1cfe:	08 95       	ret

00001d00 <twi1_read_ack>:
    1d00:	84 ec       	ldi	r24, 0xC4	; 196
    1d02:	80 93 dc 00 	sts	0x00DC, r24	; 0x8000dc <__TEXT_REGION_LENGTH__+0x7f80dc>
    1d06:	80 91 dc 00 	lds	r24, 0x00DC	; 0x8000dc <__TEXT_REGION_LENGTH__+0x7f80dc>
    1d0a:	88 23       	and	r24, r24
    1d0c:	e4 f7       	brge	.-8      	; 0x1d06 <twi1_read_ack+0x6>
    1d0e:	80 91 db 00 	lds	r24, 0x00DB	; 0x8000db <__TEXT_REGION_LENGTH__+0x7f80db>
    1d12:	08 95       	ret

00001d14 <twi1_read_nack>:
    1d14:	84 e8       	ldi	r24, 0x84	; 132
    1d16:	80 93 dc 00 	sts	0x00DC, r24	; 0x8000dc <__TEXT_REGION_LENGTH__+0x7f80dc>
    1d1a:	80 91 dc 00 	lds	r24, 0x00DC	; 0x8000dc <__TEXT_REGION_LENGTH__+0x7f80dc>
    1d1e:	88 23       	and	r24, r24
    1d20:	e4 f7       	brge	.-8      	; 0x1d1a <twi1_read_nack+0x6>
    1d22:	80 91 db 00 	lds	r24, 0x00DB	; 0x8000db <__TEXT_REGION_LENGTH__+0x7f80db>
    1d26:	08 95       	ret

00001d28 <twi1_init>:
    1d28:	8e b1       	in	r24, 0x0e	; 14
    1d2a:	83 60       	ori	r24, 0x03	; 3
    1d2c:	8e b9       	out	0x0e, r24	; 14
    1d2e:	10 92 d9 00 	sts	0x00D9, r1	; 0x8000d9 <__TEXT_REGION_LENGTH__+0x7f80d9>
    1d32:	82 e0       	ldi	r24, 0x02	; 2
    1d34:	80 93 d8 00 	sts	0x00D8, r24	; 0x8000d8 <__TEXT_REGION_LENGTH__+0x7f80d8>
    1d38:	84 e0       	ldi	r24, 0x04	; 4
    1d3a:	80 93 dc 00 	sts	0x00DC, r24	; 0x8000dc <__TEXT_REGION_LENGTH__+0x7f80dc>
    1d3e:	08 95       	ret

00001d40 <twi1_write_register>:

uint8_t twi1_write_register(uint8_t address, uint8_t reg, uint8_t value)
{
    1d40:	0f 93       	push	r16
    1d42:	1f 93       	push	r17
    1d44:	cf 93       	push	r28
    1d46:	df 93       	push	r29
    1d48:	d8 2f       	mov	r29, r24
    1d4a:	16 2f       	mov	r17, r22
    1d4c:	04 2f       	mov	r16, r20
    if (!twi1_start()) { twi1_stop(); return 0; }
    1d4e:	0e 94 5b 0e 	call	0x1cb6	; 0x1cb6 <twi1_start>
    1d52:	c8 2f       	mov	r28, r24
    1d54:	81 11       	cpse	r24, r1
    1d56:	03 c0       	rjmp	.+6      	; 0x1d5e <twi1_write_register+0x1e>
    1d58:	0e 94 6f 0e 	call	0x1cde	; 0x1cde <twi1_stop>
    1d5c:	1f c0       	rjmp	.+62     	; 0x1d9c <twi1_write_register+0x5c>
    if (twi1_write_byte((uint8_t)(address << 1)) != 0x18U) { twi1_stop(); return 0; }
    1d5e:	8d 2f       	mov	r24, r29
    1d60:	88 0f       	add	r24, r24
    1d62:	0e 94 73 0e 	call	0x1ce6	; 0x1ce6 <twi1_write_byte>
    1d66:	88 31       	cpi	r24, 0x18	; 24
    1d68:	21 f0       	breq	.+8      	; 0x1d72 <twi1_write_register+0x32>
    1d6a:	0e 94 6f 0e 	call	0x1cde	; 0x1cde <twi1_stop>
    1d6e:	c0 e0       	ldi	r28, 0x00	; 0
    1d70:	15 c0       	rjmp	.+42     	; 0x1d9c <twi1_write_register+0x5c>
    if (twi1_write_byte(reg) != 0x28U) { twi1_stop(); return 0; }
    1d72:	81 2f       	mov	r24, r17
    1d74:	0e 94 73 0e 	call	0x1ce6	; 0x1ce6 <twi1_write_byte>
    1d78:	88 32       	cpi	r24, 0x28	; 40
    1d7a:	21 f0       	breq	.+8      	; 0x1d84 <twi1_write_register+0x44>
    1d7c:	0e 94 6f 0e 	call	0x1cde	; 0x1cde <twi1_stop>
    1d80:	c0 e0       	ldi	r28, 0x00	; 0
    1d82:	0c c0       	rjmp	.+24     	; 0x1d9c <twi1_write_register+0x5c>
    if (twi1_write_byte(value) != 0x28U) { twi1_stop(); return 0; }
    1d84:	80 2f       	mov	r24, r16
    1d86:	0e 94 73 0e 	call	0x1ce6	; 0x1ce6 <twi1_write_byte>
    1d8a:	88 32       	cpi	r24, 0x28	; 40
    1d8c:	21 f0       	breq	.+8      	; 0x1d96 <twi1_write_register+0x56>
    1d8e:	0e 94 6f 0e 	call	0x1cde	; 0x1cde <twi1_stop>
    1d92:	c0 e0       	ldi	r28, 0x00	; 0
    1d94:	03 c0       	rjmp	.+6      	; 0x1d9c <twi1_write_register+0x5c>
    twi1_stop();
    1d96:	0e 94 6f 0e 	call	0x1cde	; 0x1cde <twi1_stop>
    return 1;
    1d9a:	c1 e0       	ldi	r28, 0x01	; 1
}
    1d9c:	8c 2f       	mov	r24, r28
    1d9e:	df 91       	pop	r29
    1da0:	cf 91       	pop	r28
    1da2:	1f 91       	pop	r17
    1da4:	0f 91       	pop	r16
    1da6:	08 95       	ret

00001da8 <twi1_read_register>:

uint8_t twi1_read_register(uint8_t address, uint8_t reg, uint8_t *value)
{
    1da8:	ef 92       	push	r14
    1daa:	ff 92       	push	r15
    1dac:	1f 93       	push	r17
    1dae:	cf 93       	push	r28
    1db0:	df 93       	push	r29
    1db2:	d8 2f       	mov	r29, r24
    1db4:	16 2f       	mov	r17, r22
    1db6:	7a 01       	movw	r14, r20
    if (!twi1_start()) { twi1_stop(); return 0; }
    1db8:	0e 94 5b 0e 	call	0x1cb6	; 0x1cb6 <twi1_start>
    1dbc:	c8 2f       	mov	r28, r24
    1dbe:	81 11       	cpse	r24, r1
    1dc0:	03 c0       	rjmp	.+6      	; 0x1dc8 <twi1_read_register+0x20>
    1dc2:	0e 94 6f 0e 	call	0x1cde	; 0x1cde <twi1_stop>
    1dc6:	2c c0       	rjmp	.+88     	; 0x1e20 <twi1_read_register+0x78>
    if (twi1_write_byte((uint8_t)(address << 1)) != 0x18U) { twi1_stop(); return 0; }
    1dc8:	dd 0f       	add	r29, r29
    1dca:	8d 2f       	mov	r24, r29
    1dcc:	0e 94 73 0e 	call	0x1ce6	; 0x1ce6 <twi1_write_byte>
    1dd0:	88 31       	cpi	r24, 0x18	; 24
    1dd2:	21 f0       	breq	.+8      	; 0x1ddc <twi1_read_register+0x34>
    1dd4:	0e 94 6f 0e 	call	0x1cde	; 0x1cde <twi1_stop>
    1dd8:	c0 e0       	ldi	r28, 0x00	; 0
    1dda:	22 c0       	rjmp	.+68     	; 0x1e20 <twi1_read_register+0x78>
    if (twi1_write_byte(reg) != 0x28U) { twi1_stop(); return 0; }
    1ddc:	81 2f       	mov	r24, r17
    1dde:	0e 94 73 0e 	call	0x1ce6	; 0x1ce6 <twi1_write_byte>
    1de2:	88 32       	cpi	r24, 0x28	; 40
    1de4:	21 f0       	breq	.+8      	; 0x1dee <twi1_read_register+0x46>
    1de6:	0e 94 6f 0e 	call	0x1cde	; 0x1cde <twi1_stop>
    1dea:	c0 e0       	ldi	r28, 0x00	; 0
    1dec:	19 c0       	rjmp	.+50     	; 0x1e20 <twi1_read_register+0x78>
    if (!twi1_start()) { twi1_stop(); return 0; }
    1dee:	0e 94 5b 0e 	call	0x1cb6	; 0x1cb6 <twi1_start>
    1df2:	c8 2f       	mov	r28, r24
    1df4:	81 11       	cpse	r24, r1
    1df6:	03 c0       	rjmp	.+6      	; 0x1dfe <twi1_read_register+0x56>
    1df8:	0e 94 6f 0e 	call	0x1cde	; 0x1cde <twi1_stop>
    1dfc:	11 c0       	rjmp	.+34     	; 0x1e20 <twi1_read_register+0x78>
    if (twi1_write_byte((uint8_t)((address << 1) | 1U)) != 0x40U) { twi1_stop(); return 0; }
    1dfe:	8d 2f       	mov	r24, r29
    1e00:	81 60       	ori	r24, 0x01	; 1
    1e02:	0e 94 73 0e 	call	0x1ce6	; 0x1ce6 <twi1_write_byte>
    1e06:	80 34       	cpi	r24, 0x40	; 64
    1e08:	21 f0       	breq	.+8      	; 0x1e12 <twi1_read_register+0x6a>
    1e0a:	0e 94 6f 0e 	call	0x1cde	; 0x1cde <twi1_stop>
    1e0e:	c0 e0       	ldi	r28, 0x00	; 0
    1e10:	07 c0       	rjmp	.+14     	; 0x1e20 <twi1_read_register+0x78>
    *value = twi1_read_nack();
    1e12:	0e 94 8a 0e 	call	0x1d14	; 0x1d14 <twi1_read_nack>
    1e16:	f7 01       	movw	r30, r14
    1e18:	80 83       	st	Z, r24
    twi1_stop();
    1e1a:	0e 94 6f 0e 	call	0x1cde	; 0x1cde <twi1_stop>
    return 1;
    1e1e:	c1 e0       	ldi	r28, 0x01	; 1
}
    1e20:	8c 2f       	mov	r24, r28
    1e22:	df 91       	pop	r29
    1e24:	cf 91       	pop	r28
    1e26:	1f 91       	pop	r17
    1e28:	ff 90       	pop	r15
    1e2a:	ef 90       	pop	r14
    1e2c:	08 95       	ret

00001e2e <twi1_read_block>:

uint8_t twi1_read_block(uint8_t address, uint8_t reg, uint8_t *buffer, uint8_t length)
{
    1e2e:	ef 92       	push	r14
    1e30:	ff 92       	push	r15
    1e32:	0f 93       	push	r16
    1e34:	1f 93       	push	r17
    1e36:	cf 93       	push	r28
    1e38:	df 93       	push	r29
    if (length == 0U) return 0;
    1e3a:	22 23       	and	r18, r18
    1e3c:	09 f4       	brne	.+2      	; 0x1e40 <twi1_read_block+0x12>
    1e3e:	48 c0       	rjmp	.+144    	; 0x1ed0 <twi1_read_block+0xa2>
    1e40:	c2 2f       	mov	r28, r18
    1e42:	7a 01       	movw	r14, r20
    1e44:	06 2f       	mov	r16, r22
    1e46:	18 2f       	mov	r17, r24

    if (!twi1_start()) { twi1_stop(); return 0; }
    1e48:	0e 94 5b 0e 	call	0x1cb6	; 0x1cb6 <twi1_start>
    1e4c:	d8 2f       	mov	r29, r24
    1e4e:	81 11       	cpse	r24, r1
    1e50:	03 c0       	rjmp	.+6      	; 0x1e58 <twi1_read_block+0x2a>
    1e52:	0e 94 6f 0e 	call	0x1cde	; 0x1cde <twi1_stop>
    1e56:	3d c0       	rjmp	.+122    	; 0x1ed2 <twi1_read_block+0xa4>
    if (twi1_write_byte((uint8_t)(address << 1)) != 0x18U) { twi1_stop(); return 0; }
    1e58:	11 0f       	add	r17, r17
    1e5a:	81 2f       	mov	r24, r17
    1e5c:	0e 94 73 0e 	call	0x1ce6	; 0x1ce6 <twi1_write_byte>
    1e60:	88 31       	cpi	r24, 0x18	; 24
    1e62:	21 f0       	breq	.+8      	; 0x1e6c <twi1_read_block+0x3e>
    1e64:	0e 94 6f 0e 	call	0x1cde	; 0x1cde <twi1_stop>
    1e68:	d0 e0       	ldi	r29, 0x00	; 0
    1e6a:	33 c0       	rjmp	.+102    	; 0x1ed2 <twi1_read_block+0xa4>
    if (twi1_write_byte(reg) != 0x28U) { twi1_stop(); return 0; }
    1e6c:	80 2f       	mov	r24, r16
    1e6e:	0e 94 73 0e 	call	0x1ce6	; 0x1ce6 <twi1_write_byte>
    1e72:	88 32       	cpi	r24, 0x28	; 40
    1e74:	21 f0       	breq	.+8      	; 0x1e7e <twi1_read_block+0x50>
    1e76:	0e 94 6f 0e 	call	0x1cde	; 0x1cde <twi1_stop>
    1e7a:	d0 e0       	ldi	r29, 0x00	; 0
    1e7c:	2a c0       	rjmp	.+84     	; 0x1ed2 <twi1_read_block+0xa4>
    if (!twi1_start()) { twi1_stop(); return 0; }
    1e7e:	0e 94 5b 0e 	call	0x1cb6	; 0x1cb6 <twi1_start>
    1e82:	d8 2f       	mov	r29, r24
    1e84:	81 11       	cpse	r24, r1
    1e86:	03 c0       	rjmp	.+6      	; 0x1e8e <twi1_read_block+0x60>
    1e88:	0e 94 6f 0e 	call	0x1cde	; 0x1cde <twi1_stop>
    1e8c:	22 c0       	rjmp	.+68     	; 0x1ed2 <twi1_read_block+0xa4>
    if (twi1_write_byte((uint8_t)((address << 1) | 1U)) != 0x40U) { twi1_stop(); return 0; }
    1e8e:	81 2f       	mov	r24, r17
    1e90:	81 60       	ori	r24, 0x01	; 1
    1e92:	0e 94 73 0e 	call	0x1ce6	; 0x1ce6 <twi1_write_byte>
    1e96:	80 34       	cpi	r24, 0x40	; 64
    1e98:	a1 f0       	breq	.+40     	; 0x1ec2 <twi1_read_block+0x94>
    1e9a:	0e 94 6f 0e 	call	0x1cde	; 0x1cde <twi1_stop>
    1e9e:	d0 e0       	ldi	r29, 0x00	; 0
    1ea0:	18 c0       	rjmp	.+48     	; 0x1ed2 <twi1_read_block+0xa4>

    for (uint8_t index = 0; index < length; index++) {
        buffer[index] = (index == (uint8_t)(length - 1U))
    1ea2:	87 01       	movw	r16, r14
    1ea4:	0d 0f       	add	r16, r29
    1ea6:	11 1d       	adc	r17, r1
    1ea8:	8f ef       	ldi	r24, 0xFF	; 255
    1eaa:	8c 0f       	add	r24, r28
    1eac:	d8 13       	cpse	r29, r24
    1eae:	03 c0       	rjmp	.+6      	; 0x1eb6 <twi1_read_block+0x88>
    1eb0:	0e 94 8a 0e 	call	0x1d14	; 0x1d14 <twi1_read_nack>
    1eb4:	02 c0       	rjmp	.+4      	; 0x1eba <twi1_read_block+0x8c>
    1eb6:	0e 94 80 0e 	call	0x1d00	; 0x1d00 <twi1_read_ack>
    1eba:	f8 01       	movw	r30, r16
    1ebc:	80 83       	st	Z, r24
    if (twi1_write_byte((uint8_t)(address << 1)) != 0x18U) { twi1_stop(); return 0; }
    if (twi1_write_byte(reg) != 0x28U) { twi1_stop(); return 0; }
    if (!twi1_start()) { twi1_stop(); return 0; }
    if (twi1_write_byte((uint8_t)((address << 1) | 1U)) != 0x40U) { twi1_stop(); return 0; }

    for (uint8_t index = 0; index < length; index++) {
    1ebe:	df 5f       	subi	r29, 0xFF	; 255
    1ec0:	01 c0       	rjmp	.+2      	; 0x1ec4 <twi1_read_block+0x96>
    1ec2:	d0 e0       	ldi	r29, 0x00	; 0
    1ec4:	dc 17       	cp	r29, r28
    1ec6:	68 f3       	brcs	.-38     	; 0x1ea2 <twi1_read_block+0x74>
        buffer[index] = (index == (uint8_t)(length - 1U))
                      ? twi1_read_nack()
                      : twi1_read_ack();
    }

    twi1_stop();
    1ec8:	0e 94 6f 0e 	call	0x1cde	; 0x1cde <twi1_stop>
    return 1;
    1ecc:	d1 e0       	ldi	r29, 0x01	; 1
    1ece:	01 c0       	rjmp	.+2      	; 0x1ed2 <twi1_read_block+0xa4>
    return 1;
}

uint8_t twi1_read_block(uint8_t address, uint8_t reg, uint8_t *buffer, uint8_t length)
{
    if (length == 0U) return 0;
    1ed0:	d0 e0       	ldi	r29, 0x00	; 0
                      : twi1_read_ack();
    }

    twi1_stop();
    return 1;
}
    1ed2:	8d 2f       	mov	r24, r29
    1ed4:	df 91       	pop	r29
    1ed6:	cf 91       	pop	r28
    1ed8:	1f 91       	pop	r17
    1eda:	0f 91       	pop	r16
    1edc:	ff 90       	pop	r15
    1ede:	ef 90       	pop	r14
    1ee0:	08 95       	ret

00001ee2 <__vector_18>:
static volatile uint8_t rx_tail = 0U;
static volatile uint8_t rx_overflow = 0U;
static volatile char rx_buffer[UART0_RX_BUFFER_SIZE];

ISR(USART0_RX_vect)
{
    1ee2:	1f 92       	push	r1
    1ee4:	0f 92       	push	r0
    1ee6:	0f b6       	in	r0, 0x3f	; 63
    1ee8:	0f 92       	push	r0
    1eea:	11 24       	eor	r1, r1
    1eec:	2f 93       	push	r18
    1eee:	8f 93       	push	r24
    1ef0:	9f 93       	push	r25
    1ef2:	ef 93       	push	r30
    1ef4:	ff 93       	push	r31
    char value = (char)UDR0;
    1ef6:	20 91 c6 00 	lds	r18, 0x00C6	; 0x8000c6 <__TEXT_REGION_LENGTH__+0x7f80c6>
    uint8_t next = (uint8_t)((rx_head + 1U) & UART0_RX_BUFFER_MASK);
    1efa:	80 91 52 08 	lds	r24, 0x0852	; 0x800852 <rx_head>
    1efe:	8f 5f       	subi	r24, 0xFF	; 255
    1f00:	8f 77       	andi	r24, 0x7F	; 127

    if (next == rx_tail) {
    1f02:	90 91 51 08 	lds	r25, 0x0851	; 0x800851 <rx_tail>
    1f06:	89 13       	cpse	r24, r25
    1f08:	04 c0       	rjmp	.+8      	; 0x1f12 <__vector_18+0x30>
        rx_overflow = 1U;
    1f0a:	81 e0       	ldi	r24, 0x01	; 1
    1f0c:	80 93 50 08 	sts	0x0850, r24	; 0x800850 <rx_overflow>
        return;
    1f10:	08 c0       	rjmp	.+16     	; 0x1f22 <__vector_18+0x40>
    }

    rx_buffer[rx_head] = value;
    1f12:	e0 91 52 08 	lds	r30, 0x0852	; 0x800852 <rx_head>
    1f16:	f0 e0       	ldi	r31, 0x00	; 0
    1f18:	e0 53       	subi	r30, 0x30	; 48
    1f1a:	f8 4f       	sbci	r31, 0xF8	; 248
    1f1c:	20 83       	st	Z, r18
    rx_head = next;
    1f1e:	80 93 52 08 	sts	0x0852, r24	; 0x800852 <rx_head>
}
    1f22:	ff 91       	pop	r31
    1f24:	ef 91       	pop	r30
    1f26:	9f 91       	pop	r25
    1f28:	8f 91       	pop	r24
    1f2a:	2f 91       	pop	r18
    1f2c:	0f 90       	pop	r0
    1f2e:	0f be       	out	0x3f, r0	; 63
    1f30:	0f 90       	pop	r0
    1f32:	1f 90       	pop	r1
    1f34:	18 95       	reti

00001f36 <uart0_init>:

void uart0_init(void)
{
    UBRR0H = (uint8_t)(UBRR_VALUE >> 8);
    1f36:	10 92 c5 00 	sts	0x00C5, r1	; 0x8000c5 <__TEXT_REGION_LENGTH__+0x7f80c5>
    UBRR0L = (uint8_t)(UBRR_VALUE & 0xFFU);
    1f3a:	8c e0       	ldi	r24, 0x0C	; 12
    1f3c:	80 93 c4 00 	sts	0x00C4, r24	; 0x8000c4 <__TEXT_REGION_LENGTH__+0x7f80c4>
    UCSR0A = 0x00;
    1f40:	10 92 c0 00 	sts	0x00C0, r1	; 0x8000c0 <__TEXT_REGION_LENGTH__+0x7f80c0>
    UCSR0B = (1 << RXCIE0) | (1 << RXEN0) | (1 << TXEN0);
    1f44:	88 e9       	ldi	r24, 0x98	; 152
    1f46:	80 93 c1 00 	sts	0x00C1, r24	; 0x8000c1 <__TEXT_REGION_LENGTH__+0x7f80c1>
    UCSR0C = (1 << UCSZ01) | (1 << UCSZ00); /* 8N1 */
    1f4a:	86 e0       	ldi	r24, 0x06	; 6
    1f4c:	80 93 c2 00 	sts	0x00C2, r24	; 0x8000c2 <__TEXT_REGION_LENGTH__+0x7f80c2>
    1f50:	08 95       	ret

00001f52 <uart0_putc>:
}

void uart0_putc(char c)
{
    while (!(UCSR0A & (1 << UDRE0))) {}
    1f52:	90 91 c0 00 	lds	r25, 0x00C0	; 0x8000c0 <__TEXT_REGION_LENGTH__+0x7f80c0>
    1f56:	95 ff       	sbrs	r25, 5
    1f58:	fc cf       	rjmp	.-8      	; 0x1f52 <uart0_putc>
    UDR0 = c;
    1f5a:	80 93 c6 00 	sts	0x00C6, r24	; 0x8000c6 <__TEXT_REGION_LENGTH__+0x7f80c6>
    1f5e:	08 95       	ret

00001f60 <uart0_print>:
}

void uart0_print(const char *s)
{
    1f60:	cf 93       	push	r28
    1f62:	df 93       	push	r29
    1f64:	ec 01       	movw	r28, r24
    while (*s != '\0') uart0_putc(*s++);
    1f66:	03 c0       	rjmp	.+6      	; 0x1f6e <uart0_print+0xe>
    1f68:	21 96       	adiw	r28, 0x01	; 1
    1f6a:	0e 94 a9 0f 	call	0x1f52	; 0x1f52 <uart0_putc>
    1f6e:	88 81       	ld	r24, Y
    1f70:	81 11       	cpse	r24, r1
    1f72:	fa cf       	rjmp	.-12     	; 0x1f68 <uart0_print+0x8>
}
    1f74:	df 91       	pop	r29
    1f76:	cf 91       	pop	r28
    1f78:	08 95       	ret

00001f7a <uart0_print_hex8>:

void uart0_print_hex8(uint8_t value)
{
    1f7a:	cf 93       	push	r28
    1f7c:	c8 2f       	mov	r28, r24
    static const char hex[] = "0123456789ABCDEF";
    uart0_putc(hex[(value >> 4) & 0x0FU]);
    1f7e:	e8 2f       	mov	r30, r24
    1f80:	e2 95       	swap	r30
    1f82:	ef 70       	andi	r30, 0x0F	; 15
    1f84:	f0 e0       	ldi	r31, 0x00	; 0
    1f86:	e3 54       	subi	r30, 0x43	; 67
    1f88:	f9 4f       	sbci	r31, 0xF9	; 249
    1f8a:	80 81       	ld	r24, Z
    1f8c:	0e 94 a9 0f 	call	0x1f52	; 0x1f52 <uart0_putc>
    uart0_putc(hex[value & 0x0FU]);
    1f90:	cf 70       	andi	r28, 0x0F	; 15
    1f92:	ec 2f       	mov	r30, r28
    1f94:	f0 e0       	ldi	r31, 0x00	; 0
    1f96:	e3 54       	subi	r30, 0x43	; 67
    1f98:	f9 4f       	sbci	r31, 0xF9	; 249
    1f9a:	80 81       	ld	r24, Z
    1f9c:	0e 94 a9 0f 	call	0x1f52	; 0x1f52 <uart0_putc>
}
    1fa0:	cf 91       	pop	r28
    1fa2:	08 95       	ret

00001fa4 <uart0_print_uint16>:

void uart0_print_uint16(uint16_t value)
{
    1fa4:	1f 93       	push	r17
    1fa6:	cf 93       	push	r28
    1fa8:	df 93       	push	r29
    1faa:	00 d0       	rcall	.+0      	; 0x1fac <uart0_print_uint16+0x8>
    1fac:	00 d0       	rcall	.+0      	; 0x1fae <uart0_print_uint16+0xa>
    1fae:	1f 92       	push	r1
    1fb0:	cd b7       	in	r28, 0x3d	; 61
    1fb2:	de b7       	in	r29, 0x3e	; 62
    1fb4:	ac 01       	movw	r20, r24
    char buffer[5];
    uint8_t count = 0U;

    if (value == 0U) {
    1fb6:	89 2b       	or	r24, r25
    1fb8:	91 f5       	brne	.+100    	; 0x201e <uart0_print_uint16+0x7a>
        uart0_putc('0');
    1fba:	80 e3       	ldi	r24, 0x30	; 48
    1fbc:	0e 94 a9 0f 	call	0x1f52	; 0x1f52 <uart0_putc>
    1fc0:	3f c0       	rjmp	.+126    	; 0x2040 <uart0_print_uint16+0x9c>
        return;
    }

    while (value > 0U) {
        buffer[count++] = (char)('0' + (value % 10U));
    1fc2:	9a 01       	movw	r18, r20
    1fc4:	ad ec       	ldi	r26, 0xCD	; 205
    1fc6:	bc ec       	ldi	r27, 0xCC	; 204
    1fc8:	0e 94 95 11 	call	0x232a	; 0x232a <__umulhisi3>
    1fcc:	96 95       	lsr	r25
    1fce:	87 95       	ror	r24
    1fd0:	96 95       	lsr	r25
    1fd2:	87 95       	ror	r24
    1fd4:	96 95       	lsr	r25
    1fd6:	87 95       	ror	r24
    1fd8:	9c 01       	movw	r18, r24
    1fda:	22 0f       	add	r18, r18
    1fdc:	33 1f       	adc	r19, r19
    1fde:	88 0f       	add	r24, r24
    1fe0:	99 1f       	adc	r25, r25
    1fe2:	88 0f       	add	r24, r24
    1fe4:	99 1f       	adc	r25, r25
    1fe6:	88 0f       	add	r24, r24
    1fe8:	99 1f       	adc	r25, r25
    1fea:	82 0f       	add	r24, r18
    1fec:	93 1f       	adc	r25, r19
    1fee:	9a 01       	movw	r18, r20
    1ff0:	28 1b       	sub	r18, r24
    1ff2:	39 0b       	sbc	r19, r25
    1ff4:	c9 01       	movw	r24, r18
    1ff6:	80 5d       	subi	r24, 0xD0	; 208
    1ff8:	e1 e0       	ldi	r30, 0x01	; 1
    1ffa:	f0 e0       	ldi	r31, 0x00	; 0
    1ffc:	ec 0f       	add	r30, r28
    1ffe:	fd 1f       	adc	r31, r29
    2000:	e1 0f       	add	r30, r17
    2002:	f1 1d       	adc	r31, r1
    2004:	80 83       	st	Z, r24
        value /= 10U;
    2006:	9a 01       	movw	r18, r20
    2008:	0e 94 95 11 	call	0x232a	; 0x232a <__umulhisi3>
    200c:	ac 01       	movw	r20, r24
    200e:	56 95       	lsr	r21
    2010:	47 95       	ror	r20
    2012:	56 95       	lsr	r21
    2014:	47 95       	ror	r20
    2016:	56 95       	lsr	r21
    2018:	47 95       	ror	r20
        uart0_putc('0');
        return;
    }

    while (value > 0U) {
        buffer[count++] = (char)('0' + (value % 10U));
    201a:	1f 5f       	subi	r17, 0xFF	; 255
    201c:	01 c0       	rjmp	.+2      	; 0x2020 <uart0_print_uint16+0x7c>
    201e:	10 e0       	ldi	r17, 0x00	; 0
    if (value == 0U) {
        uart0_putc('0');
        return;
    }

    while (value > 0U) {
    2020:	41 15       	cp	r20, r1
    2022:	51 05       	cpc	r21, r1
    2024:	71 f6       	brne	.-100    	; 0x1fc2 <uart0_print_uint16+0x1e>
    2026:	0a c0       	rjmp	.+20     	; 0x203c <uart0_print_uint16+0x98>
        buffer[count++] = (char)('0' + (value % 10U));
        value /= 10U;
    }

    while (count > 0U) uart0_putc(buffer[--count]);
    2028:	11 50       	subi	r17, 0x01	; 1
    202a:	e1 e0       	ldi	r30, 0x01	; 1
    202c:	f0 e0       	ldi	r31, 0x00	; 0
    202e:	ec 0f       	add	r30, r28
    2030:	fd 1f       	adc	r31, r29
    2032:	e1 0f       	add	r30, r17
    2034:	f1 1d       	adc	r31, r1
    2036:	80 81       	ld	r24, Z
    2038:	0e 94 a9 0f 	call	0x1f52	; 0x1f52 <uart0_putc>
    203c:	11 11       	cpse	r17, r1
    203e:	f4 cf       	rjmp	.-24     	; 0x2028 <uart0_print_uint16+0x84>
}
    2040:	0f 90       	pop	r0
    2042:	0f 90       	pop	r0
    2044:	0f 90       	pop	r0
    2046:	0f 90       	pop	r0
    2048:	0f 90       	pop	r0
    204a:	df 91       	pop	r29
    204c:	cf 91       	pop	r28
    204e:	1f 91       	pop	r17
    2050:	08 95       	ret

00002052 <uart0_print_uint32>:

void uart0_print_uint32(uint32_t value)
{
    2052:	1f 93       	push	r17
    2054:	cf 93       	push	r28
    2056:	df 93       	push	r29
    2058:	cd b7       	in	r28, 0x3d	; 61
    205a:	de b7       	in	r29, 0x3e	; 62
    205c:	2a 97       	sbiw	r28, 0x0a	; 10
    205e:	0f b6       	in	r0, 0x3f	; 63
    2060:	f8 94       	cli
    2062:	de bf       	out	0x3e, r29	; 62
    2064:	0f be       	out	0x3f, r0	; 63
    2066:	cd bf       	out	0x3d, r28	; 61
    char buffer[10];
    uint8_t count = 0U;

    if (value == 0UL) {
    2068:	61 15       	cp	r22, r1
    206a:	71 05       	cpc	r23, r1
    206c:	81 05       	cpc	r24, r1
    206e:	91 05       	cpc	r25, r1
    2070:	c1 f4       	brne	.+48     	; 0x20a2 <uart0_print_uint32+0x50>
        uart0_putc('0');
    2072:	80 e3       	ldi	r24, 0x30	; 48
    2074:	0e 94 a9 0f 	call	0x1f52	; 0x1f52 <uart0_putc>
    2078:	27 c0       	rjmp	.+78     	; 0x20c8 <uart0_print_uint32+0x76>
        return;
    }

    while (value > 0UL) {
        buffer[count++] = (char)('0' + (value % 10UL));
    207a:	2a e0       	ldi	r18, 0x0A	; 10
    207c:	30 e0       	ldi	r19, 0x00	; 0
    207e:	40 e0       	ldi	r20, 0x00	; 0
    2080:	50 e0       	ldi	r21, 0x00	; 0
    2082:	0e 94 54 11 	call	0x22a8	; 0x22a8 <__udivmodsi4>
    2086:	60 5d       	subi	r22, 0xD0	; 208
    2088:	e1 e0       	ldi	r30, 0x01	; 1
    208a:	f0 e0       	ldi	r31, 0x00	; 0
    208c:	ec 0f       	add	r30, r28
    208e:	fd 1f       	adc	r31, r29
    2090:	e1 0f       	add	r30, r17
    2092:	f1 1d       	adc	r31, r1
    2094:	60 83       	st	Z, r22
        value /= 10UL;
    2096:	62 2f       	mov	r22, r18
    2098:	73 2f       	mov	r23, r19
    209a:	84 2f       	mov	r24, r20
    209c:	95 2f       	mov	r25, r21
        uart0_putc('0');
        return;
    }

    while (value > 0UL) {
        buffer[count++] = (char)('0' + (value % 10UL));
    209e:	1f 5f       	subi	r17, 0xFF	; 255
    20a0:	01 c0       	rjmp	.+2      	; 0x20a4 <uart0_print_uint32+0x52>
    20a2:	10 e0       	ldi	r17, 0x00	; 0
    if (value == 0UL) {
        uart0_putc('0');
        return;
    }

    while (value > 0UL) {
    20a4:	61 15       	cp	r22, r1
    20a6:	71 05       	cpc	r23, r1
    20a8:	81 05       	cpc	r24, r1
    20aa:	91 05       	cpc	r25, r1
    20ac:	31 f7       	brne	.-52     	; 0x207a <uart0_print_uint32+0x28>
    20ae:	0a c0       	rjmp	.+20     	; 0x20c4 <uart0_print_uint32+0x72>
        buffer[count++] = (char)('0' + (value % 10UL));
        value /= 10UL;
    }

    while (count > 0U) uart0_putc(buffer[--count]);
    20b0:	11 50       	subi	r17, 0x01	; 1
    20b2:	e1 e0       	ldi	r30, 0x01	; 1
    20b4:	f0 e0       	ldi	r31, 0x00	; 0
    20b6:	ec 0f       	add	r30, r28
    20b8:	fd 1f       	adc	r31, r29
    20ba:	e1 0f       	add	r30, r17
    20bc:	f1 1d       	adc	r31, r1
    20be:	80 81       	ld	r24, Z
    20c0:	0e 94 a9 0f 	call	0x1f52	; 0x1f52 <uart0_putc>
    20c4:	11 11       	cpse	r17, r1
    20c6:	f4 cf       	rjmp	.-24     	; 0x20b0 <uart0_print_uint32+0x5e>
}
    20c8:	2a 96       	adiw	r28, 0x0a	; 10
    20ca:	0f b6       	in	r0, 0x3f	; 63
    20cc:	f8 94       	cli
    20ce:	de bf       	out	0x3e, r29	; 62
    20d0:	0f be       	out	0x3f, r0	; 63
    20d2:	cd bf       	out	0x3d, r28	; 61
    20d4:	df 91       	pop	r29
    20d6:	cf 91       	pop	r28
    20d8:	1f 91       	pop	r17
    20da:	08 95       	ret

000020dc <uart0_print_int32>:

void uart0_print_int32(int32_t value)
{
    20dc:	cf 92       	push	r12
    20de:	df 92       	push	r13
    20e0:	ef 92       	push	r14
    20e2:	ff 92       	push	r15
    20e4:	6b 01       	movw	r12, r22
    20e6:	7c 01       	movw	r14, r24
    if (value < 0L) {
    20e8:	99 23       	and	r25, r25
    20ea:	5c f4       	brge	.+22     	; 0x2102 <uart0_print_int32+0x26>
        uart0_putc('-');
    20ec:	8d e2       	ldi	r24, 0x2D	; 45
    20ee:	0e 94 a9 0f 	call	0x1f52	; 0x1f52 <uart0_putc>
        value = -value;
    20f2:	f0 94       	com	r15
    20f4:	e0 94       	com	r14
    20f6:	d0 94       	com	r13
    20f8:	c0 94       	com	r12
    20fa:	c1 1c       	adc	r12, r1
    20fc:	d1 1c       	adc	r13, r1
    20fe:	e1 1c       	adc	r14, r1
    2100:	f1 1c       	adc	r15, r1
    }
    uart0_print_uint32((uint32_t)value);
    2102:	c7 01       	movw	r24, r14
    2104:	b6 01       	movw	r22, r12
    2106:	0e 94 29 10 	call	0x2052	; 0x2052 <uart0_print_uint32>
}
    210a:	ff 90       	pop	r15
    210c:	ef 90       	pop	r14
    210e:	df 90       	pop	r13
    2110:	cf 90       	pop	r12
    2112:	08 95       	ret

00002114 <uart0_print_fixed_2>:

void uart0_print_fixed_2(int32_t value_x100)
{
    2114:	cf 92       	push	r12
    2116:	df 92       	push	r13
    2118:	ef 92       	push	r14
    211a:	ff 92       	push	r15
    211c:	cf 93       	push	r28
    211e:	df 93       	push	r29
    2120:	6b 01       	movw	r12, r22
    2122:	7c 01       	movw	r14, r24
    if (value_x100 < 0L) {
    2124:	99 23       	and	r25, r25
    2126:	5c f4       	brge	.+22     	; 0x213e <uart0_print_fixed_2+0x2a>
        uart0_putc('-');
    2128:	8d e2       	ldi	r24, 0x2D	; 45
    212a:	0e 94 a9 0f 	call	0x1f52	; 0x1f52 <uart0_putc>
        value_x100 = -value_x100;
    212e:	f0 94       	com	r15
    2130:	e0 94       	com	r14
    2132:	d0 94       	com	r13
    2134:	c0 94       	com	r12
    2136:	c1 1c       	adc	r12, r1
    2138:	d1 1c       	adc	r13, r1
    213a:	e1 1c       	adc	r14, r1
    213c:	f1 1c       	adc	r15, r1
    }

    uart0_print_uint32((uint32_t)(value_x100 / 100L));
    213e:	c7 01       	movw	r24, r14
    2140:	b6 01       	movw	r22, r12
    2142:	24 e6       	ldi	r18, 0x64	; 100
    2144:	30 e0       	ldi	r19, 0x00	; 0
    2146:	40 e0       	ldi	r20, 0x00	; 0
    2148:	50 e0       	ldi	r21, 0x00	; 0
    214a:	0e 94 76 11 	call	0x22ec	; 0x22ec <__divmodsi4>
    214e:	d6 2f       	mov	r29, r22
    2150:	ca 01       	movw	r24, r20
    2152:	b9 01       	movw	r22, r18
    2154:	0e 94 29 10 	call	0x2052	; 0x2052 <uart0_print_uint32>
    uart0_putc('.');
    2158:	8e e2       	ldi	r24, 0x2E	; 46
    215a:	0e 94 a9 0f 	call	0x1f52	; 0x1f52 <uart0_putc>

    uint8_t fraction = (uint8_t)(value_x100 % 100L);
    uart0_putc((char)('0' + (fraction / 10U)));
    215e:	cd ec       	ldi	r28, 0xCD	; 205
    2160:	dc 9f       	mul	r29, r28
    2162:	c1 2d       	mov	r28, r1
    2164:	11 24       	eor	r1, r1
    2166:	c6 95       	lsr	r28
    2168:	c6 95       	lsr	r28
    216a:	c6 95       	lsr	r28
    216c:	80 e3       	ldi	r24, 0x30	; 48
    216e:	8c 0f       	add	r24, r28
    2170:	0e 94 a9 0f 	call	0x1f52	; 0x1f52 <uart0_putc>
    uart0_putc((char)('0' + (fraction % 10U)));
    2174:	cc 0f       	add	r28, r28
    2176:	8c 2f       	mov	r24, r28
    2178:	88 0f       	add	r24, r24
    217a:	88 0f       	add	r24, r24
    217c:	c8 0f       	add	r28, r24
    217e:	8d 2f       	mov	r24, r29
    2180:	8c 1b       	sub	r24, r28
    2182:	80 5d       	subi	r24, 0xD0	; 208
    2184:	0e 94 a9 0f 	call	0x1f52	; 0x1f52 <uart0_putc>
}
    2188:	df 91       	pop	r29
    218a:	cf 91       	pop	r28
    218c:	ff 90       	pop	r15
    218e:	ef 90       	pop	r14
    2190:	df 90       	pop	r13
    2192:	cf 90       	pop	r12
    2194:	08 95       	ret

00002196 <uart0_readline>:

uint8_t uart0_readline(char *destination, uint8_t destination_size)
{
    2196:	dc 01       	movw	r26, r24
    static char line[UART0_COMMAND_MAX_LENGTH];
    static uint8_t length = 0U;

    while (rx_tail != rx_head) {
    2198:	5a c0       	rjmp	.+180    	; 0x224e <uart0_readline+0xb8>
        char value = rx_buffer[rx_tail];
    219a:	e0 91 51 08 	lds	r30, 0x0851	; 0x800851 <rx_tail>
    219e:	f0 e0       	ldi	r31, 0x00	; 0
    21a0:	e0 53       	subi	r30, 0x30	; 48
    21a2:	f8 4f       	sbci	r31, 0xF8	; 248
    21a4:	80 81       	ld	r24, Z
        rx_tail = (uint8_t)((rx_tail + 1U) & UART0_RX_BUFFER_MASK);
    21a6:	90 91 51 08 	lds	r25, 0x0851	; 0x800851 <rx_tail>
    21aa:	9f 5f       	subi	r25, 0xFF	; 255
    21ac:	9f 77       	andi	r25, 0x7F	; 127
    21ae:	90 93 51 08 	sts	0x0851, r25	; 0x800851 <rx_tail>

        if (value == '\r' || value == '\n') {
    21b2:	8d 30       	cpi	r24, 0x0D	; 13
    21b4:	11 f0       	breq	.+4      	; 0x21ba <uart0_readline+0x24>
    21b6:	8a 30       	cpi	r24, 0x0A	; 10
    21b8:	39 f5       	brne	.+78     	; 0x2208 <uart0_readline+0x72>
            if (length == 0U) continue;
    21ba:	e0 91 cf 07 	lds	r30, 0x07CF	; 0x8007cf <length.1688>
    21be:	ee 23       	and	r30, r30
    21c0:	09 f4       	brne	.+2      	; 0x21c4 <uart0_readline+0x2e>
    21c2:	45 c0       	rjmp	.+138    	; 0x224e <uart0_readline+0xb8>

            line[length] = '\0';
    21c4:	f0 e0       	ldi	r31, 0x00	; 0
    21c6:	e1 59       	subi	r30, 0x91	; 145
    21c8:	f8 4f       	sbci	r31, 0xF8	; 248
    21ca:	10 82       	st	Z, r1
            uint8_t index = 0U;
    21cc:	90 e0       	ldi	r25, 0x00	; 0
            while (index + 1U < destination_size && line[index] != '\0') {
    21ce:	05 c0       	rjmp	.+10     	; 0x21da <uart0_readline+0x44>
                destination[index] = line[index];
    21d0:	fd 01       	movw	r30, r26
    21d2:	e2 0f       	add	r30, r18
    21d4:	f3 1f       	adc	r31, r19
    21d6:	40 83       	st	Z, r20
                index++;
    21d8:	9f 5f       	subi	r25, 0xFF	; 255
        if (value == '\r' || value == '\n') {
            if (length == 0U) continue;

            line[length] = '\0';
            uint8_t index = 0U;
            while (index + 1U < destination_size && line[index] != '\0') {
    21da:	29 2f       	mov	r18, r25
    21dc:	30 e0       	ldi	r19, 0x00	; 0
    21de:	f9 01       	movw	r30, r18
    21e0:	31 96       	adiw	r30, 0x01	; 1
    21e2:	46 2f       	mov	r20, r22
    21e4:	50 e0       	ldi	r21, 0x00	; 0
    21e6:	e4 17       	cp	r30, r20
    21e8:	f5 07       	cpc	r31, r21
    21ea:	30 f4       	brcc	.+12     	; 0x21f8 <uart0_readline+0x62>
    21ec:	f9 01       	movw	r30, r18
    21ee:	e1 59       	subi	r30, 0x91	; 145
    21f0:	f8 4f       	sbci	r31, 0xF8	; 248
    21f2:	40 81       	ld	r20, Z
    21f4:	41 11       	cpse	r20, r1
    21f6:	ec cf       	rjmp	.-40     	; 0x21d0 <uart0_readline+0x3a>
                destination[index] = line[index];
                index++;
            }
            destination[index] = '\0';
    21f8:	fd 01       	movw	r30, r26
    21fa:	e2 0f       	add	r30, r18
    21fc:	f3 1f       	adc	r31, r19
    21fe:	10 82       	st	Z, r1
            length = 0U;
    2200:	10 92 cf 07 	sts	0x07CF, r1	; 0x8007cf <length.1688>
            return 1U;
    2204:	81 e0       	ldi	r24, 0x01	; 1
    2206:	08 95       	ret
        }

        if (value == '\b' || value == 0x7F) {
    2208:	88 30       	cpi	r24, 0x08	; 8
    220a:	11 f0       	breq	.+4      	; 0x2210 <uart0_readline+0x7a>
    220c:	8f 37       	cpi	r24, 0x7F	; 127
    220e:	41 f4       	brne	.+16     	; 0x2220 <uart0_readline+0x8a>
            if (length > 0U) length--;
    2210:	80 91 cf 07 	lds	r24, 0x07CF	; 0x8007cf <length.1688>
    2214:	88 23       	and	r24, r24
    2216:	d9 f0       	breq	.+54     	; 0x224e <uart0_readline+0xb8>
    2218:	81 50       	subi	r24, 0x01	; 1
    221a:	80 93 cf 07 	sts	0x07CF, r24	; 0x8007cf <length.1688>
            continue;
    221e:	17 c0       	rjmp	.+46     	; 0x224e <uart0_readline+0xb8>
        }

        if (length + 1U < sizeof(line)) {
    2220:	e0 91 cf 07 	lds	r30, 0x07CF	; 0x8007cf <length.1688>
    2224:	2e 2f       	mov	r18, r30
    2226:	30 e0       	ldi	r19, 0x00	; 0
    2228:	2f 5f       	subi	r18, 0xFF	; 255
    222a:	3f 4f       	sbci	r19, 0xFF	; 255
    222c:	20 36       	cpi	r18, 0x60	; 96
    222e:	31 05       	cpc	r19, r1
    2230:	48 f4       	brcc	.+18     	; 0x2244 <uart0_readline+0xae>
            line[length++] = value;
    2232:	91 e0       	ldi	r25, 0x01	; 1
    2234:	9e 0f       	add	r25, r30
    2236:	90 93 cf 07 	sts	0x07CF, r25	; 0x8007cf <length.1688>
    223a:	f0 e0       	ldi	r31, 0x00	; 0
    223c:	e1 59       	subi	r30, 0x91	; 145
    223e:	f8 4f       	sbci	r31, 0xF8	; 248
    2240:	80 83       	st	Z, r24
    2242:	05 c0       	rjmp	.+10     	; 0x224e <uart0_readline+0xb8>
        } else {
            length = 0U;
    2244:	10 92 cf 07 	sts	0x07CF, r1	; 0x8007cf <length.1688>
            rx_overflow = 1U;
    2248:	81 e0       	ldi	r24, 0x01	; 1
    224a:	80 93 50 08 	sts	0x0850, r24	; 0x800850 <rx_overflow>
uint8_t uart0_readline(char *destination, uint8_t destination_size)
{
    static char line[UART0_COMMAND_MAX_LENGTH];
    static uint8_t length = 0U;

    while (rx_tail != rx_head) {
    224e:	90 91 51 08 	lds	r25, 0x0851	; 0x800851 <rx_tail>
    2252:	80 91 52 08 	lds	r24, 0x0852	; 0x800852 <rx_head>
    2256:	98 13       	cpse	r25, r24
    2258:	a0 cf       	rjmp	.-192    	; 0x219a <uart0_readline+0x4>
            length = 0U;
            rx_overflow = 1U;
        }
    }

    return 0U;
    225a:	80 e0       	ldi	r24, 0x00	; 0
}
    225c:	08 95       	ret

0000225e <uart0_rx_overflowed>:

uint8_t uart0_rx_overflowed(void)
{
    return rx_overflow;
    225e:	80 91 50 08 	lds	r24, 0x0850	; 0x800850 <rx_overflow>
}
    2262:	08 95       	ret

00002264 <uart0_clear_rx_overflow>:

void uart0_clear_rx_overflow(void)
{
    rx_overflow = 0U;
    2264:	10 92 50 08 	sts	0x0850, r1	; 0x800850 <rx_overflow>
    2268:	08 95       	ret

0000226a <watchdog_service_init>:
				: "r0"
		);
	}
	else
	{
		__asm__ __volatile__ (
    226a:	98 e2       	ldi	r25, 0x28	; 40
    226c:	88 e1       	ldi	r24, 0x18	; 24
    226e:	0f b6       	in	r0, 0x3f	; 63
    2270:	f8 94       	cli
    2272:	a8 95       	wdr
    2274:	80 93 60 00 	sts	0x0060, r24	; 0x800060 <__TEXT_REGION_LENGTH__+0x7f8060>
    2278:	0f be       	out	0x3f, r0	; 63
    227a:	90 93 60 00 	sts	0x0060, r25	; 0x800060 <__TEXT_REGION_LENGTH__+0x7f8060>

void watchdog_service_init(void)
{
    /* Four seconds comfortably exceeds the normal acquisition cycle. */
    wdt_enable(WDTO_4S);
    wdt_reset();
    227e:	a8 95       	wdr
    2280:	08 95       	ret

00002282 <watchdog_service_kick>:
}

void watchdog_service_kick(void)
{
    wdt_reset();
    2282:	a8 95       	wdr
    2284:	08 95       	ret

00002286 <watchdog_service_force_test_reset>:
}

void watchdog_service_force_test_reset(void)
{
    uart0_print("$ND280RSP,OK,CMD=DIAG_WDT_TEST,RESET_IN_MS=1000\r\n");
    2286:	8e ec       	ldi	r24, 0xCE	; 206
    2288:	96 e0       	ldi	r25, 0x06	; 6
    228a:	0e 94 b0 0f 	call	0x1f60	; 0x1f60 <uart0_print>

    /* Use a short timeout for a deterministic controlled test. */
    cli();
    228e:	f8 94       	cli
    2290:	9e e0       	ldi	r25, 0x0E	; 14
    2292:	88 e1       	ldi	r24, 0x18	; 24
    2294:	0f b6       	in	r0, 0x3f	; 63
    2296:	f8 94       	cli
    2298:	a8 95       	wdr
    229a:	80 93 60 00 	sts	0x0060, r24	; 0x800060 <__TEXT_REGION_LENGTH__+0x7f8060>
    229e:	0f be       	out	0x3f, r0	; 63
    22a0:	90 93 60 00 	sts	0x0060, r25	; 0x800060 <__TEXT_REGION_LENGTH__+0x7f8060>
    wdt_enable(WDTO_1S);
    sei();
    22a4:	78 94       	sei
    22a6:	ff cf       	rjmp	.-2      	; 0x22a6 <watchdog_service_force_test_reset+0x20>

000022a8 <__udivmodsi4>:
    22a8:	a1 e2       	ldi	r26, 0x21	; 33
    22aa:	1a 2e       	mov	r1, r26
    22ac:	aa 1b       	sub	r26, r26
    22ae:	bb 1b       	sub	r27, r27
    22b0:	fd 01       	movw	r30, r26
    22b2:	0d c0       	rjmp	.+26     	; 0x22ce <__udivmodsi4_ep>

000022b4 <__udivmodsi4_loop>:
    22b4:	aa 1f       	adc	r26, r26
    22b6:	bb 1f       	adc	r27, r27
    22b8:	ee 1f       	adc	r30, r30
    22ba:	ff 1f       	adc	r31, r31
    22bc:	a2 17       	cp	r26, r18
    22be:	b3 07       	cpc	r27, r19
    22c0:	e4 07       	cpc	r30, r20
    22c2:	f5 07       	cpc	r31, r21
    22c4:	20 f0       	brcs	.+8      	; 0x22ce <__udivmodsi4_ep>
    22c6:	a2 1b       	sub	r26, r18
    22c8:	b3 0b       	sbc	r27, r19
    22ca:	e4 0b       	sbc	r30, r20
    22cc:	f5 0b       	sbc	r31, r21

000022ce <__udivmodsi4_ep>:
    22ce:	66 1f       	adc	r22, r22
    22d0:	77 1f       	adc	r23, r23
    22d2:	88 1f       	adc	r24, r24
    22d4:	99 1f       	adc	r25, r25
    22d6:	1a 94       	dec	r1
    22d8:	69 f7       	brne	.-38     	; 0x22b4 <__udivmodsi4_loop>
    22da:	60 95       	com	r22
    22dc:	70 95       	com	r23
    22de:	80 95       	com	r24
    22e0:	90 95       	com	r25
    22e2:	9b 01       	movw	r18, r22
    22e4:	ac 01       	movw	r20, r24
    22e6:	bd 01       	movw	r22, r26
    22e8:	cf 01       	movw	r24, r30
    22ea:	08 95       	ret

000022ec <__divmodsi4>:
    22ec:	05 2e       	mov	r0, r21
    22ee:	97 fb       	bst	r25, 7
    22f0:	1e f4       	brtc	.+6      	; 0x22f8 <__divmodsi4+0xc>
    22f2:	00 94       	com	r0
    22f4:	0e 94 8d 11 	call	0x231a	; 0x231a <__negsi2>
    22f8:	57 fd       	sbrc	r21, 7
    22fa:	07 d0       	rcall	.+14     	; 0x230a <__divmodsi4_neg2>
    22fc:	0e 94 54 11 	call	0x22a8	; 0x22a8 <__udivmodsi4>
    2300:	07 fc       	sbrc	r0, 7
    2302:	03 d0       	rcall	.+6      	; 0x230a <__divmodsi4_neg2>
    2304:	4e f4       	brtc	.+18     	; 0x2318 <__divmodsi4_exit>
    2306:	0c 94 8d 11 	jmp	0x231a	; 0x231a <__negsi2>

0000230a <__divmodsi4_neg2>:
    230a:	50 95       	com	r21
    230c:	40 95       	com	r20
    230e:	30 95       	com	r19
    2310:	21 95       	neg	r18
    2312:	3f 4f       	sbci	r19, 0xFF	; 255
    2314:	4f 4f       	sbci	r20, 0xFF	; 255
    2316:	5f 4f       	sbci	r21, 0xFF	; 255

00002318 <__divmodsi4_exit>:
    2318:	08 95       	ret

0000231a <__negsi2>:
    231a:	90 95       	com	r25
    231c:	80 95       	com	r24
    231e:	70 95       	com	r23
    2320:	61 95       	neg	r22
    2322:	7f 4f       	sbci	r23, 0xFF	; 255
    2324:	8f 4f       	sbci	r24, 0xFF	; 255
    2326:	9f 4f       	sbci	r25, 0xFF	; 255
    2328:	08 95       	ret

0000232a <__umulhisi3>:
    232a:	a2 9f       	mul	r26, r18
    232c:	b0 01       	movw	r22, r0
    232e:	b3 9f       	mul	r27, r19
    2330:	c0 01       	movw	r24, r0
    2332:	a3 9f       	mul	r26, r19
    2334:	70 0d       	add	r23, r0
    2336:	81 1d       	adc	r24, r1
    2338:	11 24       	eor	r1, r1
    233a:	91 1d       	adc	r25, r1
    233c:	b2 9f       	mul	r27, r18
    233e:	70 0d       	add	r23, r0
    2340:	81 1d       	adc	r24, r1
    2342:	11 24       	eor	r1, r1
    2344:	91 1d       	adc	r25, r1
    2346:	08 95       	ret

00002348 <__muluhisi3>:
    2348:	0e 94 95 11 	call	0x232a	; 0x232a <__umulhisi3>
    234c:	a5 9f       	mul	r26, r21
    234e:	90 0d       	add	r25, r0
    2350:	b4 9f       	mul	r27, r20
    2352:	90 0d       	add	r25, r0
    2354:	a4 9f       	mul	r26, r20
    2356:	80 0d       	add	r24, r0
    2358:	91 1d       	adc	r25, r1
    235a:	11 24       	eor	r1, r1
    235c:	08 95       	ret

0000235e <__muldi3>:
    235e:	df 93       	push	r29
    2360:	cf 93       	push	r28
    2362:	1f 93       	push	r17
    2364:	0f 93       	push	r16
    2366:	9a 9d       	mul	r25, r10
    2368:	f0 2d       	mov	r31, r0
    236a:	21 9f       	mul	r18, r17
    236c:	f0 0d       	add	r31, r0
    236e:	8b 9d       	mul	r24, r11
    2370:	f0 0d       	add	r31, r0
    2372:	8a 9d       	mul	r24, r10
    2374:	e0 2d       	mov	r30, r0
    2376:	f1 0d       	add	r31, r1
    2378:	03 9f       	mul	r16, r19
    237a:	f0 0d       	add	r31, r0
    237c:	02 9f       	mul	r16, r18
    237e:	e0 0d       	add	r30, r0
    2380:	f1 1d       	adc	r31, r1
    2382:	4e 9d       	mul	r20, r14
    2384:	e0 0d       	add	r30, r0
    2386:	f1 1d       	adc	r31, r1
    2388:	5e 9d       	mul	r21, r14
    238a:	f0 0d       	add	r31, r0
    238c:	4f 9d       	mul	r20, r15
    238e:	f0 0d       	add	r31, r0
    2390:	7f 93       	push	r23
    2392:	6f 93       	push	r22
    2394:	bf 92       	push	r11
    2396:	af 92       	push	r10
    2398:	5f 93       	push	r21
    239a:	4f 93       	push	r20
    239c:	d5 01       	movw	r26, r10
    239e:	0e 94 95 11 	call	0x232a	; 0x232a <__umulhisi3>
    23a2:	8b 01       	movw	r16, r22
    23a4:	ac 01       	movw	r20, r24
    23a6:	d7 01       	movw	r26, r14
    23a8:	0e 94 95 11 	call	0x232a	; 0x232a <__umulhisi3>
    23ac:	eb 01       	movw	r28, r22
    23ae:	e8 0f       	add	r30, r24
    23b0:	f9 1f       	adc	r31, r25
    23b2:	d6 01       	movw	r26, r12
    23b4:	0e 94 ff 11 	call	0x23fe	; 0x23fe <__muldi3_6>
    23b8:	2f 91       	pop	r18
    23ba:	3f 91       	pop	r19
    23bc:	d6 01       	movw	r26, r12
    23be:	0e 94 95 11 	call	0x232a	; 0x232a <__umulhisi3>
    23c2:	c6 0f       	add	r28, r22
    23c4:	d7 1f       	adc	r29, r23
    23c6:	e8 1f       	adc	r30, r24
    23c8:	f9 1f       	adc	r31, r25
    23ca:	af 91       	pop	r26
    23cc:	bf 91       	pop	r27
    23ce:	0e 94 ff 11 	call	0x23fe	; 0x23fe <__muldi3_6>
    23d2:	2f 91       	pop	r18
    23d4:	3f 91       	pop	r19
    23d6:	0e 94 95 11 	call	0x232a	; 0x232a <__umulhisi3>
    23da:	c6 0f       	add	r28, r22
    23dc:	d7 1f       	adc	r29, r23
    23de:	e8 1f       	adc	r30, r24
    23e0:	f9 1f       	adc	r31, r25
    23e2:	d6 01       	movw	r26, r12
    23e4:	0e 94 95 11 	call	0x232a	; 0x232a <__umulhisi3>
    23e8:	e6 0f       	add	r30, r22
    23ea:	f7 1f       	adc	r31, r23
    23ec:	98 01       	movw	r18, r16
    23ee:	be 01       	movw	r22, r28
    23f0:	cf 01       	movw	r24, r30
    23f2:	11 24       	eor	r1, r1
    23f4:	0f 91       	pop	r16
    23f6:	1f 91       	pop	r17
    23f8:	cf 91       	pop	r28
    23fa:	df 91       	pop	r29
    23fc:	08 95       	ret

000023fe <__muldi3_6>:
    23fe:	0e 94 95 11 	call	0x232a	; 0x232a <__umulhisi3>
    2402:	46 0f       	add	r20, r22
    2404:	57 1f       	adc	r21, r23
    2406:	c8 1f       	adc	r28, r24
    2408:	d9 1f       	adc	r29, r25
    240a:	08 f4       	brcc	.+2      	; 0x240e <__muldi3_6+0x10>
    240c:	31 96       	adiw	r30, 0x01	; 1
    240e:	08 95       	ret

00002410 <__moddi3>:
    2410:	68 94       	set
    2412:	01 c0       	rjmp	.+2      	; 0x2416 <__divdi3_moddi3>

00002414 <__divdi3>:
    2414:	e8 94       	clt

00002416 <__divdi3_moddi3>:
    2416:	f9 2f       	mov	r31, r25
    2418:	f1 2b       	or	r31, r17
    241a:	12 f0       	brmi	.+4      	; 0x2420 <__divdi3_moddi3+0xa>
    241c:	0c 94 3c 12 	jmp	0x2478	; 0x2478 <__udivdi3_umoddi3>
    2420:	a0 e0       	ldi	r26, 0x00	; 0
    2422:	b0 e0       	ldi	r27, 0x00	; 0
    2424:	e6 e1       	ldi	r30, 0x16	; 22
    2426:	f2 e1       	ldi	r31, 0x12	; 18
    2428:	0c 94 ae 12 	jmp	0x255c	; 0x255c <__prologue_saves__+0xc>
    242c:	09 2e       	mov	r0, r25
    242e:	05 94       	asr	r0
    2430:	22 f4       	brpl	.+8      	; 0x243a <__divdi3_moddi3+0x24>
    2432:	0e 94 98 12 	call	0x2530	; 0x2530 <__negdi2>
    2436:	11 23       	and	r17, r17
    2438:	92 f4       	brpl	.+36     	; 0x245e <__divdi3_moddi3+0x48>
    243a:	f0 e8       	ldi	r31, 0x80	; 128
    243c:	0f 26       	eor	r0, r31
    243e:	ff ef       	ldi	r31, 0xFF	; 255
    2440:	e0 94       	com	r14
    2442:	f0 94       	com	r15
    2444:	00 95       	com	r16
    2446:	10 95       	com	r17
    2448:	b0 94       	com	r11
    244a:	c0 94       	com	r12
    244c:	d0 94       	com	r13
    244e:	a1 94       	neg	r10
    2450:	bf 0a       	sbc	r11, r31
    2452:	cf 0a       	sbc	r12, r31
    2454:	df 0a       	sbc	r13, r31
    2456:	ef 0a       	sbc	r14, r31
    2458:	ff 0a       	sbc	r15, r31
    245a:	0f 0b       	sbc	r16, r31
    245c:	1f 0b       	sbc	r17, r31
    245e:	0e 94 47 12 	call	0x248e	; 0x248e <__udivmod64>
    2462:	07 fc       	sbrc	r0, 7
    2464:	0e 94 98 12 	call	0x2530	; 0x2530 <__negdi2>
    2468:	cd b7       	in	r28, 0x3d	; 61
    246a:	de b7       	in	r29, 0x3e	; 62
    246c:	ec e0       	ldi	r30, 0x0C	; 12
    246e:	0c 94 ca 12 	jmp	0x2594	; 0x2594 <__epilogue_restores__+0xc>

00002472 <__umoddi3>:
    2472:	68 94       	set
    2474:	01 c0       	rjmp	.+2      	; 0x2478 <__udivdi3_umoddi3>

00002476 <__udivdi3>:
    2476:	e8 94       	clt

00002478 <__udivdi3_umoddi3>:
    2478:	8f 92       	push	r8
    247a:	9f 92       	push	r9
    247c:	cf 93       	push	r28
    247e:	df 93       	push	r29
    2480:	0e 94 47 12 	call	0x248e	; 0x248e <__udivmod64>
    2484:	df 91       	pop	r29
    2486:	cf 91       	pop	r28
    2488:	9f 90       	pop	r9
    248a:	8f 90       	pop	r8
    248c:	08 95       	ret

0000248e <__udivmod64>:
    248e:	88 24       	eor	r8, r8
    2490:	99 24       	eor	r9, r9
    2492:	f4 01       	movw	r30, r8
    2494:	e4 01       	movw	r28, r8
    2496:	b0 e4       	ldi	r27, 0x40	; 64
    2498:	9f 93       	push	r25
    249a:	aa 27       	eor	r26, r26
    249c:	9a 15       	cp	r25, r10
    249e:	8b 04       	cpc	r8, r11
    24a0:	9c 04       	cpc	r9, r12
    24a2:	ed 05       	cpc	r30, r13
    24a4:	fe 05       	cpc	r31, r14
    24a6:	cf 05       	cpc	r28, r15
    24a8:	d0 07       	cpc	r29, r16
    24aa:	a1 07       	cpc	r26, r17
    24ac:	98 f4       	brcc	.+38     	; 0x24d4 <__udivmod64+0x46>
    24ae:	ad 2f       	mov	r26, r29
    24b0:	dc 2f       	mov	r29, r28
    24b2:	cf 2f       	mov	r28, r31
    24b4:	fe 2f       	mov	r31, r30
    24b6:	e9 2d       	mov	r30, r9
    24b8:	98 2c       	mov	r9, r8
    24ba:	89 2e       	mov	r8, r25
    24bc:	98 2f       	mov	r25, r24
    24be:	87 2f       	mov	r24, r23
    24c0:	76 2f       	mov	r23, r22
    24c2:	65 2f       	mov	r22, r21
    24c4:	54 2f       	mov	r21, r20
    24c6:	43 2f       	mov	r20, r19
    24c8:	32 2f       	mov	r19, r18
    24ca:	22 27       	eor	r18, r18
    24cc:	b8 50       	subi	r27, 0x08	; 8
    24ce:	31 f7       	brne	.-52     	; 0x249c <__udivmod64+0xe>
    24d0:	bf 91       	pop	r27
    24d2:	27 c0       	rjmp	.+78     	; 0x2522 <__udivmod64+0x94>
    24d4:	1b 2e       	mov	r1, r27
    24d6:	bf 91       	pop	r27
    24d8:	bb 27       	eor	r27, r27
    24da:	22 0f       	add	r18, r18
    24dc:	33 1f       	adc	r19, r19
    24de:	44 1f       	adc	r20, r20
    24e0:	55 1f       	adc	r21, r21
    24e2:	66 1f       	adc	r22, r22
    24e4:	77 1f       	adc	r23, r23
    24e6:	88 1f       	adc	r24, r24
    24e8:	99 1f       	adc	r25, r25
    24ea:	88 1c       	adc	r8, r8
    24ec:	99 1c       	adc	r9, r9
    24ee:	ee 1f       	adc	r30, r30
    24f0:	ff 1f       	adc	r31, r31
    24f2:	cc 1f       	adc	r28, r28
    24f4:	dd 1f       	adc	r29, r29
    24f6:	aa 1f       	adc	r26, r26
    24f8:	bb 1f       	adc	r27, r27
    24fa:	8a 14       	cp	r8, r10
    24fc:	9b 04       	cpc	r9, r11
    24fe:	ec 05       	cpc	r30, r12
    2500:	fd 05       	cpc	r31, r13
    2502:	ce 05       	cpc	r28, r14
    2504:	df 05       	cpc	r29, r15
    2506:	a0 07       	cpc	r26, r16
    2508:	b1 07       	cpc	r27, r17
    250a:	48 f0       	brcs	.+18     	; 0x251e <__udivmod64+0x90>
    250c:	8a 18       	sub	r8, r10
    250e:	9b 08       	sbc	r9, r11
    2510:	ec 09       	sbc	r30, r12
    2512:	fd 09       	sbc	r31, r13
    2514:	ce 09       	sbc	r28, r14
    2516:	df 09       	sbc	r29, r15
    2518:	a0 0b       	sbc	r26, r16
    251a:	b1 0b       	sbc	r27, r17
    251c:	21 60       	ori	r18, 0x01	; 1
    251e:	1a 94       	dec	r1
    2520:	e1 f6       	brne	.-72     	; 0x24da <__udivmod64+0x4c>
    2522:	2e f4       	brtc	.+10     	; 0x252e <__udivmod64+0xa0>
    2524:	94 01       	movw	r18, r8
    2526:	af 01       	movw	r20, r30
    2528:	be 01       	movw	r22, r28
    252a:	cd 01       	movw	r24, r26
    252c:	00 0c       	add	r0, r0
    252e:	08 95       	ret

00002530 <__negdi2>:
    2530:	60 95       	com	r22
    2532:	70 95       	com	r23
    2534:	80 95       	com	r24
    2536:	90 95       	com	r25
    2538:	30 95       	com	r19
    253a:	40 95       	com	r20
    253c:	50 95       	com	r21
    253e:	21 95       	neg	r18
    2540:	3f 4f       	sbci	r19, 0xFF	; 255
    2542:	4f 4f       	sbci	r20, 0xFF	; 255
    2544:	5f 4f       	sbci	r21, 0xFF	; 255
    2546:	6f 4f       	sbci	r22, 0xFF	; 255
    2548:	7f 4f       	sbci	r23, 0xFF	; 255
    254a:	8f 4f       	sbci	r24, 0xFF	; 255
    254c:	9f 4f       	sbci	r25, 0xFF	; 255
    254e:	08 95       	ret

00002550 <__prologue_saves__>:
    2550:	2f 92       	push	r2
    2552:	3f 92       	push	r3
    2554:	4f 92       	push	r4
    2556:	5f 92       	push	r5
    2558:	6f 92       	push	r6
    255a:	7f 92       	push	r7
    255c:	8f 92       	push	r8
    255e:	9f 92       	push	r9
    2560:	af 92       	push	r10
    2562:	bf 92       	push	r11
    2564:	cf 92       	push	r12
    2566:	df 92       	push	r13
    2568:	ef 92       	push	r14
    256a:	ff 92       	push	r15
    256c:	0f 93       	push	r16
    256e:	1f 93       	push	r17
    2570:	cf 93       	push	r28
    2572:	df 93       	push	r29
    2574:	cd b7       	in	r28, 0x3d	; 61
    2576:	de b7       	in	r29, 0x3e	; 62
    2578:	ca 1b       	sub	r28, r26
    257a:	db 0b       	sbc	r29, r27
    257c:	0f b6       	in	r0, 0x3f	; 63
    257e:	f8 94       	cli
    2580:	de bf       	out	0x3e, r29	; 62
    2582:	0f be       	out	0x3f, r0	; 63
    2584:	cd bf       	out	0x3d, r28	; 61
    2586:	09 94       	ijmp

00002588 <__epilogue_restores__>:
    2588:	2a 88       	ldd	r2, Y+18	; 0x12
    258a:	39 88       	ldd	r3, Y+17	; 0x11
    258c:	48 88       	ldd	r4, Y+16	; 0x10
    258e:	5f 84       	ldd	r5, Y+15	; 0x0f
    2590:	6e 84       	ldd	r6, Y+14	; 0x0e
    2592:	7d 84       	ldd	r7, Y+13	; 0x0d
    2594:	8c 84       	ldd	r8, Y+12	; 0x0c
    2596:	9b 84       	ldd	r9, Y+11	; 0x0b
    2598:	aa 84       	ldd	r10, Y+10	; 0x0a
    259a:	b9 84       	ldd	r11, Y+9	; 0x09
    259c:	c8 84       	ldd	r12, Y+8	; 0x08
    259e:	df 80       	ldd	r13, Y+7	; 0x07
    25a0:	ee 80       	ldd	r14, Y+6	; 0x06
    25a2:	fd 80       	ldd	r15, Y+5	; 0x05
    25a4:	0c 81       	ldd	r16, Y+4	; 0x04
    25a6:	1b 81       	ldd	r17, Y+3	; 0x03
    25a8:	aa 81       	ldd	r26, Y+2	; 0x02
    25aa:	b9 81       	ldd	r27, Y+1	; 0x01
    25ac:	ce 0f       	add	r28, r30
    25ae:	d1 1d       	adc	r29, r1
    25b0:	0f b6       	in	r0, 0x3f	; 63
    25b2:	f8 94       	cli
    25b4:	de bf       	out	0x3e, r29	; 62
    25b6:	0f be       	out	0x3f, r0	; 63
    25b8:	cd bf       	out	0x3d, r28	; 61
    25ba:	ed 01       	movw	r28, r26
    25bc:	08 95       	ret

000025be <__cmpdi2_s8>:
    25be:	00 24       	eor	r0, r0
    25c0:	a7 fd       	sbrc	r26, 7
    25c2:	00 94       	com	r0
    25c4:	2a 17       	cp	r18, r26
    25c6:	30 05       	cpc	r19, r0
    25c8:	40 05       	cpc	r20, r0
    25ca:	50 05       	cpc	r21, r0
    25cc:	60 05       	cpc	r22, r0
    25ce:	70 05       	cpc	r23, r0
    25d0:	80 05       	cpc	r24, r0
    25d2:	90 05       	cpc	r25, r0
    25d4:	08 95       	ret

000025d6 <strtol>:
    25d6:	a0 e0       	ldi	r26, 0x00	; 0
    25d8:	b0 e0       	ldi	r27, 0x00	; 0
    25da:	e1 ef       	ldi	r30, 0xF1	; 241
    25dc:	f2 e1       	ldi	r31, 0x12	; 18
    25de:	0c 94 a9 12 	jmp	0x2552	; 0x2552 <__prologue_saves__+0x2>
    25e2:	5c 01       	movw	r10, r24
    25e4:	6b 01       	movw	r12, r22
    25e6:	7a 01       	movw	r14, r20
    25e8:	61 15       	cp	r22, r1
    25ea:	71 05       	cpc	r23, r1
    25ec:	19 f0       	breq	.+6      	; 0x25f4 <strtol+0x1e>
    25ee:	fb 01       	movw	r30, r22
    25f0:	91 83       	std	Z+1, r25	; 0x01
    25f2:	80 83       	st	Z, r24
    25f4:	e1 14       	cp	r14, r1
    25f6:	f1 04       	cpc	r15, r1
    25f8:	29 f0       	breq	.+10     	; 0x2604 <strtol+0x2e>
    25fa:	c7 01       	movw	r24, r14
    25fc:	02 97       	sbiw	r24, 0x02	; 2
    25fe:	83 97       	sbiw	r24, 0x23	; 35
    2600:	08 f0       	brcs	.+2      	; 0x2604 <strtol+0x2e>
    2602:	e5 c0       	rjmp	.+458    	; 0x27ce <strtol+0x1f8>
    2604:	e5 01       	movw	r28, r10
    2606:	21 96       	adiw	r28, 0x01	; 1
    2608:	f5 01       	movw	r30, r10
    260a:	10 81       	ld	r17, Z
    260c:	81 2f       	mov	r24, r17
    260e:	90 e0       	ldi	r25, 0x00	; 0
    2610:	0e 94 f6 14 	call	0x29ec	; 0x29ec <isspace>
    2614:	89 2b       	or	r24, r25
    2616:	11 f0       	breq	.+4      	; 0x261c <strtol+0x46>
    2618:	5e 01       	movw	r10, r28
    261a:	f4 cf       	rjmp	.-24     	; 0x2604 <strtol+0x2e>
    261c:	1d 32       	cpi	r17, 0x2D	; 45
    261e:	29 f4       	brne	.+10     	; 0x262a <strtol+0x54>
    2620:	21 96       	adiw	r28, 0x01	; 1
    2622:	f5 01       	movw	r30, r10
    2624:	11 81       	ldd	r17, Z+1	; 0x01
    2626:	01 e0       	ldi	r16, 0x01	; 1
    2628:	07 c0       	rjmp	.+14     	; 0x2638 <strtol+0x62>
    262a:	1b 32       	cpi	r17, 0x2B	; 43
    262c:	21 f4       	brne	.+8      	; 0x2636 <strtol+0x60>
    262e:	e5 01       	movw	r28, r10
    2630:	22 96       	adiw	r28, 0x02	; 2
    2632:	f5 01       	movw	r30, r10
    2634:	11 81       	ldd	r17, Z+1	; 0x01
    2636:	00 e0       	ldi	r16, 0x00	; 0
    2638:	e1 14       	cp	r14, r1
    263a:	f1 04       	cpc	r15, r1
    263c:	09 f1       	breq	.+66     	; 0x2680 <strtol+0xaa>
    263e:	f0 e1       	ldi	r31, 0x10	; 16
    2640:	ef 16       	cp	r14, r31
    2642:	f1 04       	cpc	r15, r1
    2644:	29 f4       	brne	.+10     	; 0x2650 <strtol+0x7a>
    2646:	3f c0       	rjmp	.+126    	; 0x26c6 <strtol+0xf0>
    2648:	10 e3       	ldi	r17, 0x30	; 48
    264a:	e1 14       	cp	r14, r1
    264c:	f1 04       	cpc	r15, r1
    264e:	21 f1       	breq	.+72     	; 0x2698 <strtol+0xc2>
    2650:	28 e0       	ldi	r18, 0x08	; 8
    2652:	e2 16       	cp	r14, r18
    2654:	f1 04       	cpc	r15, r1
    2656:	01 f1       	breq	.+64     	; 0x2698 <strtol+0xc2>
    2658:	54 f4       	brge	.+20     	; 0x266e <strtol+0x98>
    265a:	e2 e0       	ldi	r30, 0x02	; 2
    265c:	ee 16       	cp	r14, r30
    265e:	f1 04       	cpc	r15, r1
    2660:	21 f5       	brne	.+72     	; 0x26aa <strtol+0xd4>
    2662:	81 2c       	mov	r8, r1
    2664:	91 2c       	mov	r9, r1
    2666:	a1 2c       	mov	r10, r1
    2668:	b0 e4       	ldi	r27, 0x40	; 64
    266a:	bb 2e       	mov	r11, r27
    266c:	3e c0       	rjmp	.+124    	; 0x26ea <strtol+0x114>
    266e:	fa e0       	ldi	r31, 0x0A	; 10
    2670:	ef 16       	cp	r14, r31
    2672:	f1 04       	cpc	r15, r1
    2674:	39 f0       	breq	.+14     	; 0x2684 <strtol+0xae>
    2676:	20 e1       	ldi	r18, 0x10	; 16
    2678:	e2 16       	cp	r14, r18
    267a:	f1 04       	cpc	r15, r1
    267c:	b1 f4       	brne	.+44     	; 0x26aa <strtol+0xd4>
    267e:	30 c0       	rjmp	.+96     	; 0x26e0 <strtol+0x10a>
    2680:	10 33       	cpi	r17, 0x30	; 48
    2682:	19 f1       	breq	.+70     	; 0x26ca <strtol+0xf4>
    2684:	fa e0       	ldi	r31, 0x0A	; 10
    2686:	ef 2e       	mov	r14, r31
    2688:	f1 2c       	mov	r15, r1
    268a:	ac ec       	ldi	r26, 0xCC	; 204
    268c:	8a 2e       	mov	r8, r26
    268e:	98 2c       	mov	r9, r8
    2690:	a8 2c       	mov	r10, r8
    2692:	ac e0       	ldi	r26, 0x0C	; 12
    2694:	ba 2e       	mov	r11, r26
    2696:	29 c0       	rjmp	.+82     	; 0x26ea <strtol+0x114>
    2698:	78 e0       	ldi	r23, 0x08	; 8
    269a:	e7 2e       	mov	r14, r23
    269c:	f1 2c       	mov	r15, r1
    269e:	81 2c       	mov	r8, r1
    26a0:	91 2c       	mov	r9, r1
    26a2:	a1 2c       	mov	r10, r1
    26a4:	e0 e1       	ldi	r30, 0x10	; 16
    26a6:	be 2e       	mov	r11, r30
    26a8:	20 c0       	rjmp	.+64     	; 0x26ea <strtol+0x114>
    26aa:	60 e0       	ldi	r22, 0x00	; 0
    26ac:	70 e0       	ldi	r23, 0x00	; 0
    26ae:	80 e0       	ldi	r24, 0x00	; 0
    26b0:	90 e8       	ldi	r25, 0x80	; 128
    26b2:	97 01       	movw	r18, r14
    26b4:	0f 2c       	mov	r0, r15
    26b6:	00 0c       	add	r0, r0
    26b8:	44 0b       	sbc	r20, r20
    26ba:	55 0b       	sbc	r21, r21
    26bc:	0e 94 54 11 	call	0x22a8	; 0x22a8 <__udivmodsi4>
    26c0:	49 01       	movw	r8, r18
    26c2:	5a 01       	movw	r10, r20
    26c4:	12 c0       	rjmp	.+36     	; 0x26ea <strtol+0x114>
    26c6:	10 33       	cpi	r17, 0x30	; 48
    26c8:	59 f4       	brne	.+22     	; 0x26e0 <strtol+0x10a>
    26ca:	88 81       	ld	r24, Y
    26cc:	8f 7d       	andi	r24, 0xDF	; 223
    26ce:	88 35       	cpi	r24, 0x58	; 88
    26d0:	09 f0       	breq	.+2      	; 0x26d4 <strtol+0xfe>
    26d2:	ba cf       	rjmp	.-140    	; 0x2648 <strtol+0x72>
    26d4:	19 81       	ldd	r17, Y+1	; 0x01
    26d6:	22 96       	adiw	r28, 0x02	; 2
    26d8:	02 60       	ori	r16, 0x02	; 2
    26da:	80 e1       	ldi	r24, 0x10	; 16
    26dc:	e8 2e       	mov	r14, r24
    26de:	f1 2c       	mov	r15, r1
    26e0:	81 2c       	mov	r8, r1
    26e2:	91 2c       	mov	r9, r1
    26e4:	a1 2c       	mov	r10, r1
    26e6:	68 e0       	ldi	r22, 0x08	; 8
    26e8:	b6 2e       	mov	r11, r22
    26ea:	40 e0       	ldi	r20, 0x00	; 0
    26ec:	60 e0       	ldi	r22, 0x00	; 0
    26ee:	70 e0       	ldi	r23, 0x00	; 0
    26f0:	cb 01       	movw	r24, r22
    26f2:	27 01       	movw	r4, r14
    26f4:	0f 2c       	mov	r0, r15
    26f6:	00 0c       	add	r0, r0
    26f8:	66 08       	sbc	r6, r6
    26fa:	77 08       	sbc	r7, r7
    26fc:	fe 01       	movw	r30, r28
    26fe:	50 ed       	ldi	r21, 0xD0	; 208
    2700:	35 2e       	mov	r3, r21
    2702:	31 0e       	add	r3, r17
    2704:	29 e0       	ldi	r18, 0x09	; 9
    2706:	23 15       	cp	r18, r3
    2708:	70 f4       	brcc	.+28     	; 0x2726 <strtol+0x150>
    270a:	2f eb       	ldi	r18, 0xBF	; 191
    270c:	21 0f       	add	r18, r17
    270e:	2a 31       	cpi	r18, 0x1A	; 26
    2710:	18 f4       	brcc	.+6      	; 0x2718 <strtol+0x142>
    2712:	39 ec       	ldi	r19, 0xC9	; 201
    2714:	33 2e       	mov	r3, r19
    2716:	06 c0       	rjmp	.+12     	; 0x2724 <strtol+0x14e>
    2718:	2f e9       	ldi	r18, 0x9F	; 159
    271a:	21 0f       	add	r18, r17
    271c:	2a 31       	cpi	r18, 0x1A	; 26
    271e:	18 f5       	brcc	.+70     	; 0x2766 <strtol+0x190>
    2720:	29 ea       	ldi	r18, 0xA9	; 169
    2722:	32 2e       	mov	r3, r18
    2724:	31 0e       	add	r3, r17
    2726:	23 2d       	mov	r18, r3
    2728:	30 e0       	ldi	r19, 0x00	; 0
    272a:	2e 15       	cp	r18, r14
    272c:	3f 05       	cpc	r19, r15
    272e:	dc f4       	brge	.+54     	; 0x2766 <strtol+0x190>
    2730:	47 fd       	sbrc	r20, 7
    2732:	16 c0       	rjmp	.+44     	; 0x2760 <strtol+0x18a>
    2734:	86 16       	cp	r8, r22
    2736:	97 06       	cpc	r9, r23
    2738:	a8 06       	cpc	r10, r24
    273a:	b9 06       	cpc	r11, r25
    273c:	70 f0       	brcs	.+28     	; 0x275a <strtol+0x184>
    273e:	a3 01       	movw	r20, r6
    2740:	92 01       	movw	r18, r4
    2742:	0e 94 8f 15 	call	0x2b1e	; 0x2b1e <__mulsi3>
    2746:	63 0d       	add	r22, r3
    2748:	71 1d       	adc	r23, r1
    274a:	81 1d       	adc	r24, r1
    274c:	91 1d       	adc	r25, r1
    274e:	61 30       	cpi	r22, 0x01	; 1
    2750:	71 05       	cpc	r23, r1
    2752:	81 05       	cpc	r24, r1
    2754:	20 e8       	ldi	r18, 0x80	; 128
    2756:	92 07       	cpc	r25, r18
    2758:	10 f0       	brcs	.+4      	; 0x275e <strtol+0x188>
    275a:	4f ef       	ldi	r20, 0xFF	; 255
    275c:	01 c0       	rjmp	.+2      	; 0x2760 <strtol+0x18a>
    275e:	41 e0       	ldi	r20, 0x01	; 1
    2760:	21 96       	adiw	r28, 0x01	; 1
    2762:	10 81       	ld	r17, Z
    2764:	cb cf       	rjmp	.-106    	; 0x26fc <strtol+0x126>
    2766:	20 2f       	mov	r18, r16
    2768:	21 70       	andi	r18, 0x01	; 1
    276a:	c1 14       	cp	r12, r1
    276c:	d1 04       	cpc	r13, r1
    276e:	71 f0       	breq	.+28     	; 0x278c <strtol+0x1b6>
    2770:	44 23       	and	r20, r20
    2772:	29 f0       	breq	.+10     	; 0x277e <strtol+0x1a8>
    2774:	21 97       	sbiw	r28, 0x01	; 1
    2776:	f6 01       	movw	r30, r12
    2778:	d1 83       	std	Z+1, r29	; 0x01
    277a:	c0 83       	st	Z, r28
    277c:	07 c0       	rjmp	.+14     	; 0x278c <strtol+0x1b6>
    277e:	01 ff       	sbrs	r16, 1
    2780:	19 c0       	rjmp	.+50     	; 0x27b4 <strtol+0x1de>
    2782:	22 97       	sbiw	r28, 0x02	; 2
    2784:	f6 01       	movw	r30, r12
    2786:	d1 83       	std	Z+1, r29	; 0x01
    2788:	c0 83       	st	Z, r28
    278a:	14 c0       	rjmp	.+40     	; 0x27b4 <strtol+0x1de>
    278c:	47 ff       	sbrs	r20, 7
    278e:	12 c0       	rjmp	.+36     	; 0x27b4 <strtol+0x1de>
    2790:	22 23       	and	r18, r18
    2792:	29 f0       	breq	.+10     	; 0x279e <strtol+0x1c8>
    2794:	60 e0       	ldi	r22, 0x00	; 0
    2796:	70 e0       	ldi	r23, 0x00	; 0
    2798:	80 e0       	ldi	r24, 0x00	; 0
    279a:	90 e8       	ldi	r25, 0x80	; 128
    279c:	04 c0       	rjmp	.+8      	; 0x27a6 <strtol+0x1d0>
    279e:	6f ef       	ldi	r22, 0xFF	; 255
    27a0:	7f ef       	ldi	r23, 0xFF	; 255
    27a2:	8f ef       	ldi	r24, 0xFF	; 255
    27a4:	9f e7       	ldi	r25, 0x7F	; 127
    27a6:	22 e2       	ldi	r18, 0x22	; 34
    27a8:	30 e0       	ldi	r19, 0x00	; 0
    27aa:	30 93 54 08 	sts	0x0854, r19	; 0x800854 <errno+0x1>
    27ae:	20 93 53 08 	sts	0x0853, r18	; 0x800853 <errno>
    27b2:	09 c0       	rjmp	.+18     	; 0x27c6 <strtol+0x1f0>
    27b4:	22 23       	and	r18, r18
    27b6:	81 f0       	breq	.+32     	; 0x27d8 <strtol+0x202>
    27b8:	90 95       	com	r25
    27ba:	80 95       	com	r24
    27bc:	70 95       	com	r23
    27be:	61 95       	neg	r22
    27c0:	7f 4f       	sbci	r23, 0xFF	; 255
    27c2:	8f 4f       	sbci	r24, 0xFF	; 255
    27c4:	9f 4f       	sbci	r25, 0xFF	; 255
    27c6:	46 2f       	mov	r20, r22
    27c8:	37 2f       	mov	r19, r23
    27ca:	28 2f       	mov	r18, r24
    27cc:	12 c0       	rjmp	.+36     	; 0x27f2 <strtol+0x21c>
    27ce:	40 e0       	ldi	r20, 0x00	; 0
    27d0:	30 e0       	ldi	r19, 0x00	; 0
    27d2:	20 e0       	ldi	r18, 0x00	; 0
    27d4:	90 e0       	ldi	r25, 0x00	; 0
    27d6:	0d c0       	rjmp	.+26     	; 0x27f2 <strtol+0x21c>
    27d8:	97 ff       	sbrs	r25, 7
    27da:	f5 cf       	rjmp	.-22     	; 0x27c6 <strtol+0x1f0>
    27dc:	82 e2       	ldi	r24, 0x22	; 34
    27de:	90 e0       	ldi	r25, 0x00	; 0
    27e0:	90 93 54 08 	sts	0x0854, r25	; 0x800854 <errno+0x1>
    27e4:	80 93 53 08 	sts	0x0853, r24	; 0x800853 <errno>
    27e8:	6f ef       	ldi	r22, 0xFF	; 255
    27ea:	7f ef       	ldi	r23, 0xFF	; 255
    27ec:	8f ef       	ldi	r24, 0xFF	; 255
    27ee:	9f e7       	ldi	r25, 0x7F	; 127
    27f0:	ea cf       	rjmp	.-44     	; 0x27c6 <strtol+0x1f0>
    27f2:	64 2f       	mov	r22, r20
    27f4:	73 2f       	mov	r23, r19
    27f6:	82 2f       	mov	r24, r18
    27f8:	cd b7       	in	r28, 0x3d	; 61
    27fa:	de b7       	in	r29, 0x3e	; 62
    27fc:	e1 e1       	ldi	r30, 0x11	; 17
    27fe:	0c 94 c5 12 	jmp	0x258a	; 0x258a <__epilogue_restores__+0x2>

00002802 <strtoul>:
    2802:	a0 e0       	ldi	r26, 0x00	; 0
    2804:	b0 e0       	ldi	r27, 0x00	; 0
    2806:	e7 e0       	ldi	r30, 0x07	; 7
    2808:	f4 e1       	ldi	r31, 0x14	; 20
    280a:	0c 94 a9 12 	jmp	0x2552	; 0x2552 <__prologue_saves__+0x2>
    280e:	5c 01       	movw	r10, r24
    2810:	6b 01       	movw	r12, r22
    2812:	7a 01       	movw	r14, r20
    2814:	61 15       	cp	r22, r1
    2816:	71 05       	cpc	r23, r1
    2818:	19 f0       	breq	.+6      	; 0x2820 <strtoul+0x1e>
    281a:	fb 01       	movw	r30, r22
    281c:	91 83       	std	Z+1, r25	; 0x01
    281e:	80 83       	st	Z, r24
    2820:	e1 14       	cp	r14, r1
    2822:	f1 04       	cpc	r15, r1
    2824:	29 f0       	breq	.+10     	; 0x2830 <strtoul+0x2e>
    2826:	c7 01       	movw	r24, r14
    2828:	02 97       	sbiw	r24, 0x02	; 2
    282a:	83 97       	sbiw	r24, 0x23	; 35
    282c:	08 f0       	brcs	.+2      	; 0x2830 <strtoul+0x2e>
    282e:	c9 c0       	rjmp	.+402    	; 0x29c2 <strtoul+0x1c0>
    2830:	e5 01       	movw	r28, r10
    2832:	21 96       	adiw	r28, 0x01	; 1
    2834:	f5 01       	movw	r30, r10
    2836:	10 81       	ld	r17, Z
    2838:	81 2f       	mov	r24, r17
    283a:	90 e0       	ldi	r25, 0x00	; 0
    283c:	0e 94 f6 14 	call	0x29ec	; 0x29ec <isspace>
    2840:	89 2b       	or	r24, r25
    2842:	11 f0       	breq	.+4      	; 0x2848 <strtoul+0x46>
    2844:	5e 01       	movw	r10, r28
    2846:	f4 cf       	rjmp	.-24     	; 0x2830 <strtoul+0x2e>
    2848:	1d 32       	cpi	r17, 0x2D	; 45
    284a:	29 f4       	brne	.+10     	; 0x2856 <strtoul+0x54>
    284c:	21 96       	adiw	r28, 0x01	; 1
    284e:	f5 01       	movw	r30, r10
    2850:	11 81       	ldd	r17, Z+1	; 0x01
    2852:	01 e0       	ldi	r16, 0x01	; 1
    2854:	07 c0       	rjmp	.+14     	; 0x2864 <strtoul+0x62>
    2856:	1b 32       	cpi	r17, 0x2B	; 43
    2858:	21 f4       	brne	.+8      	; 0x2862 <strtoul+0x60>
    285a:	e5 01       	movw	r28, r10
    285c:	22 96       	adiw	r28, 0x02	; 2
    285e:	f5 01       	movw	r30, r10
    2860:	11 81       	ldd	r17, Z+1	; 0x01
    2862:	00 e0       	ldi	r16, 0x00	; 0
    2864:	e1 14       	cp	r14, r1
    2866:	f1 04       	cpc	r15, r1
    2868:	b1 f0       	breq	.+44     	; 0x2896 <strtoul+0x94>
    286a:	f0 e1       	ldi	r31, 0x10	; 16
    286c:	ef 16       	cp	r14, r31
    286e:	f1 04       	cpc	r15, r1
    2870:	29 f4       	brne	.+10     	; 0x287c <strtoul+0x7a>
    2872:	b0 c0       	rjmp	.+352    	; 0x29d4 <strtoul+0x1d2>
    2874:	10 e3       	ldi	r17, 0x30	; 48
    2876:	e1 14       	cp	r14, r1
    2878:	f1 04       	cpc	r15, r1
    287a:	01 f1       	breq	.+64     	; 0x28bc <strtoul+0xba>
    287c:	2a e0       	ldi	r18, 0x0A	; 10
    287e:	e2 16       	cp	r14, r18
    2880:	f1 04       	cpc	r15, r1
    2882:	b1 f1       	breq	.+108    	; 0x28f0 <strtoul+0xee>
    2884:	80 e1       	ldi	r24, 0x10	; 16
    2886:	e8 16       	cp	r14, r24
    2888:	f1 04       	cpc	r15, r1
    288a:	71 f0       	breq	.+28     	; 0x28a8 <strtoul+0xa6>
    288c:	e8 e0       	ldi	r30, 0x08	; 8
    288e:	ee 16       	cp	r14, r30
    2890:	f1 04       	cpc	r15, r1
    2892:	f1 f4       	brne	.+60     	; 0x28d0 <strtoul+0xce>
    2894:	13 c0       	rjmp	.+38     	; 0x28bc <strtoul+0xba>
    2896:	10 33       	cpi	r17, 0x30	; 48
    2898:	41 f5       	brne	.+80     	; 0x28ea <strtoul+0xe8>
    289a:	88 81       	ld	r24, Y
    289c:	8f 7d       	andi	r24, 0xDF	; 223
    289e:	88 35       	cpi	r24, 0x58	; 88
    28a0:	49 f7       	brne	.-46     	; 0x2874 <strtoul+0x72>
    28a2:	19 81       	ldd	r17, Y+1	; 0x01
    28a4:	22 96       	adiw	r28, 0x02	; 2
    28a6:	02 60       	ori	r16, 0x02	; 2
    28a8:	f0 e1       	ldi	r31, 0x10	; 16
    28aa:	ef 2e       	mov	r14, r31
    28ac:	f1 2c       	mov	r15, r1
    28ae:	88 24       	eor	r8, r8
    28b0:	8a 94       	dec	r8
    28b2:	98 2c       	mov	r9, r8
    28b4:	a8 2c       	mov	r10, r8
    28b6:	af e0       	ldi	r26, 0x0F	; 15
    28b8:	ba 2e       	mov	r11, r26
    28ba:	20 c0       	rjmp	.+64     	; 0x28fc <strtoul+0xfa>
    28bc:	78 e0       	ldi	r23, 0x08	; 8
    28be:	e7 2e       	mov	r14, r23
    28c0:	f1 2c       	mov	r15, r1
    28c2:	88 24       	eor	r8, r8
    28c4:	8a 94       	dec	r8
    28c6:	98 2c       	mov	r9, r8
    28c8:	a8 2c       	mov	r10, r8
    28ca:	ef e1       	ldi	r30, 0x1F	; 31
    28cc:	be 2e       	mov	r11, r30
    28ce:	16 c0       	rjmp	.+44     	; 0x28fc <strtoul+0xfa>
    28d0:	6f ef       	ldi	r22, 0xFF	; 255
    28d2:	7f ef       	ldi	r23, 0xFF	; 255
    28d4:	cb 01       	movw	r24, r22
    28d6:	97 01       	movw	r18, r14
    28d8:	0f 2c       	mov	r0, r15
    28da:	00 0c       	add	r0, r0
    28dc:	44 0b       	sbc	r20, r20
    28de:	55 0b       	sbc	r21, r21
    28e0:	0e 94 54 11 	call	0x22a8	; 0x22a8 <__udivmodsi4>
    28e4:	49 01       	movw	r8, r18
    28e6:	5a 01       	movw	r10, r20
    28e8:	09 c0       	rjmp	.+18     	; 0x28fc <strtoul+0xfa>
    28ea:	8a e0       	ldi	r24, 0x0A	; 10
    28ec:	e8 2e       	mov	r14, r24
    28ee:	f1 2c       	mov	r15, r1
    28f0:	69 e9       	ldi	r22, 0x99	; 153
    28f2:	86 2e       	mov	r8, r22
    28f4:	98 2c       	mov	r9, r8
    28f6:	a8 2c       	mov	r10, r8
    28f8:	69 e1       	ldi	r22, 0x19	; 25
    28fa:	b6 2e       	mov	r11, r22
    28fc:	40 e0       	ldi	r20, 0x00	; 0
    28fe:	60 e0       	ldi	r22, 0x00	; 0
    2900:	70 e0       	ldi	r23, 0x00	; 0
    2902:	cb 01       	movw	r24, r22
    2904:	27 01       	movw	r4, r14
    2906:	0f 2c       	mov	r0, r15
    2908:	00 0c       	add	r0, r0
    290a:	66 08       	sbc	r6, r6
    290c:	77 08       	sbc	r7, r7
    290e:	fe 01       	movw	r30, r28
    2910:	50 ed       	ldi	r21, 0xD0	; 208
    2912:	35 2e       	mov	r3, r21
    2914:	31 0e       	add	r3, r17
    2916:	29 e0       	ldi	r18, 0x09	; 9
    2918:	23 15       	cp	r18, r3
    291a:	70 f4       	brcc	.+28     	; 0x2938 <strtoul+0x136>
    291c:	2f eb       	ldi	r18, 0xBF	; 191
    291e:	21 0f       	add	r18, r17
    2920:	2a 31       	cpi	r18, 0x1A	; 26
    2922:	18 f4       	brcc	.+6      	; 0x292a <strtoul+0x128>
    2924:	39 ec       	ldi	r19, 0xC9	; 201
    2926:	33 2e       	mov	r3, r19
    2928:	06 c0       	rjmp	.+12     	; 0x2936 <strtoul+0x134>
    292a:	2f e9       	ldi	r18, 0x9F	; 159
    292c:	21 0f       	add	r18, r17
    292e:	2a 31       	cpi	r18, 0x1A	; 26
    2930:	30 f5       	brcc	.+76     	; 0x297e <strtoul+0x17c>
    2932:	29 ea       	ldi	r18, 0xA9	; 169
    2934:	32 2e       	mov	r3, r18
    2936:	31 0e       	add	r3, r17
    2938:	23 2d       	mov	r18, r3
    293a:	30 e0       	ldi	r19, 0x00	; 0
    293c:	2e 15       	cp	r18, r14
    293e:	3f 05       	cpc	r19, r15
    2940:	f4 f4       	brge	.+60     	; 0x297e <strtoul+0x17c>
    2942:	4f 3f       	cpi	r20, 0xFF	; 255
    2944:	c9 f0       	breq	.+50     	; 0x2978 <strtoul+0x176>
    2946:	86 16       	cp	r8, r22
    2948:	97 06       	cpc	r9, r23
    294a:	a8 06       	cpc	r10, r24
    294c:	b9 06       	cpc	r11, r25
    294e:	88 f0       	brcs	.+34     	; 0x2972 <strtoul+0x170>
    2950:	a3 01       	movw	r20, r6
    2952:	92 01       	movw	r18, r4
    2954:	0e 94 8f 15 	call	0x2b1e	; 0x2b1e <__mulsi3>
    2958:	23 2d       	mov	r18, r3
    295a:	30 e0       	ldi	r19, 0x00	; 0
    295c:	40 e0       	ldi	r20, 0x00	; 0
    295e:	50 e0       	ldi	r21, 0x00	; 0
    2960:	62 0f       	add	r22, r18
    2962:	73 1f       	adc	r23, r19
    2964:	84 1f       	adc	r24, r20
    2966:	95 1f       	adc	r25, r21
    2968:	62 17       	cp	r22, r18
    296a:	73 07       	cpc	r23, r19
    296c:	84 07       	cpc	r24, r20
    296e:	95 07       	cpc	r25, r21
    2970:	10 f4       	brcc	.+4      	; 0x2976 <strtoul+0x174>
    2972:	4f ef       	ldi	r20, 0xFF	; 255
    2974:	01 c0       	rjmp	.+2      	; 0x2978 <strtoul+0x176>
    2976:	41 e0       	ldi	r20, 0x01	; 1
    2978:	21 96       	adiw	r28, 0x01	; 1
    297a:	10 81       	ld	r17, Z
    297c:	c8 cf       	rjmp	.-112    	; 0x290e <strtoul+0x10c>
    297e:	c1 14       	cp	r12, r1
    2980:	d1 04       	cpc	r13, r1
    2982:	51 f0       	breq	.+20     	; 0x2998 <strtoul+0x196>
    2984:	44 23       	and	r20, r20
    2986:	11 f0       	breq	.+4      	; 0x298c <strtoul+0x18a>
    2988:	21 97       	sbiw	r28, 0x01	; 1
    298a:	03 c0       	rjmp	.+6      	; 0x2992 <strtoul+0x190>
    298c:	01 ff       	sbrs	r16, 1
    298e:	04 c0       	rjmp	.+8      	; 0x2998 <strtoul+0x196>
    2990:	22 97       	sbiw	r28, 0x02	; 2
    2992:	f6 01       	movw	r30, r12
    2994:	d1 83       	std	Z+1, r29	; 0x01
    2996:	c0 83       	st	Z, r28
    2998:	00 ff       	sbrs	r16, 0
    299a:	07 c0       	rjmp	.+14     	; 0x29aa <strtoul+0x1a8>
    299c:	90 95       	com	r25
    299e:	80 95       	com	r24
    29a0:	70 95       	com	r23
    29a2:	61 95       	neg	r22
    29a4:	7f 4f       	sbci	r23, 0xFF	; 255
    29a6:	8f 4f       	sbci	r24, 0xFF	; 255
    29a8:	9f 4f       	sbci	r25, 0xFF	; 255
    29aa:	4f 3f       	cpi	r20, 0xFF	; 255
    29ac:	79 f4       	brne	.+30     	; 0x29cc <strtoul+0x1ca>
    29ae:	82 e2       	ldi	r24, 0x22	; 34
    29b0:	90 e0       	ldi	r25, 0x00	; 0
    29b2:	90 93 54 08 	sts	0x0854, r25	; 0x800854 <errno+0x1>
    29b6:	80 93 53 08 	sts	0x0853, r24	; 0x800853 <errno>
    29ba:	3f ef       	ldi	r19, 0xFF	; 255
    29bc:	2f ef       	ldi	r18, 0xFF	; 255
    29be:	9f ef       	ldi	r25, 0xFF	; 255
    29c0:	0d c0       	rjmp	.+26     	; 0x29dc <strtoul+0x1da>
    29c2:	40 e0       	ldi	r20, 0x00	; 0
    29c4:	30 e0       	ldi	r19, 0x00	; 0
    29c6:	20 e0       	ldi	r18, 0x00	; 0
    29c8:	90 e0       	ldi	r25, 0x00	; 0
    29ca:	08 c0       	rjmp	.+16     	; 0x29dc <strtoul+0x1da>
    29cc:	46 2f       	mov	r20, r22
    29ce:	37 2f       	mov	r19, r23
    29d0:	28 2f       	mov	r18, r24
    29d2:	04 c0       	rjmp	.+8      	; 0x29dc <strtoul+0x1da>
    29d4:	10 33       	cpi	r17, 0x30	; 48
    29d6:	09 f0       	breq	.+2      	; 0x29da <strtoul+0x1d8>
    29d8:	67 cf       	rjmp	.-306    	; 0x28a8 <strtoul+0xa6>
    29da:	5f cf       	rjmp	.-322    	; 0x289a <strtoul+0x98>
    29dc:	64 2f       	mov	r22, r20
    29de:	73 2f       	mov	r23, r19
    29e0:	82 2f       	mov	r24, r18
    29e2:	cd b7       	in	r28, 0x3d	; 61
    29e4:	de b7       	in	r29, 0x3e	; 62
    29e6:	e1 e1       	ldi	r30, 0x11	; 17
    29e8:	0c 94 c5 12 	jmp	0x258a	; 0x258a <__epilogue_restores__+0x2>

000029ec <isspace>:
    29ec:	91 11       	cpse	r25, r1
    29ee:	0c 94 48 15 	jmp	0x2a90	; 0x2a90 <__ctype_isfalse>
    29f2:	80 32       	cpi	r24, 0x20	; 32
    29f4:	19 f0       	breq	.+6      	; 0x29fc <isspace+0x10>
    29f6:	89 50       	subi	r24, 0x09	; 9
    29f8:	85 50       	subi	r24, 0x05	; 5
    29fa:	c8 f7       	brcc	.-14     	; 0x29ee <isspace+0x2>
    29fc:	08 95       	ret

000029fe <strtok>:
    29fe:	40 e0       	ldi	r20, 0x00	; 0
    2a00:	57 e0       	ldi	r21, 0x07	; 7
    2a02:	0e 94 21 15 	call	0x2a42	; 0x2a42 <strtok_r>
    2a06:	08 95       	ret

00002a08 <memcmp>:
    2a08:	fb 01       	movw	r30, r22
    2a0a:	dc 01       	movw	r26, r24
    2a0c:	04 c0       	rjmp	.+8      	; 0x2a16 <memcmp+0xe>
    2a0e:	8d 91       	ld	r24, X+
    2a10:	01 90       	ld	r0, Z+
    2a12:	80 19       	sub	r24, r0
    2a14:	21 f4       	brne	.+8      	; 0x2a1e <memcmp+0x16>
    2a16:	41 50       	subi	r20, 0x01	; 1
    2a18:	50 40       	sbci	r21, 0x00	; 0
    2a1a:	c8 f7       	brcc	.-14     	; 0x2a0e <memcmp+0x6>
    2a1c:	88 1b       	sub	r24, r24
    2a1e:	99 0b       	sbc	r25, r25
    2a20:	08 95       	ret

00002a22 <memset>:
    2a22:	dc 01       	movw	r26, r24
    2a24:	01 c0       	rjmp	.+2      	; 0x2a28 <memset+0x6>
    2a26:	6d 93       	st	X+, r22
    2a28:	41 50       	subi	r20, 0x01	; 1
    2a2a:	50 40       	sbci	r21, 0x00	; 0
    2a2c:	e0 f7       	brcc	.-8      	; 0x2a26 <memset+0x4>
    2a2e:	08 95       	ret

00002a30 <strcmp>:
    2a30:	fb 01       	movw	r30, r22
    2a32:	dc 01       	movw	r26, r24
    2a34:	8d 91       	ld	r24, X+
    2a36:	01 90       	ld	r0, Z+
    2a38:	80 19       	sub	r24, r0
    2a3a:	01 10       	cpse	r0, r1
    2a3c:	d9 f3       	breq	.-10     	; 0x2a34 <strcmp+0x4>
    2a3e:	99 0b       	sbc	r25, r25
    2a40:	08 95       	ret

00002a42 <strtok_r>:
    2a42:	fa 01       	movw	r30, r20
    2a44:	a1 91       	ld	r26, Z+
    2a46:	b0 81       	ld	r27, Z
    2a48:	00 97       	sbiw	r24, 0x00	; 0
    2a4a:	19 f4       	brne	.+6      	; 0x2a52 <strtok_r+0x10>
    2a4c:	10 97       	sbiw	r26, 0x00	; 0
    2a4e:	e1 f0       	breq	.+56     	; 0x2a88 <strtok_r+0x46>
    2a50:	cd 01       	movw	r24, r26
    2a52:	dc 01       	movw	r26, r24
    2a54:	cd 01       	movw	r24, r26
    2a56:	0d 90       	ld	r0, X+
    2a58:	00 20       	and	r0, r0
    2a5a:	11 f4       	brne	.+4      	; 0x2a60 <strtok_r+0x1e>
    2a5c:	c0 01       	movw	r24, r0
    2a5e:	13 c0       	rjmp	.+38     	; 0x2a86 <strtok_r+0x44>
    2a60:	fb 01       	movw	r30, r22
    2a62:	21 91       	ld	r18, Z+
    2a64:	22 23       	and	r18, r18
    2a66:	19 f0       	breq	.+6      	; 0x2a6e <strtok_r+0x2c>
    2a68:	20 15       	cp	r18, r0
    2a6a:	d9 f7       	brne	.-10     	; 0x2a62 <strtok_r+0x20>
    2a6c:	f3 cf       	rjmp	.-26     	; 0x2a54 <strtok_r+0x12>
    2a6e:	fb 01       	movw	r30, r22
    2a70:	21 91       	ld	r18, Z+
    2a72:	20 15       	cp	r18, r0
    2a74:	19 f4       	brne	.+6      	; 0x2a7c <strtok_r+0x3a>
    2a76:	1e 92       	st	-X, r1
    2a78:	11 96       	adiw	r26, 0x01	; 1
    2a7a:	06 c0       	rjmp	.+12     	; 0x2a88 <strtok_r+0x46>
    2a7c:	22 23       	and	r18, r18
    2a7e:	c1 f7       	brne	.-16     	; 0x2a70 <strtok_r+0x2e>
    2a80:	0d 90       	ld	r0, X+
    2a82:	00 20       	and	r0, r0
    2a84:	a1 f7       	brne	.-24     	; 0x2a6e <strtok_r+0x2c>
    2a86:	d0 01       	movw	r26, r0
    2a88:	fa 01       	movw	r30, r20
    2a8a:	a1 93       	st	Z+, r26
    2a8c:	b0 83       	st	Z, r27
    2a8e:	08 95       	ret

00002a90 <__ctype_isfalse>:
    2a90:	99 27       	eor	r25, r25
    2a92:	88 27       	eor	r24, r24

00002a94 <__ctype_istrue>:
    2a94:	08 95       	ret

00002a96 <eeprom_read_block>:
    2a96:	dc 01       	movw	r26, r24
    2a98:	cb 01       	movw	r24, r22

00002a9a <eeprom_read_blraw>:
    2a9a:	fc 01       	movw	r30, r24
    2a9c:	f9 99       	sbic	0x1f, 1	; 31
    2a9e:	fe cf       	rjmp	.-4      	; 0x2a9c <eeprom_read_blraw+0x2>
    2aa0:	06 c0       	rjmp	.+12     	; 0x2aae <eeprom_read_blraw+0x14>
    2aa2:	f2 bd       	out	0x22, r31	; 34
    2aa4:	e1 bd       	out	0x21, r30	; 33
    2aa6:	f8 9a       	sbi	0x1f, 0	; 31
    2aa8:	31 96       	adiw	r30, 0x01	; 1
    2aaa:	00 b4       	in	r0, 0x20	; 32
    2aac:	0d 92       	st	X+, r0
    2aae:	41 50       	subi	r20, 0x01	; 1
    2ab0:	50 40       	sbci	r21, 0x00	; 0
    2ab2:	b8 f7       	brcc	.-18     	; 0x2aa2 <eeprom_read_blraw+0x8>
    2ab4:	08 95       	ret

00002ab6 <eeprom_read_dword>:
    2ab6:	a6 e1       	ldi	r26, 0x16	; 22
    2ab8:	b0 e0       	ldi	r27, 0x00	; 0
    2aba:	44 e0       	ldi	r20, 0x04	; 4
    2abc:	50 e0       	ldi	r21, 0x00	; 0
    2abe:	0c 94 4d 15 	jmp	0x2a9a	; 0x2a9a <eeprom_read_blraw>

00002ac2 <eeprom_update_block>:
    2ac2:	dc 01       	movw	r26, r24
    2ac4:	a4 0f       	add	r26, r20
    2ac6:	b5 1f       	adc	r27, r21
    2ac8:	41 50       	subi	r20, 0x01	; 1
    2aca:	50 40       	sbci	r21, 0x00	; 0
    2acc:	48 f0       	brcs	.+18     	; 0x2ae0 <eeprom_update_block+0x1e>
    2ace:	cb 01       	movw	r24, r22
    2ad0:	84 0f       	add	r24, r20
    2ad2:	95 1f       	adc	r25, r21
    2ad4:	2e 91       	ld	r18, -X
    2ad6:	0e 94 72 15 	call	0x2ae4	; 0x2ae4 <eeprom_update_r18>
    2ada:	41 50       	subi	r20, 0x01	; 1
    2adc:	50 40       	sbci	r21, 0x00	; 0
    2ade:	d0 f7       	brcc	.-12     	; 0x2ad4 <eeprom_update_block+0x12>
    2ae0:	08 95       	ret

00002ae2 <eeprom_update_byte>:
    2ae2:	26 2f       	mov	r18, r22

00002ae4 <eeprom_update_r18>:
    2ae4:	f9 99       	sbic	0x1f, 1	; 31
    2ae6:	fe cf       	rjmp	.-4      	; 0x2ae4 <eeprom_update_r18>
    2ae8:	92 bd       	out	0x22, r25	; 34
    2aea:	81 bd       	out	0x21, r24	; 33
    2aec:	f8 9a       	sbi	0x1f, 0	; 31
    2aee:	01 97       	sbiw	r24, 0x01	; 1
    2af0:	00 b4       	in	r0, 0x20	; 32
    2af2:	02 16       	cp	r0, r18
    2af4:	39 f0       	breq	.+14     	; 0x2b04 <eeprom_update_r18+0x20>
    2af6:	1f ba       	out	0x1f, r1	; 31
    2af8:	20 bd       	out	0x20, r18	; 32
    2afa:	0f b6       	in	r0, 0x3f	; 63
    2afc:	f8 94       	cli
    2afe:	fa 9a       	sbi	0x1f, 2	; 31
    2b00:	f9 9a       	sbi	0x1f, 1	; 31
    2b02:	0f be       	out	0x3f, r0	; 63
    2b04:	08 95       	ret

00002b06 <eeprom_update_dword>:
    2b06:	03 96       	adiw	r24, 0x03	; 3
    2b08:	27 2f       	mov	r18, r23
    2b0a:	0e 94 72 15 	call	0x2ae4	; 0x2ae4 <eeprom_update_r18>
    2b0e:	0e 94 71 15 	call	0x2ae2	; 0x2ae2 <eeprom_update_byte>
    2b12:	25 2f       	mov	r18, r21
    2b14:	0e 94 72 15 	call	0x2ae4	; 0x2ae4 <eeprom_update_r18>
    2b18:	24 2f       	mov	r18, r20
    2b1a:	0c 94 72 15 	jmp	0x2ae4	; 0x2ae4 <eeprom_update_r18>

00002b1e <__mulsi3>:
    2b1e:	db 01       	movw	r26, r22
    2b20:	8f 93       	push	r24
    2b22:	9f 93       	push	r25
    2b24:	0e 94 a4 11 	call	0x2348	; 0x2348 <__muluhisi3>
    2b28:	bf 91       	pop	r27
    2b2a:	af 91       	pop	r26
    2b2c:	a2 9f       	mul	r26, r18
    2b2e:	80 0d       	add	r24, r0
    2b30:	91 1d       	adc	r25, r1
    2b32:	a3 9f       	mul	r26, r19
    2b34:	90 0d       	add	r25, r0
    2b36:	b2 9f       	mul	r27, r18
    2b38:	90 0d       	add	r25, r0
    2b3a:	11 24       	eor	r1, r1
    2b3c:	08 95       	ret

00002b3e <_exit>:
    2b3e:	f8 94       	cli

00002b40 <__stop_program>:
    2b40:	ff cf       	rjmp	.-2      	; 0x2b40 <__stop_program>
