ISO-10303-21;
HEADER;
FILE_DESCRIPTION((''),'2;1');
FILE_NAME('C-1241050-3','2017-02-27T',('workeradm'),('Tyco Electronics Ltd.'),
'CREO PARAMETRIC BY PTC INC, 2016050','CREO PARAMETRIC BY PTC INC, 2016050','');
FILE_SCHEMA(('AUTOMOTIVE_DESIGN { 1 0 10303 214 1 1 1 1 }'));
ENDSEC;
DATA;
#134=DIRECTION('',(0.E0,0.E0,1.E0));
#135=VECTOR('',#134,2.E0);
#136=CARTESIAN_POINT('',(-3.81E0,2.25E0,-2.25E0));
#137=LINE('',#136,#135);
#138=DIRECTION('',(0.E0,1.E0,0.E0));
#139=VECTOR('',#138,4.5E0);
#140=CARTESIAN_POINT('',(-3.81E0,-2.25E0,-2.5E-1));
#141=LINE('',#140,#139);
#142=DIRECTION('',(0.E0,0.E0,1.E0));
#143=VECTOR('',#142,2.E0);
#144=CARTESIAN_POINT('',(-3.81E0,-2.25E0,-2.25E0));
#145=LINE('',#144,#143);
#146=DIRECTION('',(0.E0,1.E0,0.E0));
#147=VECTOR('',#146,4.5E0);
#148=CARTESIAN_POINT('',(-3.81E0,-2.25E0,-2.25E0));
#149=LINE('',#148,#147);
#150=DIRECTION('',(5.773502691896E-1,5.773502691896E-1,-5.773502691896E-1));
#151=VECTOR('',#150,4.330127018922E-1);
#152=CARTESIAN_POINT('',(-3.81E0,2.25E0,-2.25E0));
#153=LINE('',#152,#151);
#154=DIRECTION('',(5.773502691896E-1,-5.773502691896E-1,-5.773502691896E-1));
#155=VECTOR('',#154,4.330127018922E-1);
#156=CARTESIAN_POINT('',(-3.81E0,-2.25E0,-2.25E0));
#157=LINE('',#156,#155);
#158=DIRECTION('',(5.773502691896E-1,5.773502691896E-1,5.773502691896E-1));
#159=VECTOR('',#158,3.315515146568E-1);
#160=CARTESIAN_POINT('',(-3.81E0,2.25E0,-2.5E-1));
#161=LINE('',#160,#159);
#162=DIRECTION('',(5.773502691896E-1,-5.773502691896E-1,5.773502691896E-1));
#163=VECTOR('',#162,3.315515146568E-1);
#164=CARTESIAN_POINT('',(-3.81E0,-2.25E0,-2.5E-1));
#165=LINE('',#164,#163);
#166=CARTESIAN_POINT('',(-1.52E0,2.5E0,-2.E-1));
#167=CARTESIAN_POINT('',(-1.52E0,2.5E0,-1.692826833817E-1));
#168=CARTESIAN_POINT('',(-1.507075059958E0,2.487075059958E0,
-1.173097629408E-1));
#169=CARTESIAN_POINT('',(-1.479156007256E0,2.459156007256E0,
-7.631329478108E-2));
#170=CARTESIAN_POINT('',(-1.461421356237E0,2.441421356237E0,
-5.857864376269E-2));
#172=CARTESIAN_POINT('',(-1.461421356237E0,2.441421356237E0,
-5.857864376269E-2));
#173=CARTESIAN_POINT('',(-1.479156007256E0,2.423686705219E0,
-4.084399274431E-2));
#174=CARTESIAN_POINT('',(-1.507075059958E0,2.382690237059E0,
-1.292494004241E-2));
#175=CARTESIAN_POINT('',(-1.52E0,2.330717316618E0,0.E0));
#176=CARTESIAN_POINT('',(-1.52E0,2.3E0,0.E0));
#178=CARTESIAN_POINT('',(-3.618578643763E0,2.441421356237E0,
-5.857864376269E-2));
#179=CARTESIAN_POINT('',(-3.600843992744E0,2.423686705219E0,
-4.084399274431E-2));
#180=CARTESIAN_POINT('',(-3.572924940042E0,2.382690237059E0,
-1.292494004241E-2));
#181=CARTESIAN_POINT('',(-3.56E0,2.330717316618E0,0.E0));
#182=CARTESIAN_POINT('',(-3.56E0,2.3E0,0.E0));
#184=CARTESIAN_POINT('',(-3.56E0,2.5E0,-2.E-1));
#185=CARTESIAN_POINT('',(-3.56E0,2.5E0,-1.692826833817E-1));
#186=CARTESIAN_POINT('',(-3.572924940042E0,2.487075059958E0,
-1.173097629408E-1));
#187=CARTESIAN_POINT('',(-3.600843992744E0,2.459156007256E0,
-7.631329478108E-2));
#188=CARTESIAN_POINT('',(-3.618578643763E0,2.441421356237E0,
-5.857864376269E-2));
#190=DIRECTION('',(1.E0,0.E0,0.E0));
#191=VECTOR('',#190,2.04E0);
#192=CARTESIAN_POINT('',(-3.56E0,2.5E0,-2.E-1));
#193=LINE('',#192,#191);
#194=CARTESIAN_POINT('',(1.02E0,2.5E0,-2.E-1));
#195=CARTESIAN_POINT('',(1.02E0,2.5E0,-1.692826833817E-1));
#196=CARTESIAN_POINT('',(1.032924940042E0,2.487075059958E0,-1.173097629408E-1));
#197=CARTESIAN_POINT('',(1.060843992744E0,2.459156007256E0,-7.631329478108E-2));
#198=CARTESIAN_POINT('',(1.078578643763E0,2.441421356237E0,-5.857864376269E-2));
#200=CARTESIAN_POINT('',(1.078578643763E0,2.441421356237E0,-5.857864376269E-2));
#201=CARTESIAN_POINT('',(1.060843992744E0,2.423686705219E0,-4.084399274431E-2));
#202=CARTESIAN_POINT('',(1.032924940042E0,2.382690237059E0,-1.292494004241E-2));
#203=CARTESIAN_POINT('',(1.02E0,2.330717316618E0,0.E0));
#204=CARTESIAN_POINT('',(1.02E0,2.3E0,0.E0));
#206=CARTESIAN_POINT('',(-1.078578643763E0,2.441421356237E0,
-5.857864376269E-2));
#207=CARTESIAN_POINT('',(-1.060843992744E0,2.423686705219E0,
-4.084399274431E-2));
#208=CARTESIAN_POINT('',(-1.032924940042E0,2.382690237059E0,
-1.292494004241E-2));
#209=CARTESIAN_POINT('',(-1.02E0,2.330717316618E0,0.E0));
#210=CARTESIAN_POINT('',(-1.02E0,2.3E0,0.E0));
#212=CARTESIAN_POINT('',(-1.02E0,2.5E0,-2.E-1));
#213=CARTESIAN_POINT('',(-1.02E0,2.5E0,-1.692826833817E-1));
#214=CARTESIAN_POINT('',(-1.032924940042E0,2.487075059958E0,
-1.173097629408E-1));
#215=CARTESIAN_POINT('',(-1.060843992744E0,2.459156007256E0,
-7.631329478108E-2));
#216=CARTESIAN_POINT('',(-1.078578643763E0,2.441421356237E0,
-5.857864376269E-2));
#218=DIRECTION('',(1.E0,0.E0,0.E0));
#219=VECTOR('',#218,2.04E0);
#220=CARTESIAN_POINT('',(-1.02E0,2.5E0,-2.E-1));
#221=LINE('',#220,#219);
#222=CARTESIAN_POINT('',(3.56E0,2.5E0,-2.E-1));
#223=CARTESIAN_POINT('',(3.56E0,2.5E0,-1.692826833817E-1));
#224=CARTESIAN_POINT('',(3.572924940042E0,2.487075059958E0,-1.173097629408E-1));
#225=CARTESIAN_POINT('',(3.600843992744E0,2.459156007256E0,-7.631329478108E-2));
#226=CARTESIAN_POINT('',(3.618578643763E0,2.441421356237E0,-5.857864376269E-2));
#228=CARTESIAN_POINT('',(3.618578643763E0,2.441421356237E0,-5.857864376269E-2));
#229=CARTESIAN_POINT('',(3.600843992744E0,2.423686705219E0,-4.084399274431E-2));
#230=CARTESIAN_POINT('',(3.572924940042E0,2.382690237059E0,-1.292494004241E-2));
#231=CARTESIAN_POINT('',(3.56E0,2.330717316618E0,0.E0));
#232=CARTESIAN_POINT('',(3.56E0,2.3E0,0.E0));
#234=CARTESIAN_POINT('',(1.461421356237E0,2.441421356237E0,-5.857864376269E-2));
#235=CARTESIAN_POINT('',(1.479156007256E0,2.423686705219E0,-4.084399274431E-2));
#236=CARTESIAN_POINT('',(1.507075059958E0,2.382690237059E0,-1.292494004241E-2));
#237=CARTESIAN_POINT('',(1.52E0,2.330717316618E0,0.E0));
#238=CARTESIAN_POINT('',(1.52E0,2.3E0,0.E0));
#240=CARTESIAN_POINT('',(1.52E0,2.5E0,-2.E-1));
#241=CARTESIAN_POINT('',(1.52E0,2.5E0,-1.692826833817E-1));
#242=CARTESIAN_POINT('',(1.507075059958E0,2.487075059958E0,-1.173097629408E-1));
#243=CARTESIAN_POINT('',(1.479156007256E0,2.459156007256E0,-7.631329478108E-2));
#244=CARTESIAN_POINT('',(1.461421356237E0,2.441421356237E0,-5.857864376269E-2));
#246=DIRECTION('',(1.E0,0.E0,0.E0));
#247=VECTOR('',#246,2.04E0);
#248=CARTESIAN_POINT('',(1.52E0,2.5E0,-2.E-1));
#249=LINE('',#248,#247);
#250=DIRECTION('',(0.E0,0.E0,1.E0));
#251=VECTOR('',#250,2.3E0);
#252=CARTESIAN_POINT('',(-1.52E0,2.5E0,-2.5E0));
#253=LINE('',#252,#251);
#254=DIRECTION('',(0.E0,0.E0,1.E0));
#255=VECTOR('',#254,2.3E0);
#256=CARTESIAN_POINT('',(-3.56E0,2.5E0,-2.5E0));
#257=LINE('',#256,#255);
#258=DIRECTION('',(-7.071067811865E-1,0.E0,7.071067811865E-1));
#259=VECTOR('',#258,4.242640687119E-1);
#260=CARTESIAN_POINT('',(-3.26E0,2.5E0,-2.8E0));
#261=LINE('',#260,#259);
#262=DIRECTION('',(1.E0,0.E0,0.E0));
#263=VECTOR('',#262,1.44E0);
#264=CARTESIAN_POINT('',(-3.26E0,2.5E0,-2.8E0));
#265=LINE('',#264,#263);
#266=DIRECTION('',(-7.071067811865E-1,0.E0,-7.071067811865E-1));
#267=VECTOR('',#266,4.242640687119E-1);
#268=CARTESIAN_POINT('',(-1.52E0,2.5E0,-2.5E0));
#269=LINE('',#268,#267);
#270=DIRECTION('',(0.E0,0.E0,1.E0));
#271=VECTOR('',#270,2.3E0);
#272=CARTESIAN_POINT('',(1.02E0,2.5E0,-2.5E0));
#273=LINE('',#272,#271);
#274=DIRECTION('',(0.E0,0.E0,1.E0));
#275=VECTOR('',#274,2.3E0);
#276=CARTESIAN_POINT('',(-1.02E0,2.5E0,-2.5E0));
#277=LINE('',#276,#275);
#278=DIRECTION('',(-7.071067811865E-1,0.E0,7.071067811865E-1));
#279=VECTOR('',#278,4.242640687119E-1);
#280=CARTESIAN_POINT('',(-7.2E-1,2.5E0,-2.8E0));
#281=LINE('',#280,#279);
#282=DIRECTION('',(1.E0,0.E0,0.E0));
#283=VECTOR('',#282,1.44E0);
#284=CARTESIAN_POINT('',(-7.2E-1,2.5E0,-2.8E0));
#285=LINE('',#284,#283);
#286=DIRECTION('',(-7.071067811865E-1,0.E0,-7.071067811865E-1));
#287=VECTOR('',#286,4.242640687119E-1);
#288=CARTESIAN_POINT('',(1.02E0,2.5E0,-2.5E0));
#289=LINE('',#288,#287);
#290=DIRECTION('',(0.E0,0.E0,1.E0));
#291=VECTOR('',#290,2.3E0);
#292=CARTESIAN_POINT('',(3.56E0,2.5E0,-2.5E0));
#293=LINE('',#292,#291);
#294=DIRECTION('',(0.E0,0.E0,1.E0));
#295=VECTOR('',#294,2.3E0);
#296=CARTESIAN_POINT('',(1.52E0,2.5E0,-2.5E0));
#297=LINE('',#296,#295);
#298=DIRECTION('',(-7.071067811865E-1,0.E0,7.071067811865E-1));
#299=VECTOR('',#298,4.242640687119E-1);
#300=CARTESIAN_POINT('',(1.82E0,2.5E0,-2.8E0));
#301=LINE('',#300,#299);
#302=DIRECTION('',(1.E0,0.E0,0.E0));
#303=VECTOR('',#302,1.44E0);
#304=CARTESIAN_POINT('',(1.82E0,2.5E0,-2.8E0));
#305=LINE('',#304,#303);
#306=DIRECTION('',(-7.071067811865E-1,0.E0,-7.071067811865E-1));
#307=VECTOR('',#306,4.242640687119E-1);
#308=CARTESIAN_POINT('',(3.56E0,2.5E0,-2.5E0));
#309=LINE('',#308,#307);
#310=DIRECTION('',(0.E0,1.E0,0.E0));
#311=VECTOR('',#310,5.E-1);
#312=CARTESIAN_POINT('',(-1.82E0,2.E0,-2.8E0));
#313=LINE('',#312,#311);
#314=DIRECTION('',(0.E0,1.E0,0.E0));
#315=VECTOR('',#314,5.E-1);
#316=CARTESIAN_POINT('',(-3.26E0,2.E0,-2.8E0));
#317=LINE('',#316,#315);
#318=DIRECTION('',(1.E0,0.E0,0.E0));
#319=VECTOR('',#318,1.44E0);
#320=CARTESIAN_POINT('',(-3.26E0,2.E0,-2.8E0));
#321=LINE('',#320,#319);
#322=DIRECTION('',(0.E0,1.E0,0.E0));
#323=VECTOR('',#322,5.E-1);
#324=CARTESIAN_POINT('',(7.2E-1,2.E0,-2.8E0));
#325=LINE('',#324,#323);
#326=DIRECTION('',(0.E0,1.E0,0.E0));
#327=VECTOR('',#326,5.E-1);
#328=CARTESIAN_POINT('',(-7.2E-1,2.E0,-2.8E0));
#329=LINE('',#328,#327);
#330=DIRECTION('',(1.E0,0.E0,0.E0));
#331=VECTOR('',#330,1.44E0);
#332=CARTESIAN_POINT('',(-7.2E-1,2.E0,-2.8E0));
#333=LINE('',#332,#331);
#334=DIRECTION('',(0.E0,1.E0,0.E0));
#335=VECTOR('',#334,5.E-1);
#336=CARTESIAN_POINT('',(3.26E0,2.E0,-2.8E0));
#337=LINE('',#336,#335);
#338=DIRECTION('',(0.E0,1.E0,0.E0));
#339=VECTOR('',#338,5.E-1);
#340=CARTESIAN_POINT('',(1.82E0,2.E0,-2.8E0));
#341=LINE('',#340,#339);
#342=DIRECTION('',(1.E0,0.E0,0.E0));
#343=VECTOR('',#342,1.44E0);
#344=CARTESIAN_POINT('',(1.82E0,2.E0,-2.8E0));
#345=LINE('',#344,#343);
#346=DIRECTION('',(-5.773502691896E-1,5.773502691896E-1,-5.773502691896E-1));
#347=VECTOR('',#346,4.330127018922E-1);
#348=CARTESIAN_POINT('',(-1.27E0,2.25E0,-2.25E0));
#349=LINE('',#348,#347);
#350=DIRECTION('',(-5.773502691896E-1,-5.773502691896E-1,-5.773502691896E-1));
#351=VECTOR('',#350,4.330127018922E-1);
#352=CARTESIAN_POINT('',(-1.27E0,-2.25E0,-2.25E0));
#353=LINE('',#352,#351);
#354=DIRECTION('',(0.E0,1.E0,0.E0));
#355=VECTOR('',#354,4.5E0);
#356=CARTESIAN_POINT('',(-1.27E0,-2.25E0,-2.25E0));
#357=LINE('',#356,#355);
#358=DIRECTION('',(-7.071067811865E-1,0.E0,-7.071067811865E-1));
#359=VECTOR('',#358,4.242640687119E-1);
#360=CARTESIAN_POINT('',(-1.52E0,2.E0,-2.5E0));
#361=LINE('',#360,#359);
#362=DIRECTION('',(7.071067811865E-1,0.E0,-7.071067811865E-1));
#363=VECTOR('',#362,4.242640687119E-1);
#364=CARTESIAN_POINT('',(-3.56E0,2.E0,-2.5E0));
#365=LINE('',#364,#363);
#366=DIRECTION('',(1.E0,0.E0,0.E0));
#367=VECTOR('',#366,2.04E0);
#368=CARTESIAN_POINT('',(-3.56E0,2.E0,-2.5E0));
#369=LINE('',#368,#367);
#370=DIRECTION('',(-7.071067811865E-1,0.E0,-7.071067811865E-1));
#371=VECTOR('',#370,4.242640687119E-1);
#372=CARTESIAN_POINT('',(1.02E0,2.E0,-2.5E0));
#373=LINE('',#372,#371);
#374=DIRECTION('',(-7.071067811865E-1,0.E0,7.071067811865E-1));
#375=VECTOR('',#374,4.242640687119E-1);
#376=CARTESIAN_POINT('',(-7.2E-1,2.E0,-2.8E0));
#377=LINE('',#376,#375);
#378=DIRECTION('',(1.E0,0.E0,0.E0));
#379=VECTOR('',#378,2.04E0);
#380=CARTESIAN_POINT('',(-1.02E0,2.E0,-2.5E0));
#381=LINE('',#380,#379);
#382=DIRECTION('',(-7.071067811865E-1,0.E0,-7.071067811865E-1));
#383=VECTOR('',#382,4.242640687119E-1);
#384=CARTESIAN_POINT('',(3.56E0,2.E0,-2.5E0));
#385=LINE('',#384,#383);
#386=DIRECTION('',(7.071067811865E-1,0.E0,-7.071067811865E-1));
#387=VECTOR('',#386,4.242640687119E-1);
#388=CARTESIAN_POINT('',(1.52E0,2.E0,-2.5E0));
#389=LINE('',#388,#387);
#390=DIRECTION('',(1.E0,0.E0,0.E0));
#391=VECTOR('',#390,2.04E0);
#392=CARTESIAN_POINT('',(1.52E0,2.E0,-2.5E0));
#393=LINE('',#392,#391);
#394=DIRECTION('',(0.E0,1.E0,0.E0));
#395=VECTOR('',#394,4.E0);
#396=CARTESIAN_POINT('',(-1.52E0,-2.E0,-2.5E0));
#397=LINE('',#396,#395);
#398=DIRECTION('',(0.E0,1.E0,0.E0));
#399=VECTOR('',#398,4.E0);
#400=CARTESIAN_POINT('',(-3.56E0,-2.E0,-2.5E0));
#401=LINE('',#400,#399);
#402=DIRECTION('',(1.E0,0.E0,0.E0));
#403=VECTOR('',#402,2.04E0);
#404=CARTESIAN_POINT('',(-3.56E0,-2.E0,-2.5E0));
#405=LINE('',#404,#403);
#406=DIRECTION('',(0.E0,1.E0,0.E0));
#407=VECTOR('',#406,4.E0);
#408=CARTESIAN_POINT('',(1.02E0,-2.E0,-2.5E0));
#409=LINE('',#408,#407);
#410=DIRECTION('',(0.E0,1.E0,0.E0));
#411=VECTOR('',#410,4.E0);
#412=CARTESIAN_POINT('',(-1.02E0,-2.E0,-2.5E0));
#413=LINE('',#412,#411);
#414=DIRECTION('',(1.E0,0.E0,0.E0));
#415=VECTOR('',#414,2.04E0);
#416=CARTESIAN_POINT('',(-1.02E0,-2.E0,-2.5E0));
#417=LINE('',#416,#415);
#418=DIRECTION('',(0.E0,1.E0,0.E0));
#419=VECTOR('',#418,4.E0);
#420=CARTESIAN_POINT('',(3.56E0,-2.E0,-2.5E0));
#421=LINE('',#420,#419);
#422=DIRECTION('',(0.E0,1.E0,0.E0));
#423=VECTOR('',#422,4.E0);
#424=CARTESIAN_POINT('',(1.52E0,-2.E0,-2.5E0));
#425=LINE('',#424,#423);
#426=DIRECTION('',(1.E0,0.E0,0.E0));
#427=VECTOR('',#426,2.04E0);
#428=CARTESIAN_POINT('',(1.52E0,-2.E0,-2.5E0));
#429=LINE('',#428,#427);
#430=DIRECTION('',(0.E0,1.E0,0.E0));
#431=VECTOR('',#430,6.3E-1);
#432=CARTESIAN_POINT('',(-2.225E0,-1.585E0,-2.5E0));
#433=LINE('',#432,#431);
#434=DIRECTION('',(-1.E0,0.E0,0.E0));
#435=VECTOR('',#434,6.3E-1);
#436=CARTESIAN_POINT('',(-2.225E0,-1.585E0,-2.5E0));
#437=LINE('',#436,#435);
#438=DIRECTION('',(0.E0,1.E0,0.E0));
#439=VECTOR('',#438,6.3E-1);
#440=CARTESIAN_POINT('',(-2.855E0,-1.585E0,-2.5E0));
#441=LINE('',#440,#439);
#442=DIRECTION('',(-1.E0,0.E0,0.E0));
#443=VECTOR('',#442,6.3E-1);
#444=CARTESIAN_POINT('',(-2.225E0,-9.55E-1,-2.5E0));
#445=LINE('',#444,#443);
#446=DIRECTION('',(0.E0,1.E0,0.E0));
#447=VECTOR('',#446,6.3E-1);
#448=CARTESIAN_POINT('',(-2.225E0,9.55E-1,-2.5E0));
#449=LINE('',#448,#447);
#450=DIRECTION('',(-1.E0,0.E0,0.E0));
#451=VECTOR('',#450,6.3E-1);
#452=CARTESIAN_POINT('',(-2.225E0,9.55E-1,-2.5E0));
#453=LINE('',#452,#451);
#454=DIRECTION('',(0.E0,1.E0,0.E0));
#455=VECTOR('',#454,6.3E-1);
#456=CARTESIAN_POINT('',(-2.855E0,9.55E-1,-2.5E0));
#457=LINE('',#456,#455);
#458=DIRECTION('',(-1.E0,0.E0,0.E0));
#459=VECTOR('',#458,6.3E-1);
#460=CARTESIAN_POINT('',(-2.225E0,1.585E0,-2.5E0));
#461=LINE('',#460,#459);
#462=DIRECTION('',(0.E0,1.E0,0.E0));
#463=VECTOR('',#462,6.3E-1);
#464=CARTESIAN_POINT('',(3.15E-1,-1.585E0,-2.5E0));
#465=LINE('',#464,#463);
#466=DIRECTION('',(-1.E0,0.E0,0.E0));
#467=VECTOR('',#466,6.3E-1);
#468=CARTESIAN_POINT('',(3.15E-1,-1.585E0,-2.5E0));
#469=LINE('',#468,#467);
#470=DIRECTION('',(0.E0,1.E0,0.E0));
#471=VECTOR('',#470,6.3E-1);
#472=CARTESIAN_POINT('',(-3.15E-1,-1.585E0,-2.5E0));
#473=LINE('',#472,#471);
#474=DIRECTION('',(-1.E0,0.E0,0.E0));
#475=VECTOR('',#474,6.3E-1);
#476=CARTESIAN_POINT('',(3.15E-1,-9.55E-1,-2.5E0));
#477=LINE('',#476,#475);
#478=DIRECTION('',(0.E0,1.E0,0.E0));
#479=VECTOR('',#478,6.3E-1);
#480=CARTESIAN_POINT('',(3.15E-1,9.55E-1,-2.5E0));
#481=LINE('',#480,#479);
#482=DIRECTION('',(-1.E0,0.E0,0.E0));
#483=VECTOR('',#482,6.3E-1);
#484=CARTESIAN_POINT('',(3.15E-1,9.55E-1,-2.5E0));
#485=LINE('',#484,#483);
#486=DIRECTION('',(0.E0,1.E0,0.E0));
#487=VECTOR('',#486,6.3E-1);
#488=CARTESIAN_POINT('',(-3.15E-1,9.55E-1,-2.5E0));
#489=LINE('',#488,#487);
#490=DIRECTION('',(-1.E0,0.E0,0.E0));
#491=VECTOR('',#490,6.3E-1);
#492=CARTESIAN_POINT('',(3.15E-1,1.585E0,-2.5E0));
#493=LINE('',#492,#491);
#494=DIRECTION('',(0.E0,1.E0,0.E0));
#495=VECTOR('',#494,6.3E-1);
#496=CARTESIAN_POINT('',(2.855E0,-1.585E0,-2.5E0));
#497=LINE('',#496,#495);
#498=DIRECTION('',(-1.E0,0.E0,0.E0));
#499=VECTOR('',#498,6.3E-1);
#500=CARTESIAN_POINT('',(2.855E0,-1.585E0,-2.5E0));
#501=LINE('',#500,#499);
#502=DIRECTION('',(0.E0,1.E0,0.E0));
#503=VECTOR('',#502,6.3E-1);
#504=CARTESIAN_POINT('',(2.225E0,-1.585E0,-2.5E0));
#505=LINE('',#504,#503);
#506=DIRECTION('',(-1.E0,0.E0,0.E0));
#507=VECTOR('',#506,6.3E-1);
#508=CARTESIAN_POINT('',(2.855E0,-9.55E-1,-2.5E0));
#509=LINE('',#508,#507);
#510=DIRECTION('',(0.E0,1.E0,0.E0));
#511=VECTOR('',#510,6.3E-1);
#512=CARTESIAN_POINT('',(2.855E0,9.55E-1,-2.5E0));
#513=LINE('',#512,#511);
#514=DIRECTION('',(-1.E0,0.E0,0.E0));
#515=VECTOR('',#514,6.3E-1);
#516=CARTESIAN_POINT('',(2.855E0,9.55E-1,-2.5E0));
#517=LINE('',#516,#515);
#518=DIRECTION('',(0.E0,1.E0,0.E0));
#519=VECTOR('',#518,6.3E-1);
#520=CARTESIAN_POINT('',(2.225E0,9.55E-1,-2.5E0));
#521=LINE('',#520,#519);
#522=DIRECTION('',(-1.E0,0.E0,0.E0));
#523=VECTOR('',#522,6.3E-1);
#524=CARTESIAN_POINT('',(2.855E0,1.585E0,-2.5E0));
#525=LINE('',#524,#523);
#526=DIRECTION('',(-7.071067811865E-1,0.E0,-7.071067811865E-1));
#527=VECTOR('',#526,4.242640687119E-1);
#528=CARTESIAN_POINT('',(-1.52E0,-2.E0,-2.5E0));
#529=LINE('',#528,#527);
#530=DIRECTION('',(7.071067811865E-1,0.E0,-7.071067811865E-1));
#531=VECTOR('',#530,4.242640687119E-1);
#532=CARTESIAN_POINT('',(-3.56E0,-2.E0,-2.5E0));
#533=LINE('',#532,#531);
#534=DIRECTION('',(1.E0,0.E0,0.E0));
#535=VECTOR('',#534,1.44E0);
#536=CARTESIAN_POINT('',(-3.26E0,-2.E0,-2.8E0));
#537=LINE('',#536,#535);
#538=DIRECTION('',(-7.071067811865E-1,0.E0,-7.071067811865E-1));
#539=VECTOR('',#538,4.242640687119E-1);
#540=CARTESIAN_POINT('',(1.02E0,-2.E0,-2.5E0));
#541=LINE('',#540,#539);
#542=DIRECTION('',(-7.071067811865E-1,0.E0,7.071067811865E-1));
#543=VECTOR('',#542,4.242640687119E-1);
#544=CARTESIAN_POINT('',(-7.2E-1,-2.E0,-2.8E0));
#545=LINE('',#544,#543);
#546=DIRECTION('',(1.E0,0.E0,0.E0));
#547=VECTOR('',#546,1.44E0);
#548=CARTESIAN_POINT('',(-7.2E-1,-2.E0,-2.8E0));
#549=LINE('',#548,#547);
#550=DIRECTION('',(-7.071067811865E-1,0.E0,-7.071067811865E-1));
#551=VECTOR('',#550,4.242640687119E-1);
#552=CARTESIAN_POINT('',(3.56E0,-2.E0,-2.5E0));
#553=LINE('',#552,#551);
#554=DIRECTION('',(7.071067811865E-1,0.E0,-7.071067811865E-1));
#555=VECTOR('',#554,4.242640687119E-1);
#556=CARTESIAN_POINT('',(1.52E0,-2.E0,-2.5E0));
#557=LINE('',#556,#555);
#558=DIRECTION('',(1.E0,0.E0,0.E0));
#559=VECTOR('',#558,1.44E0);
#560=CARTESIAN_POINT('',(1.82E0,-2.E0,-2.8E0));
#561=LINE('',#560,#559);
#562=DIRECTION('',(0.E0,1.E0,0.E0));
#563=VECTOR('',#562,5.E-1);
#564=CARTESIAN_POINT('',(-1.82E0,-2.5E0,-2.8E0));
#565=LINE('',#564,#563);
#566=DIRECTION('',(0.E0,1.E0,0.E0));
#567=VECTOR('',#566,5.E-1);
#568=CARTESIAN_POINT('',(-3.26E0,-2.5E0,-2.8E0));
#569=LINE('',#568,#567);
#570=DIRECTION('',(1.E0,0.E0,0.E0));
#571=VECTOR('',#570,1.44E0);
#572=CARTESIAN_POINT('',(-3.26E0,-2.5E0,-2.8E0));
#573=LINE('',#572,#571);
#574=DIRECTION('',(0.E0,1.E0,0.E0));
#575=VECTOR('',#574,5.E-1);
#576=CARTESIAN_POINT('',(7.2E-1,-2.5E0,-2.8E0));
#577=LINE('',#576,#575);
#578=DIRECTION('',(0.E0,1.E0,0.E0));
#579=VECTOR('',#578,5.E-1);
#580=CARTESIAN_POINT('',(-7.2E-1,-2.5E0,-2.8E0));
#581=LINE('',#580,#579);
#582=DIRECTION('',(1.E0,0.E0,0.E0));
#583=VECTOR('',#582,1.44E0);
#584=CARTESIAN_POINT('',(-7.2E-1,-2.5E0,-2.8E0));
#585=LINE('',#584,#583);
#586=DIRECTION('',(0.E0,1.E0,0.E0));
#587=VECTOR('',#586,5.E-1);
#588=CARTESIAN_POINT('',(3.26E0,-2.5E0,-2.8E0));
#589=LINE('',#588,#587);
#590=DIRECTION('',(0.E0,1.E0,0.E0));
#591=VECTOR('',#590,5.E-1);
#592=CARTESIAN_POINT('',(1.82E0,-2.5E0,-2.8E0));
#593=LINE('',#592,#591);
#594=DIRECTION('',(1.E0,0.E0,0.E0));
#595=VECTOR('',#594,1.44E0);
#596=CARTESIAN_POINT('',(1.82E0,-2.5E0,-2.8E0));
#597=LINE('',#596,#595);
#598=DIRECTION('',(0.E0,0.E0,-1.E0));
#599=VECTOR('',#598,2.3E0);
#600=CARTESIAN_POINT('',(-1.52E0,-2.5E0,-2.E-1));
#601=LINE('',#600,#599);
#602=DIRECTION('',(-7.071067811865E-1,0.E0,-7.071067811865E-1));
#603=VECTOR('',#602,4.242640687119E-1);
#604=CARTESIAN_POINT('',(-1.52E0,-2.5E0,-2.5E0));
#605=LINE('',#604,#603);
#606=DIRECTION('',(-7.071067811865E-1,0.E0,7.071067811865E-1));
#607=VECTOR('',#606,4.242640687119E-1);
#608=CARTESIAN_POINT('',(-3.26E0,-2.5E0,-2.8E0));
#609=LINE('',#608,#607);
#610=DIRECTION('',(0.E0,0.E0,-1.E0));
#611=VECTOR('',#610,2.3E0);
#612=CARTESIAN_POINT('',(-3.56E0,-2.5E0,-2.E-1));
#613=LINE('',#612,#611);
#614=DIRECTION('',(1.E0,0.E0,0.E0));
#615=VECTOR('',#614,2.04E0);
#616=CARTESIAN_POINT('',(-3.56E0,-2.5E0,-2.E-1));
#617=LINE('',#616,#615);
#618=DIRECTION('',(0.E0,0.E0,-1.E0));
#619=VECTOR('',#618,2.3E0);
#620=CARTESIAN_POINT('',(1.02E0,-2.5E0,-2.E-1));
#621=LINE('',#620,#619);
#622=DIRECTION('',(-7.071067811865E-1,0.E0,-7.071067811865E-1));
#623=VECTOR('',#622,4.242640687119E-1);
#624=CARTESIAN_POINT('',(1.02E0,-2.5E0,-2.5E0));
#625=LINE('',#624,#623);
#626=DIRECTION('',(-7.071067811865E-1,0.E0,7.071067811865E-1));
#627=VECTOR('',#626,4.242640687119E-1);
#628=CARTESIAN_POINT('',(-7.2E-1,-2.5E0,-2.8E0));
#629=LINE('',#628,#627);
#630=DIRECTION('',(0.E0,0.E0,-1.E0));
#631=VECTOR('',#630,2.3E0);
#632=CARTESIAN_POINT('',(-1.02E0,-2.5E0,-2.E-1));
#633=LINE('',#632,#631);
#634=DIRECTION('',(1.E0,0.E0,0.E0));
#635=VECTOR('',#634,2.04E0);
#636=CARTESIAN_POINT('',(-1.02E0,-2.5E0,-2.E-1));
#637=LINE('',#636,#635);
#638=DIRECTION('',(0.E0,0.E0,-1.E0));
#639=VECTOR('',#638,2.3E0);
#640=CARTESIAN_POINT('',(3.56E0,-2.5E0,-2.E-1));
#641=LINE('',#640,#639);
#642=DIRECTION('',(-7.071067811865E-1,0.E0,-7.071067811865E-1));
#643=VECTOR('',#642,4.242640687119E-1);
#644=CARTESIAN_POINT('',(3.56E0,-2.5E0,-2.5E0));
#645=LINE('',#644,#643);
#646=DIRECTION('',(-7.071067811865E-1,0.E0,7.071067811865E-1));
#647=VECTOR('',#646,4.242640687119E-1);
#648=CARTESIAN_POINT('',(1.82E0,-2.5E0,-2.8E0));
#649=LINE('',#648,#647);
#650=DIRECTION('',(0.E0,0.E0,-1.E0));
#651=VECTOR('',#650,2.3E0);
#652=CARTESIAN_POINT('',(1.52E0,-2.5E0,-2.E-1));
#653=LINE('',#652,#651);
#654=DIRECTION('',(1.E0,0.E0,0.E0));
#655=VECTOR('',#654,2.04E0);
#656=CARTESIAN_POINT('',(1.52E0,-2.5E0,-2.E-1));
#657=LINE('',#656,#655);
#658=DIRECTION('',(0.E0,0.E0,-1.E0));
#659=VECTOR('',#658,2.E0);
#660=CARTESIAN_POINT('',(-1.27E0,-2.25E0,-2.5E-1));
#661=LINE('',#660,#659);
#662=CARTESIAN_POINT('',(-1.461421356237E0,-2.441421356237E0,
-5.857864376269E-2));
#663=CARTESIAN_POINT('',(-1.479156007256E0,-2.459156007256E0,
-7.631329478108E-2));
#664=CARTESIAN_POINT('',(-1.507075059958E0,-2.487075059958E0,
-1.173097629408E-1));
#665=CARTESIAN_POINT('',(-1.52E0,-2.5E0,-1.692826833817E-1));
#666=CARTESIAN_POINT('',(-1.52E0,-2.5E0,-2.E-1));
#668=CARTESIAN_POINT('',(-3.618578643763E0,-2.441421356237E0,
-5.857864376269E-2));
#669=CARTESIAN_POINT('',(-3.600843992744E0,-2.459156007256E0,
-7.631329478108E-2));
#670=CARTESIAN_POINT('',(-3.572924940042E0,-2.487075059958E0,
-1.173097629408E-1));
#671=CARTESIAN_POINT('',(-3.56E0,-2.5E0,-1.692826833817E-1));
#672=CARTESIAN_POINT('',(-3.56E0,-2.5E0,-2.E-1));
#674=CARTESIAN_POINT('',(-3.56E0,-2.3E0,0.E0));
#675=CARTESIAN_POINT('',(-3.56E0,-2.330717316618E0,0.E0));
#676=CARTESIAN_POINT('',(-3.572924940042E0,-2.382690237059E0,
-1.292494004241E-2));
#677=CARTESIAN_POINT('',(-3.600843992744E0,-2.423686705219E0,
-4.084399274431E-2));
#678=CARTESIAN_POINT('',(-3.618578643763E0,-2.441421356237E0,
-5.857864376269E-2));
#680=DIRECTION('',(1.E0,0.E0,0.E0));
#681=VECTOR('',#680,2.04E0);
#682=CARTESIAN_POINT('',(-3.56E0,-2.3E0,0.E0));
#683=LINE('',#682,#681);
#684=CARTESIAN_POINT('',(-1.52E0,-2.3E0,0.E0));
#685=CARTESIAN_POINT('',(-1.52E0,-2.330717316618E0,0.E0));
#686=CARTESIAN_POINT('',(-1.507075059958E0,-2.382690237059E0,
-1.292494004241E-2));
#687=CARTESIAN_POINT('',(-1.479156007256E0,-2.423686705219E0,
-4.084399274431E-2));
#688=CARTESIAN_POINT('',(-1.461421356237E0,-2.441421356237E0,
-5.857864376269E-2));
#690=CARTESIAN_POINT('',(1.078578643763E0,-2.441421356237E0,
-5.857864376269E-2));
#691=CARTESIAN_POINT('',(1.060843992744E0,-2.459156007256E0,
-7.631329478108E-2));
#692=CARTESIAN_POINT('',(1.032924940042E0,-2.487075059958E0,
-1.173097629408E-1));
#693=CARTESIAN_POINT('',(1.02E0,-2.5E0,-1.692826833817E-1));
#694=CARTESIAN_POINT('',(1.02E0,-2.5E0,-2.E-1));
#696=CARTESIAN_POINT('',(-1.078578643763E0,-2.441421356237E0,
-5.857864376269E-2));
#697=CARTESIAN_POINT('',(-1.060843992744E0,-2.459156007256E0,
-7.631329478108E-2));
#698=CARTESIAN_POINT('',(-1.032924940042E0,-2.487075059958E0,
-1.173097629408E-1));
#699=CARTESIAN_POINT('',(-1.02E0,-2.5E0,-1.692826833817E-1));
#700=CARTESIAN_POINT('',(-1.02E0,-2.5E0,-2.E-1));
#702=CARTESIAN_POINT('',(-1.02E0,-2.3E0,0.E0));
#703=CARTESIAN_POINT('',(-1.02E0,-2.330717316618E0,0.E0));
#704=CARTESIAN_POINT('',(-1.032924940042E0,-2.382690237059E0,
-1.292494004241E-2));
#705=CARTESIAN_POINT('',(-1.060843992744E0,-2.423686705219E0,
-4.084399274431E-2));
#706=CARTESIAN_POINT('',(-1.078578643763E0,-2.441421356237E0,
-5.857864376269E-2));
#708=DIRECTION('',(1.E0,0.E0,0.E0));
#709=VECTOR('',#708,2.04E0);
#710=CARTESIAN_POINT('',(-1.02E0,-2.3E0,0.E0));
#711=LINE('',#710,#709);
#712=CARTESIAN_POINT('',(1.02E0,-2.3E0,0.E0));
#713=CARTESIAN_POINT('',(1.02E0,-2.330717316618E0,0.E0));
#714=CARTESIAN_POINT('',(1.032924940042E0,-2.382690237059E0,
-1.292494004241E-2));
#715=CARTESIAN_POINT('',(1.060843992744E0,-2.423686705219E0,
-4.084399274431E-2));
#716=CARTESIAN_POINT('',(1.078578643763E0,-2.441421356237E0,
-5.857864376269E-2));
#718=CARTESIAN_POINT('',(3.618578643763E0,-2.441421356237E0,
-5.857864376269E-2));
#719=CARTESIAN_POINT('',(3.600843992744E0,-2.459156007256E0,
-7.631329478108E-2));
#720=CARTESIAN_POINT('',(3.572924940042E0,-2.487075059958E0,
-1.173097629408E-1));
#721=CARTESIAN_POINT('',(3.56E0,-2.5E0,-1.692826833817E-1));
#722=CARTESIAN_POINT('',(3.56E0,-2.5E0,-2.E-1));
#724=CARTESIAN_POINT('',(1.461421356237E0,-2.441421356237E0,
-5.857864376269E-2));
#725=CARTESIAN_POINT('',(1.479156007256E0,-2.459156007256E0,
-7.631329478108E-2));
#726=CARTESIAN_POINT('',(1.507075059958E0,-2.487075059958E0,
-1.173097629408E-1));
#727=CARTESIAN_POINT('',(1.52E0,-2.5E0,-1.692826833817E-1));
#728=CARTESIAN_POINT('',(1.52E0,-2.5E0,-2.E-1));
#730=CARTESIAN_POINT('',(1.52E0,-2.3E0,0.E0));
#731=CARTESIAN_POINT('',(1.52E0,-2.330717316618E0,0.E0));
#732=CARTESIAN_POINT('',(1.507075059958E0,-2.382690237059E0,
-1.292494004241E-2));
#733=CARTESIAN_POINT('',(1.479156007256E0,-2.423686705219E0,
-4.084399274431E-2));
#734=CARTESIAN_POINT('',(1.461421356237E0,-2.441421356237E0,
-5.857864376269E-2));
#736=DIRECTION('',(1.E0,0.E0,0.E0));
#737=VECTOR('',#736,2.04E0);
#738=CARTESIAN_POINT('',(1.52E0,-2.3E0,0.E0));
#739=LINE('',#738,#737);
#740=CARTESIAN_POINT('',(3.56E0,-2.3E0,0.E0));
#741=CARTESIAN_POINT('',(3.56E0,-2.330717316618E0,0.E0));
#742=CARTESIAN_POINT('',(3.572924940042E0,-2.382690237059E0,
-1.292494004241E-2));
#743=CARTESIAN_POINT('',(3.600843992744E0,-2.423686705219E0,
-4.084399274431E-2));
#744=CARTESIAN_POINT('',(3.618578643763E0,-2.441421356237E0,
-5.857864376269E-2));
#746=DIRECTION('',(0.E0,-1.E0,0.E0));
#747=VECTOR('',#746,4.6E0);
#748=CARTESIAN_POINT('',(-1.52E0,2.3E0,0.E0));
#749=LINE('',#748,#747);
#750=DIRECTION('',(0.E0,-1.E0,0.E0));
#751=VECTOR('',#750,4.6E0);
#752=CARTESIAN_POINT('',(-3.56E0,2.3E0,0.E0));
#753=LINE('',#752,#751);
#754=DIRECTION('',(1.E0,0.E0,0.E0));
#755=VECTOR('',#754,2.04E0);
#756=CARTESIAN_POINT('',(-3.56E0,2.3E0,0.E0));
#757=LINE('',#756,#755);
#758=DIRECTION('',(0.E0,-1.E0,0.E0));
#759=VECTOR('',#758,4.6E0);
#760=CARTESIAN_POINT('',(1.02E0,2.3E0,0.E0));
#761=LINE('',#760,#759);
#762=DIRECTION('',(0.E0,-1.E0,0.E0));
#763=VECTOR('',#762,4.6E0);
#764=CARTESIAN_POINT('',(-1.02E0,2.3E0,0.E0));
#765=LINE('',#764,#763);
#766=DIRECTION('',(1.E0,0.E0,0.E0));
#767=VECTOR('',#766,2.04E0);
#768=CARTESIAN_POINT('',(-1.02E0,2.3E0,0.E0));
#769=LINE('',#768,#767);
#770=DIRECTION('',(0.E0,-1.E0,0.E0));
#771=VECTOR('',#770,4.6E0);
#772=CARTESIAN_POINT('',(3.56E0,2.3E0,0.E0));
#773=LINE('',#772,#771);
#774=DIRECTION('',(0.E0,-1.E0,0.E0));
#775=VECTOR('',#774,4.6E0);
#776=CARTESIAN_POINT('',(1.52E0,2.3E0,0.E0));
#777=LINE('',#776,#775);
#778=DIRECTION('',(1.E0,0.E0,0.E0));
#779=VECTOR('',#778,2.04E0);
#780=CARTESIAN_POINT('',(1.52E0,2.3E0,0.E0));
#781=LINE('',#780,#779);
#782=DIRECTION('',(0.E0,-1.E0,0.E0));
#783=VECTOR('',#782,6.3E-1);
#784=CARTESIAN_POINT('',(-2.225E0,1.585E0,0.E0));
#785=LINE('',#784,#783);
#786=DIRECTION('',(-1.E0,0.E0,0.E0));
#787=VECTOR('',#786,6.3E-1);
#788=CARTESIAN_POINT('',(-2.225E0,1.585E0,0.E0));
#789=LINE('',#788,#787);
#790=DIRECTION('',(0.E0,-1.E0,0.E0));
#791=VECTOR('',#790,6.3E-1);
#792=CARTESIAN_POINT('',(-2.855E0,1.585E0,0.E0));
#793=LINE('',#792,#791);
#794=DIRECTION('',(-1.E0,0.E0,0.E0));
#795=VECTOR('',#794,6.3E-1);
#796=CARTESIAN_POINT('',(-2.225E0,9.55E-1,0.E0));
#797=LINE('',#796,#795);
#798=DIRECTION('',(0.E0,-1.E0,0.E0));
#799=VECTOR('',#798,6.3E-1);
#800=CARTESIAN_POINT('',(-2.225E0,-9.55E-1,0.E0));
#801=LINE('',#800,#799);
#802=DIRECTION('',(-1.E0,0.E0,0.E0));
#803=VECTOR('',#802,6.3E-1);
#804=CARTESIAN_POINT('',(-2.225E0,-9.55E-1,0.E0));
#805=LINE('',#804,#803);
#806=DIRECTION('',(0.E0,-1.E0,0.E0));
#807=VECTOR('',#806,6.3E-1);
#808=CARTESIAN_POINT('',(-2.855E0,-9.55E-1,0.E0));
#809=LINE('',#808,#807);
#810=DIRECTION('',(-1.E0,0.E0,0.E0));
#811=VECTOR('',#810,6.3E-1);
#812=CARTESIAN_POINT('',(-2.225E0,-1.585E0,0.E0));
#813=LINE('',#812,#811);
#814=DIRECTION('',(0.E0,-1.E0,0.E0));
#815=VECTOR('',#814,6.3E-1);
#816=CARTESIAN_POINT('',(3.15E-1,1.585E0,0.E0));
#817=LINE('',#816,#815);
#818=DIRECTION('',(-1.E0,0.E0,0.E0));
#819=VECTOR('',#818,6.3E-1);
#820=CARTESIAN_POINT('',(3.15E-1,1.585E0,0.E0));
#821=LINE('',#820,#819);
#822=DIRECTION('',(0.E0,-1.E0,0.E0));
#823=VECTOR('',#822,6.3E-1);
#824=CARTESIAN_POINT('',(-3.15E-1,1.585E0,0.E0));
#825=LINE('',#824,#823);
#826=DIRECTION('',(-1.E0,0.E0,0.E0));
#827=VECTOR('',#826,6.3E-1);
#828=CARTESIAN_POINT('',(3.15E-1,9.55E-1,0.E0));
#829=LINE('',#828,#827);
#830=DIRECTION('',(0.E0,-1.E0,0.E0));
#831=VECTOR('',#830,6.3E-1);
#832=CARTESIAN_POINT('',(3.15E-1,-9.55E-1,0.E0));
#833=LINE('',#832,#831);
#834=DIRECTION('',(-1.E0,0.E0,0.E0));
#835=VECTOR('',#834,6.3E-1);
#836=CARTESIAN_POINT('',(3.15E-1,-9.55E-1,0.E0));
#837=LINE('',#836,#835);
#838=DIRECTION('',(0.E0,-1.E0,0.E0));
#839=VECTOR('',#838,6.3E-1);
#840=CARTESIAN_POINT('',(-3.15E-1,-9.55E-1,0.E0));
#841=LINE('',#840,#839);
#842=DIRECTION('',(-1.E0,0.E0,0.E0));
#843=VECTOR('',#842,6.3E-1);
#844=CARTESIAN_POINT('',(3.15E-1,-1.585E0,0.E0));
#845=LINE('',#844,#843);
#846=DIRECTION('',(0.E0,-1.E0,0.E0));
#847=VECTOR('',#846,6.3E-1);
#848=CARTESIAN_POINT('',(2.855E0,1.585E0,0.E0));
#849=LINE('',#848,#847);
#850=DIRECTION('',(-1.E0,0.E0,0.E0));
#851=VECTOR('',#850,6.3E-1);
#852=CARTESIAN_POINT('',(2.855E0,1.585E0,0.E0));
#853=LINE('',#852,#851);
#854=DIRECTION('',(0.E0,-1.E0,0.E0));
#855=VECTOR('',#854,6.3E-1);
#856=CARTESIAN_POINT('',(2.225E0,1.585E0,0.E0));
#857=LINE('',#856,#855);
#858=DIRECTION('',(-1.E0,0.E0,0.E0));
#859=VECTOR('',#858,6.3E-1);
#860=CARTESIAN_POINT('',(2.855E0,9.55E-1,0.E0));
#861=LINE('',#860,#859);
#862=DIRECTION('',(0.E0,-1.E0,0.E0));
#863=VECTOR('',#862,6.3E-1);
#864=CARTESIAN_POINT('',(2.855E0,-9.55E-1,0.E0));
#865=LINE('',#864,#863);
#866=DIRECTION('',(-1.E0,0.E0,0.E0));
#867=VECTOR('',#866,6.3E-1);
#868=CARTESIAN_POINT('',(2.855E0,-9.55E-1,0.E0));
#869=LINE('',#868,#867);
#870=DIRECTION('',(0.E0,-1.E0,0.E0));
#871=VECTOR('',#870,6.3E-1);
#872=CARTESIAN_POINT('',(2.225E0,-9.55E-1,0.E0));
#873=LINE('',#872,#871);
#874=DIRECTION('',(-1.E0,0.E0,0.E0));
#875=VECTOR('',#874,6.3E-1);
#876=CARTESIAN_POINT('',(2.855E0,-1.585E0,0.E0));
#877=LINE('',#876,#875);
#878=DIRECTION('',(5.773502691896E-1,-5.773502691896E-1,-5.773502691896E-1));
#879=VECTOR('',#878,3.315515146568E-1);
#880=CARTESIAN_POINT('',(-1.461421356237E0,2.441421356237E0,
-5.857864376269E-2));
#881=LINE('',#880,#879);
#882=DIRECTION('',(5.773502691896E-1,5.773502691896E-1,-5.773502691896E-1));
#883=VECTOR('',#882,3.315515146568E-1);
#884=CARTESIAN_POINT('',(-1.461421356237E0,-2.441421356237E0,
-5.857864376269E-2));
#885=LINE('',#884,#883);
#886=DIRECTION('',(5.773502691896E-1,5.773502691896E-1,5.773502691896E-1));
#887=VECTOR('',#886,3.315515146568E-1);
#888=CARTESIAN_POINT('',(-1.27E0,2.25E0,-2.5E-1));
#889=LINE('',#888,#887);
#890=DIRECTION('',(5.773502691896E-1,-5.773502691896E-1,5.773502691896E-1));
#891=VECTOR('',#890,3.315515146568E-1);
#892=CARTESIAN_POINT('',(-1.27E0,-2.25E0,-2.5E-1));
#893=LINE('',#892,#891);
#894=DIRECTION('',(0.E0,1.E0,0.E0));
#895=VECTOR('',#894,4.5E0);
#896=CARTESIAN_POINT('',(-1.27E0,-2.25E0,-2.5E-1));
#897=LINE('',#896,#895);
#898=DIRECTION('',(0.E0,0.E0,-1.E0));
#899=VECTOR('',#898,2.E0);
#900=CARTESIAN_POINT('',(-1.27E0,2.25E0,-2.5E-1));
#901=LINE('',#900,#899);
#902=DIRECTION('',(5.773502691896E-1,5.773502691896E-1,-5.773502691896E-1));
#903=VECTOR('',#902,4.330127018922E-1);
#904=CARTESIAN_POINT('',(-1.27E0,2.25E0,-2.25E0));
#905=LINE('',#904,#903);
#906=DIRECTION('',(5.773502691896E-1,-5.773502691896E-1,-5.773502691896E-1));
#907=VECTOR('',#906,4.330127018922E-1);
#908=CARTESIAN_POINT('',(-1.27E0,-2.25E0,-2.25E0));
#909=LINE('',#908,#907);
#910=DIRECTION('',(5.773502691896E-1,-5.773502691896E-1,-5.773502691896E-1));
#911=VECTOR('',#910,3.315515146568E-1);
#912=CARTESIAN_POINT('',(1.078578643763E0,2.441421356237E0,-5.857864376269E-2));
#913=LINE('',#912,#911);
#914=DIRECTION('',(5.773502691896E-1,5.773502691896E-1,-5.773502691896E-1));
#915=VECTOR('',#914,3.315515146568E-1);
#916=CARTESIAN_POINT('',(1.078578643763E0,-2.441421356237E0,
-5.857864376269E-2));
#917=LINE('',#916,#915);
#918=DIRECTION('',(-5.773502691896E-1,5.773502691896E-1,-5.773502691896E-1));
#919=VECTOR('',#918,4.330127018922E-1);
#920=CARTESIAN_POINT('',(1.27E0,2.25E0,-2.25E0));
#921=LINE('',#920,#919);
#922=DIRECTION('',(-5.773502691896E-1,-5.773502691896E-1,-5.773502691896E-1));
#923=VECTOR('',#922,4.330127018922E-1);
#924=CARTESIAN_POINT('',(1.27E0,-2.25E0,-2.25E0));
#925=LINE('',#924,#923);
#926=DIRECTION('',(0.E0,1.E0,0.E0));
#927=VECTOR('',#926,4.5E0);
#928=CARTESIAN_POINT('',(1.27E0,-2.25E0,-2.25E0));
#929=LINE('',#928,#927);
#930=DIRECTION('',(0.E0,0.E0,-1.E0));
#931=VECTOR('',#930,2.E0);
#932=CARTESIAN_POINT('',(1.27E0,-2.25E0,-2.5E-1));
#933=LINE('',#932,#931);
#934=DIRECTION('',(5.773502691896E-1,5.773502691896E-1,-5.773502691896E-1));
#935=VECTOR('',#934,4.330127018922E-1);
#936=CARTESIAN_POINT('',(1.27E0,2.25E0,-2.25E0));
#937=LINE('',#936,#935);
#938=DIRECTION('',(5.773502691896E-1,-5.773502691896E-1,-5.773502691896E-1));
#939=VECTOR('',#938,4.330127018922E-1);
#940=CARTESIAN_POINT('',(1.27E0,-2.25E0,-2.25E0));
#941=LINE('',#940,#939);
#942=DIRECTION('',(0.E0,0.E0,-1.E0));
#943=VECTOR('',#942,2.E0);
#944=CARTESIAN_POINT('',(1.27E0,2.25E0,-2.5E-1));
#945=LINE('',#944,#943);
#946=DIRECTION('',(5.773502691896E-1,5.773502691896E-1,5.773502691896E-1));
#947=VECTOR('',#946,3.315515146568E-1);
#948=CARTESIAN_POINT('',(1.27E0,2.25E0,-2.5E-1));
#949=LINE('',#948,#947);
#950=DIRECTION('',(5.773502691896E-1,-5.773502691896E-1,5.773502691896E-1));
#951=VECTOR('',#950,3.315515146568E-1);
#952=CARTESIAN_POINT('',(1.27E0,-2.25E0,-2.5E-1));
#953=LINE('',#952,#951);
#954=DIRECTION('',(0.E0,1.E0,0.E0));
#955=VECTOR('',#954,4.5E0);
#956=CARTESIAN_POINT('',(1.27E0,-2.25E0,-2.5E-1));
#957=LINE('',#956,#955);
#958=DIRECTION('',(5.773502691896E-1,-5.773502691896E-1,-5.773502691896E-1));
#959=VECTOR('',#958,3.315515146568E-1);
#960=CARTESIAN_POINT('',(3.618578643763E0,2.441421356237E0,-5.857864376269E-2));
#961=LINE('',#960,#959);
#962=DIRECTION('',(5.773502691896E-1,5.773502691896E-1,-5.773502691896E-1));
#963=VECTOR('',#962,3.315515146568E-1);
#964=CARTESIAN_POINT('',(3.618578643763E0,-2.441421356237E0,
-5.857864376269E-2));
#965=LINE('',#964,#963);
#966=DIRECTION('',(-5.773502691896E-1,5.773502691896E-1,-5.773502691896E-1));
#967=VECTOR('',#966,4.330127018922E-1);
#968=CARTESIAN_POINT('',(3.81E0,2.25E0,-2.25E0));
#969=LINE('',#968,#967);
#970=DIRECTION('',(-5.773502691896E-1,-5.773502691896E-1,-5.773502691896E-1));
#971=VECTOR('',#970,4.330127018922E-1);
#972=CARTESIAN_POINT('',(3.81E0,-2.25E0,-2.25E0));
#973=LINE('',#972,#971);
#974=DIRECTION('',(0.E0,0.E0,1.E0));
#975=VECTOR('',#974,2.E0);
#976=CARTESIAN_POINT('',(3.81E0,2.25E0,-2.25E0));
#977=LINE('',#976,#975);
#978=DIRECTION('',(0.E0,1.E0,0.E0));
#979=VECTOR('',#978,4.5E0);
#980=CARTESIAN_POINT('',(3.81E0,-2.25E0,-2.25E0));
#981=LINE('',#980,#979);
#982=DIRECTION('',(0.E0,0.E0,1.E0));
#983=VECTOR('',#982,2.E0);
#984=CARTESIAN_POINT('',(3.81E0,-2.25E0,-2.25E0));
#985=LINE('',#984,#983);
#986=DIRECTION('',(0.E0,1.E0,0.E0));
#987=VECTOR('',#986,4.5E0);
#988=CARTESIAN_POINT('',(3.81E0,-2.25E0,-2.5E-1));
#989=LINE('',#988,#987);
#990=DIRECTION('',(0.E0,0.E0,-1.E0));
#991=VECTOR('',#990,1.1E0);
#992=CARTESIAN_POINT('',(-2.225E0,-9.55E-1,-2.5E0));
#993=LINE('',#992,#991);
#994=CARTESIAN_POINT('',(-2.225E0,-1.77E0,-3.6E0));
#995=DIRECTION('',(-1.E0,0.E0,0.E0));
#996=DIRECTION('',(0.E0,1.E0,0.E0));
#997=AXIS2_PLACEMENT_3D('',#994,#995,#996);
#999=DIRECTION('',(0.E0,-1.E0,0.E0));
#1000=VECTOR('',#999,2.04E0);
#1001=CARTESIAN_POINT('',(-2.225E0,-1.77E0,-4.415E0));
#1002=LINE('',#1001,#1000);
#1003=DIRECTION('',(0.E0,0.E0,1.E0));
#1004=VECTOR('',#1003,6.3E-1);
#1005=CARTESIAN_POINT('',(-2.225E0,-3.81E0,-4.415E0));
#1006=LINE('',#1005,#1004);
#1007=DIRECTION('',(0.E0,1.E0,0.E0));
#1008=VECTOR('',#1007,2.04E0);
#1009=CARTESIAN_POINT('',(-2.225E0,-3.81E0,-3.785E0));
#1010=LINE('',#1009,#1008);
#1011=CARTESIAN_POINT('',(-2.225E0,-1.77E0,-3.6E0));
#1012=DIRECTION('',(1.E0,0.E0,0.E0));
#1013=DIRECTION('',(0.E0,0.E0,-1.E0));
#1014=AXIS2_PLACEMENT_3D('',#1011,#1012,#1013);
#1016=DIRECTION('',(0.E0,0.E0,1.E0));
#1017=VECTOR('',#1016,1.1E0);
#1018=CARTESIAN_POINT('',(-2.225E0,-1.585E0,-3.6E0));
#1019=LINE('',#1018,#1017);
#1020=DIRECTION('',(0.E0,0.E0,-1.E0));
#1021=VECTOR('',#1020,1.1E0);
#1022=CARTESIAN_POINT('',(-2.225E0,1.585E0,-2.5E0));
#1023=LINE('',#1022,#1021);
#1024=CARTESIAN_POINT('',(-2.225E0,1.77E0,-3.6E0));
#1025=DIRECTION('',(1.E0,0.E0,0.E0));
#1026=DIRECTION('',(0.E0,-1.E0,0.E0));
#1027=AXIS2_PLACEMENT_3D('',#1024,#1025,#1026);
#1029=DIRECTION('',(0.E0,1.E0,0.E0));
#1030=VECTOR('',#1029,2.04E0);
#1031=CARTESIAN_POINT('',(-2.225E0,1.77E0,-3.785E0));
#1032=LINE('',#1031,#1030);
#1033=DIRECTION('',(0.E0,0.E0,-1.E0));
#1034=VECTOR('',#1033,6.3E-1);
#1035=CARTESIAN_POINT('',(-2.225E0,3.81E0,-3.785E0));
#1036=LINE('',#1035,#1034);
#1037=DIRECTION('',(0.E0,-1.E0,0.E0));
#1038=VECTOR('',#1037,2.04E0);
#1039=CARTESIAN_POINT('',(-2.225E0,3.81E0,-4.415E0));
#1040=LINE('',#1039,#1038);
#1041=CARTESIAN_POINT('',(-2.225E0,1.77E0,-3.6E0));
#1042=DIRECTION('',(-1.E0,0.E0,0.E0));
#1043=DIRECTION('',(0.E0,0.E0,-1.E0));
#1044=AXIS2_PLACEMENT_3D('',#1041,#1042,#1043);
#1046=DIRECTION('',(0.E0,0.E0,1.E0));
#1047=VECTOR('',#1046,1.1E0);
#1048=CARTESIAN_POINT('',(-2.225E0,9.55E-1,-3.6E0));
#1049=LINE('',#1048,#1047);
#1050=DIRECTION('',(0.E0,0.E0,1.E0));
#1051=VECTOR('',#1050,5.8E0);
#1052=CARTESIAN_POINT('',(-2.225E0,9.55E-1,0.E0));
#1053=LINE('',#1052,#1051);
#1054=DIRECTION('',(0.E0,1.E0,0.E0));
#1055=VECTOR('',#1054,6.3E-1);
#1056=CARTESIAN_POINT('',(-2.225E0,9.55E-1,5.8E0));
#1057=LINE('',#1056,#1055);
#1058=DIRECTION('',(0.E0,0.E0,-1.E0));
#1059=VECTOR('',#1058,5.8E0);
#1060=CARTESIAN_POINT('',(-2.225E0,1.585E0,5.8E0));
#1061=LINE('',#1060,#1059);
#1062=DIRECTION('',(0.E0,0.E0,1.E0));
#1063=VECTOR('',#1062,5.8E0);
#1064=CARTESIAN_POINT('',(-2.225E0,-1.585E0,0.E0));
#1065=LINE('',#1064,#1063);
#1066=DIRECTION('',(0.E0,1.E0,0.E0));
#1067=VECTOR('',#1066,6.3E-1);
#1068=CARTESIAN_POINT('',(-2.225E0,-1.585E0,5.8E0));
#1069=LINE('',#1068,#1067);
#1070=DIRECTION('',(0.E0,0.E0,-1.E0));
#1071=VECTOR('',#1070,5.8E0);
#1072=CARTESIAN_POINT('',(-2.225E0,-9.55E-1,5.8E0));
#1073=LINE('',#1072,#1071);
#1074=DIRECTION('',(-1.E0,0.E0,0.E0));
#1075=VECTOR('',#1074,6.3E-1);
#1076=CARTESIAN_POINT('',(-2.225E0,-9.55E-1,5.8E0));
#1077=LINE('',#1076,#1075);
#1078=DIRECTION('',(0.E0,0.E0,1.E0));
#1079=VECTOR('',#1078,1.1E0);
#1080=CARTESIAN_POINT('',(-2.855E0,-1.585E0,-3.6E0));
#1081=LINE('',#1080,#1079);
#1082=CARTESIAN_POINT('',(-2.855E0,-1.77E0,-3.6E0));
#1083=DIRECTION('',(1.E0,0.E0,0.E0));
#1084=DIRECTION('',(0.E0,0.E0,-1.E0));
#1085=AXIS2_PLACEMENT_3D('',#1082,#1083,#1084);
#1087=DIRECTION('',(0.E0,1.E0,0.E0));
#1088=VECTOR('',#1087,2.04E0);
#1089=CARTESIAN_POINT('',(-2.855E0,-3.81E0,-3.785E0));
#1090=LINE('',#1089,#1088);
#1091=DIRECTION('',(0.E0,0.E0,1.E0));
#1092=VECTOR('',#1091,6.3E-1);
#1093=CARTESIAN_POINT('',(-2.855E0,-3.81E0,-4.415E0));
#1094=LINE('',#1093,#1092);
#1095=DIRECTION('',(0.E0,-1.E0,0.E0));
#1096=VECTOR('',#1095,2.04E0);
#1097=CARTESIAN_POINT('',(-2.855E0,-1.77E0,-4.415E0));
#1098=LINE('',#1097,#1096);
#1099=CARTESIAN_POINT('',(-2.855E0,-1.77E0,-3.6E0));
#1100=DIRECTION('',(-1.E0,0.E0,0.E0));
#1101=DIRECTION('',(0.E0,1.E0,0.E0));
#1102=AXIS2_PLACEMENT_3D('',#1099,#1100,#1101);
#1104=DIRECTION('',(0.E0,0.E0,-1.E0));
#1105=VECTOR('',#1104,1.1E0);
#1106=CARTESIAN_POINT('',(-2.855E0,-9.55E-1,-2.5E0));
#1107=LINE('',#1106,#1105);
#1108=DIRECTION('',(0.E0,0.E0,1.E0));
#1109=VECTOR('',#1108,1.1E0);
#1110=CARTESIAN_POINT('',(-2.855E0,9.55E-1,-3.6E0));
#1111=LINE('',#1110,#1109);
#1112=CARTESIAN_POINT('',(-2.855E0,1.77E0,-3.6E0));
#1113=DIRECTION('',(-1.E0,0.E0,0.E0));
#1114=DIRECTION('',(0.E0,0.E0,-1.E0));
#1115=AXIS2_PLACEMENT_3D('',#1112,#1113,#1114);
#1117=DIRECTION('',(0.E0,-1.E0,0.E0));
#1118=VECTOR('',#1117,2.04E0);
#1119=CARTESIAN_POINT('',(-2.855E0,3.81E0,-4.415E0));
#1120=LINE('',#1119,#1118);
#1121=DIRECTION('',(0.E0,0.E0,-1.E0));
#1122=VECTOR('',#1121,6.3E-1);
#1123=CARTESIAN_POINT('',(-2.855E0,3.81E0,-3.785E0));
#1124=LINE('',#1123,#1122);
#1125=DIRECTION('',(0.E0,1.E0,0.E0));
#1126=VECTOR('',#1125,2.04E0);
#1127=CARTESIAN_POINT('',(-2.855E0,1.77E0,-3.785E0));
#1128=LINE('',#1127,#1126);
#1129=CARTESIAN_POINT('',(-2.855E0,1.77E0,-3.6E0));
#1130=DIRECTION('',(1.E0,0.E0,0.E0));
#1131=DIRECTION('',(0.E0,-1.E0,0.E0));
#1132=AXIS2_PLACEMENT_3D('',#1129,#1130,#1131);
#1134=DIRECTION('',(0.E0,0.E0,-1.E0));
#1135=VECTOR('',#1134,1.1E0);
#1136=CARTESIAN_POINT('',(-2.855E0,1.585E0,-2.5E0));
#1137=LINE('',#1136,#1135);
#1138=DIRECTION('',(0.E0,0.E0,-1.E0));
#1139=VECTOR('',#1138,5.8E0);
#1140=CARTESIAN_POINT('',(-2.855E0,1.585E0,5.8E0));
#1141=LINE('',#1140,#1139);
#1142=DIRECTION('',(0.E0,1.E0,0.E0));
#1143=VECTOR('',#1142,6.3E-1);
#1144=CARTESIAN_POINT('',(-2.855E0,9.55E-1,5.8E0));
#1145=LINE('',#1144,#1143);
#1146=DIRECTION('',(0.E0,0.E0,1.E0));
#1147=VECTOR('',#1146,5.8E0);
#1148=CARTESIAN_POINT('',(-2.855E0,9.55E-1,0.E0));
#1149=LINE('',#1148,#1147);
#1150=DIRECTION('',(0.E0,0.E0,-1.E0));
#1151=VECTOR('',#1150,5.8E0);
#1152=CARTESIAN_POINT('',(-2.855E0,-9.55E-1,5.8E0));
#1153=LINE('',#1152,#1151);
#1154=DIRECTION('',(0.E0,1.E0,0.E0));
#1155=VECTOR('',#1154,6.3E-1);
#1156=CARTESIAN_POINT('',(-2.855E0,-1.585E0,5.8E0));
#1157=LINE('',#1156,#1155);
#1158=DIRECTION('',(0.E0,0.E0,1.E0));
#1159=VECTOR('',#1158,5.8E0);
#1160=CARTESIAN_POINT('',(-2.855E0,-1.585E0,0.E0));
#1161=LINE('',#1160,#1159);
#1162=DIRECTION('',(-1.E0,0.E0,0.E0));
#1163=VECTOR('',#1162,6.3E-1);
#1164=CARTESIAN_POINT('',(-2.225E0,-1.585E0,-3.6E0));
#1165=LINE('',#1164,#1163);
#1166=DIRECTION('',(-1.E0,0.E0,0.E0));
#1167=VECTOR('',#1166,6.3E-1);
#1168=CARTESIAN_POINT('',(-2.225E0,-1.77E0,-3.785E0));
#1169=LINE('',#1168,#1167);
#1170=DIRECTION('',(-1.E0,0.E0,0.E0));
#1171=VECTOR('',#1170,6.3E-1);
#1172=CARTESIAN_POINT('',(-2.225E0,-3.81E0,-3.785E0));
#1173=LINE('',#1172,#1171);
#1174=DIRECTION('',(-1.E0,0.E0,0.E0));
#1175=VECTOR('',#1174,6.3E-1);
#1176=CARTESIAN_POINT('',(-2.225E0,-3.81E0,-4.415E0));
#1177=LINE('',#1176,#1175);
#1178=DIRECTION('',(-1.E0,0.E0,0.E0));
#1179=VECTOR('',#1178,6.3E-1);
#1180=CARTESIAN_POINT('',(-2.225E0,-1.77E0,-4.415E0));
#1181=LINE('',#1180,#1179);
#1182=DIRECTION('',(-1.E0,0.E0,0.E0));
#1183=VECTOR('',#1182,6.3E-1);
#1184=CARTESIAN_POINT('',(-2.225E0,-9.55E-1,-3.6E0));
#1185=LINE('',#1184,#1183);
#1186=DIRECTION('',(-1.E0,0.E0,0.E0));
#1187=VECTOR('',#1186,6.3E-1);
#1188=CARTESIAN_POINT('',(-2.225E0,-1.585E0,5.8E0));
#1189=LINE('',#1188,#1187);
#1190=DIRECTION('',(-1.E0,0.E0,0.E0));
#1191=VECTOR('',#1190,6.3E-1);
#1192=CARTESIAN_POINT('',(-2.225E0,9.55E-1,-3.6E0));
#1193=LINE('',#1192,#1191);
#1194=DIRECTION('',(-1.E0,0.E0,0.E0));
#1195=VECTOR('',#1194,6.3E-1);
#1196=CARTESIAN_POINT('',(-2.225E0,1.77E0,-4.415E0));
#1197=LINE('',#1196,#1195);
#1198=DIRECTION('',(-1.E0,0.E0,0.E0));
#1199=VECTOR('',#1198,6.3E-1);
#1200=CARTESIAN_POINT('',(-2.225E0,3.81E0,-4.415E0));
#1201=LINE('',#1200,#1199);
#1202=DIRECTION('',(-1.E0,0.E0,0.E0));
#1203=VECTOR('',#1202,6.3E-1);
#1204=CARTESIAN_POINT('',(-2.225E0,3.81E0,-3.785E0));
#1205=LINE('',#1204,#1203);
#1206=DIRECTION('',(-1.E0,0.E0,0.E0));
#1207=VECTOR('',#1206,6.3E-1);
#1208=CARTESIAN_POINT('',(-2.225E0,1.77E0,-3.785E0));
#1209=LINE('',#1208,#1207);
#1210=DIRECTION('',(-1.E0,0.E0,0.E0));
#1211=VECTOR('',#1210,6.3E-1);
#1212=CARTESIAN_POINT('',(-2.225E0,1.585E0,-3.6E0));
#1213=LINE('',#1212,#1211);
#1214=DIRECTION('',(-1.E0,0.E0,0.E0));
#1215=VECTOR('',#1214,6.3E-1);
#1216=CARTESIAN_POINT('',(-2.225E0,1.585E0,5.8E0));
#1217=LINE('',#1216,#1215);
#1218=DIRECTION('',(-1.E0,0.E0,0.E0));
#1219=VECTOR('',#1218,6.3E-1);
#1220=CARTESIAN_POINT('',(-2.225E0,9.55E-1,5.8E0));
#1221=LINE('',#1220,#1219);
#1222=DIRECTION('',(0.E0,0.E0,-1.E0));
#1223=VECTOR('',#1222,1.1E0);
#1224=CARTESIAN_POINT('',(3.15E-1,-9.55E-1,-2.5E0));
#1225=LINE('',#1224,#1223);
#1226=CARTESIAN_POINT('',(3.15E-1,-1.77E0,-3.6E0));
#1227=DIRECTION('',(-1.E0,0.E0,0.E0));
#1228=DIRECTION('',(0.E0,1.E0,0.E0));
#1229=AXIS2_PLACEMENT_3D('',#1226,#1227,#1228);
#1231=DIRECTION('',(0.E0,-1.E0,0.E0));
#1232=VECTOR('',#1231,2.04E0);
#1233=CARTESIAN_POINT('',(3.15E-1,-1.77E0,-4.415E0));
#1234=LINE('',#1233,#1232);
#1235=DIRECTION('',(0.E0,0.E0,1.E0));
#1236=VECTOR('',#1235,6.3E-1);
#1237=CARTESIAN_POINT('',(3.15E-1,-3.81E0,-4.415E0));
#1238=LINE('',#1237,#1236);
#1239=DIRECTION('',(0.E0,1.E0,0.E0));
#1240=VECTOR('',#1239,2.04E0);
#1241=CARTESIAN_POINT('',(3.15E-1,-3.81E0,-3.785E0));
#1242=LINE('',#1241,#1240);
#1243=CARTESIAN_POINT('',(3.15E-1,-1.77E0,-3.6E0));
#1244=DIRECTION('',(1.E0,0.E0,0.E0));
#1245=DIRECTION('',(0.E0,0.E0,-1.E0));
#1246=AXIS2_PLACEMENT_3D('',#1243,#1244,#1245);
#1248=DIRECTION('',(0.E0,0.E0,1.E0));
#1249=VECTOR('',#1248,1.1E0);
#1250=CARTESIAN_POINT('',(3.15E-1,-1.585E0,-3.6E0));
#1251=LINE('',#1250,#1249);
#1252=DIRECTION('',(0.E0,0.E0,-1.E0));
#1253=VECTOR('',#1252,1.1E0);
#1254=CARTESIAN_POINT('',(3.15E-1,1.585E0,-2.5E0));
#1255=LINE('',#1254,#1253);
#1256=CARTESIAN_POINT('',(3.15E-1,1.77E0,-3.6E0));
#1257=DIRECTION('',(1.E0,0.E0,0.E0));
#1258=DIRECTION('',(0.E0,-1.E0,0.E0));
#1259=AXIS2_PLACEMENT_3D('',#1256,#1257,#1258);
#1261=DIRECTION('',(0.E0,1.E0,0.E0));
#1262=VECTOR('',#1261,2.04E0);
#1263=CARTESIAN_POINT('',(3.15E-1,1.77E0,-3.785E0));
#1264=LINE('',#1263,#1262);
#1265=DIRECTION('',(0.E0,0.E0,-1.E0));
#1266=VECTOR('',#1265,6.3E-1);
#1267=CARTESIAN_POINT('',(3.15E-1,3.81E0,-3.785E0));
#1268=LINE('',#1267,#1266);
#1269=DIRECTION('',(0.E0,-1.E0,0.E0));
#1270=VECTOR('',#1269,2.04E0);
#1271=CARTESIAN_POINT('',(3.15E-1,3.81E0,-4.415E0));
#1272=LINE('',#1271,#1270);
#1273=CARTESIAN_POINT('',(3.15E-1,1.77E0,-3.6E0));
#1274=DIRECTION('',(-1.E0,0.E0,0.E0));
#1275=DIRECTION('',(0.E0,0.E0,-1.E0));
#1276=AXIS2_PLACEMENT_3D('',#1273,#1274,#1275);
#1278=DIRECTION('',(0.E0,0.E0,1.E0));
#1279=VECTOR('',#1278,1.1E0);
#1280=CARTESIAN_POINT('',(3.15E-1,9.55E-1,-3.6E0));
#1281=LINE('',#1280,#1279);
#1282=DIRECTION('',(0.E0,0.E0,1.E0));
#1283=VECTOR('',#1282,5.8E0);
#1284=CARTESIAN_POINT('',(3.15E-1,9.55E-1,0.E0));
#1285=LINE('',#1284,#1283);
#1286=DIRECTION('',(0.E0,1.E0,0.E0));
#1287=VECTOR('',#1286,6.3E-1);
#1288=CARTESIAN_POINT('',(3.15E-1,9.55E-1,5.8E0));
#1289=LINE('',#1288,#1287);
#1290=DIRECTION('',(0.E0,0.E0,-1.E0));
#1291=VECTOR('',#1290,5.8E0);
#1292=CARTESIAN_POINT('',(3.15E-1,1.585E0,5.8E0));
#1293=LINE('',#1292,#1291);
#1294=DIRECTION('',(0.E0,0.E0,1.E0));
#1295=VECTOR('',#1294,5.8E0);
#1296=CARTESIAN_POINT('',(3.15E-1,-1.585E0,0.E0));
#1297=LINE('',#1296,#1295);
#1298=DIRECTION('',(0.E0,1.E0,0.E0));
#1299=VECTOR('',#1298,6.3E-1);
#1300=CARTESIAN_POINT('',(3.15E-1,-1.585E0,5.8E0));
#1301=LINE('',#1300,#1299);
#1302=DIRECTION('',(0.E0,0.E0,-1.E0));
#1303=VECTOR('',#1302,5.8E0);
#1304=CARTESIAN_POINT('',(3.15E-1,-9.55E-1,5.8E0));
#1305=LINE('',#1304,#1303);
#1306=DIRECTION('',(-1.E0,0.E0,0.E0));
#1307=VECTOR('',#1306,6.3E-1);
#1308=CARTESIAN_POINT('',(3.15E-1,-9.55E-1,5.8E0));
#1309=LINE('',#1308,#1307);
#1310=DIRECTION('',(0.E0,0.E0,1.E0));
#1311=VECTOR('',#1310,1.1E0);
#1312=CARTESIAN_POINT('',(-3.15E-1,-1.585E0,-3.6E0));
#1313=LINE('',#1312,#1311);
#1314=CARTESIAN_POINT('',(-3.15E-1,-1.77E0,-3.6E0));
#1315=DIRECTION('',(1.E0,0.E0,0.E0));
#1316=DIRECTION('',(0.E0,0.E0,-1.E0));
#1317=AXIS2_PLACEMENT_3D('',#1314,#1315,#1316);
#1319=DIRECTION('',(0.E0,1.E0,0.E0));
#1320=VECTOR('',#1319,2.04E0);
#1321=CARTESIAN_POINT('',(-3.15E-1,-3.81E0,-3.785E0));
#1322=LINE('',#1321,#1320);
#1323=DIRECTION('',(0.E0,0.E0,1.E0));
#1324=VECTOR('',#1323,6.3E-1);
#1325=CARTESIAN_POINT('',(-3.15E-1,-3.81E0,-4.415E0));
#1326=LINE('',#1325,#1324);
#1327=DIRECTION('',(0.E0,-1.E0,0.E0));
#1328=VECTOR('',#1327,2.04E0);
#1329=CARTESIAN_POINT('',(-3.15E-1,-1.77E0,-4.415E0));
#1330=LINE('',#1329,#1328);
#1331=CARTESIAN_POINT('',(-3.15E-1,-1.77E0,-3.6E0));
#1332=DIRECTION('',(-1.E0,0.E0,0.E0));
#1333=DIRECTION('',(0.E0,1.E0,0.E0));
#1334=AXIS2_PLACEMENT_3D('',#1331,#1332,#1333);
#1336=DIRECTION('',(0.E0,0.E0,-1.E0));
#1337=VECTOR('',#1336,1.1E0);
#1338=CARTESIAN_POINT('',(-3.15E-1,-9.55E-1,-2.5E0));
#1339=LINE('',#1338,#1337);
#1340=DIRECTION('',(0.E0,0.E0,1.E0));
#1341=VECTOR('',#1340,1.1E0);
#1342=CARTESIAN_POINT('',(-3.15E-1,9.55E-1,-3.6E0));
#1343=LINE('',#1342,#1341);
#1344=CARTESIAN_POINT('',(-3.15E-1,1.77E0,-3.6E0));
#1345=DIRECTION('',(-1.E0,0.E0,0.E0));
#1346=DIRECTION('',(0.E0,0.E0,-1.E0));
#1347=AXIS2_PLACEMENT_3D('',#1344,#1345,#1346);
#1349=DIRECTION('',(0.E0,-1.E0,0.E0));
#1350=VECTOR('',#1349,2.04E0);
#1351=CARTESIAN_POINT('',(-3.15E-1,3.81E0,-4.415E0));
#1352=LINE('',#1351,#1350);
#1353=DIRECTION('',(0.E0,0.E0,-1.E0));
#1354=VECTOR('',#1353,6.3E-1);
#1355=CARTESIAN_POINT('',(-3.15E-1,3.81E0,-3.785E0));
#1356=LINE('',#1355,#1354);
#1357=DIRECTION('',(0.E0,1.E0,0.E0));
#1358=VECTOR('',#1357,2.04E0);
#1359=CARTESIAN_POINT('',(-3.15E-1,1.77E0,-3.785E0));
#1360=LINE('',#1359,#1358);
#1361=CARTESIAN_POINT('',(-3.15E-1,1.77E0,-3.6E0));
#1362=DIRECTION('',(1.E0,0.E0,0.E0));
#1363=DIRECTION('',(0.E0,-1.E0,0.E0));
#1364=AXIS2_PLACEMENT_3D('',#1361,#1362,#1363);
#1366=DIRECTION('',(0.E0,0.E0,-1.E0));
#1367=VECTOR('',#1366,1.1E0);
#1368=CARTESIAN_POINT('',(-3.15E-1,1.585E0,-2.5E0));
#1369=LINE('',#1368,#1367);
#1370=DIRECTION('',(0.E0,0.E0,-1.E0));
#1371=VECTOR('',#1370,5.8E0);
#1372=CARTESIAN_POINT('',(-3.15E-1,1.585E0,5.8E0));
#1373=LINE('',#1372,#1371);
#1374=DIRECTION('',(0.E0,1.E0,0.E0));
#1375=VECTOR('',#1374,6.3E-1);
#1376=CARTESIAN_POINT('',(-3.15E-1,9.55E-1,5.8E0));
#1377=LINE('',#1376,#1375);
#1378=DIRECTION('',(0.E0,0.E0,1.E0));
#1379=VECTOR('',#1378,5.8E0);
#1380=CARTESIAN_POINT('',(-3.15E-1,9.55E-1,0.E0));
#1381=LINE('',#1380,#1379);
#1382=DIRECTION('',(0.E0,0.E0,-1.E0));
#1383=VECTOR('',#1382,5.8E0);
#1384=CARTESIAN_POINT('',(-3.15E-1,-9.55E-1,5.8E0));
#1385=LINE('',#1384,#1383);
#1386=DIRECTION('',(0.E0,1.E0,0.E0));
#1387=VECTOR('',#1386,6.3E-1);
#1388=CARTESIAN_POINT('',(-3.15E-1,-1.585E0,5.8E0));
#1389=LINE('',#1388,#1387);
#1390=DIRECTION('',(0.E0,0.E0,1.E0));
#1391=VECTOR('',#1390,5.8E0);
#1392=CARTESIAN_POINT('',(-3.15E-1,-1.585E0,0.E0));
#1393=LINE('',#1392,#1391);
#1394=DIRECTION('',(-1.E0,0.E0,0.E0));
#1395=VECTOR('',#1394,6.3E-1);
#1396=CARTESIAN_POINT('',(3.15E-1,-1.585E0,-3.6E0));
#1397=LINE('',#1396,#1395);
#1398=DIRECTION('',(-1.E0,0.E0,0.E0));
#1399=VECTOR('',#1398,6.3E-1);
#1400=CARTESIAN_POINT('',(3.15E-1,-1.77E0,-3.785E0));
#1401=LINE('',#1400,#1399);
#1402=DIRECTION('',(-1.E0,0.E0,0.E0));
#1403=VECTOR('',#1402,6.3E-1);
#1404=CARTESIAN_POINT('',(3.15E-1,-3.81E0,-3.785E0));
#1405=LINE('',#1404,#1403);
#1406=DIRECTION('',(-1.E0,0.E0,0.E0));
#1407=VECTOR('',#1406,6.3E-1);
#1408=CARTESIAN_POINT('',(3.15E-1,-3.81E0,-4.415E0));
#1409=LINE('',#1408,#1407);
#1410=DIRECTION('',(-1.E0,0.E0,0.E0));
#1411=VECTOR('',#1410,6.3E-1);
#1412=CARTESIAN_POINT('',(3.15E-1,-1.77E0,-4.415E0));
#1413=LINE('',#1412,#1411);
#1414=DIRECTION('',(-1.E0,0.E0,0.E0));
#1415=VECTOR('',#1414,6.3E-1);
#1416=CARTESIAN_POINT('',(3.15E-1,-9.55E-1,-3.6E0));
#1417=LINE('',#1416,#1415);
#1418=DIRECTION('',(-1.E0,0.E0,0.E0));
#1419=VECTOR('',#1418,6.3E-1);
#1420=CARTESIAN_POINT('',(3.15E-1,-1.585E0,5.8E0));
#1421=LINE('',#1420,#1419);
#1422=DIRECTION('',(-1.E0,0.E0,0.E0));
#1423=VECTOR('',#1422,6.3E-1);
#1424=CARTESIAN_POINT('',(3.15E-1,9.55E-1,-3.6E0));
#1425=LINE('',#1424,#1423);
#1426=DIRECTION('',(-1.E0,0.E0,0.E0));
#1427=VECTOR('',#1426,6.3E-1);
#1428=CARTESIAN_POINT('',(3.15E-1,1.77E0,-4.415E0));
#1429=LINE('',#1428,#1427);
#1430=DIRECTION('',(-1.E0,0.E0,0.E0));
#1431=VECTOR('',#1430,6.3E-1);
#1432=CARTESIAN_POINT('',(3.15E-1,3.81E0,-4.415E0));
#1433=LINE('',#1432,#1431);
#1434=DIRECTION('',(-1.E0,0.E0,0.E0));
#1435=VECTOR('',#1434,6.3E-1);
#1436=CARTESIAN_POINT('',(3.15E-1,3.81E0,-3.785E0));
#1437=LINE('',#1436,#1435);
#1438=DIRECTION('',(-1.E0,0.E0,0.E0));
#1439=VECTOR('',#1438,6.3E-1);
#1440=CARTESIAN_POINT('',(3.15E-1,1.77E0,-3.785E0));
#1441=LINE('',#1440,#1439);
#1442=DIRECTION('',(-1.E0,0.E0,0.E0));
#1443=VECTOR('',#1442,6.3E-1);
#1444=CARTESIAN_POINT('',(3.15E-1,1.585E0,-3.6E0));
#1445=LINE('',#1444,#1443);
#1446=DIRECTION('',(-1.E0,0.E0,0.E0));
#1447=VECTOR('',#1446,6.3E-1);
#1448=CARTESIAN_POINT('',(3.15E-1,1.585E0,5.8E0));
#1449=LINE('',#1448,#1447);
#1450=DIRECTION('',(-1.E0,0.E0,0.E0));
#1451=VECTOR('',#1450,6.3E-1);
#1452=CARTESIAN_POINT('',(3.15E-1,9.55E-1,5.8E0));
#1453=LINE('',#1452,#1451);
#1454=DIRECTION('',(0.E0,0.E0,-1.E0));
#1455=VECTOR('',#1454,1.1E0);
#1456=CARTESIAN_POINT('',(2.855E0,-9.55E-1,-2.5E0));
#1457=LINE('',#1456,#1455);
#1458=CARTESIAN_POINT('',(2.855E0,-1.77E0,-3.6E0));
#1459=DIRECTION('',(-1.E0,0.E0,0.E0));
#1460=DIRECTION('',(0.E0,1.E0,0.E0));
#1461=AXIS2_PLACEMENT_3D('',#1458,#1459,#1460);
#1463=DIRECTION('',(0.E0,-1.E0,0.E0));
#1464=VECTOR('',#1463,2.04E0);
#1465=CARTESIAN_POINT('',(2.855E0,-1.77E0,-4.415E0));
#1466=LINE('',#1465,#1464);
#1467=DIRECTION('',(0.E0,0.E0,1.E0));
#1468=VECTOR('',#1467,6.3E-1);
#1469=CARTESIAN_POINT('',(2.855E0,-3.81E0,-4.415E0));
#1470=LINE('',#1469,#1468);
#1471=DIRECTION('',(0.E0,1.E0,0.E0));
#1472=VECTOR('',#1471,2.04E0);
#1473=CARTESIAN_POINT('',(2.855E0,-3.81E0,-3.785E0));
#1474=LINE('',#1473,#1472);
#1475=CARTESIAN_POINT('',(2.855E0,-1.77E0,-3.6E0));
#1476=DIRECTION('',(1.E0,0.E0,0.E0));
#1477=DIRECTION('',(0.E0,0.E0,-1.E0));
#1478=AXIS2_PLACEMENT_3D('',#1475,#1476,#1477);
#1480=DIRECTION('',(0.E0,0.E0,1.E0));
#1481=VECTOR('',#1480,1.1E0);
#1482=CARTESIAN_POINT('',(2.855E0,-1.585E0,-3.6E0));
#1483=LINE('',#1482,#1481);
#1484=DIRECTION('',(0.E0,0.E0,-1.E0));
#1485=VECTOR('',#1484,1.1E0);
#1486=CARTESIAN_POINT('',(2.855E0,1.585E0,-2.5E0));
#1487=LINE('',#1486,#1485);
#1488=CARTESIAN_POINT('',(2.855E0,1.77E0,-3.6E0));
#1489=DIRECTION('',(1.E0,0.E0,0.E0));
#1490=DIRECTION('',(0.E0,-1.E0,0.E0));
#1491=AXIS2_PLACEMENT_3D('',#1488,#1489,#1490);
#1493=DIRECTION('',(0.E0,1.E0,0.E0));
#1494=VECTOR('',#1493,2.04E0);
#1495=CARTESIAN_POINT('',(2.855E0,1.77E0,-3.785E0));
#1496=LINE('',#1495,#1494);
#1497=DIRECTION('',(0.E0,0.E0,-1.E0));
#1498=VECTOR('',#1497,6.3E-1);
#1499=CARTESIAN_POINT('',(2.855E0,3.81E0,-3.785E0));
#1500=LINE('',#1499,#1498);
#1501=DIRECTION('',(0.E0,-1.E0,0.E0));
#1502=VECTOR('',#1501,2.04E0);
#1503=CARTESIAN_POINT('',(2.855E0,3.81E0,-4.415E0));
#1504=LINE('',#1503,#1502);
#1505=CARTESIAN_POINT('',(2.855E0,1.77E0,-3.6E0));
#1506=DIRECTION('',(-1.E0,0.E0,0.E0));
#1507=DIRECTION('',(0.E0,0.E0,-1.E0));
#1508=AXIS2_PLACEMENT_3D('',#1505,#1506,#1507);
#1510=DIRECTION('',(0.E0,0.E0,1.E0));
#1511=VECTOR('',#1510,1.1E0);
#1512=CARTESIAN_POINT('',(2.855E0,9.55E-1,-3.6E0));
#1513=LINE('',#1512,#1511);
#1514=DIRECTION('',(0.E0,0.E0,1.E0));
#1515=VECTOR('',#1514,5.8E0);
#1516=CARTESIAN_POINT('',(2.855E0,9.55E-1,0.E0));
#1517=LINE('',#1516,#1515);
#1518=DIRECTION('',(0.E0,1.E0,0.E0));
#1519=VECTOR('',#1518,6.3E-1);
#1520=CARTESIAN_POINT('',(2.855E0,9.55E-1,5.8E0));
#1521=LINE('',#1520,#1519);
#1522=DIRECTION('',(0.E0,0.E0,-1.E0));
#1523=VECTOR('',#1522,5.8E0);
#1524=CARTESIAN_POINT('',(2.855E0,1.585E0,5.8E0));
#1525=LINE('',#1524,#1523);
#1526=DIRECTION('',(0.E0,0.E0,1.E0));
#1527=VECTOR('',#1526,5.8E0);
#1528=CARTESIAN_POINT('',(2.855E0,-1.585E0,0.E0));
#1529=LINE('',#1528,#1527);
#1530=DIRECTION('',(0.E0,1.E0,0.E0));
#1531=VECTOR('',#1530,6.3E-1);
#1532=CARTESIAN_POINT('',(2.855E0,-1.585E0,5.8E0));
#1533=LINE('',#1532,#1531);
#1534=DIRECTION('',(0.E0,0.E0,-1.E0));
#1535=VECTOR('',#1534,5.8E0);
#1536=CARTESIAN_POINT('',(2.855E0,-9.55E-1,5.8E0));
#1537=LINE('',#1536,#1535);
#1538=DIRECTION('',(-1.E0,0.E0,0.E0));
#1539=VECTOR('',#1538,6.3E-1);
#1540=CARTESIAN_POINT('',(2.855E0,-9.55E-1,5.8E0));
#1541=LINE('',#1540,#1539);
#1542=DIRECTION('',(0.E0,0.E0,1.E0));
#1543=VECTOR('',#1542,1.1E0);
#1544=CARTESIAN_POINT('',(2.225E0,-1.585E0,-3.6E0));
#1545=LINE('',#1544,#1543);
#1546=CARTESIAN_POINT('',(2.225E0,-1.77E0,-3.6E0));
#1547=DIRECTION('',(1.E0,0.E0,0.E0));
#1548=DIRECTION('',(0.E0,0.E0,-1.E0));
#1549=AXIS2_PLACEMENT_3D('',#1546,#1547,#1548);
#1551=DIRECTION('',(0.E0,1.E0,0.E0));
#1552=VECTOR('',#1551,2.04E0);
#1553=CARTESIAN_POINT('',(2.225E0,-3.81E0,-3.785E0));
#1554=LINE('',#1553,#1552);
#1555=DIRECTION('',(0.E0,0.E0,1.E0));
#1556=VECTOR('',#1555,6.3E-1);
#1557=CARTESIAN_POINT('',(2.225E0,-3.81E0,-4.415E0));
#1558=LINE('',#1557,#1556);
#1559=DIRECTION('',(0.E0,-1.E0,0.E0));
#1560=VECTOR('',#1559,2.04E0);
#1561=CARTESIAN_POINT('',(2.225E0,-1.77E0,-4.415E0));
#1562=LINE('',#1561,#1560);
#1563=CARTESIAN_POINT('',(2.225E0,-1.77E0,-3.6E0));
#1564=DIRECTION('',(-1.E0,0.E0,0.E0));
#1565=DIRECTION('',(0.E0,1.E0,0.E0));
#1566=AXIS2_PLACEMENT_3D('',#1563,#1564,#1565);
#1568=DIRECTION('',(0.E0,0.E0,-1.E0));
#1569=VECTOR('',#1568,1.1E0);
#1570=CARTESIAN_POINT('',(2.225E0,-9.55E-1,-2.5E0));
#1571=LINE('',#1570,#1569);
#1572=DIRECTION('',(0.E0,0.E0,1.E0));
#1573=VECTOR('',#1572,1.1E0);
#1574=CARTESIAN_POINT('',(2.225E0,9.55E-1,-3.6E0));
#1575=LINE('',#1574,#1573);
#1576=CARTESIAN_POINT('',(2.225E0,1.77E0,-3.6E0));
#1577=DIRECTION('',(-1.E0,0.E0,0.E0));
#1578=DIRECTION('',(0.E0,0.E0,-1.E0));
#1579=AXIS2_PLACEMENT_3D('',#1576,#1577,#1578);
#1581=DIRECTION('',(0.E0,-1.E0,0.E0));
#1582=VECTOR('',#1581,2.04E0);
#1583=CARTESIAN_POINT('',(2.225E0,3.81E0,-4.415E0));
#1584=LINE('',#1583,#1582);
#1585=DIRECTION('',(0.E0,0.E0,-1.E0));
#1586=VECTOR('',#1585,6.3E-1);
#1587=CARTESIAN_POINT('',(2.225E0,3.81E0,-3.785E0));
#1588=LINE('',#1587,#1586);
#1589=DIRECTION('',(0.E0,1.E0,0.E0));
#1590=VECTOR('',#1589,2.04E0);
#1591=CARTESIAN_POINT('',(2.225E0,1.77E0,-3.785E0));
#1592=LINE('',#1591,#1590);
#1593=CARTESIAN_POINT('',(2.225E0,1.77E0,-3.6E0));
#1594=DIRECTION('',(1.E0,0.E0,0.E0));
#1595=DIRECTION('',(0.E0,-1.E0,0.E0));
#1596=AXIS2_PLACEMENT_3D('',#1593,#1594,#1595);
#1598=DIRECTION('',(0.E0,0.E0,-1.E0));
#1599=VECTOR('',#1598,1.1E0);
#1600=CARTESIAN_POINT('',(2.225E0,1.585E0,-2.5E0));
#1601=LINE('',#1600,#1599);
#1602=DIRECTION('',(0.E0,0.E0,-1.E0));
#1603=VECTOR('',#1602,5.8E0);
#1604=CARTESIAN_POINT('',(2.225E0,1.585E0,5.8E0));
#1605=LINE('',#1604,#1603);
#1606=DIRECTION('',(0.E0,1.E0,0.E0));
#1607=VECTOR('',#1606,6.3E-1);
#1608=CARTESIAN_POINT('',(2.225E0,9.55E-1,5.8E0));
#1609=LINE('',#1608,#1607);
#1610=DIRECTION('',(0.E0,0.E0,1.E0));
#1611=VECTOR('',#1610,5.8E0);
#1612=CARTESIAN_POINT('',(2.225E0,9.55E-1,0.E0));
#1613=LINE('',#1612,#1611);
#1614=DIRECTION('',(0.E0,0.E0,-1.E0));
#1615=VECTOR('',#1614,5.8E0);
#1616=CARTESIAN_POINT('',(2.225E0,-9.55E-1,5.8E0));
#1617=LINE('',#1616,#1615);
#1618=DIRECTION('',(0.E0,1.E0,0.E0));
#1619=VECTOR('',#1618,6.3E-1);
#1620=CARTESIAN_POINT('',(2.225E0,-1.585E0,5.8E0));
#1621=LINE('',#1620,#1619);
#1622=DIRECTION('',(0.E0,0.E0,1.E0));
#1623=VECTOR('',#1622,5.8E0);
#1624=CARTESIAN_POINT('',(2.225E0,-1.585E0,0.E0));
#1625=LINE('',#1624,#1623);
#1626=DIRECTION('',(-1.E0,0.E0,0.E0));
#1627=VECTOR('',#1626,6.3E-1);
#1628=CARTESIAN_POINT('',(2.855E0,-1.585E0,-3.6E0));
#1629=LINE('',#1628,#1627);
#1630=DIRECTION('',(-1.E0,0.E0,0.E0));
#1631=VECTOR('',#1630,6.3E-1);
#1632=CARTESIAN_POINT('',(2.855E0,-1.77E0,-3.785E0));
#1633=LINE('',#1632,#1631);
#1634=DIRECTION('',(-1.E0,0.E0,0.E0));
#1635=VECTOR('',#1634,6.3E-1);
#1636=CARTESIAN_POINT('',(2.855E0,-3.81E0,-3.785E0));
#1637=LINE('',#1636,#1635);
#1638=DIRECTION('',(-1.E0,0.E0,0.E0));
#1639=VECTOR('',#1638,6.3E-1);
#1640=CARTESIAN_POINT('',(2.855E0,-3.81E0,-4.415E0));
#1641=LINE('',#1640,#1639);
#1642=DIRECTION('',(-1.E0,0.E0,0.E0));
#1643=VECTOR('',#1642,6.3E-1);
#1644=CARTESIAN_POINT('',(2.855E0,-1.77E0,-4.415E0));
#1645=LINE('',#1644,#1643);
#1646=DIRECTION('',(-1.E0,0.E0,0.E0));
#1647=VECTOR('',#1646,6.3E-1);
#1648=CARTESIAN_POINT('',(2.855E0,-9.55E-1,-3.6E0));
#1649=LINE('',#1648,#1647);
#1650=DIRECTION('',(-1.E0,0.E0,0.E0));
#1651=VECTOR('',#1650,6.3E-1);
#1652=CARTESIAN_POINT('',(2.855E0,-1.585E0,5.8E0));
#1653=LINE('',#1652,#1651);
#1654=DIRECTION('',(-1.E0,0.E0,0.E0));
#1655=VECTOR('',#1654,6.3E-1);
#1656=CARTESIAN_POINT('',(2.855E0,9.55E-1,-3.6E0));
#1657=LINE('',#1656,#1655);
#1658=DIRECTION('',(-1.E0,0.E0,0.E0));
#1659=VECTOR('',#1658,6.3E-1);
#1660=CARTESIAN_POINT('',(2.855E0,1.77E0,-4.415E0));
#1661=LINE('',#1660,#1659);
#1662=DIRECTION('',(-1.E0,0.E0,0.E0));
#1663=VECTOR('',#1662,6.3E-1);
#1664=CARTESIAN_POINT('',(2.855E0,3.81E0,-4.415E0));
#1665=LINE('',#1664,#1663);
#1666=DIRECTION('',(-1.E0,0.E0,0.E0));
#1667=VECTOR('',#1666,6.3E-1);
#1668=CARTESIAN_POINT('',(2.855E0,3.81E0,-3.785E0));
#1669=LINE('',#1668,#1667);
#1670=DIRECTION('',(-1.E0,0.E0,0.E0));
#1671=VECTOR('',#1670,6.3E-1);
#1672=CARTESIAN_POINT('',(2.855E0,1.77E0,-3.785E0));
#1673=LINE('',#1672,#1671);
#1674=DIRECTION('',(-1.E0,0.E0,0.E0));
#1675=VECTOR('',#1674,6.3E-1);
#1676=CARTESIAN_POINT('',(2.855E0,1.585E0,-3.6E0));
#1677=LINE('',#1676,#1675);
#1678=DIRECTION('',(-1.E0,0.E0,0.E0));
#1679=VECTOR('',#1678,6.3E-1);
#1680=CARTESIAN_POINT('',(2.855E0,1.585E0,5.8E0));
#1681=LINE('',#1680,#1679);
#1682=DIRECTION('',(-1.E0,0.E0,0.E0));
#1683=VECTOR('',#1682,6.3E-1);
#1684=CARTESIAN_POINT('',(2.855E0,9.55E-1,5.8E0));
#1685=LINE('',#1684,#1683);
#1686=CARTESIAN_POINT('',(-3.26E0,-2.5E0,-2.8E0));
#1687=CARTESIAN_POINT('',(-3.26E0,-2.E0,-2.8E0));
#1688=VERTEX_POINT('',#1686);
#1689=VERTEX_POINT('',#1687);
#1690=CARTESIAN_POINT('',(-3.56E0,-2.E0,-2.5E0));
#1691=VERTEX_POINT('',#1690);
#1692=CARTESIAN_POINT('',(-3.56E0,2.E0,-2.5E0));
#1693=VERTEX_POINT('',#1692);
#1694=CARTESIAN_POINT('',(-3.26E0,2.E0,-2.8E0));
#1695=VERTEX_POINT('',#1694);
#1696=CARTESIAN_POINT('',(-3.26E0,2.5E0,-2.8E0));
#1697=VERTEX_POINT('',#1696);
#1698=CARTESIAN_POINT('',(-3.56E0,2.3E0,0.E0));
#1699=CARTESIAN_POINT('',(-3.56E0,-2.3E0,0.E0));
#1700=VERTEX_POINT('',#1698);
#1701=VERTEX_POINT('',#1699);
#1702=CARTESIAN_POINT('',(-1.82E0,-2.5E0,-2.8E0));
#1703=CARTESIAN_POINT('',(-1.82E0,-2.E0,-2.8E0));
#1704=VERTEX_POINT('',#1702);
#1705=VERTEX_POINT('',#1703);
#1706=CARTESIAN_POINT('',(-1.52E0,-2.E0,-2.5E0));
#1707=VERTEX_POINT('',#1706);
#1708=CARTESIAN_POINT('',(-1.52E0,2.E0,-2.5E0));
#1709=VERTEX_POINT('',#1708);
#1710=CARTESIAN_POINT('',(-1.82E0,2.E0,-2.8E0));
#1711=VERTEX_POINT('',#1710);
#1712=CARTESIAN_POINT('',(-1.82E0,2.5E0,-2.8E0));
#1713=VERTEX_POINT('',#1712);
#1714=CARTESIAN_POINT('',(-1.52E0,2.3E0,0.E0));
#1715=CARTESIAN_POINT('',(-1.52E0,-2.3E0,0.E0));
#1716=VERTEX_POINT('',#1714);
#1717=VERTEX_POINT('',#1715);
#1718=CARTESIAN_POINT('',(-7.2E-1,-2.5E0,-2.8E0));
#1719=CARTESIAN_POINT('',(-7.2E-1,-2.E0,-2.8E0));
#1720=VERTEX_POINT('',#1718);
#1721=VERTEX_POINT('',#1719);
#1722=CARTESIAN_POINT('',(-1.02E0,-2.E0,-2.5E0));
#1723=VERTEX_POINT('',#1722);
#1724=CARTESIAN_POINT('',(-1.02E0,2.E0,-2.5E0));
#1725=VERTEX_POINT('',#1724);
#1726=CARTESIAN_POINT('',(-7.2E-1,2.E0,-2.8E0));
#1727=VERTEX_POINT('',#1726);
#1728=CARTESIAN_POINT('',(-7.2E-1,2.5E0,-2.8E0));
#1729=VERTEX_POINT('',#1728);
#1730=CARTESIAN_POINT('',(-1.02E0,2.3E0,0.E0));
#1731=CARTESIAN_POINT('',(-1.02E0,-2.3E0,0.E0));
#1732=VERTEX_POINT('',#1730);
#1733=VERTEX_POINT('',#1731);
#1734=CARTESIAN_POINT('',(7.2E-1,-2.5E0,-2.8E0));
#1735=CARTESIAN_POINT('',(7.2E-1,-2.E0,-2.8E0));
#1736=VERTEX_POINT('',#1734);
#1737=VERTEX_POINT('',#1735);
#1738=CARTESIAN_POINT('',(1.02E0,-2.E0,-2.5E0));
#1739=VERTEX_POINT('',#1738);
#1740=CARTESIAN_POINT('',(1.02E0,2.E0,-2.5E0));
#1741=VERTEX_POINT('',#1740);
#1742=CARTESIAN_POINT('',(7.2E-1,2.E0,-2.8E0));
#1743=VERTEX_POINT('',#1742);
#1744=CARTESIAN_POINT('',(7.2E-1,2.5E0,-2.8E0));
#1745=VERTEX_POINT('',#1744);
#1746=CARTESIAN_POINT('',(1.02E0,2.3E0,0.E0));
#1747=CARTESIAN_POINT('',(1.02E0,-2.3E0,0.E0));
#1748=VERTEX_POINT('',#1746);
#1749=VERTEX_POINT('',#1747);
#1750=CARTESIAN_POINT('',(-3.81E0,2.25E0,-2.25E0));
#1751=CARTESIAN_POINT('',(-3.81E0,2.25E0,-2.5E-1));
#1752=VERTEX_POINT('',#1750);
#1753=VERTEX_POINT('',#1751);
#1754=CARTESIAN_POINT('',(-3.81E0,-2.25E0,-2.25E0));
#1755=CARTESIAN_POINT('',(-3.81E0,-2.25E0,-2.5E-1));
#1756=VERTEX_POINT('',#1754);
#1757=VERTEX_POINT('',#1755);
#1758=VERTEX_POINT('',#668);
#1759=VERTEX_POINT('',#672);
#1760=CARTESIAN_POINT('',(-3.56E0,-2.5E0,-2.5E0));
#1761=VERTEX_POINT('',#1760);
#1762=CARTESIAN_POINT('',(-3.56E0,2.5E0,-2.5E0));
#1763=CARTESIAN_POINT('',(-3.56E0,2.5E0,-2.E-1));
#1764=VERTEX_POINT('',#1762);
#1765=VERTEX_POINT('',#1763);
#1766=VERTEX_POINT('',#188);
#1767=VERTEX_POINT('',#696);
#1768=VERTEX_POINT('',#700);
#1769=VERTEX_POINT('',#662);
#1770=VERTEX_POINT('',#666);
#1771=CARTESIAN_POINT('',(-1.02E0,-2.5E0,-2.5E0));
#1772=VERTEX_POINT('',#1771);
#1773=CARTESIAN_POINT('',(-1.52E0,-2.5E0,-2.5E0));
#1774=VERTEX_POINT('',#1773);
#1775=CARTESIAN_POINT('',(-1.52E0,2.5E0,-2.5E0));
#1776=CARTESIAN_POINT('',(-1.52E0,2.5E0,-2.E-1));
#1777=VERTEX_POINT('',#1775);
#1778=VERTEX_POINT('',#1776);
#1779=CARTESIAN_POINT('',(-1.02E0,2.5E0,-2.5E0));
#1780=CARTESIAN_POINT('',(-1.02E0,2.5E0,-2.E-1));
#1781=VERTEX_POINT('',#1779);
#1782=VERTEX_POINT('',#1780);
#1783=VERTEX_POINT('',#170);
#1784=VERTEX_POINT('',#216);
#1785=CARTESIAN_POINT('',(-1.27E0,2.25E0,-2.25E0));
#1786=VERTEX_POINT('',#1785);
#1787=CARTESIAN_POINT('',(-1.27E0,-2.25E0,-2.25E0));
#1788=VERTEX_POINT('',#1787);
#1789=CARTESIAN_POINT('',(-1.27E0,2.25E0,-2.5E-1));
#1790=VERTEX_POINT('',#1789);
#1791=CARTESIAN_POINT('',(-1.27E0,-2.25E0,-2.5E-1));
#1792=VERTEX_POINT('',#1791);
#1793=VERTEX_POINT('',#690);
#1794=VERTEX_POINT('',#694);
#1795=CARTESIAN_POINT('',(1.02E0,-2.5E0,-2.5E0));
#1796=VERTEX_POINT('',#1795);
#1797=CARTESIAN_POINT('',(1.02E0,2.5E0,-2.5E0));
#1798=CARTESIAN_POINT('',(1.02E0,2.5E0,-2.E-1));
#1799=VERTEX_POINT('',#1797);
#1800=VERTEX_POINT('',#1798);
#1801=VERTEX_POINT('',#198);
#1802=CARTESIAN_POINT('',(1.27E0,2.25E0,-2.25E0));
#1803=VERTEX_POINT('',#1802);
#1804=CARTESIAN_POINT('',(1.27E0,-2.25E0,-2.25E0));
#1805=VERTEX_POINT('',#1804);
#1806=CARTESIAN_POINT('',(1.27E0,2.25E0,-2.5E-1));
#1807=VERTEX_POINT('',#1806);
#1808=CARTESIAN_POINT('',(1.27E0,-2.25E0,-2.5E-1));
#1809=VERTEX_POINT('',#1808);
#1810=CARTESIAN_POINT('',(-2.225E0,-9.55E-1,-3.6E0));
#1811=CARTESIAN_POINT('',(-2.225E0,-1.77E0,-4.415E0));
#1812=VERTEX_POINT('',#1810);
#1813=VERTEX_POINT('',#1811);
#1814=CARTESIAN_POINT('',(-2.225E0,-3.81E0,-4.415E0));
#1815=VERTEX_POINT('',#1814);
#1816=CARTESIAN_POINT('',(-2.225E0,-3.81E0,-3.785E0));
#1817=VERTEX_POINT('',#1816);
#1818=CARTESIAN_POINT('',(-2.225E0,-1.77E0,-3.785E0));
#1819=VERTEX_POINT('',#1818);
#1820=CARTESIAN_POINT('',(-2.225E0,-1.585E0,-3.6E0));
#1821=VERTEX_POINT('',#1820);
#1822=CARTESIAN_POINT('',(-2.225E0,-1.585E0,5.8E0));
#1823=CARTESIAN_POINT('',(-2.225E0,-9.55E-1,5.8E0));
#1824=VERTEX_POINT('',#1822);
#1825=VERTEX_POINT('',#1823);
#1826=CARTESIAN_POINT('',(-2.225E0,9.55E-1,5.8E0));
#1827=CARTESIAN_POINT('',(-2.225E0,1.585E0,5.8E0));
#1828=VERTEX_POINT('',#1826);
#1829=VERTEX_POINT('',#1827);
#1830=CARTESIAN_POINT('',(-2.225E0,1.585E0,-3.6E0));
#1831=CARTESIAN_POINT('',(-2.225E0,1.77E0,-3.785E0));
#1832=VERTEX_POINT('',#1830);
#1833=VERTEX_POINT('',#1831);
#1834=CARTESIAN_POINT('',(-2.225E0,3.81E0,-3.785E0));
#1835=VERTEX_POINT('',#1834);
#1836=CARTESIAN_POINT('',(-2.225E0,3.81E0,-4.415E0));
#1837=VERTEX_POINT('',#1836);
#1838=CARTESIAN_POINT('',(-2.225E0,1.77E0,-4.415E0));
#1839=VERTEX_POINT('',#1838);
#1840=CARTESIAN_POINT('',(-2.225E0,9.55E-1,-3.6E0));
#1841=VERTEX_POINT('',#1840);
#1842=CARTESIAN_POINT('',(-2.855E0,-9.55E-1,-3.6E0));
#1843=CARTESIAN_POINT('',(-2.855E0,-1.77E0,-4.415E0));
#1844=VERTEX_POINT('',#1842);
#1845=VERTEX_POINT('',#1843);
#1846=CARTESIAN_POINT('',(-2.855E0,-3.81E0,-4.415E0));
#1847=VERTEX_POINT('',#1846);
#1848=CARTESIAN_POINT('',(-2.855E0,-3.81E0,-3.785E0));
#1849=VERTEX_POINT('',#1848);
#1850=CARTESIAN_POINT('',(-2.855E0,-1.77E0,-3.785E0));
#1851=VERTEX_POINT('',#1850);
#1852=CARTESIAN_POINT('',(-2.855E0,-1.585E0,-3.6E0));
#1853=VERTEX_POINT('',#1852);
#1854=CARTESIAN_POINT('',(-2.855E0,-1.585E0,5.8E0));
#1855=CARTESIAN_POINT('',(-2.855E0,-9.55E-1,5.8E0));
#1856=VERTEX_POINT('',#1854);
#1857=VERTEX_POINT('',#1855);
#1858=CARTESIAN_POINT('',(-2.855E0,9.55E-1,5.8E0));
#1859=CARTESIAN_POINT('',(-2.855E0,1.585E0,5.8E0));
#1860=VERTEX_POINT('',#1858);
#1861=VERTEX_POINT('',#1859);
#1862=CARTESIAN_POINT('',(-2.855E0,1.585E0,-3.6E0));
#1863=CARTESIAN_POINT('',(-2.855E0,1.77E0,-3.785E0));
#1864=VERTEX_POINT('',#1862);
#1865=VERTEX_POINT('',#1863);
#1866=CARTESIAN_POINT('',(-2.855E0,3.81E0,-3.785E0));
#1867=VERTEX_POINT('',#1866);
#1868=CARTESIAN_POINT('',(-2.855E0,3.81E0,-4.415E0));
#1869=VERTEX_POINT('',#1868);
#1870=CARTESIAN_POINT('',(-2.855E0,1.77E0,-4.415E0));
#1871=VERTEX_POINT('',#1870);
#1872=CARTESIAN_POINT('',(-2.855E0,9.55E-1,-3.6E0));
#1873=VERTEX_POINT('',#1872);
#1874=CARTESIAN_POINT('',(-2.225E0,-1.585E0,-2.5E0));
#1875=CARTESIAN_POINT('',(-2.225E0,-9.55E-1,-2.5E0));
#1876=VERTEX_POINT('',#1874);
#1877=VERTEX_POINT('',#1875);
#1878=CARTESIAN_POINT('',(-2.225E0,9.55E-1,-2.5E0));
#1879=CARTESIAN_POINT('',(-2.225E0,1.585E0,-2.5E0));
#1880=VERTEX_POINT('',#1878);
#1881=VERTEX_POINT('',#1879);
#1882=CARTESIAN_POINT('',(-2.855E0,-1.585E0,-2.5E0));
#1883=CARTESIAN_POINT('',(-2.855E0,-9.55E-1,-2.5E0));
#1884=VERTEX_POINT('',#1882);
#1885=VERTEX_POINT('',#1883);
#1886=CARTESIAN_POINT('',(-2.855E0,9.55E-1,-2.5E0));
#1887=CARTESIAN_POINT('',(-2.855E0,1.585E0,-2.5E0));
#1888=VERTEX_POINT('',#1886);
#1889=VERTEX_POINT('',#1887);
#1890=CARTESIAN_POINT('',(-2.225E0,1.585E0,0.E0));
#1891=CARTESIAN_POINT('',(-2.225E0,9.55E-1,0.E0));
#1892=VERTEX_POINT('',#1890);
#1893=VERTEX_POINT('',#1891);
#1894=CARTESIAN_POINT('',(-2.225E0,-9.55E-1,0.E0));
#1895=CARTESIAN_POINT('',(-2.225E0,-1.585E0,0.E0));
#1896=VERTEX_POINT('',#1894);
#1897=VERTEX_POINT('',#1895);
#1898=CARTESIAN_POINT('',(-2.855E0,1.585E0,0.E0));
#1899=CARTESIAN_POINT('',(-2.855E0,9.55E-1,0.E0));
#1900=VERTEX_POINT('',#1898);
#1901=VERTEX_POINT('',#1899);
#1902=CARTESIAN_POINT('',(-2.855E0,-9.55E-1,0.E0));
#1903=CARTESIAN_POINT('',(-2.855E0,-1.585E0,0.E0));
#1904=VERTEX_POINT('',#1902);
#1905=VERTEX_POINT('',#1903);
#1906=CARTESIAN_POINT('',(3.15E-1,-9.55E-1,-3.6E0));
#1907=CARTESIAN_POINT('',(3.15E-1,-1.77E0,-4.415E0));
#1908=VERTEX_POINT('',#1906);
#1909=VERTEX_POINT('',#1907);
#1910=CARTESIAN_POINT('',(3.15E-1,-3.81E0,-4.415E0));
#1911=VERTEX_POINT('',#1910);
#1912=CARTESIAN_POINT('',(3.15E-1,-3.81E0,-3.785E0));
#1913=VERTEX_POINT('',#1912);
#1914=CARTESIAN_POINT('',(3.15E-1,-1.77E0,-3.785E0));
#1915=VERTEX_POINT('',#1914);
#1916=CARTESIAN_POINT('',(3.15E-1,-1.585E0,-3.6E0));
#1917=VERTEX_POINT('',#1916);
#1918=CARTESIAN_POINT('',(3.15E-1,-1.585E0,5.8E0));
#1919=CARTESIAN_POINT('',(3.15E-1,-9.55E-1,5.8E0));
#1920=VERTEX_POINT('',#1918);
#1921=VERTEX_POINT('',#1919);
#1922=CARTESIAN_POINT('',(3.15E-1,9.55E-1,5.8E0));
#1923=CARTESIAN_POINT('',(3.15E-1,1.585E0,5.8E0));
#1924=VERTEX_POINT('',#1922);
#1925=VERTEX_POINT('',#1923);
#1926=CARTESIAN_POINT('',(3.15E-1,1.585E0,-3.6E0));
#1927=CARTESIAN_POINT('',(3.15E-1,1.77E0,-3.785E0));
#1928=VERTEX_POINT('',#1926);
#1929=VERTEX_POINT('',#1927);
#1930=CARTESIAN_POINT('',(3.15E-1,3.81E0,-3.785E0));
#1931=VERTEX_POINT('',#1930);
#1932=CARTESIAN_POINT('',(3.15E-1,3.81E0,-4.415E0));
#1933=VERTEX_POINT('',#1932);
#1934=CARTESIAN_POINT('',(3.15E-1,1.77E0,-4.415E0));
#1935=VERTEX_POINT('',#1934);
#1936=CARTESIAN_POINT('',(3.15E-1,9.55E-1,-3.6E0));
#1937=VERTEX_POINT('',#1936);
#1938=CARTESIAN_POINT('',(-3.15E-1,-9.55E-1,-3.6E0));
#1939=CARTESIAN_POINT('',(-3.15E-1,-1.77E0,-4.415E0));
#1940=VERTEX_POINT('',#1938);
#1941=VERTEX_POINT('',#1939);
#1942=CARTESIAN_POINT('',(-3.15E-1,-3.81E0,-4.415E0));
#1943=VERTEX_POINT('',#1942);
#1944=CARTESIAN_POINT('',(-3.15E-1,-3.81E0,-3.785E0));
#1945=VERTEX_POINT('',#1944);
#1946=CARTESIAN_POINT('',(-3.15E-1,-1.77E0,-3.785E0));
#1947=VERTEX_POINT('',#1946);
#1948=CARTESIAN_POINT('',(-3.15E-1,-1.585E0,-3.6E0));
#1949=VERTEX_POINT('',#1948);
#1950=CARTESIAN_POINT('',(-3.15E-1,-1.585E0,5.8E0));
#1951=CARTESIAN_POINT('',(-3.15E-1,-9.55E-1,5.8E0));
#1952=VERTEX_POINT('',#1950);
#1953=VERTEX_POINT('',#1951);
#1954=CARTESIAN_POINT('',(-3.15E-1,9.55E-1,5.8E0));
#1955=CARTESIAN_POINT('',(-3.15E-1,1.585E0,5.8E0));
#1956=VERTEX_POINT('',#1954);
#1957=VERTEX_POINT('',#1955);
#1958=CARTESIAN_POINT('',(-3.15E-1,1.585E0,-3.6E0));
#1959=CARTESIAN_POINT('',(-3.15E-1,1.77E0,-3.785E0));
#1960=VERTEX_POINT('',#1958);
#1961=VERTEX_POINT('',#1959);
#1962=CARTESIAN_POINT('',(-3.15E-1,3.81E0,-3.785E0));
#1963=VERTEX_POINT('',#1962);
#1964=CARTESIAN_POINT('',(-3.15E-1,3.81E0,-4.415E0));
#1965=VERTEX_POINT('',#1964);
#1966=CARTESIAN_POINT('',(-3.15E-1,1.77E0,-4.415E0));
#1967=VERTEX_POINT('',#1966);
#1968=CARTESIAN_POINT('',(-3.15E-1,9.55E-1,-3.6E0));
#1969=VERTEX_POINT('',#1968);
#1970=CARTESIAN_POINT('',(3.15E-1,-1.585E0,-2.5E0));
#1971=CARTESIAN_POINT('',(3.15E-1,-9.55E-1,-2.5E0));
#1972=VERTEX_POINT('',#1970);
#1973=VERTEX_POINT('',#1971);
#1974=CARTESIAN_POINT('',(3.15E-1,9.55E-1,-2.5E0));
#1975=CARTESIAN_POINT('',(3.15E-1,1.585E0,-2.5E0));
#1976=VERTEX_POINT('',#1974);
#1977=VERTEX_POINT('',#1975);
#1978=CARTESIAN_POINT('',(-3.15E-1,-1.585E0,-2.5E0));
#1979=CARTESIAN_POINT('',(-3.15E-1,-9.55E-1,-2.5E0));
#1980=VERTEX_POINT('',#1978);
#1981=VERTEX_POINT('',#1979);
#1982=CARTESIAN_POINT('',(-3.15E-1,9.55E-1,-2.5E0));
#1983=CARTESIAN_POINT('',(-3.15E-1,1.585E0,-2.5E0));
#1984=VERTEX_POINT('',#1982);
#1985=VERTEX_POINT('',#1983);
#1986=CARTESIAN_POINT('',(3.15E-1,1.585E0,0.E0));
#1987=CARTESIAN_POINT('',(3.15E-1,9.55E-1,0.E0));
#1988=VERTEX_POINT('',#1986);
#1989=VERTEX_POINT('',#1987);
#1990=CARTESIAN_POINT('',(3.15E-1,-9.55E-1,0.E0));
#1991=CARTESIAN_POINT('',(3.15E-1,-1.585E0,0.E0));
#1992=VERTEX_POINT('',#1990);
#1993=VERTEX_POINT('',#1991);
#1994=CARTESIAN_POINT('',(-3.15E-1,1.585E0,0.E0));
#1995=CARTESIAN_POINT('',(-3.15E-1,9.55E-1,0.E0));
#1996=VERTEX_POINT('',#1994);
#1997=VERTEX_POINT('',#1995);
#1998=CARTESIAN_POINT('',(-3.15E-1,-9.55E-1,0.E0));
#1999=CARTESIAN_POINT('',(-3.15E-1,-1.585E0,0.E0));
#2000=VERTEX_POINT('',#1998);
#2001=VERTEX_POINT('',#1999);
#2002=CARTESIAN_POINT('',(2.855E0,-9.55E-1,-3.6E0));
#2003=CARTESIAN_POINT('',(2.855E0,-1.77E0,-4.415E0));
#2004=VERTEX_POINT('',#2002);
#2005=VERTEX_POINT('',#2003);
#2006=CARTESIAN_POINT('',(2.855E0,-3.81E0,-4.415E0));
#2007=VERTEX_POINT('',#2006);
#2008=CARTESIAN_POINT('',(2.855E0,-3.81E0,-3.785E0));
#2009=VERTEX_POINT('',#2008);
#2010=CARTESIAN_POINT('',(2.855E0,-1.77E0,-3.785E0));
#2011=VERTEX_POINT('',#2010);
#2012=CARTESIAN_POINT('',(2.855E0,-1.585E0,-3.6E0));
#2013=VERTEX_POINT('',#2012);
#2014=CARTESIAN_POINT('',(2.855E0,-1.585E0,5.8E0));
#2015=CARTESIAN_POINT('',(2.855E0,-9.55E-1,5.8E0));
#2016=VERTEX_POINT('',#2014);
#2017=VERTEX_POINT('',#2015);
#2018=CARTESIAN_POINT('',(2.855E0,9.55E-1,5.8E0));
#2019=CARTESIAN_POINT('',(2.855E0,1.585E0,5.8E0));
#2020=VERTEX_POINT('',#2018);
#2021=VERTEX_POINT('',#2019);
#2022=CARTESIAN_POINT('',(2.855E0,1.585E0,-3.6E0));
#2023=CARTESIAN_POINT('',(2.855E0,1.77E0,-3.785E0));
#2024=VERTEX_POINT('',#2022);
#2025=VERTEX_POINT('',#2023);
#2026=CARTESIAN_POINT('',(2.855E0,3.81E0,-3.785E0));
#2027=VERTEX_POINT('',#2026);
#2028=CARTESIAN_POINT('',(2.855E0,3.81E0,-4.415E0));
#2029=VERTEX_POINT('',#2028);
#2030=CARTESIAN_POINT('',(2.855E0,1.77E0,-4.415E0));
#2031=VERTEX_POINT('',#2030);
#2032=CARTESIAN_POINT('',(2.855E0,9.55E-1,-3.6E0));
#2033=VERTEX_POINT('',#2032);
#2034=CARTESIAN_POINT('',(2.225E0,-9.55E-1,-3.6E0));
#2035=CARTESIAN_POINT('',(2.225E0,-1.77E0,-4.415E0));
#2036=VERTEX_POINT('',#2034);
#2037=VERTEX_POINT('',#2035);
#2038=CARTESIAN_POINT('',(2.225E0,-3.81E0,-4.415E0));
#2039=VERTEX_POINT('',#2038);
#2040=CARTESIAN_POINT('',(2.225E0,-3.81E0,-3.785E0));
#2041=VERTEX_POINT('',#2040);
#2042=CARTESIAN_POINT('',(2.225E0,-1.77E0,-3.785E0));
#2043=VERTEX_POINT('',#2042);
#2044=CARTESIAN_POINT('',(2.225E0,-1.585E0,-3.6E0));
#2045=VERTEX_POINT('',#2044);
#2046=CARTESIAN_POINT('',(2.225E0,-1.585E0,5.8E0));
#2047=CARTESIAN_POINT('',(2.225E0,-9.55E-1,5.8E0));
#2048=VERTEX_POINT('',#2046);
#2049=VERTEX_POINT('',#2047);
#2050=CARTESIAN_POINT('',(2.225E0,9.55E-1,5.8E0));
#2051=CARTESIAN_POINT('',(2.225E0,1.585E0,5.8E0));
#2052=VERTEX_POINT('',#2050);
#2053=VERTEX_POINT('',#2051);
#2054=CARTESIAN_POINT('',(2.225E0,1.585E0,-3.6E0));
#2055=CARTESIAN_POINT('',(2.225E0,1.77E0,-3.785E0));
#2056=VERTEX_POINT('',#2054);
#2057=VERTEX_POINT('',#2055);
#2058=CARTESIAN_POINT('',(2.225E0,3.81E0,-3.785E0));
#2059=VERTEX_POINT('',#2058);
#2060=CARTESIAN_POINT('',(2.225E0,3.81E0,-4.415E0));
#2061=VERTEX_POINT('',#2060);
#2062=CARTESIAN_POINT('',(2.225E0,1.77E0,-4.415E0));
#2063=VERTEX_POINT('',#2062);
#2064=CARTESIAN_POINT('',(2.225E0,9.55E-1,-3.6E0));
#2065=VERTEX_POINT('',#2064);
#2066=CARTESIAN_POINT('',(1.82E0,-2.5E0,-2.8E0));
#2067=CARTESIAN_POINT('',(1.82E0,-2.E0,-2.8E0));
#2068=VERTEX_POINT('',#2066);
#2069=VERTEX_POINT('',#2067);
#2070=CARTESIAN_POINT('',(1.52E0,-2.E0,-2.5E0));
#2071=VERTEX_POINT('',#2070);
#2072=CARTESIAN_POINT('',(1.52E0,2.E0,-2.5E0));
#2073=VERTEX_POINT('',#2072);
#2074=CARTESIAN_POINT('',(1.82E0,2.E0,-2.8E0));
#2075=VERTEX_POINT('',#2074);
#2076=CARTESIAN_POINT('',(1.82E0,2.5E0,-2.8E0));
#2077=VERTEX_POINT('',#2076);
#2078=CARTESIAN_POINT('',(1.52E0,2.3E0,0.E0));
#2079=CARTESIAN_POINT('',(1.52E0,-2.3E0,0.E0));
#2080=VERTEX_POINT('',#2078);
#2081=VERTEX_POINT('',#2079);
#2082=VERTEX_POINT('',#724);
#2083=VERTEX_POINT('',#728);
#2084=CARTESIAN_POINT('',(1.52E0,-2.5E0,-2.5E0));
#2085=VERTEX_POINT('',#2084);
#2086=CARTESIAN_POINT('',(1.52E0,2.5E0,-2.5E0));
#2087=CARTESIAN_POINT('',(1.52E0,2.5E0,-2.E-1));
#2088=VERTEX_POINT('',#2086);
#2089=VERTEX_POINT('',#2087);
#2090=VERTEX_POINT('',#244);
#2091=CARTESIAN_POINT('',(3.81E0,2.25E0,-2.25E0));
#2092=CARTESIAN_POINT('',(3.81E0,2.25E0,-2.5E-1));
#2093=VERTEX_POINT('',#2091);
#2094=VERTEX_POINT('',#2092);
#2095=CARTESIAN_POINT('',(3.81E0,-2.25E0,-2.25E0));
#2096=CARTESIAN_POINT('',(3.81E0,-2.25E0,-2.5E-1));
#2097=VERTEX_POINT('',#2095);
#2098=VERTEX_POINT('',#2096);
#2099=VERTEX_POINT('',#718);
#2100=VERTEX_POINT('',#722);
#2101=CARTESIAN_POINT('',(3.56E0,-2.5E0,-2.5E0));
#2102=VERTEX_POINT('',#2101);
#2103=CARTESIAN_POINT('',(3.56E0,2.5E0,-2.5E0));
#2104=CARTESIAN_POINT('',(3.56E0,2.5E0,-2.E-1));
#2105=VERTEX_POINT('',#2103);
#2106=VERTEX_POINT('',#2104);
#2107=VERTEX_POINT('',#226);
#2108=CARTESIAN_POINT('',(2.855E0,-1.585E0,-2.5E0));
#2109=CARTESIAN_POINT('',(2.855E0,-9.55E-1,-2.5E0));
#2110=VERTEX_POINT('',#2108);
#2111=VERTEX_POINT('',#2109);
#2112=CARTESIAN_POINT('',(2.855E0,9.55E-1,-2.5E0));
#2113=CARTESIAN_POINT('',(2.855E0,1.585E0,-2.5E0));
#2114=VERTEX_POINT('',#2112);
#2115=VERTEX_POINT('',#2113);
#2116=CARTESIAN_POINT('',(2.225E0,-1.585E0,-2.5E0));
#2117=CARTESIAN_POINT('',(2.225E0,-9.55E-1,-2.5E0));
#2118=VERTEX_POINT('',#2116);
#2119=VERTEX_POINT('',#2117);
#2120=CARTESIAN_POINT('',(2.225E0,9.55E-1,-2.5E0));
#2121=CARTESIAN_POINT('',(2.225E0,1.585E0,-2.5E0));
#2122=VERTEX_POINT('',#2120);
#2123=VERTEX_POINT('',#2121);
#2124=CARTESIAN_POINT('',(2.855E0,1.585E0,0.E0));
#2125=CARTESIAN_POINT('',(2.855E0,9.55E-1,0.E0));
#2126=VERTEX_POINT('',#2124);
#2127=VERTEX_POINT('',#2125);
#2128=CARTESIAN_POINT('',(2.855E0,-9.55E-1,0.E0));
#2129=CARTESIAN_POINT('',(2.855E0,-1.585E0,0.E0));
#2130=VERTEX_POINT('',#2128);
#2131=VERTEX_POINT('',#2129);
#2132=CARTESIAN_POINT('',(2.225E0,1.585E0,0.E0));
#2133=CARTESIAN_POINT('',(2.225E0,9.55E-1,0.E0));
#2134=VERTEX_POINT('',#2132);
#2135=VERTEX_POINT('',#2133);
#2136=CARTESIAN_POINT('',(2.225E0,-9.55E-1,0.E0));
#2137=CARTESIAN_POINT('',(2.225E0,-1.585E0,0.E0));
#2138=VERTEX_POINT('',#2136);
#2139=VERTEX_POINT('',#2137);
#2140=CARTESIAN_POINT('',(3.26E0,-2.5E0,-2.8E0));
#2141=CARTESIAN_POINT('',(3.26E0,-2.E0,-2.8E0));
#2142=VERTEX_POINT('',#2140);
#2143=VERTEX_POINT('',#2141);
#2144=CARTESIAN_POINT('',(3.56E0,-2.E0,-2.5E0));
#2145=VERTEX_POINT('',#2144);
#2146=CARTESIAN_POINT('',(3.56E0,2.E0,-2.5E0));
#2147=VERTEX_POINT('',#2146);
#2148=CARTESIAN_POINT('',(3.26E0,2.E0,-2.8E0));
#2149=VERTEX_POINT('',#2148);
#2150=CARTESIAN_POINT('',(3.26E0,2.5E0,-2.8E0));
#2151=VERTEX_POINT('',#2150);
#2152=CARTESIAN_POINT('',(3.56E0,2.3E0,0.E0));
#2153=CARTESIAN_POINT('',(3.56E0,-2.3E0,0.E0));
#2154=VERTEX_POINT('',#2152);
#2155=VERTEX_POINT('',#2153);
#2156=CARTESIAN_POINT('',(-3.81E0,0.E0,0.E0));
#2157=DIRECTION('',(1.E0,0.E0,0.E0));
#2158=DIRECTION('',(0.E0,1.E0,0.E0));
#2159=AXIS2_PLACEMENT_3D('',#2156,#2157,#2158);
#2160=PLANE('',#2159);
#2162=ORIENTED_EDGE('',*,*,#2161,.T.);
#2164=ORIENTED_EDGE('',*,*,#2163,.F.);
#2166=ORIENTED_EDGE('',*,*,#2165,.F.);
#2168=ORIENTED_EDGE('',*,*,#2167,.T.);
#2169=EDGE_LOOP('',(#2162,#2164,#2166,#2168));
#2170=FACE_OUTER_BOUND('',#2169,.F.);
#2172=CARTESIAN_POINT('',(-3.81E0,2.25E0,0.E0));
#2173=DIRECTION('',(7.071067811865E-1,-7.071067811865E-1,0.E0));
#2174=DIRECTION('',(7.071067811865E-1,7.071067811865E-1,0.E0));
#2175=AXIS2_PLACEMENT_3D('',#2172,#2173,#2174);
#2176=PLANE('',#2175);
#2178=ORIENTED_EDGE('',*,*,#2177,.T.);
#2180=ORIENTED_EDGE('',*,*,#2179,.T.);
#2182=ORIENTED_EDGE('',*,*,#2181,.T.);
#2184=ORIENTED_EDGE('',*,*,#2183,.F.);
#2185=ORIENTED_EDGE('',*,*,#2161,.F.);
#2186=EDGE_LOOP('',(#2178,#2180,#2182,#2184,#2185));
#2187=FACE_OUTER_BOUND('',#2186,.F.);
#2189=CARTESIAN_POINT('',(-3.26E0,-2.5E0,-2.8E0));
#2190=DIRECTION('',(7.071067811865E-1,0.E0,7.071067811865E-1));
#2191=DIRECTION('',(-7.071067811865E-1,0.E0,7.071067811865E-1));
#2192=AXIS2_PLACEMENT_3D('',#2189,#2190,#2191);
#2193=PLANE('',#2192);
#2194=ORIENTED_EDGE('',*,*,#2177,.F.);
#2195=ORIENTED_EDGE('',*,*,#2167,.F.);
#2197=ORIENTED_EDGE('',*,*,#2196,.T.);
#2199=ORIENTED_EDGE('',*,*,#2198,.F.);
#2201=ORIENTED_EDGE('',*,*,#2200,.T.);
#2203=ORIENTED_EDGE('',*,*,#2202,.F.);
#2205=ORIENTED_EDGE('',*,*,#2204,.T.);
#2207=ORIENTED_EDGE('',*,*,#2206,.T.);
#2209=ORIENTED_EDGE('',*,*,#2208,.T.);
#2211=ORIENTED_EDGE('',*,*,#2210,.T.);
#2212=EDGE_LOOP('',(#2194,#2195,#2197,#2199,#2201,#2203,#2205,#2207,#2209,
#2211));
#2213=FACE_OUTER_BOUND('',#2212,.F.);
#2215=CARTESIAN_POINT('',(-3.56E0,-2.5E0,0.E0));
#2216=DIRECTION('',(7.071067811865E-1,7.071067811865E-1,0.E0));
#2217=DIRECTION('',(-7.071067811865E-1,7.071067811865E-1,0.E0));
#2218=AXIS2_PLACEMENT_3D('',#2215,#2216,#2217);
#2219=PLANE('',#2218);
#2221=ORIENTED_EDGE('',*,*,#2220,.T.);
#2223=ORIENTED_EDGE('',*,*,#2222,.T.);
#2225=ORIENTED_EDGE('',*,*,#2224,.T.);
#2226=ORIENTED_EDGE('',*,*,#2196,.F.);
#2227=ORIENTED_EDGE('',*,*,#2165,.T.);
#2228=EDGE_LOOP('',(#2221,#2223,#2225,#2226,#2227));
#2229=FACE_OUTER_BOUND('',#2228,.F.);
#2231=CARTESIAN_POINT('',(-3.81E0,-2.5E0,-2.5E-1));
#2232=DIRECTION('',(7.071067811865E-1,0.E0,-7.071067811865E-1));
#2233=DIRECTION('',(7.071067811865E-1,0.E0,7.071067811865E-1));
#2234=AXIS2_PLACEMENT_3D('',#2231,#2232,#2233);
#2235=PLANE('',#2234);
#2236=ORIENTED_EDGE('',*,*,#2183,.T.);
#2238=ORIENTED_EDGE('',*,*,#2237,.T.);
#2240=ORIENTED_EDGE('',*,*,#2239,.T.);
#2242=ORIENTED_EDGE('',*,*,#2241,.T.);
#2243=ORIENTED_EDGE('',*,*,#2220,.F.);
#2244=ORIENTED_EDGE('',*,*,#2163,.T.);
#2245=EDGE_LOOP('',(#2236,#2238,#2240,#2242,#2243,#2244));
#2246=FACE_OUTER_BOUND('',#2245,.F.);
#2248=CARTESIAN_POINT('',(-3.81E0,2.3E0,-2.E-1));
#2249=DIRECTION('',(1.E0,0.E0,0.E0));
#2250=DIRECTION('',(0.E0,1.E0,0.E0));
#2251=AXIS2_PLACEMENT_3D('',#2248,#2249,#2250);
#2252=CYLINDRICAL_SURFACE('',#2251,2.E-1);
#2254=ORIENTED_EDGE('',*,*,#2253,.T.);
#2256=ORIENTED_EDGE('',*,*,#2255,.T.);
#2258=ORIENTED_EDGE('',*,*,#2257,.F.);
#2259=ORIENTED_EDGE('',*,*,#2237,.F.);
#2260=ORIENTED_EDGE('',*,*,#2181,.F.);
#2262=ORIENTED_EDGE('',*,*,#2261,.T.);
#2263=EDGE_LOOP('',(#2254,#2256,#2258,#2259,#2260,#2262));
#2264=FACE_OUTER_BOUND('',#2263,.F.);
#2266=CARTESIAN_POINT('',(-3.81E0,2.3E0,-2.E-1));
#2267=DIRECTION('',(1.E0,0.E0,0.E0));
#2268=DIRECTION('',(0.E0,1.E0,0.E0));
#2269=AXIS2_PLACEMENT_3D('',#2266,#2267,#2268);
#2270=CYLINDRICAL_SURFACE('',#2269,2.E-1);
#2272=ORIENTED_EDGE('',*,*,#2271,.T.);
#2274=ORIENTED_EDGE('',*,*,#2273,.T.);
#2276=ORIENTED_EDGE('',*,*,#2275,.F.);
#2278=ORIENTED_EDGE('',*,*,#2277,.F.);
#2280=ORIENTED_EDGE('',*,*,#2279,.F.);
#2282=ORIENTED_EDGE('',*,*,#2281,.T.);
#2283=EDGE_LOOP('',(#2272,#2274,#2276,#2278,#2280,#2282));
#2284=FACE_OUTER_BOUND('',#2283,.F.);
#2286=CARTESIAN_POINT('',(-3.81E0,2.3E0,-2.E-1));
#2287=DIRECTION('',(1.E0,0.E0,0.E0));
#2288=DIRECTION('',(0.E0,1.E0,0.E0));
#2289=AXIS2_PLACEMENT_3D('',#2286,#2287,#2288);
#2290=CYLINDRICAL_SURFACE('',#2289,2.E-1);
#2292=ORIENTED_EDGE('',*,*,#2291,.T.);
#2294=ORIENTED_EDGE('',*,*,#2293,.T.);
#2296=ORIENTED_EDGE('',*,*,#2295,.F.);
#2298=ORIENTED_EDGE('',*,*,#2297,.F.);
#2300=ORIENTED_EDGE('',*,*,#2299,.F.);
#2302=ORIENTED_EDGE('',*,*,#2301,.T.);
#2303=EDGE_LOOP('',(#2292,#2294,#2296,#2298,#2300,#2302));
#2304=FACE_OUTER_BOUND('',#2303,.F.);
#2306=CARTESIAN_POINT('',(-1.52E0,2.5E0,0.E0));
#2307=DIRECTION('',(-7.071067811865E-1,-7.071067811865E-1,0.E0));
#2308=DIRECTION('',(7.071067811865E-1,-7.071067811865E-1,0.E0));
#2309=AXIS2_PLACEMENT_3D('',#2306,#2307,#2308);
#2310=PLANE('',#2309);
#2312=ORIENTED_EDGE('',*,*,#2311,.F.);
#2314=ORIENTED_EDGE('',*,*,#2313,.F.);
#2316=ORIENTED_EDGE('',*,*,#2315,.F.);
#2318=ORIENTED_EDGE('',*,*,#2317,.F.);
#2319=ORIENTED_EDGE('',*,*,#2253,.F.);
#2320=EDGE_LOOP('',(#2312,#2314,#2316,#2318,#2319));
#2321=FACE_OUTER_BOUND('',#2320,.F.);
#2323=CARTESIAN_POINT('',(-3.81E0,2.5E0,-2.8E0));
#2324=DIRECTION('',(0.E0,1.E0,0.E0));
#2325=DIRECTION('',(0.E0,0.E0,1.E0));
#2326=AXIS2_PLACEMENT_3D('',#2323,#2324,#2325);
#2327=PLANE('',#2326);
#2328=ORIENTED_EDGE('',*,*,#2311,.T.);
#2329=ORIENTED_EDGE('',*,*,#2261,.F.);
#2330=ORIENTED_EDGE('',*,*,#2179,.F.);
#2331=ORIENTED_EDGE('',*,*,#2210,.F.);
#2333=ORIENTED_EDGE('',*,*,#2332,.T.);
#2335=ORIENTED_EDGE('',*,*,#2334,.F.);
#2336=EDGE_LOOP('',(#2328,#2329,#2330,#2331,#2333,#2335));
#2337=FACE_OUTER_BOUND('',#2336,.F.);
#2339=CARTESIAN_POINT('',(-3.81E0,2.5E0,-2.8E0));
#2340=DIRECTION('',(0.E0,1.E0,0.E0));
#2341=DIRECTION('',(0.E0,0.E0,1.E0));
#2342=AXIS2_PLACEMENT_3D('',#2339,#2340,#2341);
#2343=PLANE('',#2342);
#2345=ORIENTED_EDGE('',*,*,#2344,.T.);
#2346=ORIENTED_EDGE('',*,*,#2281,.F.);
#2348=ORIENTED_EDGE('',*,*,#2347,.F.);
#2350=ORIENTED_EDGE('',*,*,#2349,.F.);
#2352=ORIENTED_EDGE('',*,*,#2351,.T.);
#2354=ORIENTED_EDGE('',*,*,#2353,.F.);
#2355=EDGE_LOOP('',(#2345,#2346,#2348,#2350,#2352,#2354));
#2356=FACE_OUTER_BOUND('',#2355,.F.);
#2358=CARTESIAN_POINT('',(-3.81E0,2.5E0,-2.8E0));
#2359=DIRECTION('',(0.E0,1.E0,0.E0));
#2360=DIRECTION('',(0.E0,0.E0,1.E0));
#2361=AXIS2_PLACEMENT_3D('',#2358,#2359,#2360);
#2362=PLANE('',#2361);
#2364=ORIENTED_EDGE('',*,*,#2363,.T.);
#2365=ORIENTED_EDGE('',*,*,#2301,.F.);
#2367=ORIENTED_EDGE('',*,*,#2366,.F.);
#2369=ORIENTED_EDGE('',*,*,#2368,.F.);
#2371=ORIENTED_EDGE('',*,*,#2370,.T.);
#2373=ORIENTED_EDGE('',*,*,#2372,.F.);
#2374=EDGE_LOOP('',(#2364,#2365,#2367,#2369,#2371,#2373));
#2375=FACE_OUTER_BOUND('',#2374,.F.);
#2377=CARTESIAN_POINT('',(-3.81E0,2.E0,-2.8E0));
#2378=DIRECTION('',(0.E0,0.E0,-1.E0));
#2379=DIRECTION('',(0.E0,1.E0,0.E0));
#2380=AXIS2_PLACEMENT_3D('',#2377,#2378,#2379);
#2381=PLANE('',#2380);
#2383=ORIENTED_EDGE('',*,*,#2382,.T.);
#2384=ORIENTED_EDGE('',*,*,#2332,.F.);
#2385=ORIENTED_EDGE('',*,*,#2208,.F.);
#2387=ORIENTED_EDGE('',*,*,#2386,.T.);
#2388=EDGE_LOOP('',(#2383,#2384,#2385,#2387));
#2389=FACE_OUTER_BOUND('',#2388,.F.);
#2391=CARTESIAN_POINT('',(-3.81E0,2.E0,-2.8E0));
#2392=DIRECTION('',(0.E0,0.E0,-1.E0));
#2393=DIRECTION('',(0.E0,1.E0,0.E0));
#2394=AXIS2_PLACEMENT_3D('',#2391,#2392,#2393);
#2395=PLANE('',#2394);
#2397=ORIENTED_EDGE('',*,*,#2396,.T.);
#2398=ORIENTED_EDGE('',*,*,#2351,.F.);
#2400=ORIENTED_EDGE('',*,*,#2399,.F.);
#2402=ORIENTED_EDGE('',*,*,#2401,.T.);
#2403=EDGE_LOOP('',(#2397,#2398,#2400,#2402));
#2404=FACE_OUTER_BOUND('',#2403,.F.);
#2406=CARTESIAN_POINT('',(-3.81E0,2.E0,-2.8E0));
#2407=DIRECTION('',(0.E0,0.E0,-1.E0));
#2408=DIRECTION('',(0.E0,1.E0,0.E0));
#2409=AXIS2_PLACEMENT_3D('',#2406,#2407,#2408);
#2410=PLANE('',#2409);
#2412=ORIENTED_EDGE('',*,*,#2411,.T.);
#2413=ORIENTED_EDGE('',*,*,#2370,.F.);
#2415=ORIENTED_EDGE('',*,*,#2414,.F.);
#2417=ORIENTED_EDGE('',*,*,#2416,.T.);
#2418=EDGE_LOOP('',(#2412,#2413,#2415,#2417));
#2419=FACE_OUTER_BOUND('',#2418,.F.);
#2421=CARTESIAN_POINT('',(-1.27E0,-2.5E0,-2.25E0));
#2422=DIRECTION('',(-7.071067811865E-1,0.E0,7.071067811865E-1));
#2423=DIRECTION('',(-7.071067811865E-1,0.E0,-7.071067811865E-1));
#2424=AXIS2_PLACEMENT_3D('',#2421,#2422,#2423);
#2425=PLANE('',#2424);
#2426=ORIENTED_EDGE('',*,*,#2313,.T.);
#2427=ORIENTED_EDGE('',*,*,#2334,.T.);
#2428=ORIENTED_EDGE('',*,*,#2382,.F.);
#2430=ORIENTED_EDGE('',*,*,#2429,.F.);
#2432=ORIENTED_EDGE('',*,*,#2431,.F.);
#2434=ORIENTED_EDGE('',*,*,#2433,.T.);
#2436=ORIENTED_EDGE('',*,*,#2435,.F.);
#2438=ORIENTED_EDGE('',*,*,#2437,.F.);
#2440=ORIENTED_EDGE('',*,*,#2439,.F.);
#2442=ORIENTED_EDGE('',*,*,#2441,.T.);
#2443=EDGE_LOOP('',(#2426,#2427,#2428,#2430,#2432,#2434,#2436,#2438,#2440,
#2442));
#2444=FACE_OUTER_BOUND('',#2443,.F.);
#2446=CARTESIAN_POINT('',(-3.81E0,2.E0,-2.5E0));
#2447=DIRECTION('',(0.E0,-1.E0,0.E0));
#2448=DIRECTION('',(0.E0,0.E0,-1.E0));
#2449=AXIS2_PLACEMENT_3D('',#2446,#2447,#2448);
#2450=PLANE('',#2449);
#2451=ORIENTED_EDGE('',*,*,#2429,.T.);
#2452=ORIENTED_EDGE('',*,*,#2386,.F.);
#2453=ORIENTED_EDGE('',*,*,#2206,.F.);
#2455=ORIENTED_EDGE('',*,*,#2454,.T.);
#2456=EDGE_LOOP('',(#2451,#2452,#2453,#2455));
#2457=FACE_OUTER_BOUND('',#2456,.F.);
#2459=CARTESIAN_POINT('',(-3.81E0,2.E0,-2.5E0));
#2460=DIRECTION('',(0.E0,-1.E0,0.E0));
#2461=DIRECTION('',(0.E0,0.E0,-1.E0));
#2462=AXIS2_PLACEMENT_3D('',#2459,#2460,#2461);
#2463=PLANE('',#2462);
#2465=ORIENTED_EDGE('',*,*,#2464,.T.);
#2466=ORIENTED_EDGE('',*,*,#2401,.F.);
#2468=ORIENTED_EDGE('',*,*,#2467,.T.);
#2470=ORIENTED_EDGE('',*,*,#2469,.T.);
#2471=EDGE_LOOP('',(#2465,#2466,#2468,#2470));
#2472=FACE_OUTER_BOUND('',#2471,.F.);
#2474=CARTESIAN_POINT('',(-3.81E0,2.E0,-2.5E0));
#2475=DIRECTION('',(0.E0,-1.E0,0.E0));
#2476=DIRECTION('',(0.E0,0.E0,-1.E0));
#2477=AXIS2_PLACEMENT_3D('',#2474,#2475,#2476);
#2478=PLANE('',#2477);
#2480=ORIENTED_EDGE('',*,*,#2479,.T.);
#2481=ORIENTED_EDGE('',*,*,#2416,.F.);
#2483=ORIENTED_EDGE('',*,*,#2482,.F.);
#2485=ORIENTED_EDGE('',*,*,#2484,.T.);
#2486=EDGE_LOOP('',(#2480,#2481,#2483,#2485));
#2487=FACE_OUTER_BOUND('',#2486,.F.);
#2489=CARTESIAN_POINT('',(-3.81E0,-2.E0,-2.5E0));
#2490=DIRECTION('',(0.E0,0.E0,-1.E0));
#2491=DIRECTION('',(0.E0,1.E0,0.E0));
#2492=AXIS2_PLACEMENT_3D('',#2489,#2490,#2491);
#2493=PLANE('',#2492);
#2494=ORIENTED_EDGE('',*,*,#2431,.T.);
#2495=ORIENTED_EDGE('',*,*,#2454,.F.);
#2496=ORIENTED_EDGE('',*,*,#2204,.F.);
#2498=ORIENTED_EDGE('',*,*,#2497,.T.);
#2499=EDGE_LOOP('',(#2494,#2495,#2496,#2498));
#2500=FACE_OUTER_BOUND('',#2499,.F.);
#2502=ORIENTED_EDGE('',*,*,#2501,.F.);
#2504=ORIENTED_EDGE('',*,*,#2503,.T.);
#2506=ORIENTED_EDGE('',*,*,#2505,.T.);
#2508=ORIENTED_EDGE('',*,*,#2507,.F.);
#2509=EDGE_LOOP('',(#2502,#2504,#2506,#2508));
#2510=FACE_BOUND('',#2509,.F.);
#2512=ORIENTED_EDGE('',*,*,#2511,.F.);
#2514=ORIENTED_EDGE('',*,*,#2513,.T.);
#2516=ORIENTED_EDGE('',*,*,#2515,.T.);
#2518=ORIENTED_EDGE('',*,*,#2517,.F.);
#2519=EDGE_LOOP('',(#2512,#2514,#2516,#2518));
#2520=FACE_BOUND('',#2519,.F.);
#2522=CARTESIAN_POINT('',(-3.81E0,-2.E0,-2.5E0));
#2523=DIRECTION('',(0.E0,0.E0,-1.E0));
#2524=DIRECTION('',(0.E0,1.E0,0.E0));
#2525=AXIS2_PLACEMENT_3D('',#2522,#2523,#2524);
#2526=PLANE('',#2525);
#2528=ORIENTED_EDGE('',*,*,#2527,.T.);
#2529=ORIENTED_EDGE('',*,*,#2469,.F.);
#2531=ORIENTED_EDGE('',*,*,#2530,.F.);
#2533=ORIENTED_EDGE('',*,*,#2532,.T.);
#2534=EDGE_LOOP('',(#2528,#2529,#2531,#2533));
#2535=FACE_OUTER_BOUND('',#2534,.F.);
#2537=ORIENTED_EDGE('',*,*,#2536,.F.);
#2539=ORIENTED_EDGE('',*,*,#2538,.T.);
#2541=ORIENTED_EDGE('',*,*,#2540,.T.);
#2543=ORIENTED_EDGE('',*,*,#2542,.F.);
#2544=EDGE_LOOP('',(#2537,#2539,#2541,#2543));
#2545=FACE_BOUND('',#2544,.F.);
#2547=ORIENTED_EDGE('',*,*,#2546,.F.);
#2549=ORIENTED_EDGE('',*,*,#2548,.T.);
#2551=ORIENTED_EDGE('',*,*,#2550,.T.);
#2553=ORIENTED_EDGE('',*,*,#2552,.F.);
#2554=EDGE_LOOP('',(#2547,#2549,#2551,#2553));
#2555=FACE_BOUND('',#2554,.F.);
#2557=CARTESIAN_POINT('',(-3.81E0,-2.E0,-2.5E0));
#2558=DIRECTION('',(0.E0,0.E0,-1.E0));
#2559=DIRECTION('',(0.E0,1.E0,0.E0));
#2560=AXIS2_PLACEMENT_3D('',#2557,#2558,#2559);
#2561=PLANE('',#2560);
#2563=ORIENTED_EDGE('',*,*,#2562,.T.);
#2564=ORIENTED_EDGE('',*,*,#2484,.F.);
#2566=ORIENTED_EDGE('',*,*,#2565,.F.);
#2568=ORIENTED_EDGE('',*,*,#2567,.T.);
#2569=EDGE_LOOP('',(#2563,#2564,#2566,#2568));
#2570=FACE_OUTER_BOUND('',#2569,.F.);
#2572=ORIENTED_EDGE('',*,*,#2571,.F.);
#2574=ORIENTED_EDGE('',*,*,#2573,.T.);
#2576=ORIENTED_EDGE('',*,*,#2575,.T.);
#2578=ORIENTED_EDGE('',*,*,#2577,.F.);
#2579=EDGE_LOOP('',(#2572,#2574,#2576,#2578));
#2580=FACE_BOUND('',#2579,.F.);
#2582=ORIENTED_EDGE('',*,*,#2581,.F.);
#2584=ORIENTED_EDGE('',*,*,#2583,.T.);
#2586=ORIENTED_EDGE('',*,*,#2585,.T.);
#2588=ORIENTED_EDGE('',*,*,#2587,.F.);
#2589=EDGE_LOOP('',(#2582,#2584,#2586,#2588));
#2590=FACE_BOUND('',#2589,.F.);
#2592=CARTESIAN_POINT('',(-3.81E0,-2.E0,-2.8E0));
#2593=DIRECTION('',(0.E0,1.E0,0.E0));
#2594=DIRECTION('',(0.E0,0.E0,1.E0));
#2595=AXIS2_PLACEMENT_3D('',#2592,#2593,#2594);
#2596=PLANE('',#2595);
#2597=ORIENTED_EDGE('',*,*,#2433,.F.);
#2598=ORIENTED_EDGE('',*,*,#2497,.F.);
#2599=ORIENTED_EDGE('',*,*,#2202,.T.);
#2601=ORIENTED_EDGE('',*,*,#2600,.T.);
#2602=EDGE_LOOP('',(#2597,#2598,#2599,#2601));
#2603=FACE_OUTER_BOUND('',#2602,.F.);
#2605=CARTESIAN_POINT('',(-3.81E0,-2.E0,-2.8E0));
#2606=DIRECTION('',(0.E0,1.E0,0.E0));
#2607=DIRECTION('',(0.E0,0.E0,1.E0));
#2608=AXIS2_PLACEMENT_3D('',#2605,#2606,#2607);
#2609=PLANE('',#2608);
#2611=ORIENTED_EDGE('',*,*,#2610,.F.);
#2612=ORIENTED_EDGE('',*,*,#2532,.F.);
#2614=ORIENTED_EDGE('',*,*,#2613,.F.);
#2616=ORIENTED_EDGE('',*,*,#2615,.T.);
#2617=EDGE_LOOP('',(#2611,#2612,#2614,#2616));
#2618=FACE_OUTER_BOUND('',#2617,.F.);
#2620=CARTESIAN_POINT('',(-3.81E0,-2.E0,-2.8E0));
#2621=DIRECTION('',(0.E0,1.E0,0.E0));
#2622=DIRECTION('',(0.E0,0.E0,1.E0));
#2623=AXIS2_PLACEMENT_3D('',#2620,#2621,#2622);
#2624=PLANE('',#2623);
#2626=ORIENTED_EDGE('',*,*,#2625,.F.);
#2627=ORIENTED_EDGE('',*,*,#2567,.F.);
#2629=ORIENTED_EDGE('',*,*,#2628,.T.);
#2631=ORIENTED_EDGE('',*,*,#2630,.T.);
#2632=EDGE_LOOP('',(#2626,#2627,#2629,#2631));
#2633=FACE_OUTER_BOUND('',#2632,.F.);
#2635=CARTESIAN_POINT('',(-3.81E0,-2.5E0,-2.8E0));
#2636=DIRECTION('',(0.E0,0.E0,-1.E0));
#2637=DIRECTION('',(0.E0,1.E0,0.E0));
#2638=AXIS2_PLACEMENT_3D('',#2635,#2636,#2637);
#2639=PLANE('',#2638);
#2640=ORIENTED_EDGE('',*,*,#2435,.T.);
#2641=ORIENTED_EDGE('',*,*,#2600,.F.);
#2642=ORIENTED_EDGE('',*,*,#2200,.F.);
#2644=ORIENTED_EDGE('',*,*,#2643,.T.);
#2645=EDGE_LOOP('',(#2640,#2641,#2642,#2644));
#2646=FACE_OUTER_BOUND('',#2645,.F.);
#2648=CARTESIAN_POINT('',(-3.81E0,-2.5E0,-2.8E0));
#2649=DIRECTION('',(0.E0,0.E0,-1.E0));
#2650=DIRECTION('',(0.E0,1.E0,0.E0));
#2651=AXIS2_PLACEMENT_3D('',#2648,#2649,#2650);
#2652=PLANE('',#2651);
#2654=ORIENTED_EDGE('',*,*,#2653,.T.);
#2655=ORIENTED_EDGE('',*,*,#2615,.F.);
#2657=ORIENTED_EDGE('',*,*,#2656,.F.);
#2659=ORIENTED_EDGE('',*,*,#2658,.T.);
#2660=EDGE_LOOP('',(#2654,#2655,#2657,#2659));
#2661=FACE_OUTER_BOUND('',#2660,.F.);
#2663=CARTESIAN_POINT('',(-3.81E0,-2.5E0,-2.8E0));
#2664=DIRECTION('',(0.E0,0.E0,-1.E0));
#2665=DIRECTION('',(0.E0,1.E0,0.E0));
#2666=AXIS2_PLACEMENT_3D('',#2663,#2664,#2665);
#2667=PLANE('',#2666);
#2669=ORIENTED_EDGE('',*,*,#2668,.T.);
#2670=ORIENTED_EDGE('',*,*,#2630,.F.);
#2672=ORIENTED_EDGE('',*,*,#2671,.F.);
#2674=ORIENTED_EDGE('',*,*,#2673,.T.);
#2675=EDGE_LOOP('',(#2669,#2670,#2672,#2674));
#2676=FACE_OUTER_BOUND('',#2675,.F.);
#2678=CARTESIAN_POINT('',(-3.81E0,-2.5E0,-2.E-1));
#2679=DIRECTION('',(0.E0,-1.E0,0.E0));
#2680=DIRECTION('',(0.E0,0.E0,-1.E0));
#2681=AXIS2_PLACEMENT_3D('',#2678,#2679,#2680);
#2682=PLANE('',#2681);
#2684=ORIENTED_EDGE('',*,*,#2683,.T.);
#2685=ORIENTED_EDGE('',*,*,#2437,.T.);
#2686=ORIENTED_EDGE('',*,*,#2643,.F.);
#2687=ORIENTED_EDGE('',*,*,#2198,.T.);
#2688=ORIENTED_EDGE('',*,*,#2224,.F.);
#2690=ORIENTED_EDGE('',*,*,#2689,.T.);
#2691=EDGE_LOOP('',(#2684,#2685,#2686,#2687,#2688,#2690));
#2692=FACE_OUTER_BOUND('',#2691,.F.);
#2694=CARTESIAN_POINT('',(-3.81E0,-2.5E0,-2.E-1));
#2695=DIRECTION('',(0.E0,-1.E0,0.E0));
#2696=DIRECTION('',(0.E0,0.E0,-1.E0));
#2697=AXIS2_PLACEMENT_3D('',#2694,#2695,#2696);
#2698=PLANE('',#2697);
#2700=ORIENTED_EDGE('',*,*,#2699,.T.);
#2702=ORIENTED_EDGE('',*,*,#2701,.T.);
#2703=ORIENTED_EDGE('',*,*,#2658,.F.);
#2705=ORIENTED_EDGE('',*,*,#2704,.T.);
#2707=ORIENTED_EDGE('',*,*,#2706,.F.);
#2709=ORIENTED_EDGE('',*,*,#2708,.T.);
#2710=EDGE_LOOP('',(#2700,#2702,#2703,#2705,#2707,#2709));
#2711=FACE_OUTER_BOUND('',#2710,.F.);
#2713=CARTESIAN_POINT('',(-3.81E0,-2.5E0,-2.E-1));
#2714=DIRECTION('',(0.E0,-1.E0,0.E0));
#2715=DIRECTION('',(0.E0,0.E0,-1.E0));
#2716=AXIS2_PLACEMENT_3D('',#2713,#2714,#2715);
#2717=PLANE('',#2716);
#2719=ORIENTED_EDGE('',*,*,#2718,.T.);
#2721=ORIENTED_EDGE('',*,*,#2720,.T.);
#2722=ORIENTED_EDGE('',*,*,#2673,.F.);
#2724=ORIENTED_EDGE('',*,*,#2723,.T.);
#2726=ORIENTED_EDGE('',*,*,#2725,.F.);
#2728=ORIENTED_EDGE('',*,*,#2727,.T.);
#2729=EDGE_LOOP('',(#2719,#2721,#2722,#2724,#2726,#2728));
#2730=FACE_OUTER_BOUND('',#2729,.F.);
#2732=CARTESIAN_POINT('',(-1.27E0,-2.25E0,0.E0));
#2733=DIRECTION('',(-7.071067811865E-1,7.071067811865E-1,0.E0));
#2734=DIRECTION('',(-7.071067811865E-1,-7.071067811865E-1,0.E0));
#2735=AXIS2_PLACEMENT_3D('',#2732,#2733,#2734);
#2736=PLANE('',#2735);
#2738=ORIENTED_EDGE('',*,*,#2737,.F.);
#2740=ORIENTED_EDGE('',*,*,#2739,.T.);
#2742=ORIENTED_EDGE('',*,*,#2741,.T.);
#2743=ORIENTED_EDGE('',*,*,#2439,.T.);
#2744=ORIENTED_EDGE('',*,*,#2683,.F.);
#2745=EDGE_LOOP('',(#2738,#2740,#2742,#2743,#2744));
#2746=FACE_OUTER_BOUND('',#2745,.F.);
#2748=CARTESIAN_POINT('',(-3.81E0,-2.3E0,-2.E-1));
#2749=DIRECTION('',(1.E0,0.E0,0.E0));
#2750=DIRECTION('',(0.E0,1.E0,0.E0));
#2751=AXIS2_PLACEMENT_3D('',#2748,#2749,#2750);
#2752=CYLINDRICAL_SURFACE('',#2751,2.E-1);
#2753=ORIENTED_EDGE('',*,*,#2737,.T.);
#2754=ORIENTED_EDGE('',*,*,#2689,.F.);
#2755=ORIENTED_EDGE('',*,*,#2222,.F.);
#2756=ORIENTED_EDGE('',*,*,#2241,.F.);
#2758=ORIENTED_EDGE('',*,*,#2757,.T.);
#2760=ORIENTED_EDGE('',*,*,#2759,.T.);
#2761=EDGE_LOOP('',(#2753,#2754,#2755,#2756,#2758,#2760));
#2762=FACE_OUTER_BOUND('',#2761,.F.);
#2764=CARTESIAN_POINT('',(-3.81E0,-2.3E0,-2.E-1));
#2765=DIRECTION('',(1.E0,0.E0,0.E0));
#2766=DIRECTION('',(0.E0,1.E0,0.E0));
#2767=AXIS2_PLACEMENT_3D('',#2764,#2765,#2766);
#2768=CYLINDRICAL_SURFACE('',#2767,2.E-1);
#2770=ORIENTED_EDGE('',*,*,#2769,.T.);
#2771=ORIENTED_EDGE('',*,*,#2708,.F.);
#2773=ORIENTED_EDGE('',*,*,#2772,.F.);
#2775=ORIENTED_EDGE('',*,*,#2774,.F.);
#2777=ORIENTED_EDGE('',*,*,#2776,.T.);
#2779=ORIENTED_EDGE('',*,*,#2778,.T.);
#2780=EDGE_LOOP('',(#2770,#2771,#2773,#2775,#2777,#2779));
#2781=FACE_OUTER_BOUND('',#2780,.F.);
#2783=CARTESIAN_POINT('',(-3.81E0,-2.3E0,-2.E-1));
#2784=DIRECTION('',(1.E0,0.E0,0.E0));
#2785=DIRECTION('',(0.E0,1.E0,0.E0));
#2786=AXIS2_PLACEMENT_3D('',#2783,#2784,#2785);
#2787=CYLINDRICAL_SURFACE('',#2786,2.E-1);
#2789=ORIENTED_EDGE('',*,*,#2788,.T.);
#2790=ORIENTED_EDGE('',*,*,#2727,.F.);
#2792=ORIENTED_EDGE('',*,*,#2791,.F.);
#2794=ORIENTED_EDGE('',*,*,#2793,.F.);
#2796=ORIENTED_EDGE('',*,*,#2795,.T.);
#2798=ORIENTED_EDGE('',*,*,#2797,.T.);
#2799=EDGE_LOOP('',(#2789,#2790,#2792,#2794,#2796,#2798));
#2800=FACE_OUTER_BOUND('',#2799,.F.);
#2802=CARTESIAN_POINT('',(-3.81E0,2.3E0,0.E0));
#2803=DIRECTION('',(0.E0,0.E0,1.E0));
#2804=DIRECTION('',(0.E0,-1.E0,0.E0));
#2805=AXIS2_PLACEMENT_3D('',#2802,#2803,#2804);
#2806=PLANE('',#2805);
#2808=ORIENTED_EDGE('',*,*,#2807,.T.);
#2809=ORIENTED_EDGE('',*,*,#2757,.F.);
#2810=ORIENTED_EDGE('',*,*,#2239,.F.);
#2811=ORIENTED_EDGE('',*,*,#2257,.T.);
#2812=EDGE_LOOP('',(#2808,#2809,#2810,#2811));
#2813=FACE_OUTER_BOUND('',#2812,.F.);
#2815=ORIENTED_EDGE('',*,*,#2814,.F.);
#2817=ORIENTED_EDGE('',*,*,#2816,.T.);
#2819=ORIENTED_EDGE('',*,*,#2818,.T.);
#2821=ORIENTED_EDGE('',*,*,#2820,.F.);
#2822=EDGE_LOOP('',(#2815,#2817,#2819,#2821));
#2823=FACE_BOUND('',#2822,.F.);
#2825=ORIENTED_EDGE('',*,*,#2824,.F.);
#2827=ORIENTED_EDGE('',*,*,#2826,.T.);
#2829=ORIENTED_EDGE('',*,*,#2828,.T.);
#2831=ORIENTED_EDGE('',*,*,#2830,.F.);
#2832=EDGE_LOOP('',(#2825,#2827,#2829,#2831));
#2833=FACE_BOUND('',#2832,.F.);
#2835=CARTESIAN_POINT('',(-3.81E0,2.3E0,0.E0));
#2836=DIRECTION('',(0.E0,0.E0,1.E0));
#2837=DIRECTION('',(0.E0,-1.E0,0.E0));
#2838=AXIS2_PLACEMENT_3D('',#2835,#2836,#2837);
#2839=PLANE('',#2838);
#2841=ORIENTED_EDGE('',*,*,#2840,.T.);
#2842=ORIENTED_EDGE('',*,*,#2776,.F.);
#2844=ORIENTED_EDGE('',*,*,#2843,.F.);
#2845=ORIENTED_EDGE('',*,*,#2275,.T.);
#2846=EDGE_LOOP('',(#2841,#2842,#2844,#2845));
#2847=FACE_OUTER_BOUND('',#2846,.F.);
#2849=ORIENTED_EDGE('',*,*,#2848,.F.);
#2851=ORIENTED_EDGE('',*,*,#2850,.T.);
#2853=ORIENTED_EDGE('',*,*,#2852,.T.);
#2855=ORIENTED_EDGE('',*,*,#2854,.F.);
#2856=EDGE_LOOP('',(#2849,#2851,#2853,#2855));
#2857=FACE_BOUND('',#2856,.F.);
#2859=ORIENTED_EDGE('',*,*,#2858,.F.);
#2861=ORIENTED_EDGE('',*,*,#2860,.T.);
#2863=ORIENTED_EDGE('',*,*,#2862,.T.);
#2865=ORIENTED_EDGE('',*,*,#2864,.F.);
#2866=EDGE_LOOP('',(#2859,#2861,#2863,#2865));
#2867=FACE_BOUND('',#2866,.F.);
#2869=CARTESIAN_POINT('',(-3.81E0,2.3E0,0.E0));
#2870=DIRECTION('',(0.E0,0.E0,1.E0));
#2871=DIRECTION('',(0.E0,-1.E0,0.E0));
#2872=AXIS2_PLACEMENT_3D('',#2869,#2870,#2871);
#2873=PLANE('',#2872);
#2875=ORIENTED_EDGE('',*,*,#2874,.T.);
#2876=ORIENTED_EDGE('',*,*,#2795,.F.);
#2878=ORIENTED_EDGE('',*,*,#2877,.F.);
#2879=ORIENTED_EDGE('',*,*,#2295,.T.);
#2880=EDGE_LOOP('',(#2875,#2876,#2878,#2879));
#2881=FACE_OUTER_BOUND('',#2880,.F.);
#2883=ORIENTED_EDGE('',*,*,#2882,.F.);
#2885=ORIENTED_EDGE('',*,*,#2884,.T.);
#2887=ORIENTED_EDGE('',*,*,#2886,.T.);
#2889=ORIENTED_EDGE('',*,*,#2888,.F.);
#2890=EDGE_LOOP('',(#2883,#2885,#2887,#2889));
#2891=FACE_BOUND('',#2890,.F.);
#2893=ORIENTED_EDGE('',*,*,#2892,.F.);
#2895=ORIENTED_EDGE('',*,*,#2894,.T.);
#2897=ORIENTED_EDGE('',*,*,#2896,.T.);
#2899=ORIENTED_EDGE('',*,*,#2898,.F.);
#2900=EDGE_LOOP('',(#2893,#2895,#2897,#2899));
#2901=FACE_BOUND('',#2900,.F.);
#2903=CARTESIAN_POINT('',(-1.52E0,-2.5E0,0.E0));
#2904=DIRECTION('',(-7.071067811865E-1,0.E0,-7.071067811865E-1));
#2905=DIRECTION('',(7.071067811865E-1,0.E0,-7.071067811865E-1));
#2906=AXIS2_PLACEMENT_3D('',#2903,#2904,#2905);
#2907=PLANE('',#2906);
#2908=ORIENTED_EDGE('',*,*,#2317,.T.);
#2910=ORIENTED_EDGE('',*,*,#2909,.F.);
#2911=ORIENTED_EDGE('',*,*,#2739,.F.);
#2912=ORIENTED_EDGE('',*,*,#2759,.F.);
#2913=ORIENTED_EDGE('',*,*,#2807,.F.);
#2914=ORIENTED_EDGE('',*,*,#2255,.F.);
#2915=EDGE_LOOP('',(#2908,#2910,#2911,#2912,#2913,#2914));
#2916=FACE_OUTER_BOUND('',#2915,.F.);
#2918=CARTESIAN_POINT('',(-1.27E0,-2.5E0,-2.5E-1));
#2919=DIRECTION('',(7.071067811865E-1,0.E0,-7.071067811865E-1));
#2920=DIRECTION('',(7.071067811865E-1,0.E0,7.071067811865E-1));
#2921=AXIS2_PLACEMENT_3D('',#2918,#2919,#2920);
#2922=PLANE('',#2921);
#2924=ORIENTED_EDGE('',*,*,#2923,.T.);
#2925=ORIENTED_EDGE('',*,*,#2277,.T.);
#2926=ORIENTED_EDGE('',*,*,#2843,.T.);
#2927=ORIENTED_EDGE('',*,*,#2774,.T.);
#2929=ORIENTED_EDGE('',*,*,#2928,.F.);
#2930=ORIENTED_EDGE('',*,*,#2909,.T.);
#2931=EDGE_LOOP('',(#2924,#2925,#2926,#2927,#2929,#2930));
#2932=FACE_OUTER_BOUND('',#2931,.F.);
#2934=CARTESIAN_POINT('',(-1.27E0,2.25E0,0.E0));
#2935=DIRECTION('',(7.071067811865E-1,-7.071067811865E-1,0.E0));
#2936=DIRECTION('',(7.071067811865E-1,7.071067811865E-1,0.E0));
#2937=AXIS2_PLACEMENT_3D('',#2934,#2935,#2936);
#2938=PLANE('',#2937);
#2939=ORIENTED_EDGE('',*,*,#2347,.T.);
#2940=ORIENTED_EDGE('',*,*,#2279,.T.);
#2941=ORIENTED_EDGE('',*,*,#2923,.F.);
#2942=ORIENTED_EDGE('',*,*,#2315,.T.);
#2944=ORIENTED_EDGE('',*,*,#2943,.T.);
#2945=EDGE_LOOP('',(#2939,#2940,#2941,#2942,#2944));
#2946=FACE_OUTER_BOUND('',#2945,.F.);
#2948=CARTESIAN_POINT('',(-7.2E-1,-2.5E0,-2.8E0));
#2949=DIRECTION('',(7.071067811865E-1,0.E0,7.071067811865E-1));
#2950=DIRECTION('',(-7.071067811865E-1,0.E0,7.071067811865E-1));
#2951=AXIS2_PLACEMENT_3D('',#2948,#2949,#2950);
#2952=PLANE('',#2951);
#2953=ORIENTED_EDGE('',*,*,#2943,.F.);
#2954=ORIENTED_EDGE('',*,*,#2441,.F.);
#2956=ORIENTED_EDGE('',*,*,#2955,.T.);
#2957=ORIENTED_EDGE('',*,*,#2704,.F.);
#2958=ORIENTED_EDGE('',*,*,#2656,.T.);
#2959=ORIENTED_EDGE('',*,*,#2613,.T.);
#2960=ORIENTED_EDGE('',*,*,#2530,.T.);
#2961=ORIENTED_EDGE('',*,*,#2467,.F.);
#2962=ORIENTED_EDGE('',*,*,#2399,.T.);
#2963=ORIENTED_EDGE('',*,*,#2349,.T.);
#2964=EDGE_LOOP('',(#2953,#2954,#2956,#2957,#2958,#2959,#2960,#2961,#2962,
#2963));
#2965=FACE_OUTER_BOUND('',#2964,.F.);
#2967=CARTESIAN_POINT('',(-1.02E0,-2.5E0,0.E0));
#2968=DIRECTION('',(7.071067811865E-1,7.071067811865E-1,0.E0));
#2969=DIRECTION('',(-7.071067811865E-1,7.071067811865E-1,0.E0));
#2970=AXIS2_PLACEMENT_3D('',#2967,#2968,#2969);
#2971=PLANE('',#2970);
#2972=ORIENTED_EDGE('',*,*,#2772,.T.);
#2973=ORIENTED_EDGE('',*,*,#2706,.T.);
#2974=ORIENTED_EDGE('',*,*,#2955,.F.);
#2975=ORIENTED_EDGE('',*,*,#2741,.F.);
#2976=ORIENTED_EDGE('',*,*,#2928,.T.);
#2977=EDGE_LOOP('',(#2972,#2973,#2974,#2975,#2976));
#2978=FACE_OUTER_BOUND('',#2977,.F.);
#2980=CARTESIAN_POINT('',(1.02E0,-2.5E0,0.E0));
#2981=DIRECTION('',(-7.071067811865E-1,0.E0,-7.071067811865E-1));
#2982=DIRECTION('',(7.071067811865E-1,0.E0,-7.071067811865E-1));
#2983=AXIS2_PLACEMENT_3D('',#2980,#2981,#2982);
#2984=PLANE('',#2983);
#2986=ORIENTED_EDGE('',*,*,#2985,.T.);
#2988=ORIENTED_EDGE('',*,*,#2987,.F.);
#2990=ORIENTED_EDGE('',*,*,#2989,.F.);
#2991=ORIENTED_EDGE('',*,*,#2778,.F.);
#2992=ORIENTED_EDGE('',*,*,#2840,.F.);
#2993=ORIENTED_EDGE('',*,*,#2273,.F.);
#2994=EDGE_LOOP('',(#2986,#2988,#2990,#2991,#2992,#2993));
#2995=FACE_OUTER_BOUND('',#2994,.F.);
#2997=CARTESIAN_POINT('',(1.02E0,2.5E0,0.E0));
#2998=DIRECTION('',(-7.071067811865E-1,-7.071067811865E-1,0.E0));
#2999=DIRECTION('',(7.071067811865E-1,-7.071067811865E-1,0.E0));
#3000=AXIS2_PLACEMENT_3D('',#2997,#2998,#2999);
#3001=PLANE('',#3000);
#3002=ORIENTED_EDGE('',*,*,#2344,.F.);
#3004=ORIENTED_EDGE('',*,*,#3003,.F.);
#3006=ORIENTED_EDGE('',*,*,#3005,.F.);
#3007=ORIENTED_EDGE('',*,*,#2985,.F.);
#3008=ORIENTED_EDGE('',*,*,#2271,.F.);
#3009=EDGE_LOOP('',(#3002,#3004,#3006,#3007,#3008));
#3010=FACE_OUTER_BOUND('',#3009,.F.);
#3012=CARTESIAN_POINT('',(1.27E0,-2.5E0,-2.25E0));
#3013=DIRECTION('',(-7.071067811865E-1,0.E0,7.071067811865E-1));
#3014=DIRECTION('',(-7.071067811865E-1,0.E0,-7.071067811865E-1));
#3015=AXIS2_PLACEMENT_3D('',#3012,#3013,#3014);
#3016=PLANE('',#3015);
#3017=ORIENTED_EDGE('',*,*,#3003,.T.);
#3018=ORIENTED_EDGE('',*,*,#2353,.T.);
#3019=ORIENTED_EDGE('',*,*,#2396,.F.);
#3020=ORIENTED_EDGE('',*,*,#2464,.F.);
#3021=ORIENTED_EDGE('',*,*,#2527,.F.);
#3022=ORIENTED_EDGE('',*,*,#2610,.T.);
#3023=ORIENTED_EDGE('',*,*,#2653,.F.);
#3024=ORIENTED_EDGE('',*,*,#2701,.F.);
#3026=ORIENTED_EDGE('',*,*,#3025,.F.);
#3028=ORIENTED_EDGE('',*,*,#3027,.T.);
#3029=EDGE_LOOP('',(#3017,#3018,#3019,#3020,#3021,#3022,#3023,#3024,#3026,
#3028));
#3030=FACE_OUTER_BOUND('',#3029,.F.);
#3032=CARTESIAN_POINT('',(1.27E0,-2.25E0,0.E0));
#3033=DIRECTION('',(-7.071067811865E-1,7.071067811865E-1,0.E0));
#3034=DIRECTION('',(-7.071067811865E-1,-7.071067811865E-1,0.E0));
#3035=AXIS2_PLACEMENT_3D('',#3032,#3033,#3034);
#3036=PLANE('',#3035);
#3037=ORIENTED_EDGE('',*,*,#2769,.F.);
#3038=ORIENTED_EDGE('',*,*,#2989,.T.);
#3040=ORIENTED_EDGE('',*,*,#3039,.T.);
#3041=ORIENTED_EDGE('',*,*,#3025,.T.);
#3042=ORIENTED_EDGE('',*,*,#2699,.F.);
#3043=EDGE_LOOP('',(#3037,#3038,#3040,#3041,#3042));
#3044=FACE_OUTER_BOUND('',#3043,.F.);
#3046=CARTESIAN_POINT('',(1.52E0,-2.5E0,0.E0));
#3047=DIRECTION('',(7.071067811865E-1,7.071067811865E-1,0.E0));
#3048=DIRECTION('',(-7.071067811865E-1,7.071067811865E-1,0.E0));
#3049=AXIS2_PLACEMENT_3D('',#3046,#3047,#3048);
#3050=PLANE('',#3049);
#3051=ORIENTED_EDGE('',*,*,#2791,.T.);
#3052=ORIENTED_EDGE('',*,*,#2725,.T.);
#3054=ORIENTED_EDGE('',*,*,#3053,.F.);
#3055=ORIENTED_EDGE('',*,*,#3039,.F.);
#3057=ORIENTED_EDGE('',*,*,#3056,.T.);
#3058=EDGE_LOOP('',(#3051,#3052,#3054,#3055,#3057));
#3059=FACE_OUTER_BOUND('',#3058,.F.);
#3061=CARTESIAN_POINT('',(1.82E0,-2.5E0,-2.8E0));
#3062=DIRECTION('',(7.071067811865E-1,0.E0,7.071067811865E-1));
#3063=DIRECTION('',(-7.071067811865E-1,0.E0,7.071067811865E-1));
#3064=AXIS2_PLACEMENT_3D('',#3061,#3062,#3063);
#3065=PLANE('',#3064);
#3067=ORIENTED_EDGE('',*,*,#3066,.F.);
#3068=ORIENTED_EDGE('',*,*,#3027,.F.);
#3069=ORIENTED_EDGE('',*,*,#3053,.T.);
#3070=ORIENTED_EDGE('',*,*,#2723,.F.);
#3071=ORIENTED_EDGE('',*,*,#2671,.T.);
#3072=ORIENTED_EDGE('',*,*,#2628,.F.);
#3073=ORIENTED_EDGE('',*,*,#2565,.T.);
#3074=ORIENTED_EDGE('',*,*,#2482,.T.);
#3075=ORIENTED_EDGE('',*,*,#2414,.T.);
#3076=ORIENTED_EDGE('',*,*,#2368,.T.);
#3077=EDGE_LOOP('',(#3067,#3068,#3069,#3070,#3071,#3072,#3073,#3074,#3075,
#3076));
#3078=FACE_OUTER_BOUND('',#3077,.F.);
#3080=CARTESIAN_POINT('',(1.27E0,2.25E0,0.E0));
#3081=DIRECTION('',(7.071067811865E-1,-7.071067811865E-1,0.E0));
#3082=DIRECTION('',(7.071067811865E-1,7.071067811865E-1,0.E0));
#3083=AXIS2_PLACEMENT_3D('',#3080,#3081,#3082);
#3084=PLANE('',#3083);
#3085=ORIENTED_EDGE('',*,*,#2366,.T.);
#3086=ORIENTED_EDGE('',*,*,#2299,.T.);
#3088=ORIENTED_EDGE('',*,*,#3087,.F.);
#3089=ORIENTED_EDGE('',*,*,#3005,.T.);
#3090=ORIENTED_EDGE('',*,*,#3066,.T.);
#3091=EDGE_LOOP('',(#3085,#3086,#3088,#3089,#3090));
#3092=FACE_OUTER_BOUND('',#3091,.F.);
#3094=CARTESIAN_POINT('',(1.27E0,-2.5E0,-2.5E-1));
#3095=DIRECTION('',(7.071067811865E-1,0.E0,-7.071067811865E-1));
#3096=DIRECTION('',(7.071067811865E-1,0.E0,7.071067811865E-1));
#3097=AXIS2_PLACEMENT_3D('',#3094,#3095,#3096);
#3098=PLANE('',#3097);
#3099=ORIENTED_EDGE('',*,*,#3087,.T.);
#3100=ORIENTED_EDGE('',*,*,#2297,.T.);
#3101=ORIENTED_EDGE('',*,*,#2877,.T.);
#3102=ORIENTED_EDGE('',*,*,#2793,.T.);
#3103=ORIENTED_EDGE('',*,*,#3056,.F.);
#3104=ORIENTED_EDGE('',*,*,#2987,.T.);
#3105=EDGE_LOOP('',(#3099,#3100,#3101,#3102,#3103,#3104));
#3106=FACE_OUTER_BOUND('',#3105,.F.);
#3108=CARTESIAN_POINT('',(3.56E0,-2.5E0,0.E0));
#3109=DIRECTION('',(-7.071067811865E-1,0.E0,-7.071067811865E-1));
#3110=DIRECTION('',(7.071067811865E-1,0.E0,-7.071067811865E-1));
#3111=AXIS2_PLACEMENT_3D('',#3108,#3109,#3110);
#3112=PLANE('',#3111);
#3114=ORIENTED_EDGE('',*,*,#3113,.T.);
#3116=ORIENTED_EDGE('',*,*,#3115,.F.);
#3118=ORIENTED_EDGE('',*,*,#3117,.F.);
#3119=ORIENTED_EDGE('',*,*,#2797,.F.);
#3120=ORIENTED_EDGE('',*,*,#2874,.F.);
#3121=ORIENTED_EDGE('',*,*,#2293,.F.);
#3122=EDGE_LOOP('',(#3114,#3116,#3118,#3119,#3120,#3121));
#3123=FACE_OUTER_BOUND('',#3122,.F.);
#3125=CARTESIAN_POINT('',(3.56E0,2.5E0,0.E0));
#3126=DIRECTION('',(-7.071067811865E-1,-7.071067811865E-1,0.E0));
#3127=DIRECTION('',(7.071067811865E-1,-7.071067811865E-1,0.E0));
#3128=AXIS2_PLACEMENT_3D('',#3125,#3126,#3127);
#3129=PLANE('',#3128);
#3130=ORIENTED_EDGE('',*,*,#3113,.F.);
#3131=ORIENTED_EDGE('',*,*,#2291,.F.);
#3132=ORIENTED_EDGE('',*,*,#2363,.F.);
#3134=ORIENTED_EDGE('',*,*,#3133,.F.);
#3136=ORIENTED_EDGE('',*,*,#3135,.T.);
#3137=EDGE_LOOP('',(#3130,#3131,#3132,#3134,#3136));
#3138=FACE_OUTER_BOUND('',#3137,.F.);
#3140=CARTESIAN_POINT('',(3.81E0,-2.5E0,-2.25E0));
#3141=DIRECTION('',(-7.071067811865E-1,0.E0,7.071067811865E-1));
#3142=DIRECTION('',(-7.071067811865E-1,0.E0,-7.071067811865E-1));
#3143=AXIS2_PLACEMENT_3D('',#3140,#3141,#3142);
#3144=PLANE('',#3143);
#3145=ORIENTED_EDGE('',*,*,#3133,.T.);
#3146=ORIENTED_EDGE('',*,*,#2372,.T.);
#3147=ORIENTED_EDGE('',*,*,#2411,.F.);
#3148=ORIENTED_EDGE('',*,*,#2479,.F.);
#3149=ORIENTED_EDGE('',*,*,#2562,.F.);
#3150=ORIENTED_EDGE('',*,*,#2625,.T.);
#3151=ORIENTED_EDGE('',*,*,#2668,.F.);
#3152=ORIENTED_EDGE('',*,*,#2720,.F.);
#3154=ORIENTED_EDGE('',*,*,#3153,.F.);
#3156=ORIENTED_EDGE('',*,*,#3155,.T.);
#3157=EDGE_LOOP('',(#3145,#3146,#3147,#3148,#3149,#3150,#3151,#3152,#3154,
#3156));
#3158=FACE_OUTER_BOUND('',#3157,.F.);
#3160=CARTESIAN_POINT('',(3.81E0,-2.25E0,0.E0));
#3161=DIRECTION('',(-7.071067811865E-1,7.071067811865E-1,0.E0));
#3162=DIRECTION('',(-7.071067811865E-1,-7.071067811865E-1,0.E0));
#3163=AXIS2_PLACEMENT_3D('',#3160,#3161,#3162);
#3164=PLANE('',#3163);
#3165=ORIENTED_EDGE('',*,*,#3153,.T.);
#3166=ORIENTED_EDGE('',*,*,#2718,.F.);
#3167=ORIENTED_EDGE('',*,*,#2788,.F.);
#3168=ORIENTED_EDGE('',*,*,#3117,.T.);
#3170=ORIENTED_EDGE('',*,*,#3169,.F.);
#3171=EDGE_LOOP('',(#3165,#3166,#3167,#3168,#3170));
#3172=FACE_OUTER_BOUND('',#3171,.F.);
#3174=CARTESIAN_POINT('',(3.81E0,0.E0,0.E0));
#3175=DIRECTION('',(1.E0,0.E0,0.E0));
#3176=DIRECTION('',(0.E0,1.E0,0.E0));
#3177=AXIS2_PLACEMENT_3D('',#3174,#3175,#3176);
#3178=PLANE('',#3177);
#3179=ORIENTED_EDGE('',*,*,#3135,.F.);
#3180=ORIENTED_EDGE('',*,*,#3155,.F.);
#3181=ORIENTED_EDGE('',*,*,#3169,.T.);
#3182=ORIENTED_EDGE('',*,*,#3115,.T.);
#3183=EDGE_LOOP('',(#3179,#3180,#3181,#3182));
#3184=FACE_OUTER_BOUND('',#3183,.F.);
#3186=CARTESIAN_POINT('',(-2.225E0,2.3E0,0.E0));
#3187=DIRECTION('',(-1.E0,0.E0,0.E0));
#3188=DIRECTION('',(0.E0,-1.E0,0.E0));
#3189=AXIS2_PLACEMENT_3D('',#3186,#3187,#3188);
#3190=PLANE('',#3189);
#3191=ORIENTED_EDGE('',*,*,#2501,.T.);
#3193=ORIENTED_EDGE('',*,*,#3192,.T.);
#3195=ORIENTED_EDGE('',*,*,#3194,.T.);
#3197=ORIENTED_EDGE('',*,*,#3196,.T.);
#3199=ORIENTED_EDGE('',*,*,#3198,.T.);
#3201=ORIENTED_EDGE('',*,*,#3200,.T.);
#3203=ORIENTED_EDGE('',*,*,#3202,.T.);
#3205=ORIENTED_EDGE('',*,*,#3204,.T.);
#3206=EDGE_LOOP('',(#3191,#3193,#3195,#3197,#3199,#3201,#3203,#3205));
#3207=FACE_OUTER_BOUND('',#3206,.F.);
#3209=CARTESIAN_POINT('',(-2.225E0,2.3E0,0.E0));
#3210=DIRECTION('',(-1.E0,0.E0,0.E0));
#3211=DIRECTION('',(0.E0,-1.E0,0.E0));
#3212=AXIS2_PLACEMENT_3D('',#3209,#3210,#3211);
#3213=PLANE('',#3212);
#3214=ORIENTED_EDGE('',*,*,#2511,.T.);
#3216=ORIENTED_EDGE('',*,*,#3215,.T.);
#3218=ORIENTED_EDGE('',*,*,#3217,.T.);
#3220=ORIENTED_EDGE('',*,*,#3219,.T.);
#3222=ORIENTED_EDGE('',*,*,#3221,.T.);
#3224=ORIENTED_EDGE('',*,*,#3223,.T.);
#3226=ORIENTED_EDGE('',*,*,#3225,.T.);
#3228=ORIENTED_EDGE('',*,*,#3227,.T.);
#3229=EDGE_LOOP('',(#3214,#3216,#3218,#3220,#3222,#3224,#3226,#3228));
#3230=FACE_OUTER_BOUND('',#3229,.F.);
#3232=CARTESIAN_POINT('',(-2.225E0,2.3E0,0.E0));
#3233=DIRECTION('',(-1.E0,0.E0,0.E0));
#3234=DIRECTION('',(0.E0,-1.E0,0.E0));
#3235=AXIS2_PLACEMENT_3D('',#3232,#3233,#3234);
#3236=PLANE('',#3235);
#3237=ORIENTED_EDGE('',*,*,#2814,.T.);
#3239=ORIENTED_EDGE('',*,*,#3238,.T.);
#3241=ORIENTED_EDGE('',*,*,#3240,.T.);
#3243=ORIENTED_EDGE('',*,*,#3242,.T.);
#3244=EDGE_LOOP('',(#3237,#3239,#3241,#3243));
#3245=FACE_OUTER_BOUND('',#3244,.F.);
#3247=CARTESIAN_POINT('',(-2.225E0,2.3E0,0.E0));
#3248=DIRECTION('',(-1.E0,0.E0,0.E0));
#3249=DIRECTION('',(0.E0,-1.E0,0.E0));
#3250=AXIS2_PLACEMENT_3D('',#3247,#3248,#3249);
#3251=PLANE('',#3250);
#3252=ORIENTED_EDGE('',*,*,#2824,.T.);
#3254=ORIENTED_EDGE('',*,*,#3253,.T.);
#3256=ORIENTED_EDGE('',*,*,#3255,.T.);
#3258=ORIENTED_EDGE('',*,*,#3257,.T.);
#3259=EDGE_LOOP('',(#3252,#3254,#3256,#3258));
#3260=FACE_OUTER_BOUND('',#3259,.F.);
#3262=CARTESIAN_POINT('',(-2.225E0,-9.55E-1,5.8E0));
#3263=DIRECTION('',(0.E0,1.E0,0.E0));
#3264=DIRECTION('',(0.E0,0.E0,-1.E0));
#3265=AXIS2_PLACEMENT_3D('',#3262,#3263,#3264);
#3266=PLANE('',#3265);
#3267=ORIENTED_EDGE('',*,*,#2507,.T.);
#3269=ORIENTED_EDGE('',*,*,#3268,.T.);
#3271=ORIENTED_EDGE('',*,*,#3270,.F.);
#3272=ORIENTED_EDGE('',*,*,#3192,.F.);
#3273=EDGE_LOOP('',(#3267,#3269,#3271,#3272));
#3274=FACE_OUTER_BOUND('',#3273,.F.);
#3276=CARTESIAN_POINT('',(-2.225E0,-9.55E-1,5.8E0));
#3277=DIRECTION('',(0.E0,1.E0,0.E0));
#3278=DIRECTION('',(0.E0,0.E0,-1.E0));
#3279=AXIS2_PLACEMENT_3D('',#3276,#3277,#3278);
#3280=PLANE('',#3279);
#3281=ORIENTED_EDGE('',*,*,#2826,.F.);
#3282=ORIENTED_EDGE('',*,*,#3257,.F.);
#3284=ORIENTED_EDGE('',*,*,#3283,.T.);
#3286=ORIENTED_EDGE('',*,*,#3285,.T.);
#3287=EDGE_LOOP('',(#3281,#3282,#3284,#3286));
#3288=FACE_OUTER_BOUND('',#3287,.F.);
#3290=CARTESIAN_POINT('',(-2.855E0,2.3E0,0.E0));
#3291=DIRECTION('',(-1.E0,0.E0,0.E0));
#3292=DIRECTION('',(0.E0,-1.E0,0.E0));
#3293=AXIS2_PLACEMENT_3D('',#3290,#3291,#3292);
#3294=PLANE('',#3293);
#3295=ORIENTED_EDGE('',*,*,#2505,.F.);
#3297=ORIENTED_EDGE('',*,*,#3296,.F.);
#3299=ORIENTED_EDGE('',*,*,#3298,.F.);
#3301=ORIENTED_EDGE('',*,*,#3300,.F.);
#3303=ORIENTED_EDGE('',*,*,#3302,.F.);
#3305=ORIENTED_EDGE('',*,*,#3304,.F.);
#3307=ORIENTED_EDGE('',*,*,#3306,.F.);
#3308=ORIENTED_EDGE('',*,*,#3268,.F.);
#3309=EDGE_LOOP('',(#3295,#3297,#3299,#3301,#3303,#3305,#3307,#3308));
#3310=FACE_OUTER_BOUND('',#3309,.F.);
#3312=CARTESIAN_POINT('',(-2.855E0,2.3E0,0.E0));
#3313=DIRECTION('',(-1.E0,0.E0,0.E0));
#3314=DIRECTION('',(0.E0,-1.E0,0.E0));
#3315=AXIS2_PLACEMENT_3D('',#3312,#3313,#3314);
#3316=PLANE('',#3315);
#3317=ORIENTED_EDGE('',*,*,#2515,.F.);
#3319=ORIENTED_EDGE('',*,*,#3318,.F.);
#3321=ORIENTED_EDGE('',*,*,#3320,.F.);
#3323=ORIENTED_EDGE('',*,*,#3322,.F.);
#3325=ORIENTED_EDGE('',*,*,#3324,.F.);
#3327=ORIENTED_EDGE('',*,*,#3326,.F.);
#3329=ORIENTED_EDGE('',*,*,#3328,.F.);
#3331=ORIENTED_EDGE('',*,*,#3330,.F.);
#3332=EDGE_LOOP('',(#3317,#3319,#3321,#3323,#3325,#3327,#3329,#3331));
#3333=FACE_OUTER_BOUND('',#3332,.F.);
#3335=CARTESIAN_POINT('',(-2.855E0,2.3E0,0.E0));
#3336=DIRECTION('',(-1.E0,0.E0,0.E0));
#3337=DIRECTION('',(0.E0,-1.E0,0.E0));
#3338=AXIS2_PLACEMENT_3D('',#3335,#3336,#3337);
#3339=PLANE('',#3338);
#3340=ORIENTED_EDGE('',*,*,#2818,.F.);
#3342=ORIENTED_EDGE('',*,*,#3341,.F.);
#3344=ORIENTED_EDGE('',*,*,#3343,.F.);
#3346=ORIENTED_EDGE('',*,*,#3345,.F.);
#3347=EDGE_LOOP('',(#3340,#3342,#3344,#3346));
#3348=FACE_OUTER_BOUND('',#3347,.F.);
#3350=CARTESIAN_POINT('',(-2.855E0,2.3E0,0.E0));
#3351=DIRECTION('',(-1.E0,0.E0,0.E0));
#3352=DIRECTION('',(0.E0,-1.E0,0.E0));
#3353=AXIS2_PLACEMENT_3D('',#3350,#3351,#3352);
#3354=PLANE('',#3353);
#3355=ORIENTED_EDGE('',*,*,#2828,.F.);
#3356=ORIENTED_EDGE('',*,*,#3285,.F.);
#3358=ORIENTED_EDGE('',*,*,#3357,.F.);
#3360=ORIENTED_EDGE('',*,*,#3359,.F.);
#3361=EDGE_LOOP('',(#3355,#3356,#3358,#3360));
#3362=FACE_OUTER_BOUND('',#3361,.F.);
#3364=CARTESIAN_POINT('',(-2.225E0,-1.585E0,-3.6E0));
#3365=DIRECTION('',(0.E0,-1.E0,0.E0));
#3366=DIRECTION('',(0.E0,0.E0,1.E0));
#3367=AXIS2_PLACEMENT_3D('',#3364,#3365,#3366);
#3368=PLANE('',#3367);
#3369=ORIENTED_EDGE('',*,*,#2503,.F.);
#3370=ORIENTED_EDGE('',*,*,#3204,.F.);
#3372=ORIENTED_EDGE('',*,*,#3371,.T.);
#3373=ORIENTED_EDGE('',*,*,#3296,.T.);
#3374=EDGE_LOOP('',(#3369,#3370,#3372,#3373));
#3375=FACE_OUTER_BOUND('',#3374,.F.);
#3377=CARTESIAN_POINT('',(-2.225E0,-1.585E0,-3.6E0));
#3378=DIRECTION('',(0.E0,-1.E0,0.E0));
#3379=DIRECTION('',(0.E0,0.E0,1.E0));
#3380=AXIS2_PLACEMENT_3D('',#3377,#3378,#3379);
#3381=PLANE('',#3380);
#3382=ORIENTED_EDGE('',*,*,#2830,.T.);
#3383=ORIENTED_EDGE('',*,*,#3359,.T.);
#3385=ORIENTED_EDGE('',*,*,#3384,.F.);
#3386=ORIENTED_EDGE('',*,*,#3253,.F.);
#3387=EDGE_LOOP('',(#3382,#3383,#3385,#3386));
#3388=FACE_OUTER_BOUND('',#3387,.F.);
#3390=CARTESIAN_POINT('',(-2.225E0,-1.77E0,-3.6E0));
#3391=DIRECTION('',(-1.E0,0.E0,0.E0));
#3392=DIRECTION('',(0.E0,-1.E0,0.E0));
#3393=AXIS2_PLACEMENT_3D('',#3390,#3391,#3392);
#3394=CYLINDRICAL_SURFACE('',#3393,1.85E-1);
#3395=ORIENTED_EDGE('',*,*,#3202,.F.);
#3397=ORIENTED_EDGE('',*,*,#3396,.T.);
#3398=ORIENTED_EDGE('',*,*,#3298,.T.);
#3399=ORIENTED_EDGE('',*,*,#3371,.F.);
#3400=EDGE_LOOP('',(#3395,#3397,#3398,#3399));
#3401=FACE_OUTER_BOUND('',#3400,.F.);
#3403=CARTESIAN_POINT('',(-2.225E0,-3.81E0,-3.785E0));
#3404=DIRECTION('',(0.E0,0.E0,1.E0));
#3405=DIRECTION('',(0.E0,1.E0,0.E0));
#3406=AXIS2_PLACEMENT_3D('',#3403,#3404,#3405);
#3407=PLANE('',#3406);
#3408=ORIENTED_EDGE('',*,*,#3200,.F.);
#3410=ORIENTED_EDGE('',*,*,#3409,.T.);
#3411=ORIENTED_EDGE('',*,*,#3300,.T.);
#3412=ORIENTED_EDGE('',*,*,#3396,.F.);
#3413=EDGE_LOOP('',(#3408,#3410,#3411,#3412));
#3414=FACE_OUTER_BOUND('',#3413,.F.);
#3416=CARTESIAN_POINT('',(-2.225E0,-3.81E0,-4.415E0));
#3417=DIRECTION('',(0.E0,-1.E0,0.E0));
#3418=DIRECTION('',(0.E0,0.E0,1.E0));
#3419=AXIS2_PLACEMENT_3D('',#3416,#3417,#3418);
#3420=PLANE('',#3419);
#3421=ORIENTED_EDGE('',*,*,#3198,.F.);
#3423=ORIENTED_EDGE('',*,*,#3422,.T.);
#3424=ORIENTED_EDGE('',*,*,#3302,.T.);
#3425=ORIENTED_EDGE('',*,*,#3409,.F.);
#3426=EDGE_LOOP('',(#3421,#3423,#3424,#3425));
#3427=FACE_OUTER_BOUND('',#3426,.F.);
#3429=CARTESIAN_POINT('',(-2.225E0,-1.77E0,-4.415E0));
#3430=DIRECTION('',(0.E0,0.E0,-1.E0));
#3431=DIRECTION('',(0.E0,-1.E0,0.E0));
#3432=AXIS2_PLACEMENT_3D('',#3429,#3430,#3431);
#3433=PLANE('',#3432);
#3434=ORIENTED_EDGE('',*,*,#3196,.F.);
#3436=ORIENTED_EDGE('',*,*,#3435,.T.);
#3437=ORIENTED_EDGE('',*,*,#3304,.T.);
#3438=ORIENTED_EDGE('',*,*,#3422,.F.);
#3439=EDGE_LOOP('',(#3434,#3436,#3437,#3438));
#3440=FACE_OUTER_BOUND('',#3439,.F.);
#3442=CARTESIAN_POINT('',(-2.225E0,-1.77E0,-3.6E0));
#3443=DIRECTION('',(-1.E0,0.E0,0.E0));
#3444=DIRECTION('',(0.E0,-1.E0,0.E0));
#3445=AXIS2_PLACEMENT_3D('',#3442,#3443,#3444);
#3446=CYLINDRICAL_SURFACE('',#3445,8.15E-1);
#3447=ORIENTED_EDGE('',*,*,#3194,.F.);
#3448=ORIENTED_EDGE('',*,*,#3270,.T.);
#3449=ORIENTED_EDGE('',*,*,#3306,.T.);
#3450=ORIENTED_EDGE('',*,*,#3435,.F.);
#3451=EDGE_LOOP('',(#3447,#3448,#3449,#3450));
#3452=FACE_OUTER_BOUND('',#3451,.F.);
#3454=CARTESIAN_POINT('',(-2.225E0,-1.585E0,5.8E0));
#3455=DIRECTION('',(0.E0,0.E0,1.E0));
#3456=DIRECTION('',(0.E0,1.E0,0.E0));
#3457=AXIS2_PLACEMENT_3D('',#3454,#3455,#3456);
#3458=PLANE('',#3457);
#3459=ORIENTED_EDGE('',*,*,#3255,.F.);
#3460=ORIENTED_EDGE('',*,*,#3384,.T.);
#3461=ORIENTED_EDGE('',*,*,#3357,.T.);
#3462=ORIENTED_EDGE('',*,*,#3283,.F.);
#3463=EDGE_LOOP('',(#3459,#3460,#3461,#3462));
#3464=FACE_OUTER_BOUND('',#3463,.F.);
#3466=CARTESIAN_POINT('',(-2.225E0,9.55E-1,-3.6E0));
#3467=DIRECTION('',(0.E0,-1.E0,0.E0));
#3468=DIRECTION('',(0.E0,0.E0,1.E0));
#3469=AXIS2_PLACEMENT_3D('',#3466,#3467,#3468);
#3470=PLANE('',#3469);
#3471=ORIENTED_EDGE('',*,*,#2513,.F.);
#3472=ORIENTED_EDGE('',*,*,#3227,.F.);
#3474=ORIENTED_EDGE('',*,*,#3473,.T.);
#3475=ORIENTED_EDGE('',*,*,#3318,.T.);
#3476=EDGE_LOOP('',(#3471,#3472,#3474,#3475));
#3477=FACE_OUTER_BOUND('',#3476,.F.);
#3479=CARTESIAN_POINT('',(-2.225E0,9.55E-1,-3.6E0));
#3480=DIRECTION('',(0.E0,-1.E0,0.E0));
#3481=DIRECTION('',(0.E0,0.E0,1.E0));
#3482=AXIS2_PLACEMENT_3D('',#3479,#3480,#3481);
#3483=PLANE('',#3482);
#3484=ORIENTED_EDGE('',*,*,#2820,.T.);
#3485=ORIENTED_EDGE('',*,*,#3345,.T.);
#3487=ORIENTED_EDGE('',*,*,#3486,.F.);
#3488=ORIENTED_EDGE('',*,*,#3238,.F.);
#3489=EDGE_LOOP('',(#3484,#3485,#3487,#3488));
#3490=FACE_OUTER_BOUND('',#3489,.F.);
#3492=CARTESIAN_POINT('',(-2.225E0,1.77E0,-3.6E0));
#3493=DIRECTION('',(-1.E0,0.E0,0.E0));
#3494=DIRECTION('',(0.E0,-1.E0,0.E0));
#3495=AXIS2_PLACEMENT_3D('',#3492,#3493,#3494);
#3496=CYLINDRICAL_SURFACE('',#3495,8.15E-1);
#3497=ORIENTED_EDGE('',*,*,#3225,.F.);
#3499=ORIENTED_EDGE('',*,*,#3498,.T.);
#3500=ORIENTED_EDGE('',*,*,#3320,.T.);
#3501=ORIENTED_EDGE('',*,*,#3473,.F.);
#3502=EDGE_LOOP('',(#3497,#3499,#3500,#3501));
#3503=FACE_OUTER_BOUND('',#3502,.F.);
#3505=CARTESIAN_POINT('',(-2.225E0,3.81E0,-4.415E0));
#3506=DIRECTION('',(0.E0,0.E0,-1.E0));
#3507=DIRECTION('',(0.E0,-1.E0,0.E0));
#3508=AXIS2_PLACEMENT_3D('',#3505,#3506,#3507);
#3509=PLANE('',#3508);
#3510=ORIENTED_EDGE('',*,*,#3223,.F.);
#3512=ORIENTED_EDGE('',*,*,#3511,.T.);
#3513=ORIENTED_EDGE('',*,*,#3322,.T.);
#3514=ORIENTED_EDGE('',*,*,#3498,.F.);
#3515=EDGE_LOOP('',(#3510,#3512,#3513,#3514));
#3516=FACE_OUTER_BOUND('',#3515,.F.);
#3518=CARTESIAN_POINT('',(-2.225E0,3.81E0,-3.785E0));
#3519=DIRECTION('',(0.E0,1.E0,0.E0));
#3520=DIRECTION('',(0.E0,0.E0,-1.E0));
#3521=AXIS2_PLACEMENT_3D('',#3518,#3519,#3520);
#3522=PLANE('',#3521);
#3523=ORIENTED_EDGE('',*,*,#3221,.F.);
#3525=ORIENTED_EDGE('',*,*,#3524,.T.);
#3526=ORIENTED_EDGE('',*,*,#3324,.T.);
#3527=ORIENTED_EDGE('',*,*,#3511,.F.);
#3528=EDGE_LOOP('',(#3523,#3525,#3526,#3527));
#3529=FACE_OUTER_BOUND('',#3528,.F.);
#3531=CARTESIAN_POINT('',(-2.225E0,1.77E0,-3.785E0));
#3532=DIRECTION('',(0.E0,0.E0,1.E0));
#3533=DIRECTION('',(0.E0,1.E0,0.E0));
#3534=AXIS2_PLACEMENT_3D('',#3531,#3532,#3533);
#3535=PLANE('',#3534);
#3536=ORIENTED_EDGE('',*,*,#3219,.F.);
#3538=ORIENTED_EDGE('',*,*,#3537,.T.);
#3539=ORIENTED_EDGE('',*,*,#3326,.T.);
#3540=ORIENTED_EDGE('',*,*,#3524,.F.);
#3541=EDGE_LOOP('',(#3536,#3538,#3539,#3540));
#3542=FACE_OUTER_BOUND('',#3541,.F.);
#3544=CARTESIAN_POINT('',(-2.225E0,1.77E0,-3.6E0));
#3545=DIRECTION('',(-1.E0,0.E0,0.E0));
#3546=DIRECTION('',(0.E0,-1.E0,0.E0));
#3547=AXIS2_PLACEMENT_3D('',#3544,#3545,#3546);
#3548=CYLINDRICAL_SURFACE('',#3547,1.85E-1);
#3549=ORIENTED_EDGE('',*,*,#3217,.F.);
#3551=ORIENTED_EDGE('',*,*,#3550,.T.);
#3552=ORIENTED_EDGE('',*,*,#3328,.T.);
#3553=ORIENTED_EDGE('',*,*,#3537,.F.);
#3554=EDGE_LOOP('',(#3549,#3551,#3552,#3553));
#3555=FACE_OUTER_BOUND('',#3554,.F.);
#3557=CARTESIAN_POINT('',(-2.225E0,1.585E0,5.8E0));
#3558=DIRECTION('',(0.E0,1.E0,0.E0));
#3559=DIRECTION('',(0.E0,0.E0,-1.E0));
#3560=AXIS2_PLACEMENT_3D('',#3557,#3558,#3559);
#3561=PLANE('',#3560);
#3562=ORIENTED_EDGE('',*,*,#2517,.T.);
#3563=ORIENTED_EDGE('',*,*,#3330,.T.);
#3564=ORIENTED_EDGE('',*,*,#3550,.F.);
#3565=ORIENTED_EDGE('',*,*,#3215,.F.);
#3566=EDGE_LOOP('',(#3562,#3563,#3564,#3565));
#3567=FACE_OUTER_BOUND('',#3566,.F.);
#3569=CARTESIAN_POINT('',(-2.225E0,1.585E0,5.8E0));
#3570=DIRECTION('',(0.E0,1.E0,0.E0));
#3571=DIRECTION('',(0.E0,0.E0,-1.E0));
#3572=AXIS2_PLACEMENT_3D('',#3569,#3570,#3571);
#3573=PLANE('',#3572);
#3574=ORIENTED_EDGE('',*,*,#2816,.F.);
#3575=ORIENTED_EDGE('',*,*,#3242,.F.);
#3577=ORIENTED_EDGE('',*,*,#3576,.T.);
#3578=ORIENTED_EDGE('',*,*,#3341,.T.);
#3579=EDGE_LOOP('',(#3574,#3575,#3577,#3578));
#3580=FACE_OUTER_BOUND('',#3579,.F.);
#3582=CARTESIAN_POINT('',(-2.225E0,9.55E-1,5.8E0));
#3583=DIRECTION('',(0.E0,0.E0,1.E0));
#3584=DIRECTION('',(0.E0,1.E0,0.E0));
#3585=AXIS2_PLACEMENT_3D('',#3582,#3583,#3584);
#3586=PLANE('',#3585);
#3587=ORIENTED_EDGE('',*,*,#3240,.F.);
#3588=ORIENTED_EDGE('',*,*,#3486,.T.);
#3589=ORIENTED_EDGE('',*,*,#3343,.T.);
#3590=ORIENTED_EDGE('',*,*,#3576,.F.);
#3591=EDGE_LOOP('',(#3587,#3588,#3589,#3590));
#3592=FACE_OUTER_BOUND('',#3591,.F.);
#3594=CARTESIAN_POINT('',(3.15E-1,2.3E0,0.E0));
#3595=DIRECTION('',(-1.E0,0.E0,0.E0));
#3596=DIRECTION('',(0.E0,-1.E0,0.E0));
#3597=AXIS2_PLACEMENT_3D('',#3594,#3595,#3596);
#3598=PLANE('',#3597);
#3599=ORIENTED_EDGE('',*,*,#2536,.T.);
#3601=ORIENTED_EDGE('',*,*,#3600,.T.);
#3603=ORIENTED_EDGE('',*,*,#3602,.T.);
#3605=ORIENTED_EDGE('',*,*,#3604,.T.);
#3607=ORIENTED_EDGE('',*,*,#3606,.T.);
#3609=ORIENTED_EDGE('',*,*,#3608,.T.);
#3611=ORIENTED_EDGE('',*,*,#3610,.T.);
#3613=ORIENTED_EDGE('',*,*,#3612,.T.);
#3614=EDGE_LOOP('',(#3599,#3601,#3603,#3605,#3607,#3609,#3611,#3613));
#3615=FACE_OUTER_BOUND('',#3614,.F.);
#3617=CARTESIAN_POINT('',(3.15E-1,2.3E0,0.E0));
#3618=DIRECTION('',(-1.E0,0.E0,0.E0));
#3619=DIRECTION('',(0.E0,-1.E0,0.E0));
#3620=AXIS2_PLACEMENT_3D('',#3617,#3618,#3619);
#3621=PLANE('',#3620);
#3622=ORIENTED_EDGE('',*,*,#2546,.T.);
#3624=ORIENTED_EDGE('',*,*,#3623,.T.);
#3626=ORIENTED_EDGE('',*,*,#3625,.T.);
#3628=ORIENTED_EDGE('',*,*,#3627,.T.);
#3630=ORIENTED_EDGE('',*,*,#3629,.T.);
#3632=ORIENTED_EDGE('',*,*,#3631,.T.);
#3634=ORIENTED_EDGE('',*,*,#3633,.T.);
#3636=ORIENTED_EDGE('',*,*,#3635,.T.);
#3637=EDGE_LOOP('',(#3622,#3624,#3626,#3628,#3630,#3632,#3634,#3636));
#3638=FACE_OUTER_BOUND('',#3637,.F.);
#3640=CARTESIAN_POINT('',(3.15E-1,2.3E0,0.E0));
#3641=DIRECTION('',(-1.E0,0.E0,0.E0));
#3642=DIRECTION('',(0.E0,-1.E0,0.E0));
#3643=AXIS2_PLACEMENT_3D('',#3640,#3641,#3642);
#3644=PLANE('',#3643);
#3645=ORIENTED_EDGE('',*,*,#2848,.T.);
#3647=ORIENTED_EDGE('',*,*,#3646,.T.);
#3649=ORIENTED_EDGE('',*,*,#3648,.T.);
#3651=ORIENTED_EDGE('',*,*,#3650,.T.);
#3652=EDGE_LOOP('',(#3645,#3647,#3649,#3651));
#3653=FACE_OUTER_BOUND('',#3652,.F.);
#3655=CARTESIAN_POINT('',(3.15E-1,2.3E0,0.E0));
#3656=DIRECTION('',(-1.E0,0.E0,0.E0));
#3657=DIRECTION('',(0.E0,-1.E0,0.E0));
#3658=AXIS2_PLACEMENT_3D('',#3655,#3656,#3657);
#3659=PLANE('',#3658);
#3660=ORIENTED_EDGE('',*,*,#2858,.T.);
#3662=ORIENTED_EDGE('',*,*,#3661,.T.);
#3664=ORIENTED_EDGE('',*,*,#3663,.T.);
#3666=ORIENTED_EDGE('',*,*,#3665,.T.);
#3667=EDGE_LOOP('',(#3660,#3662,#3664,#3666));
#3668=FACE_OUTER_BOUND('',#3667,.F.);
#3670=CARTESIAN_POINT('',(3.15E-1,-9.55E-1,5.8E0));
#3671=DIRECTION('',(0.E0,1.E0,0.E0));
#3672=DIRECTION('',(0.E0,0.E0,-1.E0));
#3673=AXIS2_PLACEMENT_3D('',#3670,#3671,#3672);
#3674=PLANE('',#3673);
#3675=ORIENTED_EDGE('',*,*,#2542,.T.);
#3677=ORIENTED_EDGE('',*,*,#3676,.T.);
#3679=ORIENTED_EDGE('',*,*,#3678,.F.);
#3680=ORIENTED_EDGE('',*,*,#3600,.F.);
#3681=EDGE_LOOP('',(#3675,#3677,#3679,#3680));
#3682=FACE_OUTER_BOUND('',#3681,.F.);
#3684=CARTESIAN_POINT('',(3.15E-1,-9.55E-1,5.8E0));
#3685=DIRECTION('',(0.E0,1.E0,0.E0));
#3686=DIRECTION('',(0.E0,0.E0,-1.E0));
#3687=AXIS2_PLACEMENT_3D('',#3684,#3685,#3686);
#3688=PLANE('',#3687);
#3689=ORIENTED_EDGE('',*,*,#2860,.F.);
#3690=ORIENTED_EDGE('',*,*,#3665,.F.);
#3692=ORIENTED_EDGE('',*,*,#3691,.T.);
#3694=ORIENTED_EDGE('',*,*,#3693,.T.);
#3695=EDGE_LOOP('',(#3689,#3690,#3692,#3694));
#3696=FACE_OUTER_BOUND('',#3695,.F.);
#3698=CARTESIAN_POINT('',(-3.15E-1,2.3E0,0.E0));
#3699=DIRECTION('',(-1.E0,0.E0,0.E0));
#3700=DIRECTION('',(0.E0,-1.E0,0.E0));
#3701=AXIS2_PLACEMENT_3D('',#3698,#3699,#3700);
#3702=PLANE('',#3701);
#3703=ORIENTED_EDGE('',*,*,#2540,.F.);
#3705=ORIENTED_EDGE('',*,*,#3704,.F.);
#3707=ORIENTED_EDGE('',*,*,#3706,.F.);
#3709=ORIENTED_EDGE('',*,*,#3708,.F.);
#3711=ORIENTED_EDGE('',*,*,#3710,.F.);
#3713=ORIENTED_EDGE('',*,*,#3712,.F.);
#3715=ORIENTED_EDGE('',*,*,#3714,.F.);
#3716=ORIENTED_EDGE('',*,*,#3676,.F.);
#3717=EDGE_LOOP('',(#3703,#3705,#3707,#3709,#3711,#3713,#3715,#3716));
#3718=FACE_OUTER_BOUND('',#3717,.F.);
#3720=CARTESIAN_POINT('',(-3.15E-1,2.3E0,0.E0));
#3721=DIRECTION('',(-1.E0,0.E0,0.E0));
#3722=DIRECTION('',(0.E0,-1.E0,0.E0));
#3723=AXIS2_PLACEMENT_3D('',#3720,#3721,#3722);
#3724=PLANE('',#3723);
#3725=ORIENTED_EDGE('',*,*,#2550,.F.);
#3727=ORIENTED_EDGE('',*,*,#3726,.F.);
#3729=ORIENTED_EDGE('',*,*,#3728,.F.);
#3731=ORIENTED_EDGE('',*,*,#3730,.F.);
#3733=ORIENTED_EDGE('',*,*,#3732,.F.);
#3735=ORIENTED_EDGE('',*,*,#3734,.F.);
#3737=ORIENTED_EDGE('',*,*,#3736,.F.);
#3739=ORIENTED_EDGE('',*,*,#3738,.F.);
#3740=EDGE_LOOP('',(#3725,#3727,#3729,#3731,#3733,#3735,#3737,#3739));
#3741=FACE_OUTER_BOUND('',#3740,.F.);
#3743=CARTESIAN_POINT('',(-3.15E-1,2.3E0,0.E0));
#3744=DIRECTION('',(-1.E0,0.E0,0.E0));
#3745=DIRECTION('',(0.E0,-1.E0,0.E0));
#3746=AXIS2_PLACEMENT_3D('',#3743,#3744,#3745);
#3747=PLANE('',#3746);
#3748=ORIENTED_EDGE('',*,*,#2852,.F.);
#3750=ORIENTED_EDGE('',*,*,#3749,.F.);
#3752=ORIENTED_EDGE('',*,*,#3751,.F.);
#3754=ORIENTED_EDGE('',*,*,#3753,.F.);
#3755=EDGE_LOOP('',(#3748,#3750,#3752,#3754));
#3756=FACE_OUTER_BOUND('',#3755,.F.);
#3758=CARTESIAN_POINT('',(-3.15E-1,2.3E0,0.E0));
#3759=DIRECTION('',(-1.E0,0.E0,0.E0));
#3760=DIRECTION('',(0.E0,-1.E0,0.E0));
#3761=AXIS2_PLACEMENT_3D('',#3758,#3759,#3760);
#3762=PLANE('',#3761);
#3763=ORIENTED_EDGE('',*,*,#2862,.F.);
#3764=ORIENTED_EDGE('',*,*,#3693,.F.);
#3766=ORIENTED_EDGE('',*,*,#3765,.F.);
#3768=ORIENTED_EDGE('',*,*,#3767,.F.);
#3769=EDGE_LOOP('',(#3763,#3764,#3766,#3768));
#3770=FACE_OUTER_BOUND('',#3769,.F.);
#3772=CARTESIAN_POINT('',(3.15E-1,-1.585E0,-3.6E0));
#3773=DIRECTION('',(0.E0,-1.E0,0.E0));
#3774=DIRECTION('',(0.E0,0.E0,1.E0));
#3775=AXIS2_PLACEMENT_3D('',#3772,#3773,#3774);
#3776=PLANE('',#3775);
#3777=ORIENTED_EDGE('',*,*,#2538,.F.);
#3778=ORIENTED_EDGE('',*,*,#3612,.F.);
#3780=ORIENTED_EDGE('',*,*,#3779,.T.);
#3781=ORIENTED_EDGE('',*,*,#3704,.T.);
#3782=EDGE_LOOP('',(#3777,#3778,#3780,#3781));
#3783=FACE_OUTER_BOUND('',#3782,.F.);
#3785=CARTESIAN_POINT('',(3.15E-1,-1.585E0,-3.6E0));
#3786=DIRECTION('',(0.E0,-1.E0,0.E0));
#3787=DIRECTION('',(0.E0,0.E0,1.E0));
#3788=AXIS2_PLACEMENT_3D('',#3785,#3786,#3787);
#3789=PLANE('',#3788);
#3790=ORIENTED_EDGE('',*,*,#2864,.T.);
#3791=ORIENTED_EDGE('',*,*,#3767,.T.);
#3793=ORIENTED_EDGE('',*,*,#3792,.F.);
#3794=ORIENTED_EDGE('',*,*,#3661,.F.);
#3795=EDGE_LOOP('',(#3790,#3791,#3793,#3794));
#3796=FACE_OUTER_BOUND('',#3795,.F.);
#3798=CARTESIAN_POINT('',(3.15E-1,-1.77E0,-3.6E0));
#3799=DIRECTION('',(-1.E0,0.E0,0.E0));
#3800=DIRECTION('',(0.E0,-1.E0,0.E0));
#3801=AXIS2_PLACEMENT_3D('',#3798,#3799,#3800);
#3802=CYLINDRICAL_SURFACE('',#3801,1.85E-1);
#3803=ORIENTED_EDGE('',*,*,#3610,.F.);
#3805=ORIENTED_EDGE('',*,*,#3804,.T.);
#3806=ORIENTED_EDGE('',*,*,#3706,.T.);
#3807=ORIENTED_EDGE('',*,*,#3779,.F.);
#3808=EDGE_LOOP('',(#3803,#3805,#3806,#3807));
#3809=FACE_OUTER_BOUND('',#3808,.F.);
#3811=CARTESIAN_POINT('',(3.15E-1,-3.81E0,-3.785E0));
#3812=DIRECTION('',(0.E0,0.E0,1.E0));
#3813=DIRECTION('',(0.E0,1.E0,0.E0));
#3814=AXIS2_PLACEMENT_3D('',#3811,#3812,#3813);
#3815=PLANE('',#3814);
#3816=ORIENTED_EDGE('',*,*,#3608,.F.);
#3818=ORIENTED_EDGE('',*,*,#3817,.T.);
#3819=ORIENTED_EDGE('',*,*,#3708,.T.);
#3820=ORIENTED_EDGE('',*,*,#3804,.F.);
#3821=EDGE_LOOP('',(#3816,#3818,#3819,#3820));
#3822=FACE_OUTER_BOUND('',#3821,.F.);
#3824=CARTESIAN_POINT('',(3.15E-1,-3.81E0,-4.415E0));
#3825=DIRECTION('',(0.E0,-1.E0,0.E0));
#3826=DIRECTION('',(0.E0,0.E0,1.E0));
#3827=AXIS2_PLACEMENT_3D('',#3824,#3825,#3826);
#3828=PLANE('',#3827);
#3829=ORIENTED_EDGE('',*,*,#3606,.F.);
#3831=ORIENTED_EDGE('',*,*,#3830,.T.);
#3832=ORIENTED_EDGE('',*,*,#3710,.T.);
#3833=ORIENTED_EDGE('',*,*,#3817,.F.);
#3834=EDGE_LOOP('',(#3829,#3831,#3832,#3833));
#3835=FACE_OUTER_BOUND('',#3834,.F.);
#3837=CARTESIAN_POINT('',(3.15E-1,-1.77E0,-4.415E0));
#3838=DIRECTION('',(0.E0,0.E0,-1.E0));
#3839=DIRECTION('',(0.E0,-1.E0,0.E0));
#3840=AXIS2_PLACEMENT_3D('',#3837,#3838,#3839);
#3841=PLANE('',#3840);
#3842=ORIENTED_EDGE('',*,*,#3604,.F.);
#3844=ORIENTED_EDGE('',*,*,#3843,.T.);
#3845=ORIENTED_EDGE('',*,*,#3712,.T.);
#3846=ORIENTED_EDGE('',*,*,#3830,.F.);
#3847=EDGE_LOOP('',(#3842,#3844,#3845,#3846));
#3848=FACE_OUTER_BOUND('',#3847,.F.);
#3850=CARTESIAN_POINT('',(3.15E-1,-1.77E0,-3.6E0));
#3851=DIRECTION('',(-1.E0,0.E0,0.E0));
#3852=DIRECTION('',(0.E0,-1.E0,0.E0));
#3853=AXIS2_PLACEMENT_3D('',#3850,#3851,#3852);
#3854=CYLINDRICAL_SURFACE('',#3853,8.15E-1);
#3855=ORIENTED_EDGE('',*,*,#3602,.F.);
#3856=ORIENTED_EDGE('',*,*,#3678,.T.);
#3857=ORIENTED_EDGE('',*,*,#3714,.T.);
#3858=ORIENTED_EDGE('',*,*,#3843,.F.);
#3859=EDGE_LOOP('',(#3855,#3856,#3857,#3858));
#3860=FACE_OUTER_BOUND('',#3859,.F.);
#3862=CARTESIAN_POINT('',(3.15E-1,-1.585E0,5.8E0));
#3863=DIRECTION('',(0.E0,0.E0,1.E0));
#3864=DIRECTION('',(0.E0,1.E0,0.E0));
#3865=AXIS2_PLACEMENT_3D('',#3862,#3863,#3864);
#3866=PLANE('',#3865);
#3867=ORIENTED_EDGE('',*,*,#3663,.F.);
#3868=ORIENTED_EDGE('',*,*,#3792,.T.);
#3869=ORIENTED_EDGE('',*,*,#3765,.T.);
#3870=ORIENTED_EDGE('',*,*,#3691,.F.);
#3871=EDGE_LOOP('',(#3867,#3868,#3869,#3870));
#3872=FACE_OUTER_BOUND('',#3871,.F.);
#3874=CARTESIAN_POINT('',(3.15E-1,9.55E-1,-3.6E0));
#3875=DIRECTION('',(0.E0,-1.E0,0.E0));
#3876=DIRECTION('',(0.E0,0.E0,1.E0));
#3877=AXIS2_PLACEMENT_3D('',#3874,#3875,#3876);
#3878=PLANE('',#3877);
#3879=ORIENTED_EDGE('',*,*,#2548,.F.);
#3880=ORIENTED_EDGE('',*,*,#3635,.F.);
#3882=ORIENTED_EDGE('',*,*,#3881,.T.);
#3883=ORIENTED_EDGE('',*,*,#3726,.T.);
#3884=EDGE_LOOP('',(#3879,#3880,#3882,#3883));
#3885=FACE_OUTER_BOUND('',#3884,.F.);
#3887=CARTESIAN_POINT('',(3.15E-1,9.55E-1,-3.6E0));
#3888=DIRECTION('',(0.E0,-1.E0,0.E0));
#3889=DIRECTION('',(0.E0,0.E0,1.E0));
#3890=AXIS2_PLACEMENT_3D('',#3887,#3888,#3889);
#3891=PLANE('',#3890);
#3892=ORIENTED_EDGE('',*,*,#2854,.T.);
#3893=ORIENTED_EDGE('',*,*,#3753,.T.);
#3895=ORIENTED_EDGE('',*,*,#3894,.F.);
#3896=ORIENTED_EDGE('',*,*,#3646,.F.);
#3897=EDGE_LOOP('',(#3892,#3893,#3895,#3896));
#3898=FACE_OUTER_BOUND('',#3897,.F.);
#3900=CARTESIAN_POINT('',(3.15E-1,1.77E0,-3.6E0));
#3901=DIRECTION('',(-1.E0,0.E0,0.E0));
#3902=DIRECTION('',(0.E0,-1.E0,0.E0));
#3903=AXIS2_PLACEMENT_3D('',#3900,#3901,#3902);
#3904=CYLINDRICAL_SURFACE('',#3903,8.15E-1);
#3905=ORIENTED_EDGE('',*,*,#3633,.F.);
#3907=ORIENTED_EDGE('',*,*,#3906,.T.);
#3908=ORIENTED_EDGE('',*,*,#3728,.T.);
#3909=ORIENTED_EDGE('',*,*,#3881,.F.);
#3910=EDGE_LOOP('',(#3905,#3907,#3908,#3909));
#3911=FACE_OUTER_BOUND('',#3910,.F.);
#3913=CARTESIAN_POINT('',(3.15E-1,3.81E0,-4.415E0));
#3914=DIRECTION('',(0.E0,0.E0,-1.E0));
#3915=DIRECTION('',(0.E0,-1.E0,0.E0));
#3916=AXIS2_PLACEMENT_3D('',#3913,#3914,#3915);
#3917=PLANE('',#3916);
#3918=ORIENTED_EDGE('',*,*,#3631,.F.);
#3920=ORIENTED_EDGE('',*,*,#3919,.T.);
#3921=ORIENTED_EDGE('',*,*,#3730,.T.);
#3922=ORIENTED_EDGE('',*,*,#3906,.F.);
#3923=EDGE_LOOP('',(#3918,#3920,#3921,#3922));
#3924=FACE_OUTER_BOUND('',#3923,.F.);
#3926=CARTESIAN_POINT('',(3.15E-1,3.81E0,-3.785E0));
#3927=DIRECTION('',(0.E0,1.E0,0.E0));
#3928=DIRECTION('',(0.E0,0.E0,-1.E0));
#3929=AXIS2_PLACEMENT_3D('',#3926,#3927,#3928);
#3930=PLANE('',#3929);
#3931=ORIENTED_EDGE('',*,*,#3629,.F.);
#3933=ORIENTED_EDGE('',*,*,#3932,.T.);
#3934=ORIENTED_EDGE('',*,*,#3732,.T.);
#3935=ORIENTED_EDGE('',*,*,#3919,.F.);
#3936=EDGE_LOOP('',(#3931,#3933,#3934,#3935));
#3937=FACE_OUTER_BOUND('',#3936,.F.);
#3939=CARTESIAN_POINT('',(3.15E-1,1.77E0,-3.785E0));
#3940=DIRECTION('',(0.E0,0.E0,1.E0));
#3941=DIRECTION('',(0.E0,1.E0,0.E0));
#3942=AXIS2_PLACEMENT_3D('',#3939,#3940,#3941);
#3943=PLANE('',#3942);
#3944=ORIENTED_EDGE('',*,*,#3627,.F.);
#3946=ORIENTED_EDGE('',*,*,#3945,.T.);
#3947=ORIENTED_EDGE('',*,*,#3734,.T.);
#3948=ORIENTED_EDGE('',*,*,#3932,.F.);
#3949=EDGE_LOOP('',(#3944,#3946,#3947,#3948));
#3950=FACE_OUTER_BOUND('',#3949,.F.);
#3952=CARTESIAN_POINT('',(3.15E-1,1.77E0,-3.6E0));
#3953=DIRECTION('',(-1.E0,0.E0,0.E0));
#3954=DIRECTION('',(0.E0,-1.E0,0.E0));
#3955=AXIS2_PLACEMENT_3D('',#3952,#3953,#3954);
#3956=CYLINDRICAL_SURFACE('',#3955,1.85E-1);
#3957=ORIENTED_EDGE('',*,*,#3625,.F.);
#3959=ORIENTED_EDGE('',*,*,#3958,.T.);
#3960=ORIENTED_EDGE('',*,*,#3736,.T.);
#3961=ORIENTED_EDGE('',*,*,#3945,.F.);
#3962=EDGE_LOOP('',(#3957,#3959,#3960,#3961));
#3963=FACE_OUTER_BOUND('',#3962,.F.);
#3965=CARTESIAN_POINT('',(3.15E-1,1.585E0,5.8E0));
#3966=DIRECTION('',(0.E0,1.E0,0.E0));
#3967=DIRECTION('',(0.E0,0.E0,-1.E0));
#3968=AXIS2_PLACEMENT_3D('',#3965,#3966,#3967);
#3969=PLANE('',#3968);
#3970=ORIENTED_EDGE('',*,*,#2552,.T.);
#3971=ORIENTED_EDGE('',*,*,#3738,.T.);
#3972=ORIENTED_EDGE('',*,*,#3958,.F.);
#3973=ORIENTED_EDGE('',*,*,#3623,.F.);
#3974=EDGE_LOOP('',(#3970,#3971,#3972,#3973));
#3975=FACE_OUTER_BOUND('',#3974,.F.);
#3977=CARTESIAN_POINT('',(3.15E-1,1.585E0,5.8E0));
#3978=DIRECTION('',(0.E0,1.E0,0.E0));
#3979=DIRECTION('',(0.E0,0.E0,-1.E0));
#3980=AXIS2_PLACEMENT_3D('',#3977,#3978,#3979);
#3981=PLANE('',#3980);
#3982=ORIENTED_EDGE('',*,*,#2850,.F.);
#3983=ORIENTED_EDGE('',*,*,#3650,.F.);
#3985=ORIENTED_EDGE('',*,*,#3984,.T.);
#3986=ORIENTED_EDGE('',*,*,#3749,.T.);
#3987=EDGE_LOOP('',(#3982,#3983,#3985,#3986));
#3988=FACE_OUTER_BOUND('',#3987,.F.);
#3990=CARTESIAN_POINT('',(3.15E-1,9.55E-1,5.8E0));
#3991=DIRECTION('',(0.E0,0.E0,1.E0));
#3992=DIRECTION('',(0.E0,1.E0,0.E0));
#3993=AXIS2_PLACEMENT_3D('',#3990,#3991,#3992);
#3994=PLANE('',#3993);
#3995=ORIENTED_EDGE('',*,*,#3648,.F.);
#3996=ORIENTED_EDGE('',*,*,#3894,.T.);
#3997=ORIENTED_EDGE('',*,*,#3751,.T.);
#3998=ORIENTED_EDGE('',*,*,#3984,.F.);
#3999=EDGE_LOOP('',(#3995,#3996,#3997,#3998));
#4000=FACE_OUTER_BOUND('',#3999,.F.);
#4002=CARTESIAN_POINT('',(2.855E0,2.3E0,0.E0));
#4003=DIRECTION('',(-1.E0,0.E0,0.E0));
#4004=DIRECTION('',(0.E0,-1.E0,0.E0));
#4005=AXIS2_PLACEMENT_3D('',#4002,#4003,#4004);
#4006=PLANE('',#4005);
#4007=ORIENTED_EDGE('',*,*,#2571,.T.);
#4009=ORIENTED_EDGE('',*,*,#4008,.T.);
#4011=ORIENTED_EDGE('',*,*,#4010,.T.);
#4013=ORIENTED_EDGE('',*,*,#4012,.T.);
#4015=ORIENTED_EDGE('',*,*,#4014,.T.);
#4017=ORIENTED_EDGE('',*,*,#4016,.T.);
#4019=ORIENTED_EDGE('',*,*,#4018,.T.);
#4021=ORIENTED_EDGE('',*,*,#4020,.T.);
#4022=EDGE_LOOP('',(#4007,#4009,#4011,#4013,#4015,#4017,#4019,#4021));
#4023=FACE_OUTER_BOUND('',#4022,.F.);
#4025=CARTESIAN_POINT('',(2.855E0,2.3E0,0.E0));
#4026=DIRECTION('',(-1.E0,0.E0,0.E0));
#4027=DIRECTION('',(0.E0,-1.E0,0.E0));
#4028=AXIS2_PLACEMENT_3D('',#4025,#4026,#4027);
#4029=PLANE('',#4028);
#4030=ORIENTED_EDGE('',*,*,#2581,.T.);
#4032=ORIENTED_EDGE('',*,*,#4031,.T.);
#4034=ORIENTED_EDGE('',*,*,#4033,.T.);
#4036=ORIENTED_EDGE('',*,*,#4035,.T.);
#4038=ORIENTED_EDGE('',*,*,#4037,.T.);
#4040=ORIENTED_EDGE('',*,*,#4039,.T.);
#4042=ORIENTED_EDGE('',*,*,#4041,.T.);
#4044=ORIENTED_EDGE('',*,*,#4043,.T.);
#4045=EDGE_LOOP('',(#4030,#4032,#4034,#4036,#4038,#4040,#4042,#4044));
#4046=FACE_OUTER_BOUND('',#4045,.F.);
#4048=CARTESIAN_POINT('',(2.855E0,2.3E0,0.E0));
#4049=DIRECTION('',(-1.E0,0.E0,0.E0));
#4050=DIRECTION('',(0.E0,-1.E0,0.E0));
#4051=AXIS2_PLACEMENT_3D('',#4048,#4049,#4050);
#4052=PLANE('',#4051);
#4053=ORIENTED_EDGE('',*,*,#2882,.T.);
#4055=ORIENTED_EDGE('',*,*,#4054,.T.);
#4057=ORIENTED_EDGE('',*,*,#4056,.T.);
#4059=ORIENTED_EDGE('',*,*,#4058,.T.);
#4060=EDGE_LOOP('',(#4053,#4055,#4057,#4059));
#4061=FACE_OUTER_BOUND('',#4060,.F.);
#4063=CARTESIAN_POINT('',(2.855E0,2.3E0,0.E0));
#4064=DIRECTION('',(-1.E0,0.E0,0.E0));
#4065=DIRECTION('',(0.E0,-1.E0,0.E0));
#4066=AXIS2_PLACEMENT_3D('',#4063,#4064,#4065);
#4067=PLANE('',#4066);
#4068=ORIENTED_EDGE('',*,*,#2892,.T.);
#4070=ORIENTED_EDGE('',*,*,#4069,.T.);
#4072=ORIENTED_EDGE('',*,*,#4071,.T.);
#4074=ORIENTED_EDGE('',*,*,#4073,.T.);
#4075=EDGE_LOOP('',(#4068,#4070,#4072,#4074));
#4076=FACE_OUTER_BOUND('',#4075,.F.);
#4078=CARTESIAN_POINT('',(2.855E0,-9.55E-1,5.8E0));
#4079=DIRECTION('',(0.E0,1.E0,0.E0));
#4080=DIRECTION('',(0.E0,0.E0,-1.E0));
#4081=AXIS2_PLACEMENT_3D('',#4078,#4079,#4080);
#4082=PLANE('',#4081);
#4083=ORIENTED_EDGE('',*,*,#2577,.T.);
#4085=ORIENTED_EDGE('',*,*,#4084,.T.);
#4087=ORIENTED_EDGE('',*,*,#4086,.F.);
#4088=ORIENTED_EDGE('',*,*,#4008,.F.);
#4089=EDGE_LOOP('',(#4083,#4085,#4087,#4088));
#4090=FACE_OUTER_BOUND('',#4089,.F.);
#4092=CARTESIAN_POINT('',(2.855E0,-9.55E-1,5.8E0));
#4093=DIRECTION('',(0.E0,1.E0,0.E0));
#4094=DIRECTION('',(0.E0,0.E0,-1.E0));
#4095=AXIS2_PLACEMENT_3D('',#4092,#4093,#4094);
#4096=PLANE('',#4095);
#4097=ORIENTED_EDGE('',*,*,#2894,.F.);
#4098=ORIENTED_EDGE('',*,*,#4073,.F.);
#4100=ORIENTED_EDGE('',*,*,#4099,.T.);
#4102=ORIENTED_EDGE('',*,*,#4101,.T.);
#4103=EDGE_LOOP('',(#4097,#4098,#4100,#4102));
#4104=FACE_OUTER_BOUND('',#4103,.F.);
#4106=CARTESIAN_POINT('',(2.225E0,2.3E0,0.E0));
#4107=DIRECTION('',(-1.E0,0.E0,0.E0));
#4108=DIRECTION('',(0.E0,-1.E0,0.E0));
#4109=AXIS2_PLACEMENT_3D('',#4106,#4107,#4108);
#4110=PLANE('',#4109);
#4111=ORIENTED_EDGE('',*,*,#2575,.F.);
#4113=ORIENTED_EDGE('',*,*,#4112,.F.);
#4115=ORIENTED_EDGE('',*,*,#4114,.F.);
#4117=ORIENTED_EDGE('',*,*,#4116,.F.);
#4119=ORIENTED_EDGE('',*,*,#4118,.F.);
#4121=ORIENTED_EDGE('',*,*,#4120,.F.);
#4123=ORIENTED_EDGE('',*,*,#4122,.F.);
#4124=ORIENTED_EDGE('',*,*,#4084,.F.);
#4125=EDGE_LOOP('',(#4111,#4113,#4115,#4117,#4119,#4121,#4123,#4124));
#4126=FACE_OUTER_BOUND('',#4125,.F.);
#4128=CARTESIAN_POINT('',(2.225E0,2.3E0,0.E0));
#4129=DIRECTION('',(-1.E0,0.E0,0.E0));
#4130=DIRECTION('',(0.E0,-1.E0,0.E0));
#4131=AXIS2_PLACEMENT_3D('',#4128,#4129,#4130);
#4132=PLANE('',#4131);
#4133=ORIENTED_EDGE('',*,*,#2585,.F.);
#4135=ORIENTED_EDGE('',*,*,#4134,.F.);
#4137=ORIENTED_EDGE('',*,*,#4136,.F.);
#4139=ORIENTED_EDGE('',*,*,#4138,.F.);
#4141=ORIENTED_EDGE('',*,*,#4140,.F.);
#4143=ORIENTED_EDGE('',*,*,#4142,.F.);
#4145=ORIENTED_EDGE('',*,*,#4144,.F.);
#4147=ORIENTED_EDGE('',*,*,#4146,.F.);
#4148=EDGE_LOOP('',(#4133,#4135,#4137,#4139,#4141,#4143,#4145,#4147));
#4149=FACE_OUTER_BOUND('',#4148,.F.);
#4151=CARTESIAN_POINT('',(2.225E0,2.3E0,0.E0));
#4152=DIRECTION('',(-1.E0,0.E0,0.E0));
#4153=DIRECTION('',(0.E0,-1.E0,0.E0));
#4154=AXIS2_PLACEMENT_3D('',#4151,#4152,#4153);
#4155=PLANE('',#4154);
#4156=ORIENTED_EDGE('',*,*,#2886,.F.);
#4158=ORIENTED_EDGE('',*,*,#4157,.F.);
#4160=ORIENTED_EDGE('',*,*,#4159,.F.);
#4162=ORIENTED_EDGE('',*,*,#4161,.F.);
#4163=EDGE_LOOP('',(#4156,#4158,#4160,#4162));
#4164=FACE_OUTER_BOUND('',#4163,.F.);
#4166=CARTESIAN_POINT('',(2.225E0,2.3E0,0.E0));
#4167=DIRECTION('',(-1.E0,0.E0,0.E0));
#4168=DIRECTION('',(0.E0,-1.E0,0.E0));
#4169=AXIS2_PLACEMENT_3D('',#4166,#4167,#4168);
#4170=PLANE('',#4169);
#4171=ORIENTED_EDGE('',*,*,#2896,.F.);
#4172=ORIENTED_EDGE('',*,*,#4101,.F.);
#4174=ORIENTED_EDGE('',*,*,#4173,.F.);
#4176=ORIENTED_EDGE('',*,*,#4175,.F.);
#4177=EDGE_LOOP('',(#4171,#4172,#4174,#4176));
#4178=FACE_OUTER_BOUND('',#4177,.F.);
#4180=CARTESIAN_POINT('',(2.855E0,-1.585E0,-3.6E0));
#4181=DIRECTION('',(0.E0,-1.E0,0.E0));
#4182=DIRECTION('',(0.E0,0.E0,1.E0));
#4183=AXIS2_PLACEMENT_3D('',#4180,#4181,#4182);
#4184=PLANE('',#4183);
#4185=ORIENTED_EDGE('',*,*,#2573,.F.);
#4186=ORIENTED_EDGE('',*,*,#4020,.F.);
#4188=ORIENTED_EDGE('',*,*,#4187,.T.);
#4189=ORIENTED_EDGE('',*,*,#4112,.T.);
#4190=EDGE_LOOP('',(#4185,#4186,#4188,#4189));
#4191=FACE_OUTER_BOUND('',#4190,.F.);
#4193=CARTESIAN_POINT('',(2.855E0,-1.585E0,-3.6E0));
#4194=DIRECTION('',(0.E0,-1.E0,0.E0));
#4195=DIRECTION('',(0.E0,0.E0,1.E0));
#4196=AXIS2_PLACEMENT_3D('',#4193,#4194,#4195);
#4197=PLANE('',#4196);
#4198=ORIENTED_EDGE('',*,*,#2898,.T.);
#4199=ORIENTED_EDGE('',*,*,#4175,.T.);
#4201=ORIENTED_EDGE('',*,*,#4200,.F.);
#4202=ORIENTED_EDGE('',*,*,#4069,.F.);
#4203=EDGE_LOOP('',(#4198,#4199,#4201,#4202));
#4204=FACE_OUTER_BOUND('',#4203,.F.);
#4206=CARTESIAN_POINT('',(2.855E0,-1.77E0,-3.6E0));
#4207=DIRECTION('',(-1.E0,0.E0,0.E0));
#4208=DIRECTION('',(0.E0,-1.E0,0.E0));
#4209=AXIS2_PLACEMENT_3D('',#4206,#4207,#4208);
#4210=CYLINDRICAL_SURFACE('',#4209,1.85E-1);
#4211=ORIENTED_EDGE('',*,*,#4018,.F.);
#4213=ORIENTED_EDGE('',*,*,#4212,.T.);
#4214=ORIENTED_EDGE('',*,*,#4114,.T.);
#4215=ORIENTED_EDGE('',*,*,#4187,.F.);
#4216=EDGE_LOOP('',(#4211,#4213,#4214,#4215));
#4217=FACE_OUTER_BOUND('',#4216,.F.);
#4219=CARTESIAN_POINT('',(2.855E0,-3.81E0,-3.785E0));
#4220=DIRECTION('',(0.E0,0.E0,1.E0));
#4221=DIRECTION('',(0.E0,1.E0,0.E0));
#4222=AXIS2_PLACEMENT_3D('',#4219,#4220,#4221);
#4223=PLANE('',#4222);
#4224=ORIENTED_EDGE('',*,*,#4016,.F.);
#4226=ORIENTED_EDGE('',*,*,#4225,.T.);
#4227=ORIENTED_EDGE('',*,*,#4116,.T.);
#4228=ORIENTED_EDGE('',*,*,#4212,.F.);
#4229=EDGE_LOOP('',(#4224,#4226,#4227,#4228));
#4230=FACE_OUTER_BOUND('',#4229,.F.);
#4232=CARTESIAN_POINT('',(2.855E0,-3.81E0,-4.415E0));
#4233=DIRECTION('',(0.E0,-1.E0,0.E0));
#4234=DIRECTION('',(0.E0,0.E0,1.E0));
#4235=AXIS2_PLACEMENT_3D('',#4232,#4233,#4234);
#4236=PLANE('',#4235);
#4237=ORIENTED_EDGE('',*,*,#4014,.F.);
#4239=ORIENTED_EDGE('',*,*,#4238,.T.);
#4240=ORIENTED_EDGE('',*,*,#4118,.T.);
#4241=ORIENTED_EDGE('',*,*,#4225,.F.);
#4242=EDGE_LOOP('',(#4237,#4239,#4240,#4241));
#4243=FACE_OUTER_BOUND('',#4242,.F.);
#4245=CARTESIAN_POINT('',(2.855E0,-1.77E0,-4.415E0));
#4246=DIRECTION('',(0.E0,0.E0,-1.E0));
#4247=DIRECTION('',(0.E0,-1.E0,0.E0));
#4248=AXIS2_PLACEMENT_3D('',#4245,#4246,#4247);
#4249=PLANE('',#4248);
#4250=ORIENTED_EDGE('',*,*,#4012,.F.);
#4252=ORIENTED_EDGE('',*,*,#4251,.T.);
#4253=ORIENTED_EDGE('',*,*,#4120,.T.);
#4254=ORIENTED_EDGE('',*,*,#4238,.F.);
#4255=EDGE_LOOP('',(#4250,#4252,#4253,#4254));
#4256=FACE_OUTER_BOUND('',#4255,.F.);
#4258=CARTESIAN_POINT('',(2.855E0,-1.77E0,-3.6E0));
#4259=DIRECTION('',(-1.E0,0.E0,0.E0));
#4260=DIRECTION('',(0.E0,-1.E0,0.E0));
#4261=AXIS2_PLACEMENT_3D('',#4258,#4259,#4260);
#4262=CYLINDRICAL_SURFACE('',#4261,8.15E-1);
#4263=ORIENTED_EDGE('',*,*,#4010,.F.);
#4264=ORIENTED_EDGE('',*,*,#4086,.T.);
#4265=ORIENTED_EDGE('',*,*,#4122,.T.);
#4266=ORIENTED_EDGE('',*,*,#4251,.F.);
#4267=EDGE_LOOP('',(#4263,#4264,#4265,#4266));
#4268=FACE_OUTER_BOUND('',#4267,.F.);
#4270=CARTESIAN_POINT('',(2.855E0,-1.585E0,5.8E0));
#4271=DIRECTION('',(0.E0,0.E0,1.E0));
#4272=DIRECTION('',(0.E0,1.E0,0.E0));
#4273=AXIS2_PLACEMENT_3D('',#4270,#4271,#4272);
#4274=PLANE('',#4273);
#4275=ORIENTED_EDGE('',*,*,#4071,.F.);
#4276=ORIENTED_EDGE('',*,*,#4200,.T.);
#4277=ORIENTED_EDGE('',*,*,#4173,.T.);
#4278=ORIENTED_EDGE('',*,*,#4099,.F.);
#4279=EDGE_LOOP('',(#4275,#4276,#4277,#4278));
#4280=FACE_OUTER_BOUND('',#4279,.F.);
#4282=CARTESIAN_POINT('',(2.855E0,9.55E-1,-3.6E0));
#4283=DIRECTION('',(0.E0,-1.E0,0.E0));
#4284=DIRECTION('',(0.E0,0.E0,1.E0));
#4285=AXIS2_PLACEMENT_3D('',#4282,#4283,#4284);
#4286=PLANE('',#4285);
#4287=ORIENTED_EDGE('',*,*,#2583,.F.);
#4288=ORIENTED_EDGE('',*,*,#4043,.F.);
#4290=ORIENTED_EDGE('',*,*,#4289,.T.);
#4291=ORIENTED_EDGE('',*,*,#4134,.T.);
#4292=EDGE_LOOP('',(#4287,#4288,#4290,#4291));
#4293=FACE_OUTER_BOUND('',#4292,.F.);
#4295=CARTESIAN_POINT('',(2.855E0,9.55E-1,-3.6E0));
#4296=DIRECTION('',(0.E0,-1.E0,0.E0));
#4297=DIRECTION('',(0.E0,0.E0,1.E0));
#4298=AXIS2_PLACEMENT_3D('',#4295,#4296,#4297);
#4299=PLANE('',#4298);
#4300=ORIENTED_EDGE('',*,*,#2888,.T.);
#4301=ORIENTED_EDGE('',*,*,#4161,.T.);
#4303=ORIENTED_EDGE('',*,*,#4302,.F.);
#4304=ORIENTED_EDGE('',*,*,#4054,.F.);
#4305=EDGE_LOOP('',(#4300,#4301,#4303,#4304));
#4306=FACE_OUTER_BOUND('',#4305,.F.);
#4308=CARTESIAN_POINT('',(2.855E0,1.77E0,-3.6E0));
#4309=DIRECTION('',(-1.E0,0.E0,0.E0));
#4310=DIRECTION('',(0.E0,-1.E0,0.E0));
#4311=AXIS2_PLACEMENT_3D('',#4308,#4309,#4310);
#4312=CYLINDRICAL_SURFACE('',#4311,8.15E-1);
#4313=ORIENTED_EDGE('',*,*,#4041,.F.);
#4315=ORIENTED_EDGE('',*,*,#4314,.T.);
#4316=ORIENTED_EDGE('',*,*,#4136,.T.);
#4317=ORIENTED_EDGE('',*,*,#4289,.F.);
#4318=EDGE_LOOP('',(#4313,#4315,#4316,#4317));
#4319=FACE_OUTER_BOUND('',#4318,.F.);
#4321=CARTESIAN_POINT('',(2.855E0,3.81E0,-4.415E0));
#4322=DIRECTION('',(0.E0,0.E0,-1.E0));
#4323=DIRECTION('',(0.E0,-1.E0,0.E0));
#4324=AXIS2_PLACEMENT_3D('',#4321,#4322,#4323);
#4325=PLANE('',#4324);
#4326=ORIENTED_EDGE('',*,*,#4039,.F.);
#4328=ORIENTED_EDGE('',*,*,#4327,.T.);
#4329=ORIENTED_EDGE('',*,*,#4138,.T.);
#4330=ORIENTED_EDGE('',*,*,#4314,.F.);
#4331=EDGE_LOOP('',(#4326,#4328,#4329,#4330));
#4332=FACE_OUTER_BOUND('',#4331,.F.);
#4334=CARTESIAN_POINT('',(2.855E0,3.81E0,-3.785E0));
#4335=DIRECTION('',(0.E0,1.E0,0.E0));
#4336=DIRECTION('',(0.E0,0.E0,-1.E0));
#4337=AXIS2_PLACEMENT_3D('',#4334,#4335,#4336);
#4338=PLANE('',#4337);
#4339=ORIENTED_EDGE('',*,*,#4037,.F.);
#4341=ORIENTED_EDGE('',*,*,#4340,.T.);
#4342=ORIENTED_EDGE('',*,*,#4140,.T.);
#4343=ORIENTED_EDGE('',*,*,#4327,.F.);
#4344=EDGE_LOOP('',(#4339,#4341,#4342,#4343));
#4345=FACE_OUTER_BOUND('',#4344,.F.);
#4347=CARTESIAN_POINT('',(2.855E0,1.77E0,-3.785E0));
#4348=DIRECTION('',(0.E0,0.E0,1.E0));
#4349=DIRECTION('',(0.E0,1.E0,0.E0));
#4350=AXIS2_PLACEMENT_3D('',#4347,#4348,#4349);
#4351=PLANE('',#4350);
#4352=ORIENTED_EDGE('',*,*,#4035,.F.);
#4354=ORIENTED_EDGE('',*,*,#4353,.T.);
#4355=ORIENTED_EDGE('',*,*,#4142,.T.);
#4356=ORIENTED_EDGE('',*,*,#4340,.F.);
#4357=EDGE_LOOP('',(#4352,#4354,#4355,#4356));
#4358=FACE_OUTER_BOUND('',#4357,.F.);
#4360=CARTESIAN_POINT('',(2.855E0,1.77E0,-3.6E0));
#4361=DIRECTION('',(-1.E0,0.E0,0.E0));
#4362=DIRECTION('',(0.E0,-1.E0,0.E0));
#4363=AXIS2_PLACEMENT_3D('',#4360,#4361,#4362);
#4364=CYLINDRICAL_SURFACE('',#4363,1.85E-1);
#4365=ORIENTED_EDGE('',*,*,#4033,.F.);
#4367=ORIENTED_EDGE('',*,*,#4366,.T.);
#4368=ORIENTED_EDGE('',*,*,#4144,.T.);
#4369=ORIENTED_EDGE('',*,*,#4353,.F.);
#4370=EDGE_LOOP('',(#4365,#4367,#4368,#4369));
#4371=FACE_OUTER_BOUND('',#4370,.F.);
#4373=CARTESIAN_POINT('',(2.855E0,1.585E0,5.8E0));
#4374=DIRECTION('',(0.E0,1.E0,0.E0));
#4375=DIRECTION('',(0.E0,0.E0,-1.E0));
#4376=AXIS2_PLACEMENT_3D('',#4373,#4374,#4375);
#4377=PLANE('',#4376);
#4378=ORIENTED_EDGE('',*,*,#2587,.T.);
#4379=ORIENTED_EDGE('',*,*,#4146,.T.);
#4380=ORIENTED_EDGE('',*,*,#4366,.F.);
#4381=ORIENTED_EDGE('',*,*,#4031,.F.);
#4382=EDGE_LOOP('',(#4378,#4379,#4380,#4381));
#4383=FACE_OUTER_BOUND('',#4382,.F.);
#4385=CARTESIAN_POINT('',(2.855E0,1.585E0,5.8E0));
#4386=DIRECTION('',(0.E0,1.E0,0.E0));
#4387=DIRECTION('',(0.E0,0.E0,-1.E0));
#4388=AXIS2_PLACEMENT_3D('',#4385,#4386,#4387);
#4389=PLANE('',#4388);
#4390=ORIENTED_EDGE('',*,*,#2884,.F.);
#4391=ORIENTED_EDGE('',*,*,#4058,.F.);
#4393=ORIENTED_EDGE('',*,*,#4392,.T.);
#4394=ORIENTED_EDGE('',*,*,#4157,.T.);
#4395=EDGE_LOOP('',(#4390,#4391,#4393,#4394));
#4396=FACE_OUTER_BOUND('',#4395,.F.);
#4398=CARTESIAN_POINT('',(2.855E0,9.55E-1,5.8E0));
#4399=DIRECTION('',(0.E0,0.E0,1.E0));
#4400=DIRECTION('',(0.E0,1.E0,0.E0));
#4401=AXIS2_PLACEMENT_3D('',#4398,#4399,#4400);
#4402=PLANE('',#4401);
#4403=ORIENTED_EDGE('',*,*,#4056,.F.);
#4404=ORIENTED_EDGE('',*,*,#4302,.T.);
#4405=ORIENTED_EDGE('',*,*,#4159,.T.);
#4406=ORIENTED_EDGE('',*,*,#4392,.F.);
#4407=EDGE_LOOP('',(#4403,#4404,#4405,#4406));
#4408=FACE_OUTER_BOUND('',#4407,.F.);
#4410=CLOSED_SHELL('',(#2171,#2188,#2214,#2230,#2247,#2265,#2285,#2305,#2322,
#2338,#2357,#2376,#2390,#2405,#2420,#2445,#2458,#2473,#2488,#2521,#2556,#2591,
#2604,#2619,#2634,#2647,#2662,#2677,#2693,#2712,#2731,#2747,#2763,#2782,#2801,
#2834,#2868,#2902,#2917,#2933,#2947,#2966,#2979,#2996,#3011,#3031,#3045,#3060,
#3079,#3093,#3107,#3124,#3139,#3159,#3173,#3185,#3208,#3231,#3246,#3261,#3275,
#3289,#3311,#3334,#3349,#3363,#3376,#3389,#3402,#3415,#3428,#3441,#3453,#3465,
#3478,#3491,#3504,#3517,#3530,#3543,#3556,#3568,#3581,#3593,#3616,#3639,#3654,
#3669,#3683,#3697,#3719,#3742,#3757,#3771,#3784,#3797,#3810,#3823,#3836,#3849,
#3861,#3873,#3886,#3899,#3912,#3925,#3938,#3951,#3964,#3976,#3989,#4001,#4024,
#4047,#4062,#4077,#4091,#4105,#4127,#4150,#4165,#4179,#4192,#4205,#4218,#4231,
#4244,#4257,#4269,#4281,#4294,#4307,#4320,#4333,#4346,#4359,#4372,#4384,#4397,
#4409));
#4411=MANIFOLD_SOLID_BREP('',#4410);
#4414=PLANE_ANGLE_MEASURE_WITH_UNIT(PLANE_ANGLE_MEASURE(1.745329251994E-2),
#4413);
#4415=(CONVERSION_BASED_UNIT('DEGREE',#4414)NAMED_UNIT(*)PLANE_ANGLE_UNIT());
#4417=UNCERTAINTY_MEASURE_WITH_UNIT(LENGTH_MEASURE(1.484780749305E-3),#4412,
'distance_accuracy_value',
'Maximum model space distance between geometric entities at asserted connectivities');
#4420=APPLICATION_CONTEXT('automotive_design');
#4421=APPLICATION_PROTOCOL_DEFINITION('international standard',
'automotive_design',2001,#4420);
#4422=PRODUCT_DEFINITION_CONTEXT('part definition',#4420,'design');
#4423=PRODUCT_CONTEXT('',#4420,'mechanical');
#4424=PRODUCT('C-1241050-3','C-1241050-3','NOT SPECIFIED',(#4423));
#4425=PRODUCT_DEFINITION_FORMATION('1','LAST_VERSION',#4424);
#4433=DERIVED_UNIT_ELEMENT(#4432,2.E0);
#4434=DERIVED_UNIT((#4433));
#4435=MEASURE_REPRESENTATION_ITEM('surface area measure',AREA_MEASURE(
2.924348236624E2),#4434);
#4440=DERIVED_UNIT_ELEMENT(#4439,3.E0);
#4441=DERIVED_UNIT((#4440));
#4442=MEASURE_REPRESENTATION_ITEM('volume measure',VOLUME_MEASURE(
1.171816132981E2),#4441);
#4446=CARTESIAN_POINT('centre point',(2.175813892336E-12,-2.204342180189E-8,
-9.821898744585E-1));
#4451=DERIVED_UNIT_ELEMENT(#4450,2.E0);
#4452=DERIVED_UNIT((#4451));
#4453=MEASURE_REPRESENTATION_ITEM('surface area measure',AREA_MEASURE(
2.924348236624E2),#4452);
#4458=DERIVED_UNIT_ELEMENT(#4457,3.E0);
#4459=DERIVED_UNIT((#4458));
#4460=MEASURE_REPRESENTATION_ITEM('volume measure',VOLUME_MEASURE(
1.171816132981E2),#4459);
#4464=CARTESIAN_POINT('centre point',(2.175813892336E-12,-2.204342180189E-8,
-9.821898744585E-1));
#4469=PRODUCT_RELATED_PRODUCT_CATEGORY('part','',(#4424));
#1=DRAUGHTING_PRE_DEFINED_COLOUR('black');
#2=COLOUR_RGB('',0.E0,0.E0,3.6E-1);
#3=COLOUR_RGB('',0.E0,0.E0,4.8E-1);
#4=DRAUGHTING_PRE_DEFINED_COLOUR('blue');
#5=COLOUR_RGB('',0.E0,5.8824E-2,4.58824E-1);
#6=COLOUR_RGB('',0.E0,1.80392E-1,4.78431E-1);
#7=COLOUR_RGB('',0.E0,3.6E-1,9.E-2);
#8=COLOUR_RGB('',0.E0,3.6E-1,2.7E-1);
#9=COLOUR_RGB('',0.E0,5.6E-1,6.4E-1);
#10=COLOUR_RGB('',0.E0,5.8E-1,8.E-1);
#11=COLOUR_RGB('',0.E0,7.1E-1,6.6E-1);
#12=COLOUR_RGB('',0.E0,7.13E-1,0.E0);
#13=COLOUR_RGB('',0.E0,9.5E-1,8.4E-1);
#14=DRAUGHTING_PRE_DEFINED_COLOUR('green');
#15=DRAUGHTING_PRE_DEFINED_COLOUR('cyan');
#16=COLOUR_RGB('',1.1765E-2,1.9608E-2,3.9216E-2);
#17=COLOUR_RGB('',4.E-2,0.E0,1.6E-1);
#18=COLOUR_RGB('',3.9216E-2,2.19608E-1,1.21569E-1);
#19=COLOUR_RGB('',3.9216E-2,3.60784E-1,2.E-1);
#20=COLOUR_RGB('',5.098E-2,7.0588E-2,1.01961E-1);
#21=COLOUR_RGB('',9.E-2,0.E0,1.2E-1);
#22=COLOUR_RGB('',9.0196E-2,1.60784E-1,1.09804E-1);
#23=COLOUR_RGB('',9.0196E-2,3.80392E-1,6.70588E-1);
#24=COLOUR_RGB('',1.E-1,0.E0,2.5E-1);
#25=COLOUR_RGB('',1.01961E-1,4.78431E-1,3.88235E-1);
#26=COLOUR_RGB('',1.09804E-1,1.4902E-1,9.0196E-2);
#27=COLOUR_RGB('',1.4902E-1,3.09804E-1,5.29412E-1);
#28=COLOUR_RGB('',1.4902E-1,4.E-1,1.60784E-1);
#29=COLOUR_RGB('',1.6E-1,3.2E-2,0.E0);
#30=COLOUR_RGB('',1.60784E-1,4.5098E-1,7.21569E-1);
#31=COLOUR_RGB('',1.6E-1,4.6E-1,6.5E-1);
#32=COLOUR_RGB('',1.6E-1,1.E0,1.6E-1);
#33=COLOUR_RGB('',2.E-1,3.2E-2,0.E0);
#34=COLOUR_RGB('',2.11765E-1,4.11765E-1,1.4902E-1);
#35=COLOUR_RGB('',2.39216E-1,2.39216E-1,2.31373E-1);
#36=COLOUR_RGB('',2.39216E-1,2.70588E-1,1.80392E-1);
#37=COLOUR_RGB('',2.5098E-1,2.90196E-1,3.29412E-1);
#38=COLOUR_RGB('',2.90196E-1,4.31373E-1,2.E-1);
#39=COLOUR_RGB('',3.1E-1,3.1E-1,5.6E-1);
#40=COLOUR_RGB('',3.09804E-1,6.58824E-1,2.E-1);
#41=COLOUR_RGB('',3.2E-1,1.5E-1,0.E0);
#42=COLOUR_RGB('',3.60784E-1,3.1373E-2,1.68627E-1);
#43=COLOUR_RGB('',3.68627E-1,2.E-1,1.21569E-1);
#44=COLOUR_RGB('',3.88235E-1,2.39216E-1,6.11765E-1);
#45=COLOUR_RGB('',4.E-1,4.E-1,4.E-1);
#46=COLOUR_RGB('',4.11765E-1,5.8824E-2,7.8431E-2);
#47=COLOUR_RGB('',4.11765E-1,3.29412E-1,2.19608E-1);
#48=COLOUR_RGB('',4.2E-1,4.2E-1,1.E0);
#49=COLOUR_RGB('',4.4E-1,8.5E-1,1.E0);
#50=COLOUR_RGB('',4.58824E-1,4.5098E-1,3.09804E-1);
#51=COLOUR_RGB('',4.70588E-1,5.09804E-1,5.4902E-1);
#52=COLOUR_RGB('',4.78431E-1,4.90196E-1,4.58824E-1);
#53=COLOUR_RGB('',4.90196E-1,3.60784E-1,2.19608E-1);
#54=COLOUR_RGB('',4.9E-1,4.9E-1,0.E0);
#55=COLOUR_RGB('',4.9E-1,1.E0,0.E0);
#56=COLOUR_RGB('',5.E-1,0.E0,0.E0);
#57=COLOUR_RGB('',5.E-1,0.E0,2.3E-1);
#58=COLOUR_RGB('',5.E-1,5.E-1,5.E-1);
#59=COLOUR_RGB('',5.21569E-1,2.19608E-1,1.68627E-1);
#60=COLOUR_RGB('',5.3E-1,0.E0,0.E0);
#61=COLOUR_RGB('',5.29412E-1,5.80392E-1,6.5098E-1);
#62=COLOUR_RGB('',5.4E-1,0.E0,4.4E-1);
#63=COLOUR_RGB('',5.5E-1,3.E-1,0.E0);
#64=COLOUR_RGB('',5.6E-1,1.E-1,5.E-2);
#65=COLOUR_RGB('',5.60784E-1,5.80392E-1,6.19608E-1);
#66=COLOUR_RGB('',5.68627E-1,5.8824E-2,4.E-1);
#67=COLOUR_RGB('',5.8E-1,2.2E-1,1.E-2);
#68=COLOUR_RGB('',5.88235E-1,1.21569E-1,1.09804E-1);
#69=COLOUR_RGB('',6.E-1,6.E-1,6.E-1);
#70=COLOUR_RGB('',6.11765E-1,5.60784E-1,3.80392E-1);
#71=COLOUR_RGB('',6.11765E-1,6.11765E-1,6.5098E-1);
#72=COLOUR_RGB('',6.2E-1,0.E0,5.5E-1);
#73=COLOUR_RGB('',6.19608E-1,6.39216E-1,6.90196E-1);
#74=COLOUR_RGB('',6.4E-1,0.E0,2.5E-1);
#75=COLOUR_RGB('',6.4E-1,1.E-2,0.E0);
#76=COLOUR_RGB('',6.39216E-1,5.4902E-1,4.78431E-1);
#77=COLOUR_RGB('',6.5098E-1,6.70588E-1,7.09804E-1);
#78=COLOUR_RGB('',6.70588E-1,1.21569E-1,1.09804E-1);
#79=COLOUR_RGB('',6.78431E-1,4.78431E-1,3.09804E-1);
#80=COLOUR_RGB('',6.8E-1,7.5E-1,1.E0);
#81=COLOUR_RGB('',6.952E-1,7.426E-1,7.9E-1);
#82=COLOUR_RGB('',7.09804E-1,7.0588E-2,2.E-1);
#83=COLOUR_RGB('',7.1E-1,3.1E-1,0.E0);
#84=COLOUR_RGB('',7.2E-1,7.2E-1,7.2E-1);
#85=COLOUR_RGB('',7.29412E-1,7.41176E-1,7.29412E-1);
#86=COLOUR_RGB('',7.41176E-1,7.29412E-1,6.70588E-1);
#87=COLOUR_RGB('',7.4E-1,1.E0,2.6E-1);
#88=COLOUR_RGB('',7.5E-1,3.E-2,0.E0);
#89=COLOUR_RGB('',7.4902E-1,8.90196E-1,7.29412E-1);
#90=COLOUR_RGB('',7.6E-1,0.E0,4.7E-1);
#91=COLOUR_RGB('',7.80392E-1,9.0196E-2,7.0588E-2);
#92=COLOUR_RGB('',7.88235E-1,2.19608E-1,5.4902E-1);
#93=COLOUR_RGB('',8.1E-1,4.E-2,0.E0);
#94=COLOUR_RGB('',8.1E-1,6.1E-1,0.E0);
#95=COLOUR_RGB('',8.2E-1,4.E-2,6.6E-1);
#96=COLOUR_RGB('',8.31373E-1,8.5098E-1,8.58824E-1);
#97=COLOUR_RGB('',8.5098E-1,7.29412E-1,5.4902E-1);
#98=COLOUR_RGB('',8.5E-1,8.5E-1,8.5E-1);
#99=COLOUR_RGB('',8.78431E-1,3.68627E-1,1.21569E-1);
#100=COLOUR_RGB('',8.784E-1,9.49E-1,1.E0);
#101=COLOUR_RGB('',8.90196E-1,5.88235E-1,1.41176E-1);
#102=COLOUR_RGB('',9.E-1,1.E0,0.E0);
#103=COLOUR_RGB('',9.09804E-1,6.11765E-1,7.09804E-1);
#104=COLOUR_RGB('',9.37E-1,7.85E-1,0.E0);
#105=COLOUR_RGB('',9.41176E-1,9.29412E-1,9.01961E-1);
#106=COLOUR_RGB('',9.5E-1,2.2E-1,8.1E-1);
#107=COLOUR_RGB('',9.6E-1,3.7E-1,3.E-1);
#108=COLOUR_RGB('',9.6E-1,7.1E-1,3.75E-1);
#109=COLOUR_RGB('',9.80392E-1,1.E0,1.E0);
#110=COLOUR_RGB('',9.88235E-1,1.09804E-1,7.8431E-2);
#111=COLOUR_RGB('',9.88235E-1,7.21569E-1,1.29412E-1);
#112=COLOUR_RGB('',9.88235E-1,9.21569E-1,8.E-1);
#113=DRAUGHTING_PRE_DEFINED_COLOUR('red');
#114=COLOUR_RGB('',1.E0,0.E0,6.1E-1);
#115=COLOUR_RGB('',1.E0,4.E-2,0.E0);
#116=COLOUR_RGB('',1.E0,2.3E-1,0.E0);
#117=COLOUR_RGB('',1.E0,3.5E-1,5.2E-1);
#118=COLOUR_RGB('',1.E0,3.6E-1,0.E0);
#119=COLOUR_RGB('',1.E0,3.88235E-1,2.11765E-1);
#120=COLOUR_RGB('',1.E0,4.9E-1,3.7E-1);
#121=COLOUR_RGB('',1.E0,5.E-1,0.E0);
#122=COLOUR_RGB('',1.E0,5.6E-1,7.8E-1);
#123=COLOUR_RGB('',1.E0,6.4E-1,4.9E-1);
#124=COLOUR_RGB('',1.E0,6.7E-1,0.E0);
#125=COLOUR_RGB('',1.E0,7.6E-1,6.5E-1);
#126=COLOUR_RGB('',1.E0,8.39216E-1,3.01961E-1);
#127=COLOUR_RGB('',1.E0,8.6E-1,4.E-2);
#128=COLOUR_RGB('',1.E0,9.60784E-1,2.58824E-1);
#129=COLOUR_RGB('',1.E0,9.60784E-1,8.90196E-1);
#130=COLOUR_RGB('',1.E0,9.8E-1,7.2E-1);
#131=DRAUGHTING_PRE_DEFINED_COLOUR('yellow');
#132=COLOUR_RGB('',1.E0,1.E0,3.9216E-2);
#133=DRAUGHTING_PRE_DEFINED_COLOUR('white');
#171=B_SPLINE_CURVE_WITH_KNOTS('',3,(#166,#167,#168,#169,#170),.UNSPECIFIED.,
.F.,.F.,(4,1,4),(0.E0,5.E-1,1.E0),.UNSPECIFIED.);
#177=B_SPLINE_CURVE_WITH_KNOTS('',3,(#172,#173,#174,#175,#176),.UNSPECIFIED.,
.F.,.F.,(4,1,4),(0.E0,5.E-1,1.E0),.UNSPECIFIED.);
#183=B_SPLINE_CURVE_WITH_KNOTS('',3,(#178,#179,#180,#181,#182),.UNSPECIFIED.,
.F.,.F.,(4,1,4),(0.E0,5.E-1,1.E0),.UNSPECIFIED.);
#189=B_SPLINE_CURVE_WITH_KNOTS('',3,(#184,#185,#186,#187,#188),.UNSPECIFIED.,
.F.,.F.,(4,1,4),(0.E0,5.E-1,1.E0),.UNSPECIFIED.);
#199=B_SPLINE_CURVE_WITH_KNOTS('',3,(#194,#195,#196,#197,#198),.UNSPECIFIED.,
.F.,.F.,(4,1,4),(0.E0,5.E-1,1.E0),.UNSPECIFIED.);
#205=B_SPLINE_CURVE_WITH_KNOTS('',3,(#200,#201,#202,#203,#204),.UNSPECIFIED.,
.F.,.F.,(4,1,4),(0.E0,5.E-1,1.E0),.UNSPECIFIED.);
#211=B_SPLINE_CURVE_WITH_KNOTS('',3,(#206,#207,#208,#209,#210),.UNSPECIFIED.,
.F.,.F.,(4,1,4),(0.E0,5.E-1,1.E0),.UNSPECIFIED.);
#217=B_SPLINE_CURVE_WITH_KNOTS('',3,(#212,#213,#214,#215,#216),.UNSPECIFIED.,
.F.,.F.,(4,1,4),(0.E0,5.E-1,1.E0),.UNSPECIFIED.);
#227=B_SPLINE_CURVE_WITH_KNOTS('',3,(#222,#223,#224,#225,#226),.UNSPECIFIED.,
.F.,.F.,(4,1,4),(0.E0,5.E-1,1.E0),.UNSPECIFIED.);
#233=B_SPLINE_CURVE_WITH_KNOTS('',3,(#228,#229,#230,#231,#232),.UNSPECIFIED.,
.F.,.F.,(4,1,4),(0.E0,5.E-1,1.E0),.UNSPECIFIED.);
#239=B_SPLINE_CURVE_WITH_KNOTS('',3,(#234,#235,#236,#237,#238),.UNSPECIFIED.,
.F.,.F.,(4,1,4),(0.E0,5.E-1,1.E0),.UNSPECIFIED.);
#245=B_SPLINE_CURVE_WITH_KNOTS('',3,(#240,#241,#242,#243,#244),.UNSPECIFIED.,
.F.,.F.,(4,1,4),(0.E0,5.E-1,1.E0),.UNSPECIFIED.);
#667=B_SPLINE_CURVE_WITH_KNOTS('',3,(#662,#663,#664,#665,#666),.UNSPECIFIED.,
.F.,.F.,(4,1,4),(0.E0,5.E-1,1.E0),.UNSPECIFIED.);
#673=B_SPLINE_CURVE_WITH_KNOTS('',3,(#668,#669,#670,#671,#672),.UNSPECIFIED.,
.F.,.F.,(4,1,4),(0.E0,5.E-1,1.E0),.UNSPECIFIED.);
#679=B_SPLINE_CURVE_WITH_KNOTS('',3,(#674,#675,#676,#677,#678),.UNSPECIFIED.,
.F.,.F.,(4,1,4),(0.E0,5.E-1,1.E0),.UNSPECIFIED.);
#689=B_SPLINE_CURVE_WITH_KNOTS('',3,(#684,#685,#686,#687,#688),.UNSPECIFIED.,
.F.,.F.,(4,1,4),(0.E0,5.E-1,1.E0),.UNSPECIFIED.);
#695=B_SPLINE_CURVE_WITH_KNOTS('',3,(#690,#691,#692,#693,#694),.UNSPECIFIED.,
.F.,.F.,(4,1,4),(0.E0,5.E-1,1.E0),.UNSPECIFIED.);
#701=B_SPLINE_CURVE_WITH_KNOTS('',3,(#696,#697,#698,#699,#700),.UNSPECIFIED.,
.F.,.F.,(4,1,4),(0.E0,5.E-1,1.E0),.UNSPECIFIED.);
#707=B_SPLINE_CURVE_WITH_KNOTS('',3,(#702,#703,#704,#705,#706),.UNSPECIFIED.,
.F.,.F.,(4,1,4),(0.E0,5.E-1,1.E0),.UNSPECIFIED.);
#717=B_SPLINE_CURVE_WITH_KNOTS('',3,(#712,#713,#714,#715,#716),.UNSPECIFIED.,
.F.,.F.,(4,1,4),(0.E0,5.E-1,1.E0),.UNSPECIFIED.);
#723=B_SPLINE_CURVE_WITH_KNOTS('',3,(#718,#719,#720,#721,#722),.UNSPECIFIED.,
.F.,.F.,(4,1,4),(0.E0,5.E-1,1.E0),.UNSPECIFIED.);
#729=B_SPLINE_CURVE_WITH_KNOTS('',3,(#724,#725,#726,#727,#728),.UNSPECIFIED.,
.F.,.F.,(4,1,4),(0.E0,5.E-1,1.E0),.UNSPECIFIED.);
#735=B_SPLINE_CURVE_WITH_KNOTS('',3,(#730,#731,#732,#733,#734),.UNSPECIFIED.,
.F.,.F.,(4,1,4),(0.E0,5.E-1,1.E0),.UNSPECIFIED.);
#745=B_SPLINE_CURVE_WITH_KNOTS('',3,(#740,#741,#742,#743,#744),.UNSPECIFIED.,
.F.,.F.,(4,1,4),(0.E0,5.E-1,1.E0),.UNSPECIFIED.);
#998=CIRCLE('',#997,8.15E-1);
#1015=CIRCLE('',#1014,1.85E-1);
#1028=CIRCLE('',#1027,1.85E-1);
#1045=CIRCLE('',#1044,8.15E-1);
#1086=CIRCLE('',#1085,1.85E-1);
#1103=CIRCLE('',#1102,8.15E-1);
#1116=CIRCLE('',#1115,8.15E-1);
#1133=CIRCLE('',#1132,1.85E-1);
#1230=CIRCLE('',#1229,8.15E-1);
#1247=CIRCLE('',#1246,1.85E-1);
#1260=CIRCLE('',#1259,1.85E-1);
#1277=CIRCLE('',#1276,8.15E-1);
#1318=CIRCLE('',#1317,1.85E-1);
#1335=CIRCLE('',#1334,8.15E-1);
#1348=CIRCLE('',#1347,8.15E-1);
#1365=CIRCLE('',#1364,1.85E-1);
#1462=CIRCLE('',#1461,8.15E-1);
#1479=CIRCLE('',#1478,1.85E-1);
#1492=CIRCLE('',#1491,1.85E-1);
#1509=CIRCLE('',#1508,8.15E-1);
#1550=CIRCLE('',#1549,1.85E-1);
#1567=CIRCLE('',#1566,8.15E-1);
#1580=CIRCLE('',#1579,8.15E-1);
#1597=CIRCLE('',#1596,1.85E-1);
#2161=EDGE_CURVE('',#1752,#1753,#137,.T.);
#2163=EDGE_CURVE('',#1757,#1753,#141,.T.);
#2165=EDGE_CURVE('',#1756,#1757,#145,.T.);
#2167=EDGE_CURVE('',#1756,#1752,#149,.T.);
#2171=ADVANCED_FACE('',(#2170),#2160,.F.);
#2177=EDGE_CURVE('',#1752,#1764,#153,.T.);
#2179=EDGE_CURVE('',#1764,#1765,#257,.T.);
#2181=EDGE_CURVE('',#1765,#1766,#189,.T.);
#2183=EDGE_CURVE('',#1753,#1766,#161,.T.);
#2188=ADVANCED_FACE('',(#2187),#2176,.F.);
#2196=EDGE_CURVE('',#1756,#1761,#157,.T.);
#2198=EDGE_CURVE('',#1688,#1761,#609,.T.);
#2200=EDGE_CURVE('',#1688,#1689,#569,.T.);
#2202=EDGE_CURVE('',#1691,#1689,#533,.T.);
#2204=EDGE_CURVE('',#1691,#1693,#401,.T.);
#2206=EDGE_CURVE('',#1693,#1695,#365,.T.);
#2208=EDGE_CURVE('',#1695,#1697,#317,.T.);
#2210=EDGE_CURVE('',#1697,#1764,#261,.T.);
#2214=ADVANCED_FACE('',(#2213),#2193,.F.);
#2220=EDGE_CURVE('',#1757,#1758,#165,.T.);
#2222=EDGE_CURVE('',#1758,#1759,#673,.T.);
#2224=EDGE_CURVE('',#1759,#1761,#613,.T.);
#2230=ADVANCED_FACE('',(#2229),#2219,.F.);
#2237=EDGE_CURVE('',#1766,#1700,#183,.T.);
#2239=EDGE_CURVE('',#1700,#1701,#753,.T.);
#2241=EDGE_CURVE('',#1701,#1758,#679,.T.);
#2247=ADVANCED_FACE('',(#2246),#2235,.F.);
#2253=EDGE_CURVE('',#1778,#1783,#171,.T.);
#2255=EDGE_CURVE('',#1783,#1716,#177,.T.);
#2257=EDGE_CURVE('',#1700,#1716,#757,.T.);
#2261=EDGE_CURVE('',#1765,#1778,#193,.T.);
#2265=ADVANCED_FACE('',(#2264),#2252,.T.);
#2271=EDGE_CURVE('',#1800,#1801,#199,.T.);
#2273=EDGE_CURVE('',#1801,#1748,#205,.T.);
#2275=EDGE_CURVE('',#1732,#1748,#769,.T.);
#2277=EDGE_CURVE('',#1784,#1732,#211,.T.);
#2279=EDGE_CURVE('',#1782,#1784,#217,.T.);
#2281=EDGE_CURVE('',#1782,#1800,#221,.T.);
#2285=ADVANCED_FACE('',(#2284),#2270,.T.);
#2291=EDGE_CURVE('',#2106,#2107,#227,.T.);
#2293=EDGE_CURVE('',#2107,#2154,#233,.T.);
#2295=EDGE_CURVE('',#2080,#2154,#781,.T.);
#2297=EDGE_CURVE('',#2090,#2080,#239,.T.);
#2299=EDGE_CURVE('',#2089,#2090,#245,.T.);
#2301=EDGE_CURVE('',#2089,#2106,#249,.T.);
#2305=ADVANCED_FACE('',(#2304),#2290,.T.);
#2311=EDGE_CURVE('',#1777,#1778,#253,.T.);
#2313=EDGE_CURVE('',#1786,#1777,#349,.T.);
#2315=EDGE_CURVE('',#1790,#1786,#901,.T.);
#2317=EDGE_CURVE('',#1783,#1790,#881,.T.);
#2322=ADVANCED_FACE('',(#2321),#2310,.F.);
#2332=EDGE_CURVE('',#1697,#1713,#265,.T.);
#2334=EDGE_CURVE('',#1777,#1713,#269,.T.);
#2338=ADVANCED_FACE('',(#2337),#2327,.T.);
#2344=EDGE_CURVE('',#1799,#1800,#273,.T.);
#2347=EDGE_CURVE('',#1781,#1782,#277,.T.);
#2349=EDGE_CURVE('',#1729,#1781,#281,.T.);
#2351=EDGE_CURVE('',#1729,#1745,#285,.T.);
#2353=EDGE_CURVE('',#1799,#1745,#289,.T.);
#2357=ADVANCED_FACE('',(#2356),#2343,.T.);
#2363=EDGE_CURVE('',#2105,#2106,#293,.T.);
#2366=EDGE_CURVE('',#2088,#2089,#297,.T.);
#2368=EDGE_CURVE('',#2077,#2088,#301,.T.);
#2370=EDGE_CURVE('',#2077,#2151,#305,.T.);
#2372=EDGE_CURVE('',#2105,#2151,#309,.T.);
#2376=ADVANCED_FACE('',(#2375),#2362,.T.);
#2382=EDGE_CURVE('',#1711,#1713,#313,.T.);
#2386=EDGE_CURVE('',#1695,#1711,#321,.T.);
#2390=ADVANCED_FACE('',(#2389),#2381,.T.);
#2396=EDGE_CURVE('',#1743,#1745,#325,.T.);
#2399=EDGE_CURVE('',#1727,#1729,#329,.T.);
#2401=EDGE_CURVE('',#1727,#1743,#333,.T.);
#2405=ADVANCED_FACE('',(#2404),#2395,.T.);
#2411=EDGE_CURVE('',#2149,#2151,#337,.T.);
#2414=EDGE_CURVE('',#2075,#2077,#341,.T.);
#2416=EDGE_CURVE('',#2075,#2149,#345,.T.);
#2420=ADVANCED_FACE('',(#2419),#2410,.T.);
#2429=EDGE_CURVE('',#1709,#1711,#361,.T.);
#2431=EDGE_CURVE('',#1707,#1709,#397,.T.);
#2433=EDGE_CURVE('',#1707,#1705,#529,.T.);
#2435=EDGE_CURVE('',#1704,#1705,#565,.T.);
#2437=EDGE_CURVE('',#1774,#1704,#605,.T.);
#2439=EDGE_CURVE('',#1788,#1774,#353,.T.);
#2441=EDGE_CURVE('',#1788,#1786,#357,.T.);
#2445=ADVANCED_FACE('',(#2444),#2425,.F.);
#2454=EDGE_CURVE('',#1693,#1709,#369,.T.);
#2458=ADVANCED_FACE('',(#2457),#2450,.T.);
#2464=EDGE_CURVE('',#1741,#1743,#373,.T.);
#2467=EDGE_CURVE('',#1727,#1725,#377,.T.);
#2469=EDGE_CURVE('',#1725,#1741,#381,.T.);
#2473=ADVANCED_FACE('',(#2472),#2463,.T.);
#2479=EDGE_CURVE('',#2147,#2149,#385,.T.);
#2482=EDGE_CURVE('',#2073,#2075,#389,.T.);
#2484=EDGE_CURVE('',#2073,#2147,#393,.T.);
#2488=ADVANCED_FACE('',(#2487),#2478,.T.);
#2497=EDGE_CURVE('',#1691,#1707,#405,.T.);
#2501=EDGE_CURVE('',#1876,#1877,#433,.T.);
#2503=EDGE_CURVE('',#1876,#1884,#437,.T.);
#2505=EDGE_CURVE('',#1884,#1885,#441,.T.);
#2507=EDGE_CURVE('',#1877,#1885,#445,.T.);
#2511=EDGE_CURVE('',#1880,#1881,#449,.T.);
#2513=EDGE_CURVE('',#1880,#1888,#453,.T.);
#2515=EDGE_CURVE('',#1888,#1889,#457,.T.);
#2517=EDGE_CURVE('',#1881,#1889,#461,.T.);
#2521=ADVANCED_FACE('',(#2500,#2510,#2520),#2493,.T.);
#2527=EDGE_CURVE('',#1739,#1741,#409,.T.);
#2530=EDGE_CURVE('',#1723,#1725,#413,.T.);
#2532=EDGE_CURVE('',#1723,#1739,#417,.T.);
#2536=EDGE_CURVE('',#1972,#1973,#465,.T.);
#2538=EDGE_CURVE('',#1972,#1980,#469,.T.);
#2540=EDGE_CURVE('',#1980,#1981,#473,.T.);
#2542=EDGE_CURVE('',#1973,#1981,#477,.T.);
#2546=EDGE_CURVE('',#1976,#1977,#481,.T.);
#2548=EDGE_CURVE('',#1976,#1984,#485,.T.);
#2550=EDGE_CURVE('',#1984,#1985,#489,.T.);
#2552=EDGE_CURVE('',#1977,#1985,#493,.T.);
#2556=ADVANCED_FACE('',(#2535,#2545,#2555),#2526,.T.);
#2562=EDGE_CURVE('',#2145,#2147,#421,.T.);
#2565=EDGE_CURVE('',#2071,#2073,#425,.T.);
#2567=EDGE_CURVE('',#2071,#2145,#429,.T.);
#2571=EDGE_CURVE('',#2110,#2111,#497,.T.);
#2573=EDGE_CURVE('',#2110,#2118,#501,.T.);
#2575=EDGE_CURVE('',#2118,#2119,#505,.T.);
#2577=EDGE_CURVE('',#2111,#2119,#509,.T.);
#2581=EDGE_CURVE('',#2114,#2115,#513,.T.);
#2583=EDGE_CURVE('',#2114,#2122,#517,.T.);
#2585=EDGE_CURVE('',#2122,#2123,#521,.T.);
#2587=EDGE_CURVE('',#2115,#2123,#525,.T.);
#2591=ADVANCED_FACE('',(#2570,#2580,#2590),#2561,.T.);
#2600=EDGE_CURVE('',#1689,#1705,#537,.T.);
#2604=ADVANCED_FACE('',(#2603),#2596,.T.);
#2610=EDGE_CURVE('',#1739,#1737,#541,.T.);
#2613=EDGE_CURVE('',#1721,#1723,#545,.T.);
#2615=EDGE_CURVE('',#1721,#1737,#549,.T.);
#2619=ADVANCED_FACE('',(#2618),#2609,.T.);
#2625=EDGE_CURVE('',#2145,#2143,#553,.T.);
#2628=EDGE_CURVE('',#2071,#2069,#557,.T.);
#2630=EDGE_CURVE('',#2069,#2143,#561,.T.);
#2634=ADVANCED_FACE('',(#2633),#2624,.T.);
#2643=EDGE_CURVE('',#1688,#1704,#573,.T.);
#2647=ADVANCED_FACE('',(#2646),#2639,.T.);
#2653=EDGE_CURVE('',#1736,#1737,#577,.T.);
#2656=EDGE_CURVE('',#1720,#1721,#581,.T.);
#2658=EDGE_CURVE('',#1720,#1736,#585,.T.);
#2662=ADVANCED_FACE('',(#2661),#2652,.T.);
#2668=EDGE_CURVE('',#2142,#2143,#589,.T.);
#2671=EDGE_CURVE('',#2068,#2069,#593,.T.);
#2673=EDGE_CURVE('',#2068,#2142,#597,.T.);
#2677=ADVANCED_FACE('',(#2676),#2667,.T.);
#2683=EDGE_CURVE('',#1770,#1774,#601,.T.);
#2689=EDGE_CURVE('',#1759,#1770,#617,.T.);
#2693=ADVANCED_FACE('',(#2692),#2682,.T.);
#2699=EDGE_CURVE('',#1794,#1796,#621,.T.);
#2701=EDGE_CURVE('',#1796,#1736,#625,.T.);
#2704=EDGE_CURVE('',#1720,#1772,#629,.T.);
#2706=EDGE_CURVE('',#1768,#1772,#633,.T.);
#2708=EDGE_CURVE('',#1768,#1794,#637,.T.);
#2712=ADVANCED_FACE('',(#2711),#2698,.T.);
#2718=EDGE_CURVE('',#2100,#2102,#641,.T.);
#2720=EDGE_CURVE('',#2102,#2142,#645,.T.);
#2723=EDGE_CURVE('',#2068,#2085,#649,.T.);
#2725=EDGE_CURVE('',#2083,#2085,#653,.T.);
#2727=EDGE_CURVE('',#2083,#2100,#657,.T.);
#2731=ADVANCED_FACE('',(#2730),#2717,.T.);
#2737=EDGE_CURVE('',#1769,#1770,#667,.T.);
#2739=EDGE_CURVE('',#1769,#1792,#885,.T.);
#2741=EDGE_CURVE('',#1792,#1788,#661,.T.);
#2747=ADVANCED_FACE('',(#2746),#2736,.F.);
#2757=EDGE_CURVE('',#1701,#1717,#683,.T.);
#2759=EDGE_CURVE('',#1717,#1769,#689,.T.);
#2763=ADVANCED_FACE('',(#2762),#2752,.T.);
#2769=EDGE_CURVE('',#1793,#1794,#695,.T.);
#2772=EDGE_CURVE('',#1767,#1768,#701,.T.);
#2774=EDGE_CURVE('',#1733,#1767,#707,.T.);
#2776=EDGE_CURVE('',#1733,#1749,#711,.T.);
#2778=EDGE_CURVE('',#1749,#1793,#717,.T.);
#2782=ADVANCED_FACE('',(#2781),#2768,.T.);
#2788=EDGE_CURVE('',#2099,#2100,#723,.T.);
#2791=EDGE_CURVE('',#2082,#2083,#729,.T.);
#2793=EDGE_CURVE('',#2081,#2082,#735,.T.);
#2795=EDGE_CURVE('',#2081,#2155,#739,.T.);
#2797=EDGE_CURVE('',#2155,#2099,#745,.T.);
#2801=ADVANCED_FACE('',(#2800),#2787,.T.);
#2807=EDGE_CURVE('',#1716,#1717,#749,.T.);
#2814=EDGE_CURVE('',#1892,#1893,#785,.T.);
#2816=EDGE_CURVE('',#1892,#1900,#789,.T.);
#2818=EDGE_CURVE('',#1900,#1901,#793,.T.);
#2820=EDGE_CURVE('',#1893,#1901,#797,.T.);
#2824=EDGE_CURVE('',#1896,#1897,#801,.T.);
#2826=EDGE_CURVE('',#1896,#1904,#805,.T.);
#2828=EDGE_CURVE('',#1904,#1905,#809,.T.);
#2830=EDGE_CURVE('',#1897,#1905,#813,.T.);
#2834=ADVANCED_FACE('',(#2813,#2823,#2833),#2806,.T.);
#2840=EDGE_CURVE('',#1748,#1749,#761,.T.);
#2843=EDGE_CURVE('',#1732,#1733,#765,.T.);
#2848=EDGE_CURVE('',#1988,#1989,#817,.T.);
#2850=EDGE_CURVE('',#1988,#1996,#821,.T.);
#2852=EDGE_CURVE('',#1996,#1997,#825,.T.);
#2854=EDGE_CURVE('',#1989,#1997,#829,.T.);
#2858=EDGE_CURVE('',#1992,#1993,#833,.T.);
#2860=EDGE_CURVE('',#1992,#2000,#837,.T.);
#2862=EDGE_CURVE('',#2000,#2001,#841,.T.);
#2864=EDGE_CURVE('',#1993,#2001,#845,.T.);
#2868=ADVANCED_FACE('',(#2847,#2857,#2867),#2839,.T.);
#2874=EDGE_CURVE('',#2154,#2155,#773,.T.);
#2877=EDGE_CURVE('',#2080,#2081,#777,.T.);
#2882=EDGE_CURVE('',#2126,#2127,#849,.T.);
#2884=EDGE_CURVE('',#2126,#2134,#853,.T.);
#2886=EDGE_CURVE('',#2134,#2135,#857,.T.);
#2888=EDGE_CURVE('',#2127,#2135,#861,.T.);
#2892=EDGE_CURVE('',#2130,#2131,#865,.T.);
#2894=EDGE_CURVE('',#2130,#2138,#869,.T.);
#2896=EDGE_CURVE('',#2138,#2139,#873,.T.);
#2898=EDGE_CURVE('',#2131,#2139,#877,.T.);
#2902=ADVANCED_FACE('',(#2881,#2891,#2901),#2873,.T.);
#2909=EDGE_CURVE('',#1792,#1790,#897,.T.);
#2917=ADVANCED_FACE('',(#2916),#2907,.F.);
#2923=EDGE_CURVE('',#1790,#1784,#889,.T.);
#2928=EDGE_CURVE('',#1792,#1767,#893,.T.);
#2933=ADVANCED_FACE('',(#2932),#2922,.F.);
#2943=EDGE_CURVE('',#1786,#1781,#905,.T.);
#2947=ADVANCED_FACE('',(#2946),#2938,.F.);
#2955=EDGE_CURVE('',#1788,#1772,#909,.T.);
#2966=ADVANCED_FACE('',(#2965),#2952,.F.);
#2979=ADVANCED_FACE('',(#2978),#2971,.F.);
#2985=EDGE_CURVE('',#1801,#1807,#913,.T.);
#2987=EDGE_CURVE('',#1809,#1807,#957,.T.);
#2989=EDGE_CURVE('',#1793,#1809,#917,.T.);
#2996=ADVANCED_FACE('',(#2995),#2984,.F.);
#3003=EDGE_CURVE('',#1803,#1799,#921,.T.);
#3005=EDGE_CURVE('',#1807,#1803,#945,.T.);
#3011=ADVANCED_FACE('',(#3010),#3001,.F.);
#3025=EDGE_CURVE('',#1805,#1796,#925,.T.);
#3027=EDGE_CURVE('',#1805,#1803,#929,.T.);
#3031=ADVANCED_FACE('',(#3030),#3016,.F.);
#3039=EDGE_CURVE('',#1809,#1805,#933,.T.);
#3045=ADVANCED_FACE('',(#3044),#3036,.F.);
#3053=EDGE_CURVE('',#1805,#2085,#941,.T.);
#3056=EDGE_CURVE('',#1809,#2082,#953,.T.);
#3060=ADVANCED_FACE('',(#3059),#3050,.F.);
#3066=EDGE_CURVE('',#1803,#2088,#937,.T.);
#3079=ADVANCED_FACE('',(#3078),#3065,.F.);
#3087=EDGE_CURVE('',#1807,#2090,#949,.T.);
#3093=ADVANCED_FACE('',(#3092),#3084,.F.);
#3107=ADVANCED_FACE('',(#3106),#3098,.F.);
#3113=EDGE_CURVE('',#2107,#2094,#961,.T.);
#3115=EDGE_CURVE('',#2098,#2094,#989,.T.);
#3117=EDGE_CURVE('',#2099,#2098,#965,.T.);
#3124=ADVANCED_FACE('',(#3123),#3112,.F.);
#3133=EDGE_CURVE('',#2093,#2105,#969,.T.);
#3135=EDGE_CURVE('',#2093,#2094,#977,.T.);
#3139=ADVANCED_FACE('',(#3138),#3129,.F.);
#3153=EDGE_CURVE('',#2097,#2102,#973,.T.);
#3155=EDGE_CURVE('',#2097,#2093,#981,.T.);
#3159=ADVANCED_FACE('',(#3158),#3144,.F.);
#3169=EDGE_CURVE('',#2097,#2098,#985,.T.);
#3173=ADVANCED_FACE('',(#3172),#3164,.F.);
#3185=ADVANCED_FACE('',(#3184),#3178,.T.);
#3192=EDGE_CURVE('',#1877,#1812,#993,.T.);
#3194=EDGE_CURVE('',#1812,#1813,#998,.T.);
#3196=EDGE_CURVE('',#1813,#1815,#1002,.T.);
#3198=EDGE_CURVE('',#1815,#1817,#1006,.T.);
#3200=EDGE_CURVE('',#1817,#1819,#1010,.T.);
#3202=EDGE_CURVE('',#1819,#1821,#1015,.T.);
#3204=EDGE_CURVE('',#1821,#1876,#1019,.T.);
#3208=ADVANCED_FACE('',(#3207),#3190,.F.);
#3215=EDGE_CURVE('',#1881,#1832,#1023,.T.);
#3217=EDGE_CURVE('',#1832,#1833,#1028,.T.);
#3219=EDGE_CURVE('',#1833,#1835,#1032,.T.);
#3221=EDGE_CURVE('',#1835,#1837,#1036,.T.);
#3223=EDGE_CURVE('',#1837,#1839,#1040,.T.);
#3225=EDGE_CURVE('',#1839,#1841,#1045,.T.);
#3227=EDGE_CURVE('',#1841,#1880,#1049,.T.);
#3231=ADVANCED_FACE('',(#3230),#3213,.F.);
#3238=EDGE_CURVE('',#1893,#1828,#1053,.T.);
#3240=EDGE_CURVE('',#1828,#1829,#1057,.T.);
#3242=EDGE_CURVE('',#1829,#1892,#1061,.T.);
#3246=ADVANCED_FACE('',(#3245),#3236,.F.);
#3253=EDGE_CURVE('',#1897,#1824,#1065,.T.);
#3255=EDGE_CURVE('',#1824,#1825,#1069,.T.);
#3257=EDGE_CURVE('',#1825,#1896,#1073,.T.);
#3261=ADVANCED_FACE('',(#3260),#3251,.F.);
#3268=EDGE_CURVE('',#1885,#1844,#1107,.T.);
#3270=EDGE_CURVE('',#1812,#1844,#1185,.T.);
#3275=ADVANCED_FACE('',(#3274),#3266,.T.);
#3283=EDGE_CURVE('',#1825,#1857,#1077,.T.);
#3285=EDGE_CURVE('',#1857,#1904,#1153,.T.);
#3289=ADVANCED_FACE('',(#3288),#3280,.T.);
#3296=EDGE_CURVE('',#1853,#1884,#1081,.T.);
#3298=EDGE_CURVE('',#1851,#1853,#1086,.T.);
#3300=EDGE_CURVE('',#1849,#1851,#1090,.T.);
#3302=EDGE_CURVE('',#1847,#1849,#1094,.T.);
#3304=EDGE_CURVE('',#1845,#1847,#1098,.T.);
#3306=EDGE_CURVE('',#1844,#1845,#1103,.T.);
#3311=ADVANCED_FACE('',(#3310),#3294,.T.);
#3318=EDGE_CURVE('',#1873,#1888,#1111,.T.);
#3320=EDGE_CURVE('',#1871,#1873,#1116,.T.);
#3322=EDGE_CURVE('',#1869,#1871,#1120,.T.);
#3324=EDGE_CURVE('',#1867,#1869,#1124,.T.);
#3326=EDGE_CURVE('',#1865,#1867,#1128,.T.);
#3328=EDGE_CURVE('',#1864,#1865,#1133,.T.);
#3330=EDGE_CURVE('',#1889,#1864,#1137,.T.);
#3334=ADVANCED_FACE('',(#3333),#3316,.T.);
#3341=EDGE_CURVE('',#1861,#1900,#1141,.T.);
#3343=EDGE_CURVE('',#1860,#1861,#1145,.T.);
#3345=EDGE_CURVE('',#1901,#1860,#1149,.T.);
#3349=ADVANCED_FACE('',(#3348),#3339,.T.);
#3357=EDGE_CURVE('',#1856,#1857,#1157,.T.);
#3359=EDGE_CURVE('',#1905,#1856,#1161,.T.);
#3363=ADVANCED_FACE('',(#3362),#3354,.T.);
#3371=EDGE_CURVE('',#1821,#1853,#1165,.T.);
#3376=ADVANCED_FACE('',(#3375),#3368,.T.);
#3384=EDGE_CURVE('',#1824,#1856,#1189,.T.);
#3389=ADVANCED_FACE('',(#3388),#3381,.T.);
#3396=EDGE_CURVE('',#1819,#1851,#1169,.T.);
#3402=ADVANCED_FACE('',(#3401),#3394,.F.);
#3409=EDGE_CURVE('',#1817,#1849,#1173,.T.);
#3415=ADVANCED_FACE('',(#3414),#3407,.T.);
#3422=EDGE_CURVE('',#1815,#1847,#1177,.T.);
#3428=ADVANCED_FACE('',(#3427),#3420,.T.);
#3435=EDGE_CURVE('',#1813,#1845,#1181,.T.);
#3441=ADVANCED_FACE('',(#3440),#3433,.T.);
#3453=ADVANCED_FACE('',(#3452),#3446,.T.);
#3465=ADVANCED_FACE('',(#3464),#3458,.T.);
#3473=EDGE_CURVE('',#1841,#1873,#1193,.T.);
#3478=ADVANCED_FACE('',(#3477),#3470,.T.);
#3486=EDGE_CURVE('',#1828,#1860,#1221,.T.);
#3491=ADVANCED_FACE('',(#3490),#3483,.T.);
#3498=EDGE_CURVE('',#1839,#1871,#1197,.T.);
#3504=ADVANCED_FACE('',(#3503),#3496,.T.);
#3511=EDGE_CURVE('',#1837,#1869,#1201,.T.);
#3517=ADVANCED_FACE('',(#3516),#3509,.T.);
#3524=EDGE_CURVE('',#1835,#1867,#1205,.T.);
#3530=ADVANCED_FACE('',(#3529),#3522,.T.);
#3537=EDGE_CURVE('',#1833,#1865,#1209,.T.);
#3543=ADVANCED_FACE('',(#3542),#3535,.T.);
#3550=EDGE_CURVE('',#1832,#1864,#1213,.T.);
#3556=ADVANCED_FACE('',(#3555),#3548,.F.);
#3568=ADVANCED_FACE('',(#3567),#3561,.T.);
#3576=EDGE_CURVE('',#1829,#1861,#1217,.T.);
#3581=ADVANCED_FACE('',(#3580),#3573,.T.);
#3593=ADVANCED_FACE('',(#3592),#3586,.T.);
#3600=EDGE_CURVE('',#1973,#1908,#1225,.T.);
#3602=EDGE_CURVE('',#1908,#1909,#1230,.T.);
#3604=EDGE_CURVE('',#1909,#1911,#1234,.T.);
#3606=EDGE_CURVE('',#1911,#1913,#1238,.T.);
#3608=EDGE_CURVE('',#1913,#1915,#1242,.T.);
#3610=EDGE_CURVE('',#1915,#1917,#1247,.T.);
#3612=EDGE_CURVE('',#1917,#1972,#1251,.T.);
#3616=ADVANCED_FACE('',(#3615),#3598,.F.);
#3623=EDGE_CURVE('',#1977,#1928,#1255,.T.);
#3625=EDGE_CURVE('',#1928,#1929,#1260,.T.);
#3627=EDGE_CURVE('',#1929,#1931,#1264,.T.);
#3629=EDGE_CURVE('',#1931,#1933,#1268,.T.);
#3631=EDGE_CURVE('',#1933,#1935,#1272,.T.);
#3633=EDGE_CURVE('',#1935,#1937,#1277,.T.);
#3635=EDGE_CURVE('',#1937,#1976,#1281,.T.);
#3639=ADVANCED_FACE('',(#3638),#3621,.F.);
#3646=EDGE_CURVE('',#1989,#1924,#1285,.T.);
#3648=EDGE_CURVE('',#1924,#1925,#1289,.T.);
#3650=EDGE_CURVE('',#1925,#1988,#1293,.T.);
#3654=ADVANCED_FACE('',(#3653),#3644,.F.);
#3661=EDGE_CURVE('',#1993,#1920,#1297,.T.);
#3663=EDGE_CURVE('',#1920,#1921,#1301,.T.);
#3665=EDGE_CURVE('',#1921,#1992,#1305,.T.);
#3669=ADVANCED_FACE('',(#3668),#3659,.F.);
#3676=EDGE_CURVE('',#1981,#1940,#1339,.T.);
#3678=EDGE_CURVE('',#1908,#1940,#1417,.T.);
#3683=ADVANCED_FACE('',(#3682),#3674,.T.);
#3691=EDGE_CURVE('',#1921,#1953,#1309,.T.);
#3693=EDGE_CURVE('',#1953,#2000,#1385,.T.);
#3697=ADVANCED_FACE('',(#3696),#3688,.T.);
#3704=EDGE_CURVE('',#1949,#1980,#1313,.T.);
#3706=EDGE_CURVE('',#1947,#1949,#1318,.T.);
#3708=EDGE_CURVE('',#1945,#1947,#1322,.T.);
#3710=EDGE_CURVE('',#1943,#1945,#1326,.T.);
#3712=EDGE_CURVE('',#1941,#1943,#1330,.T.);
#3714=EDGE_CURVE('',#1940,#1941,#1335,.T.);
#3719=ADVANCED_FACE('',(#3718),#3702,.T.);
#3726=EDGE_CURVE('',#1969,#1984,#1343,.T.);
#3728=EDGE_CURVE('',#1967,#1969,#1348,.T.);
#3730=EDGE_CURVE('',#1965,#1967,#1352,.T.);
#3732=EDGE_CURVE('',#1963,#1965,#1356,.T.);
#3734=EDGE_CURVE('',#1961,#1963,#1360,.T.);
#3736=EDGE_CURVE('',#1960,#1961,#1365,.T.);
#3738=EDGE_CURVE('',#1985,#1960,#1369,.T.);
#3742=ADVANCED_FACE('',(#3741),#3724,.T.);
#3749=EDGE_CURVE('',#1957,#1996,#1373,.T.);
#3751=EDGE_CURVE('',#1956,#1957,#1377,.T.);
#3753=EDGE_CURVE('',#1997,#1956,#1381,.T.);
#3757=ADVANCED_FACE('',(#3756),#3747,.T.);
#3765=EDGE_CURVE('',#1952,#1953,#1389,.T.);
#3767=EDGE_CURVE('',#2001,#1952,#1393,.T.);
#3771=ADVANCED_FACE('',(#3770),#3762,.T.);
#3779=EDGE_CURVE('',#1917,#1949,#1397,.T.);
#3784=ADVANCED_FACE('',(#3783),#3776,.T.);
#3792=EDGE_CURVE('',#1920,#1952,#1421,.T.);
#3797=ADVANCED_FACE('',(#3796),#3789,.T.);
#3804=EDGE_CURVE('',#1915,#1947,#1401,.T.);
#3810=ADVANCED_FACE('',(#3809),#3802,.F.);
#3817=EDGE_CURVE('',#1913,#1945,#1405,.T.);
#3823=ADVANCED_FACE('',(#3822),#3815,.T.);
#3830=EDGE_CURVE('',#1911,#1943,#1409,.T.);
#3836=ADVANCED_FACE('',(#3835),#3828,.T.);
#3843=EDGE_CURVE('',#1909,#1941,#1413,.T.);
#3849=ADVANCED_FACE('',(#3848),#3841,.T.);
#3861=ADVANCED_FACE('',(#3860),#3854,.T.);
#3873=ADVANCED_FACE('',(#3872),#3866,.T.);
#3881=EDGE_CURVE('',#1937,#1969,#1425,.T.);
#3886=ADVANCED_FACE('',(#3885),#3878,.T.);
#3894=EDGE_CURVE('',#1924,#1956,#1453,.T.);
#3899=ADVANCED_FACE('',(#3898),#3891,.T.);
#3906=EDGE_CURVE('',#1935,#1967,#1429,.T.);
#3912=ADVANCED_FACE('',(#3911),#3904,.T.);
#3919=EDGE_CURVE('',#1933,#1965,#1433,.T.);
#3925=ADVANCED_FACE('',(#3924),#3917,.T.);
#3932=EDGE_CURVE('',#1931,#1963,#1437,.T.);
#3938=ADVANCED_FACE('',(#3937),#3930,.T.);
#3945=EDGE_CURVE('',#1929,#1961,#1441,.T.);
#3951=ADVANCED_FACE('',(#3950),#3943,.T.);
#3958=EDGE_CURVE('',#1928,#1960,#1445,.T.);
#3964=ADVANCED_FACE('',(#3963),#3956,.F.);
#3976=ADVANCED_FACE('',(#3975),#3969,.T.);
#3984=EDGE_CURVE('',#1925,#1957,#1449,.T.);
#3989=ADVANCED_FACE('',(#3988),#3981,.T.);
#4001=ADVANCED_FACE('',(#4000),#3994,.T.);
#4008=EDGE_CURVE('',#2111,#2004,#1457,.T.);
#4010=EDGE_CURVE('',#2004,#2005,#1462,.T.);
#4012=EDGE_CURVE('',#2005,#2007,#1466,.T.);
#4014=EDGE_CURVE('',#2007,#2009,#1470,.T.);
#4016=EDGE_CURVE('',#2009,#2011,#1474,.T.);
#4018=EDGE_CURVE('',#2011,#2013,#1479,.T.);
#4020=EDGE_CURVE('',#2013,#2110,#1483,.T.);
#4024=ADVANCED_FACE('',(#4023),#4006,.F.);
#4031=EDGE_CURVE('',#2115,#2024,#1487,.T.);
#4033=EDGE_CURVE('',#2024,#2025,#1492,.T.);
#4035=EDGE_CURVE('',#2025,#2027,#1496,.T.);
#4037=EDGE_CURVE('',#2027,#2029,#1500,.T.);
#4039=EDGE_CURVE('',#2029,#2031,#1504,.T.);
#4041=EDGE_CURVE('',#2031,#2033,#1509,.T.);
#4043=EDGE_CURVE('',#2033,#2114,#1513,.T.);
#4047=ADVANCED_FACE('',(#4046),#4029,.F.);
#4054=EDGE_CURVE('',#2127,#2020,#1517,.T.);
#4056=EDGE_CURVE('',#2020,#2021,#1521,.T.);
#4058=EDGE_CURVE('',#2021,#2126,#1525,.T.);
#4062=ADVANCED_FACE('',(#4061),#4052,.F.);
#4069=EDGE_CURVE('',#2131,#2016,#1529,.T.);
#4071=EDGE_CURVE('',#2016,#2017,#1533,.T.);
#4073=EDGE_CURVE('',#2017,#2130,#1537,.T.);
#4077=ADVANCED_FACE('',(#4076),#4067,.F.);
#4084=EDGE_CURVE('',#2119,#2036,#1571,.T.);
#4086=EDGE_CURVE('',#2004,#2036,#1649,.T.);
#4091=ADVANCED_FACE('',(#4090),#4082,.T.);
#4099=EDGE_CURVE('',#2017,#2049,#1541,.T.);
#4101=EDGE_CURVE('',#2049,#2138,#1617,.T.);
#4105=ADVANCED_FACE('',(#4104),#4096,.T.);
#4112=EDGE_CURVE('',#2045,#2118,#1545,.T.);
#4114=EDGE_CURVE('',#2043,#2045,#1550,.T.);
#4116=EDGE_CURVE('',#2041,#2043,#1554,.T.);
#4118=EDGE_CURVE('',#2039,#2041,#1558,.T.);
#4120=EDGE_CURVE('',#2037,#2039,#1562,.T.);
#4122=EDGE_CURVE('',#2036,#2037,#1567,.T.);
#4127=ADVANCED_FACE('',(#4126),#4110,.T.);
#4134=EDGE_CURVE('',#2065,#2122,#1575,.T.);
#4136=EDGE_CURVE('',#2063,#2065,#1580,.T.);
#4138=EDGE_CURVE('',#2061,#2063,#1584,.T.);
#4140=EDGE_CURVE('',#2059,#2061,#1588,.T.);
#4142=EDGE_CURVE('',#2057,#2059,#1592,.T.);
#4144=EDGE_CURVE('',#2056,#2057,#1597,.T.);
#4146=EDGE_CURVE('',#2123,#2056,#1601,.T.);
#4150=ADVANCED_FACE('',(#4149),#4132,.T.);
#4157=EDGE_CURVE('',#2053,#2134,#1605,.T.);
#4159=EDGE_CURVE('',#2052,#2053,#1609,.T.);
#4161=EDGE_CURVE('',#2135,#2052,#1613,.T.);
#4165=ADVANCED_FACE('',(#4164),#4155,.T.);
#4173=EDGE_CURVE('',#2048,#2049,#1621,.T.);
#4175=EDGE_CURVE('',#2139,#2048,#1625,.T.);
#4179=ADVANCED_FACE('',(#4178),#4170,.T.);
#4187=EDGE_CURVE('',#2013,#2045,#1629,.T.);
#4192=ADVANCED_FACE('',(#4191),#4184,.T.);
#4200=EDGE_CURVE('',#2016,#2048,#1653,.T.);
#4205=ADVANCED_FACE('',(#4204),#4197,.T.);
#4212=EDGE_CURVE('',#2011,#2043,#1633,.T.);
#4218=ADVANCED_FACE('',(#4217),#4210,.F.);
#4225=EDGE_CURVE('',#2009,#2041,#1637,.T.);
#4231=ADVANCED_FACE('',(#4230),#4223,.T.);
#4238=EDGE_CURVE('',#2007,#2039,#1641,.T.);
#4244=ADVANCED_FACE('',(#4243),#4236,.T.);
#4251=EDGE_CURVE('',#2005,#2037,#1645,.T.);
#4257=ADVANCED_FACE('',(#4256),#4249,.T.);
#4269=ADVANCED_FACE('',(#4268),#4262,.T.);
#4281=ADVANCED_FACE('',(#4280),#4274,.T.);
#4289=EDGE_CURVE('',#2033,#2065,#1657,.T.);
#4294=ADVANCED_FACE('',(#4293),#4286,.T.);
#4302=EDGE_CURVE('',#2020,#2052,#1685,.T.);
#4307=ADVANCED_FACE('',(#4306),#4299,.T.);
#4314=EDGE_CURVE('',#2031,#2063,#1661,.T.);
#4320=ADVANCED_FACE('',(#4319),#4312,.T.);
#4327=EDGE_CURVE('',#2029,#2061,#1665,.T.);
#4333=ADVANCED_FACE('',(#4332),#4325,.T.);
#4340=EDGE_CURVE('',#2027,#2059,#1669,.T.);
#4346=ADVANCED_FACE('',(#4345),#4338,.T.);
#4353=EDGE_CURVE('',#2025,#2057,#1673,.T.);
#4359=ADVANCED_FACE('',(#4358),#4351,.T.);
#4366=EDGE_CURVE('',#2024,#2056,#1677,.T.);
#4372=ADVANCED_FACE('',(#4371),#4364,.F.);
#4384=ADVANCED_FACE('',(#4383),#4377,.T.);
#4392=EDGE_CURVE('',#2021,#2053,#1681,.T.);
#4397=ADVANCED_FACE('',(#4396),#4389,.T.);
#4409=ADVANCED_FACE('',(#4408),#4402,.T.);
#4412=(LENGTH_UNIT()NAMED_UNIT(*)SI_UNIT(.MILLI.,.METRE.));
#4413=(NAMED_UNIT(*)PLANE_ANGLE_UNIT()SI_UNIT($,.RADIAN.));
#4416=(NAMED_UNIT(*)SI_UNIT($,.STERADIAN.)SOLID_ANGLE_UNIT());
#4418=(GEOMETRIC_REPRESENTATION_CONTEXT(3)GLOBAL_UNCERTAINTY_ASSIGNED_CONTEXT((
#4417))GLOBAL_UNIT_ASSIGNED_CONTEXT((#4412,#4415,#4416))REPRESENTATION_CONTEXT(
'ID1','3'));
#4419=ADVANCED_BREP_SHAPE_REPRESENTATION('',(#4411),#4418);
#4426=PRODUCT_DEFINITION('part definition','',#4425,#4422);
#4427=PRODUCT_DEFINITION_SHAPE('','SHAPE FOR C-1241050-3.',#4426);
#4428=SHAPE_ASPECT('','solid data associated with C-1241050-3',#4427,.F.);
#4429=PROPERTY_DEFINITION('',
'shape for solid data with which properties are associated',#4428);
#4430=SHAPE_REPRESENTATION('',(#4411),#4418);
#4431=SHAPE_DEFINITION_REPRESENTATION(#4429,#4430);
#4432=(LENGTH_UNIT()NAMED_UNIT(*)SI_UNIT(.MILLI.,.METRE.));
#4436=PROPERTY_DEFINITION('geometric validation property','area of C-1241050-3',
#4428);
#4437=REPRESENTATION('surface area',(#4435),#4418);
#4438=PROPERTY_DEFINITION_REPRESENTATION(#4436,#4437);
#4439=(LENGTH_UNIT()NAMED_UNIT(*)SI_UNIT(.MILLI.,.METRE.));
#4443=PROPERTY_DEFINITION('geometric validation property',
'volume of C-1241050-3',#4428);
#4444=REPRESENTATION('volume',(#4442),#4418);
#4445=PROPERTY_DEFINITION_REPRESENTATION(#4443,#4444);
#4447=PROPERTY_DEFINITION('geometric validation property',
'centroid of C-1241050-3',#4428);
#4448=REPRESENTATION('centroid',(#4446),#4418);
#4449=PROPERTY_DEFINITION_REPRESENTATION(#4447,#4448);
#4450=(LENGTH_UNIT()NAMED_UNIT(*)SI_UNIT(.MILLI.,.METRE.));
#4454=PROPERTY_DEFINITION('geometric validation property','area of C-1241050-3',
#4427);
#4455=REPRESENTATION('surface area',(#4453),#4418);
#4456=PROPERTY_DEFINITION_REPRESENTATION(#4454,#4455);
#4457=(LENGTH_UNIT()NAMED_UNIT(*)SI_UNIT(.MILLI.,.METRE.));
#4461=PROPERTY_DEFINITION('geometric validation property',
'volume of C-1241050-3',#4427);
#4462=REPRESENTATION('volume',(#4460),#4418);
#4463=PROPERTY_DEFINITION_REPRESENTATION(#4461,#4462);
#4465=PROPERTY_DEFINITION('geometric validation property',
'centroid of C-1241050-3',#4427);
#4466=REPRESENTATION('centroid',(#4464),#4418);
#4467=PROPERTY_DEFINITION_REPRESENTATION(#4465,#4466);
#4468=SHAPE_DEFINITION_REPRESENTATION(#4427,#4419);
ENDSEC;
END-ISO-10303-21;
