
GccApplication1.elf:     file format elf32-avr

Sections:
Idx Name          Size      VMA       LMA       File off  Algn
  0 .data         0000060c  00800100  00002c7c  00002d30  2**0
                  CONTENTS, ALLOC, LOAD, DATA
  1 .text         00002c7c  00000000  00000000  000000b4  2**1
                  CONTENTS, ALLOC, LOAD, READONLY, CODE
  2 .bss          000001be  0080070c  0080070c  0000333c  2**0
                  ALLOC
  3 .noinit       00000001  008008ca  008008ca  0000333c  2**0
                  ALLOC
  4 .eeprom       00000040  00810000  00810000  0000333c  2**0
                  CONTENTS, ALLOC, LOAD, DATA
  5 .comment      0000005c  00000000  00000000  0000337c  2**0
                  CONTENTS, READONLY
  6 .note.gnu.avr.deviceinfo 00000040  00000000  00000000  000033d8  2**2
                  CONTENTS, READONLY
  7 .debug_aranges 000004e8  00000000  00000000  00003418  2**3
                  CONTENTS, READONLY, DEBUGGING
  8 .debug_info   00005f63  00000000  00000000  00003900  2**0
                  CONTENTS, READONLY, DEBUGGING
  9 .debug_abbrev 00001b4e  00000000  00000000  00009863  2**0
                  CONTENTS, READONLY, DEBUGGING
 10 .debug_line   00002e24  00000000  00000000  0000b3b1  2**0
                  CONTENTS, READONLY, DEBUGGING
 11 .debug_frame  00000ba8  00000000  00000000  0000e1d8  2**2
                  CONTENTS, READONLY, DEBUGGING
 12 .debug_str    00001302  00000000  00000000  0000ed80  2**0
                  CONTENTS, READONLY, DEBUGGING
 13 .debug_loc    00002d5f  00000000  00000000  00010082  2**0
                  CONTENTS, READONLY, DEBUGGING
 14 .debug_ranges 00000388  00000000  00000000  00012de1  2**0
                  CONTENTS, READONLY, DEBUGGING

Disassembly of section .text:

00000000 <__vectors>:
       0:	0c 94 5a 00 	jmp	0xb4	; 0xb4 <__ctors_end>
       4:	0c 94 86 00 	jmp	0x10c	; 0x10c <__bad_interrupt>
       8:	0c 94 86 00 	jmp	0x10c	; 0x10c <__bad_interrupt>
       c:	0c 94 86 00 	jmp	0x10c	; 0x10c <__bad_interrupt>
      10:	0c 94 86 00 	jmp	0x10c	; 0x10c <__bad_interrupt>
      14:	0c 94 86 00 	jmp	0x10c	; 0x10c <__bad_interrupt>
      18:	0c 94 86 00 	jmp	0x10c	; 0x10c <__bad_interrupt>
      1c:	0c 94 86 00 	jmp	0x10c	; 0x10c <__bad_interrupt>
      20:	0c 94 86 00 	jmp	0x10c	; 0x10c <__bad_interrupt>
      24:	0c 94 86 00 	jmp	0x10c	; 0x10c <__bad_interrupt>
      28:	0c 94 86 00 	jmp	0x10c	; 0x10c <__bad_interrupt>
      2c:	0c 94 86 00 	jmp	0x10c	; 0x10c <__bad_interrupt>
      30:	0c 94 86 00 	jmp	0x10c	; 0x10c <__bad_interrupt>
      34:	0c 94 86 00 	jmp	0x10c	; 0x10c <__bad_interrupt>
      38:	0c 94 c2 06 	jmp	0xd84	; 0xd84 <__vector_14>
      3c:	0c 94 86 00 	jmp	0x10c	; 0x10c <__bad_interrupt>
      40:	0c 94 86 00 	jmp	0x10c	; 0x10c <__bad_interrupt>
      44:	0c 94 86 00 	jmp	0x10c	; 0x10c <__bad_interrupt>
      48:	0c 94 ff 0f 	jmp	0x1ffe	; 0x1ffe <__vector_18>
      4c:	0c 94 86 00 	jmp	0x10c	; 0x10c <__bad_interrupt>
      50:	0c 94 86 00 	jmp	0x10c	; 0x10c <__bad_interrupt>
      54:	0c 94 86 00 	jmp	0x10c	; 0x10c <__bad_interrupt>
      58:	0c 94 86 00 	jmp	0x10c	; 0x10c <__bad_interrupt>
      5c:	0c 94 86 00 	jmp	0x10c	; 0x10c <__bad_interrupt>
      60:	0c 94 86 00 	jmp	0x10c	; 0x10c <__bad_interrupt>
      64:	0c 94 86 00 	jmp	0x10c	; 0x10c <__bad_interrupt>
      68:	0c 94 86 00 	jmp	0x10c	; 0x10c <__bad_interrupt>
      6c:	0c 94 86 00 	jmp	0x10c	; 0x10c <__bad_interrupt>
      70:	0c 94 86 00 	jmp	0x10c	; 0x10c <__bad_interrupt>
      74:	0c 94 86 00 	jmp	0x10c	; 0x10c <__bad_interrupt>
      78:	0c 94 86 00 	jmp	0x10c	; 0x10c <__bad_interrupt>
      7c:	0c 94 86 00 	jmp	0x10c	; 0x10c <__bad_interrupt>
      80:	0c 94 86 00 	jmp	0x10c	; 0x10c <__bad_interrupt>
      84:	0c 94 86 00 	jmp	0x10c	; 0x10c <__bad_interrupt>
      88:	0c 94 86 00 	jmp	0x10c	; 0x10c <__bad_interrupt>
      8c:	0c 94 86 00 	jmp	0x10c	; 0x10c <__bad_interrupt>
      90:	0c 94 86 00 	jmp	0x10c	; 0x10c <__bad_interrupt>
      94:	0c 94 86 00 	jmp	0x10c	; 0x10c <__bad_interrupt>
      98:	0c 94 86 00 	jmp	0x10c	; 0x10c <__bad_interrupt>
      9c:	0c 94 86 00 	jmp	0x10c	; 0x10c <__bad_interrupt>
      a0:	0c 94 86 00 	jmp	0x10c	; 0x10c <__bad_interrupt>
      a4:	0c 94 86 00 	jmp	0x10c	; 0x10c <__bad_interrupt>
      a8:	0c 94 86 00 	jmp	0x10c	; 0x10c <__bad_interrupt>
      ac:	0c 94 86 00 	jmp	0x10c	; 0x10c <__bad_interrupt>
      b0:	0c 94 86 00 	jmp	0x10c	; 0x10c <__bad_interrupt>

000000b4 <__ctors_end>:
      b4:	11 24       	eor	r1, r1
      b6:	1f be       	out	0x3f, r1	; 63
      b8:	cf ef       	ldi	r28, 0xFF	; 255
      ba:	d8 e0       	ldi	r29, 0x08	; 8
      bc:	de bf       	out	0x3e, r29	; 62
      be:	cd bf       	out	0x3d, r28	; 61

000000c0 <diagnostics_capture_reset_flags_early>:
void diagnostics_record_uart_duplicate_command(void) { counters.uart_duplicate_commands++; }
void diagnostics_record_eeprom_error(void)         { counters.eeprom_errors++; }

void diagnostics_get_counters(diagnostics_counters_t *destination)
{
    if (destination != 0) *destination = counters;
      c0:	84 b7       	in	r24, 0x34	; 52
      c2:	80 93 ca 08 	sts	0x08CA, r24	; 0x8008ca <__bss_end>
      c6:	14 be       	out	0x34, r1	; 52
      c8:	0f b6       	in	r0, 0x3f	; 63
      ca:	f8 94       	cli
      cc:	a8 95       	wdr
      ce:	80 91 60 00 	lds	r24, 0x0060	; 0x800060 <__TEXT_REGION_LENGTH__+0x7f8060>
      d2:	88 61       	ori	r24, 0x18	; 24
      d4:	80 93 60 00 	sts	0x0060, r24	; 0x800060 <__TEXT_REGION_LENGTH__+0x7f8060>
      d8:	10 92 60 00 	sts	0x0060, r1	; 0x800060 <__TEXT_REGION_LENGTH__+0x7f8060>
      dc:	0f be       	out	0x3f, r0	; 63

000000de <__do_copy_data>:
      de:	17 e0       	ldi	r17, 0x07	; 7
      e0:	a0 e0       	ldi	r26, 0x00	; 0
      e2:	b1 e0       	ldi	r27, 0x01	; 1
      e4:	ec e7       	ldi	r30, 0x7C	; 124
      e6:	fc e2       	ldi	r31, 0x2C	; 44
      e8:	02 c0       	rjmp	.+4      	; 0xee <__do_copy_data+0x10>
      ea:	05 90       	lpm	r0, Z+
      ec:	0d 92       	st	X+, r0
      ee:	ac 30       	cpi	r26, 0x0C	; 12
      f0:	b1 07       	cpc	r27, r17
      f2:	d9 f7       	brne	.-10     	; 0xea <__do_copy_data+0xc>

000000f4 <__do_clear_bss>:
      f4:	28 e0       	ldi	r18, 0x08	; 8
      f6:	ac e0       	ldi	r26, 0x0C	; 12
      f8:	b7 e0       	ldi	r27, 0x07	; 7
      fa:	01 c0       	rjmp	.+2      	; 0xfe <.do_clear_bss_start>

000000fc <.do_clear_bss_loop>:
      fc:	1d 92       	st	X+, r1

000000fe <.do_clear_bss_start>:
      fe:	aa 3c       	cpi	r26, 0xCA	; 202
     100:	b2 07       	cpc	r27, r18
     102:	e1 f7       	brne	.-8      	; 0xfc <.do_clear_bss_loop>
     104:	0e 94 ff 08 	call	0x11fe	; 0x11fe <main>
     108:	0c 94 3c 16 	jmp	0x2c78	; 0x2c78 <_exit>

0000010c <__bad_interrupt>:
     10c:	0c 94 00 00 	jmp	0	; 0x0 <__vectors>

00000110 <board_id_init>:
#include "board_id.h"

void board_id_init(void)
{
    /* bit0..bit3 = PC0..PC3; bit4 = PD2. External 100 kohm pull-ups. */
    DDRC &= ~((1 << PC0) | (1 << PC1) | (1 << PC2) | (1 << PC3));
     110:	87 b1       	in	r24, 0x07	; 7
     112:	80 7f       	andi	r24, 0xF0	; 240
     114:	87 b9       	out	0x07, r24	; 7
    DDRD &= ~(1 << PD2);
     116:	8a b1       	in	r24, 0x0a	; 10
     118:	8b 7f       	andi	r24, 0xFB	; 251
     11a:	8a b9       	out	0x0a, r24	; 10

    PORTC &= ~((1 << PC0) | (1 << PC1) | (1 << PC2) | (1 << PC3));
     11c:	88 b1       	in	r24, 0x08	; 8
     11e:	80 7f       	andi	r24, 0xF0	; 240
     120:	88 b9       	out	0x08, r24	; 8
    PORTD &= ~(1 << PD2);
     122:	8b b1       	in	r24, 0x0b	; 11
     124:	8b 7f       	andi	r24, 0xFB	; 251
     126:	8b b9       	out	0x0b, r24	; 11
     128:	08 95       	ret

0000012a <board_id_read>:

uint8_t board_id_read(void)
{
    uint8_t raw = 0;

    if (PINC & (1 << PC0)) raw |= (1 << 0);
     12a:	30 99       	sbic	0x06, 0	; 6
     12c:	02 c0       	rjmp	.+4      	; 0x132 <board_id_read+0x8>
    PORTD &= ~(1 << PD2);
}

uint8_t board_id_read(void)
{
    uint8_t raw = 0;
     12e:	80 e0       	ldi	r24, 0x00	; 0
     130:	01 c0       	rjmp	.+2      	; 0x134 <board_id_read+0xa>

    if (PINC & (1 << PC0)) raw |= (1 << 0);
     132:	81 e0       	ldi	r24, 0x01	; 1
    if (PINC & (1 << PC1)) raw |= (1 << 1);
     134:	31 99       	sbic	0x06, 1	; 6
     136:	82 60       	ori	r24, 0x02	; 2
    if (PINC & (1 << PC2)) raw |= (1 << 2);
     138:	32 99       	sbic	0x06, 2	; 6
     13a:	84 60       	ori	r24, 0x04	; 4
    if (PINC & (1 << PC3)) raw |= (1 << 3);
     13c:	33 99       	sbic	0x06, 3	; 6
     13e:	88 60       	ori	r24, 0x08	; 8
    if (PIND & (1 << PD2)) raw |= (1 << 4);
     140:	4a 99       	sbic	0x09, 2	; 9
     142:	80 61       	ori	r24, 0x10	; 16

    /* Switch ON pulls low, so invert to obtain the board number. */
    return (uint8_t)((~raw) & 0x1FU);
     144:	80 95       	com	r24
}
     146:	8f 71       	andi	r24, 0x1F	; 31
     148:	08 95       	ret

0000014a <apply_axis>:
}

static int32_t apply_axis(int32_t value_x100,
                          int32_t offset_x100,
                          int32_t gain_ppm)
{
     14a:	4f 92       	push	r4
     14c:	5f 92       	push	r5
     14e:	6f 92       	push	r6
     150:	7f 92       	push	r7
     152:	af 92       	push	r10
     154:	bf 92       	push	r11
     156:	cf 92       	push	r12
     158:	df 92       	push	r13
     15a:	ef 92       	push	r14
     15c:	ff 92       	push	r15
     15e:	0f 93       	push	r16
     160:	1f 93       	push	r17
    int32_t corrected = value_x100 - offset_x100;
     162:	dc 01       	movw	r26, r24
     164:	cb 01       	movw	r24, r22
     166:	82 1b       	sub	r24, r18
     168:	93 0b       	sbc	r25, r19
     16a:	a4 0b       	sbc	r26, r20
     16c:	b5 0b       	sbc	r27, r21
    int64_t scaled = (int64_t)corrected * (int64_t)gain_ppm;
     16e:	2c 01       	movw	r4, r24
     170:	3d 01       	movw	r6, r26
     172:	77 0c       	add	r7, r7
     174:	44 08       	sbc	r4, r4
     176:	54 2c       	mov	r5, r4
     178:	32 01       	movw	r6, r4
     17a:	b8 01       	movw	r22, r16
     17c:	a7 01       	movw	r20, r14
     17e:	77 0f       	add	r23, r23
     180:	44 0b       	sbc	r20, r20
     182:	54 2f       	mov	r21, r20
     184:	ba 01       	movw	r22, r20
     186:	ae 2c       	mov	r10, r14
     188:	bf 2c       	mov	r11, r15
     18a:	c0 2e       	mov	r12, r16
     18c:	d1 2e       	mov	r13, r17
     18e:	e4 2e       	mov	r14, r20
     190:	f4 2e       	mov	r15, r20
     192:	04 2f       	mov	r16, r20
     194:	14 2f       	mov	r17, r20
     196:	28 2f       	mov	r18, r24
     198:	39 2f       	mov	r19, r25
     19a:	4a 2f       	mov	r20, r26
     19c:	5b 2f       	mov	r21, r27
     19e:	64 2d       	mov	r22, r4
     1a0:	74 2d       	mov	r23, r4
     1a2:	84 2d       	mov	r24, r4
     1a4:	94 2d       	mov	r25, r4
     1a6:	0e 94 3d 12 	call	0x247a	; 0x247a <__muldi3>

    if (scaled >= 0) {
     1aa:	a0 e0       	ldi	r26, 0x00	; 0
     1ac:	0e 94 6d 13 	call	0x26da	; 0x26da <__cmpdi2_s8>
     1b0:	4c f0       	brlt	.+18     	; 0x1c4 <apply_axis+0x7a>
        scaled += CALIBRATION_GAIN_UNITY_PPM / 2L;
     1b2:	20 5e       	subi	r18, 0xE0	; 224
     1b4:	3e 45       	sbci	r19, 0x5E	; 94
     1b6:	48 4f       	sbci	r20, 0xF8	; 248
     1b8:	5f 4f       	sbci	r21, 0xFF	; 255
     1ba:	6f 4f       	sbci	r22, 0xFF	; 255
     1bc:	7f 4f       	sbci	r23, 0xFF	; 255
     1be:	8f 4f       	sbci	r24, 0xFF	; 255
     1c0:	9f 4f       	sbci	r25, 0xFF	; 255
     1c2:	08 c0       	rjmp	.+16     	; 0x1d4 <apply_axis+0x8a>
    } else {
        scaled -= CALIBRATION_GAIN_UNITY_PPM / 2L;
     1c4:	20 52       	subi	r18, 0x20	; 32
     1c6:	31 4a       	sbci	r19, 0xA1	; 161
     1c8:	47 40       	sbci	r20, 0x07	; 7
     1ca:	51 09       	sbc	r21, r1
     1cc:	61 09       	sbc	r22, r1
     1ce:	71 09       	sbc	r23, r1
     1d0:	81 09       	sbc	r24, r1
     1d2:	91 09       	sbc	r25, r1
    }

    return (int32_t)(scaled / CALIBRATION_GAIN_UNITY_PPM);
     1d4:	68 94       	set
     1d6:	aa 24       	eor	r10, r10
     1d8:	a6 f8       	bld	r10, 6
     1da:	0f 2e       	mov	r0, r31
     1dc:	f2 e4       	ldi	r31, 0x42	; 66
     1de:	bf 2e       	mov	r11, r31
     1e0:	f0 2d       	mov	r31, r0
     1e2:	0f 2e       	mov	r0, r31
     1e4:	ff e0       	ldi	r31, 0x0F	; 15
     1e6:	cf 2e       	mov	r12, r31
     1e8:	f0 2d       	mov	r31, r0
     1ea:	d1 2c       	mov	r13, r1
     1ec:	e1 2c       	mov	r14, r1
     1ee:	f1 2c       	mov	r15, r1
     1f0:	00 e0       	ldi	r16, 0x00	; 0
     1f2:	10 e0       	ldi	r17, 0x00	; 0
     1f4:	0e 94 98 12 	call	0x2530	; 0x2530 <__divdi3>
     1f8:	62 2f       	mov	r22, r18
     1fa:	73 2f       	mov	r23, r19
     1fc:	84 2f       	mov	r24, r20
     1fe:	95 2f       	mov	r25, r21
}
     200:	1f 91       	pop	r17
     202:	0f 91       	pop	r16
     204:	ff 90       	pop	r15
     206:	ef 90       	pop	r14
     208:	df 90       	pop	r13
     20a:	cf 90       	pop	r12
     20c:	bf 90       	pop	r11
     20e:	af 90       	pop	r10
     210:	7f 90       	pop	r7
     212:	6f 90       	pop	r6
     214:	5f 90       	pop	r5
     216:	4f 90       	pop	r4
     218:	08 95       	ret

0000021a <calibration_crc>:

static calibration_record_t EEMEM eeprom_calibration;

static uint16_t calibration_crc(const calibration_record_t *record)
{
    return crc16_ccitt(record, offsetof(calibration_record_t, crc));
     21a:	66 e3       	ldi	r22, 0x36	; 54
     21c:	70 e0       	ldi	r23, 0x00	; 0
     21e:	0e 94 91 06 	call	0xd22	; 0xd22 <crc16_ccitt>
}
     222:	08 95       	ret

00000224 <calibration_make_defaults>:

void calibration_make_defaults(calibration_record_t *record)
{
     224:	cf 93       	push	r28
     226:	df 93       	push	r29
     228:	ec 01       	movw	r28, r24
    memset(record, 0, sizeof(*record));
     22a:	88 e3       	ldi	r24, 0x38	; 56
     22c:	fe 01       	movw	r30, r28
     22e:	11 92       	st	Z+, r1
     230:	8a 95       	dec	r24
     232:	e9 f7       	brne	.-6      	; 0x22e <calibration_make_defaults+0xa>
    record->magic = CALIBRATION_MAGIC;
     234:	88 e3       	ldi	r24, 0x38	; 56
     236:	92 e3       	ldi	r25, 0x32	; 50
     238:	a4 e4       	ldi	r26, 0x44	; 68
     23a:	be e4       	ldi	r27, 0x4E	; 78
     23c:	88 83       	st	Y, r24
     23e:	99 83       	std	Y+1, r25	; 0x01
     240:	aa 83       	std	Y+2, r26	; 0x02
     242:	bb 83       	std	Y+3, r27	; 0x03
    record->version = CALIBRATION_VERSION;
     244:	81 e0       	ldi	r24, 0x01	; 1
     246:	90 e0       	ldi	r25, 0x00	; 0
     248:	9d 83       	std	Y+5, r25	; 0x05
     24a:	8c 83       	std	Y+4, r24	; 0x04
    record->size = sizeof(*record);
     24c:	88 e3       	ldi	r24, 0x38	; 56
     24e:	90 e0       	ldi	r25, 0x00	; 0
     250:	9f 83       	std	Y+7, r25	; 0x07
     252:	8e 83       	std	Y+6, r24	; 0x06
    record->gain_x_ppm = CALIBRATION_GAIN_UNITY_PPM;
     254:	80 e4       	ldi	r24, 0x40	; 64
     256:	92 e4       	ldi	r25, 0x42	; 66
     258:	af e0       	ldi	r26, 0x0F	; 15
     25a:	b0 e0       	ldi	r27, 0x00	; 0
     25c:	8c 8b       	std	Y+20, r24	; 0x14
     25e:	9d 8b       	std	Y+21, r25	; 0x15
     260:	ae 8b       	std	Y+22, r26	; 0x16
     262:	bf 8b       	std	Y+23, r27	; 0x17
    record->gain_y_ppm = CALIBRATION_GAIN_UNITY_PPM;
     264:	88 8f       	std	Y+24, r24	; 0x18
     266:	99 8f       	std	Y+25, r25	; 0x19
     268:	aa 8f       	std	Y+26, r26	; 0x1a
     26a:	bb 8f       	std	Y+27, r27	; 0x1b
    record->gain_z_ppm = CALIBRATION_GAIN_UNITY_PPM;
     26c:	8c 8f       	std	Y+28, r24	; 0x1c
     26e:	9d 8f       	std	Y+29, r25	; 0x1d
     270:	ae 8f       	std	Y+30, r26	; 0x1e
     272:	bf 8f       	std	Y+31, r27	; 0x1f
    record->crc = calibration_crc(record);
     274:	ce 01       	movw	r24, r28
     276:	0e 94 0d 01 	call	0x21a	; 0x21a <calibration_crc>
     27a:	9f ab       	std	Y+55, r25	; 0x37
     27c:	8e ab       	std	Y+54, r24	; 0x36
}
     27e:	df 91       	pop	r29
     280:	cf 91       	pop	r28
     282:	08 95       	ret

00000284 <calibration_load>:

calibration_status_t calibration_load(calibration_record_t *record)
{
     284:	0f 93       	push	r16
     286:	1f 93       	push	r17
     288:	cf 93       	push	r28
     28a:	df 93       	push	r29
     28c:	ec 01       	movw	r28, r24
    eeprom_read_block(record, &eeprom_calibration, sizeof(*record));
     28e:	48 e3       	ldi	r20, 0x38	; 56
     290:	50 e0       	ldi	r21, 0x00	; 0
     292:	60 e0       	ldi	r22, 0x00	; 0
     294:	70 e0       	ldi	r23, 0x00	; 0
     296:	0e 94 e8 15 	call	0x2bd0	; 0x2bd0 <eeprom_read_block>

    if (record->magic != CALIBRATION_MAGIC ||
     29a:	88 81       	ld	r24, Y
     29c:	99 81       	ldd	r25, Y+1	; 0x01
     29e:	aa 81       	ldd	r26, Y+2	; 0x02
     2a0:	bb 81       	ldd	r27, Y+3	; 0x03
     2a2:	88 33       	cpi	r24, 0x38	; 56
     2a4:	92 43       	sbci	r25, 0x32	; 50
     2a6:	a4 44       	sbci	r26, 0x44	; 68
     2a8:	be 44       	sbci	r27, 0x4E	; 78
     2aa:	81 f4       	brne	.+32     	; 0x2cc <calibration_load+0x48>
        record->version != CALIBRATION_VERSION ||
     2ac:	8c 81       	ldd	r24, Y+4	; 0x04
     2ae:	9d 81       	ldd	r25, Y+5	; 0x05

calibration_status_t calibration_load(calibration_record_t *record)
{
    eeprom_read_block(record, &eeprom_calibration, sizeof(*record));

    if (record->magic != CALIBRATION_MAGIC ||
     2b0:	01 97       	sbiw	r24, 0x01	; 1
     2b2:	61 f4       	brne	.+24     	; 0x2cc <calibration_load+0x48>
        record->version != CALIBRATION_VERSION ||
        record->size != sizeof(*record) ||
     2b4:	8e 81       	ldd	r24, Y+6	; 0x06
     2b6:	9f 81       	ldd	r25, Y+7	; 0x07
calibration_status_t calibration_load(calibration_record_t *record)
{
    eeprom_read_block(record, &eeprom_calibration, sizeof(*record));

    if (record->magic != CALIBRATION_MAGIC ||
        record->version != CALIBRATION_VERSION ||
     2b8:	c8 97       	sbiw	r24, 0x38	; 56
     2ba:	41 f4       	brne	.+16     	; 0x2cc <calibration_load+0x48>
        record->size != sizeof(*record) ||
        record->crc != calibration_crc(record)) {
     2bc:	0e a9       	ldd	r16, Y+54	; 0x36
     2be:	1f a9       	ldd	r17, Y+55	; 0x37
     2c0:	ce 01       	movw	r24, r28
     2c2:	0e 94 0d 01 	call	0x21a	; 0x21a <calibration_crc>
{
    eeprom_read_block(record, &eeprom_calibration, sizeof(*record));

    if (record->magic != CALIBRATION_MAGIC ||
        record->version != CALIBRATION_VERSION ||
        record->size != sizeof(*record) ||
     2c6:	08 17       	cp	r16, r24
     2c8:	19 07       	cpc	r17, r25
     2ca:	81 f0       	breq	.+32     	; 0x2ec <calibration_load+0x68>
        record->crc != calibration_crc(record)) {
        /* A completely erased EEPROM is a normal first-start condition. */
        if (record->magic != 0xFFFFFFFFUL) {
     2cc:	88 81       	ld	r24, Y
     2ce:	99 81       	ldd	r25, Y+1	; 0x01
     2d0:	aa 81       	ldd	r26, Y+2	; 0x02
     2d2:	bb 81       	ldd	r27, Y+3	; 0x03
     2d4:	8f 3f       	cpi	r24, 0xFF	; 255
     2d6:	9f 4f       	sbci	r25, 0xFF	; 255
     2d8:	af 4f       	sbci	r26, 0xFF	; 255
     2da:	bf 4f       	sbci	r27, 0xFF	; 255
     2dc:	11 f0       	breq	.+4      	; 0x2e2 <calibration_load+0x5e>
            diagnostics_record_eeprom_error();
     2de:	0e 94 65 08 	call	0x10ca	; 0x10ca <diagnostics_record_eeprom_error>
        }
        calibration_make_defaults(record);
     2e2:	ce 01       	movw	r24, r28
     2e4:	0e 94 12 01 	call	0x224	; 0x224 <calibration_make_defaults>
        return CALIBRATION_STATUS_DEFAULT;
     2e8:	80 e0       	ldi	r24, 0x00	; 0
     2ea:	01 c0       	rjmp	.+2      	; 0x2ee <calibration_load+0x6a>
    }

    return CALIBRATION_STATUS_VALID;
     2ec:	81 e0       	ldi	r24, 0x01	; 1
}
     2ee:	df 91       	pop	r29
     2f0:	cf 91       	pop	r28
     2f2:	1f 91       	pop	r17
     2f4:	0f 91       	pop	r16
     2f6:	08 95       	ret

000002f8 <calibration_save>:

uint8_t calibration_save(const calibration_record_t *record)
{
     2f8:	cf 93       	push	r28
     2fa:	df 93       	push	r29
     2fc:	cd b7       	in	r28, 0x3d	; 61
     2fe:	de b7       	in	r29, 0x3e	; 62
     300:	c0 57       	subi	r28, 0x70	; 112
     302:	d1 09       	sbc	r29, r1
     304:	0f b6       	in	r0, 0x3f	; 63
     306:	f8 94       	cli
     308:	de bf       	out	0x3e, r29	; 62
     30a:	0f be       	out	0x3f, r0	; 63
     30c:	cd bf       	out	0x3d, r28	; 61
     30e:	fc 01       	movw	r30, r24
    calibration_record_t copy = *record;
     310:	98 e3       	ldi	r25, 0x38	; 56
     312:	de 01       	movw	r26, r28
     314:	11 96       	adiw	r26, 0x01	; 1
     316:	01 90       	ld	r0, Z+
     318:	0d 92       	st	X+, r0
     31a:	9a 95       	dec	r25
     31c:	e1 f7       	brne	.-8      	; 0x316 <calibration_save+0x1e>
    copy.magic = CALIBRATION_MAGIC;
     31e:	88 e3       	ldi	r24, 0x38	; 56
     320:	92 e3       	ldi	r25, 0x32	; 50
     322:	a4 e4       	ldi	r26, 0x44	; 68
     324:	be e4       	ldi	r27, 0x4E	; 78
     326:	89 83       	std	Y+1, r24	; 0x01
     328:	9a 83       	std	Y+2, r25	; 0x02
     32a:	ab 83       	std	Y+3, r26	; 0x03
     32c:	bc 83       	std	Y+4, r27	; 0x04
    copy.version = CALIBRATION_VERSION;
     32e:	81 e0       	ldi	r24, 0x01	; 1
     330:	90 e0       	ldi	r25, 0x00	; 0
     332:	9e 83       	std	Y+6, r25	; 0x06
     334:	8d 83       	std	Y+5, r24	; 0x05
    copy.size = sizeof(copy);
     336:	88 e3       	ldi	r24, 0x38	; 56
     338:	90 e0       	ldi	r25, 0x00	; 0
     33a:	98 87       	std	Y+8, r25	; 0x08
     33c:	8f 83       	std	Y+7, r24	; 0x07
    copy.crc = calibration_crc(&copy);
     33e:	ce 01       	movw	r24, r28
     340:	01 96       	adiw	r24, 0x01	; 1
     342:	0e 94 0d 01 	call	0x21a	; 0x21a <calibration_crc>
     346:	98 af       	std	Y+56, r25	; 0x38
     348:	8f ab       	std	Y+55, r24	; 0x37

    eeprom_update_block(&copy, &eeprom_calibration, sizeof(copy));
     34a:	48 e3       	ldi	r20, 0x38	; 56
     34c:	50 e0       	ldi	r21, 0x00	; 0
     34e:	60 e0       	ldi	r22, 0x00	; 0
     350:	70 e0       	ldi	r23, 0x00	; 0
     352:	ce 01       	movw	r24, r28
     354:	01 96       	adiw	r24, 0x01	; 1
     356:	0e 94 fe 15 	call	0x2bfc	; 0x2bfc <eeprom_update_block>

    calibration_record_t verify;
    eeprom_read_block(&verify, &eeprom_calibration, sizeof(verify));
     35a:	48 e3       	ldi	r20, 0x38	; 56
     35c:	50 e0       	ldi	r21, 0x00	; 0
     35e:	60 e0       	ldi	r22, 0x00	; 0
     360:	70 e0       	ldi	r23, 0x00	; 0
     362:	ce 01       	movw	r24, r28
     364:	c9 96       	adiw	r24, 0x39	; 57
     366:	0e 94 e8 15 	call	0x2bd0	; 0x2bd0 <eeprom_read_block>

    if (memcmp(&copy, &verify, sizeof(copy)) != 0U) {
     36a:	48 e3       	ldi	r20, 0x38	; 56
     36c:	50 e0       	ldi	r21, 0x00	; 0
     36e:	be 01       	movw	r22, r28
     370:	67 5c       	subi	r22, 0xC7	; 199
     372:	7f 4f       	sbci	r23, 0xFF	; 255
     374:	ce 01       	movw	r24, r28
     376:	01 96       	adiw	r24, 0x01	; 1
     378:	0e 94 92 15 	call	0x2b24	; 0x2b24 <memcmp>
     37c:	89 2b       	or	r24, r25
     37e:	21 f0       	breq	.+8      	; 0x388 <calibration_save+0x90>
        diagnostics_record_eeprom_error();
     380:	0e 94 65 08 	call	0x10ca	; 0x10ca <diagnostics_record_eeprom_error>
        return 0U;
     384:	80 e0       	ldi	r24, 0x00	; 0
     386:	01 c0       	rjmp	.+2      	; 0x38a <calibration_save+0x92>
    }
    return 1U;
     388:	81 e0       	ldi	r24, 0x01	; 1
}
     38a:	c0 59       	subi	r28, 0x90	; 144
     38c:	df 4f       	sbci	r29, 0xFF	; 255
     38e:	0f b6       	in	r0, 0x3f	; 63
     390:	f8 94       	cli
     392:	de bf       	out	0x3e, r29	; 62
     394:	0f be       	out	0x3f, r0	; 63
     396:	cd bf       	out	0x3d, r28	; 61
     398:	df 91       	pop	r29
     39a:	cf 91       	pop	r28
     39c:	08 95       	ret

0000039e <calibration_factory_reset>:

void calibration_factory_reset(void)
{
     39e:	cf 93       	push	r28
     3a0:	df 93       	push	r29
     3a2:	cd b7       	in	r28, 0x3d	; 61
     3a4:	de b7       	in	r29, 0x3e	; 62
     3a6:	e8 97       	sbiw	r28, 0x38	; 56
     3a8:	0f b6       	in	r0, 0x3f	; 63
     3aa:	f8 94       	cli
     3ac:	de bf       	out	0x3e, r29	; 62
     3ae:	0f be       	out	0x3f, r0	; 63
     3b0:	cd bf       	out	0x3d, r28	; 61
    calibration_record_t erased;
    memset(&erased, 0xFF, sizeof(erased));
     3b2:	48 e3       	ldi	r20, 0x38	; 56
     3b4:	50 e0       	ldi	r21, 0x00	; 0
     3b6:	6f ef       	ldi	r22, 0xFF	; 255
     3b8:	70 e0       	ldi	r23, 0x00	; 0
     3ba:	ce 01       	movw	r24, r28
     3bc:	01 96       	adiw	r24, 0x01	; 1
     3be:	0e 94 9f 15 	call	0x2b3e	; 0x2b3e <memset>
    eeprom_update_block(&erased, &eeprom_calibration, sizeof(erased));
     3c2:	48 e3       	ldi	r20, 0x38	; 56
     3c4:	50 e0       	ldi	r21, 0x00	; 0
     3c6:	60 e0       	ldi	r22, 0x00	; 0
     3c8:	70 e0       	ldi	r23, 0x00	; 0
     3ca:	ce 01       	movw	r24, r28
     3cc:	01 96       	adiw	r24, 0x01	; 1
     3ce:	0e 94 fe 15 	call	0x2bfc	; 0x2bfc <eeprom_update_block>
}
     3d2:	e8 96       	adiw	r28, 0x38	; 56
     3d4:	0f b6       	in	r0, 0x3f	; 63
     3d6:	f8 94       	cli
     3d8:	de bf       	out	0x3e, r29	; 62
     3da:	0f be       	out	0x3f, r0	; 63
     3dc:	cd bf       	out	0x3d, r28	; 61
     3de:	df 91       	pop	r29
     3e0:	cf 91       	pop	r28
     3e2:	08 95       	ret

000003e4 <calibration_apply>:
    return (int32_t)(scaled / CALIBRATION_GAIN_UNITY_PPM);
}

void calibration_apply(const calibration_record_t *record,
                       tmag5273_measurement_t *measurement)
{
     3e4:	cf 92       	push	r12
     3e6:	df 92       	push	r13
     3e8:	ef 92       	push	r14
     3ea:	ff 92       	push	r15
     3ec:	0f 93       	push	r16
     3ee:	1f 93       	push	r17
     3f0:	cf 93       	push	r28
     3f2:	df 93       	push	r29
     3f4:	6c 01       	movw	r12, r24
     3f6:	eb 01       	movw	r28, r22
    measurement->bx_x100 = apply_axis(measurement->bx_x100,
     3f8:	fc 01       	movw	r30, r24
     3fa:	e4 88       	ldd	r14, Z+20	; 0x14
     3fc:	f5 88       	ldd	r15, Z+21	; 0x15
     3fe:	06 89       	ldd	r16, Z+22	; 0x16
     400:	17 89       	ldd	r17, Z+23	; 0x17
     402:	20 85       	ldd	r18, Z+8	; 0x08
     404:	31 85       	ldd	r19, Z+9	; 0x09
     406:	42 85       	ldd	r20, Z+10	; 0x0a
     408:	53 85       	ldd	r21, Z+11	; 0x0b
     40a:	6c 81       	ldd	r22, Y+4	; 0x04
     40c:	7d 81       	ldd	r23, Y+5	; 0x05
     40e:	8e 81       	ldd	r24, Y+6	; 0x06
     410:	9f 81       	ldd	r25, Y+7	; 0x07
     412:	0e 94 a5 00 	call	0x14a	; 0x14a <apply_axis>
     416:	6c 83       	std	Y+4, r22	; 0x04
     418:	7d 83       	std	Y+5, r23	; 0x05
     41a:	8e 83       	std	Y+6, r24	; 0x06
     41c:	9f 83       	std	Y+7, r25	; 0x07
                                      record->offset_x_x100,
                                      record->gain_x_ppm);
    measurement->by_x100 = apply_axis(measurement->by_x100,
     41e:	f6 01       	movw	r30, r12
     420:	e0 8c       	ldd	r14, Z+24	; 0x18
     422:	f1 8c       	ldd	r15, Z+25	; 0x19
     424:	02 8d       	ldd	r16, Z+26	; 0x1a
     426:	13 8d       	ldd	r17, Z+27	; 0x1b
     428:	24 85       	ldd	r18, Z+12	; 0x0c
     42a:	35 85       	ldd	r19, Z+13	; 0x0d
     42c:	46 85       	ldd	r20, Z+14	; 0x0e
     42e:	57 85       	ldd	r21, Z+15	; 0x0f
     430:	68 85       	ldd	r22, Y+8	; 0x08
     432:	79 85       	ldd	r23, Y+9	; 0x09
     434:	8a 85       	ldd	r24, Y+10	; 0x0a
     436:	9b 85       	ldd	r25, Y+11	; 0x0b
     438:	0e 94 a5 00 	call	0x14a	; 0x14a <apply_axis>
     43c:	68 87       	std	Y+8, r22	; 0x08
     43e:	79 87       	std	Y+9, r23	; 0x09
     440:	8a 87       	std	Y+10, r24	; 0x0a
     442:	9b 87       	std	Y+11, r25	; 0x0b
                                      record->offset_y_x100,
                                      record->gain_y_ppm);
    measurement->bz_x100 = apply_axis(measurement->bz_x100,
     444:	f6 01       	movw	r30, r12
     446:	e4 8c       	ldd	r14, Z+28	; 0x1c
     448:	f5 8c       	ldd	r15, Z+29	; 0x1d
     44a:	06 8d       	ldd	r16, Z+30	; 0x1e
     44c:	17 8d       	ldd	r17, Z+31	; 0x1f
     44e:	20 89       	ldd	r18, Z+16	; 0x10
     450:	31 89       	ldd	r19, Z+17	; 0x11
     452:	42 89       	ldd	r20, Z+18	; 0x12
     454:	53 89       	ldd	r21, Z+19	; 0x13
     456:	6c 85       	ldd	r22, Y+12	; 0x0c
     458:	7d 85       	ldd	r23, Y+13	; 0x0d
     45a:	8e 85       	ldd	r24, Y+14	; 0x0e
     45c:	9f 85       	ldd	r25, Y+15	; 0x0f
     45e:	0e 94 a5 00 	call	0x14a	; 0x14a <apply_axis>
     462:	6c 87       	std	Y+12, r22	; 0x0c
     464:	7d 87       	std	Y+13, r23	; 0x0d
     466:	8e 87       	std	Y+14, r24	; 0x0e
     468:	9f 87       	std	Y+15, r25	; 0x0f
                                      record->offset_z_x100,
                                      record->gain_z_ppm);
}
     46a:	df 91       	pop	r29
     46c:	cf 91       	pop	r28
     46e:	1f 91       	pop	r17
     470:	0f 91       	pop	r16
     472:	ff 90       	pop	r15
     474:	ef 90       	pop	r14
     476:	df 90       	pop	r13
     478:	cf 90       	pop	r12
     47a:	08 95       	ret

0000047c <status_text>:
    return 0U;
}

static const char *status_text(calibration_status_t status)
{
    if (status == CALIBRATION_STATUS_VALID) return "VALID";
     47c:	81 30       	cpi	r24, 0x01	; 1
     47e:	29 f0       	breq	.+10     	; 0x48a <status_text+0xe>
    if (status == CALIBRATION_STATUS_DIRTY) return "DIRTY";
     480:	82 30       	cpi	r24, 0x02	; 2
     482:	31 f4       	brne	.+12     	; 0x490 <status_text+0x14>
     484:	86 e0       	ldi	r24, 0x06	; 6
     486:	91 e0       	ldi	r25, 0x01	; 1
     488:	08 95       	ret
    return 0U;
}

static const char *status_text(calibration_status_t status)
{
    if (status == CALIBRATION_STATUS_VALID) return "VALID";
     48a:	80 e0       	ldi	r24, 0x00	; 0
     48c:	91 e0       	ldi	r25, 0x01	; 1
     48e:	08 95       	ret
    if (status == CALIBRATION_STATUS_DIRTY) return "DIRTY";
    return "DEFAULT";
     490:	8c e0       	ldi	r24, 0x0C	; 12
     492:	91 e0       	ldi	r25, 0x01	; 1
}
     494:	08 95       	ret

00000496 <response_error>:
    uart0_print(command);
    uart0_print("\r\n");
}

static void response_error(const char *reason)
{
     496:	cf 93       	push	r28
     498:	df 93       	push	r29
     49a:	ec 01       	movw	r28, r24
    uart0_print("$ND280RSP,ERROR,REASON=");
     49c:	84 e1       	ldi	r24, 0x14	; 20
     49e:	91 e0       	ldi	r25, 0x01	; 1
     4a0:	0e 94 3e 10 	call	0x207c	; 0x207c <uart0_print>
    uart0_print(reason);
     4a4:	ce 01       	movw	r24, r28
     4a6:	0e 94 3e 10 	call	0x207c	; 0x207c <uart0_print>
    uart0_print("\r\n");
     4aa:	88 e0       	ldi	r24, 0x08	; 8
     4ac:	97 e0       	ldi	r25, 0x07	; 7
     4ae:	0e 94 3e 10 	call	0x207c	; 0x207c <uart0_print>
}
     4b2:	df 91       	pop	r29
     4b4:	cf 91       	pop	r28
     4b6:	08 95       	ret

000004b8 <response_ok>:
    if (status == CALIBRATION_STATUS_DIRTY) return "DIRTY";
    return "DEFAULT";
}

static void response_ok(const char *command)
{
     4b8:	cf 93       	push	r28
     4ba:	df 93       	push	r29
     4bc:	ec 01       	movw	r28, r24
    uart0_print("$ND280RSP,OK,CMD=");
     4be:	8c e2       	ldi	r24, 0x2C	; 44
     4c0:	91 e0       	ldi	r25, 0x01	; 1
     4c2:	0e 94 3e 10 	call	0x207c	; 0x207c <uart0_print>
    uart0_print(command);
     4c6:	ce 01       	movw	r24, r28
     4c8:	0e 94 3e 10 	call	0x207c	; 0x207c <uart0_print>
    uart0_print("\r\n");
     4cc:	88 e0       	ldi	r24, 0x08	; 8
     4ce:	97 e0       	ldi	r25, 0x07	; 7
     4d0:	0e 94 3e 10 	call	0x207c	; 0x207c <uart0_print>
}
     4d4:	df 91       	pop	r29
     4d6:	cf 91       	pop	r28
     4d8:	08 95       	ret

000004da <command_is_duplicate>:
static char last_command[UART0_COMMAND_MAX_LENGTH];
static uint32_t last_command_seen_ms = 0UL;
static uint8_t last_command_valid = 0U;

static uint8_t command_is_duplicate(const char *line)
{
     4da:	cf 92       	push	r12
     4dc:	df 92       	push	r13
     4de:	ef 92       	push	r14
     4e0:	ff 92       	push	r15
     4e2:	cf 93       	push	r28
     4e4:	df 93       	push	r29
     4e6:	ec 01       	movw	r28, r24
    uint32_t now_ms = diagnostics_get_uptime_milliseconds();
     4e8:	0e 94 b4 07 	call	0xf68	; 0xf68 <diagnostics_get_uptime_milliseconds>
     4ec:	6b 01       	movw	r12, r22
     4ee:	7c 01       	movw	r14, r24

    if (last_command_valid && strcmp(line, last_command) == 0) {
     4f0:	80 91 0e 07 	lds	r24, 0x070E	; 0x80070e <last_command_valid>
     4f4:	88 23       	and	r24, r24
     4f6:	41 f1       	breq	.+80     	; 0x548 <command_is_duplicate+0x6e>
     4f8:	63 e1       	ldi	r22, 0x13	; 19
     4fa:	77 e0       	ldi	r23, 0x07	; 7
     4fc:	ce 01       	movw	r24, r28
     4fe:	0e 94 a6 15 	call	0x2b4c	; 0x2b4c <strcmp>
     502:	89 2b       	or	r24, r25
     504:	09 f5       	brne	.+66     	; 0x548 <command_is_duplicate+0x6e>
        uint32_t elapsed = now_ms - last_command_seen_ms;
     506:	80 91 0f 07 	lds	r24, 0x070F	; 0x80070f <last_command_seen_ms>
     50a:	90 91 10 07 	lds	r25, 0x0710	; 0x800710 <last_command_seen_ms+0x1>
     50e:	a0 91 11 07 	lds	r26, 0x0711	; 0x800711 <last_command_seen_ms+0x2>
     512:	b0 91 12 07 	lds	r27, 0x0712	; 0x800712 <last_command_seen_ms+0x3>
     516:	a7 01       	movw	r20, r14
     518:	96 01       	movw	r18, r12
     51a:	28 1b       	sub	r18, r24
     51c:	39 0b       	sbc	r19, r25
     51e:	4a 0b       	sbc	r20, r26
     520:	5b 0b       	sbc	r21, r27
     522:	da 01       	movw	r26, r20
     524:	c9 01       	movw	r24, r18
        last_command_seen_ms = now_ms;
     526:	c0 92 0f 07 	sts	0x070F, r12	; 0x80070f <last_command_seen_ms>
     52a:	d0 92 10 07 	sts	0x0710, r13	; 0x800710 <last_command_seen_ms+0x1>
     52e:	e0 92 11 07 	sts	0x0711, r14	; 0x800711 <last_command_seen_ms+0x2>
     532:	f0 92 12 07 	sts	0x0712, r15	; 0x800712 <last_command_seen_ms+0x3>
        if (elapsed < COMMAND_DUPLICATE_GUARD_MS) {
     536:	88 3e       	cpi	r24, 0xE8	; 232
     538:	93 40       	sbci	r25, 0x03	; 3
     53a:	a1 05       	cpc	r26, r1
     53c:	b1 05       	cpc	r27, r1
     53e:	20 f4       	brcc	.+8      	; 0x548 <command_is_duplicate+0x6e>
            diagnostics_record_uart_duplicate_command();
     540:	0e 94 57 08 	call	0x10ae	; 0x10ae <diagnostics_record_uart_duplicate_command>
            return 1U;
     544:	81 e0       	ldi	r24, 0x01	; 1
     546:	15 c0       	rjmp	.+42     	; 0x572 <command_is_duplicate+0x98>
        }
    }

    strncpy(last_command, line, sizeof(last_command) - 1U);
     548:	4f e5       	ldi	r20, 0x5F	; 95
     54a:	50 e0       	ldi	r21, 0x00	; 0
     54c:	be 01       	movw	r22, r28
     54e:	83 e1       	ldi	r24, 0x13	; 19
     550:	97 e0       	ldi	r25, 0x07	; 7
     552:	0e 94 af 15 	call	0x2b5e	; 0x2b5e <strncpy>
    last_command[sizeof(last_command) - 1U] = '\0';
     556:	10 92 72 07 	sts	0x0772, r1	; 0x800772 <last_command+0x5f>
    last_command_seen_ms = now_ms;
     55a:	c0 92 0f 07 	sts	0x070F, r12	; 0x80070f <last_command_seen_ms>
     55e:	d0 92 10 07 	sts	0x0710, r13	; 0x800710 <last_command_seen_ms+0x1>
     562:	e0 92 11 07 	sts	0x0711, r14	; 0x800711 <last_command_seen_ms+0x2>
     566:	f0 92 12 07 	sts	0x0712, r15	; 0x800712 <last_command_seen_ms+0x3>
    last_command_valid = 1U;
     56a:	81 e0       	ldi	r24, 0x01	; 1
     56c:	80 93 0e 07 	sts	0x070E, r24	; 0x80070e <last_command_valid>
    return 0U;
     570:	80 e0       	ldi	r24, 0x00	; 0
}
     572:	df 91       	pop	r29
     574:	cf 91       	pop	r28
     576:	ff 90       	pop	r15
     578:	ef 90       	pop	r14
     57a:	df 90       	pop	r13
     57c:	cf 90       	pop	r12
     57e:	08 95       	ret

00000580 <parse_u32>:
    *value = (int32_t)parsed;
    return 1U;
}

static uint8_t parse_u32(const char *text, uint32_t *value)
{
     580:	ef 92       	push	r14
     582:	ff 92       	push	r15
     584:	0f 93       	push	r16
     586:	1f 93       	push	r17
     588:	cf 93       	push	r28
     58a:	df 93       	push	r29
     58c:	00 d0       	rcall	.+0      	; 0x58e <parse_u32+0xe>
     58e:	cd b7       	in	r28, 0x3d	; 61
     590:	de b7       	in	r29, 0x3e	; 62
     592:	8c 01       	movw	r16, r24
     594:	7b 01       	movw	r14, r22
    char *end = 0;
     596:	1a 82       	std	Y+2, r1	; 0x02
     598:	19 82       	std	Y+1, r1	; 0x01
    unsigned long parsed = strtoul(text, &end, 10);
     59a:	4a e0       	ldi	r20, 0x0A	; 10
     59c:	50 e0       	ldi	r21, 0x00	; 0
     59e:	be 01       	movw	r22, r28
     5a0:	6f 5f       	subi	r22, 0xFF	; 255
     5a2:	7f 4f       	sbci	r23, 0xFF	; 255
     5a4:	0e 94 8f 14 	call	0x291e	; 0x291e <strtoul>
    if (text == end || *end != '\0') return 0U;
     5a8:	e9 81       	ldd	r30, Y+1	; 0x01
     5aa:	fa 81       	ldd	r31, Y+2	; 0x02
     5ac:	0e 17       	cp	r16, r30
     5ae:	1f 07       	cpc	r17, r31
     5b0:	51 f0       	breq	.+20     	; 0x5c6 <parse_u32+0x46>
     5b2:	20 81       	ld	r18, Z
     5b4:	21 11       	cpse	r18, r1
     5b6:	09 c0       	rjmp	.+18     	; 0x5ca <parse_u32+0x4a>
    *value = (uint32_t)parsed;
     5b8:	f7 01       	movw	r30, r14
     5ba:	60 83       	st	Z, r22
     5bc:	71 83       	std	Z+1, r23	; 0x01
     5be:	82 83       	std	Z+2, r24	; 0x02
     5c0:	93 83       	std	Z+3, r25	; 0x03
    return 1U;
     5c2:	81 e0       	ldi	r24, 0x01	; 1
     5c4:	03 c0       	rjmp	.+6      	; 0x5cc <parse_u32+0x4c>

static uint8_t parse_u32(const char *text, uint32_t *value)
{
    char *end = 0;
    unsigned long parsed = strtoul(text, &end, 10);
    if (text == end || *end != '\0') return 0U;
     5c6:	80 e0       	ldi	r24, 0x00	; 0
     5c8:	01 c0       	rjmp	.+2      	; 0x5cc <parse_u32+0x4c>
     5ca:	80 e0       	ldi	r24, 0x00	; 0
    *value = (uint32_t)parsed;
    return 1U;
}
     5cc:	0f 90       	pop	r0
     5ce:	0f 90       	pop	r0
     5d0:	df 91       	pop	r29
     5d2:	cf 91       	pop	r28
     5d4:	1f 91       	pop	r17
     5d6:	0f 91       	pop	r16
     5d8:	ff 90       	pop	r15
     5da:	ef 90       	pop	r14
     5dc:	08 95       	ret

000005de <get_three_u32>:
           parse_i32(a, va) && parse_i32(b, vb) && parse_i32(c, vc);
}

static uint8_t get_three_u32(char *a, char *b, char *c,
                             uint32_t *va, uint32_t *vb, uint32_t *vc)
{
     5de:	cf 92       	push	r12
     5e0:	df 92       	push	r13
     5e2:	ef 92       	push	r14
     5e4:	ff 92       	push	r15
     5e6:	0f 93       	push	r16
     5e8:	1f 93       	push	r17
     5ea:	cf 93       	push	r28
     5ec:	df 93       	push	r29
    return a && b && c &&
           parse_u32(a, va) && parse_u32(b, vb) && parse_u32(c, vc);
     5ee:	00 97       	sbiw	r24, 0x00	; 0
     5f0:	d9 f0       	breq	.+54     	; 0x628 <get_three_u32+0x4a>
}

static uint8_t get_three_u32(char *a, char *b, char *c,
                             uint32_t *va, uint32_t *vb, uint32_t *vc)
{
    return a && b && c &&
     5f2:	61 15       	cp	r22, r1
     5f4:	71 05       	cpc	r23, r1
     5f6:	d1 f0       	breq	.+52     	; 0x62c <get_three_u32+0x4e>
     5f8:	41 15       	cp	r20, r1
     5fa:	51 05       	cpc	r21, r1
     5fc:	c9 f0       	breq	.+50     	; 0x630 <get_three_u32+0x52>
     5fe:	6a 01       	movw	r12, r20
     600:	eb 01       	movw	r28, r22
           parse_u32(a, va) && parse_u32(b, vb) && parse_u32(c, vc);
     602:	b9 01       	movw	r22, r18
     604:	0e 94 c0 02 	call	0x580	; 0x580 <parse_u32>
}

static uint8_t get_three_u32(char *a, char *b, char *c,
                             uint32_t *va, uint32_t *vb, uint32_t *vc)
{
    return a && b && c &&
     608:	88 23       	and	r24, r24
     60a:	a1 f0       	breq	.+40     	; 0x634 <get_three_u32+0x56>
           parse_u32(a, va) && parse_u32(b, vb) && parse_u32(c, vc);
     60c:	b8 01       	movw	r22, r16
     60e:	ce 01       	movw	r24, r28
     610:	0e 94 c0 02 	call	0x580	; 0x580 <parse_u32>
     614:	88 23       	and	r24, r24
     616:	81 f0       	breq	.+32     	; 0x638 <get_three_u32+0x5a>
     618:	b7 01       	movw	r22, r14
     61a:	c6 01       	movw	r24, r12
     61c:	0e 94 c0 02 	call	0x580	; 0x580 <parse_u32>
     620:	88 23       	and	r24, r24
     622:	61 f0       	breq	.+24     	; 0x63c <get_three_u32+0x5e>
     624:	81 e0       	ldi	r24, 0x01	; 1
     626:	0b c0       	rjmp	.+22     	; 0x63e <get_three_u32+0x60>
     628:	80 e0       	ldi	r24, 0x00	; 0
     62a:	09 c0       	rjmp	.+18     	; 0x63e <get_three_u32+0x60>
     62c:	80 e0       	ldi	r24, 0x00	; 0
     62e:	07 c0       	rjmp	.+14     	; 0x63e <get_three_u32+0x60>
     630:	80 e0       	ldi	r24, 0x00	; 0
     632:	05 c0       	rjmp	.+10     	; 0x63e <get_three_u32+0x60>
     634:	80 e0       	ldi	r24, 0x00	; 0
     636:	03 c0       	rjmp	.+6      	; 0x63e <get_three_u32+0x60>
     638:	80 e0       	ldi	r24, 0x00	; 0
     63a:	01 c0       	rjmp	.+2      	; 0x63e <get_three_u32+0x60>
     63c:	80 e0       	ldi	r24, 0x00	; 0
}
     63e:	df 91       	pop	r29
     640:	cf 91       	pop	r28
     642:	1f 91       	pop	r17
     644:	0f 91       	pop	r16
     646:	ff 90       	pop	r15
     648:	ef 90       	pop	r14
     64a:	df 90       	pop	r13
     64c:	cf 90       	pop	r12
     64e:	08 95       	ret

00000650 <parse_i32>:
    uart0_print(reason);
    uart0_print("\r\n");
}

static uint8_t parse_i32(const char *text, int32_t *value)
{
     650:	ef 92       	push	r14
     652:	ff 92       	push	r15
     654:	0f 93       	push	r16
     656:	1f 93       	push	r17
     658:	cf 93       	push	r28
     65a:	df 93       	push	r29
     65c:	00 d0       	rcall	.+0      	; 0x65e <parse_i32+0xe>
     65e:	cd b7       	in	r28, 0x3d	; 61
     660:	de b7       	in	r29, 0x3e	; 62
     662:	8c 01       	movw	r16, r24
     664:	7b 01       	movw	r14, r22
    char *end = 0;
     666:	1a 82       	std	Y+2, r1	; 0x02
     668:	19 82       	std	Y+1, r1	; 0x01
    long parsed = strtol(text, &end, 10);
     66a:	4a e0       	ldi	r20, 0x0A	; 10
     66c:	50 e0       	ldi	r21, 0x00	; 0
     66e:	be 01       	movw	r22, r28
     670:	6f 5f       	subi	r22, 0xFF	; 255
     672:	7f 4f       	sbci	r23, 0xFF	; 255
     674:	0e 94 79 13 	call	0x26f2	; 0x26f2 <strtol>
    if (text == end || *end != '\0') return 0U;
     678:	e9 81       	ldd	r30, Y+1	; 0x01
     67a:	fa 81       	ldd	r31, Y+2	; 0x02
     67c:	0e 17       	cp	r16, r30
     67e:	1f 07       	cpc	r17, r31
     680:	51 f0       	breq	.+20     	; 0x696 <parse_i32+0x46>
     682:	20 81       	ld	r18, Z
     684:	21 11       	cpse	r18, r1
     686:	09 c0       	rjmp	.+18     	; 0x69a <parse_i32+0x4a>
    *value = (int32_t)parsed;
     688:	f7 01       	movw	r30, r14
     68a:	60 83       	st	Z, r22
     68c:	71 83       	std	Z+1, r23	; 0x01
     68e:	82 83       	std	Z+2, r24	; 0x02
     690:	93 83       	std	Z+3, r25	; 0x03
    return 1U;
     692:	81 e0       	ldi	r24, 0x01	; 1
     694:	03 c0       	rjmp	.+6      	; 0x69c <parse_i32+0x4c>

static uint8_t parse_i32(const char *text, int32_t *value)
{
    char *end = 0;
    long parsed = strtol(text, &end, 10);
    if (text == end || *end != '\0') return 0U;
     696:	80 e0       	ldi	r24, 0x00	; 0
     698:	01 c0       	rjmp	.+2      	; 0x69c <parse_i32+0x4c>
     69a:	80 e0       	ldi	r24, 0x00	; 0
    *value = (int32_t)parsed;
    return 1U;
}
     69c:	0f 90       	pop	r0
     69e:	0f 90       	pop	r0
     6a0:	df 91       	pop	r29
     6a2:	cf 91       	pop	r28
     6a4:	1f 91       	pop	r17
     6a6:	0f 91       	pop	r16
     6a8:	ff 90       	pop	r15
     6aa:	ef 90       	pop	r14
     6ac:	08 95       	ret

000006ae <get_three_i32>:
    uart0_print("\r\n");
}

static uint8_t get_three_i32(char *a, char *b, char *c,
                             int32_t *va, int32_t *vb, int32_t *vc)
{
     6ae:	cf 92       	push	r12
     6b0:	df 92       	push	r13
     6b2:	ef 92       	push	r14
     6b4:	ff 92       	push	r15
     6b6:	0f 93       	push	r16
     6b8:	1f 93       	push	r17
     6ba:	cf 93       	push	r28
     6bc:	df 93       	push	r29
    return a && b && c &&
           parse_i32(a, va) && parse_i32(b, vb) && parse_i32(c, vc);
     6be:	00 97       	sbiw	r24, 0x00	; 0
     6c0:	d9 f0       	breq	.+54     	; 0x6f8 <get_three_i32+0x4a>
}

static uint8_t get_three_i32(char *a, char *b, char *c,
                             int32_t *va, int32_t *vb, int32_t *vc)
{
    return a && b && c &&
     6c2:	61 15       	cp	r22, r1
     6c4:	71 05       	cpc	r23, r1
     6c6:	d1 f0       	breq	.+52     	; 0x6fc <get_three_i32+0x4e>
     6c8:	41 15       	cp	r20, r1
     6ca:	51 05       	cpc	r21, r1
     6cc:	c9 f0       	breq	.+50     	; 0x700 <get_three_i32+0x52>
     6ce:	6a 01       	movw	r12, r20
     6d0:	eb 01       	movw	r28, r22
           parse_i32(a, va) && parse_i32(b, vb) && parse_i32(c, vc);
     6d2:	b9 01       	movw	r22, r18
     6d4:	0e 94 28 03 	call	0x650	; 0x650 <parse_i32>
}

static uint8_t get_three_i32(char *a, char *b, char *c,
                             int32_t *va, int32_t *vb, int32_t *vc)
{
    return a && b && c &&
     6d8:	88 23       	and	r24, r24
     6da:	a1 f0       	breq	.+40     	; 0x704 <get_three_i32+0x56>
           parse_i32(a, va) && parse_i32(b, vb) && parse_i32(c, vc);
     6dc:	b8 01       	movw	r22, r16
     6de:	ce 01       	movw	r24, r28
     6e0:	0e 94 28 03 	call	0x650	; 0x650 <parse_i32>
     6e4:	88 23       	and	r24, r24
     6e6:	81 f0       	breq	.+32     	; 0x708 <get_three_i32+0x5a>
     6e8:	b7 01       	movw	r22, r14
     6ea:	c6 01       	movw	r24, r12
     6ec:	0e 94 28 03 	call	0x650	; 0x650 <parse_i32>
     6f0:	88 23       	and	r24, r24
     6f2:	61 f0       	breq	.+24     	; 0x70c <get_three_i32+0x5e>
     6f4:	81 e0       	ldi	r24, 0x01	; 1
     6f6:	0b c0       	rjmp	.+22     	; 0x70e <get_three_i32+0x60>
     6f8:	80 e0       	ldi	r24, 0x00	; 0
     6fa:	09 c0       	rjmp	.+18     	; 0x70e <get_three_i32+0x60>
     6fc:	80 e0       	ldi	r24, 0x00	; 0
     6fe:	07 c0       	rjmp	.+14     	; 0x70e <get_three_i32+0x60>
     700:	80 e0       	ldi	r24, 0x00	; 0
     702:	05 c0       	rjmp	.+10     	; 0x70e <get_three_i32+0x60>
     704:	80 e0       	ldi	r24, 0x00	; 0
     706:	03 c0       	rjmp	.+6      	; 0x70e <get_three_i32+0x60>
     708:	80 e0       	ldi	r24, 0x00	; 0
     70a:	01 c0       	rjmp	.+2      	; 0x70e <get_three_i32+0x60>
     70c:	80 e0       	ldi	r24, 0x00	; 0
}
     70e:	df 91       	pop	r29
     710:	cf 91       	pop	r28
     712:	1f 91       	pop	r17
     714:	0f 91       	pop	r16
     716:	ff 90       	pop	r15
     718:	ef 90       	pop	r14
     71a:	df 90       	pop	r13
     71c:	cf 90       	pop	r12
     71e:	08 95       	ret

00000720 <print_calibration>:
    return 1U;
}

static void print_calibration(const calibration_record_t *cal,
                              calibration_status_t status)
{
     720:	1f 93       	push	r17
     722:	cf 93       	push	r28
     724:	df 93       	push	r29
     726:	ec 01       	movw	r28, r24
     728:	16 2f       	mov	r17, r22
    uart0_print("$ND280CAL,STATE=");
     72a:	8e e3       	ldi	r24, 0x3E	; 62
     72c:	91 e0       	ldi	r25, 0x01	; 1
     72e:	0e 94 3e 10 	call	0x207c	; 0x207c <uart0_print>
    uart0_print(status_text(status));
     732:	81 2f       	mov	r24, r17
     734:	0e 94 3e 02 	call	0x47c	; 0x47c <status_text>
     738:	0e 94 3e 10 	call	0x207c	; 0x207c <uart0_print>
    uart0_print(",VER=");
     73c:	84 ea       	ldi	r24, 0xA4	; 164
     73e:	96 e0       	ldi	r25, 0x06	; 6
     740:	0e 94 3e 10 	call	0x207c	; 0x207c <uart0_print>
    uart0_print_uint16(cal->version);
     744:	8c 81       	ldd	r24, Y+4	; 0x04
     746:	9d 81       	ldd	r25, Y+5	; 0x05
     748:	0e 94 60 10 	call	0x20c0	; 0x20c0 <uart0_print_uint16>
    uart0_print(",COUNT=");
     74c:	8f e4       	ldi	r24, 0x4F	; 79
     74e:	91 e0       	ldi	r25, 0x01	; 1
     750:	0e 94 3e 10 	call	0x207c	; 0x207c <uart0_print>
    uart0_print_uint32(cal->calibration_counter);
     754:	68 a9       	ldd	r22, Y+48	; 0x30
     756:	79 a9       	ldd	r23, Y+49	; 0x31
     758:	8a a9       	ldd	r24, Y+50	; 0x32
     75a:	9b a9       	ldd	r25, Y+51	; 0x33
     75c:	0e 94 b7 10 	call	0x216e	; 0x216e <uart0_print_uint32>
    uart0_print(",OX=");
     760:	87 e5       	ldi	r24, 0x57	; 87
     762:	91 e0       	ldi	r25, 0x01	; 1
     764:	0e 94 3e 10 	call	0x207c	; 0x207c <uart0_print>
    uart0_print_int32(cal->offset_x_x100);
     768:	68 85       	ldd	r22, Y+8	; 0x08
     76a:	79 85       	ldd	r23, Y+9	; 0x09
     76c:	8a 85       	ldd	r24, Y+10	; 0x0a
     76e:	9b 85       	ldd	r25, Y+11	; 0x0b
     770:	0e 94 fc 10 	call	0x21f8	; 0x21f8 <uart0_print_int32>
    uart0_print(",OY=");
     774:	8c e5       	ldi	r24, 0x5C	; 92
     776:	91 e0       	ldi	r25, 0x01	; 1
     778:	0e 94 3e 10 	call	0x207c	; 0x207c <uart0_print>
    uart0_print_int32(cal->offset_y_x100);
     77c:	6c 85       	ldd	r22, Y+12	; 0x0c
     77e:	7d 85       	ldd	r23, Y+13	; 0x0d
     780:	8e 85       	ldd	r24, Y+14	; 0x0e
     782:	9f 85       	ldd	r25, Y+15	; 0x0f
     784:	0e 94 fc 10 	call	0x21f8	; 0x21f8 <uart0_print_int32>
    uart0_print(",OZ=");
     788:	81 e6       	ldi	r24, 0x61	; 97
     78a:	91 e0       	ldi	r25, 0x01	; 1
     78c:	0e 94 3e 10 	call	0x207c	; 0x207c <uart0_print>
    uart0_print_int32(cal->offset_z_x100);
     790:	68 89       	ldd	r22, Y+16	; 0x10
     792:	79 89       	ldd	r23, Y+17	; 0x11
     794:	8a 89       	ldd	r24, Y+18	; 0x12
     796:	9b 89       	ldd	r25, Y+19	; 0x13
     798:	0e 94 fc 10 	call	0x21f8	; 0x21f8 <uart0_print_int32>
    uart0_print(",GX=");
     79c:	86 e6       	ldi	r24, 0x66	; 102
     79e:	91 e0       	ldi	r25, 0x01	; 1
     7a0:	0e 94 3e 10 	call	0x207c	; 0x207c <uart0_print>
    uart0_print_int32(cal->gain_x_ppm);
     7a4:	6c 89       	ldd	r22, Y+20	; 0x14
     7a6:	7d 89       	ldd	r23, Y+21	; 0x15
     7a8:	8e 89       	ldd	r24, Y+22	; 0x16
     7aa:	9f 89       	ldd	r25, Y+23	; 0x17
     7ac:	0e 94 fc 10 	call	0x21f8	; 0x21f8 <uart0_print_int32>
    uart0_print(",GY=");
     7b0:	8b e6       	ldi	r24, 0x6B	; 107
     7b2:	91 e0       	ldi	r25, 0x01	; 1
     7b4:	0e 94 3e 10 	call	0x207c	; 0x207c <uart0_print>
    uart0_print_int32(cal->gain_y_ppm);
     7b8:	68 8d       	ldd	r22, Y+24	; 0x18
     7ba:	79 8d       	ldd	r23, Y+25	; 0x19
     7bc:	8a 8d       	ldd	r24, Y+26	; 0x1a
     7be:	9b 8d       	ldd	r25, Y+27	; 0x1b
     7c0:	0e 94 fc 10 	call	0x21f8	; 0x21f8 <uart0_print_int32>
    uart0_print(",GZ=");
     7c4:	80 e7       	ldi	r24, 0x70	; 112
     7c6:	91 e0       	ldi	r25, 0x01	; 1
     7c8:	0e 94 3e 10 	call	0x207c	; 0x207c <uart0_print>
    uart0_print_int32(cal->gain_z_ppm);
     7cc:	6c 8d       	ldd	r22, Y+28	; 0x1c
     7ce:	7d 8d       	ldd	r23, Y+29	; 0x1d
     7d0:	8e 8d       	ldd	r24, Y+30	; 0x1e
     7d2:	9f 8d       	ldd	r25, Y+31	; 0x1f
     7d4:	0e 94 fc 10 	call	0x21f8	; 0x21f8 <uart0_print_int32>
    uart0_print(",NX=");
     7d8:	85 e7       	ldi	r24, 0x75	; 117
     7da:	91 e0       	ldi	r25, 0x01	; 1
     7dc:	0e 94 3e 10 	call	0x207c	; 0x207c <uart0_print>
    uart0_print_uint32(cal->noise_sigma_x_x10000);
     7e0:	68 a1       	ldd	r22, Y+32	; 0x20
     7e2:	79 a1       	ldd	r23, Y+33	; 0x21
     7e4:	8a a1       	ldd	r24, Y+34	; 0x22
     7e6:	9b a1       	ldd	r25, Y+35	; 0x23
     7e8:	0e 94 b7 10 	call	0x216e	; 0x216e <uart0_print_uint32>
    uart0_print(",NY=");
     7ec:	8a e7       	ldi	r24, 0x7A	; 122
     7ee:	91 e0       	ldi	r25, 0x01	; 1
     7f0:	0e 94 3e 10 	call	0x207c	; 0x207c <uart0_print>
    uart0_print_uint32(cal->noise_sigma_y_x10000);
     7f4:	6c a1       	ldd	r22, Y+36	; 0x24
     7f6:	7d a1       	ldd	r23, Y+37	; 0x25
     7f8:	8e a1       	ldd	r24, Y+38	; 0x26
     7fa:	9f a1       	ldd	r25, Y+39	; 0x27
     7fc:	0e 94 b7 10 	call	0x216e	; 0x216e <uart0_print_uint32>
    uart0_print(",NZ=");
     800:	8f e7       	ldi	r24, 0x7F	; 127
     802:	91 e0       	ldi	r25, 0x01	; 1
     804:	0e 94 3e 10 	call	0x207c	; 0x207c <uart0_print>
    uart0_print_uint32(cal->noise_sigma_z_x10000);
     808:	68 a5       	ldd	r22, Y+40	; 0x28
     80a:	79 a5       	ldd	r23, Y+41	; 0x29
     80c:	8a a5       	ldd	r24, Y+42	; 0x2a
     80e:	9b a5       	ldd	r25, Y+43	; 0x2b
     810:	0e 94 b7 10 	call	0x216e	; 0x216e <uart0_print_uint32>
    uart0_print(",TCAL=");
     814:	84 e8       	ldi	r24, 0x84	; 132
     816:	91 e0       	ldi	r25, 0x01	; 1
     818:	0e 94 3e 10 	call	0x207c	; 0x207c <uart0_print>
    uart0_print_int32(cal->calibration_temperature_x100);
     81c:	6c a5       	ldd	r22, Y+44	; 0x2c
     81e:	7d a5       	ldd	r23, Y+45	; 0x2d
     820:	8e a5       	ldd	r24, Y+46	; 0x2e
     822:	9f a5       	ldd	r25, Y+47	; 0x2f
     824:	0e 94 fc 10 	call	0x21f8	; 0x21f8 <uart0_print_int32>
    uart0_print("\r\n");
     828:	88 e0       	ldi	r24, 0x08	; 8
     82a:	97 e0       	ldi	r25, 0x07	; 7
     82c:	0e 94 3e 10 	call	0x207c	; 0x207c <uart0_print>
}
     830:	df 91       	pop	r29
     832:	cf 91       	pop	r28
     834:	1f 91       	pop	r17
     836:	08 95       	ret

00000838 <process_command>:

static void process_command(char *line,
                            calibration_record_t *cal,
                            calibration_status_t *status,
                            uint8_t node_id)
{
     838:	6f 92       	push	r6
     83a:	7f 92       	push	r7
     83c:	8f 92       	push	r8
     83e:	9f 92       	push	r9
     840:	af 92       	push	r10
     842:	bf 92       	push	r11
     844:	cf 92       	push	r12
     846:	df 92       	push	r13
     848:	ef 92       	push	r14
     84a:	ff 92       	push	r15
     84c:	0f 93       	push	r16
     84e:	1f 93       	push	r17
     850:	cf 93       	push	r28
     852:	df 93       	push	r29
     854:	cd b7       	in	r28, 0x3d	; 61
     856:	de b7       	in	r29, 0x3e	; 62
     858:	2c 97       	sbiw	r28, 0x0c	; 12
     85a:	0f b6       	in	r0, 0x3f	; 63
     85c:	f8 94       	cli
     85e:	de bf       	out	0x3e, r29	; 62
     860:	0f be       	out	0x3f, r0	; 63
     862:	cd bf       	out	0x3d, r28	; 61
     864:	5b 01       	movw	r10, r22
     866:	6a 01       	movw	r12, r20
     868:	f2 2e       	mov	r15, r18
    char *command = strtok(line, " ");
     86a:	6b e8       	ldi	r22, 0x8B	; 139
     86c:	71 e0       	ldi	r23, 0x01	; 1
     86e:	0e 94 8d 15 	call	0x2b1a	; 0x2b1a <strtok>
     872:	8c 01       	movw	r16, r24
    if (!command) return;
     874:	00 97       	sbiw	r24, 0x00	; 0
     876:	09 f4       	brne	.+2      	; 0x87a <process_command+0x42>
     878:	f9 c1       	rjmp	.+1010   	; 0xc6c <__stack+0x36d>

    if (strcmp(command, "HELP") == 0) {
     87a:	6d e8       	ldi	r22, 0x8D	; 141
     87c:	71 e0       	ldi	r23, 0x01	; 1
     87e:	0e 94 a6 15 	call	0x2b4c	; 0x2b4c <strcmp>
     882:	89 2b       	or	r24, r25
     884:	29 f4       	brne	.+10     	; 0x890 <process_command+0x58>
        uart0_print("$ND280RSP,COMMANDS=HELP|INFO|IDENTITY|DIAG|DIAG WDT TEST|CAL READ|CAL OFFSET x y z|CAL GAIN x y z|CAL NOISE x y z|CAL TEMP t|CAL SAVE|CAL RESET\r\n");
     886:	82 e9       	ldi	r24, 0x92	; 146
     888:	91 e0       	ldi	r25, 0x01	; 1
     88a:	0e 94 3e 10 	call	0x207c	; 0x207c <uart0_print>
        return;
     88e:	ee c1       	rjmp	.+988    	; 0xc6c <__stack+0x36d>
    }

    if (strcmp(command, "INFO") == 0 || strcmp(command, "IDENTITY") == 0) {
     890:	64 e2       	ldi	r22, 0x24	; 36
     892:	72 e0       	ldi	r23, 0x02	; 2
     894:	c8 01       	movw	r24, r16
     896:	0e 94 a6 15 	call	0x2b4c	; 0x2b4c <strcmp>
     89a:	89 2b       	or	r24, r25
     89c:	39 f0       	breq	.+14     	; 0x8ac <process_command+0x74>
     89e:	69 e2       	ldi	r22, 0x29	; 41
     8a0:	72 e0       	ldi	r23, 0x02	; 2
     8a2:	c8 01       	movw	r24, r16
     8a4:	0e 94 a6 15 	call	0x2b4c	; 0x2b4c <strcmp>
     8a8:	89 2b       	or	r24, r25
     8aa:	31 f4       	brne	.+12     	; 0x8b8 <process_command+0x80>
        node_identity_print_info(node_id, *status);
     8ac:	f6 01       	movw	r30, r12
     8ae:	60 81       	ld	r22, Z
     8b0:	8f 2d       	mov	r24, r15
     8b2:	0e 94 df 0a 	call	0x15be	; 0x15be <node_identity_print_info>
        return;
     8b6:	da c1       	rjmp	.+948    	; 0xc6c <__stack+0x36d>
    }

    if (strcmp(command, "DIAG") == 0) {
     8b8:	62 e3       	ldi	r22, 0x32	; 50
     8ba:	72 e0       	ldi	r23, 0x02	; 2
     8bc:	c8 01       	movw	r24, r16
     8be:	0e 94 a6 15 	call	0x2b4c	; 0x2b4c <strcmp>
     8c2:	89 2b       	or	r24, r25
     8c4:	69 f5       	brne	.+90     	; 0x920 <__stack+0x21>
        char *diag_subcommand = strtok(0, " ");
     8c6:	6b e8       	ldi	r22, 0x8B	; 139
     8c8:	71 e0       	ldi	r23, 0x01	; 1
     8ca:	80 e0       	ldi	r24, 0x00	; 0
     8cc:	90 e0       	ldi	r25, 0x00	; 0
     8ce:	0e 94 8d 15 	call	0x2b1a	; 0x2b1a <strtok>
        if (diag_subcommand == 0) {
     8d2:	00 97       	sbiw	r24, 0x00	; 0
     8d4:	21 f4       	brne	.+8      	; 0x8de <process_command+0xa6>
            diagnostics_print_response(node_id);
     8d6:	8f 2d       	mov	r24, r15
     8d8:	0e 94 73 08 	call	0x10e6	; 0x10e6 <diagnostics_print_response>
            return;
     8dc:	c7 c1       	rjmp	.+910    	; 0xc6c <__stack+0x36d>
        }

        if (strcmp(diag_subcommand, "WDT") == 0) {
     8de:	67 e3       	ldi	r22, 0x37	; 55
     8e0:	72 e0       	ldi	r23, 0x02	; 2
     8e2:	0e 94 a6 15 	call	0x2b4c	; 0x2b4c <strcmp>
     8e6:	89 2b       	or	r24, r25
     8e8:	b1 f4       	brne	.+44     	; 0x916 <__stack+0x17>
            char *action = strtok(0, " ");
     8ea:	6b e8       	ldi	r22, 0x8B	; 139
     8ec:	71 e0       	ldi	r23, 0x01	; 1
     8ee:	80 e0       	ldi	r24, 0x00	; 0
     8f0:	90 e0       	ldi	r25, 0x00	; 0
     8f2:	0e 94 8d 15 	call	0x2b1a	; 0x2b1a <strtok>
            if (action != 0 && strcmp(action, "TEST") == 0) {
     8f6:	00 97       	sbiw	r24, 0x00	; 0
     8f8:	49 f0       	breq	.+18     	; 0x90c <__stack+0xd>
     8fa:	6b e3       	ldi	r22, 0x3B	; 59
     8fc:	72 e0       	ldi	r23, 0x02	; 2
     8fe:	0e 94 a6 15 	call	0x2b4c	; 0x2b4c <strcmp>
     902:	89 2b       	or	r24, r25
     904:	19 f4       	brne	.+6      	; 0x90c <__stack+0xd>
                watchdog_service_force_test_reset();
     906:	0e 94 d1 11 	call	0x23a2	; 0x23a2 <watchdog_service_force_test_reset>
                return;
     90a:	b0 c1       	rjmp	.+864    	; 0xc6c <__stack+0x36d>
            }
            response_error("BAD_DIAG_WDT_COMMAND");
     90c:	80 e4       	ldi	r24, 0x40	; 64
     90e:	92 e0       	ldi	r25, 0x02	; 2
     910:	0e 94 4b 02 	call	0x496	; 0x496 <response_error>
            return;
     914:	ab c1       	rjmp	.+854    	; 0xc6c <__stack+0x36d>
        }

        response_error("UNKNOWN_DIAG_SUBCOMMAND");
     916:	85 e5       	ldi	r24, 0x55	; 85
     918:	92 e0       	ldi	r25, 0x02	; 2
     91a:	0e 94 4b 02 	call	0x496	; 0x496 <response_error>
        return;
     91e:	a6 c1       	rjmp	.+844    	; 0xc6c <__stack+0x36d>
    }

    if (strcmp(command, "CAL") != 0) {
     920:	6d e6       	ldi	r22, 0x6D	; 109
     922:	72 e0       	ldi	r23, 0x02	; 2
     924:	c8 01       	movw	r24, r16
     926:	0e 94 a6 15 	call	0x2b4c	; 0x2b4c <strcmp>
     92a:	89 2b       	or	r24, r25
     92c:	29 f0       	breq	.+10     	; 0x938 <__stack+0x39>
        response_error("UNKNOWN_COMMAND");
     92e:	81 e7       	ldi	r24, 0x71	; 113
     930:	92 e0       	ldi	r25, 0x02	; 2
     932:	0e 94 4b 02 	call	0x496	; 0x496 <response_error>
        return;
     936:	9a c1       	rjmp	.+820    	; 0xc6c <__stack+0x36d>
    }

    char *subcommand = strtok(0, " ");
     938:	6b e8       	ldi	r22, 0x8B	; 139
     93a:	71 e0       	ldi	r23, 0x01	; 1
     93c:	80 e0       	ldi	r24, 0x00	; 0
     93e:	90 e0       	ldi	r25, 0x00	; 0
     940:	0e 94 8d 15 	call	0x2b1a	; 0x2b1a <strtok>
     944:	8c 01       	movw	r16, r24
    if (!subcommand) {
     946:	00 97       	sbiw	r24, 0x00	; 0
     948:	29 f4       	brne	.+10     	; 0x954 <__stack+0x55>
        response_error("MISSING_CAL_SUBCOMMAND");
     94a:	81 e8       	ldi	r24, 0x81	; 129
     94c:	92 e0       	ldi	r25, 0x02	; 2
     94e:	0e 94 4b 02 	call	0x496	; 0x496 <response_error>
        return;
     952:	8c c1       	rjmp	.+792    	; 0xc6c <__stack+0x36d>
    }

    if (strcmp(subcommand, "READ") == 0) {
     954:	6e e2       	ldi	r22, 0x2E	; 46
     956:	74 e0       	ldi	r23, 0x04	; 4
     958:	0e 94 a6 15 	call	0x2b4c	; 0x2b4c <strcmp>
     95c:	89 2b       	or	r24, r25
     95e:	31 f4       	brne	.+12     	; 0x96c <__stack+0x6d>
        print_calibration(cal, *status);
     960:	f6 01       	movw	r30, r12
     962:	60 81       	ld	r22, Z
     964:	c5 01       	movw	r24, r10
     966:	0e 94 90 03 	call	0x720	; 0x720 <print_calibration>
        return;
     96a:	80 c1       	rjmp	.+768    	; 0xc6c <__stack+0x36d>
    }

    if (strcmp(subcommand, "OFFSET") == 0) {
     96c:	61 eb       	ldi	r22, 0xB1	; 177
     96e:	72 e0       	ldi	r23, 0x02	; 2
     970:	c8 01       	movw	r24, r16
     972:	0e 94 a6 15 	call	0x2b4c	; 0x2b4c <strcmp>
     976:	89 2b       	or	r24, r25
     978:	09 f0       	breq	.+2      	; 0x97c <__stack+0x7d>
     97a:	49 c0       	rjmp	.+146    	; 0xa0e <__stack+0x10f>
        int32_t x, y, z;
        if (!get_three_i32(strtok(0, " "), strtok(0, " "), strtok(0, " "), &x, &y, &z)) {
     97c:	6b e8       	ldi	r22, 0x8B	; 139
     97e:	71 e0       	ldi	r23, 0x01	; 1
     980:	80 e0       	ldi	r24, 0x00	; 0
     982:	90 e0       	ldi	r25, 0x00	; 0
     984:	0e 94 8d 15 	call	0x2b1a	; 0x2b1a <strtok>
     988:	3c 01       	movw	r6, r24
     98a:	6b e8       	ldi	r22, 0x8B	; 139
     98c:	71 e0       	ldi	r23, 0x01	; 1
     98e:	80 e0       	ldi	r24, 0x00	; 0
     990:	90 e0       	ldi	r25, 0x00	; 0
     992:	0e 94 8d 15 	call	0x2b1a	; 0x2b1a <strtok>
     996:	4c 01       	movw	r8, r24
     998:	6b e8       	ldi	r22, 0x8B	; 139
     99a:	71 e0       	ldi	r23, 0x01	; 1
     99c:	80 e0       	ldi	r24, 0x00	; 0
     99e:	90 e0       	ldi	r25, 0x00	; 0
     9a0:	0e 94 8d 15 	call	0x2b1a	; 0x2b1a <strtok>
     9a4:	9e 01       	movw	r18, r28
     9a6:	2f 5f       	subi	r18, 0xFF	; 255
     9a8:	3f 4f       	sbci	r19, 0xFF	; 255
     9aa:	79 01       	movw	r14, r18
     9ac:	8e 01       	movw	r16, r28
     9ae:	0b 5f       	subi	r16, 0xFB	; 251
     9b0:	1f 4f       	sbci	r17, 0xFF	; 255
     9b2:	28 5f       	subi	r18, 0xF8	; 248
     9b4:	3f 4f       	sbci	r19, 0xFF	; 255
     9b6:	a3 01       	movw	r20, r6
     9b8:	b4 01       	movw	r22, r8
     9ba:	0e 94 57 03 	call	0x6ae	; 0x6ae <get_three_i32>
     9be:	81 11       	cpse	r24, r1
     9c0:	05 c0       	rjmp	.+10     	; 0x9cc <__stack+0xcd>
            response_error("BAD_OFFSET_ARGUMENTS");
     9c2:	88 e9       	ldi	r24, 0x98	; 152
     9c4:	92 e0       	ldi	r25, 0x02	; 2
     9c6:	0e 94 4b 02 	call	0x496	; 0x496 <response_error>
            return;
     9ca:	50 c1       	rjmp	.+672    	; 0xc6c <__stack+0x36d>
        }
        cal->offset_x_x100 = x;
     9cc:	89 85       	ldd	r24, Y+9	; 0x09
     9ce:	9a 85       	ldd	r25, Y+10	; 0x0a
     9d0:	ab 85       	ldd	r26, Y+11	; 0x0b
     9d2:	bc 85       	ldd	r27, Y+12	; 0x0c
     9d4:	f5 01       	movw	r30, r10
     9d6:	80 87       	std	Z+8, r24	; 0x08
     9d8:	91 87       	std	Z+9, r25	; 0x09
     9da:	a2 87       	std	Z+10, r26	; 0x0a
     9dc:	b3 87       	std	Z+11, r27	; 0x0b
        cal->offset_y_x100 = y;
     9de:	8d 81       	ldd	r24, Y+5	; 0x05
     9e0:	9e 81       	ldd	r25, Y+6	; 0x06
     9e2:	af 81       	ldd	r26, Y+7	; 0x07
     9e4:	b8 85       	ldd	r27, Y+8	; 0x08
     9e6:	84 87       	std	Z+12, r24	; 0x0c
     9e8:	95 87       	std	Z+13, r25	; 0x0d
     9ea:	a6 87       	std	Z+14, r26	; 0x0e
     9ec:	b7 87       	std	Z+15, r27	; 0x0f
        cal->offset_z_x100 = z;
     9ee:	89 81       	ldd	r24, Y+1	; 0x01
     9f0:	9a 81       	ldd	r25, Y+2	; 0x02
     9f2:	ab 81       	ldd	r26, Y+3	; 0x03
     9f4:	bc 81       	ldd	r27, Y+4	; 0x04
     9f6:	80 8b       	std	Z+16, r24	; 0x10
     9f8:	91 8b       	std	Z+17, r25	; 0x11
     9fa:	a2 8b       	std	Z+18, r26	; 0x12
     9fc:	b3 8b       	std	Z+19, r27	; 0x13
        *status = CALIBRATION_STATUS_DIRTY;
     9fe:	82 e0       	ldi	r24, 0x02	; 2
     a00:	f6 01       	movw	r30, r12
     a02:	80 83       	st	Z, r24
        response_ok("CAL_OFFSET");
     a04:	8d ea       	ldi	r24, 0xAD	; 173
     a06:	92 e0       	ldi	r25, 0x02	; 2
     a08:	0e 94 5c 02 	call	0x4b8	; 0x4b8 <response_ok>
        return;
     a0c:	2f c1       	rjmp	.+606    	; 0xc6c <__stack+0x36d>
    }

    if (strcmp(subcommand, "GAIN") == 0) {
     a0e:	6f ec       	ldi	r22, 0xCF	; 207
     a10:	72 e0       	ldi	r23, 0x02	; 2
     a12:	c8 01       	movw	r24, r16
     a14:	0e 94 a6 15 	call	0x2b4c	; 0x2b4c <strcmp>
     a18:	89 2b       	or	r24, r25
     a1a:	09 f0       	breq	.+2      	; 0xa1e <__stack+0x11f>
     a1c:	58 c0       	rjmp	.+176    	; 0xace <__stack+0x1cf>
        int32_t x, y, z;
        if (!get_three_i32(strtok(0, " "), strtok(0, " "), strtok(0, " "), &x, &y, &z) ||
     a1e:	6b e8       	ldi	r22, 0x8B	; 139
     a20:	71 e0       	ldi	r23, 0x01	; 1
     a22:	80 e0       	ldi	r24, 0x00	; 0
     a24:	90 e0       	ldi	r25, 0x00	; 0
     a26:	0e 94 8d 15 	call	0x2b1a	; 0x2b1a <strtok>
     a2a:	3c 01       	movw	r6, r24
     a2c:	6b e8       	ldi	r22, 0x8B	; 139
     a2e:	71 e0       	ldi	r23, 0x01	; 1
     a30:	80 e0       	ldi	r24, 0x00	; 0
     a32:	90 e0       	ldi	r25, 0x00	; 0
     a34:	0e 94 8d 15 	call	0x2b1a	; 0x2b1a <strtok>
     a38:	4c 01       	movw	r8, r24
     a3a:	6b e8       	ldi	r22, 0x8B	; 139
     a3c:	71 e0       	ldi	r23, 0x01	; 1
     a3e:	80 e0       	ldi	r24, 0x00	; 0
     a40:	90 e0       	ldi	r25, 0x00	; 0
     a42:	0e 94 8d 15 	call	0x2b1a	; 0x2b1a <strtok>
     a46:	9e 01       	movw	r18, r28
     a48:	2f 5f       	subi	r18, 0xFF	; 255
     a4a:	3f 4f       	sbci	r19, 0xFF	; 255
     a4c:	79 01       	movw	r14, r18
     a4e:	8e 01       	movw	r16, r28
     a50:	0b 5f       	subi	r16, 0xFB	; 251
     a52:	1f 4f       	sbci	r17, 0xFF	; 255
     a54:	28 5f       	subi	r18, 0xF8	; 248
     a56:	3f 4f       	sbci	r19, 0xFF	; 255
     a58:	a3 01       	movw	r20, r6
     a5a:	b4 01       	movw	r22, r8
     a5c:	0e 94 57 03 	call	0x6ae	; 0x6ae <get_three_i32>
     a60:	88 23       	and	r24, r24
     a62:	d9 f0       	breq	.+54     	; 0xa9a <__stack+0x19b>
            x <= 0L || y <= 0L || z <= 0L) {
     a64:	89 85       	ldd	r24, Y+9	; 0x09
     a66:	9a 85       	ldd	r25, Y+10	; 0x0a
     a68:	ab 85       	ldd	r26, Y+11	; 0x0b
     a6a:	bc 85       	ldd	r27, Y+12	; 0x0c
        return;
    }

    if (strcmp(subcommand, "GAIN") == 0) {
        int32_t x, y, z;
        if (!get_three_i32(strtok(0, " "), strtok(0, " "), strtok(0, " "), &x, &y, &z) ||
     a6c:	18 16       	cp	r1, r24
     a6e:	19 06       	cpc	r1, r25
     a70:	1a 06       	cpc	r1, r26
     a72:	1b 06       	cpc	r1, r27
     a74:	94 f4       	brge	.+36     	; 0xa9a <__stack+0x19b>
            x <= 0L || y <= 0L || z <= 0L) {
     a76:	4d 81       	ldd	r20, Y+5	; 0x05
     a78:	5e 81       	ldd	r21, Y+6	; 0x06
     a7a:	6f 81       	ldd	r22, Y+7	; 0x07
     a7c:	78 85       	ldd	r23, Y+8	; 0x08
     a7e:	14 16       	cp	r1, r20
     a80:	15 06       	cpc	r1, r21
     a82:	16 06       	cpc	r1, r22
     a84:	17 06       	cpc	r1, r23
     a86:	4c f4       	brge	.+18     	; 0xa9a <__stack+0x19b>
     a88:	09 81       	ldd	r16, Y+1	; 0x01
     a8a:	1a 81       	ldd	r17, Y+2	; 0x02
     a8c:	2b 81       	ldd	r18, Y+3	; 0x03
     a8e:	3c 81       	ldd	r19, Y+4	; 0x04
     a90:	10 16       	cp	r1, r16
     a92:	11 06       	cpc	r1, r17
     a94:	12 06       	cpc	r1, r18
     a96:	13 06       	cpc	r1, r19
     a98:	2c f0       	brlt	.+10     	; 0xaa4 <__stack+0x1a5>
            response_error("BAD_GAIN_ARGUMENTS");
     a9a:	88 eb       	ldi	r24, 0xB8	; 184
     a9c:	92 e0       	ldi	r25, 0x02	; 2
     a9e:	0e 94 4b 02 	call	0x496	; 0x496 <response_error>
            return;
     aa2:	e4 c0       	rjmp	.+456    	; 0xc6c <__stack+0x36d>
        }
        cal->gain_x_ppm = x;
     aa4:	f5 01       	movw	r30, r10
     aa6:	84 8b       	std	Z+20, r24	; 0x14
     aa8:	95 8b       	std	Z+21, r25	; 0x15
     aaa:	a6 8b       	std	Z+22, r26	; 0x16
     aac:	b7 8b       	std	Z+23, r27	; 0x17
        cal->gain_y_ppm = y;
     aae:	40 8f       	std	Z+24, r20	; 0x18
     ab0:	51 8f       	std	Z+25, r21	; 0x19
     ab2:	62 8f       	std	Z+26, r22	; 0x1a
     ab4:	73 8f       	std	Z+27, r23	; 0x1b
        cal->gain_z_ppm = z;
     ab6:	04 8f       	std	Z+28, r16	; 0x1c
     ab8:	15 8f       	std	Z+29, r17	; 0x1d
     aba:	26 8f       	std	Z+30, r18	; 0x1e
     abc:	37 8f       	std	Z+31, r19	; 0x1f
        *status = CALIBRATION_STATUS_DIRTY;
     abe:	82 e0       	ldi	r24, 0x02	; 2
     ac0:	f6 01       	movw	r30, r12
     ac2:	80 83       	st	Z, r24
        response_ok("CAL_GAIN");
     ac4:	8b ec       	ldi	r24, 0xCB	; 203
     ac6:	92 e0       	ldi	r25, 0x02	; 2
     ac8:	0e 94 5c 02 	call	0x4b8	; 0x4b8 <response_ok>
        return;
     acc:	cf c0       	rjmp	.+414    	; 0xc6c <__stack+0x36d>
    }

    if (strcmp(subcommand, "NOISE") == 0) {
     ace:	6c ee       	ldi	r22, 0xEC	; 236
     ad0:	72 e0       	ldi	r23, 0x02	; 2
     ad2:	c8 01       	movw	r24, r16
     ad4:	0e 94 a6 15 	call	0x2b4c	; 0x2b4c <strcmp>
     ad8:	89 2b       	or	r24, r25
     ada:	09 f0       	breq	.+2      	; 0xade <__stack+0x1df>
     adc:	49 c0       	rjmp	.+146    	; 0xb70 <__stack+0x271>
        uint32_t x, y, z;
        if (!get_three_u32(strtok(0, " "), strtok(0, " "), strtok(0, " "), &x, &y, &z)) {
     ade:	6b e8       	ldi	r22, 0x8B	; 139
     ae0:	71 e0       	ldi	r23, 0x01	; 1
     ae2:	80 e0       	ldi	r24, 0x00	; 0
     ae4:	90 e0       	ldi	r25, 0x00	; 0
     ae6:	0e 94 8d 15 	call	0x2b1a	; 0x2b1a <strtok>
     aea:	3c 01       	movw	r6, r24
     aec:	6b e8       	ldi	r22, 0x8B	; 139
     aee:	71 e0       	ldi	r23, 0x01	; 1
     af0:	80 e0       	ldi	r24, 0x00	; 0
     af2:	90 e0       	ldi	r25, 0x00	; 0
     af4:	0e 94 8d 15 	call	0x2b1a	; 0x2b1a <strtok>
     af8:	4c 01       	movw	r8, r24
     afa:	6b e8       	ldi	r22, 0x8B	; 139
     afc:	71 e0       	ldi	r23, 0x01	; 1
     afe:	80 e0       	ldi	r24, 0x00	; 0
     b00:	90 e0       	ldi	r25, 0x00	; 0
     b02:	0e 94 8d 15 	call	0x2b1a	; 0x2b1a <strtok>
     b06:	9e 01       	movw	r18, r28
     b08:	2f 5f       	subi	r18, 0xFF	; 255
     b0a:	3f 4f       	sbci	r19, 0xFF	; 255
     b0c:	79 01       	movw	r14, r18
     b0e:	8e 01       	movw	r16, r28
     b10:	0b 5f       	subi	r16, 0xFB	; 251
     b12:	1f 4f       	sbci	r17, 0xFF	; 255
     b14:	28 5f       	subi	r18, 0xF8	; 248
     b16:	3f 4f       	sbci	r19, 0xFF	; 255
     b18:	a3 01       	movw	r20, r6
     b1a:	b4 01       	movw	r22, r8
     b1c:	0e 94 ef 02 	call	0x5de	; 0x5de <get_three_u32>
     b20:	81 11       	cpse	r24, r1
     b22:	05 c0       	rjmp	.+10     	; 0xb2e <__stack+0x22f>
            response_error("BAD_NOISE_ARGUMENTS");
     b24:	84 ed       	ldi	r24, 0xD4	; 212
     b26:	92 e0       	ldi	r25, 0x02	; 2
     b28:	0e 94 4b 02 	call	0x496	; 0x496 <response_error>
            return;
     b2c:	9f c0       	rjmp	.+318    	; 0xc6c <__stack+0x36d>
        }
        cal->noise_sigma_x_x10000 = x;
     b2e:	89 85       	ldd	r24, Y+9	; 0x09
     b30:	9a 85       	ldd	r25, Y+10	; 0x0a
     b32:	ab 85       	ldd	r26, Y+11	; 0x0b
     b34:	bc 85       	ldd	r27, Y+12	; 0x0c
     b36:	f5 01       	movw	r30, r10
     b38:	80 a3       	std	Z+32, r24	; 0x20
     b3a:	91 a3       	std	Z+33, r25	; 0x21
     b3c:	a2 a3       	std	Z+34, r26	; 0x22
     b3e:	b3 a3       	std	Z+35, r27	; 0x23
        cal->noise_sigma_y_x10000 = y;
     b40:	8d 81       	ldd	r24, Y+5	; 0x05
     b42:	9e 81       	ldd	r25, Y+6	; 0x06
     b44:	af 81       	ldd	r26, Y+7	; 0x07
     b46:	b8 85       	ldd	r27, Y+8	; 0x08
     b48:	84 a3       	std	Z+36, r24	; 0x24
     b4a:	95 a3       	std	Z+37, r25	; 0x25
     b4c:	a6 a3       	std	Z+38, r26	; 0x26
     b4e:	b7 a3       	std	Z+39, r27	; 0x27
        cal->noise_sigma_z_x10000 = z;
     b50:	89 81       	ldd	r24, Y+1	; 0x01
     b52:	9a 81       	ldd	r25, Y+2	; 0x02
     b54:	ab 81       	ldd	r26, Y+3	; 0x03
     b56:	bc 81       	ldd	r27, Y+4	; 0x04
     b58:	80 a7       	std	Z+40, r24	; 0x28
     b5a:	91 a7       	std	Z+41, r25	; 0x29
     b5c:	a2 a7       	std	Z+42, r26	; 0x2a
     b5e:	b3 a7       	std	Z+43, r27	; 0x2b
        *status = CALIBRATION_STATUS_DIRTY;
     b60:	82 e0       	ldi	r24, 0x02	; 2
     b62:	f6 01       	movw	r30, r12
     b64:	80 83       	st	Z, r24
        response_ok("CAL_NOISE");
     b66:	88 ee       	ldi	r24, 0xE8	; 232
     b68:	92 e0       	ldi	r25, 0x02	; 2
     b6a:	0e 94 5c 02 	call	0x4b8	; 0x4b8 <response_ok>
        return;
     b6e:	7e c0       	rjmp	.+252    	; 0xc6c <__stack+0x36d>
    }

    if (strcmp(subcommand, "TEMP") == 0) {
     b70:	68 e0       	ldi	r22, 0x08	; 8
     b72:	73 e0       	ldi	r23, 0x03	; 3
     b74:	c8 01       	movw	r24, r16
     b76:	0e 94 a6 15 	call	0x2b4c	; 0x2b4c <strcmp>
     b7a:	89 2b       	or	r24, r25
     b7c:	29 f5       	brne	.+74     	; 0xbc8 <__stack+0x2c9>
        int32_t value;
        char *argument = strtok(0, " ");
     b7e:	6b e8       	ldi	r22, 0x8B	; 139
     b80:	71 e0       	ldi	r23, 0x01	; 1
     b82:	80 e0       	ldi	r24, 0x00	; 0
     b84:	90 e0       	ldi	r25, 0x00	; 0
     b86:	0e 94 8d 15 	call	0x2b1a	; 0x2b1a <strtok>
        if (!argument || !parse_i32(argument, &value)) {
     b8a:	00 97       	sbiw	r24, 0x00	; 0
     b8c:	39 f0       	breq	.+14     	; 0xb9c <__stack+0x29d>
     b8e:	be 01       	movw	r22, r28
     b90:	6f 5f       	subi	r22, 0xFF	; 255
     b92:	7f 4f       	sbci	r23, 0xFF	; 255
     b94:	0e 94 28 03 	call	0x650	; 0x650 <parse_i32>
     b98:	81 11       	cpse	r24, r1
     b9a:	05 c0       	rjmp	.+10     	; 0xba6 <__stack+0x2a7>
            response_error("BAD_TEMP_ARGUMENT");
     b9c:	82 ef       	ldi	r24, 0xF2	; 242
     b9e:	92 e0       	ldi	r25, 0x02	; 2
     ba0:	0e 94 4b 02 	call	0x496	; 0x496 <response_error>
            return;
     ba4:	63 c0       	rjmp	.+198    	; 0xc6c <__stack+0x36d>
        }
        cal->calibration_temperature_x100 = value;
     ba6:	89 81       	ldd	r24, Y+1	; 0x01
     ba8:	9a 81       	ldd	r25, Y+2	; 0x02
     baa:	ab 81       	ldd	r26, Y+3	; 0x03
     bac:	bc 81       	ldd	r27, Y+4	; 0x04
     bae:	f5 01       	movw	r30, r10
     bb0:	84 a7       	std	Z+44, r24	; 0x2c
     bb2:	95 a7       	std	Z+45, r25	; 0x2d
     bb4:	a6 a7       	std	Z+46, r26	; 0x2e
     bb6:	b7 a7       	std	Z+47, r27	; 0x2f
        *status = CALIBRATION_STATUS_DIRTY;
     bb8:	82 e0       	ldi	r24, 0x02	; 2
     bba:	f6 01       	movw	r30, r12
     bbc:	80 83       	st	Z, r24
        response_ok("CAL_TEMP");
     bbe:	84 e0       	ldi	r24, 0x04	; 4
     bc0:	93 e0       	ldi	r25, 0x03	; 3
     bc2:	0e 94 5c 02 	call	0x4b8	; 0x4b8 <response_ok>
        return;
     bc6:	52 c0       	rjmp	.+164    	; 0xc6c <__stack+0x36d>
    }

    if (strcmp(subcommand, "SAVE") == 0) {
     bc8:	61 e1       	ldi	r22, 0x11	; 17
     bca:	73 e0       	ldi	r23, 0x03	; 3
     bcc:	c8 01       	movw	r24, r16
     bce:	0e 94 a6 15 	call	0x2b4c	; 0x2b4c <strcmp>
     bd2:	89 2b       	or	r24, r25
     bd4:	79 f5       	brne	.+94     	; 0xc34 <__stack+0x335>
        cal->calibration_counter++;
     bd6:	f5 01       	movw	r30, r10
     bd8:	80 a9       	ldd	r24, Z+48	; 0x30
     bda:	91 a9       	ldd	r25, Z+49	; 0x31
     bdc:	a2 a9       	ldd	r26, Z+50	; 0x32
     bde:	b3 a9       	ldd	r27, Z+51	; 0x33
     be0:	01 96       	adiw	r24, 0x01	; 1
     be2:	a1 1d       	adc	r26, r1
     be4:	b1 1d       	adc	r27, r1
     be6:	80 ab       	std	Z+48, r24	; 0x30
     be8:	91 ab       	std	Z+49, r25	; 0x31
     bea:	a2 ab       	std	Z+50, r26	; 0x32
     bec:	b3 ab       	std	Z+51, r27	; 0x33
        if (calibration_save(cal)) {
     bee:	c5 01       	movw	r24, r10
     bf0:	0e 94 7c 01 	call	0x2f8	; 0x2f8 <calibration_save>
     bf4:	88 23       	and	r24, r24
     bf6:	69 f0       	breq	.+26     	; 0xc12 <__stack+0x313>
            *status = CALIBRATION_STATUS_VALID;
     bf8:	81 e0       	ldi	r24, 0x01	; 1
     bfa:	f6 01       	movw	r30, r12
     bfc:	80 83       	st	Z, r24
            response_ok("CAL_SAVE");
     bfe:	8d e0       	ldi	r24, 0x0D	; 13
     c00:	93 e0       	ldi	r25, 0x03	; 3
     c02:	0e 94 5c 02 	call	0x4b8	; 0x4b8 <response_ok>
            print_calibration(cal, *status);
     c06:	f6 01       	movw	r30, r12
     c08:	60 81       	ld	r22, Z
     c0a:	c5 01       	movw	r24, r10
     c0c:	0e 94 90 03 	call	0x720	; 0x720 <print_calibration>
     c10:	2d c0       	rjmp	.+90     	; 0xc6c <__stack+0x36d>
        } else {
            cal->calibration_counter--;
     c12:	f5 01       	movw	r30, r10
     c14:	80 a9       	ldd	r24, Z+48	; 0x30
     c16:	91 a9       	ldd	r25, Z+49	; 0x31
     c18:	a2 a9       	ldd	r26, Z+50	; 0x32
     c1a:	b3 a9       	ldd	r27, Z+51	; 0x33
     c1c:	01 97       	sbiw	r24, 0x01	; 1
     c1e:	a1 09       	sbc	r26, r1
     c20:	b1 09       	sbc	r27, r1
     c22:	80 ab       	std	Z+48, r24	; 0x30
     c24:	91 ab       	std	Z+49, r25	; 0x31
     c26:	a2 ab       	std	Z+50, r26	; 0x32
     c28:	b3 ab       	std	Z+51, r27	; 0x33
            response_error("EEPROM_VERIFY_FAILED");
     c2a:	86 e1       	ldi	r24, 0x16	; 22
     c2c:	93 e0       	ldi	r25, 0x03	; 3
     c2e:	0e 94 4b 02 	call	0x496	; 0x496 <response_error>
     c32:	1c c0       	rjmp	.+56     	; 0xc6c <__stack+0x36d>
        }
        return;
    }

    if (strcmp(subcommand, "RESET") == 0) {
     c34:	6f e2       	ldi	r22, 0x2F	; 47
     c36:	73 e0       	ldi	r23, 0x03	; 3
     c38:	c8 01       	movw	r24, r16
     c3a:	0e 94 a6 15 	call	0x2b4c	; 0x2b4c <strcmp>
     c3e:	89 2b       	or	r24, r25
     c40:	89 f4       	brne	.+34     	; 0xc64 <__stack+0x365>
        calibration_factory_reset();
     c42:	0e 94 cf 01 	call	0x39e	; 0x39e <calibration_factory_reset>
        calibration_make_defaults(cal);
     c46:	c5 01       	movw	r24, r10
     c48:	0e 94 12 01 	call	0x224	; 0x224 <calibration_make_defaults>
        *status = CALIBRATION_STATUS_DEFAULT;
     c4c:	f6 01       	movw	r30, r12
     c4e:	10 82       	st	Z, r1
        response_ok("CAL_RESET");
     c50:	8b e2       	ldi	r24, 0x2B	; 43
     c52:	93 e0       	ldi	r25, 0x03	; 3
     c54:	0e 94 5c 02 	call	0x4b8	; 0x4b8 <response_ok>
        print_calibration(cal, *status);
     c58:	f6 01       	movw	r30, r12
     c5a:	60 81       	ld	r22, Z
     c5c:	c5 01       	movw	r24, r10
     c5e:	0e 94 90 03 	call	0x720	; 0x720 <print_calibration>
        return;
     c62:	04 c0       	rjmp	.+8      	; 0xc6c <__stack+0x36d>
    }

    response_error("UNKNOWN_CAL_SUBCOMMAND");
     c64:	85 e3       	ldi	r24, 0x35	; 53
     c66:	93 e0       	ldi	r25, 0x03	; 3
     c68:	0e 94 4b 02 	call	0x496	; 0x496 <response_error>
}
     c6c:	2c 96       	adiw	r28, 0x0c	; 12
     c6e:	0f b6       	in	r0, 0x3f	; 63
     c70:	f8 94       	cli
     c72:	de bf       	out	0x3e, r29	; 62
     c74:	0f be       	out	0x3f, r0	; 63
     c76:	cd bf       	out	0x3d, r28	; 61
     c78:	df 91       	pop	r29
     c7a:	cf 91       	pop	r28
     c7c:	1f 91       	pop	r17
     c7e:	0f 91       	pop	r16
     c80:	ff 90       	pop	r15
     c82:	ef 90       	pop	r14
     c84:	df 90       	pop	r13
     c86:	cf 90       	pop	r12
     c88:	bf 90       	pop	r11
     c8a:	af 90       	pop	r10
     c8c:	9f 90       	pop	r9
     c8e:	8f 90       	pop	r8
     c90:	7f 90       	pop	r7
     c92:	6f 90       	pop	r6
     c94:	08 95       	ret

00000c96 <commands_process_pending>:

void commands_process_pending(calibration_record_t *calibration,
                              calibration_status_t *status,
                              uint8_t node_id)
{
     c96:	df 92       	push	r13
     c98:	ef 92       	push	r14
     c9a:	ff 92       	push	r15
     c9c:	0f 93       	push	r16
     c9e:	1f 93       	push	r17
     ca0:	cf 93       	push	r28
     ca2:	df 93       	push	r29
     ca4:	cd b7       	in	r28, 0x3d	; 61
     ca6:	de b7       	in	r29, 0x3e	; 62
     ca8:	c0 56       	subi	r28, 0x60	; 96
     caa:	d1 09       	sbc	r29, r1
     cac:	0f b6       	in	r0, 0x3f	; 63
     cae:	f8 94       	cli
     cb0:	de bf       	out	0x3e, r29	; 62
     cb2:	0f be       	out	0x3f, r0	; 63
     cb4:	cd bf       	out	0x3d, r28	; 61
     cb6:	8c 01       	movw	r16, r24
     cb8:	7b 01       	movw	r14, r22
     cba:	d4 2e       	mov	r13, r20
    char line[UART0_COMMAND_MAX_LENGTH];

    if (uart0_rx_overflowed()) {
     cbc:	0e 94 bd 11 	call	0x237a	; 0x237a <uart0_rx_overflowed>
     cc0:	88 23       	and	r24, r24
     cc2:	41 f0       	breq	.+16     	; 0xcd4 <commands_process_pending+0x3e>
        uart0_clear_rx_overflow();
     cc4:	0e 94 c0 11 	call	0x2380	; 0x2380 <uart0_clear_rx_overflow>
        diagnostics_record_uart_rx_overflow();
     cc8:	0e 94 49 08 	call	0x1092	; 0x1092 <diagnostics_record_uart_rx_overflow>
        response_error("UART_RX_OVERFLOW");
     ccc:	8c e4       	ldi	r24, 0x4C	; 76
     cce:	93 e0       	ldi	r25, 0x03	; 3
     cd0:	0e 94 4b 02 	call	0x496	; 0x496 <response_error>
    }

    /* Process at most one complete command per application pass.
     * This prevents a continuous RX stream from starving acquisition and
     * watchdog servicing. Remaining queued commands are handled later. */
    if (uart0_readline(line, sizeof(line))) {
     cd4:	60 e6       	ldi	r22, 0x60	; 96
     cd6:	ce 01       	movw	r24, r28
     cd8:	01 96       	adiw	r24, 0x01	; 1
     cda:	0e 94 59 11 	call	0x22b2	; 0x22b2 <uart0_readline>
     cde:	88 23       	and	r24, r24
     ce0:	89 f0       	breq	.+34     	; 0xd04 <commands_process_pending+0x6e>
        if (command_is_duplicate(line)) return;
     ce2:	ce 01       	movw	r24, r28
     ce4:	01 96       	adiw	r24, 0x01	; 1
     ce6:	0e 94 6d 02 	call	0x4da	; 0x4da <command_is_duplicate>
     cea:	81 11       	cpse	r24, r1
     cec:	0b c0       	rjmp	.+22     	; 0xd04 <commands_process_pending+0x6e>
        diagnostics_record_uart_command();
     cee:	0e 94 3b 08 	call	0x1076	; 0x1076 <diagnostics_record_uart_command>
        process_command(line, calibration, status, node_id);
     cf2:	2d 2d       	mov	r18, r13
     cf4:	a7 01       	movw	r20, r14
     cf6:	b8 01       	movw	r22, r16
     cf8:	ce 01       	movw	r24, r28
     cfa:	01 96       	adiw	r24, 0x01	; 1
     cfc:	0e 94 1c 04 	call	0x838	; 0x838 <process_command>
        watchdog_service_kick();
     d00:	0e 94 cf 11 	call	0x239e	; 0x239e <watchdog_service_kick>
    }
}
     d04:	c0 5a       	subi	r28, 0xA0	; 160
     d06:	df 4f       	sbci	r29, 0xFF	; 255
     d08:	0f b6       	in	r0, 0x3f	; 63
     d0a:	f8 94       	cli
     d0c:	de bf       	out	0x3e, r29	; 62
     d0e:	0f be       	out	0x3f, r0	; 63
     d10:	cd bf       	out	0x3d, r28	; 61
     d12:	df 91       	pop	r29
     d14:	cf 91       	pop	r28
     d16:	1f 91       	pop	r17
     d18:	0f 91       	pop	r16
     d1a:	ff 90       	pop	r15
     d1c:	ef 90       	pop	r14
     d1e:	df 90       	pop	r13
     d20:	08 95       	ret

00000d22 <crc16_ccitt>:
#include "crc16.h"

uint16_t crc16_ccitt(const void *data, size_t length)
{
     d22:	dc 01       	movw	r26, r24
    const uint8_t *bytes = (const uint8_t *)data;
    uint16_t crc = 0xFFFFU;

    for (size_t i = 0; i < length; i++) {
     d24:	40 e0       	ldi	r20, 0x00	; 0
     d26:	50 e0       	ldi	r21, 0x00	; 0
#include "crc16.h"

uint16_t crc16_ccitt(const void *data, size_t length)
{
    const uint8_t *bytes = (const uint8_t *)data;
    uint16_t crc = 0xFFFFU;
     d28:	8f ef       	ldi	r24, 0xFF	; 255
     d2a:	9f ef       	ldi	r25, 0xFF	; 255

    for (size_t i = 0; i < length; i++) {
     d2c:	1b c0       	rjmp	.+54     	; 0xd64 <crc16_ccitt+0x42>
        crc ^= (uint16_t)bytes[i] << 8;
     d2e:	fd 01       	movw	r30, r26
     d30:	e4 0f       	add	r30, r20
     d32:	f5 1f       	adc	r31, r21
     d34:	20 81       	ld	r18, Z
     d36:	30 e0       	ldi	r19, 0x00	; 0
     d38:	32 2f       	mov	r19, r18
     d3a:	22 27       	eor	r18, r18
     d3c:	82 27       	eor	r24, r18
     d3e:	93 27       	eor	r25, r19
        for (uint8_t bit = 0; bit < 8U; bit++) {
     d40:	20 e0       	ldi	r18, 0x00	; 0
     d42:	0c c0       	rjmp	.+24     	; 0xd5c <crc16_ccitt+0x3a>
            if (crc & 0x8000U) {
     d44:	99 23       	and	r25, r25
     d46:	3c f4       	brge	.+14     	; 0xd56 <crc16_ccitt+0x34>
                crc = (uint16_t)((crc << 1) ^ 0x1021U);
     d48:	88 0f       	add	r24, r24
     d4a:	99 1f       	adc	r25, r25
     d4c:	31 e2       	ldi	r19, 0x21	; 33
     d4e:	83 27       	eor	r24, r19
     d50:	30 e1       	ldi	r19, 0x10	; 16
     d52:	93 27       	eor	r25, r19
     d54:	02 c0       	rjmp	.+4      	; 0xd5a <crc16_ccitt+0x38>
            } else {
                crc <<= 1;
     d56:	88 0f       	add	r24, r24
     d58:	99 1f       	adc	r25, r25
    const uint8_t *bytes = (const uint8_t *)data;
    uint16_t crc = 0xFFFFU;

    for (size_t i = 0; i < length; i++) {
        crc ^= (uint16_t)bytes[i] << 8;
        for (uint8_t bit = 0; bit < 8U; bit++) {
     d5a:	2f 5f       	subi	r18, 0xFF	; 255
     d5c:	28 30       	cpi	r18, 0x08	; 8
     d5e:	90 f3       	brcs	.-28     	; 0xd44 <crc16_ccitt+0x22>
uint16_t crc16_ccitt(const void *data, size_t length)
{
    const uint8_t *bytes = (const uint8_t *)data;
    uint16_t crc = 0xFFFFU;

    for (size_t i = 0; i < length; i++) {
     d60:	4f 5f       	subi	r20, 0xFF	; 255
     d62:	5f 4f       	sbci	r21, 0xFF	; 255
     d64:	46 17       	cp	r20, r22
     d66:	57 07       	cpc	r21, r23
     d68:	10 f3       	brcs	.-60     	; 0xd2e <crc16_ccitt+0xc>
            }
        }
    }

    return crc;
}
     d6a:	08 95       	ret

00000d6c <timer0_init_1ms>:
     d6c:	82 e0       	ldi	r24, 0x02	; 2
     d6e:	84 bd       	out	0x24, r24	; 36
     d70:	85 bd       	out	0x25, r24	; 37
     d72:	8c e7       	ldi	r24, 0x7C	; 124
     d74:	87 bd       	out	0x27, r24	; 39
     d76:	16 bc       	out	0x26, r1	; 38
     d78:	ee e6       	ldi	r30, 0x6E	; 110
     d7a:	f0 e0       	ldi	r31, 0x00	; 0
     d7c:	80 81       	ld	r24, Z
     d7e:	82 60       	ori	r24, 0x02	; 2
     d80:	80 83       	st	Z, r24
     d82:	08 95       	ret

00000d84 <__vector_14>:
     d84:	1f 92       	push	r1
     d86:	0f 92       	push	r0
     d88:	0f b6       	in	r0, 0x3f	; 63
     d8a:	0f 92       	push	r0
     d8c:	11 24       	eor	r1, r1
     d8e:	2f 93       	push	r18
     d90:	8f 93       	push	r24
     d92:	9f 93       	push	r25
     d94:	af 93       	push	r26
     d96:	bf 93       	push	r27
     d98:	80 91 a0 07 	lds	r24, 0x07A0	; 0x8007a0 <millisecond_accumulator>
     d9c:	90 91 a1 07 	lds	r25, 0x07A1	; 0x8007a1 <millisecond_accumulator+0x1>
     da0:	01 96       	adiw	r24, 0x01	; 1
     da2:	90 93 a1 07 	sts	0x07A1, r25	; 0x8007a1 <millisecond_accumulator+0x1>
     da6:	80 93 a0 07 	sts	0x07A0, r24	; 0x8007a0 <millisecond_accumulator>
     daa:	80 91 a0 07 	lds	r24, 0x07A0	; 0x8007a0 <millisecond_accumulator>
     dae:	90 91 a1 07 	lds	r25, 0x07A1	; 0x8007a1 <millisecond_accumulator+0x1>
     db2:	88 3e       	cpi	r24, 0xE8	; 232
     db4:	93 40       	sbci	r25, 0x03	; 3
     db6:	b8 f0       	brcs	.+46     	; 0xde6 <__vector_14+0x62>
     db8:	10 92 a1 07 	sts	0x07A1, r1	; 0x8007a1 <millisecond_accumulator+0x1>
     dbc:	10 92 a0 07 	sts	0x07A0, r1	; 0x8007a0 <millisecond_accumulator>
     dc0:	80 91 9c 07 	lds	r24, 0x079C	; 0x80079c <uptime_seconds>
     dc4:	90 91 9d 07 	lds	r25, 0x079D	; 0x80079d <uptime_seconds+0x1>
     dc8:	a0 91 9e 07 	lds	r26, 0x079E	; 0x80079e <uptime_seconds+0x2>
     dcc:	b0 91 9f 07 	lds	r27, 0x079F	; 0x80079f <uptime_seconds+0x3>
     dd0:	01 96       	adiw	r24, 0x01	; 1
     dd2:	a1 1d       	adc	r26, r1
     dd4:	b1 1d       	adc	r27, r1
     dd6:	80 93 9c 07 	sts	0x079C, r24	; 0x80079c <uptime_seconds>
     dda:	90 93 9d 07 	sts	0x079D, r25	; 0x80079d <uptime_seconds+0x1>
     dde:	a0 93 9e 07 	sts	0x079E, r26	; 0x80079e <uptime_seconds+0x2>
     de2:	b0 93 9f 07 	sts	0x079F, r27	; 0x80079f <uptime_seconds+0x3>
     de6:	bf 91       	pop	r27
     de8:	af 91       	pop	r26
     dea:	9f 91       	pop	r25
     dec:	8f 91       	pop	r24
     dee:	2f 91       	pop	r18
     df0:	0f 90       	pop	r0
     df2:	0f be       	out	0x3f, r0	; 63
     df4:	0f 90       	pop	r0
     df6:	1f 90       	pop	r1
     df8:	18 95       	reti

00000dfa <diagnostics_init>:
     dfa:	80 91 ca 08 	lds	r24, 0x08CA	; 0x8008ca <__bss_end>
     dfe:	80 93 93 07 	sts	0x0793, r24	; 0x800793 <reset_flags>
     e02:	e3 e7       	ldi	r30, 0x73	; 115
     e04:	f7 e0       	ldi	r31, 0x07	; 7
     e06:	10 82       	st	Z, r1
     e08:	11 82       	std	Z+1, r1	; 0x01
     e0a:	12 82       	std	Z+2, r1	; 0x02
     e0c:	13 82       	std	Z+3, r1	; 0x03
     e0e:	14 82       	std	Z+4, r1	; 0x04
     e10:	15 82       	std	Z+5, r1	; 0x05
     e12:	16 82       	std	Z+6, r1	; 0x06
     e14:	17 82       	std	Z+7, r1	; 0x07
     e16:	10 86       	std	Z+8, r1	; 0x08
     e18:	11 86       	std	Z+9, r1	; 0x09
     e1a:	12 86       	std	Z+10, r1	; 0x0a
     e1c:	13 86       	std	Z+11, r1	; 0x0b
     e1e:	14 86       	std	Z+12, r1	; 0x0c
     e20:	15 86       	std	Z+13, r1	; 0x0d
     e22:	16 86       	std	Z+14, r1	; 0x0e
     e24:	17 86       	std	Z+15, r1	; 0x0f
     e26:	10 8a       	std	Z+16, r1	; 0x10
     e28:	11 8a       	std	Z+17, r1	; 0x11
     e2a:	12 8a       	std	Z+18, r1	; 0x12
     e2c:	13 8a       	std	Z+19, r1	; 0x13
     e2e:	14 8a       	std	Z+20, r1	; 0x14
     e30:	15 8a       	std	Z+21, r1	; 0x15
     e32:	16 8a       	std	Z+22, r1	; 0x16
     e34:	17 8a       	std	Z+23, r1	; 0x17
     e36:	10 8e       	std	Z+24, r1	; 0x18
     e38:	11 8e       	std	Z+25, r1	; 0x19
     e3a:	12 8e       	std	Z+26, r1	; 0x1a
     e3c:	13 8e       	std	Z+27, r1	; 0x1b
     e3e:	14 8e       	std	Z+28, r1	; 0x1c
     e40:	15 8e       	std	Z+29, r1	; 0x1d
     e42:	16 8e       	std	Z+30, r1	; 0x1e
     e44:	17 8e       	std	Z+31, r1	; 0x1f
     e46:	10 92 a1 07 	sts	0x07A1, r1	; 0x8007a1 <millisecond_accumulator+0x1>
     e4a:	10 92 a0 07 	sts	0x07A0, r1	; 0x8007a0 <millisecond_accumulator>
     e4e:	10 92 9c 07 	sts	0x079C, r1	; 0x80079c <uptime_seconds>
     e52:	10 92 9d 07 	sts	0x079D, r1	; 0x80079d <uptime_seconds+0x1>
     e56:	10 92 9e 07 	sts	0x079E, r1	; 0x80079e <uptime_seconds+0x2>
     e5a:	10 92 9f 07 	sts	0x079F, r1	; 0x80079f <uptime_seconds+0x3>
     e5e:	8c e3       	ldi	r24, 0x3C	; 60
     e60:	90 e0       	ldi	r25, 0x00	; 0
     e62:	0e 94 f8 15 	call	0x2bf0	; 0x2bf0 <eeprom_read_dword>
     e66:	60 93 98 07 	sts	0x0798, r22	; 0x800798 <boot_count>
     e6a:	70 93 99 07 	sts	0x0799, r23	; 0x800799 <boot_count+0x1>
     e6e:	80 93 9a 07 	sts	0x079A, r24	; 0x80079a <boot_count+0x2>
     e72:	90 93 9b 07 	sts	0x079B, r25	; 0x80079b <boot_count+0x3>
     e76:	6f 3f       	cpi	r22, 0xFF	; 255
     e78:	7f 4f       	sbci	r23, 0xFF	; 255
     e7a:	8f 4f       	sbci	r24, 0xFF	; 255
     e7c:	9f 4f       	sbci	r25, 0xFF	; 255
     e7e:	41 f4       	brne	.+16     	; 0xe90 <diagnostics_init+0x96>
     e80:	10 92 98 07 	sts	0x0798, r1	; 0x800798 <boot_count>
     e84:	10 92 99 07 	sts	0x0799, r1	; 0x800799 <boot_count+0x1>
     e88:	10 92 9a 07 	sts	0x079A, r1	; 0x80079a <boot_count+0x2>
     e8c:	10 92 9b 07 	sts	0x079B, r1	; 0x80079b <boot_count+0x3>
     e90:	40 91 98 07 	lds	r20, 0x0798	; 0x800798 <boot_count>
     e94:	50 91 99 07 	lds	r21, 0x0799	; 0x800799 <boot_count+0x1>
     e98:	60 91 9a 07 	lds	r22, 0x079A	; 0x80079a <boot_count+0x2>
     e9c:	70 91 9b 07 	lds	r23, 0x079B	; 0x80079b <boot_count+0x3>
     ea0:	4f 5f       	subi	r20, 0xFF	; 255
     ea2:	5f 4f       	sbci	r21, 0xFF	; 255
     ea4:	6f 4f       	sbci	r22, 0xFF	; 255
     ea6:	7f 4f       	sbci	r23, 0xFF	; 255
     ea8:	40 93 98 07 	sts	0x0798, r20	; 0x800798 <boot_count>
     eac:	50 93 99 07 	sts	0x0799, r21	; 0x800799 <boot_count+0x1>
     eb0:	60 93 9a 07 	sts	0x079A, r22	; 0x80079a <boot_count+0x2>
     eb4:	70 93 9b 07 	sts	0x079B, r23	; 0x80079b <boot_count+0x3>
     eb8:	8c e3       	ldi	r24, 0x3C	; 60
     eba:	90 e0       	ldi	r25, 0x00	; 0
     ebc:	0e 94 20 16 	call	0x2c40	; 0x2c40 <eeprom_update_dword>
     ec0:	88 e3       	ldi	r24, 0x38	; 56
     ec2:	90 e0       	ldi	r25, 0x00	; 0
     ec4:	0e 94 f8 15 	call	0x2bf0	; 0x2bf0 <eeprom_read_dword>
     ec8:	60 93 94 07 	sts	0x0794, r22	; 0x800794 <watchdog_reset_count>
     ecc:	70 93 95 07 	sts	0x0795, r23	; 0x800795 <watchdog_reset_count+0x1>
     ed0:	80 93 96 07 	sts	0x0796, r24	; 0x800796 <watchdog_reset_count+0x2>
     ed4:	90 93 97 07 	sts	0x0797, r25	; 0x800797 <watchdog_reset_count+0x3>
     ed8:	6f 3f       	cpi	r22, 0xFF	; 255
     eda:	7f 4f       	sbci	r23, 0xFF	; 255
     edc:	8f 4f       	sbci	r24, 0xFF	; 255
     ede:	9f 4f       	sbci	r25, 0xFF	; 255
     ee0:	41 f4       	brne	.+16     	; 0xef2 <diagnostics_init+0xf8>
     ee2:	10 92 94 07 	sts	0x0794, r1	; 0x800794 <watchdog_reset_count>
     ee6:	10 92 95 07 	sts	0x0795, r1	; 0x800795 <watchdog_reset_count+0x1>
     eea:	10 92 96 07 	sts	0x0796, r1	; 0x800796 <watchdog_reset_count+0x2>
     eee:	10 92 97 07 	sts	0x0797, r1	; 0x800797 <watchdog_reset_count+0x3>
     ef2:	80 91 93 07 	lds	r24, 0x0793	; 0x800793 <reset_flags>
     ef6:	83 ff       	sbrs	r24, 3
     ef8:	18 c0       	rjmp	.+48     	; 0xf2a <diagnostics_init+0x130>
     efa:	40 91 94 07 	lds	r20, 0x0794	; 0x800794 <watchdog_reset_count>
     efe:	50 91 95 07 	lds	r21, 0x0795	; 0x800795 <watchdog_reset_count+0x1>
     f02:	60 91 96 07 	lds	r22, 0x0796	; 0x800796 <watchdog_reset_count+0x2>
     f06:	70 91 97 07 	lds	r23, 0x0797	; 0x800797 <watchdog_reset_count+0x3>
     f0a:	4f 5f       	subi	r20, 0xFF	; 255
     f0c:	5f 4f       	sbci	r21, 0xFF	; 255
     f0e:	6f 4f       	sbci	r22, 0xFF	; 255
     f10:	7f 4f       	sbci	r23, 0xFF	; 255
     f12:	40 93 94 07 	sts	0x0794, r20	; 0x800794 <watchdog_reset_count>
     f16:	50 93 95 07 	sts	0x0795, r21	; 0x800795 <watchdog_reset_count+0x1>
     f1a:	60 93 96 07 	sts	0x0796, r22	; 0x800796 <watchdog_reset_count+0x2>
     f1e:	70 93 97 07 	sts	0x0797, r23	; 0x800797 <watchdog_reset_count+0x3>
     f22:	88 e3       	ldi	r24, 0x38	; 56
     f24:	90 e0       	ldi	r25, 0x00	; 0
     f26:	0e 94 20 16 	call	0x2c40	; 0x2c40 <eeprom_update_dword>
     f2a:	80 91 94 07 	lds	r24, 0x0794	; 0x800794 <watchdog_reset_count>
     f2e:	90 91 95 07 	lds	r25, 0x0795	; 0x800795 <watchdog_reset_count+0x1>
     f32:	a0 91 96 07 	lds	r26, 0x0796	; 0x800796 <watchdog_reset_count+0x2>
     f36:	b0 91 97 07 	lds	r27, 0x0797	; 0x800797 <watchdog_reset_count+0x3>
     f3a:	80 93 8f 07 	sts	0x078F, r24	; 0x80078f <counters+0x1c>
     f3e:	90 93 90 07 	sts	0x0790, r25	; 0x800790 <counters+0x1d>
     f42:	a0 93 91 07 	sts	0x0791, r26	; 0x800791 <counters+0x1e>
     f46:	b0 93 92 07 	sts	0x0792, r27	; 0x800792 <counters+0x1f>
     f4a:	0e 94 b6 06 	call	0xd6c	; 0xd6c <timer0_init_1ms>
     f4e:	08 95       	ret

00000f50 <diagnostics_get_uptime_seconds>:
     f50:	2f b7       	in	r18, 0x3f	; 63
     f52:	f8 94       	cli
     f54:	60 91 9c 07 	lds	r22, 0x079C	; 0x80079c <uptime_seconds>
     f58:	70 91 9d 07 	lds	r23, 0x079D	; 0x80079d <uptime_seconds+0x1>
     f5c:	80 91 9e 07 	lds	r24, 0x079E	; 0x80079e <uptime_seconds+0x2>
     f60:	90 91 9f 07 	lds	r25, 0x079F	; 0x80079f <uptime_seconds+0x3>
     f64:	2f bf       	out	0x3f, r18	; 63
     f66:	08 95       	ret

00000f68 <diagnostics_get_uptime_milliseconds>:
     f68:	8f b7       	in	r24, 0x3f	; 63
     f6a:	f8 94       	cli
     f6c:	20 91 9c 07 	lds	r18, 0x079C	; 0x80079c <uptime_seconds>
     f70:	30 91 9d 07 	lds	r19, 0x079D	; 0x80079d <uptime_seconds+0x1>
     f74:	40 91 9e 07 	lds	r20, 0x079E	; 0x80079e <uptime_seconds+0x2>
     f78:	50 91 9f 07 	lds	r21, 0x079F	; 0x80079f <uptime_seconds+0x3>
     f7c:	e0 91 a0 07 	lds	r30, 0x07A0	; 0x8007a0 <millisecond_accumulator>
     f80:	f0 91 a1 07 	lds	r31, 0x07A1	; 0x8007a1 <millisecond_accumulator+0x1>
     f84:	8f bf       	out	0x3f, r24	; 63
     f86:	a8 ee       	ldi	r26, 0xE8	; 232
     f88:	b3 e0       	ldi	r27, 0x03	; 3
     f8a:	0e 94 32 12 	call	0x2464	; 0x2464 <__muluhisi3>
     f8e:	6e 0f       	add	r22, r30
     f90:	7f 1f       	adc	r23, r31
     f92:	81 1d       	adc	r24, r1
     f94:	91 1d       	adc	r25, r1
     f96:	08 95       	ret

00000f98 <diagnostics_get_boot_count>:
     f98:	60 91 98 07 	lds	r22, 0x0798	; 0x800798 <boot_count>
     f9c:	70 91 99 07 	lds	r23, 0x0799	; 0x800799 <boot_count+0x1>
     fa0:	80 91 9a 07 	lds	r24, 0x079A	; 0x80079a <boot_count+0x2>
     fa4:	90 91 9b 07 	lds	r25, 0x079B	; 0x80079b <boot_count+0x3>
     fa8:	08 95       	ret

00000faa <diagnostics_print_reset_causes>:
     faa:	80 91 93 07 	lds	r24, 0x0793	; 0x800793 <reset_flags>
     fae:	80 ff       	sbrs	r24, 0
     fb0:	06 c0       	rjmp	.+12     	; 0xfbe <diagnostics_print_reset_causes+0x14>
     fb2:	8d e5       	ldi	r24, 0x5D	; 93
     fb4:	93 e0       	ldi	r25, 0x03	; 3
     fb6:	0e 94 3e 10 	call	0x207c	; 0x207c <uart0_print>
     fba:	81 e0       	ldi	r24, 0x01	; 1
     fbc:	01 c0       	rjmp	.+2      	; 0xfc0 <diagnostics_print_reset_causes+0x16>
     fbe:	80 e0       	ldi	r24, 0x00	; 0
     fc0:	90 91 93 07 	lds	r25, 0x0793	; 0x800793 <reset_flags>
     fc4:	91 ff       	sbrs	r25, 1
     fc6:	0a c0       	rjmp	.+20     	; 0xfdc <diagnostics_print_reset_causes+0x32>
     fc8:	88 23       	and	r24, r24
     fca:	19 f0       	breq	.+6      	; 0xfd2 <diagnostics_print_reset_causes+0x28>
     fcc:	8c e7       	ldi	r24, 0x7C	; 124
     fce:	0e 94 37 10 	call	0x206e	; 0x206e <uart0_putc>
     fd2:	86 e6       	ldi	r24, 0x66	; 102
     fd4:	93 e0       	ldi	r25, 0x03	; 3
     fd6:	0e 94 3e 10 	call	0x207c	; 0x207c <uart0_print>
     fda:	81 e0       	ldi	r24, 0x01	; 1
     fdc:	90 91 93 07 	lds	r25, 0x0793	; 0x800793 <reset_flags>
     fe0:	92 ff       	sbrs	r25, 2
     fe2:	0a c0       	rjmp	.+20     	; 0xff8 <diagnostics_print_reset_causes+0x4e>
     fe4:	88 23       	and	r24, r24
     fe6:	19 f0       	breq	.+6      	; 0xfee <diagnostics_print_reset_causes+0x44>
     fe8:	8c e7       	ldi	r24, 0x7C	; 124
     fea:	0e 94 37 10 	call	0x206e	; 0x206e <uart0_putc>
     fee:	8f e6       	ldi	r24, 0x6F	; 111
     ff0:	93 e0       	ldi	r25, 0x03	; 3
     ff2:	0e 94 3e 10 	call	0x207c	; 0x207c <uart0_print>
     ff6:	81 e0       	ldi	r24, 0x01	; 1
     ff8:	90 91 93 07 	lds	r25, 0x0793	; 0x800793 <reset_flags>
     ffc:	93 ff       	sbrs	r25, 3
     ffe:	0a c0       	rjmp	.+20     	; 0x1014 <diagnostics_print_reset_causes+0x6a>
    1000:	88 23       	and	r24, r24
    1002:	19 f0       	breq	.+6      	; 0x100a <diagnostics_print_reset_causes+0x60>
    1004:	8c e7       	ldi	r24, 0x7C	; 124
    1006:	0e 94 37 10 	call	0x206e	; 0x206e <uart0_putc>
    100a:	89 e7       	ldi	r24, 0x79	; 121
    100c:	93 e0       	ldi	r25, 0x03	; 3
    100e:	0e 94 3e 10 	call	0x207c	; 0x207c <uart0_print>
    1012:	81 e0       	ldi	r24, 0x01	; 1
    1014:	81 11       	cpse	r24, r1
    1016:	04 c0       	rjmp	.+8      	; 0x1020 <diagnostics_print_reset_causes+0x76>
    1018:	82 e8       	ldi	r24, 0x82	; 130
    101a:	93 e0       	ldi	r25, 0x03	; 3
    101c:	0e 94 3e 10 	call	0x207c	; 0x207c <uart0_print>
    1020:	08 95       	ret

00001022 <diagnostics_record_measurement_ok>:
    1022:	e3 e7       	ldi	r30, 0x73	; 115
    1024:	f7 e0       	ldi	r31, 0x07	; 7
    1026:	80 81       	ld	r24, Z
    1028:	91 81       	ldd	r25, Z+1	; 0x01
    102a:	a2 81       	ldd	r26, Z+2	; 0x02
    102c:	b3 81       	ldd	r27, Z+3	; 0x03
    102e:	01 96       	adiw	r24, 0x01	; 1
    1030:	a1 1d       	adc	r26, r1
    1032:	b1 1d       	adc	r27, r1
    1034:	80 83       	st	Z, r24
    1036:	91 83       	std	Z+1, r25	; 0x01
    1038:	a2 83       	std	Z+2, r26	; 0x02
    103a:	b3 83       	std	Z+3, r27	; 0x03
    103c:	08 95       	ret

0000103e <diagnostics_record_measurement_failed>:
    103e:	e3 e7       	ldi	r30, 0x73	; 115
    1040:	f7 e0       	ldi	r31, 0x07	; 7
    1042:	84 81       	ldd	r24, Z+4	; 0x04
    1044:	95 81       	ldd	r25, Z+5	; 0x05
    1046:	a6 81       	ldd	r26, Z+6	; 0x06
    1048:	b7 81       	ldd	r27, Z+7	; 0x07
    104a:	01 96       	adiw	r24, 0x01	; 1
    104c:	a1 1d       	adc	r26, r1
    104e:	b1 1d       	adc	r27, r1
    1050:	84 83       	std	Z+4, r24	; 0x04
    1052:	95 83       	std	Z+5, r25	; 0x05
    1054:	a6 83       	std	Z+6, r26	; 0x06
    1056:	b7 83       	std	Z+7, r27	; 0x07
    1058:	08 95       	ret

0000105a <diagnostics_record_twi_error>:
    105a:	e3 e7       	ldi	r30, 0x73	; 115
    105c:	f7 e0       	ldi	r31, 0x07	; 7
    105e:	80 85       	ldd	r24, Z+8	; 0x08
    1060:	91 85       	ldd	r25, Z+9	; 0x09
    1062:	a2 85       	ldd	r26, Z+10	; 0x0a
    1064:	b3 85       	ldd	r27, Z+11	; 0x0b
    1066:	01 96       	adiw	r24, 0x01	; 1
    1068:	a1 1d       	adc	r26, r1
    106a:	b1 1d       	adc	r27, r1
    106c:	80 87       	std	Z+8, r24	; 0x08
    106e:	91 87       	std	Z+9, r25	; 0x09
    1070:	a2 87       	std	Z+10, r26	; 0x0a
    1072:	b3 87       	std	Z+11, r27	; 0x0b
    1074:	08 95       	ret

00001076 <diagnostics_record_uart_command>:
    1076:	e3 e7       	ldi	r30, 0x73	; 115
    1078:	f7 e0       	ldi	r31, 0x07	; 7
    107a:	84 85       	ldd	r24, Z+12	; 0x0c
    107c:	95 85       	ldd	r25, Z+13	; 0x0d
    107e:	a6 85       	ldd	r26, Z+14	; 0x0e
    1080:	b7 85       	ldd	r27, Z+15	; 0x0f
    1082:	01 96       	adiw	r24, 0x01	; 1
    1084:	a1 1d       	adc	r26, r1
    1086:	b1 1d       	adc	r27, r1
    1088:	84 87       	std	Z+12, r24	; 0x0c
    108a:	95 87       	std	Z+13, r25	; 0x0d
    108c:	a6 87       	std	Z+14, r26	; 0x0e
    108e:	b7 87       	std	Z+15, r27	; 0x0f
    1090:	08 95       	ret

00001092 <diagnostics_record_uart_rx_overflow>:
    1092:	e3 e7       	ldi	r30, 0x73	; 115
    1094:	f7 e0       	ldi	r31, 0x07	; 7
    1096:	80 89       	ldd	r24, Z+16	; 0x10
    1098:	91 89       	ldd	r25, Z+17	; 0x11
    109a:	a2 89       	ldd	r26, Z+18	; 0x12
    109c:	b3 89       	ldd	r27, Z+19	; 0x13
    109e:	01 96       	adiw	r24, 0x01	; 1
    10a0:	a1 1d       	adc	r26, r1
    10a2:	b1 1d       	adc	r27, r1
    10a4:	80 8b       	std	Z+16, r24	; 0x10
    10a6:	91 8b       	std	Z+17, r25	; 0x11
    10a8:	a2 8b       	std	Z+18, r26	; 0x12
    10aa:	b3 8b       	std	Z+19, r27	; 0x13
    10ac:	08 95       	ret

000010ae <diagnostics_record_uart_duplicate_command>:
    10ae:	e3 e7       	ldi	r30, 0x73	; 115
    10b0:	f7 e0       	ldi	r31, 0x07	; 7
    10b2:	84 89       	ldd	r24, Z+20	; 0x14
    10b4:	95 89       	ldd	r25, Z+21	; 0x15
    10b6:	a6 89       	ldd	r26, Z+22	; 0x16
    10b8:	b7 89       	ldd	r27, Z+23	; 0x17
    10ba:	01 96       	adiw	r24, 0x01	; 1
    10bc:	a1 1d       	adc	r26, r1
    10be:	b1 1d       	adc	r27, r1
    10c0:	84 8b       	std	Z+20, r24	; 0x14
    10c2:	95 8b       	std	Z+21, r25	; 0x15
    10c4:	a6 8b       	std	Z+22, r26	; 0x16
    10c6:	b7 8b       	std	Z+23, r27	; 0x17
    10c8:	08 95       	ret

000010ca <diagnostics_record_eeprom_error>:
    10ca:	e3 e7       	ldi	r30, 0x73	; 115
    10cc:	f7 e0       	ldi	r31, 0x07	; 7
    10ce:	80 8d       	ldd	r24, Z+24	; 0x18
    10d0:	91 8d       	ldd	r25, Z+25	; 0x19
    10d2:	a2 8d       	ldd	r26, Z+26	; 0x1a
    10d4:	b3 8d       	ldd	r27, Z+27	; 0x1b
    10d6:	01 96       	adiw	r24, 0x01	; 1
    10d8:	a1 1d       	adc	r26, r1
    10da:	b1 1d       	adc	r27, r1
    10dc:	80 8f       	std	Z+24, r24	; 0x18
    10de:	91 8f       	std	Z+25, r25	; 0x19
    10e0:	a2 8f       	std	Z+26, r26	; 0x1a
    10e2:	b3 8f       	std	Z+27, r27	; 0x1b
    10e4:	08 95       	ret

000010e6 <diagnostics_print_response>:
}

void diagnostics_print_response(uint8_t node_id)
{
    10e6:	cf 93       	push	r28
    10e8:	df 93       	push	r29
    10ea:	c8 2f       	mov	r28, r24
    uart0_print("$ND280DIAG,ID=");
    10ec:	8a e8       	ldi	r24, 0x8A	; 138
    10ee:	93 e0       	ldi	r25, 0x03	; 3
    10f0:	0e 94 3e 10 	call	0x207c	; 0x207c <uart0_print>
    uart0_print_uint16(node_id);
    10f4:	8c 2f       	mov	r24, r28
    10f6:	90 e0       	ldi	r25, 0x00	; 0
    10f8:	0e 94 60 10 	call	0x20c0	; 0x20c0 <uart0_print_uint16>
    uart0_print(",UPTIME_S=");
    10fc:	89 e9       	ldi	r24, 0x99	; 153
    10fe:	93 e0       	ldi	r25, 0x03	; 3
    1100:	0e 94 3e 10 	call	0x207c	; 0x207c <uart0_print>
    uart0_print_uint32(diagnostics_get_uptime_seconds());
    1104:	0e 94 a8 07 	call	0xf50	; 0xf50 <diagnostics_get_uptime_seconds>
    1108:	0e 94 b7 10 	call	0x216e	; 0x216e <uart0_print_uint32>
    uart0_print(",BOOTS=");
    110c:	84 ea       	ldi	r24, 0xA4	; 164
    110e:	93 e0       	ldi	r25, 0x03	; 3
    1110:	0e 94 3e 10 	call	0x207c	; 0x207c <uart0_print>
    uart0_print_uint32(boot_count);
    1114:	60 91 98 07 	lds	r22, 0x0798	; 0x800798 <boot_count>
    1118:	70 91 99 07 	lds	r23, 0x0799	; 0x800799 <boot_count+0x1>
    111c:	80 91 9a 07 	lds	r24, 0x079A	; 0x80079a <boot_count+0x2>
    1120:	90 91 9b 07 	lds	r25, 0x079B	; 0x80079b <boot_count+0x3>
    1124:	0e 94 b7 10 	call	0x216e	; 0x216e <uart0_print_uint32>
    uart0_print(",MEAS_OK=");
    1128:	8c ea       	ldi	r24, 0xAC	; 172
    112a:	93 e0       	ldi	r25, 0x03	; 3
    112c:	0e 94 3e 10 	call	0x207c	; 0x207c <uart0_print>
    uart0_print_uint32(counters.measurements_ok);
    1130:	c3 e7       	ldi	r28, 0x73	; 115
    1132:	d7 e0       	ldi	r29, 0x07	; 7
    1134:	68 81       	ld	r22, Y
    1136:	79 81       	ldd	r23, Y+1	; 0x01
    1138:	8a 81       	ldd	r24, Y+2	; 0x02
    113a:	9b 81       	ldd	r25, Y+3	; 0x03
    113c:	0e 94 b7 10 	call	0x216e	; 0x216e <uart0_print_uint32>
    uart0_print(",MEAS_FAIL=");
    1140:	86 eb       	ldi	r24, 0xB6	; 182
    1142:	93 e0       	ldi	r25, 0x03	; 3
    1144:	0e 94 3e 10 	call	0x207c	; 0x207c <uart0_print>
    uart0_print_uint32(counters.measurements_failed);
    1148:	6c 81       	ldd	r22, Y+4	; 0x04
    114a:	7d 81       	ldd	r23, Y+5	; 0x05
    114c:	8e 81       	ldd	r24, Y+6	; 0x06
    114e:	9f 81       	ldd	r25, Y+7	; 0x07
    1150:	0e 94 b7 10 	call	0x216e	; 0x216e <uart0_print_uint32>
    uart0_print(",TWI_ERR=");
    1154:	82 ec       	ldi	r24, 0xC2	; 194
    1156:	93 e0       	ldi	r25, 0x03	; 3
    1158:	0e 94 3e 10 	call	0x207c	; 0x207c <uart0_print>
    uart0_print_uint32(counters.twi_errors);
    115c:	68 85       	ldd	r22, Y+8	; 0x08
    115e:	79 85       	ldd	r23, Y+9	; 0x09
    1160:	8a 85       	ldd	r24, Y+10	; 0x0a
    1162:	9b 85       	ldd	r25, Y+11	; 0x0b
    1164:	0e 94 b7 10 	call	0x216e	; 0x216e <uart0_print_uint32>
    uart0_print(",UART_CMD=");
    1168:	8c ec       	ldi	r24, 0xCC	; 204
    116a:	93 e0       	ldi	r25, 0x03	; 3
    116c:	0e 94 3e 10 	call	0x207c	; 0x207c <uart0_print>
    uart0_print_uint32(counters.uart_commands);
    1170:	6c 85       	ldd	r22, Y+12	; 0x0c
    1172:	7d 85       	ldd	r23, Y+13	; 0x0d
    1174:	8e 85       	ldd	r24, Y+14	; 0x0e
    1176:	9f 85       	ldd	r25, Y+15	; 0x0f
    1178:	0e 94 b7 10 	call	0x216e	; 0x216e <uart0_print_uint32>
    uart0_print(",UART_OVF=");
    117c:	87 ed       	ldi	r24, 0xD7	; 215
    117e:	93 e0       	ldi	r25, 0x03	; 3
    1180:	0e 94 3e 10 	call	0x207c	; 0x207c <uart0_print>
    uart0_print_uint32(counters.uart_rx_overflows);
    1184:	68 89       	ldd	r22, Y+16	; 0x10
    1186:	79 89       	ldd	r23, Y+17	; 0x11
    1188:	8a 89       	ldd	r24, Y+18	; 0x12
    118a:	9b 89       	ldd	r25, Y+19	; 0x13
    118c:	0e 94 b7 10 	call	0x216e	; 0x216e <uart0_print_uint32>
    uart0_print(",UART_DUP=");
    1190:	82 ee       	ldi	r24, 0xE2	; 226
    1192:	93 e0       	ldi	r25, 0x03	; 3
    1194:	0e 94 3e 10 	call	0x207c	; 0x207c <uart0_print>
    uart0_print_uint32(counters.uart_duplicate_commands);
    1198:	6c 89       	ldd	r22, Y+20	; 0x14
    119a:	7d 89       	ldd	r23, Y+21	; 0x15
    119c:	8e 89       	ldd	r24, Y+22	; 0x16
    119e:	9f 89       	ldd	r25, Y+23	; 0x17
    11a0:	0e 94 b7 10 	call	0x216e	; 0x216e <uart0_print_uint32>
    uart0_print(",EEPROM_ERR=");
    11a4:	8d ee       	ldi	r24, 0xED	; 237
    11a6:	93 e0       	ldi	r25, 0x03	; 3
    11a8:	0e 94 3e 10 	call	0x207c	; 0x207c <uart0_print>
    uart0_print_uint32(counters.eeprom_errors);
    11ac:	68 8d       	ldd	r22, Y+24	; 0x18
    11ae:	79 8d       	ldd	r23, Y+25	; 0x19
    11b0:	8a 8d       	ldd	r24, Y+26	; 0x1a
    11b2:	9b 8d       	ldd	r25, Y+27	; 0x1b
    11b4:	0e 94 b7 10 	call	0x216e	; 0x216e <uart0_print_uint32>
    uart0_print(",WDT_RESETS=");
    11b8:	8a ef       	ldi	r24, 0xFA	; 250
    11ba:	93 e0       	ldi	r25, 0x03	; 3
    11bc:	0e 94 3e 10 	call	0x207c	; 0x207c <uart0_print>
    uart0_print_uint32(watchdog_reset_count);
    11c0:	60 91 94 07 	lds	r22, 0x0794	; 0x800794 <watchdog_reset_count>
    11c4:	70 91 95 07 	lds	r23, 0x0795	; 0x800795 <watchdog_reset_count+0x1>
    11c8:	80 91 96 07 	lds	r24, 0x0796	; 0x800796 <watchdog_reset_count+0x2>
    11cc:	90 91 97 07 	lds	r25, 0x0797	; 0x800797 <watchdog_reset_count+0x3>
    11d0:	0e 94 b7 10 	call	0x216e	; 0x216e <uart0_print_uint32>
    uart0_print(",RESET=");
    11d4:	87 e0       	ldi	r24, 0x07	; 7
    11d6:	94 e0       	ldi	r25, 0x04	; 4
    11d8:	0e 94 3e 10 	call	0x207c	; 0x207c <uart0_print>
    diagnostics_print_reset_causes();
    11dc:	0e 94 d5 07 	call	0xfaa	; 0xfaa <diagnostics_print_reset_causes>
    uart0_print(",RESET_FLAGS=0x");
    11e0:	8f e0       	ldi	r24, 0x0F	; 15
    11e2:	94 e0       	ldi	r25, 0x04	; 4
    11e4:	0e 94 3e 10 	call	0x207c	; 0x207c <uart0_print>
    uart0_print_hex8(reset_flags);
    11e8:	80 91 93 07 	lds	r24, 0x0793	; 0x800793 <reset_flags>
    11ec:	0e 94 4b 10 	call	0x2096	; 0x2096 <uart0_print_hex8>
    uart0_print("\r\n");
    11f0:	88 e0       	ldi	r24, 0x08	; 8
    11f2:	97 e0       	ldi	r25, 0x07	; 7
    11f4:	0e 94 3e 10 	call	0x207c	; 0x207c <uart0_print>
}
    11f8:	df 91       	pop	r29
    11fa:	cf 91       	pop	r28
    11fc:	08 95       	ret

000011fe <main>:
#include "node_app.h"

int main(void)
{
    node_app_init();
    11fe:	0e 94 14 0a 	call	0x1428	; 0x1428 <node_app_init>

    while (1) {
        node_app_process();
    1202:	0e 94 65 0a 	call	0x14ca	; 0x14ca <node_app_process>
    1206:	fd cf       	rjmp	.-6      	; 0x1202 <main+0x4>

00001208 <measurement_service_acquire_average>:

uint8_t measurement_service_acquire_average(
    const calibration_record_t *calibration,
    measurement_result_t *result,
    void (*background_process)(void))
{
    1208:	2f 92       	push	r2
    120a:	3f 92       	push	r3
    120c:	4f 92       	push	r4
    120e:	5f 92       	push	r5
    1210:	6f 92       	push	r6
    1212:	7f 92       	push	r7
    1214:	8f 92       	push	r8
    1216:	9f 92       	push	r9
    1218:	af 92       	push	r10
    121a:	bf 92       	push	r11
    121c:	cf 92       	push	r12
    121e:	df 92       	push	r13
    1220:	ef 92       	push	r14
    1222:	ff 92       	push	r15
    1224:	0f 93       	push	r16
    1226:	1f 93       	push	r17
    1228:	cf 93       	push	r28
    122a:	df 93       	push	r29
    122c:	cd b7       	in	r28, 0x3d	; 61
    122e:	de b7       	in	r29, 0x3e	; 62
    1230:	6a 97       	sbiw	r28, 0x1a	; 26
    1232:	0f b6       	in	r0, 0x3f	; 63
    1234:	f8 94       	cli
    1236:	de bf       	out	0x3e, r29	; 62
    1238:	0f be       	out	0x3f, r0	; 63
    123a:	cd bf       	out	0x3d, r28	; 61
    int32_t sum_by = 0;
    int32_t sum_bz = 0;
    uint8_t last_status = 0;
    uint8_t valid = 0;

    if (calibration == 0 || result == 0) return 0U;
    123c:	00 97       	sbiw	r24, 0x00	; 0
    123e:	09 f4       	brne	.+2      	; 0x1242 <measurement_service_acquire_average+0x3a>
    1240:	b6 c0       	rjmp	.+364    	; 0x13ae <measurement_service_acquire_average+0x1a6>
    1242:	61 15       	cp	r22, r1
    1244:	71 05       	cpc	r23, r1
    1246:	09 f4       	brne	.+2      	; 0x124a <measurement_service_acquire_average+0x42>
    1248:	b4 c0       	rjmp	.+360    	; 0x13b2 <measurement_service_acquire_average+0x1aa>
    124a:	1a 01       	movw	r2, r20
    124c:	78 8b       	std	Y+16, r23	; 0x10
    124e:	6f 87       	std	Y+15, r22	; 0x0f
    1250:	9e 8b       	std	Y+22, r25	; 0x16
    1252:	8d 8b       	std	Y+21, r24	; 0x15
    1254:	10 e0       	ldi	r17, 0x00	; 0
    1256:	00 e0       	ldi	r16, 0x00	; 0
    1258:	1e 86       	std	Y+14, r1	; 0x0e
    125a:	41 2c       	mov	r4, r1
    125c:	51 2c       	mov	r5, r1
    125e:	32 01       	movw	r6, r4
    1260:	1a 86       	std	Y+10, r1	; 0x0a
    1262:	1b 86       	std	Y+11, r1	; 0x0b
    1264:	1c 86       	std	Y+12, r1	; 0x0c
    1266:	1d 86       	std	Y+13, r1	; 0x0d
    1268:	81 2c       	mov	r8, r1
    126a:	91 2c       	mov	r9, r1
    126c:	54 01       	movw	r10, r8
    126e:	c1 2c       	mov	r12, r1
    1270:	d1 2c       	mov	r13, r1
    1272:	76 01       	movw	r14, r12
    1274:	45 c0       	rjmp	.+138    	; 0x1300 <measurement_service_acquire_average+0xf8>

    for (uint8_t index = 0; index < AVERAGE_SAMPLES; index++) {
        tmag5273_raw_sample_t sample;

        if (tmag5273_read_raw(&sample)) {
    1276:	ce 01       	movw	r24, r28
    1278:	01 96       	adiw	r24, 0x01	; 1
    127a:	0e 94 a9 0c 	call	0x1952	; 0x1952 <tmag5273_read_raw>
    127e:	88 23       	and	r24, r24
    1280:	99 f1       	breq	.+102    	; 0x12e8 <measurement_service_acquire_average+0xe0>
            sum_temperature += sample.temperature_raw;
    1282:	89 81       	ldd	r24, Y+1	; 0x01
    1284:	9a 81       	ldd	r25, Y+2	; 0x02
    1286:	09 2e       	mov	r0, r25
    1288:	00 0c       	add	r0, r0
    128a:	aa 0b       	sbc	r26, r26
    128c:	bb 0b       	sbc	r27, r27
    128e:	c8 0e       	add	r12, r24
    1290:	d9 1e       	adc	r13, r25
    1292:	ea 1e       	adc	r14, r26
    1294:	fb 1e       	adc	r15, r27
            sum_bx += sample.bx_raw;
    1296:	8b 81       	ldd	r24, Y+3	; 0x03
    1298:	9c 81       	ldd	r25, Y+4	; 0x04
    129a:	09 2e       	mov	r0, r25
    129c:	00 0c       	add	r0, r0
    129e:	aa 0b       	sbc	r26, r26
    12a0:	bb 0b       	sbc	r27, r27
    12a2:	88 0e       	add	r8, r24
    12a4:	99 1e       	adc	r9, r25
    12a6:	aa 1e       	adc	r10, r26
    12a8:	bb 1e       	adc	r11, r27
            sum_by += sample.by_raw;
    12aa:	8d 81       	ldd	r24, Y+5	; 0x05
    12ac:	9e 81       	ldd	r25, Y+6	; 0x06
    12ae:	09 2e       	mov	r0, r25
    12b0:	00 0c       	add	r0, r0
    12b2:	aa 0b       	sbc	r26, r26
    12b4:	bb 0b       	sbc	r27, r27
    12b6:	2a 85       	ldd	r18, Y+10	; 0x0a
    12b8:	3b 85       	ldd	r19, Y+11	; 0x0b
    12ba:	4c 85       	ldd	r20, Y+12	; 0x0c
    12bc:	5d 85       	ldd	r21, Y+13	; 0x0d
    12be:	28 0f       	add	r18, r24
    12c0:	39 1f       	adc	r19, r25
    12c2:	4a 1f       	adc	r20, r26
    12c4:	5b 1f       	adc	r21, r27
    12c6:	2a 87       	std	Y+10, r18	; 0x0a
    12c8:	3b 87       	std	Y+11, r19	; 0x0b
    12ca:	4c 87       	std	Y+12, r20	; 0x0c
    12cc:	5d 87       	std	Y+13, r21	; 0x0d
            sum_bz += sample.bz_raw;
    12ce:	8f 81       	ldd	r24, Y+7	; 0x07
    12d0:	98 85       	ldd	r25, Y+8	; 0x08
    12d2:	09 2e       	mov	r0, r25
    12d4:	00 0c       	add	r0, r0
    12d6:	aa 0b       	sbc	r26, r26
    12d8:	bb 0b       	sbc	r27, r27
    12da:	48 0e       	add	r4, r24
    12dc:	59 1e       	adc	r5, r25
    12de:	6a 1e       	adc	r6, r26
    12e0:	7b 1e       	adc	r7, r27
            last_status = sample.status;
    12e2:	39 85       	ldd	r19, Y+9	; 0x09
    12e4:	3e 87       	std	Y+14, r19	; 0x0e
            valid++;
    12e6:	0f 5f       	subi	r16, 0xFF	; 255
        }

        if (background_process != 0) background_process();
    12e8:	21 14       	cp	r2, r1
    12ea:	31 04       	cpc	r3, r1
    12ec:	11 f0       	breq	.+4      	; 0x12f2 <measurement_service_acquire_average+0xea>
    12ee:	f1 01       	movw	r30, r2
    12f0:	09 95       	icall
	#else
		//round up by default
		__ticks_dc = (uint32_t)(ceil(fabs(__tmp)));
	#endif

	__builtin_avr_delay_cycles(__ticks_dc);
    12f2:	87 ea       	ldi	r24, 0xA7	; 167
    12f4:	91 e6       	ldi	r25, 0x61	; 97
    12f6:	01 97       	sbiw	r24, 0x01	; 1
    12f8:	f1 f7       	brne	.-4      	; 0x12f6 <measurement_service_acquire_average+0xee>
    12fa:	00 c0       	rjmp	.+0      	; 0x12fc <measurement_service_acquire_average+0xf4>
    12fc:	00 00       	nop
    uint8_t last_status = 0;
    uint8_t valid = 0;

    if (calibration == 0 || result == 0) return 0U;

    for (uint8_t index = 0; index < AVERAGE_SAMPLES; index++) {
    12fe:	1f 5f       	subi	r17, 0xFF	; 255
    1300:	1a 30       	cpi	r17, 0x0A	; 10
    1302:	08 f4       	brcc	.+2      	; 0x1306 <measurement_service_acquire_average+0xfe>
    1304:	b8 cf       	rjmp	.-144    	; 0x1276 <measurement_service_acquire_average+0x6e>

        if (background_process != 0) background_process();
        _delay_ms(SAMPLE_INTERVAL_MS);
    }

    result->valid_samples = valid;
    1306:	af 85       	ldd	r26, Y+15	; 0x0f
    1308:	b8 89       	ldd	r27, Y+16	; 0x10
    130a:	51 96       	adiw	r26, 0x11	; 17
    130c:	0c 93       	st	X, r16
    if (valid == 0U) return 0U;
    130e:	00 23       	and	r16, r16
    1310:	09 f4       	brne	.+2      	; 0x1314 <measurement_service_acquire_average+0x10c>
    1312:	51 c0       	rjmp	.+162    	; 0x13b6 <measurement_service_acquire_average+0x1ae>

    tmag5273_convert_averaged_raw(sum_temperature / valid,
    1314:	20 2f       	mov	r18, r16
    1316:	30 e0       	ldi	r19, 0x00	; 0
    1318:	40 e0       	ldi	r20, 0x00	; 0
    131a:	50 e0       	ldi	r21, 0x00	; 0
    131c:	29 8b       	std	Y+17, r18	; 0x11
    131e:	3a 8b       	std	Y+18, r19	; 0x12
    1320:	4b 8b       	std	Y+19, r20	; 0x13
    1322:	5c 8b       	std	Y+20, r21	; 0x14
    1324:	c3 01       	movw	r24, r6
    1326:	b2 01       	movw	r22, r4
    1328:	0e 94 04 12 	call	0x2408	; 0x2408 <__divmodsi4>
    132c:	2f 8b       	std	Y+23, r18	; 0x17
    132e:	38 8f       	std	Y+24, r19	; 0x18
    1330:	49 8f       	std	Y+25, r20	; 0x19
    1332:	5a 8f       	std	Y+26, r21	; 0x1a
    1334:	6a 85       	ldd	r22, Y+10	; 0x0a
    1336:	7b 85       	ldd	r23, Y+11	; 0x0b
    1338:	8c 85       	ldd	r24, Y+12	; 0x0c
    133a:	9d 85       	ldd	r25, Y+13	; 0x0d
    133c:	29 89       	ldd	r18, Y+17	; 0x11
    133e:	3a 89       	ldd	r19, Y+18	; 0x12
    1340:	4b 89       	ldd	r20, Y+19	; 0x13
    1342:	5c 89       	ldd	r21, Y+20	; 0x14
    1344:	0e 94 04 12 	call	0x2408	; 0x2408 <__divmodsi4>
    1348:	2a 87       	std	Y+10, r18	; 0x0a
    134a:	3b 87       	std	Y+11, r19	; 0x0b
    134c:	4c 87       	std	Y+12, r20	; 0x0c
    134e:	5d 87       	std	Y+13, r21	; 0x0d
    1350:	c5 01       	movw	r24, r10
    1352:	b4 01       	movw	r22, r8
    1354:	29 89       	ldd	r18, Y+17	; 0x11
    1356:	3a 89       	ldd	r19, Y+18	; 0x12
    1358:	4b 89       	ldd	r20, Y+19	; 0x13
    135a:	5c 89       	ldd	r21, Y+20	; 0x14
    135c:	0e 94 04 12 	call	0x2408	; 0x2408 <__divmodsi4>
    1360:	29 01       	movw	r4, r18
    1362:	3a 01       	movw	r6, r20
    1364:	c7 01       	movw	r24, r14
    1366:	b6 01       	movw	r22, r12
    1368:	29 89       	ldd	r18, Y+17	; 0x11
    136a:	3a 89       	ldd	r19, Y+18	; 0x12
    136c:	4b 89       	ldd	r20, Y+19	; 0x13
    136e:	5c 89       	ldd	r21, Y+20	; 0x14
    1370:	0e 94 04 12 	call	0x2408	; 0x2408 <__divmodsi4>
    1374:	ca 01       	movw	r24, r20
    1376:	b9 01       	movw	r22, r18
    1378:	38 89       	ldd	r19, Y+16	; 0x10
    137a:	3f 93       	push	r19
    137c:	4f 85       	ldd	r20, Y+15	; 0x0f
    137e:	4f 93       	push	r20
    1380:	8e 84       	ldd	r8, Y+14	; 0x0e
    1382:	af 88       	ldd	r10, Y+23	; 0x17
    1384:	b8 8c       	ldd	r11, Y+24	; 0x18
    1386:	c9 8c       	ldd	r12, Y+25	; 0x19
    1388:	da 8c       	ldd	r13, Y+26	; 0x1a
    138a:	ea 84       	ldd	r14, Y+10	; 0x0a
    138c:	fb 84       	ldd	r15, Y+11	; 0x0b
    138e:	0c 85       	ldd	r16, Y+12	; 0x0c
    1390:	1d 85       	ldd	r17, Y+13	; 0x0d
    1392:	a3 01       	movw	r20, r6
    1394:	92 01       	movw	r18, r4
    1396:	0e 94 02 0d 	call	0x1a04	; 0x1a04 <tmag5273_convert_averaged_raw>
                                  sum_by / valid,
                                  sum_bz / valid,
                                  last_status,
                                  &result->value);

    calibration_apply(calibration, &result->value);
    139a:	6f 85       	ldd	r22, Y+15	; 0x0f
    139c:	78 89       	ldd	r23, Y+16	; 0x10
    139e:	8d 89       	ldd	r24, Y+21	; 0x15
    13a0:	9e 89       	ldd	r25, Y+22	; 0x16
    13a2:	0e 94 f2 01 	call	0x3e4	; 0x3e4 <calibration_apply>
    return 1U;
    13a6:	0f 90       	pop	r0
    13a8:	0f 90       	pop	r0
    13aa:	81 e0       	ldi	r24, 0x01	; 1
    13ac:	05 c0       	rjmp	.+10     	; 0x13b8 <measurement_service_acquire_average+0x1b0>
    int32_t sum_by = 0;
    int32_t sum_bz = 0;
    uint8_t last_status = 0;
    uint8_t valid = 0;

    if (calibration == 0 || result == 0) return 0U;
    13ae:	80 e0       	ldi	r24, 0x00	; 0
    13b0:	03 c0       	rjmp	.+6      	; 0x13b8 <measurement_service_acquire_average+0x1b0>
    13b2:	80 e0       	ldi	r24, 0x00	; 0
    13b4:	01 c0       	rjmp	.+2      	; 0x13b8 <measurement_service_acquire_average+0x1b0>
        if (background_process != 0) background_process();
        _delay_ms(SAMPLE_INTERVAL_MS);
    }

    result->valid_samples = valid;
    if (valid == 0U) return 0U;
    13b6:	80 e0       	ldi	r24, 0x00	; 0
                                  last_status,
                                  &result->value);

    calibration_apply(calibration, &result->value);
    return 1U;
}
    13b8:	6a 96       	adiw	r28, 0x1a	; 26
    13ba:	0f b6       	in	r0, 0x3f	; 63
    13bc:	f8 94       	cli
    13be:	de bf       	out	0x3e, r29	; 62
    13c0:	0f be       	out	0x3f, r0	; 63
    13c2:	cd bf       	out	0x3d, r28	; 61
    13c4:	df 91       	pop	r29
    13c6:	cf 91       	pop	r28
    13c8:	1f 91       	pop	r17
    13ca:	0f 91       	pop	r16
    13cc:	ff 90       	pop	r15
    13ce:	ef 90       	pop	r14
    13d0:	df 90       	pop	r13
    13d2:	cf 90       	pop	r12
    13d4:	bf 90       	pop	r11
    13d6:	af 90       	pop	r10
    13d8:	9f 90       	pop	r9
    13da:	8f 90       	pop	r8
    13dc:	7f 90       	pop	r7
    13de:	6f 90       	pop	r6
    13e0:	5f 90       	pop	r5
    13e2:	4f 90       	pop	r4
    13e4:	3f 90       	pop	r3
    13e6:	2f 90       	pop	r2
    13e8:	08 95       	ret

000013ea <process_commands>:
static uint32_t sequence;
static uint8_t node_id;

static void process_commands(void)
{
    watchdog_service_kick();
    13ea:	0e 94 cf 11 	call	0x239e	; 0x239e <watchdog_service_kick>
    commands_process_pending(&calibration, &calibration_status, node_id);
    13ee:	40 91 a2 07 	lds	r20, 0x07A2	; 0x8007a2 <node_id>
    13f2:	67 ea       	ldi	r22, 0xA7	; 167
    13f4:	77 e0       	ldi	r23, 0x07	; 7
    13f6:	88 ea       	ldi	r24, 0xA8	; 168
    13f8:	97 e0       	ldi	r25, 0x07	; 7
    13fa:	0e 94 4b 06 	call	0xc96	; 0xc96 <commands_process_pending>
    status_leds_set_calibration_state(calibration_status);
    13fe:	80 91 a7 07 	lds	r24, 0x07A7	; 0x8007a7 <calibration_status>
    1402:	0e 94 1d 0c 	call	0x183a	; 0x183a <status_leds_set_calibration_state>
    status_leds_process();
    1406:	0e 94 2f 0c 	call	0x185e	; 0x185e <status_leds_process>
    140a:	08 95       	ret

0000140c <fatal_error>:
}

static void fatal_error(const char *message)
{
    transport_service_publish_error(message);
    140c:	0e 94 fe 0d 	call	0x1bfc	; 0x1bfc <transport_service_publish_error>
    status_leds_set_sensor_state(STATUS_SENSOR_ERROR);
    1410:	82 e0       	ldi	r24, 0x02	; 2
    1412:	0e 94 05 0c 	call	0x180a	; 0x180a <status_leds_set_sensor_state>

    while (1) {
        process_commands();
    1416:	0e 94 f5 09 	call	0x13ea	; 0x13ea <process_commands>
    141a:	8f e4       	ldi	r24, 0x4F	; 79
    141c:	93 ec       	ldi	r25, 0xC3	; 195
    141e:	01 97       	sbiw	r24, 0x01	; 1
    1420:	f1 f7       	brne	.-4      	; 0x141e <fatal_error+0x12>
    1422:	00 c0       	rjmp	.+0      	; 0x1424 <fatal_error+0x18>
    1424:	00 00       	nop
    1426:	f7 cf       	rjmp	.-18     	; 0x1416 <fatal_error+0xa>

00001428 <node_app_init>:
        _delay_ms(200);
    }
}

void node_app_init(void)
{
    1428:	cf 93       	push	r28
    142a:	df 93       	push	r29
    142c:	1f 92       	push	r1
    142e:	cd b7       	in	r28, 0x3d	; 61
    1430:	de b7       	in	r29, 0x3e	; 62
    uint8_t device_id = 0;
    1432:	19 82       	std	Y+1, r1	; 0x01

    diagnostics_init();
    1434:	0e 94 fd 06 	call	0xdfa	; 0xdfa <diagnostics_init>
    transport_service_init();
    1438:	0e 94 fb 0d 	call	0x1bf6	; 0x1bf6 <transport_service_init>
    twi1_init();
    143c:	0e 94 22 0f 	call	0x1e44	; 0x1e44 <twi1_init>
    board_id_init();
    1440:	0e 94 88 00 	call	0x110	; 0x110 <board_id_init>
    status_leds_init();
    1444:	0e 94 ab 0b 	call	0x1756	; 0x1756 <status_leds_init>
    status_leds_run_post();
    1448:	0e 94 b9 0b 	call	0x1772	; 0x1772 <status_leds_run_post>
    sei();
    144c:	78 94       	sei

    node_id = board_id_read();
    144e:	0e 94 95 00 	call	0x12a	; 0x12a <board_id_read>
    1452:	80 93 a2 07 	sts	0x07A2, r24	; 0x8007a2 <node_id>
    sequence = 0UL;
    1456:	10 92 a3 07 	sts	0x07A3, r1	; 0x8007a3 <sequence>
    145a:	10 92 a4 07 	sts	0x07A4, r1	; 0x8007a4 <sequence+0x1>
    145e:	10 92 a5 07 	sts	0x07A5, r1	; 0x8007a5 <sequence+0x2>
    1462:	10 92 a6 07 	sts	0x07A6, r1	; 0x8007a6 <sequence+0x3>
    calibration_status = calibration_load(&calibration);
    1466:	88 ea       	ldi	r24, 0xA8	; 168
    1468:	97 e0       	ldi	r25, 0x07	; 7
    146a:	0e 94 42 01 	call	0x284	; 0x284 <calibration_load>
    146e:	80 93 a7 07 	sts	0x07A7, r24	; 0x8007a7 <calibration_status>
    status_leds_set_calibration_state(calibration_status);
    1472:	0e 94 1d 0c 	call	0x183a	; 0x183a <status_leds_set_calibration_state>

    if (!tmag5273_read_device_id(&device_id)) {
    1476:	ce 01       	movw	r24, r28
    1478:	01 96       	adiw	r24, 0x01	; 1
    147a:	0e 94 7a 0c 	call	0x18f4	; 0x18f4 <tmag5273_read_device_id>
    147e:	81 11       	cpse	r24, r1
    1480:	04 c0       	rjmp	.+8      	; 0x148a <node_app_init+0x62>
        fatal_error("TMAG_DEVICE_ID_READ");
    1482:	8f e1       	ldi	r24, 0x1F	; 31
    1484:	94 e0       	ldi	r25, 0x04	; 4
    1486:	0e 94 06 0a 	call	0x140c	; 0x140c <fatal_error>
    }

    if (!tmag5273_init()) {
    148a:	0e 94 8a 0c 	call	0x1914	; 0x1914 <tmag5273_init>
    148e:	81 11       	cpse	r24, r1
    1490:	04 c0       	rjmp	.+8      	; 0x149a <node_app_init+0x72>
        fatal_error("TMAG_INIT");
    1492:	83 e3       	ldi	r24, 0x33	; 51
    1494:	94 e0       	ldi	r25, 0x04	; 4
    1496:	0e 94 06 0a 	call	0x140c	; 0x140c <fatal_error>
    }

    status_leds_set_sensor_state(STATUS_SENSOR_OK);
    149a:	81 e0       	ldi	r24, 0x01	; 1
    149c:	0e 94 05 0c 	call	0x180a	; 0x180a <status_leds_set_sensor_state>

    transport_service_print_startup(&calibration,
    14a0:	29 81       	ldd	r18, Y+1	; 0x01
    14a2:	40 91 a2 07 	lds	r20, 0x07A2	; 0x8007a2 <node_id>
    14a6:	60 91 a7 07 	lds	r22, 0x07A7	; 0x8007a7 <calibration_status>
    14aa:	88 ea       	ldi	r24, 0xA8	; 168
    14ac:	97 e0       	ldi	r25, 0x07	; 7
    14ae:	0e 94 0f 0e 	call	0x1c1e	; 0x1c1e <transport_service_print_startup>
                                    calibration_status,
                                    node_id,
                                    device_id);
    node_identity_print_boot_banner(node_id, calibration_status);
    14b2:	60 91 a7 07 	lds	r22, 0x07A7	; 0x8007a7 <calibration_status>
    14b6:	80 91 a2 07 	lds	r24, 0x07A2	; 0x8007a2 <node_id>
    14ba:	0e 94 53 0b 	call	0x16a6	; 0x16a6 <node_identity_print_boot_banner>
    watchdog_service_init();
    14be:	0e 94 c3 11 	call	0x2386	; 0x2386 <watchdog_service_init>
}
    14c2:	0f 90       	pop	r0
    14c4:	df 91       	pop	r29
    14c6:	cf 91       	pop	r28
    14c8:	08 95       	ret

000014ca <node_app_process>:

void node_app_process(void)
{
    14ca:	0f 93       	push	r16
    14cc:	1f 93       	push	r17
    14ce:	cf 93       	push	r28
    14d0:	df 93       	push	r29
    14d2:	cd b7       	in	r28, 0x3d	; 61
    14d4:	de b7       	in	r29, 0x3e	; 62
    14d6:	62 97       	sbiw	r28, 0x12	; 18
    14d8:	0f b6       	in	r0, 0x3f	; 63
    14da:	f8 94       	cli
    14dc:	de bf       	out	0x3e, r29	; 62
    14de:	0f be       	out	0x3f, r0	; 63
    14e0:	cd bf       	out	0x3d, r28	; 61
    measurement_result_t result;

    watchdog_service_kick();
    14e2:	0e 94 cf 11 	call	0x239e	; 0x239e <watchdog_service_kick>

    process_commands();
    14e6:	0e 94 f5 09 	call	0x13ea	; 0x13ea <process_commands>

    if (!measurement_service_acquire_average(&calibration,
    14ea:	45 ef       	ldi	r20, 0xF5	; 245
    14ec:	59 e0       	ldi	r21, 0x09	; 9
    14ee:	be 01       	movw	r22, r28
    14f0:	6f 5f       	subi	r22, 0xFF	; 255
    14f2:	7f 4f       	sbci	r23, 0xFF	; 255
    14f4:	88 ea       	ldi	r24, 0xA8	; 168
    14f6:	97 e0       	ldi	r25, 0x07	; 7
    14f8:	0e 94 04 09 	call	0x1208	; 0x1208 <measurement_service_acquire_average>
    14fc:	81 11       	cpse	r24, r1
    14fe:	18 c0       	rjmp	.+48     	; 0x1530 <node_app_process+0x66>
                                             &result,
                                             process_commands)) {
        uart0_print("ERROR,TMAG_NO_VALID_SAMPLES,SEQ=");
    1500:	8d e3       	ldi	r24, 0x3D	; 61
    1502:	94 e0       	ldi	r25, 0x04	; 4
    1504:	0e 94 3e 10 	call	0x207c	; 0x207c <uart0_print>
        uart0_print_uint32(sequence);
    1508:	60 91 a3 07 	lds	r22, 0x07A3	; 0x8007a3 <sequence>
    150c:	70 91 a4 07 	lds	r23, 0x07A4	; 0x8007a4 <sequence+0x1>
    1510:	80 91 a5 07 	lds	r24, 0x07A5	; 0x8007a5 <sequence+0x2>
    1514:	90 91 a6 07 	lds	r25, 0x07A6	; 0x8007a6 <sequence+0x3>
    1518:	0e 94 b7 10 	call	0x216e	; 0x216e <uart0_print_uint32>
        uart0_print("\r\n");
    151c:	88 e0       	ldi	r24, 0x08	; 8
    151e:	97 e0       	ldi	r25, 0x07	; 7
    1520:	0e 94 3e 10 	call	0x207c	; 0x207c <uart0_print>
        status_leds_set_sensor_state(STATUS_SENSOR_ERROR);
    1524:	82 e0       	ldi	r24, 0x02	; 2
    1526:	0e 94 05 0c 	call	0x180a	; 0x180a <status_leds_set_sensor_state>
        diagnostics_record_measurement_failed();
    152a:	0e 94 1f 08 	call	0x103e	; 0x103e <diagnostics_record_measurement_failed>
    152e:	2f c0       	rjmp	.+94     	; 0x158e <node_app_process+0xc4>
        return;
    }

    status_leds_set_sensor_state(STATUS_SENSOR_OK);
    1530:	81 e0       	ldi	r24, 0x01	; 1
    1532:	0e 94 05 0c 	call	0x180a	; 0x180a <status_leds_set_sensor_state>
    diagnostics_record_measurement_ok();
    1536:	0e 94 11 08 	call	0x1022	; 0x1022 <diagnostics_record_measurement_ok>

    transport_service_publish_measurement(node_id,
    153a:	40 91 a3 07 	lds	r20, 0x07A3	; 0x8007a3 <sequence>
    153e:	50 91 a4 07 	lds	r21, 0x07A4	; 0x8007a4 <sequence+0x1>
    1542:	60 91 a5 07 	lds	r22, 0x07A5	; 0x8007a5 <sequence+0x2>
    1546:	70 91 a6 07 	lds	r23, 0x07A6	; 0x8007a6 <sequence+0x3>
    154a:	8e 01       	movw	r16, r28
    154c:	0f 5f       	subi	r16, 0xFF	; 255
    154e:	1f 4f       	sbci	r17, 0xFF	; 255
    1550:	20 91 a7 07 	lds	r18, 0x07A7	; 0x8007a7 <calibration_status>
    1554:	80 91 a2 07 	lds	r24, 0x07A2	; 0x8007a2 <node_id>
    1558:	0e 94 73 0e 	call	0x1ce6	; 0x1ce6 <transport_service_publish_measurement>
                                          sequence,
                                          calibration_status,
                                          &result);
    sequence++;
    155c:	80 91 a3 07 	lds	r24, 0x07A3	; 0x8007a3 <sequence>
    1560:	90 91 a4 07 	lds	r25, 0x07A4	; 0x8007a4 <sequence+0x1>
    1564:	a0 91 a5 07 	lds	r26, 0x07A5	; 0x8007a5 <sequence+0x2>
    1568:	b0 91 a6 07 	lds	r27, 0x07A6	; 0x8007a6 <sequence+0x3>
    156c:	01 96       	adiw	r24, 0x01	; 1
    156e:	a1 1d       	adc	r26, r1
    1570:	b1 1d       	adc	r27, r1
    1572:	80 93 a3 07 	sts	0x07A3, r24	; 0x8007a3 <sequence>
    1576:	90 93 a4 07 	sts	0x07A4, r25	; 0x8007a4 <sequence+0x1>
    157a:	a0 93 a5 07 	sts	0x07A5, r26	; 0x8007a5 <sequence+0x2>
    157e:	b0 93 a6 07 	sts	0x07A6, r27	; 0x8007a6 <sequence+0x3>

    /* PD5 remains the established heartbeat: one toggle per published packet. */
    PORTD ^= (1 << PD5);
    1582:	9b b1       	in	r25, 0x0b	; 11
    1584:	80 e2       	ldi	r24, 0x20	; 32
    1586:	89 27       	eor	r24, r25
    1588:	8b b9       	out	0x0b, r24	; 11
    watchdog_service_kick();
    158a:	0e 94 cf 11 	call	0x239e	; 0x239e <watchdog_service_kick>
}
    158e:	62 96       	adiw	r28, 0x12	; 18
    1590:	0f b6       	in	r0, 0x3f	; 63
    1592:	f8 94       	cli
    1594:	de bf       	out	0x3e, r29	; 62
    1596:	0f be       	out	0x3f, r0	; 63
    1598:	cd bf       	out	0x3d, r28	; 61
    159a:	df 91       	pop	r29
    159c:	cf 91       	pop	r28
    159e:	1f 91       	pop	r17
    15a0:	0f 91       	pop	r16
    15a2:	08 95       	ret

000015a4 <calibration_status_text>:
#include "node_identity.h"
#include "uart0.h"

static const char *calibration_status_text(calibration_status_t status)
{
    if (status == CALIBRATION_STATUS_VALID) return "VALID";
    15a4:	81 30       	cpi	r24, 0x01	; 1
    15a6:	29 f0       	breq	.+10     	; 0x15b2 <calibration_status_text+0xe>
    if (status == CALIBRATION_STATUS_DIRTY) return "DIRTY";
    15a8:	82 30       	cpi	r24, 0x02	; 2
    15aa:	31 f4       	brne	.+12     	; 0x15b8 <calibration_status_text+0x14>
    15ac:	86 e0       	ldi	r24, 0x06	; 6
    15ae:	91 e0       	ldi	r25, 0x01	; 1
    15b0:	08 95       	ret
#include "node_identity.h"
#include "uart0.h"

static const char *calibration_status_text(calibration_status_t status)
{
    if (status == CALIBRATION_STATUS_VALID) return "VALID";
    15b2:	80 e0       	ldi	r24, 0x00	; 0
    15b4:	91 e0       	ldi	r25, 0x01	; 1
    15b6:	08 95       	ret
    if (status == CALIBRATION_STATUS_DIRTY) return "DIRTY";
    return "DEFAULT";
    15b8:	8c e0       	ldi	r24, 0x0C	; 12
    15ba:	91 e0       	ldi	r25, 0x01	; 1
}
    15bc:	08 95       	ret

000015be <node_identity_print_info>:

void node_identity_print_info(uint8_t node_id,
                              calibration_status_t calibration_status)
{
    15be:	cf 93       	push	r28
    15c0:	df 93       	push	r29
    15c2:	d8 2f       	mov	r29, r24
    15c4:	c6 2f       	mov	r28, r22
    uart0_print("$ND280INFO,ID=");
    15c6:	8e e5       	ldi	r24, 0x5E	; 94
    15c8:	94 e0       	ldi	r25, 0x04	; 4
    15ca:	0e 94 3e 10 	call	0x207c	; 0x207c <uart0_print>
    uart0_print_uint16(node_id);
    15ce:	8d 2f       	mov	r24, r29
    15d0:	90 e0       	ldi	r25, 0x00	; 0
    15d2:	0e 94 60 10 	call	0x20c0	; 0x20c0 <uart0_print_uint16>
    uart0_print(",NODEOS=");
    15d6:	8d e6       	ldi	r24, 0x6D	; 109
    15d8:	94 e0       	ldi	r25, 0x04	; 4
    15da:	0e 94 3e 10 	call	0x207c	; 0x207c <uart0_print>
    uart0_print(NODEOS_VERSION);
    15de:	86 e7       	ldi	r24, 0x76	; 118
    15e0:	94 e0       	ldi	r25, 0x04	; 4
    15e2:	0e 94 3e 10 	call	0x207c	; 0x207c <uart0_print>
    uart0_print(",PROTO=");
    15e6:	83 e8       	ldi	r24, 0x83	; 131
    15e8:	94 e0       	ldi	r25, 0x04	; 4
    15ea:	0e 94 3e 10 	call	0x207c	; 0x207c <uart0_print>
    uart0_print_uint16(NODEOS_PROTOCOL_VERSION);
    15ee:	81 e0       	ldi	r24, 0x01	; 1
    15f0:	90 e0       	ldi	r25, 0x00	; 0
    15f2:	0e 94 60 10 	call	0x20c0	; 0x20c0 <uart0_print_uint16>
    uart0_print(",BOARD_REV=");
    15f6:	8b e8       	ldi	r24, 0x8B	; 139
    15f8:	94 e0       	ldi	r25, 0x04	; 4
    15fa:	0e 94 3e 10 	call	0x207c	; 0x207c <uart0_print>
    uart0_print(NODE_BOARD_REVISION);
    15fe:	87 e9       	ldi	r24, 0x97	; 151
    1600:	94 e0       	ldi	r25, 0x04	; 4
    1602:	0e 94 3e 10 	call	0x207c	; 0x207c <uart0_print>
    uart0_print(",HW=");
    1606:	89 e9       	ldi	r24, 0x99	; 153
    1608:	94 e0       	ldi	r25, 0x04	; 4
    160a:	0e 94 3e 10 	call	0x207c	; 0x207c <uart0_print>
    uart0_print(NODE_HARDWARE_NAME);
    160e:	8e e9       	ldi	r24, 0x9E	; 158
    1610:	94 e0       	ldi	r25, 0x04	; 4
    1612:	0e 94 3e 10 	call	0x207c	; 0x207c <uart0_print>
    uart0_print(",MCU=");
    1616:	8f ea       	ldi	r24, 0xAF	; 175
    1618:	94 e0       	ldi	r25, 0x04	; 4
    161a:	0e 94 3e 10 	call	0x207c	; 0x207c <uart0_print>
    uart0_print(NODE_MCU_NAME);
    161e:	85 eb       	ldi	r24, 0xB5	; 181
    1620:	94 e0       	ldi	r25, 0x04	; 4
    1622:	0e 94 3e 10 	call	0x207c	; 0x207c <uart0_print>
    uart0_print(",SENSOR=");
    1626:	81 ec       	ldi	r24, 0xC1	; 193
    1628:	94 e0       	ldi	r25, 0x04	; 4
    162a:	0e 94 3e 10 	call	0x207c	; 0x207c <uart0_print>
    uart0_print(NODE_SENSOR_NAME);
    162e:	8a ec       	ldi	r24, 0xCA	; 202
    1630:	94 e0       	ldi	r25, 0x04	; 4
    1632:	0e 94 3e 10 	call	0x207c	; 0x207c <uart0_print>
    uart0_print(",RANGE=");
    1636:	85 ed       	ldi	r24, 0xD5	; 213
    1638:	94 e0       	ldi	r25, 0x04	; 4
    163a:	0e 94 3e 10 	call	0x207c	; 0x207c <uart0_print>
    uart0_print_uint16(TMAG_FULL_SCALE_MT);
    163e:	8a e0       	ldi	r24, 0x0A	; 10
    1640:	91 e0       	ldi	r25, 0x01	; 1
    1642:	0e 94 60 10 	call	0x20c0	; 0x20c0 <uart0_print_uint16>
    uart0_print(",AVG=");
    1646:	8d ed       	ldi	r24, 0xDD	; 221
    1648:	94 e0       	ldi	r25, 0x04	; 4
    164a:	0e 94 3e 10 	call	0x207c	; 0x207c <uart0_print>
    uart0_print_uint16(AVERAGE_SAMPLES);
    164e:	8a e0       	ldi	r24, 0x0A	; 10
    1650:	90 e0       	ldi	r25, 0x00	; 0
    1652:	0e 94 60 10 	call	0x20c0	; 0x20c0 <uart0_print_uint16>
    uart0_print(",EEPROM_VER=");
    1656:	83 ee       	ldi	r24, 0xE3	; 227
    1658:	94 e0       	ldi	r25, 0x04	; 4
    165a:	0e 94 3e 10 	call	0x207c	; 0x207c <uart0_print>
    uart0_print_uint16(CALIBRATION_VERSION);
    165e:	81 e0       	ldi	r24, 0x01	; 1
    1660:	90 e0       	ldi	r25, 0x00	; 0
    1662:	0e 94 60 10 	call	0x20c0	; 0x20c0 <uart0_print_uint16>
    uart0_print(",CAL=");
    1666:	80 ef       	ldi	r24, 0xF0	; 240
    1668:	94 e0       	ldi	r25, 0x04	; 4
    166a:	0e 94 3e 10 	call	0x207c	; 0x207c <uart0_print>
    uart0_print(calibration_status_text(calibration_status));
    166e:	8c 2f       	mov	r24, r28
    1670:	0e 94 d2 0a 	call	0x15a4	; 0x15a4 <calibration_status_text>
    1674:	0e 94 3e 10 	call	0x207c	; 0x207c <uart0_print>
    uart0_print(",BUILD_DATE=");
    1678:	86 ef       	ldi	r24, 0xF6	; 246
    167a:	94 e0       	ldi	r25, 0x04	; 4
    167c:	0e 94 3e 10 	call	0x207c	; 0x207c <uart0_print>
    uart0_print(__DATE__);
    1680:	83 e0       	ldi	r24, 0x03	; 3
    1682:	95 e0       	ldi	r25, 0x05	; 5
    1684:	0e 94 3e 10 	call	0x207c	; 0x207c <uart0_print>
    uart0_print(",BUILD_TIME=");
    1688:	8f e0       	ldi	r24, 0x0F	; 15
    168a:	95 e0       	ldi	r25, 0x05	; 5
    168c:	0e 94 3e 10 	call	0x207c	; 0x207c <uart0_print>
    uart0_print(__TIME__);
    1690:	8c e1       	ldi	r24, 0x1C	; 28
    1692:	95 e0       	ldi	r25, 0x05	; 5
    1694:	0e 94 3e 10 	call	0x207c	; 0x207c <uart0_print>
    uart0_print("\r\n");
    1698:	88 e0       	ldi	r24, 0x08	; 8
    169a:	97 e0       	ldi	r25, 0x07	; 7
    169c:	0e 94 3e 10 	call	0x207c	; 0x207c <uart0_print>
}
    16a0:	df 91       	pop	r29
    16a2:	cf 91       	pop	r28
    16a4:	08 95       	ret

000016a6 <node_identity_print_boot_banner>:

void node_identity_print_boot_banner(uint8_t node_id,
                                     calibration_status_t calibration_status)
{
    16a6:	cf 93       	push	r28
    16a8:	df 93       	push	r29
    16aa:	d8 2f       	mov	r29, r24
    16ac:	c6 2f       	mov	r28, r22
    uart0_print("NODEOS_VERSION=");
    16ae:	85 e2       	ldi	r24, 0x25	; 37
    16b0:	95 e0       	ldi	r25, 0x05	; 5
    16b2:	0e 94 3e 10 	call	0x207c	; 0x207c <uart0_print>
    uart0_print(NODEOS_VERSION);
    16b6:	86 e7       	ldi	r24, 0x76	; 118
    16b8:	94 e0       	ldi	r25, 0x04	; 4
    16ba:	0e 94 3e 10 	call	0x207c	; 0x207c <uart0_print>
    uart0_print(",PROTOCOL=");
    16be:	85 e3       	ldi	r24, 0x35	; 53
    16c0:	95 e0       	ldi	r25, 0x05	; 5
    16c2:	0e 94 3e 10 	call	0x207c	; 0x207c <uart0_print>
    uart0_print_uint16(NODEOS_PROTOCOL_VERSION);
    16c6:	81 e0       	ldi	r24, 0x01	; 1
    16c8:	90 e0       	ldi	r25, 0x00	; 0
    16ca:	0e 94 60 10 	call	0x20c0	; 0x20c0 <uart0_print_uint16>
    uart0_print(",BOARD_REV=");
    16ce:	8b e8       	ldi	r24, 0x8B	; 139
    16d0:	94 e0       	ldi	r25, 0x04	; 4
    16d2:	0e 94 3e 10 	call	0x207c	; 0x207c <uart0_print>
    uart0_print(NODE_BOARD_REVISION);
    16d6:	87 e9       	ldi	r24, 0x97	; 151
    16d8:	94 e0       	ldi	r25, 0x04	; 4
    16da:	0e 94 3e 10 	call	0x207c	; 0x207c <uart0_print>
    uart0_print(",MCU=");
    16de:	8f ea       	ldi	r24, 0xAF	; 175
    16e0:	94 e0       	ldi	r25, 0x04	; 4
    16e2:	0e 94 3e 10 	call	0x207c	; 0x207c <uart0_print>
    uart0_print(NODE_MCU_NAME);
    16e6:	85 eb       	ldi	r24, 0xB5	; 181
    16e8:	94 e0       	ldi	r25, 0x04	; 4
    16ea:	0e 94 3e 10 	call	0x207c	; 0x207c <uart0_print>
    uart0_print(",SENSOR=");
    16ee:	81 ec       	ldi	r24, 0xC1	; 193
    16f0:	94 e0       	ldi	r25, 0x04	; 4
    16f2:	0e 94 3e 10 	call	0x207c	; 0x207c <uart0_print>
    uart0_print(NODE_SENSOR_NAME);
    16f6:	8a ec       	ldi	r24, 0xCA	; 202
    16f8:	94 e0       	ldi	r25, 0x04	; 4
    16fa:	0e 94 3e 10 	call	0x207c	; 0x207c <uart0_print>
    uart0_print(",NODE_ID=");
    16fe:	80 e4       	ldi	r24, 0x40	; 64
    1700:	95 e0       	ldi	r25, 0x05	; 5
    1702:	0e 94 3e 10 	call	0x207c	; 0x207c <uart0_print>
    uart0_print_uint16(node_id);
    1706:	8d 2f       	mov	r24, r29
    1708:	90 e0       	ldi	r25, 0x00	; 0
    170a:	0e 94 60 10 	call	0x20c0	; 0x20c0 <uart0_print_uint16>
    uart0_print(",CAL=");
    170e:	80 ef       	ldi	r24, 0xF0	; 240
    1710:	94 e0       	ldi	r25, 0x04	; 4
    1712:	0e 94 3e 10 	call	0x207c	; 0x207c <uart0_print>
    uart0_print(calibration_status_text(calibration_status));
    1716:	8c 2f       	mov	r24, r28
    1718:	0e 94 d2 0a 	call	0x15a4	; 0x15a4 <calibration_status_text>
    171c:	0e 94 3e 10 	call	0x207c	; 0x207c <uart0_print>
    uart0_print("\r\nBUILD_DATE=");
    1720:	8a e4       	ldi	r24, 0x4A	; 74
    1722:	95 e0       	ldi	r25, 0x05	; 5
    1724:	0e 94 3e 10 	call	0x207c	; 0x207c <uart0_print>
    uart0_print(__DATE__);
    1728:	83 e0       	ldi	r24, 0x03	; 3
    172a:	95 e0       	ldi	r25, 0x05	; 5
    172c:	0e 94 3e 10 	call	0x207c	; 0x207c <uart0_print>
    uart0_print(",BUILD_TIME=");
    1730:	8f e0       	ldi	r24, 0x0F	; 15
    1732:	95 e0       	ldi	r25, 0x05	; 5
    1734:	0e 94 3e 10 	call	0x207c	; 0x207c <uart0_print>
    uart0_print(__TIME__);
    1738:	8c e1       	ldi	r24, 0x1C	; 28
    173a:	95 e0       	ldi	r25, 0x05	; 5
    173c:	0e 94 3e 10 	call	0x207c	; 0x207c <uart0_print>
    uart0_print("\r\n");
    1740:	88 e0       	ldi	r24, 0x08	; 8
    1742:	97 e0       	ldi	r25, 0x07	; 7
    1744:	0e 94 3e 10 	call	0x207c	; 0x207c <uart0_print>
}
    1748:	df 91       	pop	r29
    174a:	cf 91       	pop	r28
    174c:	08 95       	ret

0000174e <leds_all_off>:
static uint8_t sensor_ticks = 0U;
static uint8_t calibration_ticks = 0U;

static void leds_all_off(void)
{
    PORTD &= ~ALL_STATUS_LEDS;
    174e:	8b b1       	in	r24, 0x0b	; 11
    1750:	8f 71       	andi	r24, 0x1F	; 31
    1752:	8b b9       	out	0x0b, r24	; 11
    1754:	08 95       	ret

00001756 <status_leds_init>:
}

void status_leds_init(void)
{
    DDRD |= ALL_STATUS_LEDS;
    1756:	8a b1       	in	r24, 0x0a	; 10
    1758:	80 6e       	ori	r24, 0xE0	; 224
    175a:	8a b9       	out	0x0a, r24	; 10
    leds_all_off();
    175c:	0e 94 a7 0b 	call	0x174e	; 0x174e <leds_all_off>

    sensor_state = STATUS_SENSOR_STARTING;
    1760:	10 92 e3 07 	sts	0x07E3, r1	; 0x8007e3 <sensor_state>
    calibration_state = CALIBRATION_STATUS_DEFAULT;
    1764:	10 92 e2 07 	sts	0x07E2, r1	; 0x8007e2 <calibration_state>
    sensor_ticks = 0U;
    1768:	10 92 e1 07 	sts	0x07E1, r1	; 0x8007e1 <sensor_ticks>
    calibration_ticks = 0U;
    176c:	10 92 e0 07 	sts	0x07E0, r1	; 0x8007e0 <calibration_ticks>
    1770:	08 95       	ret

00001772 <status_leds_run_post>:
}

void status_leds_run_post(void)
{
    /* PD5 -> PD6 -> PD7 -> all LEDs. */
    leds_all_off();
    1772:	0e 94 a7 0b 	call	0x174e	; 0x174e <leds_all_off>

    PORTD |= (1 << HEARTBEAT_LED);
    1776:	8b b1       	in	r24, 0x0b	; 11
    1778:	80 62       	ori	r24, 0x20	; 32
    177a:	8b b9       	out	0x0b, r24	; 11
    177c:	8f e5       	ldi	r24, 0x5F	; 95
    177e:	9a ee       	ldi	r25, 0xEA	; 234
    1780:	01 97       	sbiw	r24, 0x01	; 1
    1782:	f1 f7       	brne	.-4      	; 0x1780 <status_leds_run_post+0xe>
    1784:	00 c0       	rjmp	.+0      	; 0x1786 <status_leds_run_post+0x14>
    1786:	00 00       	nop
    _delay_ms(POST_SINGLE_LED_MS);
    leds_all_off();
    1788:	0e 94 a7 0b 	call	0x174e	; 0x174e <leds_all_off>
    178c:	8f e2       	ldi	r24, 0x2F	; 47
    178e:	95 e7       	ldi	r25, 0x75	; 117
    1790:	01 97       	sbiw	r24, 0x01	; 1
    1792:	f1 f7       	brne	.-4      	; 0x1790 <status_leds_run_post+0x1e>
    1794:	00 c0       	rjmp	.+0      	; 0x1796 <status_leds_run_post+0x24>
    1796:	00 00       	nop
    _delay_ms(POST_GAP_MS);

    PORTD |= (1 << SENSOR_LED);
    1798:	8b b1       	in	r24, 0x0b	; 11
    179a:	80 64       	ori	r24, 0x40	; 64
    179c:	8b b9       	out	0x0b, r24	; 11
    179e:	8f e5       	ldi	r24, 0x5F	; 95
    17a0:	9a ee       	ldi	r25, 0xEA	; 234
    17a2:	01 97       	sbiw	r24, 0x01	; 1
    17a4:	f1 f7       	brne	.-4      	; 0x17a2 <status_leds_run_post+0x30>
    17a6:	00 c0       	rjmp	.+0      	; 0x17a8 <status_leds_run_post+0x36>
    17a8:	00 00       	nop
    _delay_ms(POST_SINGLE_LED_MS);
    leds_all_off();
    17aa:	0e 94 a7 0b 	call	0x174e	; 0x174e <leds_all_off>
    17ae:	8f e2       	ldi	r24, 0x2F	; 47
    17b0:	95 e7       	ldi	r25, 0x75	; 117
    17b2:	01 97       	sbiw	r24, 0x01	; 1
    17b4:	f1 f7       	brne	.-4      	; 0x17b2 <status_leds_run_post+0x40>
    17b6:	00 c0       	rjmp	.+0      	; 0x17b8 <status_leds_run_post+0x46>
    17b8:	00 00       	nop
    _delay_ms(POST_GAP_MS);

    PORTD |= (1 << SYSTEM_LED);
    17ba:	8b b1       	in	r24, 0x0b	; 11
    17bc:	80 68       	ori	r24, 0x80	; 128
    17be:	8b b9       	out	0x0b, r24	; 11
    17c0:	8f e5       	ldi	r24, 0x5F	; 95
    17c2:	9a ee       	ldi	r25, 0xEA	; 234
    17c4:	01 97       	sbiw	r24, 0x01	; 1
    17c6:	f1 f7       	brne	.-4      	; 0x17c4 <status_leds_run_post+0x52>
    17c8:	00 c0       	rjmp	.+0      	; 0x17ca <status_leds_run_post+0x58>
    17ca:	00 00       	nop
    _delay_ms(POST_SINGLE_LED_MS);
    leds_all_off();
    17cc:	0e 94 a7 0b 	call	0x174e	; 0x174e <leds_all_off>
    17d0:	8f e2       	ldi	r24, 0x2F	; 47
    17d2:	95 e7       	ldi	r25, 0x75	; 117
    17d4:	01 97       	sbiw	r24, 0x01	; 1
    17d6:	f1 f7       	brne	.-4      	; 0x17d4 <status_leds_run_post+0x62>
    17d8:	00 c0       	rjmp	.+0      	; 0x17da <status_leds_run_post+0x68>
    17da:	00 00       	nop
    _delay_ms(POST_GAP_MS);

    PORTD |= ALL_STATUS_LEDS;
    17dc:	8b b1       	in	r24, 0x0b	; 11
    17de:	80 6e       	ori	r24, 0xE0	; 224
    17e0:	8b b9       	out	0x0b, r24	; 11
    17e2:	9f e9       	ldi	r25, 0x9F	; 159
    17e4:	26 e8       	ldi	r18, 0x86	; 134
    17e6:	81 e0       	ldi	r24, 0x01	; 1
    17e8:	91 50       	subi	r25, 0x01	; 1
    17ea:	20 40       	sbci	r18, 0x00	; 0
    17ec:	80 40       	sbci	r24, 0x00	; 0
    17ee:	e1 f7       	brne	.-8      	; 0x17e8 <status_leds_run_post+0x76>
    17f0:	00 c0       	rjmp	.+0      	; 0x17f2 <status_leds_run_post+0x80>
    17f2:	00 00       	nop
    _delay_ms(POST_ALL_LEDS_MS);
    leds_all_off();
    17f4:	0e 94 a7 0b 	call	0x174e	; 0x174e <leds_all_off>

    /* Restore the startup state used by the runtime state machine. */
    sensor_state = STATUS_SENSOR_STARTING;
    17f8:	10 92 e3 07 	sts	0x07E3, r1	; 0x8007e3 <sensor_state>
    calibration_state = CALIBRATION_STATUS_DEFAULT;
    17fc:	10 92 e2 07 	sts	0x07E2, r1	; 0x8007e2 <calibration_state>
    sensor_ticks = 0U;
    1800:	10 92 e1 07 	sts	0x07E1, r1	; 0x8007e1 <sensor_ticks>
    calibration_ticks = 0U;
    1804:	10 92 e0 07 	sts	0x07E0, r1	; 0x8007e0 <calibration_ticks>
    1808:	08 95       	ret

0000180a <status_leds_set_sensor_state>:
}

void status_leds_set_sensor_state(status_sensor_state_t state)
{
    if (sensor_state != state) {
    180a:	90 91 e3 07 	lds	r25, 0x07E3	; 0x8007e3 <sensor_state>
    180e:	98 17       	cp	r25, r24
    1810:	99 f0       	breq	.+38     	; 0x1838 <status_leds_set_sensor_state+0x2e>
        sensor_state = state;
    1812:	80 93 e3 07 	sts	0x07E3, r24	; 0x8007e3 <sensor_state>
        sensor_ticks = 0U;
    1816:	10 92 e1 07 	sts	0x07E1, r1	; 0x8007e1 <sensor_ticks>

        if (state == STATUS_SENSOR_STARTING) {
    181a:	81 11       	cpse	r24, r1
    181c:	04 c0       	rjmp	.+8      	; 0x1826 <status_leds_set_sensor_state+0x1c>
            PORTD &= ~(1 << SENSOR_LED);
    181e:	8b b1       	in	r24, 0x0b	; 11
    1820:	8f 7b       	andi	r24, 0xBF	; 191
    1822:	8b b9       	out	0x0b, r24	; 11
    1824:	08 95       	ret
        } else if (state == STATUS_SENSOR_OK) {
    1826:	81 30       	cpi	r24, 0x01	; 1
    1828:	21 f4       	brne	.+8      	; 0x1832 <status_leds_set_sensor_state+0x28>
            PORTD |= (1 << SENSOR_LED);
    182a:	8b b1       	in	r24, 0x0b	; 11
    182c:	80 64       	ori	r24, 0x40	; 64
    182e:	8b b9       	out	0x0b, r24	; 11
    1830:	08 95       	ret
        } else {
            PORTD &= ~(1 << SENSOR_LED);
    1832:	8b b1       	in	r24, 0x0b	; 11
    1834:	8f 7b       	andi	r24, 0xBF	; 191
    1836:	8b b9       	out	0x0b, r24	; 11
    1838:	08 95       	ret

0000183a <status_leds_set_calibration_state>:
    }
}

void status_leds_set_calibration_state(calibration_status_t state)
{
    if (calibration_state != state) {
    183a:	90 91 e2 07 	lds	r25, 0x07E2	; 0x8007e2 <calibration_state>
    183e:	98 17       	cp	r25, r24
    1840:	69 f0       	breq	.+26     	; 0x185c <status_leds_set_calibration_state+0x22>
        calibration_state = state;
    1842:	80 93 e2 07 	sts	0x07E2, r24	; 0x8007e2 <calibration_state>
        calibration_ticks = 0U;
    1846:	10 92 e0 07 	sts	0x07E0, r1	; 0x8007e0 <calibration_ticks>

        if (state == CALIBRATION_STATUS_VALID) {
    184a:	81 30       	cpi	r24, 0x01	; 1
    184c:	21 f4       	brne	.+8      	; 0x1856 <status_leds_set_calibration_state+0x1c>
            PORTD |= (1 << SYSTEM_LED);
    184e:	8b b1       	in	r24, 0x0b	; 11
    1850:	80 68       	ori	r24, 0x80	; 128
    1852:	8b b9       	out	0x0b, r24	; 11
    1854:	08 95       	ret
        } else {
            PORTD &= ~(1 << SYSTEM_LED);
    1856:	8b b1       	in	r24, 0x0b	; 11
    1858:	8f 77       	andi	r24, 0x7F	; 127
    185a:	8b b9       	out	0x0b, r24	; 11
    185c:	08 95       	ret

0000185e <status_leds_process>:
    }
}

void status_leds_process(void)
{
    if (sensor_state == STATUS_SENSOR_OK) {
    185e:	80 91 e3 07 	lds	r24, 0x07E3	; 0x8007e3 <sensor_state>
    1862:	81 30       	cpi	r24, 0x01	; 1
    1864:	21 f4       	brne	.+8      	; 0x186e <status_leds_process+0x10>
        PORTD |= (1 << SENSOR_LED);
    1866:	8b b1       	in	r24, 0x0b	; 11
    1868:	80 64       	ori	r24, 0x40	; 64
    186a:	8b b9       	out	0x0b, r24	; 11
    186c:	13 c0       	rjmp	.+38     	; 0x1894 <status_leds_process+0x36>
    } else if (sensor_state == STATUS_SENSOR_STARTING) {
    186e:	81 11       	cpse	r24, r1
    1870:	04 c0       	rjmp	.+8      	; 0x187a <status_leds_process+0x1c>
        PORTD &= ~(1 << SENSOR_LED);
    1872:	8b b1       	in	r24, 0x0b	; 11
    1874:	8f 7b       	andi	r24, 0xBF	; 191
    1876:	8b b9       	out	0x0b, r24	; 11
    1878:	0d c0       	rjmp	.+26     	; 0x1894 <status_leds_process+0x36>
    } else {
        sensor_ticks++;
    187a:	80 91 e1 07 	lds	r24, 0x07E1	; 0x8007e1 <sensor_ticks>
    187e:	8f 5f       	subi	r24, 0xFF	; 255
    1880:	80 93 e1 07 	sts	0x07E1, r24	; 0x8007e1 <sensor_ticks>
        if (sensor_ticks >= SENSOR_ERROR_TOGGLE_TICKS) {
    1884:	82 30       	cpi	r24, 0x02	; 2
    1886:	30 f0       	brcs	.+12     	; 0x1894 <status_leds_process+0x36>
            sensor_ticks = 0U;
    1888:	10 92 e1 07 	sts	0x07E1, r1	; 0x8007e1 <sensor_ticks>
            PORTD ^= (1 << SENSOR_LED);
    188c:	9b b1       	in	r25, 0x0b	; 11
    188e:	80 e4       	ldi	r24, 0x40	; 64
    1890:	89 27       	eor	r24, r25
    1892:	8b b9       	out	0x0b, r24	; 11
        }
    }

    if (calibration_state == CALIBRATION_STATUS_DEFAULT) {
    1894:	80 91 e2 07 	lds	r24, 0x07E2	; 0x8007e2 <calibration_state>
    1898:	81 11       	cpse	r24, r1
    189a:	04 c0       	rjmp	.+8      	; 0x18a4 <status_leds_process+0x46>
        PORTD &= ~(1 << SYSTEM_LED);
    189c:	8b b1       	in	r24, 0x0b	; 11
    189e:	8f 77       	andi	r24, 0x7F	; 127
    18a0:	8b b9       	out	0x0b, r24	; 11
    18a2:	08 95       	ret
    } else if (calibration_state == CALIBRATION_STATUS_VALID) {
    18a4:	81 30       	cpi	r24, 0x01	; 1
    18a6:	21 f4       	brne	.+8      	; 0x18b0 <status_leds_process+0x52>
        PORTD |= (1 << SYSTEM_LED);
    18a8:	8b b1       	in	r24, 0x0b	; 11
    18aa:	80 68       	ori	r24, 0x80	; 128
    18ac:	8b b9       	out	0x0b, r24	; 11
    18ae:	08 95       	ret
    } else {
        calibration_ticks++;
    18b0:	80 91 e0 07 	lds	r24, 0x07E0	; 0x8007e0 <calibration_ticks>
    18b4:	8f 5f       	subi	r24, 0xFF	; 255
    18b6:	80 93 e0 07 	sts	0x07E0, r24	; 0x8007e0 <calibration_ticks>
        if (calibration_ticks >= CAL_DIRTY_TOGGLE_TICKS) {
    18ba:	85 30       	cpi	r24, 0x05	; 5
    18bc:	28 f0       	brcs	.+10     	; 0x18c8 <status_leds_process+0x6a>
            calibration_ticks = 0U;
    18be:	10 92 e0 07 	sts	0x07E0, r1	; 0x8007e0 <calibration_ticks>
            PORTD ^= (1 << SYSTEM_LED);
    18c2:	8b b1       	in	r24, 0x0b	; 11
    18c4:	80 58       	subi	r24, 0x80	; 128
    18c6:	8b b9       	out	0x0b, r24	; 11
    18c8:	08 95       	ret

000018ca <make_i16>:
#define TADCT0        17508L
#define TADCRES_X10   601L

static int16_t make_i16(uint8_t msb, uint8_t lsb)
{
    return (int16_t)(((uint16_t)msb << 8) | (uint16_t)lsb);
    18ca:	90 e0       	ldi	r25, 0x00	; 0
    18cc:	98 2f       	mov	r25, r24
    18ce:	88 27       	eor	r24, r24
}
    18d0:	86 2b       	or	r24, r22
    18d2:	08 95       	ret

000018d4 <checked_write>:
    }
    return 1U;
}

static uint8_t checked_write(uint8_t reg, uint8_t value)
{
    18d4:	cf 93       	push	r28
    18d6:	46 2f       	mov	r20, r22
    if (!twi1_write_register(TMAG_I2C_ADDRESS, reg, value)) {
    18d8:	68 2f       	mov	r22, r24
    18da:	85 e3       	ldi	r24, 0x35	; 53
    18dc:	0e 94 2e 0f 	call	0x1e5c	; 0x1e5c <twi1_write_register>
    18e0:	c8 2f       	mov	r28, r24
    18e2:	81 11       	cpse	r24, r1
    18e4:	03 c0       	rjmp	.+6      	; 0x18ec <checked_write+0x18>
        diagnostics_record_twi_error();
    18e6:	0e 94 2d 08 	call	0x105a	; 0x105a <diagnostics_record_twi_error>
        return 0U;
    18ea:	01 c0       	rjmp	.+2      	; 0x18ee <checked_write+0x1a>
    }
    return 1U;
    18ec:	c1 e0       	ldi	r28, 0x01	; 1
}
    18ee:	8c 2f       	mov	r24, r28
    18f0:	cf 91       	pop	r28
    18f2:	08 95       	ret

000018f4 <tmag5273_read_device_id>:
{
    return (int16_t)(((uint16_t)msb << 8) | (uint16_t)lsb);
}

uint8_t tmag5273_read_device_id(uint8_t *device_id)
{
    18f4:	cf 93       	push	r28
    if (!twi1_read_register(TMAG_I2C_ADDRESS, DEVICE_ID, device_id)) {
    18f6:	ac 01       	movw	r20, r24
    18f8:	6d e0       	ldi	r22, 0x0D	; 13
    18fa:	85 e3       	ldi	r24, 0x35	; 53
    18fc:	0e 94 62 0f 	call	0x1ec4	; 0x1ec4 <twi1_read_register>
    1900:	c8 2f       	mov	r28, r24
    1902:	81 11       	cpse	r24, r1
    1904:	03 c0       	rjmp	.+6      	; 0x190c <tmag5273_read_device_id+0x18>
        diagnostics_record_twi_error();
    1906:	0e 94 2d 08 	call	0x105a	; 0x105a <diagnostics_record_twi_error>
        return 0U;
    190a:	01 c0       	rjmp	.+2      	; 0x190e <tmag5273_read_device_id+0x1a>
    }
    return 1U;
    190c:	c1 e0       	ldi	r28, 0x01	; 1
}
    190e:	8c 2f       	mov	r24, r28
    1910:	cf 91       	pop	r28
    1912:	08 95       	ret

00001914 <tmag5273_init>:
}

uint8_t tmag5273_init(void)
{
    /* Preserve the exact known-good configuration from firmware v0.1.0. */
    if (!checked_write(DEVICE_CONFIG_1, 0x00U)) return 0U;
    1914:	60 e0       	ldi	r22, 0x00	; 0
    1916:	80 e0       	ldi	r24, 0x00	; 0
    1918:	0e 94 6a 0c 	call	0x18d4	; 0x18d4 <checked_write>
    191c:	88 23       	and	r24, r24
    191e:	c1 f0       	breq	.+48     	; 0x1950 <tmag5273_init+0x3c>
    if (!checked_write(DEVICE_CONFIG_2, 0x00U)) return 0U;
    1920:	60 e0       	ldi	r22, 0x00	; 0
    1922:	81 e0       	ldi	r24, 0x01	; 1
    1924:	0e 94 6a 0c 	call	0x18d4	; 0x18d4 <checked_write>
    1928:	88 23       	and	r24, r24
    192a:	91 f0       	breq	.+36     	; 0x1950 <tmag5273_init+0x3c>
    if (!checked_write(SENSOR_CONFIG_1, 0x74U)) return 0U;
    192c:	64 e7       	ldi	r22, 0x74	; 116
    192e:	82 e0       	ldi	r24, 0x02	; 2
    1930:	0e 94 6a 0c 	call	0x18d4	; 0x18d4 <checked_write>
    1934:	88 23       	and	r24, r24
    1936:	61 f0       	breq	.+24     	; 0x1950 <tmag5273_init+0x3c>
    if (!checked_write(SENSOR_CONFIG_2, 0x03U)) return 0U;
    1938:	63 e0       	ldi	r22, 0x03	; 3
    193a:	83 e0       	ldi	r24, 0x03	; 3
    193c:	0e 94 6a 0c 	call	0x18d4	; 0x18d4 <checked_write>
    1940:	88 23       	and	r24, r24
    1942:	31 f0       	breq	.+12     	; 0x1950 <tmag5273_init+0x3c>
    if (!checked_write(T_CONFIG, 0x01U)) return 0U;
    1944:	61 e0       	ldi	r22, 0x01	; 1
    1946:	87 e0       	ldi	r24, 0x07	; 7
    1948:	0e 94 6a 0c 	call	0x18d4	; 0x18d4 <checked_write>
    194c:	81 11       	cpse	r24, r1
    return 1U;
    194e:	81 e0       	ldi	r24, 0x01	; 1
}
    1950:	08 95       	ret

00001952 <tmag5273_read_raw>:

uint8_t tmag5273_read_raw(tmag5273_raw_sample_t *sample)
{
    1952:	ef 92       	push	r14
    1954:	ff 92       	push	r15
    1956:	1f 93       	push	r17
    1958:	cf 93       	push	r28
    195a:	df 93       	push	r29
    195c:	cd b7       	in	r28, 0x3d	; 61
    195e:	de b7       	in	r29, 0x3e	; 62
    1960:	29 97       	sbiw	r28, 0x09	; 9
    1962:	0f b6       	in	r0, 0x3f	; 63
    1964:	f8 94       	cli
    1966:	de bf       	out	0x3e, r29	; 62
    1968:	0f be       	out	0x3f, r0	; 63
    196a:	cd bf       	out	0x3d, r28	; 61
    196c:	7c 01       	movw	r14, r24
    uint8_t buffer[9];

    /* Trigger a conversion while the device is in standby mode. */
    if (!twi1_write_register(TMAG_I2C_ADDRESS, (uint8_t)(DEVICE_ID | 0x80U), 0x00U)) {
    196e:	40 e0       	ldi	r20, 0x00	; 0
    1970:	6d e8       	ldi	r22, 0x8D	; 141
    1972:	85 e3       	ldi	r24, 0x35	; 53
    1974:	0e 94 2e 0f 	call	0x1e5c	; 0x1e5c <twi1_write_register>
    1978:	18 2f       	mov	r17, r24
    197a:	81 11       	cpse	r24, r1
    197c:	03 c0       	rjmp	.+6      	; 0x1984 <tmag5273_read_raw+0x32>
        diagnostics_record_twi_error();
    197e:	0e 94 2d 08 	call	0x105a	; 0x105a <diagnostics_record_twi_error>
        return 0U;
    1982:	33 c0       	rjmp	.+102    	; 0x19ea <tmag5273_read_raw+0x98>
    1984:	81 ee       	ldi	r24, 0xE1	; 225
    1986:	94 e0       	ldi	r25, 0x04	; 4
    1988:	01 97       	sbiw	r24, 0x01	; 1
    198a:	f1 f7       	brne	.-4      	; 0x1988 <tmag5273_read_raw+0x36>
    198c:	00 c0       	rjmp	.+0      	; 0x198e <tmag5273_read_raw+0x3c>
    198e:	00 00       	nop
    }
    _delay_ms(5);

    if (!twi1_read_block(TMAG_I2C_ADDRESS, T_MSB_RESULT, buffer, 9U)) {
    1990:	29 e0       	ldi	r18, 0x09	; 9
    1992:	ae 01       	movw	r20, r28
    1994:	4f 5f       	subi	r20, 0xFF	; 255
    1996:	5f 4f       	sbci	r21, 0xFF	; 255
    1998:	60 e1       	ldi	r22, 0x10	; 16
    199a:	85 e3       	ldi	r24, 0x35	; 53
    199c:	0e 94 a5 0f 	call	0x1f4a	; 0x1f4a <twi1_read_block>
    19a0:	18 2f       	mov	r17, r24
    19a2:	81 11       	cpse	r24, r1
    19a4:	03 c0       	rjmp	.+6      	; 0x19ac <tmag5273_read_raw+0x5a>
        diagnostics_record_twi_error();
    19a6:	0e 94 2d 08 	call	0x105a	; 0x105a <diagnostics_record_twi_error>
        return 0U;
    19aa:	1f c0       	rjmp	.+62     	; 0x19ea <tmag5273_read_raw+0x98>
    }

    sample->temperature_raw = make_i16(buffer[0], buffer[1]);
    19ac:	6a 81       	ldd	r22, Y+2	; 0x02
    19ae:	89 81       	ldd	r24, Y+1	; 0x01
    19b0:	0e 94 65 0c 	call	0x18ca	; 0x18ca <make_i16>
    19b4:	f7 01       	movw	r30, r14
    19b6:	91 83       	std	Z+1, r25	; 0x01
    19b8:	80 83       	st	Z, r24
    sample->bx_raw = make_i16(buffer[2], buffer[3]);
    19ba:	6c 81       	ldd	r22, Y+4	; 0x04
    19bc:	8b 81       	ldd	r24, Y+3	; 0x03
    19be:	0e 94 65 0c 	call	0x18ca	; 0x18ca <make_i16>
    19c2:	f7 01       	movw	r30, r14
    19c4:	93 83       	std	Z+3, r25	; 0x03
    19c6:	82 83       	std	Z+2, r24	; 0x02
    sample->by_raw = make_i16(buffer[4], buffer[5]);
    19c8:	6e 81       	ldd	r22, Y+6	; 0x06
    19ca:	8d 81       	ldd	r24, Y+5	; 0x05
    19cc:	0e 94 65 0c 	call	0x18ca	; 0x18ca <make_i16>
    19d0:	f7 01       	movw	r30, r14
    19d2:	95 83       	std	Z+5, r25	; 0x05
    19d4:	84 83       	std	Z+4, r24	; 0x04
    sample->bz_raw = make_i16(buffer[6], buffer[7]);
    19d6:	68 85       	ldd	r22, Y+8	; 0x08
    19d8:	8f 81       	ldd	r24, Y+7	; 0x07
    19da:	0e 94 65 0c 	call	0x18ca	; 0x18ca <make_i16>
    19de:	f7 01       	movw	r30, r14
    19e0:	97 83       	std	Z+7, r25	; 0x07
    19e2:	86 83       	std	Z+6, r24	; 0x06
    sample->status = buffer[8];
    19e4:	89 85       	ldd	r24, Y+9	; 0x09
    19e6:	80 87       	std	Z+8, r24	; 0x08

    return 1;
    19e8:	11 e0       	ldi	r17, 0x01	; 1
}
    19ea:	81 2f       	mov	r24, r17
    19ec:	29 96       	adiw	r28, 0x09	; 9
    19ee:	0f b6       	in	r0, 0x3f	; 63
    19f0:	f8 94       	cli
    19f2:	de bf       	out	0x3e, r29	; 62
    19f4:	0f be       	out	0x3f, r0	; 63
    19f6:	cd bf       	out	0x3d, r28	; 61
    19f8:	df 91       	pop	r29
    19fa:	cf 91       	pop	r28
    19fc:	1f 91       	pop	r17
    19fe:	ff 90       	pop	r15
    1a00:	ef 90       	pop	r14
    1a02:	08 95       	ret

00001a04 <tmag5273_convert_averaged_raw>:
                                  int32_t bx_raw,
                                  int32_t by_raw,
                                  int32_t bz_raw,
                                  uint8_t status,
                                  tmag5273_measurement_t *measurement)
{
    1a04:	3f 92       	push	r3
    1a06:	4f 92       	push	r4
    1a08:	5f 92       	push	r5
    1a0a:	6f 92       	push	r6
    1a0c:	7f 92       	push	r7
    1a0e:	8f 92       	push	r8
    1a10:	9f 92       	push	r9
    1a12:	af 92       	push	r10
    1a14:	bf 92       	push	r11
    1a16:	cf 92       	push	r12
    1a18:	df 92       	push	r13
    1a1a:	ef 92       	push	r14
    1a1c:	ff 92       	push	r15
    1a1e:	0f 93       	push	r16
    1a20:	1f 93       	push	r17
    1a22:	cf 93       	push	r28
    1a24:	df 93       	push	r29
    1a26:	cd b7       	in	r28, 0x3d	; 61
    1a28:	de b7       	in	r29, 0x3e	; 62
    1a2a:	29 01       	movw	r4, r18
    1a2c:	3a 01       	movw	r6, r20
    1a2e:	38 2c       	mov	r3, r8
    1a30:	8c 88       	ldd	r8, Y+20	; 0x14
    1a32:	9d 88       	ldd	r9, Y+21	; 0x15
    measurement->temperature_x100 = TSENSET0_X100
                                  + ((temperature_raw - TADCT0) * 1000L) / TADCRES_X10;
    1a34:	9b 01       	movw	r18, r22
    1a36:	ac 01       	movw	r20, r24
    1a38:	24 56       	subi	r18, 0x64	; 100
    1a3a:	34 44       	sbci	r19, 0x44	; 68
    1a3c:	41 09       	sbc	r20, r1
    1a3e:	51 09       	sbc	r21, r1
    1a40:	a8 ee       	ldi	r26, 0xE8	; 232
    1a42:	b3 e0       	ldi	r27, 0x03	; 3
    1a44:	0e 94 32 12 	call	0x2464	; 0x2464 <__muluhisi3>
    1a48:	29 e5       	ldi	r18, 0x59	; 89
    1a4a:	32 e0       	ldi	r19, 0x02	; 2
    1a4c:	40 e0       	ldi	r20, 0x00	; 0
    1a4e:	50 e0       	ldi	r21, 0x00	; 0
    1a50:	0e 94 04 12 	call	0x2408	; 0x2408 <__divmodsi4>
    1a54:	da 01       	movw	r26, r20
    1a56:	c9 01       	movw	r24, r18
    1a58:	8c 53       	subi	r24, 0x3C	; 60
    1a5a:	96 4f       	sbci	r25, 0xF6	; 246
    1a5c:	af 4f       	sbci	r26, 0xFF	; 255
    1a5e:	bf 4f       	sbci	r27, 0xFF	; 255
                                  int32_t by_raw,
                                  int32_t bz_raw,
                                  uint8_t status,
                                  tmag5273_measurement_t *measurement)
{
    measurement->temperature_x100 = TSENSET0_X100
    1a60:	f4 01       	movw	r30, r8
    1a62:	80 83       	st	Z, r24
    1a64:	91 83       	std	Z+1, r25	; 0x01
    1a66:	a2 83       	std	Z+2, r26	; 0x02
    1a68:	b3 83       	std	Z+3, r27	; 0x03
                                  + ((temperature_raw - TADCT0) * 1000L) / TADCRES_X10;

    /* TMAG5273A2 in 2x range: +/-266 mT full scale.
       Outputs are expressed in hundredths of mT. */
    measurement->bx_x100 = (bx_raw * TMAG_FULL_SCALE_X100) / 32768L;
    1a6a:	a8 ee       	ldi	r26, 0xE8	; 232
    1a6c:	b7 e6       	ldi	r27, 0x67	; 103
    1a6e:	a3 01       	movw	r20, r6
    1a70:	92 01       	movw	r18, r4
    1a72:	0e 94 32 12 	call	0x2464	; 0x2464 <__muluhisi3>
    1a76:	2b 01       	movw	r4, r22
    1a78:	3c 01       	movw	r6, r24
    1a7a:	99 23       	and	r25, r25
    1a7c:	34 f4       	brge	.+12     	; 0x1a8a <tmag5273_convert_averaged_raw+0x86>
    1a7e:	ff ef       	ldi	r31, 0xFF	; 255
    1a80:	4f 0e       	add	r4, r31
    1a82:	ff e7       	ldi	r31, 0x7F	; 127
    1a84:	5f 1e       	adc	r5, r31
    1a86:	61 1c       	adc	r6, r1
    1a88:	71 1c       	adc	r7, r1
    1a8a:	d3 01       	movw	r26, r6
    1a8c:	c2 01       	movw	r24, r4
    1a8e:	07 2e       	mov	r0, r23
    1a90:	7f e0       	ldi	r23, 0x0F	; 15
    1a92:	b5 95       	asr	r27
    1a94:	a7 95       	ror	r26
    1a96:	97 95       	ror	r25
    1a98:	87 95       	ror	r24
    1a9a:	7a 95       	dec	r23
    1a9c:	d1 f7       	brne	.-12     	; 0x1a92 <tmag5273_convert_averaged_raw+0x8e>
    1a9e:	70 2d       	mov	r23, r0
    1aa0:	f4 01       	movw	r30, r8
    1aa2:	84 83       	std	Z+4, r24	; 0x04
    1aa4:	95 83       	std	Z+5, r25	; 0x05
    1aa6:	a6 83       	std	Z+6, r26	; 0x06
    1aa8:	b7 83       	std	Z+7, r27	; 0x07
    measurement->by_x100 = (by_raw * TMAG_FULL_SCALE_X100) / 32768L;
    1aaa:	a8 ee       	ldi	r26, 0xE8	; 232
    1aac:	b7 e6       	ldi	r27, 0x67	; 103
    1aae:	a8 01       	movw	r20, r16
    1ab0:	97 01       	movw	r18, r14
    1ab2:	0e 94 32 12 	call	0x2464	; 0x2464 <__muluhisi3>
    1ab6:	8b 01       	movw	r16, r22
    1ab8:	9c 01       	movw	r18, r24
    1aba:	99 23       	and	r25, r25
    1abc:	24 f4       	brge	.+8      	; 0x1ac6 <tmag5273_convert_averaged_raw+0xc2>
    1abe:	01 50       	subi	r16, 0x01	; 1
    1ac0:	10 48       	sbci	r17, 0x80	; 128
    1ac2:	2f 4f       	sbci	r18, 0xFF	; 255
    1ac4:	3f 4f       	sbci	r19, 0xFF	; 255
    1ac6:	d9 01       	movw	r26, r18
    1ac8:	c8 01       	movw	r24, r16
    1aca:	07 2e       	mov	r0, r23
    1acc:	7f e0       	ldi	r23, 0x0F	; 15
    1ace:	b5 95       	asr	r27
    1ad0:	a7 95       	ror	r26
    1ad2:	97 95       	ror	r25
    1ad4:	87 95       	ror	r24
    1ad6:	7a 95       	dec	r23
    1ad8:	d1 f7       	brne	.-12     	; 0x1ace <tmag5273_convert_averaged_raw+0xca>
    1ada:	70 2d       	mov	r23, r0
    1adc:	f4 01       	movw	r30, r8
    1ade:	80 87       	std	Z+8, r24	; 0x08
    1ae0:	91 87       	std	Z+9, r25	; 0x09
    1ae2:	a2 87       	std	Z+10, r26	; 0x0a
    1ae4:	b3 87       	std	Z+11, r27	; 0x0b
    measurement->bz_x100 = (bz_raw * TMAG_FULL_SCALE_X100) / 32768L;
    1ae6:	a8 ee       	ldi	r26, 0xE8	; 232
    1ae8:	b7 e6       	ldi	r27, 0x67	; 103
    1aea:	a6 01       	movw	r20, r12
    1aec:	95 01       	movw	r18, r10
    1aee:	0e 94 32 12 	call	0x2464	; 0x2464 <__muluhisi3>
    1af2:	8b 01       	movw	r16, r22
    1af4:	9c 01       	movw	r18, r24
    1af6:	99 23       	and	r25, r25
    1af8:	24 f4       	brge	.+8      	; 0x1b02 <tmag5273_convert_averaged_raw+0xfe>
    1afa:	01 50       	subi	r16, 0x01	; 1
    1afc:	10 48       	sbci	r17, 0x80	; 128
    1afe:	2f 4f       	sbci	r18, 0xFF	; 255
    1b00:	3f 4f       	sbci	r19, 0xFF	; 255
    1b02:	d9 01       	movw	r26, r18
    1b04:	c8 01       	movw	r24, r16
    1b06:	07 2e       	mov	r0, r23
    1b08:	7f e0       	ldi	r23, 0x0F	; 15
    1b0a:	b5 95       	asr	r27
    1b0c:	a7 95       	ror	r26
    1b0e:	97 95       	ror	r25
    1b10:	87 95       	ror	r24
    1b12:	7a 95       	dec	r23
    1b14:	d1 f7       	brne	.-12     	; 0x1b0a <tmag5273_convert_averaged_raw+0x106>
    1b16:	70 2d       	mov	r23, r0
    1b18:	f4 01       	movw	r30, r8
    1b1a:	84 87       	std	Z+12, r24	; 0x0c
    1b1c:	95 87       	std	Z+13, r25	; 0x0d
    1b1e:	a6 87       	std	Z+14, r26	; 0x0e
    1b20:	b7 87       	std	Z+15, r27	; 0x0f
    measurement->status = status;
    1b22:	30 8a       	std	Z+16, r3	; 0x10
}
    1b24:	df 91       	pop	r29
    1b26:	cf 91       	pop	r28
    1b28:	1f 91       	pop	r17
    1b2a:	0f 91       	pop	r16
    1b2c:	ff 90       	pop	r15
    1b2e:	ef 90       	pop	r14
    1b30:	df 90       	pop	r13
    1b32:	cf 90       	pop	r12
    1b34:	bf 90       	pop	r11
    1b36:	af 90       	pop	r10
    1b38:	9f 90       	pop	r9
    1b3a:	8f 90       	pop	r8
    1b3c:	7f 90       	pop	r7
    1b3e:	6f 90       	pop	r6
    1b40:	5f 90       	pop	r5
    1b42:	4f 90       	pop	r4
    1b44:	3f 90       	pop	r3
    1b46:	08 95       	ret

00001b48 <transport_service_calibration_status_text>:
#include "uart0.h"
#include "diagnostics.h"

const char *transport_service_calibration_status_text(calibration_status_t status)
{
    if (status == CALIBRATION_STATUS_VALID) return "VALID";
    1b48:	81 30       	cpi	r24, 0x01	; 1
    1b4a:	29 f0       	breq	.+10     	; 0x1b56 <transport_service_calibration_status_text+0xe>
    if (status == CALIBRATION_STATUS_DIRTY) return "DIRTY";
    1b4c:	82 30       	cpi	r24, 0x02	; 2
    1b4e:	31 f4       	brne	.+12     	; 0x1b5c <transport_service_calibration_status_text+0x14>
    1b50:	86 e0       	ldi	r24, 0x06	; 6
    1b52:	91 e0       	ldi	r25, 0x01	; 1
    1b54:	08 95       	ret
#include "uart0.h"
#include "diagnostics.h"

const char *transport_service_calibration_status_text(calibration_status_t status)
{
    if (status == CALIBRATION_STATUS_VALID) return "VALID";
    1b56:	80 e0       	ldi	r24, 0x00	; 0
    1b58:	91 e0       	ldi	r25, 0x01	; 1
    1b5a:	08 95       	ret
    if (status == CALIBRATION_STATUS_DIRTY) return "DIRTY";
    return "DEFAULT";
    1b5c:	8c e0       	ldi	r24, 0x0C	; 12
    1b5e:	91 e0       	ldi	r25, 0x01	; 1
}
    1b60:	08 95       	ret

00001b62 <print_calibration_summary>:
    uart0_print("\r\n");
}

static void print_calibration_summary(const calibration_record_t *calibration,
                                      calibration_status_t status)
{
    1b62:	1f 93       	push	r17
    1b64:	cf 93       	push	r28
    1b66:	df 93       	push	r29
    1b68:	ec 01       	movw	r28, r24
    1b6a:	16 2f       	mov	r17, r22
    uart0_print("CALIBRATION=");
    1b6c:	88 e5       	ldi	r24, 0x58	; 88
    1b6e:	95 e0       	ldi	r25, 0x05	; 5
    1b70:	0e 94 3e 10 	call	0x207c	; 0x207c <uart0_print>
    uart0_print(transport_service_calibration_status_text(status));
    1b74:	81 2f       	mov	r24, r17
    1b76:	0e 94 a4 0d 	call	0x1b48	; 0x1b48 <transport_service_calibration_status_text>
    1b7a:	0e 94 3e 10 	call	0x207c	; 0x207c <uart0_print>
    uart0_print(",VERSION=");
    1b7e:	85 e6       	ldi	r24, 0x65	; 101
    1b80:	95 e0       	ldi	r25, 0x05	; 5
    1b82:	0e 94 3e 10 	call	0x207c	; 0x207c <uart0_print>
    uart0_print_uint16(calibration->version);
    1b86:	8c 81       	ldd	r24, Y+4	; 0x04
    1b88:	9d 81       	ldd	r25, Y+5	; 0x05
    1b8a:	0e 94 60 10 	call	0x20c0	; 0x20c0 <uart0_print_uint16>
    uart0_print(",COUNTER=");
    1b8e:	8f e6       	ldi	r24, 0x6F	; 111
    1b90:	95 e0       	ldi	r25, 0x05	; 5
    1b92:	0e 94 3e 10 	call	0x207c	; 0x207c <uart0_print>
    uart0_print_uint32(calibration->calibration_counter);
    1b96:	68 a9       	ldd	r22, Y+48	; 0x30
    1b98:	79 a9       	ldd	r23, Y+49	; 0x31
    1b9a:	8a a9       	ldd	r24, Y+50	; 0x32
    1b9c:	9b a9       	ldd	r25, Y+51	; 0x33
    1b9e:	0e 94 b7 10 	call	0x216e	; 0x216e <uart0_print_uint32>
    uart0_print("\r\n");
    1ba2:	88 e0       	ldi	r24, 0x08	; 8
    1ba4:	97 e0       	ldi	r25, 0x07	; 7
    1ba6:	0e 94 3e 10 	call	0x207c	; 0x207c <uart0_print>

    uart0_print("CAL_OFFSET_X=");
    1baa:	89 e7       	ldi	r24, 0x79	; 121
    1bac:	95 e0       	ldi	r25, 0x05	; 5
    1bae:	0e 94 3e 10 	call	0x207c	; 0x207c <uart0_print>
    uart0_print_fixed_2(calibration->offset_x_x100);
    1bb2:	68 85       	ldd	r22, Y+8	; 0x08
    1bb4:	79 85       	ldd	r23, Y+9	; 0x09
    1bb6:	8a 85       	ldd	r24, Y+10	; 0x0a
    1bb8:	9b 85       	ldd	r25, Y+11	; 0x0b
    1bba:	0e 94 18 11 	call	0x2230	; 0x2230 <uart0_print_fixed_2>
    uart0_print(",CAL_OFFSET_Y=");
    1bbe:	87 e8       	ldi	r24, 0x87	; 135
    1bc0:	95 e0       	ldi	r25, 0x05	; 5
    1bc2:	0e 94 3e 10 	call	0x207c	; 0x207c <uart0_print>
    uart0_print_fixed_2(calibration->offset_y_x100);
    1bc6:	6c 85       	ldd	r22, Y+12	; 0x0c
    1bc8:	7d 85       	ldd	r23, Y+13	; 0x0d
    1bca:	8e 85       	ldd	r24, Y+14	; 0x0e
    1bcc:	9f 85       	ldd	r25, Y+15	; 0x0f
    1bce:	0e 94 18 11 	call	0x2230	; 0x2230 <uart0_print_fixed_2>
    uart0_print(",CAL_OFFSET_Z=");
    1bd2:	86 e9       	ldi	r24, 0x96	; 150
    1bd4:	95 e0       	ldi	r25, 0x05	; 5
    1bd6:	0e 94 3e 10 	call	0x207c	; 0x207c <uart0_print>
    uart0_print_fixed_2(calibration->offset_z_x100);
    1bda:	68 89       	ldd	r22, Y+16	; 0x10
    1bdc:	79 89       	ldd	r23, Y+17	; 0x11
    1bde:	8a 89       	ldd	r24, Y+18	; 0x12
    1be0:	9b 89       	ldd	r25, Y+19	; 0x13
    1be2:	0e 94 18 11 	call	0x2230	; 0x2230 <uart0_print_fixed_2>
    uart0_print("\r\n");
    1be6:	88 e0       	ldi	r24, 0x08	; 8
    1be8:	97 e0       	ldi	r25, 0x07	; 7
    1bea:	0e 94 3e 10 	call	0x207c	; 0x207c <uart0_print>
}
    1bee:	df 91       	pop	r29
    1bf0:	cf 91       	pop	r28
    1bf2:	1f 91       	pop	r17
    1bf4:	08 95       	ret

00001bf6 <transport_service_init>:
    return "DEFAULT";
}

void transport_service_init(void)
{
    uart0_init();
    1bf6:	0e 94 29 10 	call	0x2052	; 0x2052 <uart0_init>
    1bfa:	08 95       	ret

00001bfc <transport_service_publish_error>:
}

void transport_service_publish_error(const char *message)
{
    1bfc:	cf 93       	push	r28
    1bfe:	df 93       	push	r29
    1c00:	ec 01       	movw	r28, r24
    uart0_print("ERROR,");
    1c02:	85 ea       	ldi	r24, 0xA5	; 165
    1c04:	95 e0       	ldi	r25, 0x05	; 5
    1c06:	0e 94 3e 10 	call	0x207c	; 0x207c <uart0_print>
    uart0_print(message);
    1c0a:	ce 01       	movw	r24, r28
    1c0c:	0e 94 3e 10 	call	0x207c	; 0x207c <uart0_print>
    uart0_print("\r\n");
    1c10:	88 e0       	ldi	r24, 0x08	; 8
    1c12:	97 e0       	ldi	r25, 0x07	; 7
    1c14:	0e 94 3e 10 	call	0x207c	; 0x207c <uart0_print>
}
    1c18:	df 91       	pop	r29
    1c1a:	cf 91       	pop	r28
    1c1c:	08 95       	ret

00001c1e <transport_service_print_startup>:

void transport_service_print_startup(const calibration_record_t *calibration,
                                     calibration_status_t status,
                                     uint8_t node_id,
                                     uint8_t device_id)
{
    1c1e:	ff 92       	push	r15
    1c20:	0f 93       	push	r16
    1c22:	1f 93       	push	r17
    1c24:	cf 93       	push	r28
    1c26:	df 93       	push	r29
    1c28:	8c 01       	movw	r16, r24
    1c2a:	f6 2e       	mov	r15, r22
    1c2c:	c4 2f       	mov	r28, r20
    1c2e:	d2 2f       	mov	r29, r18
    uart0_print("\r\nND280 Magnetic Field Node v");
    1c30:	8c ea       	ldi	r24, 0xAC	; 172
    1c32:	95 e0       	ldi	r25, 0x05	; 5
    1c34:	0e 94 3e 10 	call	0x207c	; 0x207c <uart0_print>
    uart0_print(FIRMWARE_VERSION);
    1c38:	86 e7       	ldi	r24, 0x76	; 118
    1c3a:	94 e0       	ldi	r25, 0x04	; 4
    1c3c:	0e 94 3e 10 	call	0x207c	; 0x207c <uart0_print>
    uart0_print("\r\nUART0=4800,RX_COMMANDS=ON,TWI1=PE0/PE1\r\n");
    1c40:	8a ec       	ldi	r24, 0xCA	; 202
    1c42:	95 e0       	ldi	r25, 0x05	; 5
    1c44:	0e 94 3e 10 	call	0x207c	; 0x207c <uart0_print>
    uart0_print("AVERAGE_SAMPLES=");
    1c48:	85 ef       	ldi	r24, 0xF5	; 245
    1c4a:	95 e0       	ldi	r25, 0x05	; 5
    1c4c:	0e 94 3e 10 	call	0x207c	; 0x207c <uart0_print>
    uart0_print_uint16(AVERAGE_SAMPLES);
    1c50:	8a e0       	ldi	r24, 0x0A	; 10
    1c52:	90 e0       	ldi	r25, 0x00	; 0
    1c54:	0e 94 60 10 	call	0x20c0	; 0x20c0 <uart0_print_uint16>
    uart0_print(",SAMPLE_INTERVAL_MS=");
    1c58:	86 e0       	ldi	r24, 0x06	; 6
    1c5a:	96 e0       	ldi	r25, 0x06	; 6
    1c5c:	0e 94 3e 10 	call	0x207c	; 0x207c <uart0_print>
    uart0_print_uint16(SAMPLE_INTERVAL_MS);
    1c60:	84 e6       	ldi	r24, 0x64	; 100
    1c62:	90 e0       	ldi	r25, 0x00	; 0
    1c64:	0e 94 60 10 	call	0x20c0	; 0x20c0 <uart0_print_uint16>
    uart0_print("\r\nTMAG_VARIANT=");
    1c68:	8b e1       	ldi	r24, 0x1B	; 27
    1c6a:	96 e0       	ldi	r25, 0x06	; 6
    1c6c:	0e 94 3e 10 	call	0x207c	; 0x207c <uart0_print>
    uart0_print(TMAG_VARIANT);
    1c70:	82 ed       	ldi	r24, 0xD2	; 210
    1c72:	94 e0       	ldi	r25, 0x04	; 4
    1c74:	0e 94 3e 10 	call	0x207c	; 0x207c <uart0_print>
    uart0_print(",TMAG_RANGE_MT=");
    1c78:	8b e2       	ldi	r24, 0x2B	; 43
    1c7a:	96 e0       	ldi	r25, 0x06	; 6
    1c7c:	0e 94 3e 10 	call	0x207c	; 0x207c <uart0_print>
    uart0_print_uint16(TMAG_FULL_SCALE_MT);
    1c80:	8a e0       	ldi	r24, 0x0A	; 10
    1c82:	91 e0       	ldi	r25, 0x01	; 1
    1c84:	0e 94 60 10 	call	0x20c0	; 0x20c0 <uart0_print_uint16>
    uart0_print("\r\n");
    1c88:	88 e0       	ldi	r24, 0x08	; 8
    1c8a:	97 e0       	ldi	r25, 0x07	; 7
    1c8c:	0e 94 3e 10 	call	0x207c	; 0x207c <uart0_print>

    print_calibration_summary(calibration, status);
    1c90:	6f 2d       	mov	r22, r15
    1c92:	c8 01       	movw	r24, r16
    1c94:	0e 94 b1 0d 	call	0x1b62	; 0x1b62 <print_calibration_summary>

    uart0_print("TMAG_DEVICE_ID=0x");
    1c98:	8b e3       	ldi	r24, 0x3B	; 59
    1c9a:	96 e0       	ldi	r25, 0x06	; 6
    1c9c:	0e 94 3e 10 	call	0x207c	; 0x207c <uart0_print>
    uart0_print_hex8(device_id);
    1ca0:	8d 2f       	mov	r24, r29
    1ca2:	0e 94 4b 10 	call	0x2096	; 0x2096 <uart0_print_hex8>
    uart0_print("\r\nTMAG_INIT=OK\r\nBOARD_ID=");
    1ca6:	8d e4       	ldi	r24, 0x4D	; 77
    1ca8:	96 e0       	ldi	r25, 0x06	; 6
    1caa:	0e 94 3e 10 	call	0x207c	; 0x207c <uart0_print>
    uart0_print_uint16(node_id);
    1cae:	8c 2f       	mov	r24, r28
    1cb0:	90 e0       	ldi	r25, 0x00	; 0
    1cb2:	0e 94 60 10 	call	0x20c0	; 0x20c0 <uart0_print_uint16>
    uart0_print("\r\nRESET_CAUSE=");
    1cb6:	87 e6       	ldi	r24, 0x67	; 103
    1cb8:	96 e0       	ldi	r25, 0x06	; 6
    1cba:	0e 94 3e 10 	call	0x207c	; 0x207c <uart0_print>
    diagnostics_print_reset_causes();
    1cbe:	0e 94 d5 07 	call	0xfaa	; 0xfaa <diagnostics_print_reset_causes>
    uart0_print(",BOOT_COUNT=");
    1cc2:	86 e7       	ldi	r24, 0x76	; 118
    1cc4:	96 e0       	ldi	r25, 0x06	; 6
    1cc6:	0e 94 3e 10 	call	0x207c	; 0x207c <uart0_print>
    uart0_print_uint32(diagnostics_get_boot_count());
    1cca:	0e 94 cc 07 	call	0xf98	; 0xf98 <diagnostics_get_boot_count>
    1cce:	0e 94 b7 10 	call	0x216e	; 0x216e <uart0_print_uint32>
    uart0_print("\r\nTYPE HELP FOR COMMANDS\r\n");
    1cd2:	83 e8       	ldi	r24, 0x83	; 131
    1cd4:	96 e0       	ldi	r25, 0x06	; 6
    1cd6:	0e 94 3e 10 	call	0x207c	; 0x207c <uart0_print>
}
    1cda:	df 91       	pop	r29
    1cdc:	cf 91       	pop	r28
    1cde:	1f 91       	pop	r17
    1ce0:	0f 91       	pop	r16
    1ce2:	ff 90       	pop	r15
    1ce4:	08 95       	ret

00001ce6 <transport_service_publish_measurement>:

void transport_service_publish_measurement(uint8_t node_id,
                                           uint32_t sequence,
                                           calibration_status_t status,
                                           const measurement_result_t *result)
{
    1ce6:	8f 92       	push	r8
    1ce8:	9f 92       	push	r9
    1cea:	af 92       	push	r10
    1cec:	bf 92       	push	r11
    1cee:	ef 92       	push	r14
    1cf0:	ff 92       	push	r15
    1cf2:	0f 93       	push	r16
    1cf4:	1f 93       	push	r17
    1cf6:	cf 93       	push	r28
    1cf8:	df 93       	push	r29
    1cfa:	e8 2e       	mov	r14, r24
    1cfc:	4a 01       	movw	r8, r20
    1cfe:	5b 01       	movw	r10, r22
    1d00:	f2 2e       	mov	r15, r18
    1d02:	e8 01       	movw	r28, r16
    uart0_print("$ND280,VER=");
    1d04:	8e e9       	ldi	r24, 0x9E	; 158
    1d06:	96 e0       	ldi	r25, 0x06	; 6
    1d08:	0e 94 3e 10 	call	0x207c	; 0x207c <uart0_print>
    uart0_print(FIRMWARE_VERSION);
    1d0c:	86 e7       	ldi	r24, 0x76	; 118
    1d0e:	94 e0       	ldi	r25, 0x04	; 4
    1d10:	0e 94 3e 10 	call	0x207c	; 0x207c <uart0_print>
    uart0_print(",ID=");
    1d14:	84 e9       	ldi	r24, 0x94	; 148
    1d16:	93 e0       	ldi	r25, 0x03	; 3
    1d18:	0e 94 3e 10 	call	0x207c	; 0x207c <uart0_print>
    uart0_print_uint16(node_id);
    1d1c:	8e 2d       	mov	r24, r14
    1d1e:	90 e0       	ldi	r25, 0x00	; 0
    1d20:	0e 94 60 10 	call	0x20c0	; 0x20c0 <uart0_print_uint16>
    uart0_print(",SEQ=");
    1d24:	88 e5       	ldi	r24, 0x58	; 88
    1d26:	94 e0       	ldi	r25, 0x04	; 4
    1d28:	0e 94 3e 10 	call	0x207c	; 0x207c <uart0_print>
    uart0_print_uint32(sequence);
    1d2c:	c5 01       	movw	r24, r10
    1d2e:	b4 01       	movw	r22, r8
    1d30:	0e 94 b7 10 	call	0x216e	; 0x216e <uart0_print_uint32>
    uart0_print(",AVG=");
    1d34:	8d ed       	ldi	r24, 0xDD	; 221
    1d36:	94 e0       	ldi	r25, 0x04	; 4
    1d38:	0e 94 3e 10 	call	0x207c	; 0x207c <uart0_print>
    uart0_print_uint16(result->valid_samples);
    1d3c:	89 89       	ldd	r24, Y+17	; 0x11
    1d3e:	90 e0       	ldi	r25, 0x00	; 0
    1d40:	0e 94 60 10 	call	0x20c0	; 0x20c0 <uart0_print_uint16>
    uart0_print(",CAL=");
    1d44:	80 ef       	ldi	r24, 0xF0	; 240
    1d46:	94 e0       	ldi	r25, 0x04	; 4
    1d48:	0e 94 3e 10 	call	0x207c	; 0x207c <uart0_print>
    uart0_print(transport_service_calibration_status_text(status));
    1d4c:	8f 2d       	mov	r24, r15
    1d4e:	0e 94 a4 0d 	call	0x1b48	; 0x1b48 <transport_service_calibration_status_text>
    1d52:	0e 94 3e 10 	call	0x207c	; 0x207c <uart0_print>
    uart0_print(",T=");
    1d56:	8a ea       	ldi	r24, 0xAA	; 170
    1d58:	96 e0       	ldi	r25, 0x06	; 6
    1d5a:	0e 94 3e 10 	call	0x207c	; 0x207c <uart0_print>
    uart0_print_fixed_2(result->value.temperature_x100);
    1d5e:	68 81       	ld	r22, Y
    1d60:	79 81       	ldd	r23, Y+1	; 0x01
    1d62:	8a 81       	ldd	r24, Y+2	; 0x02
    1d64:	9b 81       	ldd	r25, Y+3	; 0x03
    1d66:	0e 94 18 11 	call	0x2230	; 0x2230 <uart0_print_fixed_2>
    uart0_print(",BX=");
    1d6a:	8e ea       	ldi	r24, 0xAE	; 174
    1d6c:	96 e0       	ldi	r25, 0x06	; 6
    1d6e:	0e 94 3e 10 	call	0x207c	; 0x207c <uart0_print>
    uart0_print_fixed_2(result->value.bx_x100);
    1d72:	6c 81       	ldd	r22, Y+4	; 0x04
    1d74:	7d 81       	ldd	r23, Y+5	; 0x05
    1d76:	8e 81       	ldd	r24, Y+6	; 0x06
    1d78:	9f 81       	ldd	r25, Y+7	; 0x07
    1d7a:	0e 94 18 11 	call	0x2230	; 0x2230 <uart0_print_fixed_2>
    uart0_print(",BY=");
    1d7e:	83 eb       	ldi	r24, 0xB3	; 179
    1d80:	96 e0       	ldi	r25, 0x06	; 6
    1d82:	0e 94 3e 10 	call	0x207c	; 0x207c <uart0_print>
    uart0_print_fixed_2(result->value.by_x100);
    1d86:	68 85       	ldd	r22, Y+8	; 0x08
    1d88:	79 85       	ldd	r23, Y+9	; 0x09
    1d8a:	8a 85       	ldd	r24, Y+10	; 0x0a
    1d8c:	9b 85       	ldd	r25, Y+11	; 0x0b
    1d8e:	0e 94 18 11 	call	0x2230	; 0x2230 <uart0_print_fixed_2>
    uart0_print(",BZ=");
    1d92:	88 eb       	ldi	r24, 0xB8	; 184
    1d94:	96 e0       	ldi	r25, 0x06	; 6
    1d96:	0e 94 3e 10 	call	0x207c	; 0x207c <uart0_print>
    uart0_print_fixed_2(result->value.bz_x100);
    1d9a:	6c 85       	ldd	r22, Y+12	; 0x0c
    1d9c:	7d 85       	ldd	r23, Y+13	; 0x0d
    1d9e:	8e 85       	ldd	r24, Y+14	; 0x0e
    1da0:	9f 85       	ldd	r25, Y+15	; 0x0f
    1da2:	0e 94 18 11 	call	0x2230	; 0x2230 <uart0_print_fixed_2>
    uart0_print(",STATUS=0x");
    1da6:	8d eb       	ldi	r24, 0xBD	; 189
    1da8:	96 e0       	ldi	r25, 0x06	; 6
    1daa:	0e 94 3e 10 	call	0x207c	; 0x207c <uart0_print>
    uart0_print_hex8(result->value.status);
    1dae:	88 89       	ldd	r24, Y+16	; 0x10
    1db0:	0e 94 4b 10 	call	0x2096	; 0x2096 <uart0_print_hex8>
    uart0_print("\r\n");
    1db4:	88 e0       	ldi	r24, 0x08	; 8
    1db6:	97 e0       	ldi	r25, 0x07	; 7
    1db8:	0e 94 3e 10 	call	0x207c	; 0x207c <uart0_print>
}
    1dbc:	df 91       	pop	r29
    1dbe:	cf 91       	pop	r28
    1dc0:	1f 91       	pop	r17
    1dc2:	0f 91       	pop	r16
    1dc4:	ff 90       	pop	r15
    1dc6:	ef 90       	pop	r14
    1dc8:	bf 90       	pop	r11
    1dca:	af 90       	pop	r10
    1dcc:	9f 90       	pop	r9
    1dce:	8f 90       	pop	r8
    1dd0:	08 95       	ret

00001dd2 <twi1_start>:
{
    if (!twi1_start()) { twi1_stop(); return 0; }
    uint8_t status = twi1_write_byte((uint8_t)(address << 1));
    twi1_stop();
    return status == 0x18U;
}
    1dd2:	84 ea       	ldi	r24, 0xA4	; 164
    1dd4:	80 93 dc 00 	sts	0x00DC, r24	; 0x8000dc <__TEXT_REGION_LENGTH__+0x7f80dc>
    1dd8:	80 91 dc 00 	lds	r24, 0x00DC	; 0x8000dc <__TEXT_REGION_LENGTH__+0x7f80dc>
    1ddc:	88 23       	and	r24, r24
    1dde:	e4 f7       	brge	.-8      	; 0x1dd8 <twi1_start+0x6>
    1de0:	80 91 d9 00 	lds	r24, 0x00D9	; 0x8000d9 <__TEXT_REGION_LENGTH__+0x7f80d9>
    1de4:	88 7f       	andi	r24, 0xF8	; 248
    1de6:	88 30       	cpi	r24, 0x08	; 8
    1de8:	21 f0       	breq	.+8      	; 0x1df2 <twi1_start+0x20>
    1dea:	80 31       	cpi	r24, 0x10	; 16
    1dec:	21 f4       	brne	.+8      	; 0x1df6 <twi1_start+0x24>
    1dee:	81 e0       	ldi	r24, 0x01	; 1
    1df0:	08 95       	ret
    1df2:	81 e0       	ldi	r24, 0x01	; 1
    1df4:	08 95       	ret
    1df6:	80 e0       	ldi	r24, 0x00	; 0
    1df8:	08 95       	ret

00001dfa <twi1_stop>:
    1dfa:	84 e9       	ldi	r24, 0x94	; 148
    1dfc:	80 93 dc 00 	sts	0x00DC, r24	; 0x8000dc <__TEXT_REGION_LENGTH__+0x7f80dc>
    1e00:	08 95       	ret

00001e02 <twi1_write_byte>:
    1e02:	80 93 db 00 	sts	0x00DB, r24	; 0x8000db <__TEXT_REGION_LENGTH__+0x7f80db>
    1e06:	84 e8       	ldi	r24, 0x84	; 132
    1e08:	80 93 dc 00 	sts	0x00DC, r24	; 0x8000dc <__TEXT_REGION_LENGTH__+0x7f80dc>
    1e0c:	80 91 dc 00 	lds	r24, 0x00DC	; 0x8000dc <__TEXT_REGION_LENGTH__+0x7f80dc>
    1e10:	88 23       	and	r24, r24
    1e12:	e4 f7       	brge	.-8      	; 0x1e0c <twi1_write_byte+0xa>
    1e14:	80 91 d9 00 	lds	r24, 0x00D9	; 0x8000d9 <__TEXT_REGION_LENGTH__+0x7f80d9>
    1e18:	88 7f       	andi	r24, 0xF8	; 248
    1e1a:	08 95       	ret

00001e1c <twi1_read_ack>:
    1e1c:	84 ec       	ldi	r24, 0xC4	; 196
    1e1e:	80 93 dc 00 	sts	0x00DC, r24	; 0x8000dc <__TEXT_REGION_LENGTH__+0x7f80dc>
    1e22:	80 91 dc 00 	lds	r24, 0x00DC	; 0x8000dc <__TEXT_REGION_LENGTH__+0x7f80dc>
    1e26:	88 23       	and	r24, r24
    1e28:	e4 f7       	brge	.-8      	; 0x1e22 <twi1_read_ack+0x6>
    1e2a:	80 91 db 00 	lds	r24, 0x00DB	; 0x8000db <__TEXT_REGION_LENGTH__+0x7f80db>
    1e2e:	08 95       	ret

00001e30 <twi1_read_nack>:
    1e30:	84 e8       	ldi	r24, 0x84	; 132
    1e32:	80 93 dc 00 	sts	0x00DC, r24	; 0x8000dc <__TEXT_REGION_LENGTH__+0x7f80dc>
    1e36:	80 91 dc 00 	lds	r24, 0x00DC	; 0x8000dc <__TEXT_REGION_LENGTH__+0x7f80dc>
    1e3a:	88 23       	and	r24, r24
    1e3c:	e4 f7       	brge	.-8      	; 0x1e36 <twi1_read_nack+0x6>
    1e3e:	80 91 db 00 	lds	r24, 0x00DB	; 0x8000db <__TEXT_REGION_LENGTH__+0x7f80db>
    1e42:	08 95       	ret

00001e44 <twi1_init>:
    1e44:	8e b1       	in	r24, 0x0e	; 14
    1e46:	83 60       	ori	r24, 0x03	; 3
    1e48:	8e b9       	out	0x0e, r24	; 14
    1e4a:	10 92 d9 00 	sts	0x00D9, r1	; 0x8000d9 <__TEXT_REGION_LENGTH__+0x7f80d9>
    1e4e:	82 e0       	ldi	r24, 0x02	; 2
    1e50:	80 93 d8 00 	sts	0x00D8, r24	; 0x8000d8 <__TEXT_REGION_LENGTH__+0x7f80d8>
    1e54:	84 e0       	ldi	r24, 0x04	; 4
    1e56:	80 93 dc 00 	sts	0x00DC, r24	; 0x8000dc <__TEXT_REGION_LENGTH__+0x7f80dc>
    1e5a:	08 95       	ret

00001e5c <twi1_write_register>:

uint8_t twi1_write_register(uint8_t address, uint8_t reg, uint8_t value)
{
    1e5c:	0f 93       	push	r16
    1e5e:	1f 93       	push	r17
    1e60:	cf 93       	push	r28
    1e62:	df 93       	push	r29
    1e64:	d8 2f       	mov	r29, r24
    1e66:	16 2f       	mov	r17, r22
    1e68:	04 2f       	mov	r16, r20
    if (!twi1_start()) { twi1_stop(); return 0; }
    1e6a:	0e 94 e9 0e 	call	0x1dd2	; 0x1dd2 <twi1_start>
    1e6e:	c8 2f       	mov	r28, r24
    1e70:	81 11       	cpse	r24, r1
    1e72:	03 c0       	rjmp	.+6      	; 0x1e7a <twi1_write_register+0x1e>
    1e74:	0e 94 fd 0e 	call	0x1dfa	; 0x1dfa <twi1_stop>
    1e78:	1f c0       	rjmp	.+62     	; 0x1eb8 <twi1_write_register+0x5c>
    if (twi1_write_byte((uint8_t)(address << 1)) != 0x18U) { twi1_stop(); return 0; }
    1e7a:	8d 2f       	mov	r24, r29
    1e7c:	88 0f       	add	r24, r24
    1e7e:	0e 94 01 0f 	call	0x1e02	; 0x1e02 <twi1_write_byte>
    1e82:	88 31       	cpi	r24, 0x18	; 24
    1e84:	21 f0       	breq	.+8      	; 0x1e8e <twi1_write_register+0x32>
    1e86:	0e 94 fd 0e 	call	0x1dfa	; 0x1dfa <twi1_stop>
    1e8a:	c0 e0       	ldi	r28, 0x00	; 0
    1e8c:	15 c0       	rjmp	.+42     	; 0x1eb8 <twi1_write_register+0x5c>
    if (twi1_write_byte(reg) != 0x28U) { twi1_stop(); return 0; }
    1e8e:	81 2f       	mov	r24, r17
    1e90:	0e 94 01 0f 	call	0x1e02	; 0x1e02 <twi1_write_byte>
    1e94:	88 32       	cpi	r24, 0x28	; 40
    1e96:	21 f0       	breq	.+8      	; 0x1ea0 <twi1_write_register+0x44>
    1e98:	0e 94 fd 0e 	call	0x1dfa	; 0x1dfa <twi1_stop>
    1e9c:	c0 e0       	ldi	r28, 0x00	; 0
    1e9e:	0c c0       	rjmp	.+24     	; 0x1eb8 <twi1_write_register+0x5c>
    if (twi1_write_byte(value) != 0x28U) { twi1_stop(); return 0; }
    1ea0:	80 2f       	mov	r24, r16
    1ea2:	0e 94 01 0f 	call	0x1e02	; 0x1e02 <twi1_write_byte>
    1ea6:	88 32       	cpi	r24, 0x28	; 40
    1ea8:	21 f0       	breq	.+8      	; 0x1eb2 <twi1_write_register+0x56>
    1eaa:	0e 94 fd 0e 	call	0x1dfa	; 0x1dfa <twi1_stop>
    1eae:	c0 e0       	ldi	r28, 0x00	; 0
    1eb0:	03 c0       	rjmp	.+6      	; 0x1eb8 <twi1_write_register+0x5c>
    twi1_stop();
    1eb2:	0e 94 fd 0e 	call	0x1dfa	; 0x1dfa <twi1_stop>
    return 1;
    1eb6:	c1 e0       	ldi	r28, 0x01	; 1
}
    1eb8:	8c 2f       	mov	r24, r28
    1eba:	df 91       	pop	r29
    1ebc:	cf 91       	pop	r28
    1ebe:	1f 91       	pop	r17
    1ec0:	0f 91       	pop	r16
    1ec2:	08 95       	ret

00001ec4 <twi1_read_register>:

uint8_t twi1_read_register(uint8_t address, uint8_t reg, uint8_t *value)
{
    1ec4:	ef 92       	push	r14
    1ec6:	ff 92       	push	r15
    1ec8:	1f 93       	push	r17
    1eca:	cf 93       	push	r28
    1ecc:	df 93       	push	r29
    1ece:	d8 2f       	mov	r29, r24
    1ed0:	16 2f       	mov	r17, r22
    1ed2:	7a 01       	movw	r14, r20
    if (!twi1_start()) { twi1_stop(); return 0; }
    1ed4:	0e 94 e9 0e 	call	0x1dd2	; 0x1dd2 <twi1_start>
    1ed8:	c8 2f       	mov	r28, r24
    1eda:	81 11       	cpse	r24, r1
    1edc:	03 c0       	rjmp	.+6      	; 0x1ee4 <twi1_read_register+0x20>
    1ede:	0e 94 fd 0e 	call	0x1dfa	; 0x1dfa <twi1_stop>
    1ee2:	2c c0       	rjmp	.+88     	; 0x1f3c <twi1_read_register+0x78>
    if (twi1_write_byte((uint8_t)(address << 1)) != 0x18U) { twi1_stop(); return 0; }
    1ee4:	dd 0f       	add	r29, r29
    1ee6:	8d 2f       	mov	r24, r29
    1ee8:	0e 94 01 0f 	call	0x1e02	; 0x1e02 <twi1_write_byte>
    1eec:	88 31       	cpi	r24, 0x18	; 24
    1eee:	21 f0       	breq	.+8      	; 0x1ef8 <twi1_read_register+0x34>
    1ef0:	0e 94 fd 0e 	call	0x1dfa	; 0x1dfa <twi1_stop>
    1ef4:	c0 e0       	ldi	r28, 0x00	; 0
    1ef6:	22 c0       	rjmp	.+68     	; 0x1f3c <twi1_read_register+0x78>
    if (twi1_write_byte(reg) != 0x28U) { twi1_stop(); return 0; }
    1ef8:	81 2f       	mov	r24, r17
    1efa:	0e 94 01 0f 	call	0x1e02	; 0x1e02 <twi1_write_byte>
    1efe:	88 32       	cpi	r24, 0x28	; 40
    1f00:	21 f0       	breq	.+8      	; 0x1f0a <twi1_read_register+0x46>
    1f02:	0e 94 fd 0e 	call	0x1dfa	; 0x1dfa <twi1_stop>
    1f06:	c0 e0       	ldi	r28, 0x00	; 0
    1f08:	19 c0       	rjmp	.+50     	; 0x1f3c <twi1_read_register+0x78>
    if (!twi1_start()) { twi1_stop(); return 0; }
    1f0a:	0e 94 e9 0e 	call	0x1dd2	; 0x1dd2 <twi1_start>
    1f0e:	c8 2f       	mov	r28, r24
    1f10:	81 11       	cpse	r24, r1
    1f12:	03 c0       	rjmp	.+6      	; 0x1f1a <twi1_read_register+0x56>
    1f14:	0e 94 fd 0e 	call	0x1dfa	; 0x1dfa <twi1_stop>
    1f18:	11 c0       	rjmp	.+34     	; 0x1f3c <twi1_read_register+0x78>
    if (twi1_write_byte((uint8_t)((address << 1) | 1U)) != 0x40U) { twi1_stop(); return 0; }
    1f1a:	8d 2f       	mov	r24, r29
    1f1c:	81 60       	ori	r24, 0x01	; 1
    1f1e:	0e 94 01 0f 	call	0x1e02	; 0x1e02 <twi1_write_byte>
    1f22:	80 34       	cpi	r24, 0x40	; 64
    1f24:	21 f0       	breq	.+8      	; 0x1f2e <twi1_read_register+0x6a>
    1f26:	0e 94 fd 0e 	call	0x1dfa	; 0x1dfa <twi1_stop>
    1f2a:	c0 e0       	ldi	r28, 0x00	; 0
    1f2c:	07 c0       	rjmp	.+14     	; 0x1f3c <twi1_read_register+0x78>
    *value = twi1_read_nack();
    1f2e:	0e 94 18 0f 	call	0x1e30	; 0x1e30 <twi1_read_nack>
    1f32:	f7 01       	movw	r30, r14
    1f34:	80 83       	st	Z, r24
    twi1_stop();
    1f36:	0e 94 fd 0e 	call	0x1dfa	; 0x1dfa <twi1_stop>
    return 1;
    1f3a:	c1 e0       	ldi	r28, 0x01	; 1
}
    1f3c:	8c 2f       	mov	r24, r28
    1f3e:	df 91       	pop	r29
    1f40:	cf 91       	pop	r28
    1f42:	1f 91       	pop	r17
    1f44:	ff 90       	pop	r15
    1f46:	ef 90       	pop	r14
    1f48:	08 95       	ret

00001f4a <twi1_read_block>:

uint8_t twi1_read_block(uint8_t address, uint8_t reg, uint8_t *buffer, uint8_t length)
{
    1f4a:	ef 92       	push	r14
    1f4c:	ff 92       	push	r15
    1f4e:	0f 93       	push	r16
    1f50:	1f 93       	push	r17
    1f52:	cf 93       	push	r28
    1f54:	df 93       	push	r29
    if (length == 0U) return 0;
    1f56:	22 23       	and	r18, r18
    1f58:	09 f4       	brne	.+2      	; 0x1f5c <twi1_read_block+0x12>
    1f5a:	48 c0       	rjmp	.+144    	; 0x1fec <twi1_read_block+0xa2>
    1f5c:	c2 2f       	mov	r28, r18
    1f5e:	7a 01       	movw	r14, r20
    1f60:	06 2f       	mov	r16, r22
    1f62:	18 2f       	mov	r17, r24

    if (!twi1_start()) { twi1_stop(); return 0; }
    1f64:	0e 94 e9 0e 	call	0x1dd2	; 0x1dd2 <twi1_start>
    1f68:	d8 2f       	mov	r29, r24
    1f6a:	81 11       	cpse	r24, r1
    1f6c:	03 c0       	rjmp	.+6      	; 0x1f74 <twi1_read_block+0x2a>
    1f6e:	0e 94 fd 0e 	call	0x1dfa	; 0x1dfa <twi1_stop>
    1f72:	3d c0       	rjmp	.+122    	; 0x1fee <twi1_read_block+0xa4>
    if (twi1_write_byte((uint8_t)(address << 1)) != 0x18U) { twi1_stop(); return 0; }
    1f74:	11 0f       	add	r17, r17
    1f76:	81 2f       	mov	r24, r17
    1f78:	0e 94 01 0f 	call	0x1e02	; 0x1e02 <twi1_write_byte>
    1f7c:	88 31       	cpi	r24, 0x18	; 24
    1f7e:	21 f0       	breq	.+8      	; 0x1f88 <twi1_read_block+0x3e>
    1f80:	0e 94 fd 0e 	call	0x1dfa	; 0x1dfa <twi1_stop>
    1f84:	d0 e0       	ldi	r29, 0x00	; 0
    1f86:	33 c0       	rjmp	.+102    	; 0x1fee <twi1_read_block+0xa4>
    if (twi1_write_byte(reg) != 0x28U) { twi1_stop(); return 0; }
    1f88:	80 2f       	mov	r24, r16
    1f8a:	0e 94 01 0f 	call	0x1e02	; 0x1e02 <twi1_write_byte>
    1f8e:	88 32       	cpi	r24, 0x28	; 40
    1f90:	21 f0       	breq	.+8      	; 0x1f9a <twi1_read_block+0x50>
    1f92:	0e 94 fd 0e 	call	0x1dfa	; 0x1dfa <twi1_stop>
    1f96:	d0 e0       	ldi	r29, 0x00	; 0
    1f98:	2a c0       	rjmp	.+84     	; 0x1fee <twi1_read_block+0xa4>
    if (!twi1_start()) { twi1_stop(); return 0; }
    1f9a:	0e 94 e9 0e 	call	0x1dd2	; 0x1dd2 <twi1_start>
    1f9e:	d8 2f       	mov	r29, r24
    1fa0:	81 11       	cpse	r24, r1
    1fa2:	03 c0       	rjmp	.+6      	; 0x1faa <twi1_read_block+0x60>
    1fa4:	0e 94 fd 0e 	call	0x1dfa	; 0x1dfa <twi1_stop>
    1fa8:	22 c0       	rjmp	.+68     	; 0x1fee <twi1_read_block+0xa4>
    if (twi1_write_byte((uint8_t)((address << 1) | 1U)) != 0x40U) { twi1_stop(); return 0; }
    1faa:	81 2f       	mov	r24, r17
    1fac:	81 60       	ori	r24, 0x01	; 1
    1fae:	0e 94 01 0f 	call	0x1e02	; 0x1e02 <twi1_write_byte>
    1fb2:	80 34       	cpi	r24, 0x40	; 64
    1fb4:	a1 f0       	breq	.+40     	; 0x1fde <twi1_read_block+0x94>
    1fb6:	0e 94 fd 0e 	call	0x1dfa	; 0x1dfa <twi1_stop>
    1fba:	d0 e0       	ldi	r29, 0x00	; 0
    1fbc:	18 c0       	rjmp	.+48     	; 0x1fee <twi1_read_block+0xa4>

    for (uint8_t index = 0; index < length; index++) {
        buffer[index] = (index == (uint8_t)(length - 1U))
    1fbe:	87 01       	movw	r16, r14
    1fc0:	0d 0f       	add	r16, r29
    1fc2:	11 1d       	adc	r17, r1
    1fc4:	8f ef       	ldi	r24, 0xFF	; 255
    1fc6:	8c 0f       	add	r24, r28
    1fc8:	d8 13       	cpse	r29, r24
    1fca:	03 c0       	rjmp	.+6      	; 0x1fd2 <twi1_read_block+0x88>
    1fcc:	0e 94 18 0f 	call	0x1e30	; 0x1e30 <twi1_read_nack>
    1fd0:	02 c0       	rjmp	.+4      	; 0x1fd6 <twi1_read_block+0x8c>
    1fd2:	0e 94 0e 0f 	call	0x1e1c	; 0x1e1c <twi1_read_ack>
    1fd6:	f8 01       	movw	r30, r16
    1fd8:	80 83       	st	Z, r24
    if (twi1_write_byte((uint8_t)(address << 1)) != 0x18U) { twi1_stop(); return 0; }
    if (twi1_write_byte(reg) != 0x28U) { twi1_stop(); return 0; }
    if (!twi1_start()) { twi1_stop(); return 0; }
    if (twi1_write_byte((uint8_t)((address << 1) | 1U)) != 0x40U) { twi1_stop(); return 0; }

    for (uint8_t index = 0; index < length; index++) {
    1fda:	df 5f       	subi	r29, 0xFF	; 255
    1fdc:	01 c0       	rjmp	.+2      	; 0x1fe0 <twi1_read_block+0x96>
    1fde:	d0 e0       	ldi	r29, 0x00	; 0
    1fe0:	dc 17       	cp	r29, r28
    1fe2:	68 f3       	brcs	.-38     	; 0x1fbe <twi1_read_block+0x74>
        buffer[index] = (index == (uint8_t)(length - 1U))
                      ? twi1_read_nack()
                      : twi1_read_ack();
    }

    twi1_stop();
    1fe4:	0e 94 fd 0e 	call	0x1dfa	; 0x1dfa <twi1_stop>
    return 1;
    1fe8:	d1 e0       	ldi	r29, 0x01	; 1
    1fea:	01 c0       	rjmp	.+2      	; 0x1fee <twi1_read_block+0xa4>
    return 1;
}

uint8_t twi1_read_block(uint8_t address, uint8_t reg, uint8_t *buffer, uint8_t length)
{
    if (length == 0U) return 0;
    1fec:	d0 e0       	ldi	r29, 0x00	; 0
                      : twi1_read_ack();
    }

    twi1_stop();
    return 1;
}
    1fee:	8d 2f       	mov	r24, r29
    1ff0:	df 91       	pop	r29
    1ff2:	cf 91       	pop	r28
    1ff4:	1f 91       	pop	r17
    1ff6:	0f 91       	pop	r16
    1ff8:	ff 90       	pop	r15
    1ffa:	ef 90       	pop	r14
    1ffc:	08 95       	ret

00001ffe <__vector_18>:
static volatile uint8_t rx_tail = 0U;
static volatile uint8_t rx_overflow = 0U;
static volatile char rx_buffer[UART0_RX_BUFFER_SIZE];

ISR(USART0_RX_vect)
{
    1ffe:	1f 92       	push	r1
    2000:	0f 92       	push	r0
    2002:	0f b6       	in	r0, 0x3f	; 63
    2004:	0f 92       	push	r0
    2006:	11 24       	eor	r1, r1
    2008:	2f 93       	push	r18
    200a:	8f 93       	push	r24
    200c:	9f 93       	push	r25
    200e:	ef 93       	push	r30
    2010:	ff 93       	push	r31
    char value = (char)UDR0;
    2012:	20 91 c6 00 	lds	r18, 0x00C6	; 0x8000c6 <__TEXT_REGION_LENGTH__+0x7f80c6>
    uint8_t next = (uint8_t)((rx_head + 1U) & UART0_RX_BUFFER_MASK);
    2016:	80 91 c7 08 	lds	r24, 0x08C7	; 0x8008c7 <rx_head>
    201a:	8f 5f       	subi	r24, 0xFF	; 255
    201c:	8f 77       	andi	r24, 0x7F	; 127

    if (next == rx_tail) {
    201e:	90 91 c6 08 	lds	r25, 0x08C6	; 0x8008c6 <rx_tail>
    2022:	89 13       	cpse	r24, r25
    2024:	04 c0       	rjmp	.+8      	; 0x202e <__vector_18+0x30>
        rx_overflow = 1U;
    2026:	81 e0       	ldi	r24, 0x01	; 1
    2028:	80 93 c5 08 	sts	0x08C5, r24	; 0x8008c5 <rx_overflow>
        return;
    202c:	08 c0       	rjmp	.+16     	; 0x203e <__vector_18+0x40>
    }

    rx_buffer[rx_head] = value;
    202e:	e0 91 c7 08 	lds	r30, 0x08C7	; 0x8008c7 <rx_head>
    2032:	f0 e0       	ldi	r31, 0x00	; 0
    2034:	eb 5b       	subi	r30, 0xBB	; 187
    2036:	f7 4f       	sbci	r31, 0xF7	; 247
    2038:	20 83       	st	Z, r18
    rx_head = next;
    203a:	80 93 c7 08 	sts	0x08C7, r24	; 0x8008c7 <rx_head>
}
    203e:	ff 91       	pop	r31
    2040:	ef 91       	pop	r30
    2042:	9f 91       	pop	r25
    2044:	8f 91       	pop	r24
    2046:	2f 91       	pop	r18
    2048:	0f 90       	pop	r0
    204a:	0f be       	out	0x3f, r0	; 63
    204c:	0f 90       	pop	r0
    204e:	1f 90       	pop	r1
    2050:	18 95       	reti

00002052 <uart0_init>:

void uart0_init(void)
{
    UBRR0H = (uint8_t)(UBRR_VALUE >> 8);
    2052:	10 92 c5 00 	sts	0x00C5, r1	; 0x8000c5 <__TEXT_REGION_LENGTH__+0x7f80c5>
    UBRR0L = (uint8_t)(UBRR_VALUE & 0xFFU);
    2056:	8c e0       	ldi	r24, 0x0C	; 12
    2058:	80 93 c4 00 	sts	0x00C4, r24	; 0x8000c4 <__TEXT_REGION_LENGTH__+0x7f80c4>
    UCSR0A = 0x00;
    205c:	10 92 c0 00 	sts	0x00C0, r1	; 0x8000c0 <__TEXT_REGION_LENGTH__+0x7f80c0>
    UCSR0B = (1 << RXCIE0) | (1 << RXEN0) | (1 << TXEN0);
    2060:	88 e9       	ldi	r24, 0x98	; 152
    2062:	80 93 c1 00 	sts	0x00C1, r24	; 0x8000c1 <__TEXT_REGION_LENGTH__+0x7f80c1>
    UCSR0C = (1 << UCSZ01) | (1 << UCSZ00); /* 8N1 */
    2066:	86 e0       	ldi	r24, 0x06	; 6
    2068:	80 93 c2 00 	sts	0x00C2, r24	; 0x8000c2 <__TEXT_REGION_LENGTH__+0x7f80c2>
    206c:	08 95       	ret

0000206e <uart0_putc>:
}

void uart0_putc(char c)
{
    while (!(UCSR0A & (1 << UDRE0))) {}
    206e:	90 91 c0 00 	lds	r25, 0x00C0	; 0x8000c0 <__TEXT_REGION_LENGTH__+0x7f80c0>
    2072:	95 ff       	sbrs	r25, 5
    2074:	fc cf       	rjmp	.-8      	; 0x206e <uart0_putc>
    UDR0 = c;
    2076:	80 93 c6 00 	sts	0x00C6, r24	; 0x8000c6 <__TEXT_REGION_LENGTH__+0x7f80c6>
    207a:	08 95       	ret

0000207c <uart0_print>:
}

void uart0_print(const char *s)
{
    207c:	cf 93       	push	r28
    207e:	df 93       	push	r29
    2080:	ec 01       	movw	r28, r24
    while (*s != '\0') uart0_putc(*s++);
    2082:	03 c0       	rjmp	.+6      	; 0x208a <uart0_print+0xe>
    2084:	21 96       	adiw	r28, 0x01	; 1
    2086:	0e 94 37 10 	call	0x206e	; 0x206e <uart0_putc>
    208a:	88 81       	ld	r24, Y
    208c:	81 11       	cpse	r24, r1
    208e:	fa cf       	rjmp	.-12     	; 0x2084 <uart0_print+0x8>
}
    2090:	df 91       	pop	r29
    2092:	cf 91       	pop	r28
    2094:	08 95       	ret

00002096 <uart0_print_hex8>:

void uart0_print_hex8(uint8_t value)
{
    2096:	cf 93       	push	r28
    2098:	c8 2f       	mov	r28, r24
    static const char hex[] = "0123456789ABCDEF";
    uart0_putc(hex[(value >> 4) & 0x0FU]);
    209a:	e8 2f       	mov	r30, r24
    209c:	e2 95       	swap	r30
    209e:	ef 70       	andi	r30, 0x0F	; 15
    20a0:	f0 e0       	ldi	r31, 0x00	; 0
    20a2:	e8 53       	subi	r30, 0x38	; 56
    20a4:	f9 4f       	sbci	r31, 0xF9	; 249
    20a6:	80 81       	ld	r24, Z
    20a8:	0e 94 37 10 	call	0x206e	; 0x206e <uart0_putc>
    uart0_putc(hex[value & 0x0FU]);
    20ac:	cf 70       	andi	r28, 0x0F	; 15
    20ae:	ec 2f       	mov	r30, r28
    20b0:	f0 e0       	ldi	r31, 0x00	; 0
    20b2:	e8 53       	subi	r30, 0x38	; 56
    20b4:	f9 4f       	sbci	r31, 0xF9	; 249
    20b6:	80 81       	ld	r24, Z
    20b8:	0e 94 37 10 	call	0x206e	; 0x206e <uart0_putc>
}
    20bc:	cf 91       	pop	r28
    20be:	08 95       	ret

000020c0 <uart0_print_uint16>:

void uart0_print_uint16(uint16_t value)
{
    20c0:	1f 93       	push	r17
    20c2:	cf 93       	push	r28
    20c4:	df 93       	push	r29
    20c6:	00 d0       	rcall	.+0      	; 0x20c8 <uart0_print_uint16+0x8>
    20c8:	00 d0       	rcall	.+0      	; 0x20ca <uart0_print_uint16+0xa>
    20ca:	1f 92       	push	r1
    20cc:	cd b7       	in	r28, 0x3d	; 61
    20ce:	de b7       	in	r29, 0x3e	; 62
    20d0:	ac 01       	movw	r20, r24
    char buffer[5];
    uint8_t count = 0U;

    if (value == 0U) {
    20d2:	89 2b       	or	r24, r25
    20d4:	91 f5       	brne	.+100    	; 0x213a <uart0_print_uint16+0x7a>
        uart0_putc('0');
    20d6:	80 e3       	ldi	r24, 0x30	; 48
    20d8:	0e 94 37 10 	call	0x206e	; 0x206e <uart0_putc>
    20dc:	3f c0       	rjmp	.+126    	; 0x215c <uart0_print_uint16+0x9c>
        return;
    }

    while (value > 0U) {
        buffer[count++] = (char)('0' + (value % 10U));
    20de:	9a 01       	movw	r18, r20
    20e0:	ad ec       	ldi	r26, 0xCD	; 205
    20e2:	bc ec       	ldi	r27, 0xCC	; 204
    20e4:	0e 94 23 12 	call	0x2446	; 0x2446 <__umulhisi3>
    20e8:	96 95       	lsr	r25
    20ea:	87 95       	ror	r24
    20ec:	96 95       	lsr	r25
    20ee:	87 95       	ror	r24
    20f0:	96 95       	lsr	r25
    20f2:	87 95       	ror	r24
    20f4:	9c 01       	movw	r18, r24
    20f6:	22 0f       	add	r18, r18
    20f8:	33 1f       	adc	r19, r19
    20fa:	88 0f       	add	r24, r24
    20fc:	99 1f       	adc	r25, r25
    20fe:	88 0f       	add	r24, r24
    2100:	99 1f       	adc	r25, r25
    2102:	88 0f       	add	r24, r24
    2104:	99 1f       	adc	r25, r25
    2106:	82 0f       	add	r24, r18
    2108:	93 1f       	adc	r25, r19
    210a:	9a 01       	movw	r18, r20
    210c:	28 1b       	sub	r18, r24
    210e:	39 0b       	sbc	r19, r25
    2110:	c9 01       	movw	r24, r18
    2112:	80 5d       	subi	r24, 0xD0	; 208
    2114:	e1 e0       	ldi	r30, 0x01	; 1
    2116:	f0 e0       	ldi	r31, 0x00	; 0
    2118:	ec 0f       	add	r30, r28
    211a:	fd 1f       	adc	r31, r29
    211c:	e1 0f       	add	r30, r17
    211e:	f1 1d       	adc	r31, r1
    2120:	80 83       	st	Z, r24
        value /= 10U;
    2122:	9a 01       	movw	r18, r20
    2124:	0e 94 23 12 	call	0x2446	; 0x2446 <__umulhisi3>
    2128:	ac 01       	movw	r20, r24
    212a:	56 95       	lsr	r21
    212c:	47 95       	ror	r20
    212e:	56 95       	lsr	r21
    2130:	47 95       	ror	r20
    2132:	56 95       	lsr	r21
    2134:	47 95       	ror	r20
        uart0_putc('0');
        return;
    }

    while (value > 0U) {
        buffer[count++] = (char)('0' + (value % 10U));
    2136:	1f 5f       	subi	r17, 0xFF	; 255
    2138:	01 c0       	rjmp	.+2      	; 0x213c <uart0_print_uint16+0x7c>
    213a:	10 e0       	ldi	r17, 0x00	; 0
    if (value == 0U) {
        uart0_putc('0');
        return;
    }

    while (value > 0U) {
    213c:	41 15       	cp	r20, r1
    213e:	51 05       	cpc	r21, r1
    2140:	71 f6       	brne	.-100    	; 0x20de <uart0_print_uint16+0x1e>
    2142:	0a c0       	rjmp	.+20     	; 0x2158 <uart0_print_uint16+0x98>
        buffer[count++] = (char)('0' + (value % 10U));
        value /= 10U;
    }

    while (count > 0U) uart0_putc(buffer[--count]);
    2144:	11 50       	subi	r17, 0x01	; 1
    2146:	e1 e0       	ldi	r30, 0x01	; 1
    2148:	f0 e0       	ldi	r31, 0x00	; 0
    214a:	ec 0f       	add	r30, r28
    214c:	fd 1f       	adc	r31, r29
    214e:	e1 0f       	add	r30, r17
    2150:	f1 1d       	adc	r31, r1
    2152:	80 81       	ld	r24, Z
    2154:	0e 94 37 10 	call	0x206e	; 0x206e <uart0_putc>
    2158:	11 11       	cpse	r17, r1
    215a:	f4 cf       	rjmp	.-24     	; 0x2144 <uart0_print_uint16+0x84>
}
    215c:	0f 90       	pop	r0
    215e:	0f 90       	pop	r0
    2160:	0f 90       	pop	r0
    2162:	0f 90       	pop	r0
    2164:	0f 90       	pop	r0
    2166:	df 91       	pop	r29
    2168:	cf 91       	pop	r28
    216a:	1f 91       	pop	r17
    216c:	08 95       	ret

0000216e <uart0_print_uint32>:

void uart0_print_uint32(uint32_t value)
{
    216e:	1f 93       	push	r17
    2170:	cf 93       	push	r28
    2172:	df 93       	push	r29
    2174:	cd b7       	in	r28, 0x3d	; 61
    2176:	de b7       	in	r29, 0x3e	; 62
    2178:	2a 97       	sbiw	r28, 0x0a	; 10
    217a:	0f b6       	in	r0, 0x3f	; 63
    217c:	f8 94       	cli
    217e:	de bf       	out	0x3e, r29	; 62
    2180:	0f be       	out	0x3f, r0	; 63
    2182:	cd bf       	out	0x3d, r28	; 61
    char buffer[10];
    uint8_t count = 0U;

    if (value == 0UL) {
    2184:	61 15       	cp	r22, r1
    2186:	71 05       	cpc	r23, r1
    2188:	81 05       	cpc	r24, r1
    218a:	91 05       	cpc	r25, r1
    218c:	c1 f4       	brne	.+48     	; 0x21be <uart0_print_uint32+0x50>
        uart0_putc('0');
    218e:	80 e3       	ldi	r24, 0x30	; 48
    2190:	0e 94 37 10 	call	0x206e	; 0x206e <uart0_putc>
    2194:	27 c0       	rjmp	.+78     	; 0x21e4 <uart0_print_uint32+0x76>
        return;
    }

    while (value > 0UL) {
        buffer[count++] = (char)('0' + (value % 10UL));
    2196:	2a e0       	ldi	r18, 0x0A	; 10
    2198:	30 e0       	ldi	r19, 0x00	; 0
    219a:	40 e0       	ldi	r20, 0x00	; 0
    219c:	50 e0       	ldi	r21, 0x00	; 0
    219e:	0e 94 e2 11 	call	0x23c4	; 0x23c4 <__udivmodsi4>
    21a2:	60 5d       	subi	r22, 0xD0	; 208
    21a4:	e1 e0       	ldi	r30, 0x01	; 1
    21a6:	f0 e0       	ldi	r31, 0x00	; 0
    21a8:	ec 0f       	add	r30, r28
    21aa:	fd 1f       	adc	r31, r29
    21ac:	e1 0f       	add	r30, r17
    21ae:	f1 1d       	adc	r31, r1
    21b0:	60 83       	st	Z, r22
        value /= 10UL;
    21b2:	62 2f       	mov	r22, r18
    21b4:	73 2f       	mov	r23, r19
    21b6:	84 2f       	mov	r24, r20
    21b8:	95 2f       	mov	r25, r21
        uart0_putc('0');
        return;
    }

    while (value > 0UL) {
        buffer[count++] = (char)('0' + (value % 10UL));
    21ba:	1f 5f       	subi	r17, 0xFF	; 255
    21bc:	01 c0       	rjmp	.+2      	; 0x21c0 <uart0_print_uint32+0x52>
    21be:	10 e0       	ldi	r17, 0x00	; 0
    if (value == 0UL) {
        uart0_putc('0');
        return;
    }

    while (value > 0UL) {
    21c0:	61 15       	cp	r22, r1
    21c2:	71 05       	cpc	r23, r1
    21c4:	81 05       	cpc	r24, r1
    21c6:	91 05       	cpc	r25, r1
    21c8:	31 f7       	brne	.-52     	; 0x2196 <uart0_print_uint32+0x28>
    21ca:	0a c0       	rjmp	.+20     	; 0x21e0 <uart0_print_uint32+0x72>
        buffer[count++] = (char)('0' + (value % 10UL));
        value /= 10UL;
    }

    while (count > 0U) uart0_putc(buffer[--count]);
    21cc:	11 50       	subi	r17, 0x01	; 1
    21ce:	e1 e0       	ldi	r30, 0x01	; 1
    21d0:	f0 e0       	ldi	r31, 0x00	; 0
    21d2:	ec 0f       	add	r30, r28
    21d4:	fd 1f       	adc	r31, r29
    21d6:	e1 0f       	add	r30, r17
    21d8:	f1 1d       	adc	r31, r1
    21da:	80 81       	ld	r24, Z
    21dc:	0e 94 37 10 	call	0x206e	; 0x206e <uart0_putc>
    21e0:	11 11       	cpse	r17, r1
    21e2:	f4 cf       	rjmp	.-24     	; 0x21cc <uart0_print_uint32+0x5e>
}
    21e4:	2a 96       	adiw	r28, 0x0a	; 10
    21e6:	0f b6       	in	r0, 0x3f	; 63
    21e8:	f8 94       	cli
    21ea:	de bf       	out	0x3e, r29	; 62
    21ec:	0f be       	out	0x3f, r0	; 63
    21ee:	cd bf       	out	0x3d, r28	; 61
    21f0:	df 91       	pop	r29
    21f2:	cf 91       	pop	r28
    21f4:	1f 91       	pop	r17
    21f6:	08 95       	ret

000021f8 <uart0_print_int32>:

void uart0_print_int32(int32_t value)
{
    21f8:	cf 92       	push	r12
    21fa:	df 92       	push	r13
    21fc:	ef 92       	push	r14
    21fe:	ff 92       	push	r15
    2200:	6b 01       	movw	r12, r22
    2202:	7c 01       	movw	r14, r24
    if (value < 0L) {
    2204:	99 23       	and	r25, r25
    2206:	5c f4       	brge	.+22     	; 0x221e <uart0_print_int32+0x26>
        uart0_putc('-');
    2208:	8d e2       	ldi	r24, 0x2D	; 45
    220a:	0e 94 37 10 	call	0x206e	; 0x206e <uart0_putc>
        value = -value;
    220e:	f0 94       	com	r15
    2210:	e0 94       	com	r14
    2212:	d0 94       	com	r13
    2214:	c0 94       	com	r12
    2216:	c1 1c       	adc	r12, r1
    2218:	d1 1c       	adc	r13, r1
    221a:	e1 1c       	adc	r14, r1
    221c:	f1 1c       	adc	r15, r1
    }
    uart0_print_uint32((uint32_t)value);
    221e:	c7 01       	movw	r24, r14
    2220:	b6 01       	movw	r22, r12
    2222:	0e 94 b7 10 	call	0x216e	; 0x216e <uart0_print_uint32>
}
    2226:	ff 90       	pop	r15
    2228:	ef 90       	pop	r14
    222a:	df 90       	pop	r13
    222c:	cf 90       	pop	r12
    222e:	08 95       	ret

00002230 <uart0_print_fixed_2>:

void uart0_print_fixed_2(int32_t value_x100)
{
    2230:	cf 92       	push	r12
    2232:	df 92       	push	r13
    2234:	ef 92       	push	r14
    2236:	ff 92       	push	r15
    2238:	cf 93       	push	r28
    223a:	df 93       	push	r29
    223c:	6b 01       	movw	r12, r22
    223e:	7c 01       	movw	r14, r24
    if (value_x100 < 0L) {
    2240:	99 23       	and	r25, r25
    2242:	5c f4       	brge	.+22     	; 0x225a <uart0_print_fixed_2+0x2a>
        uart0_putc('-');
    2244:	8d e2       	ldi	r24, 0x2D	; 45
    2246:	0e 94 37 10 	call	0x206e	; 0x206e <uart0_putc>
        value_x100 = -value_x100;
    224a:	f0 94       	com	r15
    224c:	e0 94       	com	r14
    224e:	d0 94       	com	r13
    2250:	c0 94       	com	r12
    2252:	c1 1c       	adc	r12, r1
    2254:	d1 1c       	adc	r13, r1
    2256:	e1 1c       	adc	r14, r1
    2258:	f1 1c       	adc	r15, r1
    }

    uart0_print_uint32((uint32_t)(value_x100 / 100L));
    225a:	c7 01       	movw	r24, r14
    225c:	b6 01       	movw	r22, r12
    225e:	24 e6       	ldi	r18, 0x64	; 100
    2260:	30 e0       	ldi	r19, 0x00	; 0
    2262:	40 e0       	ldi	r20, 0x00	; 0
    2264:	50 e0       	ldi	r21, 0x00	; 0
    2266:	0e 94 04 12 	call	0x2408	; 0x2408 <__divmodsi4>
    226a:	d6 2f       	mov	r29, r22
    226c:	ca 01       	movw	r24, r20
    226e:	b9 01       	movw	r22, r18
    2270:	0e 94 b7 10 	call	0x216e	; 0x216e <uart0_print_uint32>
    uart0_putc('.');
    2274:	8e e2       	ldi	r24, 0x2E	; 46
    2276:	0e 94 37 10 	call	0x206e	; 0x206e <uart0_putc>

    uint8_t fraction = (uint8_t)(value_x100 % 100L);
    uart0_putc((char)('0' + (fraction / 10U)));
    227a:	cd ec       	ldi	r28, 0xCD	; 205
    227c:	dc 9f       	mul	r29, r28
    227e:	c1 2d       	mov	r28, r1
    2280:	11 24       	eor	r1, r1
    2282:	c6 95       	lsr	r28
    2284:	c6 95       	lsr	r28
    2286:	c6 95       	lsr	r28
    2288:	80 e3       	ldi	r24, 0x30	; 48
    228a:	8c 0f       	add	r24, r28
    228c:	0e 94 37 10 	call	0x206e	; 0x206e <uart0_putc>
    uart0_putc((char)('0' + (fraction % 10U)));
    2290:	cc 0f       	add	r28, r28
    2292:	8c 2f       	mov	r24, r28
    2294:	88 0f       	add	r24, r24
    2296:	88 0f       	add	r24, r24
    2298:	c8 0f       	add	r28, r24
    229a:	8d 2f       	mov	r24, r29
    229c:	8c 1b       	sub	r24, r28
    229e:	80 5d       	subi	r24, 0xD0	; 208
    22a0:	0e 94 37 10 	call	0x206e	; 0x206e <uart0_putc>
}
    22a4:	df 91       	pop	r29
    22a6:	cf 91       	pop	r28
    22a8:	ff 90       	pop	r15
    22aa:	ef 90       	pop	r14
    22ac:	df 90       	pop	r13
    22ae:	cf 90       	pop	r12
    22b0:	08 95       	ret

000022b2 <uart0_readline>:

uint8_t uart0_readline(char *destination, uint8_t destination_size)
{
    22b2:	dc 01       	movw	r26, r24
    static char line[UART0_COMMAND_MAX_LENGTH];
    static uint8_t length = 0U;

    while (rx_tail != rx_head) {
    22b4:	5a c0       	rjmp	.+180    	; 0x236a <uart0_readline+0xb8>
        char value = rx_buffer[rx_tail];
    22b6:	e0 91 c6 08 	lds	r30, 0x08C6	; 0x8008c6 <rx_tail>
    22ba:	f0 e0       	ldi	r31, 0x00	; 0
    22bc:	eb 5b       	subi	r30, 0xBB	; 187
    22be:	f7 4f       	sbci	r31, 0xF7	; 247
    22c0:	80 81       	ld	r24, Z
        rx_tail = (uint8_t)((rx_tail + 1U) & UART0_RX_BUFFER_MASK);
    22c2:	90 91 c6 08 	lds	r25, 0x08C6	; 0x8008c6 <rx_tail>
    22c6:	9f 5f       	subi	r25, 0xFF	; 255
    22c8:	9f 77       	andi	r25, 0x7F	; 127
    22ca:	90 93 c6 08 	sts	0x08C6, r25	; 0x8008c6 <rx_tail>

        if (value == '\r' || value == '\n') {
    22ce:	8d 30       	cpi	r24, 0x0D	; 13
    22d0:	11 f0       	breq	.+4      	; 0x22d6 <uart0_readline+0x24>
    22d2:	8a 30       	cpi	r24, 0x0A	; 10
    22d4:	39 f5       	brne	.+78     	; 0x2324 <uart0_readline+0x72>
            if (length == 0U) continue;
    22d6:	e0 91 44 08 	lds	r30, 0x0844	; 0x800844 <length.1688>
    22da:	ee 23       	and	r30, r30
    22dc:	09 f4       	brne	.+2      	; 0x22e0 <uart0_readline+0x2e>
    22de:	45 c0       	rjmp	.+138    	; 0x236a <uart0_readline+0xb8>

            line[length] = '\0';
    22e0:	f0 e0       	ldi	r31, 0x00	; 0
    22e2:	ec 51       	subi	r30, 0x1C	; 28
    22e4:	f8 4f       	sbci	r31, 0xF8	; 248
    22e6:	10 82       	st	Z, r1
            uint8_t index = 0U;
    22e8:	90 e0       	ldi	r25, 0x00	; 0
            while (index + 1U < destination_size && line[index] != '\0') {
    22ea:	05 c0       	rjmp	.+10     	; 0x22f6 <uart0_readline+0x44>
                destination[index] = line[index];
    22ec:	fd 01       	movw	r30, r26
    22ee:	e2 0f       	add	r30, r18
    22f0:	f3 1f       	adc	r31, r19
    22f2:	40 83       	st	Z, r20
                index++;
    22f4:	9f 5f       	subi	r25, 0xFF	; 255
        if (value == '\r' || value == '\n') {
            if (length == 0U) continue;

            line[length] = '\0';
            uint8_t index = 0U;
            while (index + 1U < destination_size && line[index] != '\0') {
    22f6:	29 2f       	mov	r18, r25
    22f8:	30 e0       	ldi	r19, 0x00	; 0
    22fa:	f9 01       	movw	r30, r18
    22fc:	31 96       	adiw	r30, 0x01	; 1
    22fe:	46 2f       	mov	r20, r22
    2300:	50 e0       	ldi	r21, 0x00	; 0
    2302:	e4 17       	cp	r30, r20
    2304:	f5 07       	cpc	r31, r21
    2306:	30 f4       	brcc	.+12     	; 0x2314 <uart0_readline+0x62>
    2308:	f9 01       	movw	r30, r18
    230a:	ec 51       	subi	r30, 0x1C	; 28
    230c:	f8 4f       	sbci	r31, 0xF8	; 248
    230e:	40 81       	ld	r20, Z
    2310:	41 11       	cpse	r20, r1
    2312:	ec cf       	rjmp	.-40     	; 0x22ec <uart0_readline+0x3a>
                destination[index] = line[index];
                index++;
            }
            destination[index] = '\0';
    2314:	fd 01       	movw	r30, r26
    2316:	e2 0f       	add	r30, r18
    2318:	f3 1f       	adc	r31, r19
    231a:	10 82       	st	Z, r1
            length = 0U;
    231c:	10 92 44 08 	sts	0x0844, r1	; 0x800844 <length.1688>
            return 1U;
    2320:	81 e0       	ldi	r24, 0x01	; 1
    2322:	08 95       	ret
        }

        if (value == '\b' || value == 0x7F) {
    2324:	88 30       	cpi	r24, 0x08	; 8
    2326:	11 f0       	breq	.+4      	; 0x232c <uart0_readline+0x7a>
    2328:	8f 37       	cpi	r24, 0x7F	; 127
    232a:	41 f4       	brne	.+16     	; 0x233c <uart0_readline+0x8a>
            if (length > 0U) length--;
    232c:	80 91 44 08 	lds	r24, 0x0844	; 0x800844 <length.1688>
    2330:	88 23       	and	r24, r24
    2332:	d9 f0       	breq	.+54     	; 0x236a <uart0_readline+0xb8>
    2334:	81 50       	subi	r24, 0x01	; 1
    2336:	80 93 44 08 	sts	0x0844, r24	; 0x800844 <length.1688>
            continue;
    233a:	17 c0       	rjmp	.+46     	; 0x236a <uart0_readline+0xb8>
        }

        if (length + 1U < sizeof(line)) {
    233c:	e0 91 44 08 	lds	r30, 0x0844	; 0x800844 <length.1688>
    2340:	2e 2f       	mov	r18, r30
    2342:	30 e0       	ldi	r19, 0x00	; 0
    2344:	2f 5f       	subi	r18, 0xFF	; 255
    2346:	3f 4f       	sbci	r19, 0xFF	; 255
    2348:	20 36       	cpi	r18, 0x60	; 96
    234a:	31 05       	cpc	r19, r1
    234c:	48 f4       	brcc	.+18     	; 0x2360 <uart0_readline+0xae>
            line[length++] = value;
    234e:	91 e0       	ldi	r25, 0x01	; 1
    2350:	9e 0f       	add	r25, r30
    2352:	90 93 44 08 	sts	0x0844, r25	; 0x800844 <length.1688>
    2356:	f0 e0       	ldi	r31, 0x00	; 0
    2358:	ec 51       	subi	r30, 0x1C	; 28
    235a:	f8 4f       	sbci	r31, 0xF8	; 248
    235c:	80 83       	st	Z, r24
    235e:	05 c0       	rjmp	.+10     	; 0x236a <uart0_readline+0xb8>
        } else {
            length = 0U;
    2360:	10 92 44 08 	sts	0x0844, r1	; 0x800844 <length.1688>
            rx_overflow = 1U;
    2364:	81 e0       	ldi	r24, 0x01	; 1
    2366:	80 93 c5 08 	sts	0x08C5, r24	; 0x8008c5 <rx_overflow>
uint8_t uart0_readline(char *destination, uint8_t destination_size)
{
    static char line[UART0_COMMAND_MAX_LENGTH];
    static uint8_t length = 0U;

    while (rx_tail != rx_head) {
    236a:	90 91 c6 08 	lds	r25, 0x08C6	; 0x8008c6 <rx_tail>
    236e:	80 91 c7 08 	lds	r24, 0x08C7	; 0x8008c7 <rx_head>
    2372:	98 13       	cpse	r25, r24
    2374:	a0 cf       	rjmp	.-192    	; 0x22b6 <uart0_readline+0x4>
            length = 0U;
            rx_overflow = 1U;
        }
    }

    return 0U;
    2376:	80 e0       	ldi	r24, 0x00	; 0
}
    2378:	08 95       	ret

0000237a <uart0_rx_overflowed>:

uint8_t uart0_rx_overflowed(void)
{
    return rx_overflow;
    237a:	80 91 c5 08 	lds	r24, 0x08C5	; 0x8008c5 <rx_overflow>
}
    237e:	08 95       	ret

00002380 <uart0_clear_rx_overflow>:

void uart0_clear_rx_overflow(void)
{
    rx_overflow = 0U;
    2380:	10 92 c5 08 	sts	0x08C5, r1	; 0x8008c5 <rx_overflow>
    2384:	08 95       	ret

00002386 <watchdog_service_init>:
				: "r0"
		);
	}
	else
	{
		__asm__ __volatile__ (
    2386:	98 e2       	ldi	r25, 0x28	; 40
    2388:	88 e1       	ldi	r24, 0x18	; 24
    238a:	0f b6       	in	r0, 0x3f	; 63
    238c:	f8 94       	cli
    238e:	a8 95       	wdr
    2390:	80 93 60 00 	sts	0x0060, r24	; 0x800060 <__TEXT_REGION_LENGTH__+0x7f8060>
    2394:	0f be       	out	0x3f, r0	; 63
    2396:	90 93 60 00 	sts	0x0060, r25	; 0x800060 <__TEXT_REGION_LENGTH__+0x7f8060>

void watchdog_service_init(void)
{
    /* Four seconds comfortably exceeds the normal acquisition cycle. */
    wdt_enable(WDTO_4S);
    wdt_reset();
    239a:	a8 95       	wdr
    239c:	08 95       	ret

0000239e <watchdog_service_kick>:
}

void watchdog_service_kick(void)
{
    wdt_reset();
    239e:	a8 95       	wdr
    23a0:	08 95       	ret

000023a2 <watchdog_service_force_test_reset>:
}

void watchdog_service_force_test_reset(void)
{
    uart0_print("$ND280RSP,OK,CMD=DIAG_WDT_TEST,RESET_IN_MS=1000\r\n");
    23a2:	89 ed       	ldi	r24, 0xD9	; 217
    23a4:	96 e0       	ldi	r25, 0x06	; 6
    23a6:	0e 94 3e 10 	call	0x207c	; 0x207c <uart0_print>

    /* Use a short timeout for a deterministic controlled test. */
    cli();
    23aa:	f8 94       	cli
    23ac:	9e e0       	ldi	r25, 0x0E	; 14
    23ae:	88 e1       	ldi	r24, 0x18	; 24
    23b0:	0f b6       	in	r0, 0x3f	; 63
    23b2:	f8 94       	cli
    23b4:	a8 95       	wdr
    23b6:	80 93 60 00 	sts	0x0060, r24	; 0x800060 <__TEXT_REGION_LENGTH__+0x7f8060>
    23ba:	0f be       	out	0x3f, r0	; 63
    23bc:	90 93 60 00 	sts	0x0060, r25	; 0x800060 <__TEXT_REGION_LENGTH__+0x7f8060>
    wdt_enable(WDTO_1S);
    sei();
    23c0:	78 94       	sei
    23c2:	ff cf       	rjmp	.-2      	; 0x23c2 <watchdog_service_force_test_reset+0x20>

000023c4 <__udivmodsi4>:
    23c4:	a1 e2       	ldi	r26, 0x21	; 33
    23c6:	1a 2e       	mov	r1, r26
    23c8:	aa 1b       	sub	r26, r26
    23ca:	bb 1b       	sub	r27, r27
    23cc:	fd 01       	movw	r30, r26
    23ce:	0d c0       	rjmp	.+26     	; 0x23ea <__udivmodsi4_ep>

000023d0 <__udivmodsi4_loop>:
    23d0:	aa 1f       	adc	r26, r26
    23d2:	bb 1f       	adc	r27, r27
    23d4:	ee 1f       	adc	r30, r30
    23d6:	ff 1f       	adc	r31, r31
    23d8:	a2 17       	cp	r26, r18
    23da:	b3 07       	cpc	r27, r19
    23dc:	e4 07       	cpc	r30, r20
    23de:	f5 07       	cpc	r31, r21
    23e0:	20 f0       	brcs	.+8      	; 0x23ea <__udivmodsi4_ep>
    23e2:	a2 1b       	sub	r26, r18
    23e4:	b3 0b       	sbc	r27, r19
    23e6:	e4 0b       	sbc	r30, r20
    23e8:	f5 0b       	sbc	r31, r21

000023ea <__udivmodsi4_ep>:
    23ea:	66 1f       	adc	r22, r22
    23ec:	77 1f       	adc	r23, r23
    23ee:	88 1f       	adc	r24, r24
    23f0:	99 1f       	adc	r25, r25
    23f2:	1a 94       	dec	r1
    23f4:	69 f7       	brne	.-38     	; 0x23d0 <__udivmodsi4_loop>
    23f6:	60 95       	com	r22
    23f8:	70 95       	com	r23
    23fa:	80 95       	com	r24
    23fc:	90 95       	com	r25
    23fe:	9b 01       	movw	r18, r22
    2400:	ac 01       	movw	r20, r24
    2402:	bd 01       	movw	r22, r26
    2404:	cf 01       	movw	r24, r30
    2406:	08 95       	ret

00002408 <__divmodsi4>:
    2408:	05 2e       	mov	r0, r21
    240a:	97 fb       	bst	r25, 7
    240c:	1e f4       	brtc	.+6      	; 0x2414 <__divmodsi4+0xc>
    240e:	00 94       	com	r0
    2410:	0e 94 1b 12 	call	0x2436	; 0x2436 <__negsi2>
    2414:	57 fd       	sbrc	r21, 7
    2416:	07 d0       	rcall	.+14     	; 0x2426 <__divmodsi4_neg2>
    2418:	0e 94 e2 11 	call	0x23c4	; 0x23c4 <__udivmodsi4>
    241c:	07 fc       	sbrc	r0, 7
    241e:	03 d0       	rcall	.+6      	; 0x2426 <__divmodsi4_neg2>
    2420:	4e f4       	brtc	.+18     	; 0x2434 <__divmodsi4_exit>
    2422:	0c 94 1b 12 	jmp	0x2436	; 0x2436 <__negsi2>

00002426 <__divmodsi4_neg2>:
    2426:	50 95       	com	r21
    2428:	40 95       	com	r20
    242a:	30 95       	com	r19
    242c:	21 95       	neg	r18
    242e:	3f 4f       	sbci	r19, 0xFF	; 255
    2430:	4f 4f       	sbci	r20, 0xFF	; 255
    2432:	5f 4f       	sbci	r21, 0xFF	; 255

00002434 <__divmodsi4_exit>:
    2434:	08 95       	ret

00002436 <__negsi2>:
    2436:	90 95       	com	r25
    2438:	80 95       	com	r24
    243a:	70 95       	com	r23
    243c:	61 95       	neg	r22
    243e:	7f 4f       	sbci	r23, 0xFF	; 255
    2440:	8f 4f       	sbci	r24, 0xFF	; 255
    2442:	9f 4f       	sbci	r25, 0xFF	; 255
    2444:	08 95       	ret

00002446 <__umulhisi3>:
    2446:	a2 9f       	mul	r26, r18
    2448:	b0 01       	movw	r22, r0
    244a:	b3 9f       	mul	r27, r19
    244c:	c0 01       	movw	r24, r0
    244e:	a3 9f       	mul	r26, r19
    2450:	70 0d       	add	r23, r0
    2452:	81 1d       	adc	r24, r1
    2454:	11 24       	eor	r1, r1
    2456:	91 1d       	adc	r25, r1
    2458:	b2 9f       	mul	r27, r18
    245a:	70 0d       	add	r23, r0
    245c:	81 1d       	adc	r24, r1
    245e:	11 24       	eor	r1, r1
    2460:	91 1d       	adc	r25, r1
    2462:	08 95       	ret

00002464 <__muluhisi3>:
    2464:	0e 94 23 12 	call	0x2446	; 0x2446 <__umulhisi3>
    2468:	a5 9f       	mul	r26, r21
    246a:	90 0d       	add	r25, r0
    246c:	b4 9f       	mul	r27, r20
    246e:	90 0d       	add	r25, r0
    2470:	a4 9f       	mul	r26, r20
    2472:	80 0d       	add	r24, r0
    2474:	91 1d       	adc	r25, r1
    2476:	11 24       	eor	r1, r1
    2478:	08 95       	ret

0000247a <__muldi3>:
    247a:	df 93       	push	r29
    247c:	cf 93       	push	r28
    247e:	1f 93       	push	r17
    2480:	0f 93       	push	r16
    2482:	9a 9d       	mul	r25, r10
    2484:	f0 2d       	mov	r31, r0
    2486:	21 9f       	mul	r18, r17
    2488:	f0 0d       	add	r31, r0
    248a:	8b 9d       	mul	r24, r11
    248c:	f0 0d       	add	r31, r0
    248e:	8a 9d       	mul	r24, r10
    2490:	e0 2d       	mov	r30, r0
    2492:	f1 0d       	add	r31, r1
    2494:	03 9f       	mul	r16, r19
    2496:	f0 0d       	add	r31, r0
    2498:	02 9f       	mul	r16, r18
    249a:	e0 0d       	add	r30, r0
    249c:	f1 1d       	adc	r31, r1
    249e:	4e 9d       	mul	r20, r14
    24a0:	e0 0d       	add	r30, r0
    24a2:	f1 1d       	adc	r31, r1
    24a4:	5e 9d       	mul	r21, r14
    24a6:	f0 0d       	add	r31, r0
    24a8:	4f 9d       	mul	r20, r15
    24aa:	f0 0d       	add	r31, r0
    24ac:	7f 93       	push	r23
    24ae:	6f 93       	push	r22
    24b0:	bf 92       	push	r11
    24b2:	af 92       	push	r10
    24b4:	5f 93       	push	r21
    24b6:	4f 93       	push	r20
    24b8:	d5 01       	movw	r26, r10
    24ba:	0e 94 23 12 	call	0x2446	; 0x2446 <__umulhisi3>
    24be:	8b 01       	movw	r16, r22
    24c0:	ac 01       	movw	r20, r24
    24c2:	d7 01       	movw	r26, r14
    24c4:	0e 94 23 12 	call	0x2446	; 0x2446 <__umulhisi3>
    24c8:	eb 01       	movw	r28, r22
    24ca:	e8 0f       	add	r30, r24
    24cc:	f9 1f       	adc	r31, r25
    24ce:	d6 01       	movw	r26, r12
    24d0:	0e 94 8d 12 	call	0x251a	; 0x251a <__muldi3_6>
    24d4:	2f 91       	pop	r18
    24d6:	3f 91       	pop	r19
    24d8:	d6 01       	movw	r26, r12
    24da:	0e 94 23 12 	call	0x2446	; 0x2446 <__umulhisi3>
    24de:	c6 0f       	add	r28, r22
    24e0:	d7 1f       	adc	r29, r23
    24e2:	e8 1f       	adc	r30, r24
    24e4:	f9 1f       	adc	r31, r25
    24e6:	af 91       	pop	r26
    24e8:	bf 91       	pop	r27
    24ea:	0e 94 8d 12 	call	0x251a	; 0x251a <__muldi3_6>
    24ee:	2f 91       	pop	r18
    24f0:	3f 91       	pop	r19
    24f2:	0e 94 23 12 	call	0x2446	; 0x2446 <__umulhisi3>
    24f6:	c6 0f       	add	r28, r22
    24f8:	d7 1f       	adc	r29, r23
    24fa:	e8 1f       	adc	r30, r24
    24fc:	f9 1f       	adc	r31, r25
    24fe:	d6 01       	movw	r26, r12
    2500:	0e 94 23 12 	call	0x2446	; 0x2446 <__umulhisi3>
    2504:	e6 0f       	add	r30, r22
    2506:	f7 1f       	adc	r31, r23
    2508:	98 01       	movw	r18, r16
    250a:	be 01       	movw	r22, r28
    250c:	cf 01       	movw	r24, r30
    250e:	11 24       	eor	r1, r1
    2510:	0f 91       	pop	r16
    2512:	1f 91       	pop	r17
    2514:	cf 91       	pop	r28
    2516:	df 91       	pop	r29
    2518:	08 95       	ret

0000251a <__muldi3_6>:
    251a:	0e 94 23 12 	call	0x2446	; 0x2446 <__umulhisi3>
    251e:	46 0f       	add	r20, r22
    2520:	57 1f       	adc	r21, r23
    2522:	c8 1f       	adc	r28, r24
    2524:	d9 1f       	adc	r29, r25
    2526:	08 f4       	brcc	.+2      	; 0x252a <__muldi3_6+0x10>
    2528:	31 96       	adiw	r30, 0x01	; 1
    252a:	08 95       	ret

0000252c <__moddi3>:
    252c:	68 94       	set
    252e:	01 c0       	rjmp	.+2      	; 0x2532 <__divdi3_moddi3>

00002530 <__divdi3>:
    2530:	e8 94       	clt

00002532 <__divdi3_moddi3>:
    2532:	f9 2f       	mov	r31, r25
    2534:	f1 2b       	or	r31, r17
    2536:	12 f0       	brmi	.+4      	; 0x253c <__divdi3_moddi3+0xa>
    2538:	0c 94 ca 12 	jmp	0x2594	; 0x2594 <__udivdi3_umoddi3>
    253c:	a0 e0       	ldi	r26, 0x00	; 0
    253e:	b0 e0       	ldi	r27, 0x00	; 0
    2540:	e4 ea       	ldi	r30, 0xA4	; 164
    2542:	f2 e1       	ldi	r31, 0x12	; 18
    2544:	0c 94 3c 13 	jmp	0x2678	; 0x2678 <__prologue_saves__+0xc>
    2548:	09 2e       	mov	r0, r25
    254a:	05 94       	asr	r0
    254c:	22 f4       	brpl	.+8      	; 0x2556 <__divdi3_moddi3+0x24>
    254e:	0e 94 26 13 	call	0x264c	; 0x264c <__negdi2>
    2552:	11 23       	and	r17, r17
    2554:	92 f4       	brpl	.+36     	; 0x257a <__divdi3_moddi3+0x48>
    2556:	f0 e8       	ldi	r31, 0x80	; 128
    2558:	0f 26       	eor	r0, r31
    255a:	ff ef       	ldi	r31, 0xFF	; 255
    255c:	e0 94       	com	r14
    255e:	f0 94       	com	r15
    2560:	00 95       	com	r16
    2562:	10 95       	com	r17
    2564:	b0 94       	com	r11
    2566:	c0 94       	com	r12
    2568:	d0 94       	com	r13
    256a:	a1 94       	neg	r10
    256c:	bf 0a       	sbc	r11, r31
    256e:	cf 0a       	sbc	r12, r31
    2570:	df 0a       	sbc	r13, r31
    2572:	ef 0a       	sbc	r14, r31
    2574:	ff 0a       	sbc	r15, r31
    2576:	0f 0b       	sbc	r16, r31
    2578:	1f 0b       	sbc	r17, r31
    257a:	0e 94 d5 12 	call	0x25aa	; 0x25aa <__udivmod64>
    257e:	07 fc       	sbrc	r0, 7
    2580:	0e 94 26 13 	call	0x264c	; 0x264c <__negdi2>
    2584:	cd b7       	in	r28, 0x3d	; 61
    2586:	de b7       	in	r29, 0x3e	; 62
    2588:	ec e0       	ldi	r30, 0x0C	; 12
    258a:	0c 94 58 13 	jmp	0x26b0	; 0x26b0 <__epilogue_restores__+0xc>

0000258e <__umoddi3>:
    258e:	68 94       	set
    2590:	01 c0       	rjmp	.+2      	; 0x2594 <__udivdi3_umoddi3>

00002592 <__udivdi3>:
    2592:	e8 94       	clt

00002594 <__udivdi3_umoddi3>:
    2594:	8f 92       	push	r8
    2596:	9f 92       	push	r9
    2598:	cf 93       	push	r28
    259a:	df 93       	push	r29
    259c:	0e 94 d5 12 	call	0x25aa	; 0x25aa <__udivmod64>
    25a0:	df 91       	pop	r29
    25a2:	cf 91       	pop	r28
    25a4:	9f 90       	pop	r9
    25a6:	8f 90       	pop	r8
    25a8:	08 95       	ret

000025aa <__udivmod64>:
    25aa:	88 24       	eor	r8, r8
    25ac:	99 24       	eor	r9, r9
    25ae:	f4 01       	movw	r30, r8
    25b0:	e4 01       	movw	r28, r8
    25b2:	b0 e4       	ldi	r27, 0x40	; 64
    25b4:	9f 93       	push	r25
    25b6:	aa 27       	eor	r26, r26
    25b8:	9a 15       	cp	r25, r10
    25ba:	8b 04       	cpc	r8, r11
    25bc:	9c 04       	cpc	r9, r12
    25be:	ed 05       	cpc	r30, r13
    25c0:	fe 05       	cpc	r31, r14
    25c2:	cf 05       	cpc	r28, r15
    25c4:	d0 07       	cpc	r29, r16
    25c6:	a1 07       	cpc	r26, r17
    25c8:	98 f4       	brcc	.+38     	; 0x25f0 <__udivmod64+0x46>
    25ca:	ad 2f       	mov	r26, r29
    25cc:	dc 2f       	mov	r29, r28
    25ce:	cf 2f       	mov	r28, r31
    25d0:	fe 2f       	mov	r31, r30
    25d2:	e9 2d       	mov	r30, r9
    25d4:	98 2c       	mov	r9, r8
    25d6:	89 2e       	mov	r8, r25
    25d8:	98 2f       	mov	r25, r24
    25da:	87 2f       	mov	r24, r23
    25dc:	76 2f       	mov	r23, r22
    25de:	65 2f       	mov	r22, r21
    25e0:	54 2f       	mov	r21, r20
    25e2:	43 2f       	mov	r20, r19
    25e4:	32 2f       	mov	r19, r18
    25e6:	22 27       	eor	r18, r18
    25e8:	b8 50       	subi	r27, 0x08	; 8
    25ea:	31 f7       	brne	.-52     	; 0x25b8 <__udivmod64+0xe>
    25ec:	bf 91       	pop	r27
    25ee:	27 c0       	rjmp	.+78     	; 0x263e <__udivmod64+0x94>
    25f0:	1b 2e       	mov	r1, r27
    25f2:	bf 91       	pop	r27
    25f4:	bb 27       	eor	r27, r27
    25f6:	22 0f       	add	r18, r18
    25f8:	33 1f       	adc	r19, r19
    25fa:	44 1f       	adc	r20, r20
    25fc:	55 1f       	adc	r21, r21
    25fe:	66 1f       	adc	r22, r22
    2600:	77 1f       	adc	r23, r23
    2602:	88 1f       	adc	r24, r24
    2604:	99 1f       	adc	r25, r25
    2606:	88 1c       	adc	r8, r8
    2608:	99 1c       	adc	r9, r9
    260a:	ee 1f       	adc	r30, r30
    260c:	ff 1f       	adc	r31, r31
    260e:	cc 1f       	adc	r28, r28
    2610:	dd 1f       	adc	r29, r29
    2612:	aa 1f       	adc	r26, r26
    2614:	bb 1f       	adc	r27, r27
    2616:	8a 14       	cp	r8, r10
    2618:	9b 04       	cpc	r9, r11
    261a:	ec 05       	cpc	r30, r12
    261c:	fd 05       	cpc	r31, r13
    261e:	ce 05       	cpc	r28, r14
    2620:	df 05       	cpc	r29, r15
    2622:	a0 07       	cpc	r26, r16
    2624:	b1 07       	cpc	r27, r17
    2626:	48 f0       	brcs	.+18     	; 0x263a <__udivmod64+0x90>
    2628:	8a 18       	sub	r8, r10
    262a:	9b 08       	sbc	r9, r11
    262c:	ec 09       	sbc	r30, r12
    262e:	fd 09       	sbc	r31, r13
    2630:	ce 09       	sbc	r28, r14
    2632:	df 09       	sbc	r29, r15
    2634:	a0 0b       	sbc	r26, r16
    2636:	b1 0b       	sbc	r27, r17
    2638:	21 60       	ori	r18, 0x01	; 1
    263a:	1a 94       	dec	r1
    263c:	e1 f6       	brne	.-72     	; 0x25f6 <__udivmod64+0x4c>
    263e:	2e f4       	brtc	.+10     	; 0x264a <__udivmod64+0xa0>
    2640:	94 01       	movw	r18, r8
    2642:	af 01       	movw	r20, r30
    2644:	be 01       	movw	r22, r28
    2646:	cd 01       	movw	r24, r26
    2648:	00 0c       	add	r0, r0
    264a:	08 95       	ret

0000264c <__negdi2>:
    264c:	60 95       	com	r22
    264e:	70 95       	com	r23
    2650:	80 95       	com	r24
    2652:	90 95       	com	r25
    2654:	30 95       	com	r19
    2656:	40 95       	com	r20
    2658:	50 95       	com	r21
    265a:	21 95       	neg	r18
    265c:	3f 4f       	sbci	r19, 0xFF	; 255
    265e:	4f 4f       	sbci	r20, 0xFF	; 255
    2660:	5f 4f       	sbci	r21, 0xFF	; 255
    2662:	6f 4f       	sbci	r22, 0xFF	; 255
    2664:	7f 4f       	sbci	r23, 0xFF	; 255
    2666:	8f 4f       	sbci	r24, 0xFF	; 255
    2668:	9f 4f       	sbci	r25, 0xFF	; 255
    266a:	08 95       	ret

0000266c <__prologue_saves__>:
    266c:	2f 92       	push	r2
    266e:	3f 92       	push	r3
    2670:	4f 92       	push	r4
    2672:	5f 92       	push	r5
    2674:	6f 92       	push	r6
    2676:	7f 92       	push	r7
    2678:	8f 92       	push	r8
    267a:	9f 92       	push	r9
    267c:	af 92       	push	r10
    267e:	bf 92       	push	r11
    2680:	cf 92       	push	r12
    2682:	df 92       	push	r13
    2684:	ef 92       	push	r14
    2686:	ff 92       	push	r15
    2688:	0f 93       	push	r16
    268a:	1f 93       	push	r17
    268c:	cf 93       	push	r28
    268e:	df 93       	push	r29
    2690:	cd b7       	in	r28, 0x3d	; 61
    2692:	de b7       	in	r29, 0x3e	; 62
    2694:	ca 1b       	sub	r28, r26
    2696:	db 0b       	sbc	r29, r27
    2698:	0f b6       	in	r0, 0x3f	; 63
    269a:	f8 94       	cli
    269c:	de bf       	out	0x3e, r29	; 62
    269e:	0f be       	out	0x3f, r0	; 63
    26a0:	cd bf       	out	0x3d, r28	; 61
    26a2:	09 94       	ijmp

000026a4 <__epilogue_restores__>:
    26a4:	2a 88       	ldd	r2, Y+18	; 0x12
    26a6:	39 88       	ldd	r3, Y+17	; 0x11
    26a8:	48 88       	ldd	r4, Y+16	; 0x10
    26aa:	5f 84       	ldd	r5, Y+15	; 0x0f
    26ac:	6e 84       	ldd	r6, Y+14	; 0x0e
    26ae:	7d 84       	ldd	r7, Y+13	; 0x0d
    26b0:	8c 84       	ldd	r8, Y+12	; 0x0c
    26b2:	9b 84       	ldd	r9, Y+11	; 0x0b
    26b4:	aa 84       	ldd	r10, Y+10	; 0x0a
    26b6:	b9 84       	ldd	r11, Y+9	; 0x09
    26b8:	c8 84       	ldd	r12, Y+8	; 0x08
    26ba:	df 80       	ldd	r13, Y+7	; 0x07
    26bc:	ee 80       	ldd	r14, Y+6	; 0x06
    26be:	fd 80       	ldd	r15, Y+5	; 0x05
    26c0:	0c 81       	ldd	r16, Y+4	; 0x04
    26c2:	1b 81       	ldd	r17, Y+3	; 0x03
    26c4:	aa 81       	ldd	r26, Y+2	; 0x02
    26c6:	b9 81       	ldd	r27, Y+1	; 0x01
    26c8:	ce 0f       	add	r28, r30
    26ca:	d1 1d       	adc	r29, r1
    26cc:	0f b6       	in	r0, 0x3f	; 63
    26ce:	f8 94       	cli
    26d0:	de bf       	out	0x3e, r29	; 62
    26d2:	0f be       	out	0x3f, r0	; 63
    26d4:	cd bf       	out	0x3d, r28	; 61
    26d6:	ed 01       	movw	r28, r26
    26d8:	08 95       	ret

000026da <__cmpdi2_s8>:
    26da:	00 24       	eor	r0, r0
    26dc:	a7 fd       	sbrc	r26, 7
    26de:	00 94       	com	r0
    26e0:	2a 17       	cp	r18, r26
    26e2:	30 05       	cpc	r19, r0
    26e4:	40 05       	cpc	r20, r0
    26e6:	50 05       	cpc	r21, r0
    26e8:	60 05       	cpc	r22, r0
    26ea:	70 05       	cpc	r23, r0
    26ec:	80 05       	cpc	r24, r0
    26ee:	90 05       	cpc	r25, r0
    26f0:	08 95       	ret

000026f2 <strtol>:
    26f2:	a0 e0       	ldi	r26, 0x00	; 0
    26f4:	b0 e0       	ldi	r27, 0x00	; 0
    26f6:	ef e7       	ldi	r30, 0x7F	; 127
    26f8:	f3 e1       	ldi	r31, 0x13	; 19
    26fa:	0c 94 37 13 	jmp	0x266e	; 0x266e <__prologue_saves__+0x2>
    26fe:	5c 01       	movw	r10, r24
    2700:	6b 01       	movw	r12, r22
    2702:	7a 01       	movw	r14, r20
    2704:	61 15       	cp	r22, r1
    2706:	71 05       	cpc	r23, r1
    2708:	19 f0       	breq	.+6      	; 0x2710 <strtol+0x1e>
    270a:	fb 01       	movw	r30, r22
    270c:	91 83       	std	Z+1, r25	; 0x01
    270e:	80 83       	st	Z, r24
    2710:	e1 14       	cp	r14, r1
    2712:	f1 04       	cpc	r15, r1
    2714:	29 f0       	breq	.+10     	; 0x2720 <strtol+0x2e>
    2716:	c7 01       	movw	r24, r14
    2718:	02 97       	sbiw	r24, 0x02	; 2
    271a:	83 97       	sbiw	r24, 0x23	; 35
    271c:	08 f0       	brcs	.+2      	; 0x2720 <strtol+0x2e>
    271e:	e5 c0       	rjmp	.+458    	; 0x28ea <strtol+0x1f8>
    2720:	e5 01       	movw	r28, r10
    2722:	21 96       	adiw	r28, 0x01	; 1
    2724:	f5 01       	movw	r30, r10
    2726:	10 81       	ld	r17, Z
    2728:	81 2f       	mov	r24, r17
    272a:	90 e0       	ldi	r25, 0x00	; 0
    272c:	0e 94 84 15 	call	0x2b08	; 0x2b08 <isspace>
    2730:	89 2b       	or	r24, r25
    2732:	11 f0       	breq	.+4      	; 0x2738 <strtol+0x46>
    2734:	5e 01       	movw	r10, r28
    2736:	f4 cf       	rjmp	.-24     	; 0x2720 <strtol+0x2e>
    2738:	1d 32       	cpi	r17, 0x2D	; 45
    273a:	29 f4       	brne	.+10     	; 0x2746 <strtol+0x54>
    273c:	21 96       	adiw	r28, 0x01	; 1
    273e:	f5 01       	movw	r30, r10
    2740:	11 81       	ldd	r17, Z+1	; 0x01
    2742:	01 e0       	ldi	r16, 0x01	; 1
    2744:	07 c0       	rjmp	.+14     	; 0x2754 <strtol+0x62>
    2746:	1b 32       	cpi	r17, 0x2B	; 43
    2748:	21 f4       	brne	.+8      	; 0x2752 <strtol+0x60>
    274a:	e5 01       	movw	r28, r10
    274c:	22 96       	adiw	r28, 0x02	; 2
    274e:	f5 01       	movw	r30, r10
    2750:	11 81       	ldd	r17, Z+1	; 0x01
    2752:	00 e0       	ldi	r16, 0x00	; 0
    2754:	e1 14       	cp	r14, r1
    2756:	f1 04       	cpc	r15, r1
    2758:	09 f1       	breq	.+66     	; 0x279c <strtol+0xaa>
    275a:	f0 e1       	ldi	r31, 0x10	; 16
    275c:	ef 16       	cp	r14, r31
    275e:	f1 04       	cpc	r15, r1
    2760:	29 f4       	brne	.+10     	; 0x276c <strtol+0x7a>
    2762:	3f c0       	rjmp	.+126    	; 0x27e2 <strtol+0xf0>
    2764:	10 e3       	ldi	r17, 0x30	; 48
    2766:	e1 14       	cp	r14, r1
    2768:	f1 04       	cpc	r15, r1
    276a:	21 f1       	breq	.+72     	; 0x27b4 <strtol+0xc2>
    276c:	28 e0       	ldi	r18, 0x08	; 8
    276e:	e2 16       	cp	r14, r18
    2770:	f1 04       	cpc	r15, r1
    2772:	01 f1       	breq	.+64     	; 0x27b4 <strtol+0xc2>
    2774:	54 f4       	brge	.+20     	; 0x278a <strtol+0x98>
    2776:	e2 e0       	ldi	r30, 0x02	; 2
    2778:	ee 16       	cp	r14, r30
    277a:	f1 04       	cpc	r15, r1
    277c:	21 f5       	brne	.+72     	; 0x27c6 <strtol+0xd4>
    277e:	81 2c       	mov	r8, r1
    2780:	91 2c       	mov	r9, r1
    2782:	a1 2c       	mov	r10, r1
    2784:	b0 e4       	ldi	r27, 0x40	; 64
    2786:	bb 2e       	mov	r11, r27
    2788:	3e c0       	rjmp	.+124    	; 0x2806 <strtol+0x114>
    278a:	fa e0       	ldi	r31, 0x0A	; 10
    278c:	ef 16       	cp	r14, r31
    278e:	f1 04       	cpc	r15, r1
    2790:	39 f0       	breq	.+14     	; 0x27a0 <strtol+0xae>
    2792:	20 e1       	ldi	r18, 0x10	; 16
    2794:	e2 16       	cp	r14, r18
    2796:	f1 04       	cpc	r15, r1
    2798:	b1 f4       	brne	.+44     	; 0x27c6 <strtol+0xd4>
    279a:	30 c0       	rjmp	.+96     	; 0x27fc <strtol+0x10a>
    279c:	10 33       	cpi	r17, 0x30	; 48
    279e:	19 f1       	breq	.+70     	; 0x27e6 <strtol+0xf4>
    27a0:	fa e0       	ldi	r31, 0x0A	; 10
    27a2:	ef 2e       	mov	r14, r31
    27a4:	f1 2c       	mov	r15, r1
    27a6:	ac ec       	ldi	r26, 0xCC	; 204
    27a8:	8a 2e       	mov	r8, r26
    27aa:	98 2c       	mov	r9, r8
    27ac:	a8 2c       	mov	r10, r8
    27ae:	ac e0       	ldi	r26, 0x0C	; 12
    27b0:	ba 2e       	mov	r11, r26
    27b2:	29 c0       	rjmp	.+82     	; 0x2806 <strtol+0x114>
    27b4:	78 e0       	ldi	r23, 0x08	; 8
    27b6:	e7 2e       	mov	r14, r23
    27b8:	f1 2c       	mov	r15, r1
    27ba:	81 2c       	mov	r8, r1
    27bc:	91 2c       	mov	r9, r1
    27be:	a1 2c       	mov	r10, r1
    27c0:	e0 e1       	ldi	r30, 0x10	; 16
    27c2:	be 2e       	mov	r11, r30
    27c4:	20 c0       	rjmp	.+64     	; 0x2806 <strtol+0x114>
    27c6:	60 e0       	ldi	r22, 0x00	; 0
    27c8:	70 e0       	ldi	r23, 0x00	; 0
    27ca:	80 e0       	ldi	r24, 0x00	; 0
    27cc:	90 e8       	ldi	r25, 0x80	; 128
    27ce:	97 01       	movw	r18, r14
    27d0:	0f 2c       	mov	r0, r15
    27d2:	00 0c       	add	r0, r0
    27d4:	44 0b       	sbc	r20, r20
    27d6:	55 0b       	sbc	r21, r21
    27d8:	0e 94 e2 11 	call	0x23c4	; 0x23c4 <__udivmodsi4>
    27dc:	49 01       	movw	r8, r18
    27de:	5a 01       	movw	r10, r20
    27e0:	12 c0       	rjmp	.+36     	; 0x2806 <strtol+0x114>
    27e2:	10 33       	cpi	r17, 0x30	; 48
    27e4:	59 f4       	brne	.+22     	; 0x27fc <strtol+0x10a>
    27e6:	88 81       	ld	r24, Y
    27e8:	8f 7d       	andi	r24, 0xDF	; 223
    27ea:	88 35       	cpi	r24, 0x58	; 88
    27ec:	09 f0       	breq	.+2      	; 0x27f0 <strtol+0xfe>
    27ee:	ba cf       	rjmp	.-140    	; 0x2764 <strtol+0x72>
    27f0:	19 81       	ldd	r17, Y+1	; 0x01
    27f2:	22 96       	adiw	r28, 0x02	; 2
    27f4:	02 60       	ori	r16, 0x02	; 2
    27f6:	80 e1       	ldi	r24, 0x10	; 16
    27f8:	e8 2e       	mov	r14, r24
    27fa:	f1 2c       	mov	r15, r1
    27fc:	81 2c       	mov	r8, r1
    27fe:	91 2c       	mov	r9, r1
    2800:	a1 2c       	mov	r10, r1
    2802:	68 e0       	ldi	r22, 0x08	; 8
    2804:	b6 2e       	mov	r11, r22
    2806:	40 e0       	ldi	r20, 0x00	; 0
    2808:	60 e0       	ldi	r22, 0x00	; 0
    280a:	70 e0       	ldi	r23, 0x00	; 0
    280c:	cb 01       	movw	r24, r22
    280e:	27 01       	movw	r4, r14
    2810:	0f 2c       	mov	r0, r15
    2812:	00 0c       	add	r0, r0
    2814:	66 08       	sbc	r6, r6
    2816:	77 08       	sbc	r7, r7
    2818:	fe 01       	movw	r30, r28
    281a:	50 ed       	ldi	r21, 0xD0	; 208
    281c:	35 2e       	mov	r3, r21
    281e:	31 0e       	add	r3, r17
    2820:	29 e0       	ldi	r18, 0x09	; 9
    2822:	23 15       	cp	r18, r3
    2824:	70 f4       	brcc	.+28     	; 0x2842 <strtol+0x150>
    2826:	2f eb       	ldi	r18, 0xBF	; 191
    2828:	21 0f       	add	r18, r17
    282a:	2a 31       	cpi	r18, 0x1A	; 26
    282c:	18 f4       	brcc	.+6      	; 0x2834 <strtol+0x142>
    282e:	39 ec       	ldi	r19, 0xC9	; 201
    2830:	33 2e       	mov	r3, r19
    2832:	06 c0       	rjmp	.+12     	; 0x2840 <strtol+0x14e>
    2834:	2f e9       	ldi	r18, 0x9F	; 159
    2836:	21 0f       	add	r18, r17
    2838:	2a 31       	cpi	r18, 0x1A	; 26
    283a:	18 f5       	brcc	.+70     	; 0x2882 <strtol+0x190>
    283c:	29 ea       	ldi	r18, 0xA9	; 169
    283e:	32 2e       	mov	r3, r18
    2840:	31 0e       	add	r3, r17
    2842:	23 2d       	mov	r18, r3
    2844:	30 e0       	ldi	r19, 0x00	; 0
    2846:	2e 15       	cp	r18, r14
    2848:	3f 05       	cpc	r19, r15
    284a:	dc f4       	brge	.+54     	; 0x2882 <strtol+0x190>
    284c:	47 fd       	sbrc	r20, 7
    284e:	16 c0       	rjmp	.+44     	; 0x287c <strtol+0x18a>
    2850:	86 16       	cp	r8, r22
    2852:	97 06       	cpc	r9, r23
    2854:	a8 06       	cpc	r10, r24
    2856:	b9 06       	cpc	r11, r25
    2858:	70 f0       	brcs	.+28     	; 0x2876 <strtol+0x184>
    285a:	a3 01       	movw	r20, r6
    285c:	92 01       	movw	r18, r4
    285e:	0e 94 2c 16 	call	0x2c58	; 0x2c58 <__mulsi3>
    2862:	63 0d       	add	r22, r3
    2864:	71 1d       	adc	r23, r1
    2866:	81 1d       	adc	r24, r1
    2868:	91 1d       	adc	r25, r1
    286a:	61 30       	cpi	r22, 0x01	; 1
    286c:	71 05       	cpc	r23, r1
    286e:	81 05       	cpc	r24, r1
    2870:	20 e8       	ldi	r18, 0x80	; 128
    2872:	92 07       	cpc	r25, r18
    2874:	10 f0       	brcs	.+4      	; 0x287a <strtol+0x188>
    2876:	4f ef       	ldi	r20, 0xFF	; 255
    2878:	01 c0       	rjmp	.+2      	; 0x287c <strtol+0x18a>
    287a:	41 e0       	ldi	r20, 0x01	; 1
    287c:	21 96       	adiw	r28, 0x01	; 1
    287e:	10 81       	ld	r17, Z
    2880:	cb cf       	rjmp	.-106    	; 0x2818 <strtol+0x126>
    2882:	20 2f       	mov	r18, r16
    2884:	21 70       	andi	r18, 0x01	; 1
    2886:	c1 14       	cp	r12, r1
    2888:	d1 04       	cpc	r13, r1
    288a:	71 f0       	breq	.+28     	; 0x28a8 <strtol+0x1b6>
    288c:	44 23       	and	r20, r20
    288e:	29 f0       	breq	.+10     	; 0x289a <strtol+0x1a8>
    2890:	21 97       	sbiw	r28, 0x01	; 1
    2892:	f6 01       	movw	r30, r12
    2894:	d1 83       	std	Z+1, r29	; 0x01
    2896:	c0 83       	st	Z, r28
    2898:	07 c0       	rjmp	.+14     	; 0x28a8 <strtol+0x1b6>
    289a:	01 ff       	sbrs	r16, 1
    289c:	19 c0       	rjmp	.+50     	; 0x28d0 <strtol+0x1de>
    289e:	22 97       	sbiw	r28, 0x02	; 2
    28a0:	f6 01       	movw	r30, r12
    28a2:	d1 83       	std	Z+1, r29	; 0x01
    28a4:	c0 83       	st	Z, r28
    28a6:	14 c0       	rjmp	.+40     	; 0x28d0 <strtol+0x1de>
    28a8:	47 ff       	sbrs	r20, 7
    28aa:	12 c0       	rjmp	.+36     	; 0x28d0 <strtol+0x1de>
    28ac:	22 23       	and	r18, r18
    28ae:	29 f0       	breq	.+10     	; 0x28ba <strtol+0x1c8>
    28b0:	60 e0       	ldi	r22, 0x00	; 0
    28b2:	70 e0       	ldi	r23, 0x00	; 0
    28b4:	80 e0       	ldi	r24, 0x00	; 0
    28b6:	90 e8       	ldi	r25, 0x80	; 128
    28b8:	04 c0       	rjmp	.+8      	; 0x28c2 <strtol+0x1d0>
    28ba:	6f ef       	ldi	r22, 0xFF	; 255
    28bc:	7f ef       	ldi	r23, 0xFF	; 255
    28be:	8f ef       	ldi	r24, 0xFF	; 255
    28c0:	9f e7       	ldi	r25, 0x7F	; 127
    28c2:	22 e2       	ldi	r18, 0x22	; 34
    28c4:	30 e0       	ldi	r19, 0x00	; 0
    28c6:	30 93 c9 08 	sts	0x08C9, r19	; 0x8008c9 <errno+0x1>
    28ca:	20 93 c8 08 	sts	0x08C8, r18	; 0x8008c8 <errno>
    28ce:	09 c0       	rjmp	.+18     	; 0x28e2 <strtol+0x1f0>
    28d0:	22 23       	and	r18, r18
    28d2:	81 f0       	breq	.+32     	; 0x28f4 <strtol+0x202>
    28d4:	90 95       	com	r25
    28d6:	80 95       	com	r24
    28d8:	70 95       	com	r23
    28da:	61 95       	neg	r22
    28dc:	7f 4f       	sbci	r23, 0xFF	; 255
    28de:	8f 4f       	sbci	r24, 0xFF	; 255
    28e0:	9f 4f       	sbci	r25, 0xFF	; 255
    28e2:	46 2f       	mov	r20, r22
    28e4:	37 2f       	mov	r19, r23
    28e6:	28 2f       	mov	r18, r24
    28e8:	12 c0       	rjmp	.+36     	; 0x290e <strtol+0x21c>
    28ea:	40 e0       	ldi	r20, 0x00	; 0
    28ec:	30 e0       	ldi	r19, 0x00	; 0
    28ee:	20 e0       	ldi	r18, 0x00	; 0
    28f0:	90 e0       	ldi	r25, 0x00	; 0
    28f2:	0d c0       	rjmp	.+26     	; 0x290e <strtol+0x21c>
    28f4:	97 ff       	sbrs	r25, 7
    28f6:	f5 cf       	rjmp	.-22     	; 0x28e2 <strtol+0x1f0>
    28f8:	82 e2       	ldi	r24, 0x22	; 34
    28fa:	90 e0       	ldi	r25, 0x00	; 0
    28fc:	90 93 c9 08 	sts	0x08C9, r25	; 0x8008c9 <errno+0x1>
    2900:	80 93 c8 08 	sts	0x08C8, r24	; 0x8008c8 <errno>
    2904:	6f ef       	ldi	r22, 0xFF	; 255
    2906:	7f ef       	ldi	r23, 0xFF	; 255
    2908:	8f ef       	ldi	r24, 0xFF	; 255
    290a:	9f e7       	ldi	r25, 0x7F	; 127
    290c:	ea cf       	rjmp	.-44     	; 0x28e2 <strtol+0x1f0>
    290e:	64 2f       	mov	r22, r20
    2910:	73 2f       	mov	r23, r19
    2912:	82 2f       	mov	r24, r18
    2914:	cd b7       	in	r28, 0x3d	; 61
    2916:	de b7       	in	r29, 0x3e	; 62
    2918:	e1 e1       	ldi	r30, 0x11	; 17
    291a:	0c 94 53 13 	jmp	0x26a6	; 0x26a6 <__epilogue_restores__+0x2>

0000291e <strtoul>:
    291e:	a0 e0       	ldi	r26, 0x00	; 0
    2920:	b0 e0       	ldi	r27, 0x00	; 0
    2922:	e5 e9       	ldi	r30, 0x95	; 149
    2924:	f4 e1       	ldi	r31, 0x14	; 20
    2926:	0c 94 37 13 	jmp	0x266e	; 0x266e <__prologue_saves__+0x2>
    292a:	5c 01       	movw	r10, r24
    292c:	6b 01       	movw	r12, r22
    292e:	7a 01       	movw	r14, r20
    2930:	61 15       	cp	r22, r1
    2932:	71 05       	cpc	r23, r1
    2934:	19 f0       	breq	.+6      	; 0x293c <strtoul+0x1e>
    2936:	fb 01       	movw	r30, r22
    2938:	91 83       	std	Z+1, r25	; 0x01
    293a:	80 83       	st	Z, r24
    293c:	e1 14       	cp	r14, r1
    293e:	f1 04       	cpc	r15, r1
    2940:	29 f0       	breq	.+10     	; 0x294c <strtoul+0x2e>
    2942:	c7 01       	movw	r24, r14
    2944:	02 97       	sbiw	r24, 0x02	; 2
    2946:	83 97       	sbiw	r24, 0x23	; 35
    2948:	08 f0       	brcs	.+2      	; 0x294c <strtoul+0x2e>
    294a:	c9 c0       	rjmp	.+402    	; 0x2ade <strtoul+0x1c0>
    294c:	e5 01       	movw	r28, r10
    294e:	21 96       	adiw	r28, 0x01	; 1
    2950:	f5 01       	movw	r30, r10
    2952:	10 81       	ld	r17, Z
    2954:	81 2f       	mov	r24, r17
    2956:	90 e0       	ldi	r25, 0x00	; 0
    2958:	0e 94 84 15 	call	0x2b08	; 0x2b08 <isspace>
    295c:	89 2b       	or	r24, r25
    295e:	11 f0       	breq	.+4      	; 0x2964 <strtoul+0x46>
    2960:	5e 01       	movw	r10, r28
    2962:	f4 cf       	rjmp	.-24     	; 0x294c <strtoul+0x2e>
    2964:	1d 32       	cpi	r17, 0x2D	; 45
    2966:	29 f4       	brne	.+10     	; 0x2972 <strtoul+0x54>
    2968:	21 96       	adiw	r28, 0x01	; 1
    296a:	f5 01       	movw	r30, r10
    296c:	11 81       	ldd	r17, Z+1	; 0x01
    296e:	01 e0       	ldi	r16, 0x01	; 1
    2970:	07 c0       	rjmp	.+14     	; 0x2980 <strtoul+0x62>
    2972:	1b 32       	cpi	r17, 0x2B	; 43
    2974:	21 f4       	brne	.+8      	; 0x297e <strtoul+0x60>
    2976:	e5 01       	movw	r28, r10
    2978:	22 96       	adiw	r28, 0x02	; 2
    297a:	f5 01       	movw	r30, r10
    297c:	11 81       	ldd	r17, Z+1	; 0x01
    297e:	00 e0       	ldi	r16, 0x00	; 0
    2980:	e1 14       	cp	r14, r1
    2982:	f1 04       	cpc	r15, r1
    2984:	b1 f0       	breq	.+44     	; 0x29b2 <strtoul+0x94>
    2986:	f0 e1       	ldi	r31, 0x10	; 16
    2988:	ef 16       	cp	r14, r31
    298a:	f1 04       	cpc	r15, r1
    298c:	29 f4       	brne	.+10     	; 0x2998 <strtoul+0x7a>
    298e:	b0 c0       	rjmp	.+352    	; 0x2af0 <strtoul+0x1d2>
    2990:	10 e3       	ldi	r17, 0x30	; 48
    2992:	e1 14       	cp	r14, r1
    2994:	f1 04       	cpc	r15, r1
    2996:	01 f1       	breq	.+64     	; 0x29d8 <strtoul+0xba>
    2998:	2a e0       	ldi	r18, 0x0A	; 10
    299a:	e2 16       	cp	r14, r18
    299c:	f1 04       	cpc	r15, r1
    299e:	b1 f1       	breq	.+108    	; 0x2a0c <strtoul+0xee>
    29a0:	80 e1       	ldi	r24, 0x10	; 16
    29a2:	e8 16       	cp	r14, r24
    29a4:	f1 04       	cpc	r15, r1
    29a6:	71 f0       	breq	.+28     	; 0x29c4 <strtoul+0xa6>
    29a8:	e8 e0       	ldi	r30, 0x08	; 8
    29aa:	ee 16       	cp	r14, r30
    29ac:	f1 04       	cpc	r15, r1
    29ae:	f1 f4       	brne	.+60     	; 0x29ec <strtoul+0xce>
    29b0:	13 c0       	rjmp	.+38     	; 0x29d8 <strtoul+0xba>
    29b2:	10 33       	cpi	r17, 0x30	; 48
    29b4:	41 f5       	brne	.+80     	; 0x2a06 <strtoul+0xe8>
    29b6:	88 81       	ld	r24, Y
    29b8:	8f 7d       	andi	r24, 0xDF	; 223
    29ba:	88 35       	cpi	r24, 0x58	; 88
    29bc:	49 f7       	brne	.-46     	; 0x2990 <strtoul+0x72>
    29be:	19 81       	ldd	r17, Y+1	; 0x01
    29c0:	22 96       	adiw	r28, 0x02	; 2
    29c2:	02 60       	ori	r16, 0x02	; 2
    29c4:	f0 e1       	ldi	r31, 0x10	; 16
    29c6:	ef 2e       	mov	r14, r31
    29c8:	f1 2c       	mov	r15, r1
    29ca:	88 24       	eor	r8, r8
    29cc:	8a 94       	dec	r8
    29ce:	98 2c       	mov	r9, r8
    29d0:	a8 2c       	mov	r10, r8
    29d2:	af e0       	ldi	r26, 0x0F	; 15
    29d4:	ba 2e       	mov	r11, r26
    29d6:	20 c0       	rjmp	.+64     	; 0x2a18 <strtoul+0xfa>
    29d8:	78 e0       	ldi	r23, 0x08	; 8
    29da:	e7 2e       	mov	r14, r23
    29dc:	f1 2c       	mov	r15, r1
    29de:	88 24       	eor	r8, r8
    29e0:	8a 94       	dec	r8
    29e2:	98 2c       	mov	r9, r8
    29e4:	a8 2c       	mov	r10, r8
    29e6:	ef e1       	ldi	r30, 0x1F	; 31
    29e8:	be 2e       	mov	r11, r30
    29ea:	16 c0       	rjmp	.+44     	; 0x2a18 <strtoul+0xfa>
    29ec:	6f ef       	ldi	r22, 0xFF	; 255
    29ee:	7f ef       	ldi	r23, 0xFF	; 255
    29f0:	cb 01       	movw	r24, r22
    29f2:	97 01       	movw	r18, r14
    29f4:	0f 2c       	mov	r0, r15
    29f6:	00 0c       	add	r0, r0
    29f8:	44 0b       	sbc	r20, r20
    29fa:	55 0b       	sbc	r21, r21
    29fc:	0e 94 e2 11 	call	0x23c4	; 0x23c4 <__udivmodsi4>
    2a00:	49 01       	movw	r8, r18
    2a02:	5a 01       	movw	r10, r20
    2a04:	09 c0       	rjmp	.+18     	; 0x2a18 <strtoul+0xfa>
    2a06:	8a e0       	ldi	r24, 0x0A	; 10
    2a08:	e8 2e       	mov	r14, r24
    2a0a:	f1 2c       	mov	r15, r1
    2a0c:	69 e9       	ldi	r22, 0x99	; 153
    2a0e:	86 2e       	mov	r8, r22
    2a10:	98 2c       	mov	r9, r8
    2a12:	a8 2c       	mov	r10, r8
    2a14:	69 e1       	ldi	r22, 0x19	; 25
    2a16:	b6 2e       	mov	r11, r22
    2a18:	40 e0       	ldi	r20, 0x00	; 0
    2a1a:	60 e0       	ldi	r22, 0x00	; 0
    2a1c:	70 e0       	ldi	r23, 0x00	; 0
    2a1e:	cb 01       	movw	r24, r22
    2a20:	27 01       	movw	r4, r14
    2a22:	0f 2c       	mov	r0, r15
    2a24:	00 0c       	add	r0, r0
    2a26:	66 08       	sbc	r6, r6
    2a28:	77 08       	sbc	r7, r7
    2a2a:	fe 01       	movw	r30, r28
    2a2c:	50 ed       	ldi	r21, 0xD0	; 208
    2a2e:	35 2e       	mov	r3, r21
    2a30:	31 0e       	add	r3, r17
    2a32:	29 e0       	ldi	r18, 0x09	; 9
    2a34:	23 15       	cp	r18, r3
    2a36:	70 f4       	brcc	.+28     	; 0x2a54 <strtoul+0x136>
    2a38:	2f eb       	ldi	r18, 0xBF	; 191
    2a3a:	21 0f       	add	r18, r17
    2a3c:	2a 31       	cpi	r18, 0x1A	; 26
    2a3e:	18 f4       	brcc	.+6      	; 0x2a46 <strtoul+0x128>
    2a40:	39 ec       	ldi	r19, 0xC9	; 201
    2a42:	33 2e       	mov	r3, r19
    2a44:	06 c0       	rjmp	.+12     	; 0x2a52 <strtoul+0x134>
    2a46:	2f e9       	ldi	r18, 0x9F	; 159
    2a48:	21 0f       	add	r18, r17
    2a4a:	2a 31       	cpi	r18, 0x1A	; 26
    2a4c:	30 f5       	brcc	.+76     	; 0x2a9a <strtoul+0x17c>
    2a4e:	29 ea       	ldi	r18, 0xA9	; 169
    2a50:	32 2e       	mov	r3, r18
    2a52:	31 0e       	add	r3, r17
    2a54:	23 2d       	mov	r18, r3
    2a56:	30 e0       	ldi	r19, 0x00	; 0
    2a58:	2e 15       	cp	r18, r14
    2a5a:	3f 05       	cpc	r19, r15
    2a5c:	f4 f4       	brge	.+60     	; 0x2a9a <strtoul+0x17c>
    2a5e:	4f 3f       	cpi	r20, 0xFF	; 255
    2a60:	c9 f0       	breq	.+50     	; 0x2a94 <strtoul+0x176>
    2a62:	86 16       	cp	r8, r22
    2a64:	97 06       	cpc	r9, r23
    2a66:	a8 06       	cpc	r10, r24
    2a68:	b9 06       	cpc	r11, r25
    2a6a:	88 f0       	brcs	.+34     	; 0x2a8e <strtoul+0x170>
    2a6c:	a3 01       	movw	r20, r6
    2a6e:	92 01       	movw	r18, r4
    2a70:	0e 94 2c 16 	call	0x2c58	; 0x2c58 <__mulsi3>
    2a74:	23 2d       	mov	r18, r3
    2a76:	30 e0       	ldi	r19, 0x00	; 0
    2a78:	40 e0       	ldi	r20, 0x00	; 0
    2a7a:	50 e0       	ldi	r21, 0x00	; 0
    2a7c:	62 0f       	add	r22, r18
    2a7e:	73 1f       	adc	r23, r19
    2a80:	84 1f       	adc	r24, r20
    2a82:	95 1f       	adc	r25, r21
    2a84:	62 17       	cp	r22, r18
    2a86:	73 07       	cpc	r23, r19
    2a88:	84 07       	cpc	r24, r20
    2a8a:	95 07       	cpc	r25, r21
    2a8c:	10 f4       	brcc	.+4      	; 0x2a92 <strtoul+0x174>
    2a8e:	4f ef       	ldi	r20, 0xFF	; 255
    2a90:	01 c0       	rjmp	.+2      	; 0x2a94 <strtoul+0x176>
    2a92:	41 e0       	ldi	r20, 0x01	; 1
    2a94:	21 96       	adiw	r28, 0x01	; 1
    2a96:	10 81       	ld	r17, Z
    2a98:	c8 cf       	rjmp	.-112    	; 0x2a2a <strtoul+0x10c>
    2a9a:	c1 14       	cp	r12, r1
    2a9c:	d1 04       	cpc	r13, r1
    2a9e:	51 f0       	breq	.+20     	; 0x2ab4 <strtoul+0x196>
    2aa0:	44 23       	and	r20, r20
    2aa2:	11 f0       	breq	.+4      	; 0x2aa8 <strtoul+0x18a>
    2aa4:	21 97       	sbiw	r28, 0x01	; 1
    2aa6:	03 c0       	rjmp	.+6      	; 0x2aae <strtoul+0x190>
    2aa8:	01 ff       	sbrs	r16, 1
    2aaa:	04 c0       	rjmp	.+8      	; 0x2ab4 <strtoul+0x196>
    2aac:	22 97       	sbiw	r28, 0x02	; 2
    2aae:	f6 01       	movw	r30, r12
    2ab0:	d1 83       	std	Z+1, r29	; 0x01
    2ab2:	c0 83       	st	Z, r28
    2ab4:	00 ff       	sbrs	r16, 0
    2ab6:	07 c0       	rjmp	.+14     	; 0x2ac6 <strtoul+0x1a8>
    2ab8:	90 95       	com	r25
    2aba:	80 95       	com	r24
    2abc:	70 95       	com	r23
    2abe:	61 95       	neg	r22
    2ac0:	7f 4f       	sbci	r23, 0xFF	; 255
    2ac2:	8f 4f       	sbci	r24, 0xFF	; 255
    2ac4:	9f 4f       	sbci	r25, 0xFF	; 255
    2ac6:	4f 3f       	cpi	r20, 0xFF	; 255
    2ac8:	79 f4       	brne	.+30     	; 0x2ae8 <strtoul+0x1ca>
    2aca:	82 e2       	ldi	r24, 0x22	; 34
    2acc:	90 e0       	ldi	r25, 0x00	; 0
    2ace:	90 93 c9 08 	sts	0x08C9, r25	; 0x8008c9 <errno+0x1>
    2ad2:	80 93 c8 08 	sts	0x08C8, r24	; 0x8008c8 <errno>
    2ad6:	3f ef       	ldi	r19, 0xFF	; 255
    2ad8:	2f ef       	ldi	r18, 0xFF	; 255
    2ada:	9f ef       	ldi	r25, 0xFF	; 255
    2adc:	0d c0       	rjmp	.+26     	; 0x2af8 <strtoul+0x1da>
    2ade:	40 e0       	ldi	r20, 0x00	; 0
    2ae0:	30 e0       	ldi	r19, 0x00	; 0
    2ae2:	20 e0       	ldi	r18, 0x00	; 0
    2ae4:	90 e0       	ldi	r25, 0x00	; 0
    2ae6:	08 c0       	rjmp	.+16     	; 0x2af8 <strtoul+0x1da>
    2ae8:	46 2f       	mov	r20, r22
    2aea:	37 2f       	mov	r19, r23
    2aec:	28 2f       	mov	r18, r24
    2aee:	04 c0       	rjmp	.+8      	; 0x2af8 <strtoul+0x1da>
    2af0:	10 33       	cpi	r17, 0x30	; 48
    2af2:	09 f0       	breq	.+2      	; 0x2af6 <strtoul+0x1d8>
    2af4:	67 cf       	rjmp	.-306    	; 0x29c4 <strtoul+0xa6>
    2af6:	5f cf       	rjmp	.-322    	; 0x29b6 <strtoul+0x98>
    2af8:	64 2f       	mov	r22, r20
    2afa:	73 2f       	mov	r23, r19
    2afc:	82 2f       	mov	r24, r18
    2afe:	cd b7       	in	r28, 0x3d	; 61
    2b00:	de b7       	in	r29, 0x3e	; 62
    2b02:	e1 e1       	ldi	r30, 0x11	; 17
    2b04:	0c 94 53 13 	jmp	0x26a6	; 0x26a6 <__epilogue_restores__+0x2>

00002b08 <isspace>:
    2b08:	91 11       	cpse	r25, r1
    2b0a:	0c 94 e5 15 	jmp	0x2bca	; 0x2bca <__ctype_isfalse>
    2b0e:	80 32       	cpi	r24, 0x20	; 32
    2b10:	19 f0       	breq	.+6      	; 0x2b18 <isspace+0x10>
    2b12:	89 50       	subi	r24, 0x09	; 9
    2b14:	85 50       	subi	r24, 0x05	; 5
    2b16:	c8 f7       	brcc	.-14     	; 0x2b0a <isspace+0x2>
    2b18:	08 95       	ret

00002b1a <strtok>:
    2b1a:	4c e0       	ldi	r20, 0x0C	; 12
    2b1c:	57 e0       	ldi	r21, 0x07	; 7
    2b1e:	0e 94 be 15 	call	0x2b7c	; 0x2b7c <strtok_r>
    2b22:	08 95       	ret

00002b24 <memcmp>:
    2b24:	fb 01       	movw	r30, r22
    2b26:	dc 01       	movw	r26, r24
    2b28:	04 c0       	rjmp	.+8      	; 0x2b32 <memcmp+0xe>
    2b2a:	8d 91       	ld	r24, X+
    2b2c:	01 90       	ld	r0, Z+
    2b2e:	80 19       	sub	r24, r0
    2b30:	21 f4       	brne	.+8      	; 0x2b3a <memcmp+0x16>
    2b32:	41 50       	subi	r20, 0x01	; 1
    2b34:	50 40       	sbci	r21, 0x00	; 0
    2b36:	c8 f7       	brcc	.-14     	; 0x2b2a <memcmp+0x6>
    2b38:	88 1b       	sub	r24, r24
    2b3a:	99 0b       	sbc	r25, r25
    2b3c:	08 95       	ret

00002b3e <memset>:
    2b3e:	dc 01       	movw	r26, r24
    2b40:	01 c0       	rjmp	.+2      	; 0x2b44 <memset+0x6>
    2b42:	6d 93       	st	X+, r22
    2b44:	41 50       	subi	r20, 0x01	; 1
    2b46:	50 40       	sbci	r21, 0x00	; 0
    2b48:	e0 f7       	brcc	.-8      	; 0x2b42 <memset+0x4>
    2b4a:	08 95       	ret

00002b4c <strcmp>:
    2b4c:	fb 01       	movw	r30, r22
    2b4e:	dc 01       	movw	r26, r24
    2b50:	8d 91       	ld	r24, X+
    2b52:	01 90       	ld	r0, Z+
    2b54:	80 19       	sub	r24, r0
    2b56:	01 10       	cpse	r0, r1
    2b58:	d9 f3       	breq	.-10     	; 0x2b50 <strcmp+0x4>
    2b5a:	99 0b       	sbc	r25, r25
    2b5c:	08 95       	ret

00002b5e <strncpy>:
    2b5e:	fb 01       	movw	r30, r22
    2b60:	dc 01       	movw	r26, r24
    2b62:	41 50       	subi	r20, 0x01	; 1
    2b64:	50 40       	sbci	r21, 0x00	; 0
    2b66:	48 f0       	brcs	.+18     	; 0x2b7a <strncpy+0x1c>
    2b68:	01 90       	ld	r0, Z+
    2b6a:	0d 92       	st	X+, r0
    2b6c:	00 20       	and	r0, r0
    2b6e:	c9 f7       	brne	.-14     	; 0x2b62 <strncpy+0x4>
    2b70:	01 c0       	rjmp	.+2      	; 0x2b74 <strncpy+0x16>
    2b72:	1d 92       	st	X+, r1
    2b74:	41 50       	subi	r20, 0x01	; 1
    2b76:	50 40       	sbci	r21, 0x00	; 0
    2b78:	e0 f7       	brcc	.-8      	; 0x2b72 <strncpy+0x14>
    2b7a:	08 95       	ret

00002b7c <strtok_r>:
    2b7c:	fa 01       	movw	r30, r20
    2b7e:	a1 91       	ld	r26, Z+
    2b80:	b0 81       	ld	r27, Z
    2b82:	00 97       	sbiw	r24, 0x00	; 0
    2b84:	19 f4       	brne	.+6      	; 0x2b8c <strtok_r+0x10>
    2b86:	10 97       	sbiw	r26, 0x00	; 0
    2b88:	e1 f0       	breq	.+56     	; 0x2bc2 <strtok_r+0x46>
    2b8a:	cd 01       	movw	r24, r26
    2b8c:	dc 01       	movw	r26, r24
    2b8e:	cd 01       	movw	r24, r26
    2b90:	0d 90       	ld	r0, X+
    2b92:	00 20       	and	r0, r0
    2b94:	11 f4       	brne	.+4      	; 0x2b9a <strtok_r+0x1e>
    2b96:	c0 01       	movw	r24, r0
    2b98:	13 c0       	rjmp	.+38     	; 0x2bc0 <strtok_r+0x44>
    2b9a:	fb 01       	movw	r30, r22
    2b9c:	21 91       	ld	r18, Z+
    2b9e:	22 23       	and	r18, r18
    2ba0:	19 f0       	breq	.+6      	; 0x2ba8 <strtok_r+0x2c>
    2ba2:	20 15       	cp	r18, r0
    2ba4:	d9 f7       	brne	.-10     	; 0x2b9c <strtok_r+0x20>
    2ba6:	f3 cf       	rjmp	.-26     	; 0x2b8e <strtok_r+0x12>
    2ba8:	fb 01       	movw	r30, r22
    2baa:	21 91       	ld	r18, Z+
    2bac:	20 15       	cp	r18, r0
    2bae:	19 f4       	brne	.+6      	; 0x2bb6 <strtok_r+0x3a>
    2bb0:	1e 92       	st	-X, r1
    2bb2:	11 96       	adiw	r26, 0x01	; 1
    2bb4:	06 c0       	rjmp	.+12     	; 0x2bc2 <strtok_r+0x46>
    2bb6:	22 23       	and	r18, r18
    2bb8:	c1 f7       	brne	.-16     	; 0x2baa <strtok_r+0x2e>
    2bba:	0d 90       	ld	r0, X+
    2bbc:	00 20       	and	r0, r0
    2bbe:	a1 f7       	brne	.-24     	; 0x2ba8 <strtok_r+0x2c>
    2bc0:	d0 01       	movw	r26, r0
    2bc2:	fa 01       	movw	r30, r20
    2bc4:	a1 93       	st	Z+, r26
    2bc6:	b0 83       	st	Z, r27
    2bc8:	08 95       	ret

00002bca <__ctype_isfalse>:
    2bca:	99 27       	eor	r25, r25
    2bcc:	88 27       	eor	r24, r24

00002bce <__ctype_istrue>:
    2bce:	08 95       	ret

00002bd0 <eeprom_read_block>:
    2bd0:	dc 01       	movw	r26, r24
    2bd2:	cb 01       	movw	r24, r22

00002bd4 <eeprom_read_blraw>:
    2bd4:	fc 01       	movw	r30, r24
    2bd6:	f9 99       	sbic	0x1f, 1	; 31
    2bd8:	fe cf       	rjmp	.-4      	; 0x2bd6 <eeprom_read_blraw+0x2>
    2bda:	06 c0       	rjmp	.+12     	; 0x2be8 <eeprom_read_blraw+0x14>
    2bdc:	f2 bd       	out	0x22, r31	; 34
    2bde:	e1 bd       	out	0x21, r30	; 33
    2be0:	f8 9a       	sbi	0x1f, 0	; 31
    2be2:	31 96       	adiw	r30, 0x01	; 1
    2be4:	00 b4       	in	r0, 0x20	; 32
    2be6:	0d 92       	st	X+, r0
    2be8:	41 50       	subi	r20, 0x01	; 1
    2bea:	50 40       	sbci	r21, 0x00	; 0
    2bec:	b8 f7       	brcc	.-18     	; 0x2bdc <eeprom_read_blraw+0x8>
    2bee:	08 95       	ret

00002bf0 <eeprom_read_dword>:
    2bf0:	a6 e1       	ldi	r26, 0x16	; 22
    2bf2:	b0 e0       	ldi	r27, 0x00	; 0
    2bf4:	44 e0       	ldi	r20, 0x04	; 4
    2bf6:	50 e0       	ldi	r21, 0x00	; 0
    2bf8:	0c 94 ea 15 	jmp	0x2bd4	; 0x2bd4 <eeprom_read_blraw>

00002bfc <eeprom_update_block>:
    2bfc:	dc 01       	movw	r26, r24
    2bfe:	a4 0f       	add	r26, r20
    2c00:	b5 1f       	adc	r27, r21
    2c02:	41 50       	subi	r20, 0x01	; 1
    2c04:	50 40       	sbci	r21, 0x00	; 0
    2c06:	48 f0       	brcs	.+18     	; 0x2c1a <eeprom_update_block+0x1e>
    2c08:	cb 01       	movw	r24, r22
    2c0a:	84 0f       	add	r24, r20
    2c0c:	95 1f       	adc	r25, r21
    2c0e:	2e 91       	ld	r18, -X
    2c10:	0e 94 0f 16 	call	0x2c1e	; 0x2c1e <eeprom_update_r18>
    2c14:	41 50       	subi	r20, 0x01	; 1
    2c16:	50 40       	sbci	r21, 0x00	; 0
    2c18:	d0 f7       	brcc	.-12     	; 0x2c0e <eeprom_update_block+0x12>
    2c1a:	08 95       	ret

00002c1c <eeprom_update_byte>:
    2c1c:	26 2f       	mov	r18, r22

00002c1e <eeprom_update_r18>:
    2c1e:	f9 99       	sbic	0x1f, 1	; 31
    2c20:	fe cf       	rjmp	.-4      	; 0x2c1e <eeprom_update_r18>
    2c22:	92 bd       	out	0x22, r25	; 34
    2c24:	81 bd       	out	0x21, r24	; 33
    2c26:	f8 9a       	sbi	0x1f, 0	; 31
    2c28:	01 97       	sbiw	r24, 0x01	; 1
    2c2a:	00 b4       	in	r0, 0x20	; 32
    2c2c:	02 16       	cp	r0, r18
    2c2e:	39 f0       	breq	.+14     	; 0x2c3e <eeprom_update_r18+0x20>
    2c30:	1f ba       	out	0x1f, r1	; 31
    2c32:	20 bd       	out	0x20, r18	; 32
    2c34:	0f b6       	in	r0, 0x3f	; 63
    2c36:	f8 94       	cli
    2c38:	fa 9a       	sbi	0x1f, 2	; 31
    2c3a:	f9 9a       	sbi	0x1f, 1	; 31
    2c3c:	0f be       	out	0x3f, r0	; 63
    2c3e:	08 95       	ret

00002c40 <eeprom_update_dword>:
    2c40:	03 96       	adiw	r24, 0x03	; 3
    2c42:	27 2f       	mov	r18, r23
    2c44:	0e 94 0f 16 	call	0x2c1e	; 0x2c1e <eeprom_update_r18>
    2c48:	0e 94 0e 16 	call	0x2c1c	; 0x2c1c <eeprom_update_byte>
    2c4c:	25 2f       	mov	r18, r21
    2c4e:	0e 94 0f 16 	call	0x2c1e	; 0x2c1e <eeprom_update_r18>
    2c52:	24 2f       	mov	r18, r20
    2c54:	0c 94 0f 16 	jmp	0x2c1e	; 0x2c1e <eeprom_update_r18>

00002c58 <__mulsi3>:
    2c58:	db 01       	movw	r26, r22
    2c5a:	8f 93       	push	r24
    2c5c:	9f 93       	push	r25
    2c5e:	0e 94 32 12 	call	0x2464	; 0x2464 <__muluhisi3>
    2c62:	bf 91       	pop	r27
    2c64:	af 91       	pop	r26
    2c66:	a2 9f       	mul	r26, r18
    2c68:	80 0d       	add	r24, r0
    2c6a:	91 1d       	adc	r25, r1
    2c6c:	a3 9f       	mul	r26, r19
    2c6e:	90 0d       	add	r25, r0
    2c70:	b2 9f       	mul	r27, r18
    2c72:	90 0d       	add	r25, r0
    2c74:	11 24       	eor	r1, r1
    2c76:	08 95       	ret

00002c78 <_exit>:
    2c78:	f8 94       	cli

00002c7a <__stop_program>:
    2c7a:	ff cf       	rjmp	.-2      	; 0x2c7a <__stop_program>
