
GccApplication1.elf:     file format elf32-avr

Sections:
Idx Name          Size      VMA       LMA       File off  Algn
  0 .data         000003e0  00800100  0000229a  0000234e  2**0
                  CONTENTS, ALLOC, LOAD, DATA
  1 .text         0000229a  00000000  00000000  000000b4  2**1
                  CONTENTS, ALLOC, LOAD, READONLY, CODE
  2 .bss          00000126  008004e0  008004e0  0000272e  2**0
                  ALLOC
  3 .eeprom       00000038  00810000  00810000  0000272e  2**0
                  CONTENTS, ALLOC, LOAD, DATA
  4 .comment      0000005c  00000000  00000000  00002766  2**0
                  CONTENTS, READONLY
  5 .note.gnu.avr.deviceinfo 00000040  00000000  00000000  000027c4  2**2
                  CONTENTS, READONLY
  6 .debug_aranges 00000340  00000000  00000000  00002808  2**3
                  CONTENTS, READONLY, DEBUGGING
  7 .debug_info   000046bf  00000000  00000000  00002b48  2**0
                  CONTENTS, READONLY, DEBUGGING
  8 .debug_abbrev 0000160c  00000000  00000000  00007207  2**0
                  CONTENTS, READONLY, DEBUGGING
  9 .debug_line   00001f53  00000000  00000000  00008813  2**0
                  CONTENTS, READONLY, DEBUGGING
 10 .debug_frame  000008cc  00000000  00000000  0000a768  2**2
                  CONTENTS, READONLY, DEBUGGING
 11 .debug_str    00000d6a  00000000  00000000  0000b034  2**0
                  CONTENTS, READONLY, DEBUGGING
 12 .debug_loc    00002601  00000000  00000000  0000bd9e  2**0
                  CONTENTS, READONLY, DEBUGGING
 13 .debug_ranges 00000260  00000000  00000000  0000e39f  2**0
                  CONTENTS, READONLY, DEBUGGING

Disassembly of section .text:

00000000 <__vectors>:
       0:	0c 94 5a 00 	jmp	0xb4	; 0xb4 <__ctors_end>
       4:	0c 94 77 00 	jmp	0xee	; 0xee <__bad_interrupt>
       8:	0c 94 77 00 	jmp	0xee	; 0xee <__bad_interrupt>
       c:	0c 94 77 00 	jmp	0xee	; 0xee <__bad_interrupt>
      10:	0c 94 77 00 	jmp	0xee	; 0xee <__bad_interrupt>
      14:	0c 94 77 00 	jmp	0xee	; 0xee <__bad_interrupt>
      18:	0c 94 77 00 	jmp	0xee	; 0xee <__bad_interrupt>
      1c:	0c 94 77 00 	jmp	0xee	; 0xee <__bad_interrupt>
      20:	0c 94 77 00 	jmp	0xee	; 0xee <__bad_interrupt>
      24:	0c 94 77 00 	jmp	0xee	; 0xee <__bad_interrupt>
      28:	0c 94 77 00 	jmp	0xee	; 0xee <__bad_interrupt>
      2c:	0c 94 77 00 	jmp	0xee	; 0xee <__bad_interrupt>
      30:	0c 94 77 00 	jmp	0xee	; 0xee <__bad_interrupt>
      34:	0c 94 77 00 	jmp	0xee	; 0xee <__bad_interrupt>
      38:	0c 94 77 00 	jmp	0xee	; 0xee <__bad_interrupt>
      3c:	0c 94 77 00 	jmp	0xee	; 0xee <__bad_interrupt>
      40:	0c 94 77 00 	jmp	0xee	; 0xee <__bad_interrupt>
      44:	0c 94 77 00 	jmp	0xee	; 0xee <__bad_interrupt>
      48:	0c 94 4e 0b 	jmp	0x169c	; 0x169c <__vector_18>
      4c:	0c 94 77 00 	jmp	0xee	; 0xee <__bad_interrupt>
      50:	0c 94 77 00 	jmp	0xee	; 0xee <__bad_interrupt>
      54:	0c 94 77 00 	jmp	0xee	; 0xee <__bad_interrupt>
      58:	0c 94 77 00 	jmp	0xee	; 0xee <__bad_interrupt>
      5c:	0c 94 77 00 	jmp	0xee	; 0xee <__bad_interrupt>
      60:	0c 94 77 00 	jmp	0xee	; 0xee <__bad_interrupt>
      64:	0c 94 77 00 	jmp	0xee	; 0xee <__bad_interrupt>
      68:	0c 94 77 00 	jmp	0xee	; 0xee <__bad_interrupt>
      6c:	0c 94 77 00 	jmp	0xee	; 0xee <__bad_interrupt>
      70:	0c 94 77 00 	jmp	0xee	; 0xee <__bad_interrupt>
      74:	0c 94 77 00 	jmp	0xee	; 0xee <__bad_interrupt>
      78:	0c 94 77 00 	jmp	0xee	; 0xee <__bad_interrupt>
      7c:	0c 94 77 00 	jmp	0xee	; 0xee <__bad_interrupt>
      80:	0c 94 77 00 	jmp	0xee	; 0xee <__bad_interrupt>
      84:	0c 94 77 00 	jmp	0xee	; 0xee <__bad_interrupt>
      88:	0c 94 77 00 	jmp	0xee	; 0xee <__bad_interrupt>
      8c:	0c 94 77 00 	jmp	0xee	; 0xee <__bad_interrupt>
      90:	0c 94 77 00 	jmp	0xee	; 0xee <__bad_interrupt>
      94:	0c 94 77 00 	jmp	0xee	; 0xee <__bad_interrupt>
      98:	0c 94 77 00 	jmp	0xee	; 0xee <__bad_interrupt>
      9c:	0c 94 77 00 	jmp	0xee	; 0xee <__bad_interrupt>
      a0:	0c 94 77 00 	jmp	0xee	; 0xee <__bad_interrupt>
      a4:	0c 94 77 00 	jmp	0xee	; 0xee <__bad_interrupt>
      a8:	0c 94 77 00 	jmp	0xee	; 0xee <__bad_interrupt>
      ac:	0c 94 77 00 	jmp	0xee	; 0xee <__bad_interrupt>
      b0:	0c 94 77 00 	jmp	0xee	; 0xee <__bad_interrupt>

000000b4 <__ctors_end>:
      b4:	11 24       	eor	r1, r1
      b6:	1f be       	out	0x3f, r1	; 63
      b8:	cf ef       	ldi	r28, 0xFF	; 255
      ba:	d8 e0       	ldi	r29, 0x08	; 8
      bc:	de bf       	out	0x3e, r29	; 62
      be:	cd bf       	out	0x3d, r28	; 61

000000c0 <__do_copy_data>:
      c0:	14 e0       	ldi	r17, 0x04	; 4
      c2:	a0 e0       	ldi	r26, 0x00	; 0
      c4:	b1 e0       	ldi	r27, 0x01	; 1
      c6:	ea e9       	ldi	r30, 0x9A	; 154
      c8:	f2 e2       	ldi	r31, 0x22	; 34
      ca:	02 c0       	rjmp	.+4      	; 0xd0 <__do_copy_data+0x10>
      cc:	05 90       	lpm	r0, Z+
      ce:	0d 92       	st	X+, r0
      d0:	a0 3e       	cpi	r26, 0xE0	; 224
      d2:	b1 07       	cpc	r27, r17
      d4:	d9 f7       	brne	.-10     	; 0xcc <__do_copy_data+0xc>

000000d6 <__do_clear_bss>:
      d6:	26 e0       	ldi	r18, 0x06	; 6
      d8:	a0 ee       	ldi	r26, 0xE0	; 224
      da:	b4 e0       	ldi	r27, 0x04	; 4
      dc:	01 c0       	rjmp	.+2      	; 0xe0 <.do_clear_bss_start>

000000de <.do_clear_bss_loop>:
      de:	1d 92       	st	X+, r1

000000e0 <.do_clear_bss_start>:
      e0:	a6 30       	cpi	r26, 0x06	; 6
      e2:	b2 07       	cpc	r27, r18
      e4:	e1 f7       	brne	.-8      	; 0xde <.do_clear_bss_loop>
      e6:	0e 94 32 06 	call	0xc64	; 0xc64 <main>
      ea:	0c 94 4b 11 	jmp	0x2296	; 0x2296 <_exit>

000000ee <__bad_interrupt>:
      ee:	0c 94 00 00 	jmp	0	; 0x0 <__vectors>

000000f2 <board_id_init>:
#include "board_id.h"

void board_id_init(void)
{
    /* bit0..bit3 = PC0..PC3; bit4 = PD2. External 100 kohm pull-ups. */
    DDRC &= ~((1 << PC0) | (1 << PC1) | (1 << PC2) | (1 << PC3));
      f2:	87 b1       	in	r24, 0x07	; 7
      f4:	80 7f       	andi	r24, 0xF0	; 240
      f6:	87 b9       	out	0x07, r24	; 7
    DDRD &= ~(1 << PD2);
      f8:	8a b1       	in	r24, 0x0a	; 10
      fa:	8b 7f       	andi	r24, 0xFB	; 251
      fc:	8a b9       	out	0x0a, r24	; 10

    PORTC &= ~((1 << PC0) | (1 << PC1) | (1 << PC2) | (1 << PC3));
      fe:	88 b1       	in	r24, 0x08	; 8
     100:	80 7f       	andi	r24, 0xF0	; 240
     102:	88 b9       	out	0x08, r24	; 8
    PORTD &= ~(1 << PD2);
     104:	8b b1       	in	r24, 0x0b	; 11
     106:	8b 7f       	andi	r24, 0xFB	; 251
     108:	8b b9       	out	0x0b, r24	; 11
     10a:	08 95       	ret

0000010c <board_id_read>:

uint8_t board_id_read(void)
{
    uint8_t raw = 0;

    if (PINC & (1 << PC0)) raw |= (1 << 0);
     10c:	30 99       	sbic	0x06, 0	; 6
     10e:	02 c0       	rjmp	.+4      	; 0x114 <board_id_read+0x8>
    PORTD &= ~(1 << PD2);
}

uint8_t board_id_read(void)
{
    uint8_t raw = 0;
     110:	80 e0       	ldi	r24, 0x00	; 0
     112:	01 c0       	rjmp	.+2      	; 0x116 <board_id_read+0xa>

    if (PINC & (1 << PC0)) raw |= (1 << 0);
     114:	81 e0       	ldi	r24, 0x01	; 1
    if (PINC & (1 << PC1)) raw |= (1 << 1);
     116:	31 99       	sbic	0x06, 1	; 6
     118:	82 60       	ori	r24, 0x02	; 2
    if (PINC & (1 << PC2)) raw |= (1 << 2);
     11a:	32 99       	sbic	0x06, 2	; 6
     11c:	84 60       	ori	r24, 0x04	; 4
    if (PINC & (1 << PC3)) raw |= (1 << 3);
     11e:	33 99       	sbic	0x06, 3	; 6
     120:	88 60       	ori	r24, 0x08	; 8
    if (PIND & (1 << PD2)) raw |= (1 << 4);
     122:	4a 99       	sbic	0x09, 2	; 9
     124:	80 61       	ori	r24, 0x10	; 16

    /* Switch ON pulls low, so invert to obtain the board number. */
    return (uint8_t)((~raw) & 0x1FU);
     126:	80 95       	com	r24
}
     128:	8f 71       	andi	r24, 0x1F	; 31
     12a:	08 95       	ret

0000012c <apply_axis>:
}

static int32_t apply_axis(int32_t value_x100,
                          int32_t offset_x100,
                          int32_t gain_ppm)
{
     12c:	4f 92       	push	r4
     12e:	5f 92       	push	r5
     130:	6f 92       	push	r6
     132:	7f 92       	push	r7
     134:	af 92       	push	r10
     136:	bf 92       	push	r11
     138:	cf 92       	push	r12
     13a:	df 92       	push	r13
     13c:	ef 92       	push	r14
     13e:	ff 92       	push	r15
     140:	0f 93       	push	r16
     142:	1f 93       	push	r17
    int32_t corrected = value_x100 - offset_x100;
     144:	dc 01       	movw	r26, r24
     146:	cb 01       	movw	r24, r22
     148:	82 1b       	sub	r24, r18
     14a:	93 0b       	sbc	r25, r19
     14c:	a4 0b       	sbc	r26, r20
     14e:	b5 0b       	sbc	r27, r21
    int64_t scaled = (int64_t)corrected * (int64_t)gain_ppm;
     150:	2c 01       	movw	r4, r24
     152:	3d 01       	movw	r6, r26
     154:	77 0c       	add	r7, r7
     156:	44 08       	sbc	r4, r4
     158:	54 2c       	mov	r5, r4
     15a:	32 01       	movw	r6, r4
     15c:	b8 01       	movw	r22, r16
     15e:	a7 01       	movw	r20, r14
     160:	77 0f       	add	r23, r23
     162:	44 0b       	sbc	r20, r20
     164:	54 2f       	mov	r21, r20
     166:	ba 01       	movw	r22, r20
     168:	ae 2c       	mov	r10, r14
     16a:	bf 2c       	mov	r11, r15
     16c:	c0 2e       	mov	r12, r16
     16e:	d1 2e       	mov	r13, r17
     170:	e4 2e       	mov	r14, r20
     172:	f4 2e       	mov	r15, r20
     174:	04 2f       	mov	r16, r20
     176:	14 2f       	mov	r17, r20
     178:	28 2f       	mov	r18, r24
     17a:	39 2f       	mov	r19, r25
     17c:	4a 2f       	mov	r20, r26
     17e:	5b 2f       	mov	r21, r27
     180:	64 2d       	mov	r22, r4
     182:	74 2d       	mov	r23, r4
     184:	84 2d       	mov	r24, r4
     186:	94 2d       	mov	r25, r4
     188:	0e 94 6d 0d 	call	0x1ada	; 0x1ada <__muldi3>

    if (scaled >= 0) {
     18c:	a0 e0       	ldi	r26, 0x00	; 0
     18e:	0e 94 9d 0e 	call	0x1d3a	; 0x1d3a <__cmpdi2_s8>
     192:	4c f0       	brlt	.+18     	; 0x1a6 <apply_axis+0x7a>
        scaled += CALIBRATION_GAIN_UNITY_PPM / 2L;
     194:	20 5e       	subi	r18, 0xE0	; 224
     196:	3e 45       	sbci	r19, 0x5E	; 94
     198:	48 4f       	sbci	r20, 0xF8	; 248
     19a:	5f 4f       	sbci	r21, 0xFF	; 255
     19c:	6f 4f       	sbci	r22, 0xFF	; 255
     19e:	7f 4f       	sbci	r23, 0xFF	; 255
     1a0:	8f 4f       	sbci	r24, 0xFF	; 255
     1a2:	9f 4f       	sbci	r25, 0xFF	; 255
     1a4:	08 c0       	rjmp	.+16     	; 0x1b6 <apply_axis+0x8a>
    } else {
        scaled -= CALIBRATION_GAIN_UNITY_PPM / 2L;
     1a6:	20 52       	subi	r18, 0x20	; 32
     1a8:	31 4a       	sbci	r19, 0xA1	; 161
     1aa:	47 40       	sbci	r20, 0x07	; 7
     1ac:	51 09       	sbc	r21, r1
     1ae:	61 09       	sbc	r22, r1
     1b0:	71 09       	sbc	r23, r1
     1b2:	81 09       	sbc	r24, r1
     1b4:	91 09       	sbc	r25, r1
    }

    return (int32_t)(scaled / CALIBRATION_GAIN_UNITY_PPM);
     1b6:	68 94       	set
     1b8:	aa 24       	eor	r10, r10
     1ba:	a6 f8       	bld	r10, 6
     1bc:	0f 2e       	mov	r0, r31
     1be:	f2 e4       	ldi	r31, 0x42	; 66
     1c0:	bf 2e       	mov	r11, r31
     1c2:	f0 2d       	mov	r31, r0
     1c4:	0f 2e       	mov	r0, r31
     1c6:	ff e0       	ldi	r31, 0x0F	; 15
     1c8:	cf 2e       	mov	r12, r31
     1ca:	f0 2d       	mov	r31, r0
     1cc:	d1 2c       	mov	r13, r1
     1ce:	e1 2c       	mov	r14, r1
     1d0:	f1 2c       	mov	r15, r1
     1d2:	00 e0       	ldi	r16, 0x00	; 0
     1d4:	10 e0       	ldi	r17, 0x00	; 0
     1d6:	0e 94 c8 0d 	call	0x1b90	; 0x1b90 <__divdi3>
     1da:	62 2f       	mov	r22, r18
     1dc:	73 2f       	mov	r23, r19
     1de:	84 2f       	mov	r24, r20
     1e0:	95 2f       	mov	r25, r21
}
     1e2:	1f 91       	pop	r17
     1e4:	0f 91       	pop	r16
     1e6:	ff 90       	pop	r15
     1e8:	ef 90       	pop	r14
     1ea:	df 90       	pop	r13
     1ec:	cf 90       	pop	r12
     1ee:	bf 90       	pop	r11
     1f0:	af 90       	pop	r10
     1f2:	7f 90       	pop	r7
     1f4:	6f 90       	pop	r6
     1f6:	5f 90       	pop	r5
     1f8:	4f 90       	pop	r4
     1fa:	08 95       	ret

000001fc <calibration_crc>:

static calibration_record_t EEMEM eeprom_calibration;

static uint16_t calibration_crc(const calibration_record_t *record)
{
    return crc16_ccitt(record, offsetof(calibration_record_t, crc));
     1fc:	66 e3       	ldi	r22, 0x36	; 54
     1fe:	70 e0       	ldi	r23, 0x00	; 0
     200:	0e 94 0d 06 	call	0xc1a	; 0xc1a <crc16_ccitt>
}
     204:	08 95       	ret

00000206 <calibration_make_defaults>:

void calibration_make_defaults(calibration_record_t *record)
{
     206:	cf 93       	push	r28
     208:	df 93       	push	r29
     20a:	ec 01       	movw	r28, r24
    memset(record, 0, sizeof(*record));
     20c:	88 e3       	ldi	r24, 0x38	; 56
     20e:	fe 01       	movw	r30, r28
     210:	11 92       	st	Z+, r1
     212:	8a 95       	dec	r24
     214:	e9 f7       	brne	.-6      	; 0x210 <calibration_make_defaults+0xa>
    record->magic = CALIBRATION_MAGIC;
     216:	88 e3       	ldi	r24, 0x38	; 56
     218:	92 e3       	ldi	r25, 0x32	; 50
     21a:	a4 e4       	ldi	r26, 0x44	; 68
     21c:	be e4       	ldi	r27, 0x4E	; 78
     21e:	88 83       	st	Y, r24
     220:	99 83       	std	Y+1, r25	; 0x01
     222:	aa 83       	std	Y+2, r26	; 0x02
     224:	bb 83       	std	Y+3, r27	; 0x03
    record->version = CALIBRATION_VERSION;
     226:	81 e0       	ldi	r24, 0x01	; 1
     228:	90 e0       	ldi	r25, 0x00	; 0
     22a:	9d 83       	std	Y+5, r25	; 0x05
     22c:	8c 83       	std	Y+4, r24	; 0x04
    record->size = sizeof(*record);
     22e:	88 e3       	ldi	r24, 0x38	; 56
     230:	90 e0       	ldi	r25, 0x00	; 0
     232:	9f 83       	std	Y+7, r25	; 0x07
     234:	8e 83       	std	Y+6, r24	; 0x06
    record->gain_x_ppm = CALIBRATION_GAIN_UNITY_PPM;
     236:	80 e4       	ldi	r24, 0x40	; 64
     238:	92 e4       	ldi	r25, 0x42	; 66
     23a:	af e0       	ldi	r26, 0x0F	; 15
     23c:	b0 e0       	ldi	r27, 0x00	; 0
     23e:	8c 8b       	std	Y+20, r24	; 0x14
     240:	9d 8b       	std	Y+21, r25	; 0x15
     242:	ae 8b       	std	Y+22, r26	; 0x16
     244:	bf 8b       	std	Y+23, r27	; 0x17
    record->gain_y_ppm = CALIBRATION_GAIN_UNITY_PPM;
     246:	88 8f       	std	Y+24, r24	; 0x18
     248:	99 8f       	std	Y+25, r25	; 0x19
     24a:	aa 8f       	std	Y+26, r26	; 0x1a
     24c:	bb 8f       	std	Y+27, r27	; 0x1b
    record->gain_z_ppm = CALIBRATION_GAIN_UNITY_PPM;
     24e:	8c 8f       	std	Y+28, r24	; 0x1c
     250:	9d 8f       	std	Y+29, r25	; 0x1d
     252:	ae 8f       	std	Y+30, r26	; 0x1e
     254:	bf 8f       	std	Y+31, r27	; 0x1f
    record->crc = calibration_crc(record);
     256:	ce 01       	movw	r24, r28
     258:	0e 94 fe 00 	call	0x1fc	; 0x1fc <calibration_crc>
     25c:	9f ab       	std	Y+55, r25	; 0x37
     25e:	8e ab       	std	Y+54, r24	; 0x36
}
     260:	df 91       	pop	r29
     262:	cf 91       	pop	r28
     264:	08 95       	ret

00000266 <calibration_load>:

calibration_status_t calibration_load(calibration_record_t *record)
{
     266:	0f 93       	push	r16
     268:	1f 93       	push	r17
     26a:	cf 93       	push	r28
     26c:	df 93       	push	r29
     26e:	ec 01       	movw	r28, r24
    eeprom_read_block(record, &eeprom_calibration, sizeof(*record));
     270:	48 e3       	ldi	r20, 0x38	; 56
     272:	50 e0       	ldi	r21, 0x00	; 0
     274:	60 e0       	ldi	r22, 0x00	; 0
     276:	70 e0       	ldi	r23, 0x00	; 0
     278:	0e 94 09 11 	call	0x2212	; 0x2212 <eeprom_read_block>

    if (record->magic != CALIBRATION_MAGIC ||
     27c:	88 81       	ld	r24, Y
     27e:	99 81       	ldd	r25, Y+1	; 0x01
     280:	aa 81       	ldd	r26, Y+2	; 0x02
     282:	bb 81       	ldd	r27, Y+3	; 0x03
     284:	88 33       	cpi	r24, 0x38	; 56
     286:	92 43       	sbci	r25, 0x32	; 50
     288:	a4 44       	sbci	r26, 0x44	; 68
     28a:	be 44       	sbci	r27, 0x4E	; 78
     28c:	81 f4       	brne	.+32     	; 0x2ae <calibration_load+0x48>
        record->version != CALIBRATION_VERSION ||
     28e:	8c 81       	ldd	r24, Y+4	; 0x04
     290:	9d 81       	ldd	r25, Y+5	; 0x05

calibration_status_t calibration_load(calibration_record_t *record)
{
    eeprom_read_block(record, &eeprom_calibration, sizeof(*record));

    if (record->magic != CALIBRATION_MAGIC ||
     292:	01 97       	sbiw	r24, 0x01	; 1
     294:	61 f4       	brne	.+24     	; 0x2ae <calibration_load+0x48>
        record->version != CALIBRATION_VERSION ||
        record->size != sizeof(*record) ||
     296:	8e 81       	ldd	r24, Y+6	; 0x06
     298:	9f 81       	ldd	r25, Y+7	; 0x07
calibration_status_t calibration_load(calibration_record_t *record)
{
    eeprom_read_block(record, &eeprom_calibration, sizeof(*record));

    if (record->magic != CALIBRATION_MAGIC ||
        record->version != CALIBRATION_VERSION ||
     29a:	c8 97       	sbiw	r24, 0x38	; 56
     29c:	41 f4       	brne	.+16     	; 0x2ae <calibration_load+0x48>
        record->size != sizeof(*record) ||
        record->crc != calibration_crc(record)) {
     29e:	0e a9       	ldd	r16, Y+54	; 0x36
     2a0:	1f a9       	ldd	r17, Y+55	; 0x37
     2a2:	ce 01       	movw	r24, r28
     2a4:	0e 94 fe 00 	call	0x1fc	; 0x1fc <calibration_crc>
{
    eeprom_read_block(record, &eeprom_calibration, sizeof(*record));

    if (record->magic != CALIBRATION_MAGIC ||
        record->version != CALIBRATION_VERSION ||
        record->size != sizeof(*record) ||
     2a8:	08 17       	cp	r16, r24
     2aa:	19 07       	cpc	r17, r25
     2ac:	29 f0       	breq	.+10     	; 0x2b8 <calibration_load+0x52>
        record->crc != calibration_crc(record)) {
        calibration_make_defaults(record);
     2ae:	ce 01       	movw	r24, r28
     2b0:	0e 94 03 01 	call	0x206	; 0x206 <calibration_make_defaults>
        return CALIBRATION_STATUS_DEFAULT;
     2b4:	80 e0       	ldi	r24, 0x00	; 0
     2b6:	01 c0       	rjmp	.+2      	; 0x2ba <calibration_load+0x54>
    }

    return CALIBRATION_STATUS_VALID;
     2b8:	81 e0       	ldi	r24, 0x01	; 1
}
     2ba:	df 91       	pop	r29
     2bc:	cf 91       	pop	r28
     2be:	1f 91       	pop	r17
     2c0:	0f 91       	pop	r16
     2c2:	08 95       	ret

000002c4 <calibration_save>:

uint8_t calibration_save(const calibration_record_t *record)
{
     2c4:	cf 93       	push	r28
     2c6:	df 93       	push	r29
     2c8:	cd b7       	in	r28, 0x3d	; 61
     2ca:	de b7       	in	r29, 0x3e	; 62
     2cc:	c0 57       	subi	r28, 0x70	; 112
     2ce:	d1 09       	sbc	r29, r1
     2d0:	0f b6       	in	r0, 0x3f	; 63
     2d2:	f8 94       	cli
     2d4:	de bf       	out	0x3e, r29	; 62
     2d6:	0f be       	out	0x3f, r0	; 63
     2d8:	cd bf       	out	0x3d, r28	; 61
     2da:	fc 01       	movw	r30, r24
    calibration_record_t copy = *record;
     2dc:	98 e3       	ldi	r25, 0x38	; 56
     2de:	de 01       	movw	r26, r28
     2e0:	11 96       	adiw	r26, 0x01	; 1
     2e2:	01 90       	ld	r0, Z+
     2e4:	0d 92       	st	X+, r0
     2e6:	9a 95       	dec	r25
     2e8:	e1 f7       	brne	.-8      	; 0x2e2 <calibration_save+0x1e>
    copy.magic = CALIBRATION_MAGIC;
     2ea:	88 e3       	ldi	r24, 0x38	; 56
     2ec:	92 e3       	ldi	r25, 0x32	; 50
     2ee:	a4 e4       	ldi	r26, 0x44	; 68
     2f0:	be e4       	ldi	r27, 0x4E	; 78
     2f2:	89 83       	std	Y+1, r24	; 0x01
     2f4:	9a 83       	std	Y+2, r25	; 0x02
     2f6:	ab 83       	std	Y+3, r26	; 0x03
     2f8:	bc 83       	std	Y+4, r27	; 0x04
    copy.version = CALIBRATION_VERSION;
     2fa:	81 e0       	ldi	r24, 0x01	; 1
     2fc:	90 e0       	ldi	r25, 0x00	; 0
     2fe:	9e 83       	std	Y+6, r25	; 0x06
     300:	8d 83       	std	Y+5, r24	; 0x05
    copy.size = sizeof(copy);
     302:	88 e3       	ldi	r24, 0x38	; 56
     304:	90 e0       	ldi	r25, 0x00	; 0
     306:	98 87       	std	Y+8, r25	; 0x08
     308:	8f 83       	std	Y+7, r24	; 0x07
    copy.crc = calibration_crc(&copy);
     30a:	ce 01       	movw	r24, r28
     30c:	01 96       	adiw	r24, 0x01	; 1
     30e:	0e 94 fe 00 	call	0x1fc	; 0x1fc <calibration_crc>
     312:	98 af       	std	Y+56, r25	; 0x38
     314:	8f ab       	std	Y+55, r24	; 0x37

    eeprom_update_block(&copy, &eeprom_calibration, sizeof(copy));
     316:	48 e3       	ldi	r20, 0x38	; 56
     318:	50 e0       	ldi	r21, 0x00	; 0
     31a:	60 e0       	ldi	r22, 0x00	; 0
     31c:	70 e0       	ldi	r23, 0x00	; 0
     31e:	ce 01       	movw	r24, r28
     320:	01 96       	adiw	r24, 0x01	; 1
     322:	0e 94 19 11 	call	0x2232	; 0x2232 <eeprom_update_block>

    calibration_record_t verify;
    eeprom_read_block(&verify, &eeprom_calibration, sizeof(verify));
     326:	48 e3       	ldi	r20, 0x38	; 56
     328:	50 e0       	ldi	r21, 0x00	; 0
     32a:	60 e0       	ldi	r22, 0x00	; 0
     32c:	70 e0       	ldi	r23, 0x00	; 0
     32e:	ce 01       	movw	r24, r28
     330:	c9 96       	adiw	r24, 0x39	; 57
     332:	0e 94 09 11 	call	0x2212	; 0x2212 <eeprom_read_block>

    return (memcmp(&copy, &verify, sizeof(copy)) == 0U);
     336:	48 e3       	ldi	r20, 0x38	; 56
     338:	50 e0       	ldi	r21, 0x00	; 0
     33a:	be 01       	movw	r22, r28
     33c:	67 5c       	subi	r22, 0xC7	; 199
     33e:	7f 4f       	sbci	r23, 0xFF	; 255
     340:	ce 01       	movw	r24, r28
     342:	01 96       	adiw	r24, 0x01	; 1
     344:	0e 94 c2 10 	call	0x2184	; 0x2184 <memcmp>
     348:	21 e0       	ldi	r18, 0x01	; 1
     34a:	89 2b       	or	r24, r25
     34c:	09 f0       	breq	.+2      	; 0x350 <calibration_save+0x8c>
     34e:	20 e0       	ldi	r18, 0x00	; 0
}
     350:	82 2f       	mov	r24, r18
     352:	c0 59       	subi	r28, 0x90	; 144
     354:	df 4f       	sbci	r29, 0xFF	; 255
     356:	0f b6       	in	r0, 0x3f	; 63
     358:	f8 94       	cli
     35a:	de bf       	out	0x3e, r29	; 62
     35c:	0f be       	out	0x3f, r0	; 63
     35e:	cd bf       	out	0x3d, r28	; 61
     360:	df 91       	pop	r29
     362:	cf 91       	pop	r28
     364:	08 95       	ret

00000366 <calibration_factory_reset>:

void calibration_factory_reset(void)
{
     366:	cf 93       	push	r28
     368:	df 93       	push	r29
     36a:	cd b7       	in	r28, 0x3d	; 61
     36c:	de b7       	in	r29, 0x3e	; 62
     36e:	e8 97       	sbiw	r28, 0x38	; 56
     370:	0f b6       	in	r0, 0x3f	; 63
     372:	f8 94       	cli
     374:	de bf       	out	0x3e, r29	; 62
     376:	0f be       	out	0x3f, r0	; 63
     378:	cd bf       	out	0x3d, r28	; 61
    calibration_record_t erased;
    memset(&erased, 0xFF, sizeof(erased));
     37a:	48 e3       	ldi	r20, 0x38	; 56
     37c:	50 e0       	ldi	r21, 0x00	; 0
     37e:	6f ef       	ldi	r22, 0xFF	; 255
     380:	70 e0       	ldi	r23, 0x00	; 0
     382:	ce 01       	movw	r24, r28
     384:	01 96       	adiw	r24, 0x01	; 1
     386:	0e 94 cf 10 	call	0x219e	; 0x219e <memset>
    eeprom_update_block(&erased, &eeprom_calibration, sizeof(erased));
     38a:	48 e3       	ldi	r20, 0x38	; 56
     38c:	50 e0       	ldi	r21, 0x00	; 0
     38e:	60 e0       	ldi	r22, 0x00	; 0
     390:	70 e0       	ldi	r23, 0x00	; 0
     392:	ce 01       	movw	r24, r28
     394:	01 96       	adiw	r24, 0x01	; 1
     396:	0e 94 19 11 	call	0x2232	; 0x2232 <eeprom_update_block>
}
     39a:	e8 96       	adiw	r28, 0x38	; 56
     39c:	0f b6       	in	r0, 0x3f	; 63
     39e:	f8 94       	cli
     3a0:	de bf       	out	0x3e, r29	; 62
     3a2:	0f be       	out	0x3f, r0	; 63
     3a4:	cd bf       	out	0x3d, r28	; 61
     3a6:	df 91       	pop	r29
     3a8:	cf 91       	pop	r28
     3aa:	08 95       	ret

000003ac <calibration_apply>:
    return (int32_t)(scaled / CALIBRATION_GAIN_UNITY_PPM);
}

void calibration_apply(const calibration_record_t *record,
                       tmag5273_measurement_t *measurement)
{
     3ac:	cf 92       	push	r12
     3ae:	df 92       	push	r13
     3b0:	ef 92       	push	r14
     3b2:	ff 92       	push	r15
     3b4:	0f 93       	push	r16
     3b6:	1f 93       	push	r17
     3b8:	cf 93       	push	r28
     3ba:	df 93       	push	r29
     3bc:	6c 01       	movw	r12, r24
     3be:	eb 01       	movw	r28, r22
    measurement->bx_x100 = apply_axis(measurement->bx_x100,
     3c0:	fc 01       	movw	r30, r24
     3c2:	e4 88       	ldd	r14, Z+20	; 0x14
     3c4:	f5 88       	ldd	r15, Z+21	; 0x15
     3c6:	06 89       	ldd	r16, Z+22	; 0x16
     3c8:	17 89       	ldd	r17, Z+23	; 0x17
     3ca:	20 85       	ldd	r18, Z+8	; 0x08
     3cc:	31 85       	ldd	r19, Z+9	; 0x09
     3ce:	42 85       	ldd	r20, Z+10	; 0x0a
     3d0:	53 85       	ldd	r21, Z+11	; 0x0b
     3d2:	6c 81       	ldd	r22, Y+4	; 0x04
     3d4:	7d 81       	ldd	r23, Y+5	; 0x05
     3d6:	8e 81       	ldd	r24, Y+6	; 0x06
     3d8:	9f 81       	ldd	r25, Y+7	; 0x07
     3da:	0e 94 96 00 	call	0x12c	; 0x12c <apply_axis>
     3de:	6c 83       	std	Y+4, r22	; 0x04
     3e0:	7d 83       	std	Y+5, r23	; 0x05
     3e2:	8e 83       	std	Y+6, r24	; 0x06
     3e4:	9f 83       	std	Y+7, r25	; 0x07
                                      record->offset_x_x100,
                                      record->gain_x_ppm);
    measurement->by_x100 = apply_axis(measurement->by_x100,
     3e6:	f6 01       	movw	r30, r12
     3e8:	e0 8c       	ldd	r14, Z+24	; 0x18
     3ea:	f1 8c       	ldd	r15, Z+25	; 0x19
     3ec:	02 8d       	ldd	r16, Z+26	; 0x1a
     3ee:	13 8d       	ldd	r17, Z+27	; 0x1b
     3f0:	24 85       	ldd	r18, Z+12	; 0x0c
     3f2:	35 85       	ldd	r19, Z+13	; 0x0d
     3f4:	46 85       	ldd	r20, Z+14	; 0x0e
     3f6:	57 85       	ldd	r21, Z+15	; 0x0f
     3f8:	68 85       	ldd	r22, Y+8	; 0x08
     3fa:	79 85       	ldd	r23, Y+9	; 0x09
     3fc:	8a 85       	ldd	r24, Y+10	; 0x0a
     3fe:	9b 85       	ldd	r25, Y+11	; 0x0b
     400:	0e 94 96 00 	call	0x12c	; 0x12c <apply_axis>
     404:	68 87       	std	Y+8, r22	; 0x08
     406:	79 87       	std	Y+9, r23	; 0x09
     408:	8a 87       	std	Y+10, r24	; 0x0a
     40a:	9b 87       	std	Y+11, r25	; 0x0b
                                      record->offset_y_x100,
                                      record->gain_y_ppm);
    measurement->bz_x100 = apply_axis(measurement->bz_x100,
     40c:	f6 01       	movw	r30, r12
     40e:	e4 8c       	ldd	r14, Z+28	; 0x1c
     410:	f5 8c       	ldd	r15, Z+29	; 0x1d
     412:	06 8d       	ldd	r16, Z+30	; 0x1e
     414:	17 8d       	ldd	r17, Z+31	; 0x1f
     416:	20 89       	ldd	r18, Z+16	; 0x10
     418:	31 89       	ldd	r19, Z+17	; 0x11
     41a:	42 89       	ldd	r20, Z+18	; 0x12
     41c:	53 89       	ldd	r21, Z+19	; 0x13
     41e:	6c 85       	ldd	r22, Y+12	; 0x0c
     420:	7d 85       	ldd	r23, Y+13	; 0x0d
     422:	8e 85       	ldd	r24, Y+14	; 0x0e
     424:	9f 85       	ldd	r25, Y+15	; 0x0f
     426:	0e 94 96 00 	call	0x12c	; 0x12c <apply_axis>
     42a:	6c 87       	std	Y+12, r22	; 0x0c
     42c:	7d 87       	std	Y+13, r23	; 0x0d
     42e:	8e 87       	std	Y+14, r24	; 0x0e
     430:	9f 87       	std	Y+15, r25	; 0x0f
                                      record->offset_z_x100,
                                      record->gain_z_ppm);
}
     432:	df 91       	pop	r29
     434:	cf 91       	pop	r28
     436:	1f 91       	pop	r17
     438:	0f 91       	pop	r16
     43a:	ff 90       	pop	r15
     43c:	ef 90       	pop	r14
     43e:	df 90       	pop	r13
     440:	cf 90       	pop	r12
     442:	08 95       	ret

00000444 <status_text>:
#include "config.h"
#include "uart0.h"

static const char *status_text(calibration_status_t status)
{
    if (status == CALIBRATION_STATUS_VALID) return "VALID";
     444:	81 30       	cpi	r24, 0x01	; 1
     446:	29 f0       	breq	.+10     	; 0x452 <status_text+0xe>
    if (status == CALIBRATION_STATUS_DIRTY) return "DIRTY";
     448:	82 30       	cpi	r24, 0x02	; 2
     44a:	31 f4       	brne	.+12     	; 0x458 <status_text+0x14>
     44c:	86 e0       	ldi	r24, 0x06	; 6
     44e:	91 e0       	ldi	r25, 0x01	; 1
     450:	08 95       	ret
#include "config.h"
#include "uart0.h"

static const char *status_text(calibration_status_t status)
{
    if (status == CALIBRATION_STATUS_VALID) return "VALID";
     452:	80 e0       	ldi	r24, 0x00	; 0
     454:	91 e0       	ldi	r25, 0x01	; 1
     456:	08 95       	ret
    if (status == CALIBRATION_STATUS_DIRTY) return "DIRTY";
    return "DEFAULT";
     458:	8c e0       	ldi	r24, 0x0C	; 12
     45a:	91 e0       	ldi	r25, 0x01	; 1
}
     45c:	08 95       	ret

0000045e <response_error>:
    uart0_print(command);
    uart0_print("\r\n");
}

static void response_error(const char *reason)
{
     45e:	cf 93       	push	r28
     460:	df 93       	push	r29
     462:	ec 01       	movw	r28, r24
    uart0_print("$ND280RSP,ERROR,REASON=");
     464:	84 e1       	ldi	r24, 0x14	; 20
     466:	91 e0       	ldi	r25, 0x01	; 1
     468:	0e 94 8d 0b 	call	0x171a	; 0x171a <uart0_print>
    uart0_print(reason);
     46c:	ce 01       	movw	r24, r28
     46e:	0e 94 8d 0b 	call	0x171a	; 0x171a <uart0_print>
    uart0_print("\r\n");
     472:	85 e1       	ldi	r24, 0x15	; 21
     474:	94 e0       	ldi	r25, 0x04	; 4
     476:	0e 94 8d 0b 	call	0x171a	; 0x171a <uart0_print>
}
     47a:	df 91       	pop	r29
     47c:	cf 91       	pop	r28
     47e:	08 95       	ret

00000480 <response_ok>:
    if (status == CALIBRATION_STATUS_DIRTY) return "DIRTY";
    return "DEFAULT";
}

static void response_ok(const char *command)
{
     480:	cf 93       	push	r28
     482:	df 93       	push	r29
     484:	ec 01       	movw	r28, r24
    uart0_print("$ND280RSP,OK,CMD=");
     486:	8c e2       	ldi	r24, 0x2C	; 44
     488:	91 e0       	ldi	r25, 0x01	; 1
     48a:	0e 94 8d 0b 	call	0x171a	; 0x171a <uart0_print>
    uart0_print(command);
     48e:	ce 01       	movw	r24, r28
     490:	0e 94 8d 0b 	call	0x171a	; 0x171a <uart0_print>
    uart0_print("\r\n");
     494:	85 e1       	ldi	r24, 0x15	; 21
     496:	94 e0       	ldi	r25, 0x04	; 4
     498:	0e 94 8d 0b 	call	0x171a	; 0x171a <uart0_print>
}
     49c:	df 91       	pop	r29
     49e:	cf 91       	pop	r28
     4a0:	08 95       	ret

000004a2 <parse_u32>:
    *value = (int32_t)parsed;
    return 1U;
}

static uint8_t parse_u32(const char *text, uint32_t *value)
{
     4a2:	ef 92       	push	r14
     4a4:	ff 92       	push	r15
     4a6:	0f 93       	push	r16
     4a8:	1f 93       	push	r17
     4aa:	cf 93       	push	r28
     4ac:	df 93       	push	r29
     4ae:	00 d0       	rcall	.+0      	; 0x4b0 <parse_u32+0xe>
     4b0:	cd b7       	in	r28, 0x3d	; 61
     4b2:	de b7       	in	r29, 0x3e	; 62
     4b4:	8c 01       	movw	r16, r24
     4b6:	7b 01       	movw	r14, r22
    char *end = 0;
     4b8:	1a 82       	std	Y+2, r1	; 0x02
     4ba:	19 82       	std	Y+1, r1	; 0x01
    unsigned long parsed = strtoul(text, &end, 10);
     4bc:	4a e0       	ldi	r20, 0x0A	; 10
     4be:	50 e0       	ldi	r21, 0x00	; 0
     4c0:	be 01       	movw	r22, r28
     4c2:	6f 5f       	subi	r22, 0xFF	; 255
     4c4:	7f 4f       	sbci	r23, 0xFF	; 255
     4c6:	0e 94 bf 0f 	call	0x1f7e	; 0x1f7e <strtoul>
    if (text == end || *end != '\0') return 0U;
     4ca:	e9 81       	ldd	r30, Y+1	; 0x01
     4cc:	fa 81       	ldd	r31, Y+2	; 0x02
     4ce:	0e 17       	cp	r16, r30
     4d0:	1f 07       	cpc	r17, r31
     4d2:	51 f0       	breq	.+20     	; 0x4e8 <parse_u32+0x46>
     4d4:	20 81       	ld	r18, Z
     4d6:	21 11       	cpse	r18, r1
     4d8:	09 c0       	rjmp	.+18     	; 0x4ec <parse_u32+0x4a>
    *value = (uint32_t)parsed;
     4da:	f7 01       	movw	r30, r14
     4dc:	60 83       	st	Z, r22
     4de:	71 83       	std	Z+1, r23	; 0x01
     4e0:	82 83       	std	Z+2, r24	; 0x02
     4e2:	93 83       	std	Z+3, r25	; 0x03
    return 1U;
     4e4:	81 e0       	ldi	r24, 0x01	; 1
     4e6:	03 c0       	rjmp	.+6      	; 0x4ee <parse_u32+0x4c>

static uint8_t parse_u32(const char *text, uint32_t *value)
{
    char *end = 0;
    unsigned long parsed = strtoul(text, &end, 10);
    if (text == end || *end != '\0') return 0U;
     4e8:	80 e0       	ldi	r24, 0x00	; 0
     4ea:	01 c0       	rjmp	.+2      	; 0x4ee <parse_u32+0x4c>
     4ec:	80 e0       	ldi	r24, 0x00	; 0
    *value = (uint32_t)parsed;
    return 1U;
}
     4ee:	0f 90       	pop	r0
     4f0:	0f 90       	pop	r0
     4f2:	df 91       	pop	r29
     4f4:	cf 91       	pop	r28
     4f6:	1f 91       	pop	r17
     4f8:	0f 91       	pop	r16
     4fa:	ff 90       	pop	r15
     4fc:	ef 90       	pop	r14
     4fe:	08 95       	ret

00000500 <get_three_u32>:
           parse_i32(a, va) && parse_i32(b, vb) && parse_i32(c, vc);
}

static uint8_t get_three_u32(char *a, char *b, char *c,
                             uint32_t *va, uint32_t *vb, uint32_t *vc)
{
     500:	cf 92       	push	r12
     502:	df 92       	push	r13
     504:	ef 92       	push	r14
     506:	ff 92       	push	r15
     508:	0f 93       	push	r16
     50a:	1f 93       	push	r17
     50c:	cf 93       	push	r28
     50e:	df 93       	push	r29
    return a && b && c &&
           parse_u32(a, va) && parse_u32(b, vb) && parse_u32(c, vc);
     510:	00 97       	sbiw	r24, 0x00	; 0
     512:	d9 f0       	breq	.+54     	; 0x54a <get_three_u32+0x4a>
}

static uint8_t get_three_u32(char *a, char *b, char *c,
                             uint32_t *va, uint32_t *vb, uint32_t *vc)
{
    return a && b && c &&
     514:	61 15       	cp	r22, r1
     516:	71 05       	cpc	r23, r1
     518:	d1 f0       	breq	.+52     	; 0x54e <get_three_u32+0x4e>
     51a:	41 15       	cp	r20, r1
     51c:	51 05       	cpc	r21, r1
     51e:	c9 f0       	breq	.+50     	; 0x552 <get_three_u32+0x52>
     520:	6a 01       	movw	r12, r20
     522:	eb 01       	movw	r28, r22
           parse_u32(a, va) && parse_u32(b, vb) && parse_u32(c, vc);
     524:	b9 01       	movw	r22, r18
     526:	0e 94 51 02 	call	0x4a2	; 0x4a2 <parse_u32>
}

static uint8_t get_three_u32(char *a, char *b, char *c,
                             uint32_t *va, uint32_t *vb, uint32_t *vc)
{
    return a && b && c &&
     52a:	88 23       	and	r24, r24
     52c:	a1 f0       	breq	.+40     	; 0x556 <get_three_u32+0x56>
           parse_u32(a, va) && parse_u32(b, vb) && parse_u32(c, vc);
     52e:	b8 01       	movw	r22, r16
     530:	ce 01       	movw	r24, r28
     532:	0e 94 51 02 	call	0x4a2	; 0x4a2 <parse_u32>
     536:	88 23       	and	r24, r24
     538:	81 f0       	breq	.+32     	; 0x55a <get_three_u32+0x5a>
     53a:	b7 01       	movw	r22, r14
     53c:	c6 01       	movw	r24, r12
     53e:	0e 94 51 02 	call	0x4a2	; 0x4a2 <parse_u32>
     542:	88 23       	and	r24, r24
     544:	61 f0       	breq	.+24     	; 0x55e <get_three_u32+0x5e>
     546:	81 e0       	ldi	r24, 0x01	; 1
     548:	0b c0       	rjmp	.+22     	; 0x560 <get_three_u32+0x60>
     54a:	80 e0       	ldi	r24, 0x00	; 0
     54c:	09 c0       	rjmp	.+18     	; 0x560 <get_three_u32+0x60>
     54e:	80 e0       	ldi	r24, 0x00	; 0
     550:	07 c0       	rjmp	.+14     	; 0x560 <get_three_u32+0x60>
     552:	80 e0       	ldi	r24, 0x00	; 0
     554:	05 c0       	rjmp	.+10     	; 0x560 <get_three_u32+0x60>
     556:	80 e0       	ldi	r24, 0x00	; 0
     558:	03 c0       	rjmp	.+6      	; 0x560 <get_three_u32+0x60>
     55a:	80 e0       	ldi	r24, 0x00	; 0
     55c:	01 c0       	rjmp	.+2      	; 0x560 <get_three_u32+0x60>
     55e:	80 e0       	ldi	r24, 0x00	; 0
}
     560:	df 91       	pop	r29
     562:	cf 91       	pop	r28
     564:	1f 91       	pop	r17
     566:	0f 91       	pop	r16
     568:	ff 90       	pop	r15
     56a:	ef 90       	pop	r14
     56c:	df 90       	pop	r13
     56e:	cf 90       	pop	r12
     570:	08 95       	ret

00000572 <parse_i32>:
    uart0_print(reason);
    uart0_print("\r\n");
}

static uint8_t parse_i32(const char *text, int32_t *value)
{
     572:	ef 92       	push	r14
     574:	ff 92       	push	r15
     576:	0f 93       	push	r16
     578:	1f 93       	push	r17
     57a:	cf 93       	push	r28
     57c:	df 93       	push	r29
     57e:	00 d0       	rcall	.+0      	; 0x580 <parse_i32+0xe>
     580:	cd b7       	in	r28, 0x3d	; 61
     582:	de b7       	in	r29, 0x3e	; 62
     584:	8c 01       	movw	r16, r24
     586:	7b 01       	movw	r14, r22
    char *end = 0;
     588:	1a 82       	std	Y+2, r1	; 0x02
     58a:	19 82       	std	Y+1, r1	; 0x01
    long parsed = strtol(text, &end, 10);
     58c:	4a e0       	ldi	r20, 0x0A	; 10
     58e:	50 e0       	ldi	r21, 0x00	; 0
     590:	be 01       	movw	r22, r28
     592:	6f 5f       	subi	r22, 0xFF	; 255
     594:	7f 4f       	sbci	r23, 0xFF	; 255
     596:	0e 94 a9 0e 	call	0x1d52	; 0x1d52 <strtol>
    if (text == end || *end != '\0') return 0U;
     59a:	e9 81       	ldd	r30, Y+1	; 0x01
     59c:	fa 81       	ldd	r31, Y+2	; 0x02
     59e:	0e 17       	cp	r16, r30
     5a0:	1f 07       	cpc	r17, r31
     5a2:	51 f0       	breq	.+20     	; 0x5b8 <parse_i32+0x46>
     5a4:	20 81       	ld	r18, Z
     5a6:	21 11       	cpse	r18, r1
     5a8:	09 c0       	rjmp	.+18     	; 0x5bc <parse_i32+0x4a>
    *value = (int32_t)parsed;
     5aa:	f7 01       	movw	r30, r14
     5ac:	60 83       	st	Z, r22
     5ae:	71 83       	std	Z+1, r23	; 0x01
     5b0:	82 83       	std	Z+2, r24	; 0x02
     5b2:	93 83       	std	Z+3, r25	; 0x03
    return 1U;
     5b4:	81 e0       	ldi	r24, 0x01	; 1
     5b6:	03 c0       	rjmp	.+6      	; 0x5be <parse_i32+0x4c>

static uint8_t parse_i32(const char *text, int32_t *value)
{
    char *end = 0;
    long parsed = strtol(text, &end, 10);
    if (text == end || *end != '\0') return 0U;
     5b8:	80 e0       	ldi	r24, 0x00	; 0
     5ba:	01 c0       	rjmp	.+2      	; 0x5be <parse_i32+0x4c>
     5bc:	80 e0       	ldi	r24, 0x00	; 0
    *value = (int32_t)parsed;
    return 1U;
}
     5be:	0f 90       	pop	r0
     5c0:	0f 90       	pop	r0
     5c2:	df 91       	pop	r29
     5c4:	cf 91       	pop	r28
     5c6:	1f 91       	pop	r17
     5c8:	0f 91       	pop	r16
     5ca:	ff 90       	pop	r15
     5cc:	ef 90       	pop	r14
     5ce:	08 95       	ret

000005d0 <get_three_i32>:
    uart0_print("\r\n");
}

static uint8_t get_three_i32(char *a, char *b, char *c,
                             int32_t *va, int32_t *vb, int32_t *vc)
{
     5d0:	cf 92       	push	r12
     5d2:	df 92       	push	r13
     5d4:	ef 92       	push	r14
     5d6:	ff 92       	push	r15
     5d8:	0f 93       	push	r16
     5da:	1f 93       	push	r17
     5dc:	cf 93       	push	r28
     5de:	df 93       	push	r29
    return a && b && c &&
           parse_i32(a, va) && parse_i32(b, vb) && parse_i32(c, vc);
     5e0:	00 97       	sbiw	r24, 0x00	; 0
     5e2:	d9 f0       	breq	.+54     	; 0x61a <get_three_i32+0x4a>
}

static uint8_t get_three_i32(char *a, char *b, char *c,
                             int32_t *va, int32_t *vb, int32_t *vc)
{
    return a && b && c &&
     5e4:	61 15       	cp	r22, r1
     5e6:	71 05       	cpc	r23, r1
     5e8:	d1 f0       	breq	.+52     	; 0x61e <get_three_i32+0x4e>
     5ea:	41 15       	cp	r20, r1
     5ec:	51 05       	cpc	r21, r1
     5ee:	c9 f0       	breq	.+50     	; 0x622 <get_three_i32+0x52>
     5f0:	6a 01       	movw	r12, r20
     5f2:	eb 01       	movw	r28, r22
           parse_i32(a, va) && parse_i32(b, vb) && parse_i32(c, vc);
     5f4:	b9 01       	movw	r22, r18
     5f6:	0e 94 b9 02 	call	0x572	; 0x572 <parse_i32>
}

static uint8_t get_three_i32(char *a, char *b, char *c,
                             int32_t *va, int32_t *vb, int32_t *vc)
{
    return a && b && c &&
     5fa:	88 23       	and	r24, r24
     5fc:	a1 f0       	breq	.+40     	; 0x626 <get_three_i32+0x56>
           parse_i32(a, va) && parse_i32(b, vb) && parse_i32(c, vc);
     5fe:	b8 01       	movw	r22, r16
     600:	ce 01       	movw	r24, r28
     602:	0e 94 b9 02 	call	0x572	; 0x572 <parse_i32>
     606:	88 23       	and	r24, r24
     608:	81 f0       	breq	.+32     	; 0x62a <get_three_i32+0x5a>
     60a:	b7 01       	movw	r22, r14
     60c:	c6 01       	movw	r24, r12
     60e:	0e 94 b9 02 	call	0x572	; 0x572 <parse_i32>
     612:	88 23       	and	r24, r24
     614:	61 f0       	breq	.+24     	; 0x62e <get_three_i32+0x5e>
     616:	81 e0       	ldi	r24, 0x01	; 1
     618:	0b c0       	rjmp	.+22     	; 0x630 <get_three_i32+0x60>
     61a:	80 e0       	ldi	r24, 0x00	; 0
     61c:	09 c0       	rjmp	.+18     	; 0x630 <get_three_i32+0x60>
     61e:	80 e0       	ldi	r24, 0x00	; 0
     620:	07 c0       	rjmp	.+14     	; 0x630 <get_three_i32+0x60>
     622:	80 e0       	ldi	r24, 0x00	; 0
     624:	05 c0       	rjmp	.+10     	; 0x630 <get_three_i32+0x60>
     626:	80 e0       	ldi	r24, 0x00	; 0
     628:	03 c0       	rjmp	.+6      	; 0x630 <get_three_i32+0x60>
     62a:	80 e0       	ldi	r24, 0x00	; 0
     62c:	01 c0       	rjmp	.+2      	; 0x630 <get_three_i32+0x60>
     62e:	80 e0       	ldi	r24, 0x00	; 0
}
     630:	df 91       	pop	r29
     632:	cf 91       	pop	r28
     634:	1f 91       	pop	r17
     636:	0f 91       	pop	r16
     638:	ff 90       	pop	r15
     63a:	ef 90       	pop	r14
     63c:	df 90       	pop	r13
     63e:	cf 90       	pop	r12
     640:	08 95       	ret

00000642 <print_calibration>:
    return 1U;
}

static void print_calibration(const calibration_record_t *cal,
                              calibration_status_t status)
{
     642:	1f 93       	push	r17
     644:	cf 93       	push	r28
     646:	df 93       	push	r29
     648:	ec 01       	movw	r28, r24
     64a:	16 2f       	mov	r17, r22
    uart0_print("$ND280CAL,STATE=");
     64c:	8e e3       	ldi	r24, 0x3E	; 62
     64e:	91 e0       	ldi	r25, 0x01	; 1
     650:	0e 94 8d 0b 	call	0x171a	; 0x171a <uart0_print>
    uart0_print(status_text(status));
     654:	81 2f       	mov	r24, r17
     656:	0e 94 22 02 	call	0x444	; 0x444 <status_text>
     65a:	0e 94 8d 0b 	call	0x171a	; 0x171a <uart0_print>
    uart0_print(",VER=");
     65e:	8b ea       	ldi	r24, 0xAB	; 171
     660:	94 e0       	ldi	r25, 0x04	; 4
     662:	0e 94 8d 0b 	call	0x171a	; 0x171a <uart0_print>
    uart0_print_uint16(cal->version);
     666:	8c 81       	ldd	r24, Y+4	; 0x04
     668:	9d 81       	ldd	r25, Y+5	; 0x05
     66a:	0e 94 af 0b 	call	0x175e	; 0x175e <uart0_print_uint16>
    uart0_print(",COUNT=");
     66e:	8f e4       	ldi	r24, 0x4F	; 79
     670:	91 e0       	ldi	r25, 0x01	; 1
     672:	0e 94 8d 0b 	call	0x171a	; 0x171a <uart0_print>
    uart0_print_uint32(cal->calibration_counter);
     676:	68 a9       	ldd	r22, Y+48	; 0x30
     678:	79 a9       	ldd	r23, Y+49	; 0x31
     67a:	8a a9       	ldd	r24, Y+50	; 0x32
     67c:	9b a9       	ldd	r25, Y+51	; 0x33
     67e:	0e 94 06 0c 	call	0x180c	; 0x180c <uart0_print_uint32>
    uart0_print(",OX=");
     682:	87 e5       	ldi	r24, 0x57	; 87
     684:	91 e0       	ldi	r25, 0x01	; 1
     686:	0e 94 8d 0b 	call	0x171a	; 0x171a <uart0_print>
    uart0_print_int32(cal->offset_x_x100);
     68a:	68 85       	ldd	r22, Y+8	; 0x08
     68c:	79 85       	ldd	r23, Y+9	; 0x09
     68e:	8a 85       	ldd	r24, Y+10	; 0x0a
     690:	9b 85       	ldd	r25, Y+11	; 0x0b
     692:	0e 94 4b 0c 	call	0x1896	; 0x1896 <uart0_print_int32>
    uart0_print(",OY=");
     696:	8c e5       	ldi	r24, 0x5C	; 92
     698:	91 e0       	ldi	r25, 0x01	; 1
     69a:	0e 94 8d 0b 	call	0x171a	; 0x171a <uart0_print>
    uart0_print_int32(cal->offset_y_x100);
     69e:	6c 85       	ldd	r22, Y+12	; 0x0c
     6a0:	7d 85       	ldd	r23, Y+13	; 0x0d
     6a2:	8e 85       	ldd	r24, Y+14	; 0x0e
     6a4:	9f 85       	ldd	r25, Y+15	; 0x0f
     6a6:	0e 94 4b 0c 	call	0x1896	; 0x1896 <uart0_print_int32>
    uart0_print(",OZ=");
     6aa:	81 e6       	ldi	r24, 0x61	; 97
     6ac:	91 e0       	ldi	r25, 0x01	; 1
     6ae:	0e 94 8d 0b 	call	0x171a	; 0x171a <uart0_print>
    uart0_print_int32(cal->offset_z_x100);
     6b2:	68 89       	ldd	r22, Y+16	; 0x10
     6b4:	79 89       	ldd	r23, Y+17	; 0x11
     6b6:	8a 89       	ldd	r24, Y+18	; 0x12
     6b8:	9b 89       	ldd	r25, Y+19	; 0x13
     6ba:	0e 94 4b 0c 	call	0x1896	; 0x1896 <uart0_print_int32>
    uart0_print(",GX=");
     6be:	86 e6       	ldi	r24, 0x66	; 102
     6c0:	91 e0       	ldi	r25, 0x01	; 1
     6c2:	0e 94 8d 0b 	call	0x171a	; 0x171a <uart0_print>
    uart0_print_int32(cal->gain_x_ppm);
     6c6:	6c 89       	ldd	r22, Y+20	; 0x14
     6c8:	7d 89       	ldd	r23, Y+21	; 0x15
     6ca:	8e 89       	ldd	r24, Y+22	; 0x16
     6cc:	9f 89       	ldd	r25, Y+23	; 0x17
     6ce:	0e 94 4b 0c 	call	0x1896	; 0x1896 <uart0_print_int32>
    uart0_print(",GY=");
     6d2:	8b e6       	ldi	r24, 0x6B	; 107
     6d4:	91 e0       	ldi	r25, 0x01	; 1
     6d6:	0e 94 8d 0b 	call	0x171a	; 0x171a <uart0_print>
    uart0_print_int32(cal->gain_y_ppm);
     6da:	68 8d       	ldd	r22, Y+24	; 0x18
     6dc:	79 8d       	ldd	r23, Y+25	; 0x19
     6de:	8a 8d       	ldd	r24, Y+26	; 0x1a
     6e0:	9b 8d       	ldd	r25, Y+27	; 0x1b
     6e2:	0e 94 4b 0c 	call	0x1896	; 0x1896 <uart0_print_int32>
    uart0_print(",GZ=");
     6e6:	80 e7       	ldi	r24, 0x70	; 112
     6e8:	91 e0       	ldi	r25, 0x01	; 1
     6ea:	0e 94 8d 0b 	call	0x171a	; 0x171a <uart0_print>
    uart0_print_int32(cal->gain_z_ppm);
     6ee:	6c 8d       	ldd	r22, Y+28	; 0x1c
     6f0:	7d 8d       	ldd	r23, Y+29	; 0x1d
     6f2:	8e 8d       	ldd	r24, Y+30	; 0x1e
     6f4:	9f 8d       	ldd	r25, Y+31	; 0x1f
     6f6:	0e 94 4b 0c 	call	0x1896	; 0x1896 <uart0_print_int32>
    uart0_print(",NX=");
     6fa:	85 e7       	ldi	r24, 0x75	; 117
     6fc:	91 e0       	ldi	r25, 0x01	; 1
     6fe:	0e 94 8d 0b 	call	0x171a	; 0x171a <uart0_print>
    uart0_print_uint32(cal->noise_sigma_x_x10000);
     702:	68 a1       	ldd	r22, Y+32	; 0x20
     704:	79 a1       	ldd	r23, Y+33	; 0x21
     706:	8a a1       	ldd	r24, Y+34	; 0x22
     708:	9b a1       	ldd	r25, Y+35	; 0x23
     70a:	0e 94 06 0c 	call	0x180c	; 0x180c <uart0_print_uint32>
    uart0_print(",NY=");
     70e:	8a e7       	ldi	r24, 0x7A	; 122
     710:	91 e0       	ldi	r25, 0x01	; 1
     712:	0e 94 8d 0b 	call	0x171a	; 0x171a <uart0_print>
    uart0_print_uint32(cal->noise_sigma_y_x10000);
     716:	6c a1       	ldd	r22, Y+36	; 0x24
     718:	7d a1       	ldd	r23, Y+37	; 0x25
     71a:	8e a1       	ldd	r24, Y+38	; 0x26
     71c:	9f a1       	ldd	r25, Y+39	; 0x27
     71e:	0e 94 06 0c 	call	0x180c	; 0x180c <uart0_print_uint32>
    uart0_print(",NZ=");
     722:	8f e7       	ldi	r24, 0x7F	; 127
     724:	91 e0       	ldi	r25, 0x01	; 1
     726:	0e 94 8d 0b 	call	0x171a	; 0x171a <uart0_print>
    uart0_print_uint32(cal->noise_sigma_z_x10000);
     72a:	68 a5       	ldd	r22, Y+40	; 0x28
     72c:	79 a5       	ldd	r23, Y+41	; 0x29
     72e:	8a a5       	ldd	r24, Y+42	; 0x2a
     730:	9b a5       	ldd	r25, Y+43	; 0x2b
     732:	0e 94 06 0c 	call	0x180c	; 0x180c <uart0_print_uint32>
    uart0_print(",TCAL=");
     736:	84 e8       	ldi	r24, 0x84	; 132
     738:	91 e0       	ldi	r25, 0x01	; 1
     73a:	0e 94 8d 0b 	call	0x171a	; 0x171a <uart0_print>
    uart0_print_int32(cal->calibration_temperature_x100);
     73e:	6c a5       	ldd	r22, Y+44	; 0x2c
     740:	7d a5       	ldd	r23, Y+45	; 0x2d
     742:	8e a5       	ldd	r24, Y+46	; 0x2e
     744:	9f a5       	ldd	r25, Y+47	; 0x2f
     746:	0e 94 4b 0c 	call	0x1896	; 0x1896 <uart0_print_int32>
    uart0_print("\r\n");
     74a:	85 e1       	ldi	r24, 0x15	; 21
     74c:	94 e0       	ldi	r25, 0x04	; 4
     74e:	0e 94 8d 0b 	call	0x171a	; 0x171a <uart0_print>
}
     752:	df 91       	pop	r29
     754:	cf 91       	pop	r28
     756:	1f 91       	pop	r17
     758:	08 95       	ret

0000075a <process_command>:

static void process_command(char *line,
                            calibration_record_t *cal,
                            calibration_status_t *status,
                            uint8_t node_id)
{
     75a:	6f 92       	push	r6
     75c:	7f 92       	push	r7
     75e:	8f 92       	push	r8
     760:	9f 92       	push	r9
     762:	af 92       	push	r10
     764:	bf 92       	push	r11
     766:	cf 92       	push	r12
     768:	df 92       	push	r13
     76a:	ef 92       	push	r14
     76c:	ff 92       	push	r15
     76e:	0f 93       	push	r16
     770:	1f 93       	push	r17
     772:	cf 93       	push	r28
     774:	df 93       	push	r29
     776:	cd b7       	in	r28, 0x3d	; 61
     778:	de b7       	in	r29, 0x3e	; 62
     77a:	2c 97       	sbiw	r28, 0x0c	; 12
     77c:	0f b6       	in	r0, 0x3f	; 63
     77e:	f8 94       	cli
     780:	de bf       	out	0x3e, r29	; 62
     782:	0f be       	out	0x3f, r0	; 63
     784:	cd bf       	out	0x3d, r28	; 61
     786:	6b 01       	movw	r12, r22
     788:	5a 01       	movw	r10, r20
     78a:	f2 2e       	mov	r15, r18
    char *command = strtok(line, " ");
     78c:	6b e8       	ldi	r22, 0x8B	; 139
     78e:	71 e0       	ldi	r23, 0x01	; 1
     790:	0e 94 bd 10 	call	0x217a	; 0x217a <strtok>
     794:	8c 01       	movw	r16, r24
    if (!command) return;
     796:	00 97       	sbiw	r24, 0x00	; 0
     798:	09 f4       	brne	.+2      	; 0x79c <process_command+0x42>
     79a:	ef c1       	rjmp	.+990    	; 0xb7a <__stack+0x27b>

    if (strcmp(command, "HELP") == 0) {
     79c:	6d e8       	ldi	r22, 0x8D	; 141
     79e:	71 e0       	ldi	r23, 0x01	; 1
     7a0:	0e 94 d6 10 	call	0x21ac	; 0x21ac <strcmp>
     7a4:	89 2b       	or	r24, r25
     7a6:	29 f4       	brne	.+10     	; 0x7b2 <process_command+0x58>
        uart0_print("$ND280RSP,COMMANDS=HELP|INFO|CAL READ|CAL OFFSET x y z|CAL GAIN x y z|CAL NOISE x y z|CAL TEMP t|CAL SAVE|CAL RESET\r\n");
     7a8:	82 e9       	ldi	r24, 0x92	; 146
     7aa:	91 e0       	ldi	r25, 0x01	; 1
     7ac:	0e 94 8d 0b 	call	0x171a	; 0x171a <uart0_print>
        return;
     7b0:	e4 c1       	rjmp	.+968    	; 0xb7a <__stack+0x27b>
    }

    if (strcmp(command, "INFO") == 0) {
     7b2:	68 e0       	ldi	r22, 0x08	; 8
     7b4:	72 e0       	ldi	r23, 0x02	; 2
     7b6:	c8 01       	movw	r24, r16
     7b8:	0e 94 d6 10 	call	0x21ac	; 0x21ac <strcmp>
     7bc:	89 2b       	or	r24, r25
     7be:	b9 f5       	brne	.+110    	; 0x82e <__DATA_REGION_LENGTH__+0x2e>
        uart0_print("$ND280INFO,ID=");
     7c0:	8d e0       	ldi	r24, 0x0D	; 13
     7c2:	92 e0       	ldi	r25, 0x02	; 2
     7c4:	0e 94 8d 0b 	call	0x171a	; 0x171a <uart0_print>
        uart0_print_uint16(node_id);
     7c8:	8f 2d       	mov	r24, r15
     7ca:	90 e0       	ldi	r25, 0x00	; 0
     7cc:	0e 94 af 0b 	call	0x175e	; 0x175e <uart0_print_uint16>
        uart0_print(",FW=");
     7d0:	8c e1       	ldi	r24, 0x1C	; 28
     7d2:	92 e0       	ldi	r25, 0x02	; 2
     7d4:	0e 94 8d 0b 	call	0x171a	; 0x171a <uart0_print>
        uart0_print(FIRMWARE_VERSION);
     7d8:	81 e2       	ldi	r24, 0x21	; 33
     7da:	92 e0       	ldi	r25, 0x02	; 2
     7dc:	0e 94 8d 0b 	call	0x171a	; 0x171a <uart0_print>
        uart0_print(",TMAG=");
     7e0:	8e e2       	ldi	r24, 0x2E	; 46
     7e2:	92 e0       	ldi	r25, 0x02	; 2
     7e4:	0e 94 8d 0b 	call	0x171a	; 0x171a <uart0_print>
        uart0_print(TMAG_VARIANT);
     7e8:	85 e3       	ldi	r24, 0x35	; 53
     7ea:	92 e0       	ldi	r25, 0x02	; 2
     7ec:	0e 94 8d 0b 	call	0x171a	; 0x171a <uart0_print>
        uart0_print(",RANGE=");
     7f0:	88 e3       	ldi	r24, 0x38	; 56
     7f2:	92 e0       	ldi	r25, 0x02	; 2
     7f4:	0e 94 8d 0b 	call	0x171a	; 0x171a <uart0_print>
        uart0_print_uint16(TMAG_FULL_SCALE_MT);
     7f8:	8a e0       	ldi	r24, 0x0A	; 10
     7fa:	91 e0       	ldi	r25, 0x01	; 1
     7fc:	0e 94 af 0b 	call	0x175e	; 0x175e <uart0_print_uint16>
        uart0_print(",AVG=");
     800:	80 e4       	ldi	r24, 0x40	; 64
     802:	92 e0       	ldi	r25, 0x02	; 2
     804:	0e 94 8d 0b 	call	0x171a	; 0x171a <uart0_print>
        uart0_print_uint16(AVERAGE_SAMPLES);
     808:	8a e0       	ldi	r24, 0x0A	; 10
     80a:	90 e0       	ldi	r25, 0x00	; 0
     80c:	0e 94 af 0b 	call	0x175e	; 0x175e <uart0_print_uint16>
        uart0_print(",CAL=");
     810:	86 e4       	ldi	r24, 0x46	; 70
     812:	92 e0       	ldi	r25, 0x02	; 2
     814:	0e 94 8d 0b 	call	0x171a	; 0x171a <uart0_print>
        uart0_print(status_text(*status));
     818:	f5 01       	movw	r30, r10
     81a:	80 81       	ld	r24, Z
     81c:	0e 94 22 02 	call	0x444	; 0x444 <status_text>
     820:	0e 94 8d 0b 	call	0x171a	; 0x171a <uart0_print>
        uart0_print("\r\n");
     824:	85 e1       	ldi	r24, 0x15	; 21
     826:	94 e0       	ldi	r25, 0x04	; 4
     828:	0e 94 8d 0b 	call	0x171a	; 0x171a <uart0_print>
        return;
     82c:	a6 c1       	rjmp	.+844    	; 0xb7a <__stack+0x27b>
    }

    if (strcmp(command, "CAL") != 0) {
     82e:	6c e4       	ldi	r22, 0x4C	; 76
     830:	72 e0       	ldi	r23, 0x02	; 2
     832:	c8 01       	movw	r24, r16
     834:	0e 94 d6 10 	call	0x21ac	; 0x21ac <strcmp>
     838:	89 2b       	or	r24, r25
     83a:	29 f0       	breq	.+10     	; 0x846 <__DATA_REGION_LENGTH__+0x46>
        response_error("UNKNOWN_COMMAND");
     83c:	80 e5       	ldi	r24, 0x50	; 80
     83e:	92 e0       	ldi	r25, 0x02	; 2
     840:	0e 94 2f 02 	call	0x45e	; 0x45e <response_error>
        return;
     844:	9a c1       	rjmp	.+820    	; 0xb7a <__stack+0x27b>
    }

    char *subcommand = strtok(0, " ");
     846:	6b e8       	ldi	r22, 0x8B	; 139
     848:	71 e0       	ldi	r23, 0x01	; 1
     84a:	80 e0       	ldi	r24, 0x00	; 0
     84c:	90 e0       	ldi	r25, 0x00	; 0
     84e:	0e 94 bd 10 	call	0x217a	; 0x217a <strtok>
     852:	8c 01       	movw	r16, r24
    if (!subcommand) {
     854:	00 97       	sbiw	r24, 0x00	; 0
     856:	29 f4       	brne	.+10     	; 0x862 <__DATA_REGION_LENGTH__+0x62>
        response_error("MISSING_CAL_SUBCOMMAND");
     858:	80 e6       	ldi	r24, 0x60	; 96
     85a:	92 e0       	ldi	r25, 0x02	; 2
     85c:	0e 94 2f 02 	call	0x45e	; 0x45e <response_error>
        return;
     860:	8c c1       	rjmp	.+792    	; 0xb7a <__stack+0x27b>
    }

    if (strcmp(subcommand, "READ") == 0) {
     862:	6b e4       	ldi	r22, 0x4B	; 75
     864:	73 e0       	ldi	r23, 0x03	; 3
     866:	0e 94 d6 10 	call	0x21ac	; 0x21ac <strcmp>
     86a:	89 2b       	or	r24, r25
     86c:	31 f4       	brne	.+12     	; 0x87a <__DATA_REGION_LENGTH__+0x7a>
        print_calibration(cal, *status);
     86e:	f5 01       	movw	r30, r10
     870:	60 81       	ld	r22, Z
     872:	c6 01       	movw	r24, r12
     874:	0e 94 21 03 	call	0x642	; 0x642 <print_calibration>
        return;
     878:	80 c1       	rjmp	.+768    	; 0xb7a <__stack+0x27b>
    }

    if (strcmp(subcommand, "OFFSET") == 0) {
     87a:	60 e9       	ldi	r22, 0x90	; 144
     87c:	72 e0       	ldi	r23, 0x02	; 2
     87e:	c8 01       	movw	r24, r16
     880:	0e 94 d6 10 	call	0x21ac	; 0x21ac <strcmp>
     884:	89 2b       	or	r24, r25
     886:	09 f0       	breq	.+2      	; 0x88a <__DATA_REGION_LENGTH__+0x8a>
     888:	49 c0       	rjmp	.+146    	; 0x91c <__stack+0x1d>
        int32_t x, y, z;
        if (!get_three_i32(strtok(0, " "), strtok(0, " "), strtok(0, " "), &x, &y, &z)) {
     88a:	6b e8       	ldi	r22, 0x8B	; 139
     88c:	71 e0       	ldi	r23, 0x01	; 1
     88e:	80 e0       	ldi	r24, 0x00	; 0
     890:	90 e0       	ldi	r25, 0x00	; 0
     892:	0e 94 bd 10 	call	0x217a	; 0x217a <strtok>
     896:	3c 01       	movw	r6, r24
     898:	6b e8       	ldi	r22, 0x8B	; 139
     89a:	71 e0       	ldi	r23, 0x01	; 1
     89c:	80 e0       	ldi	r24, 0x00	; 0
     89e:	90 e0       	ldi	r25, 0x00	; 0
     8a0:	0e 94 bd 10 	call	0x217a	; 0x217a <strtok>
     8a4:	4c 01       	movw	r8, r24
     8a6:	6b e8       	ldi	r22, 0x8B	; 139
     8a8:	71 e0       	ldi	r23, 0x01	; 1
     8aa:	80 e0       	ldi	r24, 0x00	; 0
     8ac:	90 e0       	ldi	r25, 0x00	; 0
     8ae:	0e 94 bd 10 	call	0x217a	; 0x217a <strtok>
     8b2:	9e 01       	movw	r18, r28
     8b4:	2f 5f       	subi	r18, 0xFF	; 255
     8b6:	3f 4f       	sbci	r19, 0xFF	; 255
     8b8:	79 01       	movw	r14, r18
     8ba:	8e 01       	movw	r16, r28
     8bc:	0b 5f       	subi	r16, 0xFB	; 251
     8be:	1f 4f       	sbci	r17, 0xFF	; 255
     8c0:	28 5f       	subi	r18, 0xF8	; 248
     8c2:	3f 4f       	sbci	r19, 0xFF	; 255
     8c4:	a3 01       	movw	r20, r6
     8c6:	b4 01       	movw	r22, r8
     8c8:	0e 94 e8 02 	call	0x5d0	; 0x5d0 <get_three_i32>
     8cc:	81 11       	cpse	r24, r1
     8ce:	05 c0       	rjmp	.+10     	; 0x8da <__DATA_REGION_LENGTH__+0xda>
            response_error("BAD_OFFSET_ARGUMENTS");
     8d0:	87 e7       	ldi	r24, 0x77	; 119
     8d2:	92 e0       	ldi	r25, 0x02	; 2
     8d4:	0e 94 2f 02 	call	0x45e	; 0x45e <response_error>
            return;
     8d8:	50 c1       	rjmp	.+672    	; 0xb7a <__stack+0x27b>
        }
        cal->offset_x_x100 = x;
     8da:	89 85       	ldd	r24, Y+9	; 0x09
     8dc:	9a 85       	ldd	r25, Y+10	; 0x0a
     8de:	ab 85       	ldd	r26, Y+11	; 0x0b
     8e0:	bc 85       	ldd	r27, Y+12	; 0x0c
     8e2:	f6 01       	movw	r30, r12
     8e4:	80 87       	std	Z+8, r24	; 0x08
     8e6:	91 87       	std	Z+9, r25	; 0x09
     8e8:	a2 87       	std	Z+10, r26	; 0x0a
     8ea:	b3 87       	std	Z+11, r27	; 0x0b
        cal->offset_y_x100 = y;
     8ec:	8d 81       	ldd	r24, Y+5	; 0x05
     8ee:	9e 81       	ldd	r25, Y+6	; 0x06
     8f0:	af 81       	ldd	r26, Y+7	; 0x07
     8f2:	b8 85       	ldd	r27, Y+8	; 0x08
     8f4:	84 87       	std	Z+12, r24	; 0x0c
     8f6:	95 87       	std	Z+13, r25	; 0x0d
     8f8:	a6 87       	std	Z+14, r26	; 0x0e
     8fa:	b7 87       	std	Z+15, r27	; 0x0f
        cal->offset_z_x100 = z;
     8fc:	89 81       	ldd	r24, Y+1	; 0x01
     8fe:	9a 81       	ldd	r25, Y+2	; 0x02
     900:	ab 81       	ldd	r26, Y+3	; 0x03
     902:	bc 81       	ldd	r27, Y+4	; 0x04
     904:	80 8b       	std	Z+16, r24	; 0x10
     906:	91 8b       	std	Z+17, r25	; 0x11
     908:	a2 8b       	std	Z+18, r26	; 0x12
     90a:	b3 8b       	std	Z+19, r27	; 0x13
        *status = CALIBRATION_STATUS_DIRTY;
     90c:	82 e0       	ldi	r24, 0x02	; 2
     90e:	f5 01       	movw	r30, r10
     910:	80 83       	st	Z, r24
        response_ok("CAL_OFFSET");
     912:	8c e8       	ldi	r24, 0x8C	; 140
     914:	92 e0       	ldi	r25, 0x02	; 2
     916:	0e 94 40 02 	call	0x480	; 0x480 <response_ok>
        return;
     91a:	2f c1       	rjmp	.+606    	; 0xb7a <__stack+0x27b>
    }

    if (strcmp(subcommand, "GAIN") == 0) {
     91c:	6e ea       	ldi	r22, 0xAE	; 174
     91e:	72 e0       	ldi	r23, 0x02	; 2
     920:	c8 01       	movw	r24, r16
     922:	0e 94 d6 10 	call	0x21ac	; 0x21ac <strcmp>
     926:	89 2b       	or	r24, r25
     928:	09 f0       	breq	.+2      	; 0x92c <__stack+0x2d>
     92a:	58 c0       	rjmp	.+176    	; 0x9dc <__stack+0xdd>
        int32_t x, y, z;
        if (!get_three_i32(strtok(0, " "), strtok(0, " "), strtok(0, " "), &x, &y, &z) ||
     92c:	6b e8       	ldi	r22, 0x8B	; 139
     92e:	71 e0       	ldi	r23, 0x01	; 1
     930:	80 e0       	ldi	r24, 0x00	; 0
     932:	90 e0       	ldi	r25, 0x00	; 0
     934:	0e 94 bd 10 	call	0x217a	; 0x217a <strtok>
     938:	3c 01       	movw	r6, r24
     93a:	6b e8       	ldi	r22, 0x8B	; 139
     93c:	71 e0       	ldi	r23, 0x01	; 1
     93e:	80 e0       	ldi	r24, 0x00	; 0
     940:	90 e0       	ldi	r25, 0x00	; 0
     942:	0e 94 bd 10 	call	0x217a	; 0x217a <strtok>
     946:	4c 01       	movw	r8, r24
     948:	6b e8       	ldi	r22, 0x8B	; 139
     94a:	71 e0       	ldi	r23, 0x01	; 1
     94c:	80 e0       	ldi	r24, 0x00	; 0
     94e:	90 e0       	ldi	r25, 0x00	; 0
     950:	0e 94 bd 10 	call	0x217a	; 0x217a <strtok>
     954:	9e 01       	movw	r18, r28
     956:	2f 5f       	subi	r18, 0xFF	; 255
     958:	3f 4f       	sbci	r19, 0xFF	; 255
     95a:	79 01       	movw	r14, r18
     95c:	8e 01       	movw	r16, r28
     95e:	0b 5f       	subi	r16, 0xFB	; 251
     960:	1f 4f       	sbci	r17, 0xFF	; 255
     962:	28 5f       	subi	r18, 0xF8	; 248
     964:	3f 4f       	sbci	r19, 0xFF	; 255
     966:	a3 01       	movw	r20, r6
     968:	b4 01       	movw	r22, r8
     96a:	0e 94 e8 02 	call	0x5d0	; 0x5d0 <get_three_i32>
     96e:	88 23       	and	r24, r24
     970:	d9 f0       	breq	.+54     	; 0x9a8 <__stack+0xa9>
            x <= 0L || y <= 0L || z <= 0L) {
     972:	89 85       	ldd	r24, Y+9	; 0x09
     974:	9a 85       	ldd	r25, Y+10	; 0x0a
     976:	ab 85       	ldd	r26, Y+11	; 0x0b
     978:	bc 85       	ldd	r27, Y+12	; 0x0c
        return;
    }

    if (strcmp(subcommand, "GAIN") == 0) {
        int32_t x, y, z;
        if (!get_three_i32(strtok(0, " "), strtok(0, " "), strtok(0, " "), &x, &y, &z) ||
     97a:	18 16       	cp	r1, r24
     97c:	19 06       	cpc	r1, r25
     97e:	1a 06       	cpc	r1, r26
     980:	1b 06       	cpc	r1, r27
     982:	94 f4       	brge	.+36     	; 0x9a8 <__stack+0xa9>
            x <= 0L || y <= 0L || z <= 0L) {
     984:	4d 81       	ldd	r20, Y+5	; 0x05
     986:	5e 81       	ldd	r21, Y+6	; 0x06
     988:	6f 81       	ldd	r22, Y+7	; 0x07
     98a:	78 85       	ldd	r23, Y+8	; 0x08
     98c:	14 16       	cp	r1, r20
     98e:	15 06       	cpc	r1, r21
     990:	16 06       	cpc	r1, r22
     992:	17 06       	cpc	r1, r23
     994:	4c f4       	brge	.+18     	; 0x9a8 <__stack+0xa9>
     996:	09 81       	ldd	r16, Y+1	; 0x01
     998:	1a 81       	ldd	r17, Y+2	; 0x02
     99a:	2b 81       	ldd	r18, Y+3	; 0x03
     99c:	3c 81       	ldd	r19, Y+4	; 0x04
     99e:	10 16       	cp	r1, r16
     9a0:	11 06       	cpc	r1, r17
     9a2:	12 06       	cpc	r1, r18
     9a4:	13 06       	cpc	r1, r19
     9a6:	2c f0       	brlt	.+10     	; 0x9b2 <__stack+0xb3>
            response_error("BAD_GAIN_ARGUMENTS");
     9a8:	87 e9       	ldi	r24, 0x97	; 151
     9aa:	92 e0       	ldi	r25, 0x02	; 2
     9ac:	0e 94 2f 02 	call	0x45e	; 0x45e <response_error>
            return;
     9b0:	e4 c0       	rjmp	.+456    	; 0xb7a <__stack+0x27b>
        }
        cal->gain_x_ppm = x;
     9b2:	f6 01       	movw	r30, r12
     9b4:	84 8b       	std	Z+20, r24	; 0x14
     9b6:	95 8b       	std	Z+21, r25	; 0x15
     9b8:	a6 8b       	std	Z+22, r26	; 0x16
     9ba:	b7 8b       	std	Z+23, r27	; 0x17
        cal->gain_y_ppm = y;
     9bc:	40 8f       	std	Z+24, r20	; 0x18
     9be:	51 8f       	std	Z+25, r21	; 0x19
     9c0:	62 8f       	std	Z+26, r22	; 0x1a
     9c2:	73 8f       	std	Z+27, r23	; 0x1b
        cal->gain_z_ppm = z;
     9c4:	04 8f       	std	Z+28, r16	; 0x1c
     9c6:	15 8f       	std	Z+29, r17	; 0x1d
     9c8:	26 8f       	std	Z+30, r18	; 0x1e
     9ca:	37 8f       	std	Z+31, r19	; 0x1f
        *status = CALIBRATION_STATUS_DIRTY;
     9cc:	82 e0       	ldi	r24, 0x02	; 2
     9ce:	f5 01       	movw	r30, r10
     9d0:	80 83       	st	Z, r24
        response_ok("CAL_GAIN");
     9d2:	8a ea       	ldi	r24, 0xAA	; 170
     9d4:	92 e0       	ldi	r25, 0x02	; 2
     9d6:	0e 94 40 02 	call	0x480	; 0x480 <response_ok>
        return;
     9da:	cf c0       	rjmp	.+414    	; 0xb7a <__stack+0x27b>
    }

    if (strcmp(subcommand, "NOISE") == 0) {
     9dc:	6b ec       	ldi	r22, 0xCB	; 203
     9de:	72 e0       	ldi	r23, 0x02	; 2
     9e0:	c8 01       	movw	r24, r16
     9e2:	0e 94 d6 10 	call	0x21ac	; 0x21ac <strcmp>
     9e6:	89 2b       	or	r24, r25
     9e8:	09 f0       	breq	.+2      	; 0x9ec <__stack+0xed>
     9ea:	49 c0       	rjmp	.+146    	; 0xa7e <__stack+0x17f>
        uint32_t x, y, z;
        if (!get_three_u32(strtok(0, " "), strtok(0, " "), strtok(0, " "), &x, &y, &z)) {
     9ec:	6b e8       	ldi	r22, 0x8B	; 139
     9ee:	71 e0       	ldi	r23, 0x01	; 1
     9f0:	80 e0       	ldi	r24, 0x00	; 0
     9f2:	90 e0       	ldi	r25, 0x00	; 0
     9f4:	0e 94 bd 10 	call	0x217a	; 0x217a <strtok>
     9f8:	3c 01       	movw	r6, r24
     9fa:	6b e8       	ldi	r22, 0x8B	; 139
     9fc:	71 e0       	ldi	r23, 0x01	; 1
     9fe:	80 e0       	ldi	r24, 0x00	; 0
     a00:	90 e0       	ldi	r25, 0x00	; 0
     a02:	0e 94 bd 10 	call	0x217a	; 0x217a <strtok>
     a06:	4c 01       	movw	r8, r24
     a08:	6b e8       	ldi	r22, 0x8B	; 139
     a0a:	71 e0       	ldi	r23, 0x01	; 1
     a0c:	80 e0       	ldi	r24, 0x00	; 0
     a0e:	90 e0       	ldi	r25, 0x00	; 0
     a10:	0e 94 bd 10 	call	0x217a	; 0x217a <strtok>
     a14:	9e 01       	movw	r18, r28
     a16:	2f 5f       	subi	r18, 0xFF	; 255
     a18:	3f 4f       	sbci	r19, 0xFF	; 255
     a1a:	79 01       	movw	r14, r18
     a1c:	8e 01       	movw	r16, r28
     a1e:	0b 5f       	subi	r16, 0xFB	; 251
     a20:	1f 4f       	sbci	r17, 0xFF	; 255
     a22:	28 5f       	subi	r18, 0xF8	; 248
     a24:	3f 4f       	sbci	r19, 0xFF	; 255
     a26:	a3 01       	movw	r20, r6
     a28:	b4 01       	movw	r22, r8
     a2a:	0e 94 80 02 	call	0x500	; 0x500 <get_three_u32>
     a2e:	81 11       	cpse	r24, r1
     a30:	05 c0       	rjmp	.+10     	; 0xa3c <__stack+0x13d>
            response_error("BAD_NOISE_ARGUMENTS");
     a32:	83 eb       	ldi	r24, 0xB3	; 179
     a34:	92 e0       	ldi	r25, 0x02	; 2
     a36:	0e 94 2f 02 	call	0x45e	; 0x45e <response_error>
            return;
     a3a:	9f c0       	rjmp	.+318    	; 0xb7a <__stack+0x27b>
        }
        cal->noise_sigma_x_x10000 = x;
     a3c:	89 85       	ldd	r24, Y+9	; 0x09
     a3e:	9a 85       	ldd	r25, Y+10	; 0x0a
     a40:	ab 85       	ldd	r26, Y+11	; 0x0b
     a42:	bc 85       	ldd	r27, Y+12	; 0x0c
     a44:	f6 01       	movw	r30, r12
     a46:	80 a3       	std	Z+32, r24	; 0x20
     a48:	91 a3       	std	Z+33, r25	; 0x21
     a4a:	a2 a3       	std	Z+34, r26	; 0x22
     a4c:	b3 a3       	std	Z+35, r27	; 0x23
        cal->noise_sigma_y_x10000 = y;
     a4e:	8d 81       	ldd	r24, Y+5	; 0x05
     a50:	9e 81       	ldd	r25, Y+6	; 0x06
     a52:	af 81       	ldd	r26, Y+7	; 0x07
     a54:	b8 85       	ldd	r27, Y+8	; 0x08
     a56:	84 a3       	std	Z+36, r24	; 0x24
     a58:	95 a3       	std	Z+37, r25	; 0x25
     a5a:	a6 a3       	std	Z+38, r26	; 0x26
     a5c:	b7 a3       	std	Z+39, r27	; 0x27
        cal->noise_sigma_z_x10000 = z;
     a5e:	89 81       	ldd	r24, Y+1	; 0x01
     a60:	9a 81       	ldd	r25, Y+2	; 0x02
     a62:	ab 81       	ldd	r26, Y+3	; 0x03
     a64:	bc 81       	ldd	r27, Y+4	; 0x04
     a66:	80 a7       	std	Z+40, r24	; 0x28
     a68:	91 a7       	std	Z+41, r25	; 0x29
     a6a:	a2 a7       	std	Z+42, r26	; 0x2a
     a6c:	b3 a7       	std	Z+43, r27	; 0x2b
        *status = CALIBRATION_STATUS_DIRTY;
     a6e:	82 e0       	ldi	r24, 0x02	; 2
     a70:	f5 01       	movw	r30, r10
     a72:	80 83       	st	Z, r24
        response_ok("CAL_NOISE");
     a74:	87 ec       	ldi	r24, 0xC7	; 199
     a76:	92 e0       	ldi	r25, 0x02	; 2
     a78:	0e 94 40 02 	call	0x480	; 0x480 <response_ok>
        return;
     a7c:	7e c0       	rjmp	.+252    	; 0xb7a <__stack+0x27b>
    }

    if (strcmp(subcommand, "TEMP") == 0) {
     a7e:	67 ee       	ldi	r22, 0xE7	; 231
     a80:	72 e0       	ldi	r23, 0x02	; 2
     a82:	c8 01       	movw	r24, r16
     a84:	0e 94 d6 10 	call	0x21ac	; 0x21ac <strcmp>
     a88:	89 2b       	or	r24, r25
     a8a:	29 f5       	brne	.+74     	; 0xad6 <__stack+0x1d7>
        int32_t value;
        char *argument = strtok(0, " ");
     a8c:	6b e8       	ldi	r22, 0x8B	; 139
     a8e:	71 e0       	ldi	r23, 0x01	; 1
     a90:	80 e0       	ldi	r24, 0x00	; 0
     a92:	90 e0       	ldi	r25, 0x00	; 0
     a94:	0e 94 bd 10 	call	0x217a	; 0x217a <strtok>
        if (!argument || !parse_i32(argument, &value)) {
     a98:	00 97       	sbiw	r24, 0x00	; 0
     a9a:	39 f0       	breq	.+14     	; 0xaaa <__stack+0x1ab>
     a9c:	be 01       	movw	r22, r28
     a9e:	6f 5f       	subi	r22, 0xFF	; 255
     aa0:	7f 4f       	sbci	r23, 0xFF	; 255
     aa2:	0e 94 b9 02 	call	0x572	; 0x572 <parse_i32>
     aa6:	81 11       	cpse	r24, r1
     aa8:	05 c0       	rjmp	.+10     	; 0xab4 <__stack+0x1b5>
            response_error("BAD_TEMP_ARGUMENT");
     aaa:	81 ed       	ldi	r24, 0xD1	; 209
     aac:	92 e0       	ldi	r25, 0x02	; 2
     aae:	0e 94 2f 02 	call	0x45e	; 0x45e <response_error>
            return;
     ab2:	63 c0       	rjmp	.+198    	; 0xb7a <__stack+0x27b>
        }
        cal->calibration_temperature_x100 = value;
     ab4:	89 81       	ldd	r24, Y+1	; 0x01
     ab6:	9a 81       	ldd	r25, Y+2	; 0x02
     ab8:	ab 81       	ldd	r26, Y+3	; 0x03
     aba:	bc 81       	ldd	r27, Y+4	; 0x04
     abc:	f6 01       	movw	r30, r12
     abe:	84 a7       	std	Z+44, r24	; 0x2c
     ac0:	95 a7       	std	Z+45, r25	; 0x2d
     ac2:	a6 a7       	std	Z+46, r26	; 0x2e
     ac4:	b7 a7       	std	Z+47, r27	; 0x2f
        *status = CALIBRATION_STATUS_DIRTY;
     ac6:	82 e0       	ldi	r24, 0x02	; 2
     ac8:	f5 01       	movw	r30, r10
     aca:	80 83       	st	Z, r24
        response_ok("CAL_TEMP");
     acc:	83 ee       	ldi	r24, 0xE3	; 227
     ace:	92 e0       	ldi	r25, 0x02	; 2
     ad0:	0e 94 40 02 	call	0x480	; 0x480 <response_ok>
        return;
     ad4:	52 c0       	rjmp	.+164    	; 0xb7a <__stack+0x27b>
    }

    if (strcmp(subcommand, "SAVE") == 0) {
     ad6:	60 ef       	ldi	r22, 0xF0	; 240
     ad8:	72 e0       	ldi	r23, 0x02	; 2
     ada:	c8 01       	movw	r24, r16
     adc:	0e 94 d6 10 	call	0x21ac	; 0x21ac <strcmp>
     ae0:	89 2b       	or	r24, r25
     ae2:	79 f5       	brne	.+94     	; 0xb42 <__stack+0x243>
        cal->calibration_counter++;
     ae4:	f6 01       	movw	r30, r12
     ae6:	80 a9       	ldd	r24, Z+48	; 0x30
     ae8:	91 a9       	ldd	r25, Z+49	; 0x31
     aea:	a2 a9       	ldd	r26, Z+50	; 0x32
     aec:	b3 a9       	ldd	r27, Z+51	; 0x33
     aee:	01 96       	adiw	r24, 0x01	; 1
     af0:	a1 1d       	adc	r26, r1
     af2:	b1 1d       	adc	r27, r1
     af4:	80 ab       	std	Z+48, r24	; 0x30
     af6:	91 ab       	std	Z+49, r25	; 0x31
     af8:	a2 ab       	std	Z+50, r26	; 0x32
     afa:	b3 ab       	std	Z+51, r27	; 0x33
        if (calibration_save(cal)) {
     afc:	c6 01       	movw	r24, r12
     afe:	0e 94 62 01 	call	0x2c4	; 0x2c4 <calibration_save>
     b02:	88 23       	and	r24, r24
     b04:	69 f0       	breq	.+26     	; 0xb20 <__stack+0x221>
            *status = CALIBRATION_STATUS_VALID;
     b06:	81 e0       	ldi	r24, 0x01	; 1
     b08:	f5 01       	movw	r30, r10
     b0a:	80 83       	st	Z, r24
            response_ok("CAL_SAVE");
     b0c:	8c ee       	ldi	r24, 0xEC	; 236
     b0e:	92 e0       	ldi	r25, 0x02	; 2
     b10:	0e 94 40 02 	call	0x480	; 0x480 <response_ok>
            print_calibration(cal, *status);
     b14:	f5 01       	movw	r30, r10
     b16:	60 81       	ld	r22, Z
     b18:	c6 01       	movw	r24, r12
     b1a:	0e 94 21 03 	call	0x642	; 0x642 <print_calibration>
     b1e:	2d c0       	rjmp	.+90     	; 0xb7a <__stack+0x27b>
        } else {
            cal->calibration_counter--;
     b20:	f6 01       	movw	r30, r12
     b22:	80 a9       	ldd	r24, Z+48	; 0x30
     b24:	91 a9       	ldd	r25, Z+49	; 0x31
     b26:	a2 a9       	ldd	r26, Z+50	; 0x32
     b28:	b3 a9       	ldd	r27, Z+51	; 0x33
     b2a:	01 97       	sbiw	r24, 0x01	; 1
     b2c:	a1 09       	sbc	r26, r1
     b2e:	b1 09       	sbc	r27, r1
     b30:	80 ab       	std	Z+48, r24	; 0x30
     b32:	91 ab       	std	Z+49, r25	; 0x31
     b34:	a2 ab       	std	Z+50, r26	; 0x32
     b36:	b3 ab       	std	Z+51, r27	; 0x33
            response_error("EEPROM_VERIFY_FAILED");
     b38:	85 ef       	ldi	r24, 0xF5	; 245
     b3a:	92 e0       	ldi	r25, 0x02	; 2
     b3c:	0e 94 2f 02 	call	0x45e	; 0x45e <response_error>
     b40:	1c c0       	rjmp	.+56     	; 0xb7a <__stack+0x27b>
        }
        return;
    }

    if (strcmp(subcommand, "RESET") == 0) {
     b42:	6e e0       	ldi	r22, 0x0E	; 14
     b44:	73 e0       	ldi	r23, 0x03	; 3
     b46:	c8 01       	movw	r24, r16
     b48:	0e 94 d6 10 	call	0x21ac	; 0x21ac <strcmp>
     b4c:	89 2b       	or	r24, r25
     b4e:	89 f4       	brne	.+34     	; 0xb72 <__stack+0x273>
        calibration_factory_reset();
     b50:	0e 94 b3 01 	call	0x366	; 0x366 <calibration_factory_reset>
        calibration_make_defaults(cal);
     b54:	c6 01       	movw	r24, r12
     b56:	0e 94 03 01 	call	0x206	; 0x206 <calibration_make_defaults>
        *status = CALIBRATION_STATUS_DEFAULT;
     b5a:	f5 01       	movw	r30, r10
     b5c:	10 82       	st	Z, r1
        response_ok("CAL_RESET");
     b5e:	8a e0       	ldi	r24, 0x0A	; 10
     b60:	93 e0       	ldi	r25, 0x03	; 3
     b62:	0e 94 40 02 	call	0x480	; 0x480 <response_ok>
        print_calibration(cal, *status);
     b66:	f5 01       	movw	r30, r10
     b68:	60 81       	ld	r22, Z
     b6a:	c6 01       	movw	r24, r12
     b6c:	0e 94 21 03 	call	0x642	; 0x642 <print_calibration>
        return;
     b70:	04 c0       	rjmp	.+8      	; 0xb7a <__stack+0x27b>
    }

    response_error("UNKNOWN_CAL_SUBCOMMAND");
     b72:	84 e1       	ldi	r24, 0x14	; 20
     b74:	93 e0       	ldi	r25, 0x03	; 3
     b76:	0e 94 2f 02 	call	0x45e	; 0x45e <response_error>
}
     b7a:	2c 96       	adiw	r28, 0x0c	; 12
     b7c:	0f b6       	in	r0, 0x3f	; 63
     b7e:	f8 94       	cli
     b80:	de bf       	out	0x3e, r29	; 62
     b82:	0f be       	out	0x3f, r0	; 63
     b84:	cd bf       	out	0x3d, r28	; 61
     b86:	df 91       	pop	r29
     b88:	cf 91       	pop	r28
     b8a:	1f 91       	pop	r17
     b8c:	0f 91       	pop	r16
     b8e:	ff 90       	pop	r15
     b90:	ef 90       	pop	r14
     b92:	df 90       	pop	r13
     b94:	cf 90       	pop	r12
     b96:	bf 90       	pop	r11
     b98:	af 90       	pop	r10
     b9a:	9f 90       	pop	r9
     b9c:	8f 90       	pop	r8
     b9e:	7f 90       	pop	r7
     ba0:	6f 90       	pop	r6
     ba2:	08 95       	ret

00000ba4 <commands_process_pending>:

void commands_process_pending(calibration_record_t *calibration,
                              calibration_status_t *status,
                              uint8_t node_id)
{
     ba4:	df 92       	push	r13
     ba6:	ef 92       	push	r14
     ba8:	ff 92       	push	r15
     baa:	0f 93       	push	r16
     bac:	1f 93       	push	r17
     bae:	cf 93       	push	r28
     bb0:	df 93       	push	r29
     bb2:	cd b7       	in	r28, 0x3d	; 61
     bb4:	de b7       	in	r29, 0x3e	; 62
     bb6:	c0 56       	subi	r28, 0x60	; 96
     bb8:	d1 09       	sbc	r29, r1
     bba:	0f b6       	in	r0, 0x3f	; 63
     bbc:	f8 94       	cli
     bbe:	de bf       	out	0x3e, r29	; 62
     bc0:	0f be       	out	0x3f, r0	; 63
     bc2:	cd bf       	out	0x3d, r28	; 61
     bc4:	8c 01       	movw	r16, r24
     bc6:	7b 01       	movw	r14, r22
     bc8:	d4 2e       	mov	r13, r20
    char line[UART0_COMMAND_MAX_LENGTH];

    if (uart0_rx_overflowed()) {
     bca:	0e 94 0c 0d 	call	0x1a18	; 0x1a18 <uart0_rx_overflowed>
     bce:	88 23       	and	r24, r24
     bd0:	71 f0       	breq	.+28     	; 0xbee <commands_process_pending+0x4a>
        uart0_clear_rx_overflow();
     bd2:	0e 94 0f 0d 	call	0x1a1e	; 0x1a1e <uart0_clear_rx_overflow>
        response_error("UART_RX_OVERFLOW");
     bd6:	8b e2       	ldi	r24, 0x2B	; 43
     bd8:	93 e0       	ldi	r25, 0x03	; 3
     bda:	0e 94 2f 02 	call	0x45e	; 0x45e <response_error>
     bde:	07 c0       	rjmp	.+14     	; 0xbee <commands_process_pending+0x4a>
    }

    while (uart0_readline(line, sizeof(line))) {
        process_command(line, calibration, status, node_id);
     be0:	2d 2d       	mov	r18, r13
     be2:	a7 01       	movw	r20, r14
     be4:	b8 01       	movw	r22, r16
     be6:	ce 01       	movw	r24, r28
     be8:	01 96       	adiw	r24, 0x01	; 1
     bea:	0e 94 ad 03 	call	0x75a	; 0x75a <process_command>
    if (uart0_rx_overflowed()) {
        uart0_clear_rx_overflow();
        response_error("UART_RX_OVERFLOW");
    }

    while (uart0_readline(line, sizeof(line))) {
     bee:	60 e6       	ldi	r22, 0x60	; 96
     bf0:	ce 01       	movw	r24, r28
     bf2:	01 96       	adiw	r24, 0x01	; 1
     bf4:	0e 94 a8 0c 	call	0x1950	; 0x1950 <uart0_readline>
     bf8:	81 11       	cpse	r24, r1
     bfa:	f2 cf       	rjmp	.-28     	; 0xbe0 <commands_process_pending+0x3c>
        process_command(line, calibration, status, node_id);
    }
}
     bfc:	c0 5a       	subi	r28, 0xA0	; 160
     bfe:	df 4f       	sbci	r29, 0xFF	; 255
     c00:	0f b6       	in	r0, 0x3f	; 63
     c02:	f8 94       	cli
     c04:	de bf       	out	0x3e, r29	; 62
     c06:	0f be       	out	0x3f, r0	; 63
     c08:	cd bf       	out	0x3d, r28	; 61
     c0a:	df 91       	pop	r29
     c0c:	cf 91       	pop	r28
     c0e:	1f 91       	pop	r17
     c10:	0f 91       	pop	r16
     c12:	ff 90       	pop	r15
     c14:	ef 90       	pop	r14
     c16:	df 90       	pop	r13
     c18:	08 95       	ret

00000c1a <crc16_ccitt>:
#include "crc16.h"

uint16_t crc16_ccitt(const void *data, size_t length)
{
     c1a:	dc 01       	movw	r26, r24
    const uint8_t *bytes = (const uint8_t *)data;
    uint16_t crc = 0xFFFFU;

    for (size_t i = 0; i < length; i++) {
     c1c:	40 e0       	ldi	r20, 0x00	; 0
     c1e:	50 e0       	ldi	r21, 0x00	; 0
#include "crc16.h"

uint16_t crc16_ccitt(const void *data, size_t length)
{
    const uint8_t *bytes = (const uint8_t *)data;
    uint16_t crc = 0xFFFFU;
     c20:	8f ef       	ldi	r24, 0xFF	; 255
     c22:	9f ef       	ldi	r25, 0xFF	; 255

    for (size_t i = 0; i < length; i++) {
     c24:	1b c0       	rjmp	.+54     	; 0xc5c <crc16_ccitt+0x42>
        crc ^= (uint16_t)bytes[i] << 8;
     c26:	fd 01       	movw	r30, r26
     c28:	e4 0f       	add	r30, r20
     c2a:	f5 1f       	adc	r31, r21
     c2c:	20 81       	ld	r18, Z
     c2e:	30 e0       	ldi	r19, 0x00	; 0
     c30:	32 2f       	mov	r19, r18
     c32:	22 27       	eor	r18, r18
     c34:	82 27       	eor	r24, r18
     c36:	93 27       	eor	r25, r19
        for (uint8_t bit = 0; bit < 8U; bit++) {
     c38:	20 e0       	ldi	r18, 0x00	; 0
     c3a:	0c c0       	rjmp	.+24     	; 0xc54 <crc16_ccitt+0x3a>
            if (crc & 0x8000U) {
     c3c:	99 23       	and	r25, r25
     c3e:	3c f4       	brge	.+14     	; 0xc4e <crc16_ccitt+0x34>
                crc = (uint16_t)((crc << 1) ^ 0x1021U);
     c40:	88 0f       	add	r24, r24
     c42:	99 1f       	adc	r25, r25
     c44:	31 e2       	ldi	r19, 0x21	; 33
     c46:	83 27       	eor	r24, r19
     c48:	30 e1       	ldi	r19, 0x10	; 16
     c4a:	93 27       	eor	r25, r19
     c4c:	02 c0       	rjmp	.+4      	; 0xc52 <crc16_ccitt+0x38>
            } else {
                crc <<= 1;
     c4e:	88 0f       	add	r24, r24
     c50:	99 1f       	adc	r25, r25
    const uint8_t *bytes = (const uint8_t *)data;
    uint16_t crc = 0xFFFFU;

    for (size_t i = 0; i < length; i++) {
        crc ^= (uint16_t)bytes[i] << 8;
        for (uint8_t bit = 0; bit < 8U; bit++) {
     c52:	2f 5f       	subi	r18, 0xFF	; 255
     c54:	28 30       	cpi	r18, 0x08	; 8
     c56:	90 f3       	brcs	.-28     	; 0xc3c <crc16_ccitt+0x22>
uint16_t crc16_ccitt(const void *data, size_t length)
{
    const uint8_t *bytes = (const uint8_t *)data;
    uint16_t crc = 0xFFFFU;

    for (size_t i = 0; i < length; i++) {
     c58:	4f 5f       	subi	r20, 0xFF	; 255
     c5a:	5f 4f       	sbci	r21, 0xFF	; 255
     c5c:	46 17       	cp	r20, r22
     c5e:	57 07       	cpc	r21, r23
     c60:	10 f3       	brcs	.-60     	; 0xc26 <crc16_ccitt+0xc>
            }
        }
    }

    return crc;
}
     c62:	08 95       	ret

00000c64 <main>:
#include "node_app.h"

int main(void)
{
    node_app_init();
     c64:	0e 94 3f 07 	call	0xe7e	; 0xe7e <node_app_init>

    while (1) {
        node_app_process();
     c68:	0e 94 80 07 	call	0xf00	; 0xf00 <node_app_process>
     c6c:	fd cf       	rjmp	.-6      	; 0xc68 <main+0x4>

00000c6e <measurement_service_acquire_average>:

uint8_t measurement_service_acquire_average(
    const calibration_record_t *calibration,
    measurement_result_t *result,
    void (*background_process)(void))
{
     c6e:	2f 92       	push	r2
     c70:	3f 92       	push	r3
     c72:	4f 92       	push	r4
     c74:	5f 92       	push	r5
     c76:	6f 92       	push	r6
     c78:	7f 92       	push	r7
     c7a:	8f 92       	push	r8
     c7c:	9f 92       	push	r9
     c7e:	af 92       	push	r10
     c80:	bf 92       	push	r11
     c82:	cf 92       	push	r12
     c84:	df 92       	push	r13
     c86:	ef 92       	push	r14
     c88:	ff 92       	push	r15
     c8a:	0f 93       	push	r16
     c8c:	1f 93       	push	r17
     c8e:	cf 93       	push	r28
     c90:	df 93       	push	r29
     c92:	cd b7       	in	r28, 0x3d	; 61
     c94:	de b7       	in	r29, 0x3e	; 62
     c96:	6a 97       	sbiw	r28, 0x1a	; 26
     c98:	0f b6       	in	r0, 0x3f	; 63
     c9a:	f8 94       	cli
     c9c:	de bf       	out	0x3e, r29	; 62
     c9e:	0f be       	out	0x3f, r0	; 63
     ca0:	cd bf       	out	0x3d, r28	; 61
    int32_t sum_by = 0;
    int32_t sum_bz = 0;
    uint8_t last_status = 0;
    uint8_t valid = 0;

    if (calibration == 0 || result == 0) return 0U;
     ca2:	00 97       	sbiw	r24, 0x00	; 0
     ca4:	09 f4       	brne	.+2      	; 0xca8 <measurement_service_acquire_average+0x3a>
     ca6:	b6 c0       	rjmp	.+364    	; 0xe14 <measurement_service_acquire_average+0x1a6>
     ca8:	61 15       	cp	r22, r1
     caa:	71 05       	cpc	r23, r1
     cac:	09 f4       	brne	.+2      	; 0xcb0 <measurement_service_acquire_average+0x42>
     cae:	b4 c0       	rjmp	.+360    	; 0xe18 <measurement_service_acquire_average+0x1aa>
     cb0:	1a 01       	movw	r2, r20
     cb2:	78 8b       	std	Y+16, r23	; 0x10
     cb4:	6f 87       	std	Y+15, r22	; 0x0f
     cb6:	9e 8b       	std	Y+22, r25	; 0x16
     cb8:	8d 8b       	std	Y+21, r24	; 0x15
     cba:	10 e0       	ldi	r17, 0x00	; 0
     cbc:	00 e0       	ldi	r16, 0x00	; 0
     cbe:	1e 86       	std	Y+14, r1	; 0x0e
     cc0:	41 2c       	mov	r4, r1
     cc2:	51 2c       	mov	r5, r1
     cc4:	32 01       	movw	r6, r4
     cc6:	1a 86       	std	Y+10, r1	; 0x0a
     cc8:	1b 86       	std	Y+11, r1	; 0x0b
     cca:	1c 86       	std	Y+12, r1	; 0x0c
     ccc:	1d 86       	std	Y+13, r1	; 0x0d
     cce:	81 2c       	mov	r8, r1
     cd0:	91 2c       	mov	r9, r1
     cd2:	54 01       	movw	r10, r8
     cd4:	c1 2c       	mov	r12, r1
     cd6:	d1 2c       	mov	r13, r1
     cd8:	76 01       	movw	r14, r12
     cda:	45 c0       	rjmp	.+138    	; 0xd66 <measurement_service_acquire_average+0xf8>

    for (uint8_t index = 0; index < AVERAGE_SAMPLES; index++) {
        tmag5273_raw_sample_t sample;

        if (tmag5273_read_raw(&sample)) {
     cdc:	ce 01       	movw	r24, r28
     cde:	01 96       	adiw	r24, 0x01	; 1
     ce0:	0e 94 11 08 	call	0x1022	; 0x1022 <tmag5273_read_raw>
     ce4:	88 23       	and	r24, r24
     ce6:	99 f1       	breq	.+102    	; 0xd4e <measurement_service_acquire_average+0xe0>
            sum_temperature += sample.temperature_raw;
     ce8:	89 81       	ldd	r24, Y+1	; 0x01
     cea:	9a 81       	ldd	r25, Y+2	; 0x02
     cec:	09 2e       	mov	r0, r25
     cee:	00 0c       	add	r0, r0
     cf0:	aa 0b       	sbc	r26, r26
     cf2:	bb 0b       	sbc	r27, r27
     cf4:	c8 0e       	add	r12, r24
     cf6:	d9 1e       	adc	r13, r25
     cf8:	ea 1e       	adc	r14, r26
     cfa:	fb 1e       	adc	r15, r27
            sum_bx += sample.bx_raw;
     cfc:	8b 81       	ldd	r24, Y+3	; 0x03
     cfe:	9c 81       	ldd	r25, Y+4	; 0x04
     d00:	09 2e       	mov	r0, r25
     d02:	00 0c       	add	r0, r0
     d04:	aa 0b       	sbc	r26, r26
     d06:	bb 0b       	sbc	r27, r27
     d08:	88 0e       	add	r8, r24
     d0a:	99 1e       	adc	r9, r25
     d0c:	aa 1e       	adc	r10, r26
     d0e:	bb 1e       	adc	r11, r27
            sum_by += sample.by_raw;
     d10:	8d 81       	ldd	r24, Y+5	; 0x05
     d12:	9e 81       	ldd	r25, Y+6	; 0x06
     d14:	09 2e       	mov	r0, r25
     d16:	00 0c       	add	r0, r0
     d18:	aa 0b       	sbc	r26, r26
     d1a:	bb 0b       	sbc	r27, r27
     d1c:	2a 85       	ldd	r18, Y+10	; 0x0a
     d1e:	3b 85       	ldd	r19, Y+11	; 0x0b
     d20:	4c 85       	ldd	r20, Y+12	; 0x0c
     d22:	5d 85       	ldd	r21, Y+13	; 0x0d
     d24:	28 0f       	add	r18, r24
     d26:	39 1f       	adc	r19, r25
     d28:	4a 1f       	adc	r20, r26
     d2a:	5b 1f       	adc	r21, r27
     d2c:	2a 87       	std	Y+10, r18	; 0x0a
     d2e:	3b 87       	std	Y+11, r19	; 0x0b
     d30:	4c 87       	std	Y+12, r20	; 0x0c
     d32:	5d 87       	std	Y+13, r21	; 0x0d
            sum_bz += sample.bz_raw;
     d34:	8f 81       	ldd	r24, Y+7	; 0x07
     d36:	98 85       	ldd	r25, Y+8	; 0x08
     d38:	09 2e       	mov	r0, r25
     d3a:	00 0c       	add	r0, r0
     d3c:	aa 0b       	sbc	r26, r26
     d3e:	bb 0b       	sbc	r27, r27
     d40:	48 0e       	add	r4, r24
     d42:	59 1e       	adc	r5, r25
     d44:	6a 1e       	adc	r6, r26
     d46:	7b 1e       	adc	r7, r27
            last_status = sample.status;
     d48:	39 85       	ldd	r19, Y+9	; 0x09
     d4a:	3e 87       	std	Y+14, r19	; 0x0e
            valid++;
     d4c:	0f 5f       	subi	r16, 0xFF	; 255
        }

        if (background_process != 0) background_process();
     d4e:	21 14       	cp	r2, r1
     d50:	31 04       	cpc	r3, r1
     d52:	11 f0       	breq	.+4      	; 0xd58 <measurement_service_acquire_average+0xea>
     d54:	f1 01       	movw	r30, r2
     d56:	09 95       	icall
	#else
		//round up by default
		__ticks_dc = (uint32_t)(ceil(fabs(__tmp)));
	#endif

	__builtin_avr_delay_cycles(__ticks_dc);
     d58:	87 ea       	ldi	r24, 0xA7	; 167
     d5a:	91 e6       	ldi	r25, 0x61	; 97
     d5c:	01 97       	sbiw	r24, 0x01	; 1
     d5e:	f1 f7       	brne	.-4      	; 0xd5c <measurement_service_acquire_average+0xee>
     d60:	00 c0       	rjmp	.+0      	; 0xd62 <measurement_service_acquire_average+0xf4>
     d62:	00 00       	nop
    uint8_t last_status = 0;
    uint8_t valid = 0;

    if (calibration == 0 || result == 0) return 0U;

    for (uint8_t index = 0; index < AVERAGE_SAMPLES; index++) {
     d64:	1f 5f       	subi	r17, 0xFF	; 255
     d66:	1a 30       	cpi	r17, 0x0A	; 10
     d68:	08 f4       	brcc	.+2      	; 0xd6c <measurement_service_acquire_average+0xfe>
     d6a:	b8 cf       	rjmp	.-144    	; 0xcdc <measurement_service_acquire_average+0x6e>

        if (background_process != 0) background_process();
        _delay_ms(SAMPLE_INTERVAL_MS);
    }

    result->valid_samples = valid;
     d6c:	af 85       	ldd	r26, Y+15	; 0x0f
     d6e:	b8 89       	ldd	r27, Y+16	; 0x10
     d70:	51 96       	adiw	r26, 0x11	; 17
     d72:	0c 93       	st	X, r16
    if (valid == 0U) return 0U;
     d74:	00 23       	and	r16, r16
     d76:	09 f4       	brne	.+2      	; 0xd7a <measurement_service_acquire_average+0x10c>
     d78:	51 c0       	rjmp	.+162    	; 0xe1c <measurement_service_acquire_average+0x1ae>

    tmag5273_convert_averaged_raw(sum_temperature / valid,
     d7a:	20 2f       	mov	r18, r16
     d7c:	30 e0       	ldi	r19, 0x00	; 0
     d7e:	40 e0       	ldi	r20, 0x00	; 0
     d80:	50 e0       	ldi	r21, 0x00	; 0
     d82:	29 8b       	std	Y+17, r18	; 0x11
     d84:	3a 8b       	std	Y+18, r19	; 0x12
     d86:	4b 8b       	std	Y+19, r20	; 0x13
     d88:	5c 8b       	std	Y+20, r21	; 0x14
     d8a:	c3 01       	movw	r24, r6
     d8c:	b2 01       	movw	r22, r4
     d8e:	0e 94 34 0d 	call	0x1a68	; 0x1a68 <__divmodsi4>
     d92:	2f 8b       	std	Y+23, r18	; 0x17
     d94:	38 8f       	std	Y+24, r19	; 0x18
     d96:	49 8f       	std	Y+25, r20	; 0x19
     d98:	5a 8f       	std	Y+26, r21	; 0x1a
     d9a:	6a 85       	ldd	r22, Y+10	; 0x0a
     d9c:	7b 85       	ldd	r23, Y+11	; 0x0b
     d9e:	8c 85       	ldd	r24, Y+12	; 0x0c
     da0:	9d 85       	ldd	r25, Y+13	; 0x0d
     da2:	29 89       	ldd	r18, Y+17	; 0x11
     da4:	3a 89       	ldd	r19, Y+18	; 0x12
     da6:	4b 89       	ldd	r20, Y+19	; 0x13
     da8:	5c 89       	ldd	r21, Y+20	; 0x14
     daa:	0e 94 34 0d 	call	0x1a68	; 0x1a68 <__divmodsi4>
     dae:	2a 87       	std	Y+10, r18	; 0x0a
     db0:	3b 87       	std	Y+11, r19	; 0x0b
     db2:	4c 87       	std	Y+12, r20	; 0x0c
     db4:	5d 87       	std	Y+13, r21	; 0x0d
     db6:	c5 01       	movw	r24, r10
     db8:	b4 01       	movw	r22, r8
     dba:	29 89       	ldd	r18, Y+17	; 0x11
     dbc:	3a 89       	ldd	r19, Y+18	; 0x12
     dbe:	4b 89       	ldd	r20, Y+19	; 0x13
     dc0:	5c 89       	ldd	r21, Y+20	; 0x14
     dc2:	0e 94 34 0d 	call	0x1a68	; 0x1a68 <__divmodsi4>
     dc6:	29 01       	movw	r4, r18
     dc8:	3a 01       	movw	r6, r20
     dca:	c7 01       	movw	r24, r14
     dcc:	b6 01       	movw	r22, r12
     dce:	29 89       	ldd	r18, Y+17	; 0x11
     dd0:	3a 89       	ldd	r19, Y+18	; 0x12
     dd2:	4b 89       	ldd	r20, Y+19	; 0x13
     dd4:	5c 89       	ldd	r21, Y+20	; 0x14
     dd6:	0e 94 34 0d 	call	0x1a68	; 0x1a68 <__divmodsi4>
     dda:	ca 01       	movw	r24, r20
     ddc:	b9 01       	movw	r22, r18
     dde:	38 89       	ldd	r19, Y+16	; 0x10
     de0:	3f 93       	push	r19
     de2:	4f 85       	ldd	r20, Y+15	; 0x0f
     de4:	4f 93       	push	r20
     de6:	8e 84       	ldd	r8, Y+14	; 0x0e
     de8:	af 88       	ldd	r10, Y+23	; 0x17
     dea:	b8 8c       	ldd	r11, Y+24	; 0x18
     dec:	c9 8c       	ldd	r12, Y+25	; 0x19
     dee:	da 8c       	ldd	r13, Y+26	; 0x1a
     df0:	ea 84       	ldd	r14, Y+10	; 0x0a
     df2:	fb 84       	ldd	r15, Y+11	; 0x0b
     df4:	0c 85       	ldd	r16, Y+12	; 0x0c
     df6:	1d 85       	ldd	r17, Y+13	; 0x0d
     df8:	a3 01       	movw	r20, r6
     dfa:	92 01       	movw	r18, r4
     dfc:	0e 94 5f 08 	call	0x10be	; 0x10be <tmag5273_convert_averaged_raw>
                                  sum_by / valid,
                                  sum_bz / valid,
                                  last_status,
                                  &result->value);

    calibration_apply(calibration, &result->value);
     e00:	6f 85       	ldd	r22, Y+15	; 0x0f
     e02:	78 89       	ldd	r23, Y+16	; 0x10
     e04:	8d 89       	ldd	r24, Y+21	; 0x15
     e06:	9e 89       	ldd	r25, Y+22	; 0x16
     e08:	0e 94 d6 01 	call	0x3ac	; 0x3ac <calibration_apply>
    return 1U;
     e0c:	0f 90       	pop	r0
     e0e:	0f 90       	pop	r0
     e10:	81 e0       	ldi	r24, 0x01	; 1
     e12:	05 c0       	rjmp	.+10     	; 0xe1e <measurement_service_acquire_average+0x1b0>
    int32_t sum_by = 0;
    int32_t sum_bz = 0;
    uint8_t last_status = 0;
    uint8_t valid = 0;

    if (calibration == 0 || result == 0) return 0U;
     e14:	80 e0       	ldi	r24, 0x00	; 0
     e16:	03 c0       	rjmp	.+6      	; 0xe1e <measurement_service_acquire_average+0x1b0>
     e18:	80 e0       	ldi	r24, 0x00	; 0
     e1a:	01 c0       	rjmp	.+2      	; 0xe1e <measurement_service_acquire_average+0x1b0>
        if (background_process != 0) background_process();
        _delay_ms(SAMPLE_INTERVAL_MS);
    }

    result->valid_samples = valid;
    if (valid == 0U) return 0U;
     e1c:	80 e0       	ldi	r24, 0x00	; 0
                                  last_status,
                                  &result->value);

    calibration_apply(calibration, &result->value);
    return 1U;
}
     e1e:	6a 96       	adiw	r28, 0x1a	; 26
     e20:	0f b6       	in	r0, 0x3f	; 63
     e22:	f8 94       	cli
     e24:	de bf       	out	0x3e, r29	; 62
     e26:	0f be       	out	0x3f, r0	; 63
     e28:	cd bf       	out	0x3d, r28	; 61
     e2a:	df 91       	pop	r29
     e2c:	cf 91       	pop	r28
     e2e:	1f 91       	pop	r17
     e30:	0f 91       	pop	r16
     e32:	ff 90       	pop	r15
     e34:	ef 90       	pop	r14
     e36:	df 90       	pop	r13
     e38:	cf 90       	pop	r12
     e3a:	bf 90       	pop	r11
     e3c:	af 90       	pop	r10
     e3e:	9f 90       	pop	r9
     e40:	8f 90       	pop	r8
     e42:	7f 90       	pop	r7
     e44:	6f 90       	pop	r6
     e46:	5f 90       	pop	r5
     e48:	4f 90       	pop	r4
     e4a:	3f 90       	pop	r3
     e4c:	2f 90       	pop	r2
     e4e:	08 95       	ret

00000e50 <process_commands>:
static uint32_t sequence;
static uint8_t node_id;

static void process_commands(void)
{
    commands_process_pending(&calibration, &calibration_status, node_id);
     e50:	40 91 e2 04 	lds	r20, 0x04E2	; 0x8004e2 <node_id>
     e54:	67 ee       	ldi	r22, 0xE7	; 231
     e56:	74 e0       	ldi	r23, 0x04	; 4
     e58:	88 ee       	ldi	r24, 0xE8	; 232
     e5a:	94 e0       	ldi	r25, 0x04	; 4
     e5c:	0e 94 d2 05 	call	0xba4	; 0xba4 <commands_process_pending>
     e60:	08 95       	ret

00000e62 <fatal_error>:
}

static void fatal_error(const char *message)
{
    transport_service_publish_error(message);
     e62:	0e 94 5b 09 	call	0x12b6	; 0x12b6 <transport_service_publish_error>

    while (1) {
        process_commands();
     e66:	0e 94 28 07 	call	0xe50	; 0xe50 <process_commands>
        PORTD ^= (1 << PD7);
     e6a:	8b b1       	in	r24, 0x0b	; 11
     e6c:	80 58       	subi	r24, 0x80	; 128
     e6e:	8b b9       	out	0x0b, r24	; 11
     e70:	8f e4       	ldi	r24, 0x4F	; 79
     e72:	93 ec       	ldi	r25, 0xC3	; 195
     e74:	01 97       	sbiw	r24, 0x01	; 1
     e76:	f1 f7       	brne	.-4      	; 0xe74 <fatal_error+0x12>
     e78:	00 c0       	rjmp	.+0      	; 0xe7a <fatal_error+0x18>
     e7a:	00 00       	nop
     e7c:	f4 cf       	rjmp	.-24     	; 0xe66 <fatal_error+0x4>

00000e7e <node_app_init>:
        _delay_ms(200);
    }
}

void node_app_init(void)
{
     e7e:	cf 93       	push	r28
     e80:	df 93       	push	r29
     e82:	1f 92       	push	r1
     e84:	cd b7       	in	r28, 0x3d	; 61
     e86:	de b7       	in	r29, 0x3e	; 62
    uint8_t device_id = 0;
     e88:	19 82       	std	Y+1, r1	; 0x01

    transport_service_init();
     e8a:	0e 94 58 09 	call	0x12b0	; 0x12b0 <transport_service_init>
    twi1_init();
     e8e:	0e 94 71 0a 	call	0x14e2	; 0x14e2 <twi1_init>
    board_id_init();
     e92:	0e 94 79 00 	call	0xf2	; 0xf2 <board_id_init>

    DDRD |= (1 << PD5) | (1 << PD6) | (1 << PD7);
     e96:	8a b1       	in	r24, 0x0a	; 10
     e98:	80 6e       	ori	r24, 0xE0	; 224
     e9a:	8a b9       	out	0x0a, r24	; 10
    sei();
     e9c:	78 94       	sei

    node_id = board_id_read();
     e9e:	0e 94 86 00 	call	0x10c	; 0x10c <board_id_read>
     ea2:	80 93 e2 04 	sts	0x04E2, r24	; 0x8004e2 <node_id>
    sequence = 0UL;
     ea6:	10 92 e3 04 	sts	0x04E3, r1	; 0x8004e3 <sequence>
     eaa:	10 92 e4 04 	sts	0x04E4, r1	; 0x8004e4 <sequence+0x1>
     eae:	10 92 e5 04 	sts	0x04E5, r1	; 0x8004e5 <sequence+0x2>
     eb2:	10 92 e6 04 	sts	0x04E6, r1	; 0x8004e6 <sequence+0x3>
    calibration_status = calibration_load(&calibration);
     eb6:	88 ee       	ldi	r24, 0xE8	; 232
     eb8:	94 e0       	ldi	r25, 0x04	; 4
     eba:	0e 94 33 01 	call	0x266	; 0x266 <calibration_load>
     ebe:	80 93 e7 04 	sts	0x04E7, r24	; 0x8004e7 <calibration_status>

    if (!tmag5273_read_device_id(&device_id)) {
     ec2:	ce 01       	movw	r24, r28
     ec4:	01 96       	adiw	r24, 0x01	; 1
     ec6:	0e 94 e7 07 	call	0xfce	; 0xfce <tmag5273_read_device_id>
     eca:	81 11       	cpse	r24, r1
     ecc:	04 c0       	rjmp	.+8      	; 0xed6 <node_app_init+0x58>
        fatal_error("TMAG_DEVICE_ID_READ");
     ece:	8c e3       	ldi	r24, 0x3C	; 60
     ed0:	93 e0       	ldi	r25, 0x03	; 3
     ed2:	0e 94 31 07 	call	0xe62	; 0xe62 <fatal_error>
    }

    if (!tmag5273_init()) {
     ed6:	0e 94 ed 07 	call	0xfda	; 0xfda <tmag5273_init>
     eda:	81 11       	cpse	r24, r1
     edc:	04 c0       	rjmp	.+8      	; 0xee6 <node_app_init+0x68>
        fatal_error("TMAG_INIT");
     ede:	80 e5       	ldi	r24, 0x50	; 80
     ee0:	93 e0       	ldi	r25, 0x03	; 3
     ee2:	0e 94 31 07 	call	0xe62	; 0xe62 <fatal_error>
    }

    transport_service_print_startup(&calibration,
     ee6:	29 81       	ldd	r18, Y+1	; 0x01
     ee8:	40 91 e2 04 	lds	r20, 0x04E2	; 0x8004e2 <node_id>
     eec:	60 91 e7 04 	lds	r22, 0x04E7	; 0x8004e7 <calibration_status>
     ef0:	88 ee       	ldi	r24, 0xE8	; 232
     ef2:	94 e0       	ldi	r25, 0x04	; 4
     ef4:	0e 94 6c 09 	call	0x12d8	; 0x12d8 <transport_service_print_startup>
                                    calibration_status,
                                    node_id,
                                    device_id);
}
     ef8:	0f 90       	pop	r0
     efa:	df 91       	pop	r29
     efc:	cf 91       	pop	r28
     efe:	08 95       	ret

00000f00 <node_app_process>:

void node_app_process(void)
{
     f00:	0f 93       	push	r16
     f02:	1f 93       	push	r17
     f04:	cf 93       	push	r28
     f06:	df 93       	push	r29
     f08:	cd b7       	in	r28, 0x3d	; 61
     f0a:	de b7       	in	r29, 0x3e	; 62
     f0c:	62 97       	sbiw	r28, 0x12	; 18
     f0e:	0f b6       	in	r0, 0x3f	; 63
     f10:	f8 94       	cli
     f12:	de bf       	out	0x3e, r29	; 62
     f14:	0f be       	out	0x3f, r0	; 63
     f16:	cd bf       	out	0x3d, r28	; 61
    measurement_result_t result;

    process_commands();
     f18:	0e 94 28 07 	call	0xe50	; 0xe50 <process_commands>

    if (!measurement_service_acquire_average(&calibration,
     f1c:	48 e2       	ldi	r20, 0x28	; 40
     f1e:	57 e0       	ldi	r21, 0x07	; 7
     f20:	be 01       	movw	r22, r28
     f22:	6f 5f       	subi	r22, 0xFF	; 255
     f24:	7f 4f       	sbci	r23, 0xFF	; 255
     f26:	88 ee       	ldi	r24, 0xE8	; 232
     f28:	94 e0       	ldi	r25, 0x04	; 4
     f2a:	0e 94 37 06 	call	0xc6e	; 0xc6e <measurement_service_acquire_average>
     f2e:	81 11       	cpse	r24, r1
     f30:	16 c0       	rjmp	.+44     	; 0xf5e <node_app_process+0x5e>
                                             &result,
                                             process_commands)) {
        uart0_print("ERROR,TMAG_NO_VALID_SAMPLES,SEQ=");
     f32:	8a e5       	ldi	r24, 0x5A	; 90
     f34:	93 e0       	ldi	r25, 0x03	; 3
     f36:	0e 94 8d 0b 	call	0x171a	; 0x171a <uart0_print>
        uart0_print_uint32(sequence);
     f3a:	60 91 e3 04 	lds	r22, 0x04E3	; 0x8004e3 <sequence>
     f3e:	70 91 e4 04 	lds	r23, 0x04E4	; 0x8004e4 <sequence+0x1>
     f42:	80 91 e5 04 	lds	r24, 0x04E5	; 0x8004e5 <sequence+0x2>
     f46:	90 91 e6 04 	lds	r25, 0x04E6	; 0x8004e6 <sequence+0x3>
     f4a:	0e 94 06 0c 	call	0x180c	; 0x180c <uart0_print_uint32>
        uart0_print("\r\n");
     f4e:	85 e1       	ldi	r24, 0x15	; 21
     f50:	94 e0       	ldi	r25, 0x04	; 4
     f52:	0e 94 8d 0b 	call	0x171a	; 0x171a <uart0_print>
        PORTD ^= (1 << PD7);
     f56:	8b b1       	in	r24, 0x0b	; 11
     f58:	80 58       	subi	r24, 0x80	; 128
     f5a:	8b b9       	out	0x0b, r24	; 11
     f5c:	28 c0       	rjmp	.+80     	; 0xfae <node_app_process+0xae>
        return;
    }

    transport_service_publish_measurement(node_id,
     f5e:	40 91 e3 04 	lds	r20, 0x04E3	; 0x8004e3 <sequence>
     f62:	50 91 e4 04 	lds	r21, 0x04E4	; 0x8004e4 <sequence+0x1>
     f66:	60 91 e5 04 	lds	r22, 0x04E5	; 0x8004e5 <sequence+0x2>
     f6a:	70 91 e6 04 	lds	r23, 0x04E6	; 0x8004e6 <sequence+0x3>
     f6e:	8e 01       	movw	r16, r28
     f70:	0f 5f       	subi	r16, 0xFF	; 255
     f72:	1f 4f       	sbci	r17, 0xFF	; 255
     f74:	20 91 e7 04 	lds	r18, 0x04E7	; 0x8004e7 <calibration_status>
     f78:	80 91 e2 04 	lds	r24, 0x04E2	; 0x8004e2 <node_id>
     f7c:	0e 94 c2 09 	call	0x1384	; 0x1384 <transport_service_publish_measurement>
                                          sequence,
                                          calibration_status,
                                          &result);
    sequence++;
     f80:	80 91 e3 04 	lds	r24, 0x04E3	; 0x8004e3 <sequence>
     f84:	90 91 e4 04 	lds	r25, 0x04E4	; 0x8004e4 <sequence+0x1>
     f88:	a0 91 e5 04 	lds	r26, 0x04E5	; 0x8004e5 <sequence+0x2>
     f8c:	b0 91 e6 04 	lds	r27, 0x04E6	; 0x8004e6 <sequence+0x3>
     f90:	01 96       	adiw	r24, 0x01	; 1
     f92:	a1 1d       	adc	r26, r1
     f94:	b1 1d       	adc	r27, r1
     f96:	80 93 e3 04 	sts	0x04E3, r24	; 0x8004e3 <sequence>
     f9a:	90 93 e4 04 	sts	0x04E4, r25	; 0x8004e4 <sequence+0x1>
     f9e:	a0 93 e5 04 	sts	0x04E5, r26	; 0x8004e5 <sequence+0x2>
     fa2:	b0 93 e6 04 	sts	0x04E6, r27	; 0x8004e6 <sequence+0x3>
    PORTD ^= (1 << PD5);
     fa6:	9b b1       	in	r25, 0x0b	; 11
     fa8:	80 e2       	ldi	r24, 0x20	; 32
     faa:	89 27       	eor	r24, r25
     fac:	8b b9       	out	0x0b, r24	; 11
}
     fae:	62 96       	adiw	r28, 0x12	; 18
     fb0:	0f b6       	in	r0, 0x3f	; 63
     fb2:	f8 94       	cli
     fb4:	de bf       	out	0x3e, r29	; 62
     fb6:	0f be       	out	0x3f, r0	; 63
     fb8:	cd bf       	out	0x3d, r28	; 61
     fba:	df 91       	pop	r29
     fbc:	cf 91       	pop	r28
     fbe:	1f 91       	pop	r17
     fc0:	0f 91       	pop	r16
     fc2:	08 95       	ret

00000fc4 <make_i16>:
#define TADCT0        17508L
#define TADCRES_X10   601L

static int16_t make_i16(uint8_t msb, uint8_t lsb)
{
    return (int16_t)(((uint16_t)msb << 8) | (uint16_t)lsb);
     fc4:	90 e0       	ldi	r25, 0x00	; 0
     fc6:	98 2f       	mov	r25, r24
     fc8:	88 27       	eor	r24, r24
}
     fca:	86 2b       	or	r24, r22
     fcc:	08 95       	ret

00000fce <tmag5273_read_device_id>:

uint8_t tmag5273_read_device_id(uint8_t *device_id)
{
    return twi1_read_register(TMAG_I2C_ADDRESS, DEVICE_ID, device_id);
     fce:	ac 01       	movw	r20, r24
     fd0:	6d e0       	ldi	r22, 0x0D	; 13
     fd2:	85 e3       	ldi	r24, 0x35	; 53
     fd4:	0e 94 b1 0a 	call	0x1562	; 0x1562 <twi1_read_register>
}
     fd8:	08 95       	ret

00000fda <tmag5273_init>:

uint8_t tmag5273_init(void)
{
    /* Preserve the exact known-good configuration from firmware v0.1.0. */
    if (!twi1_write_register(TMAG_I2C_ADDRESS, DEVICE_CONFIG_1, 0x00U)) return 0;
     fda:	40 e0       	ldi	r20, 0x00	; 0
     fdc:	60 e0       	ldi	r22, 0x00	; 0
     fde:	85 e3       	ldi	r24, 0x35	; 53
     fe0:	0e 94 7d 0a 	call	0x14fa	; 0x14fa <twi1_write_register>
     fe4:	88 23       	and	r24, r24
     fe6:	e1 f0       	breq	.+56     	; 0x1020 <tmag5273_init+0x46>
    if (!twi1_write_register(TMAG_I2C_ADDRESS, DEVICE_CONFIG_2, 0x00U)) return 0;
     fe8:	40 e0       	ldi	r20, 0x00	; 0
     fea:	61 e0       	ldi	r22, 0x01	; 1
     fec:	85 e3       	ldi	r24, 0x35	; 53
     fee:	0e 94 7d 0a 	call	0x14fa	; 0x14fa <twi1_write_register>
     ff2:	88 23       	and	r24, r24
     ff4:	a9 f0       	breq	.+42     	; 0x1020 <tmag5273_init+0x46>
    if (!twi1_write_register(TMAG_I2C_ADDRESS, SENSOR_CONFIG_1, 0x74U)) return 0;
     ff6:	44 e7       	ldi	r20, 0x74	; 116
     ff8:	62 e0       	ldi	r22, 0x02	; 2
     ffa:	85 e3       	ldi	r24, 0x35	; 53
     ffc:	0e 94 7d 0a 	call	0x14fa	; 0x14fa <twi1_write_register>
    1000:	88 23       	and	r24, r24
    1002:	71 f0       	breq	.+28     	; 0x1020 <tmag5273_init+0x46>
    if (!twi1_write_register(TMAG_I2C_ADDRESS, SENSOR_CONFIG_2, 0x03U)) return 0;
    1004:	43 e0       	ldi	r20, 0x03	; 3
    1006:	63 e0       	ldi	r22, 0x03	; 3
    1008:	85 e3       	ldi	r24, 0x35	; 53
    100a:	0e 94 7d 0a 	call	0x14fa	; 0x14fa <twi1_write_register>
    100e:	88 23       	and	r24, r24
    1010:	39 f0       	breq	.+14     	; 0x1020 <tmag5273_init+0x46>
    if (!twi1_write_register(TMAG_I2C_ADDRESS, T_CONFIG, 0x01U)) return 0;
    1012:	41 e0       	ldi	r20, 0x01	; 1
    1014:	67 e0       	ldi	r22, 0x07	; 7
    1016:	85 e3       	ldi	r24, 0x35	; 53
    1018:	0e 94 7d 0a 	call	0x14fa	; 0x14fa <twi1_write_register>
    101c:	81 11       	cpse	r24, r1
    return 1;
    101e:	81 e0       	ldi	r24, 0x01	; 1
}
    1020:	08 95       	ret

00001022 <tmag5273_read_raw>:

uint8_t tmag5273_read_raw(tmag5273_raw_sample_t *sample)
{
    1022:	0f 93       	push	r16
    1024:	1f 93       	push	r17
    1026:	cf 93       	push	r28
    1028:	df 93       	push	r29
    102a:	cd b7       	in	r28, 0x3d	; 61
    102c:	de b7       	in	r29, 0x3e	; 62
    102e:	29 97       	sbiw	r28, 0x09	; 9
    1030:	0f b6       	in	r0, 0x3f	; 63
    1032:	f8 94       	cli
    1034:	de bf       	out	0x3e, r29	; 62
    1036:	0f be       	out	0x3f, r0	; 63
    1038:	cd bf       	out	0x3d, r28	; 61
    103a:	8c 01       	movw	r16, r24
    uint8_t buffer[9];

    /* Trigger a conversion while the device is in standby mode. */
    if (!twi1_write_register(TMAG_I2C_ADDRESS, (uint8_t)(DEVICE_ID | 0x80U), 0x00U)) return 0;
    103c:	40 e0       	ldi	r20, 0x00	; 0
    103e:	6d e8       	ldi	r22, 0x8D	; 141
    1040:	85 e3       	ldi	r24, 0x35	; 53
    1042:	0e 94 7d 0a 	call	0x14fa	; 0x14fa <twi1_write_register>
    1046:	88 23       	and	r24, r24
    1048:	79 f1       	breq	.+94     	; 0x10a8 <tmag5273_read_raw+0x86>
    104a:	81 ee       	ldi	r24, 0xE1	; 225
    104c:	94 e0       	ldi	r25, 0x04	; 4
    104e:	01 97       	sbiw	r24, 0x01	; 1
    1050:	f1 f7       	brne	.-4      	; 0x104e <tmag5273_read_raw+0x2c>
    1052:	00 c0       	rjmp	.+0      	; 0x1054 <tmag5273_read_raw+0x32>
    1054:	00 00       	nop
    _delay_ms(5);

    if (!twi1_read_block(TMAG_I2C_ADDRESS, T_MSB_RESULT, buffer, 9U)) return 0;
    1056:	29 e0       	ldi	r18, 0x09	; 9
    1058:	ae 01       	movw	r20, r28
    105a:	4f 5f       	subi	r20, 0xFF	; 255
    105c:	5f 4f       	sbci	r21, 0xFF	; 255
    105e:	60 e1       	ldi	r22, 0x10	; 16
    1060:	85 e3       	ldi	r24, 0x35	; 53
    1062:	0e 94 f4 0a 	call	0x15e8	; 0x15e8 <twi1_read_block>
    1066:	88 23       	and	r24, r24
    1068:	f9 f0       	breq	.+62     	; 0x10a8 <tmag5273_read_raw+0x86>

    sample->temperature_raw = make_i16(buffer[0], buffer[1]);
    106a:	6a 81       	ldd	r22, Y+2	; 0x02
    106c:	89 81       	ldd	r24, Y+1	; 0x01
    106e:	0e 94 e2 07 	call	0xfc4	; 0xfc4 <make_i16>
    1072:	f8 01       	movw	r30, r16
    1074:	91 83       	std	Z+1, r25	; 0x01
    1076:	80 83       	st	Z, r24
    sample->bx_raw = make_i16(buffer[2], buffer[3]);
    1078:	6c 81       	ldd	r22, Y+4	; 0x04
    107a:	8b 81       	ldd	r24, Y+3	; 0x03
    107c:	0e 94 e2 07 	call	0xfc4	; 0xfc4 <make_i16>
    1080:	f8 01       	movw	r30, r16
    1082:	93 83       	std	Z+3, r25	; 0x03
    1084:	82 83       	std	Z+2, r24	; 0x02
    sample->by_raw = make_i16(buffer[4], buffer[5]);
    1086:	6e 81       	ldd	r22, Y+6	; 0x06
    1088:	8d 81       	ldd	r24, Y+5	; 0x05
    108a:	0e 94 e2 07 	call	0xfc4	; 0xfc4 <make_i16>
    108e:	f8 01       	movw	r30, r16
    1090:	95 83       	std	Z+5, r25	; 0x05
    1092:	84 83       	std	Z+4, r24	; 0x04
    sample->bz_raw = make_i16(buffer[6], buffer[7]);
    1094:	68 85       	ldd	r22, Y+8	; 0x08
    1096:	8f 81       	ldd	r24, Y+7	; 0x07
    1098:	0e 94 e2 07 	call	0xfc4	; 0xfc4 <make_i16>
    109c:	f8 01       	movw	r30, r16
    109e:	97 83       	std	Z+7, r25	; 0x07
    10a0:	86 83       	std	Z+6, r24	; 0x06
    sample->status = buffer[8];
    10a2:	89 85       	ldd	r24, Y+9	; 0x09
    10a4:	80 87       	std	Z+8, r24	; 0x08

    return 1;
    10a6:	81 e0       	ldi	r24, 0x01	; 1
}
    10a8:	29 96       	adiw	r28, 0x09	; 9
    10aa:	0f b6       	in	r0, 0x3f	; 63
    10ac:	f8 94       	cli
    10ae:	de bf       	out	0x3e, r29	; 62
    10b0:	0f be       	out	0x3f, r0	; 63
    10b2:	cd bf       	out	0x3d, r28	; 61
    10b4:	df 91       	pop	r29
    10b6:	cf 91       	pop	r28
    10b8:	1f 91       	pop	r17
    10ba:	0f 91       	pop	r16
    10bc:	08 95       	ret

000010be <tmag5273_convert_averaged_raw>:
                                  int32_t bx_raw,
                                  int32_t by_raw,
                                  int32_t bz_raw,
                                  uint8_t status,
                                  tmag5273_measurement_t *measurement)
{
    10be:	3f 92       	push	r3
    10c0:	4f 92       	push	r4
    10c2:	5f 92       	push	r5
    10c4:	6f 92       	push	r6
    10c6:	7f 92       	push	r7
    10c8:	8f 92       	push	r8
    10ca:	9f 92       	push	r9
    10cc:	af 92       	push	r10
    10ce:	bf 92       	push	r11
    10d0:	cf 92       	push	r12
    10d2:	df 92       	push	r13
    10d4:	ef 92       	push	r14
    10d6:	ff 92       	push	r15
    10d8:	0f 93       	push	r16
    10da:	1f 93       	push	r17
    10dc:	cf 93       	push	r28
    10de:	df 93       	push	r29
    10e0:	cd b7       	in	r28, 0x3d	; 61
    10e2:	de b7       	in	r29, 0x3e	; 62
    10e4:	29 01       	movw	r4, r18
    10e6:	3a 01       	movw	r6, r20
    10e8:	38 2c       	mov	r3, r8
    10ea:	8c 88       	ldd	r8, Y+20	; 0x14
    10ec:	9d 88       	ldd	r9, Y+21	; 0x15
    measurement->temperature_x100 = TSENSET0_X100
                                  + ((temperature_raw - TADCT0) * 1000L) / TADCRES_X10;
    10ee:	9b 01       	movw	r18, r22
    10f0:	ac 01       	movw	r20, r24
    10f2:	24 56       	subi	r18, 0x64	; 100
    10f4:	34 44       	sbci	r19, 0x44	; 68
    10f6:	41 09       	sbc	r20, r1
    10f8:	51 09       	sbc	r21, r1
    10fa:	a8 ee       	ldi	r26, 0xE8	; 232
    10fc:	b3 e0       	ldi	r27, 0x03	; 3
    10fe:	0e 94 62 0d 	call	0x1ac4	; 0x1ac4 <__muluhisi3>
    1102:	29 e5       	ldi	r18, 0x59	; 89
    1104:	32 e0       	ldi	r19, 0x02	; 2
    1106:	40 e0       	ldi	r20, 0x00	; 0
    1108:	50 e0       	ldi	r21, 0x00	; 0
    110a:	0e 94 34 0d 	call	0x1a68	; 0x1a68 <__divmodsi4>
    110e:	da 01       	movw	r26, r20
    1110:	c9 01       	movw	r24, r18
    1112:	8c 53       	subi	r24, 0x3C	; 60
    1114:	96 4f       	sbci	r25, 0xF6	; 246
    1116:	af 4f       	sbci	r26, 0xFF	; 255
    1118:	bf 4f       	sbci	r27, 0xFF	; 255
                                  int32_t by_raw,
                                  int32_t bz_raw,
                                  uint8_t status,
                                  tmag5273_measurement_t *measurement)
{
    measurement->temperature_x100 = TSENSET0_X100
    111a:	f4 01       	movw	r30, r8
    111c:	80 83       	st	Z, r24
    111e:	91 83       	std	Z+1, r25	; 0x01
    1120:	a2 83       	std	Z+2, r26	; 0x02
    1122:	b3 83       	std	Z+3, r27	; 0x03
                                  + ((temperature_raw - TADCT0) * 1000L) / TADCRES_X10;

    /* TMAG5273A2 in 2x range: +/-266 mT full scale.
       Outputs are expressed in hundredths of mT. */
    measurement->bx_x100 = (bx_raw * TMAG_FULL_SCALE_X100) / 32768L;
    1124:	a8 ee       	ldi	r26, 0xE8	; 232
    1126:	b7 e6       	ldi	r27, 0x67	; 103
    1128:	a3 01       	movw	r20, r6
    112a:	92 01       	movw	r18, r4
    112c:	0e 94 62 0d 	call	0x1ac4	; 0x1ac4 <__muluhisi3>
    1130:	2b 01       	movw	r4, r22
    1132:	3c 01       	movw	r6, r24
    1134:	99 23       	and	r25, r25
    1136:	34 f4       	brge	.+12     	; 0x1144 <tmag5273_convert_averaged_raw+0x86>
    1138:	ff ef       	ldi	r31, 0xFF	; 255
    113a:	4f 0e       	add	r4, r31
    113c:	ff e7       	ldi	r31, 0x7F	; 127
    113e:	5f 1e       	adc	r5, r31
    1140:	61 1c       	adc	r6, r1
    1142:	71 1c       	adc	r7, r1
    1144:	d3 01       	movw	r26, r6
    1146:	c2 01       	movw	r24, r4
    1148:	07 2e       	mov	r0, r23
    114a:	7f e0       	ldi	r23, 0x0F	; 15
    114c:	b5 95       	asr	r27
    114e:	a7 95       	ror	r26
    1150:	97 95       	ror	r25
    1152:	87 95       	ror	r24
    1154:	7a 95       	dec	r23
    1156:	d1 f7       	brne	.-12     	; 0x114c <tmag5273_convert_averaged_raw+0x8e>
    1158:	70 2d       	mov	r23, r0
    115a:	f4 01       	movw	r30, r8
    115c:	84 83       	std	Z+4, r24	; 0x04
    115e:	95 83       	std	Z+5, r25	; 0x05
    1160:	a6 83       	std	Z+6, r26	; 0x06
    1162:	b7 83       	std	Z+7, r27	; 0x07
    measurement->by_x100 = (by_raw * TMAG_FULL_SCALE_X100) / 32768L;
    1164:	a8 ee       	ldi	r26, 0xE8	; 232
    1166:	b7 e6       	ldi	r27, 0x67	; 103
    1168:	a8 01       	movw	r20, r16
    116a:	97 01       	movw	r18, r14
    116c:	0e 94 62 0d 	call	0x1ac4	; 0x1ac4 <__muluhisi3>
    1170:	8b 01       	movw	r16, r22
    1172:	9c 01       	movw	r18, r24
    1174:	99 23       	and	r25, r25
    1176:	24 f4       	brge	.+8      	; 0x1180 <tmag5273_convert_averaged_raw+0xc2>
    1178:	01 50       	subi	r16, 0x01	; 1
    117a:	10 48       	sbci	r17, 0x80	; 128
    117c:	2f 4f       	sbci	r18, 0xFF	; 255
    117e:	3f 4f       	sbci	r19, 0xFF	; 255
    1180:	d9 01       	movw	r26, r18
    1182:	c8 01       	movw	r24, r16
    1184:	07 2e       	mov	r0, r23
    1186:	7f e0       	ldi	r23, 0x0F	; 15
    1188:	b5 95       	asr	r27
    118a:	a7 95       	ror	r26
    118c:	97 95       	ror	r25
    118e:	87 95       	ror	r24
    1190:	7a 95       	dec	r23
    1192:	d1 f7       	brne	.-12     	; 0x1188 <tmag5273_convert_averaged_raw+0xca>
    1194:	70 2d       	mov	r23, r0
    1196:	f4 01       	movw	r30, r8
    1198:	80 87       	std	Z+8, r24	; 0x08
    119a:	91 87       	std	Z+9, r25	; 0x09
    119c:	a2 87       	std	Z+10, r26	; 0x0a
    119e:	b3 87       	std	Z+11, r27	; 0x0b
    measurement->bz_x100 = (bz_raw * TMAG_FULL_SCALE_X100) / 32768L;
    11a0:	a8 ee       	ldi	r26, 0xE8	; 232
    11a2:	b7 e6       	ldi	r27, 0x67	; 103
    11a4:	a6 01       	movw	r20, r12
    11a6:	95 01       	movw	r18, r10
    11a8:	0e 94 62 0d 	call	0x1ac4	; 0x1ac4 <__muluhisi3>
    11ac:	8b 01       	movw	r16, r22
    11ae:	9c 01       	movw	r18, r24
    11b0:	99 23       	and	r25, r25
    11b2:	24 f4       	brge	.+8      	; 0x11bc <tmag5273_convert_averaged_raw+0xfe>
    11b4:	01 50       	subi	r16, 0x01	; 1
    11b6:	10 48       	sbci	r17, 0x80	; 128
    11b8:	2f 4f       	sbci	r18, 0xFF	; 255
    11ba:	3f 4f       	sbci	r19, 0xFF	; 255
    11bc:	d9 01       	movw	r26, r18
    11be:	c8 01       	movw	r24, r16
    11c0:	07 2e       	mov	r0, r23
    11c2:	7f e0       	ldi	r23, 0x0F	; 15
    11c4:	b5 95       	asr	r27
    11c6:	a7 95       	ror	r26
    11c8:	97 95       	ror	r25
    11ca:	87 95       	ror	r24
    11cc:	7a 95       	dec	r23
    11ce:	d1 f7       	brne	.-12     	; 0x11c4 <tmag5273_convert_averaged_raw+0x106>
    11d0:	70 2d       	mov	r23, r0
    11d2:	f4 01       	movw	r30, r8
    11d4:	84 87       	std	Z+12, r24	; 0x0c
    11d6:	95 87       	std	Z+13, r25	; 0x0d
    11d8:	a6 87       	std	Z+14, r26	; 0x0e
    11da:	b7 87       	std	Z+15, r27	; 0x0f
    measurement->status = status;
    11dc:	30 8a       	std	Z+16, r3	; 0x10
}
    11de:	df 91       	pop	r29
    11e0:	cf 91       	pop	r28
    11e2:	1f 91       	pop	r17
    11e4:	0f 91       	pop	r16
    11e6:	ff 90       	pop	r15
    11e8:	ef 90       	pop	r14
    11ea:	df 90       	pop	r13
    11ec:	cf 90       	pop	r12
    11ee:	bf 90       	pop	r11
    11f0:	af 90       	pop	r10
    11f2:	9f 90       	pop	r9
    11f4:	8f 90       	pop	r8
    11f6:	7f 90       	pop	r7
    11f8:	6f 90       	pop	r6
    11fa:	5f 90       	pop	r5
    11fc:	4f 90       	pop	r4
    11fe:	3f 90       	pop	r3
    1200:	08 95       	ret

00001202 <transport_service_calibration_status_text>:
#include "transport_service.h"
#include "uart0.h"

const char *transport_service_calibration_status_text(calibration_status_t status)
{
    if (status == CALIBRATION_STATUS_VALID) return "VALID";
    1202:	81 30       	cpi	r24, 0x01	; 1
    1204:	29 f0       	breq	.+10     	; 0x1210 <transport_service_calibration_status_text+0xe>
    if (status == CALIBRATION_STATUS_DIRTY) return "DIRTY";
    1206:	82 30       	cpi	r24, 0x02	; 2
    1208:	31 f4       	brne	.+12     	; 0x1216 <transport_service_calibration_status_text+0x14>
    120a:	86 e0       	ldi	r24, 0x06	; 6
    120c:	91 e0       	ldi	r25, 0x01	; 1
    120e:	08 95       	ret
#include "transport_service.h"
#include "uart0.h"

const char *transport_service_calibration_status_text(calibration_status_t status)
{
    if (status == CALIBRATION_STATUS_VALID) return "VALID";
    1210:	80 e0       	ldi	r24, 0x00	; 0
    1212:	91 e0       	ldi	r25, 0x01	; 1
    1214:	08 95       	ret
    if (status == CALIBRATION_STATUS_DIRTY) return "DIRTY";
    return "DEFAULT";
    1216:	8c e0       	ldi	r24, 0x0C	; 12
    1218:	91 e0       	ldi	r25, 0x01	; 1
}
    121a:	08 95       	ret

0000121c <print_calibration_summary>:
    uart0_print("\r\n");
}

static void print_calibration_summary(const calibration_record_t *calibration,
                                      calibration_status_t status)
{
    121c:	1f 93       	push	r17
    121e:	cf 93       	push	r28
    1220:	df 93       	push	r29
    1222:	ec 01       	movw	r28, r24
    1224:	16 2f       	mov	r17, r22
    uart0_print("CALIBRATION=");
    1226:	8b e7       	ldi	r24, 0x7B	; 123
    1228:	93 e0       	ldi	r25, 0x03	; 3
    122a:	0e 94 8d 0b 	call	0x171a	; 0x171a <uart0_print>
    uart0_print(transport_service_calibration_status_text(status));
    122e:	81 2f       	mov	r24, r17
    1230:	0e 94 01 09 	call	0x1202	; 0x1202 <transport_service_calibration_status_text>
    1234:	0e 94 8d 0b 	call	0x171a	; 0x171a <uart0_print>
    uart0_print(",VERSION=");
    1238:	88 e8       	ldi	r24, 0x88	; 136
    123a:	93 e0       	ldi	r25, 0x03	; 3
    123c:	0e 94 8d 0b 	call	0x171a	; 0x171a <uart0_print>
    uart0_print_uint16(calibration->version);
    1240:	8c 81       	ldd	r24, Y+4	; 0x04
    1242:	9d 81       	ldd	r25, Y+5	; 0x05
    1244:	0e 94 af 0b 	call	0x175e	; 0x175e <uart0_print_uint16>
    uart0_print(",COUNTER=");
    1248:	82 e9       	ldi	r24, 0x92	; 146
    124a:	93 e0       	ldi	r25, 0x03	; 3
    124c:	0e 94 8d 0b 	call	0x171a	; 0x171a <uart0_print>
    uart0_print_uint32(calibration->calibration_counter);
    1250:	68 a9       	ldd	r22, Y+48	; 0x30
    1252:	79 a9       	ldd	r23, Y+49	; 0x31
    1254:	8a a9       	ldd	r24, Y+50	; 0x32
    1256:	9b a9       	ldd	r25, Y+51	; 0x33
    1258:	0e 94 06 0c 	call	0x180c	; 0x180c <uart0_print_uint32>
    uart0_print("\r\n");
    125c:	85 e1       	ldi	r24, 0x15	; 21
    125e:	94 e0       	ldi	r25, 0x04	; 4
    1260:	0e 94 8d 0b 	call	0x171a	; 0x171a <uart0_print>

    uart0_print("CAL_OFFSET_X=");
    1264:	8c e9       	ldi	r24, 0x9C	; 156
    1266:	93 e0       	ldi	r25, 0x03	; 3
    1268:	0e 94 8d 0b 	call	0x171a	; 0x171a <uart0_print>
    uart0_print_fixed_2(calibration->offset_x_x100);
    126c:	68 85       	ldd	r22, Y+8	; 0x08
    126e:	79 85       	ldd	r23, Y+9	; 0x09
    1270:	8a 85       	ldd	r24, Y+10	; 0x0a
    1272:	9b 85       	ldd	r25, Y+11	; 0x0b
    1274:	0e 94 67 0c 	call	0x18ce	; 0x18ce <uart0_print_fixed_2>
    uart0_print(",CAL_OFFSET_Y=");
    1278:	8a ea       	ldi	r24, 0xAA	; 170
    127a:	93 e0       	ldi	r25, 0x03	; 3
    127c:	0e 94 8d 0b 	call	0x171a	; 0x171a <uart0_print>
    uart0_print_fixed_2(calibration->offset_y_x100);
    1280:	6c 85       	ldd	r22, Y+12	; 0x0c
    1282:	7d 85       	ldd	r23, Y+13	; 0x0d
    1284:	8e 85       	ldd	r24, Y+14	; 0x0e
    1286:	9f 85       	ldd	r25, Y+15	; 0x0f
    1288:	0e 94 67 0c 	call	0x18ce	; 0x18ce <uart0_print_fixed_2>
    uart0_print(",CAL_OFFSET_Z=");
    128c:	89 eb       	ldi	r24, 0xB9	; 185
    128e:	93 e0       	ldi	r25, 0x03	; 3
    1290:	0e 94 8d 0b 	call	0x171a	; 0x171a <uart0_print>
    uart0_print_fixed_2(calibration->offset_z_x100);
    1294:	68 89       	ldd	r22, Y+16	; 0x10
    1296:	79 89       	ldd	r23, Y+17	; 0x11
    1298:	8a 89       	ldd	r24, Y+18	; 0x12
    129a:	9b 89       	ldd	r25, Y+19	; 0x13
    129c:	0e 94 67 0c 	call	0x18ce	; 0x18ce <uart0_print_fixed_2>
    uart0_print("\r\n");
    12a0:	85 e1       	ldi	r24, 0x15	; 21
    12a2:	94 e0       	ldi	r25, 0x04	; 4
    12a4:	0e 94 8d 0b 	call	0x171a	; 0x171a <uart0_print>
}
    12a8:	df 91       	pop	r29
    12aa:	cf 91       	pop	r28
    12ac:	1f 91       	pop	r17
    12ae:	08 95       	ret

000012b0 <transport_service_init>:
    return "DEFAULT";
}

void transport_service_init(void)
{
    uart0_init();
    12b0:	0e 94 78 0b 	call	0x16f0	; 0x16f0 <uart0_init>
    12b4:	08 95       	ret

000012b6 <transport_service_publish_error>:
}

void transport_service_publish_error(const char *message)
{
    12b6:	cf 93       	push	r28
    12b8:	df 93       	push	r29
    12ba:	ec 01       	movw	r28, r24
    uart0_print("ERROR,");
    12bc:	88 ec       	ldi	r24, 0xC8	; 200
    12be:	93 e0       	ldi	r25, 0x03	; 3
    12c0:	0e 94 8d 0b 	call	0x171a	; 0x171a <uart0_print>
    uart0_print(message);
    12c4:	ce 01       	movw	r24, r28
    12c6:	0e 94 8d 0b 	call	0x171a	; 0x171a <uart0_print>
    uart0_print("\r\n");
    12ca:	85 e1       	ldi	r24, 0x15	; 21
    12cc:	94 e0       	ldi	r25, 0x04	; 4
    12ce:	0e 94 8d 0b 	call	0x171a	; 0x171a <uart0_print>
}
    12d2:	df 91       	pop	r29
    12d4:	cf 91       	pop	r28
    12d6:	08 95       	ret

000012d8 <transport_service_print_startup>:

void transport_service_print_startup(const calibration_record_t *calibration,
                                     calibration_status_t status,
                                     uint8_t node_id,
                                     uint8_t device_id)
{
    12d8:	ff 92       	push	r15
    12da:	0f 93       	push	r16
    12dc:	1f 93       	push	r17
    12de:	cf 93       	push	r28
    12e0:	df 93       	push	r29
    12e2:	8c 01       	movw	r16, r24
    12e4:	f6 2e       	mov	r15, r22
    12e6:	c4 2f       	mov	r28, r20
    12e8:	d2 2f       	mov	r29, r18
    uart0_print("\r\nND280 Magnetic Field Node v");
    12ea:	8f ec       	ldi	r24, 0xCF	; 207
    12ec:	93 e0       	ldi	r25, 0x03	; 3
    12ee:	0e 94 8d 0b 	call	0x171a	; 0x171a <uart0_print>
    uart0_print(FIRMWARE_VERSION);
    12f2:	81 e2       	ldi	r24, 0x21	; 33
    12f4:	92 e0       	ldi	r25, 0x02	; 2
    12f6:	0e 94 8d 0b 	call	0x171a	; 0x171a <uart0_print>
    uart0_print("\r\nUART0=4800,RX_COMMANDS=ON,TWI1=PE0/PE1\r\n");
    12fa:	8d ee       	ldi	r24, 0xED	; 237
    12fc:	93 e0       	ldi	r25, 0x03	; 3
    12fe:	0e 94 8d 0b 	call	0x171a	; 0x171a <uart0_print>
    uart0_print("AVERAGE_SAMPLES=");
    1302:	88 e1       	ldi	r24, 0x18	; 24
    1304:	94 e0       	ldi	r25, 0x04	; 4
    1306:	0e 94 8d 0b 	call	0x171a	; 0x171a <uart0_print>
    uart0_print_uint16(AVERAGE_SAMPLES);
    130a:	8a e0       	ldi	r24, 0x0A	; 10
    130c:	90 e0       	ldi	r25, 0x00	; 0
    130e:	0e 94 af 0b 	call	0x175e	; 0x175e <uart0_print_uint16>
    uart0_print(",SAMPLE_INTERVAL_MS=");
    1312:	89 e2       	ldi	r24, 0x29	; 41
    1314:	94 e0       	ldi	r25, 0x04	; 4
    1316:	0e 94 8d 0b 	call	0x171a	; 0x171a <uart0_print>
    uart0_print_uint16(SAMPLE_INTERVAL_MS);
    131a:	84 e6       	ldi	r24, 0x64	; 100
    131c:	90 e0       	ldi	r25, 0x00	; 0
    131e:	0e 94 af 0b 	call	0x175e	; 0x175e <uart0_print_uint16>
    uart0_print("\r\nTMAG_VARIANT=");
    1322:	8e e3       	ldi	r24, 0x3E	; 62
    1324:	94 e0       	ldi	r25, 0x04	; 4
    1326:	0e 94 8d 0b 	call	0x171a	; 0x171a <uart0_print>
    uart0_print(TMAG_VARIANT);
    132a:	85 e3       	ldi	r24, 0x35	; 53
    132c:	92 e0       	ldi	r25, 0x02	; 2
    132e:	0e 94 8d 0b 	call	0x171a	; 0x171a <uart0_print>
    uart0_print(",TMAG_RANGE_MT=");
    1332:	8e e4       	ldi	r24, 0x4E	; 78
    1334:	94 e0       	ldi	r25, 0x04	; 4
    1336:	0e 94 8d 0b 	call	0x171a	; 0x171a <uart0_print>
    uart0_print_uint16(TMAG_FULL_SCALE_MT);
    133a:	8a e0       	ldi	r24, 0x0A	; 10
    133c:	91 e0       	ldi	r25, 0x01	; 1
    133e:	0e 94 af 0b 	call	0x175e	; 0x175e <uart0_print_uint16>
    uart0_print("\r\n");
    1342:	85 e1       	ldi	r24, 0x15	; 21
    1344:	94 e0       	ldi	r25, 0x04	; 4
    1346:	0e 94 8d 0b 	call	0x171a	; 0x171a <uart0_print>

    print_calibration_summary(calibration, status);
    134a:	6f 2d       	mov	r22, r15
    134c:	c8 01       	movw	r24, r16
    134e:	0e 94 0e 09 	call	0x121c	; 0x121c <print_calibration_summary>

    uart0_print("TMAG_DEVICE_ID=0x");
    1352:	8e e5       	ldi	r24, 0x5E	; 94
    1354:	94 e0       	ldi	r25, 0x04	; 4
    1356:	0e 94 8d 0b 	call	0x171a	; 0x171a <uart0_print>
    uart0_print_hex8(device_id);
    135a:	8d 2f       	mov	r24, r29
    135c:	0e 94 9a 0b 	call	0x1734	; 0x1734 <uart0_print_hex8>
    uart0_print("\r\nTMAG_INIT=OK\r\nBOARD_ID=");
    1360:	80 e7       	ldi	r24, 0x70	; 112
    1362:	94 e0       	ldi	r25, 0x04	; 4
    1364:	0e 94 8d 0b 	call	0x171a	; 0x171a <uart0_print>
    uart0_print_uint16(node_id);
    1368:	8c 2f       	mov	r24, r28
    136a:	90 e0       	ldi	r25, 0x00	; 0
    136c:	0e 94 af 0b 	call	0x175e	; 0x175e <uart0_print_uint16>
    uart0_print("\r\nTYPE HELP FOR COMMANDS\r\n");
    1370:	8a e8       	ldi	r24, 0x8A	; 138
    1372:	94 e0       	ldi	r25, 0x04	; 4
    1374:	0e 94 8d 0b 	call	0x171a	; 0x171a <uart0_print>
}
    1378:	df 91       	pop	r29
    137a:	cf 91       	pop	r28
    137c:	1f 91       	pop	r17
    137e:	0f 91       	pop	r16
    1380:	ff 90       	pop	r15
    1382:	08 95       	ret

00001384 <transport_service_publish_measurement>:

void transport_service_publish_measurement(uint8_t node_id,
                                           uint32_t sequence,
                                           calibration_status_t status,
                                           const measurement_result_t *result)
{
    1384:	8f 92       	push	r8
    1386:	9f 92       	push	r9
    1388:	af 92       	push	r10
    138a:	bf 92       	push	r11
    138c:	ef 92       	push	r14
    138e:	ff 92       	push	r15
    1390:	0f 93       	push	r16
    1392:	1f 93       	push	r17
    1394:	cf 93       	push	r28
    1396:	df 93       	push	r29
    1398:	e8 2e       	mov	r14, r24
    139a:	4a 01       	movw	r8, r20
    139c:	5b 01       	movw	r10, r22
    139e:	f2 2e       	mov	r15, r18
    13a0:	e8 01       	movw	r28, r16
    uart0_print("$ND280,VER=");
    13a2:	85 ea       	ldi	r24, 0xA5	; 165
    13a4:	94 e0       	ldi	r25, 0x04	; 4
    13a6:	0e 94 8d 0b 	call	0x171a	; 0x171a <uart0_print>
    uart0_print(FIRMWARE_VERSION);
    13aa:	81 e2       	ldi	r24, 0x21	; 33
    13ac:	92 e0       	ldi	r25, 0x02	; 2
    13ae:	0e 94 8d 0b 	call	0x171a	; 0x171a <uart0_print>
    uart0_print(",ID=");
    13b2:	87 e1       	ldi	r24, 0x17	; 23
    13b4:	92 e0       	ldi	r25, 0x02	; 2
    13b6:	0e 94 8d 0b 	call	0x171a	; 0x171a <uart0_print>
    uart0_print_uint16(node_id);
    13ba:	8e 2d       	mov	r24, r14
    13bc:	90 e0       	ldi	r25, 0x00	; 0
    13be:	0e 94 af 0b 	call	0x175e	; 0x175e <uart0_print_uint16>
    uart0_print(",SEQ=");
    13c2:	85 e7       	ldi	r24, 0x75	; 117
    13c4:	93 e0       	ldi	r25, 0x03	; 3
    13c6:	0e 94 8d 0b 	call	0x171a	; 0x171a <uart0_print>
    uart0_print_uint32(sequence);
    13ca:	c5 01       	movw	r24, r10
    13cc:	b4 01       	movw	r22, r8
    13ce:	0e 94 06 0c 	call	0x180c	; 0x180c <uart0_print_uint32>
    uart0_print(",AVG=");
    13d2:	80 e4       	ldi	r24, 0x40	; 64
    13d4:	92 e0       	ldi	r25, 0x02	; 2
    13d6:	0e 94 8d 0b 	call	0x171a	; 0x171a <uart0_print>
    uart0_print_uint16(result->valid_samples);
    13da:	89 89       	ldd	r24, Y+17	; 0x11
    13dc:	90 e0       	ldi	r25, 0x00	; 0
    13de:	0e 94 af 0b 	call	0x175e	; 0x175e <uart0_print_uint16>
    uart0_print(",CAL=");
    13e2:	86 e4       	ldi	r24, 0x46	; 70
    13e4:	92 e0       	ldi	r25, 0x02	; 2
    13e6:	0e 94 8d 0b 	call	0x171a	; 0x171a <uart0_print>
    uart0_print(transport_service_calibration_status_text(status));
    13ea:	8f 2d       	mov	r24, r15
    13ec:	0e 94 01 09 	call	0x1202	; 0x1202 <transport_service_calibration_status_text>
    13f0:	0e 94 8d 0b 	call	0x171a	; 0x171a <uart0_print>
    uart0_print(",T=");
    13f4:	81 eb       	ldi	r24, 0xB1	; 177
    13f6:	94 e0       	ldi	r25, 0x04	; 4
    13f8:	0e 94 8d 0b 	call	0x171a	; 0x171a <uart0_print>
    uart0_print_fixed_2(result->value.temperature_x100);
    13fc:	68 81       	ld	r22, Y
    13fe:	79 81       	ldd	r23, Y+1	; 0x01
    1400:	8a 81       	ldd	r24, Y+2	; 0x02
    1402:	9b 81       	ldd	r25, Y+3	; 0x03
    1404:	0e 94 67 0c 	call	0x18ce	; 0x18ce <uart0_print_fixed_2>
    uart0_print(",BX=");
    1408:	85 eb       	ldi	r24, 0xB5	; 181
    140a:	94 e0       	ldi	r25, 0x04	; 4
    140c:	0e 94 8d 0b 	call	0x171a	; 0x171a <uart0_print>
    uart0_print_fixed_2(result->value.bx_x100);
    1410:	6c 81       	ldd	r22, Y+4	; 0x04
    1412:	7d 81       	ldd	r23, Y+5	; 0x05
    1414:	8e 81       	ldd	r24, Y+6	; 0x06
    1416:	9f 81       	ldd	r25, Y+7	; 0x07
    1418:	0e 94 67 0c 	call	0x18ce	; 0x18ce <uart0_print_fixed_2>
    uart0_print(",BY=");
    141c:	8a eb       	ldi	r24, 0xBA	; 186
    141e:	94 e0       	ldi	r25, 0x04	; 4
    1420:	0e 94 8d 0b 	call	0x171a	; 0x171a <uart0_print>
    uart0_print_fixed_2(result->value.by_x100);
    1424:	68 85       	ldd	r22, Y+8	; 0x08
    1426:	79 85       	ldd	r23, Y+9	; 0x09
    1428:	8a 85       	ldd	r24, Y+10	; 0x0a
    142a:	9b 85       	ldd	r25, Y+11	; 0x0b
    142c:	0e 94 67 0c 	call	0x18ce	; 0x18ce <uart0_print_fixed_2>
    uart0_print(",BZ=");
    1430:	8f eb       	ldi	r24, 0xBF	; 191
    1432:	94 e0       	ldi	r25, 0x04	; 4
    1434:	0e 94 8d 0b 	call	0x171a	; 0x171a <uart0_print>
    uart0_print_fixed_2(result->value.bz_x100);
    1438:	6c 85       	ldd	r22, Y+12	; 0x0c
    143a:	7d 85       	ldd	r23, Y+13	; 0x0d
    143c:	8e 85       	ldd	r24, Y+14	; 0x0e
    143e:	9f 85       	ldd	r25, Y+15	; 0x0f
    1440:	0e 94 67 0c 	call	0x18ce	; 0x18ce <uart0_print_fixed_2>
    uart0_print(",STATUS=0x");
    1444:	84 ec       	ldi	r24, 0xC4	; 196
    1446:	94 e0       	ldi	r25, 0x04	; 4
    1448:	0e 94 8d 0b 	call	0x171a	; 0x171a <uart0_print>
    uart0_print_hex8(result->value.status);
    144c:	88 89       	ldd	r24, Y+16	; 0x10
    144e:	0e 94 9a 0b 	call	0x1734	; 0x1734 <uart0_print_hex8>
    uart0_print("\r\n");
    1452:	85 e1       	ldi	r24, 0x15	; 21
    1454:	94 e0       	ldi	r25, 0x04	; 4
    1456:	0e 94 8d 0b 	call	0x171a	; 0x171a <uart0_print>
}
    145a:	df 91       	pop	r29
    145c:	cf 91       	pop	r28
    145e:	1f 91       	pop	r17
    1460:	0f 91       	pop	r16
    1462:	ff 90       	pop	r15
    1464:	ef 90       	pop	r14
    1466:	bf 90       	pop	r11
    1468:	af 90       	pop	r10
    146a:	9f 90       	pop	r9
    146c:	8f 90       	pop	r8
    146e:	08 95       	ret

00001470 <twi1_start>:
{
    if (!twi1_start()) { twi1_stop(); return 0; }
    uint8_t status = twi1_write_byte((uint8_t)(address << 1));
    twi1_stop();
    return status == 0x18U;
}
    1470:	84 ea       	ldi	r24, 0xA4	; 164
    1472:	80 93 dc 00 	sts	0x00DC, r24	; 0x8000dc <__TEXT_REGION_LENGTH__+0x7f80dc>
    1476:	80 91 dc 00 	lds	r24, 0x00DC	; 0x8000dc <__TEXT_REGION_LENGTH__+0x7f80dc>
    147a:	88 23       	and	r24, r24
    147c:	e4 f7       	brge	.-8      	; 0x1476 <twi1_start+0x6>
    147e:	80 91 d9 00 	lds	r24, 0x00D9	; 0x8000d9 <__TEXT_REGION_LENGTH__+0x7f80d9>
    1482:	88 7f       	andi	r24, 0xF8	; 248
    1484:	88 30       	cpi	r24, 0x08	; 8
    1486:	21 f0       	breq	.+8      	; 0x1490 <twi1_start+0x20>
    1488:	80 31       	cpi	r24, 0x10	; 16
    148a:	21 f4       	brne	.+8      	; 0x1494 <twi1_start+0x24>
    148c:	81 e0       	ldi	r24, 0x01	; 1
    148e:	08 95       	ret
    1490:	81 e0       	ldi	r24, 0x01	; 1
    1492:	08 95       	ret
    1494:	80 e0       	ldi	r24, 0x00	; 0
    1496:	08 95       	ret

00001498 <twi1_stop>:
    1498:	84 e9       	ldi	r24, 0x94	; 148
    149a:	80 93 dc 00 	sts	0x00DC, r24	; 0x8000dc <__TEXT_REGION_LENGTH__+0x7f80dc>
    149e:	08 95       	ret

000014a0 <twi1_write_byte>:
    14a0:	80 93 db 00 	sts	0x00DB, r24	; 0x8000db <__TEXT_REGION_LENGTH__+0x7f80db>
    14a4:	84 e8       	ldi	r24, 0x84	; 132
    14a6:	80 93 dc 00 	sts	0x00DC, r24	; 0x8000dc <__TEXT_REGION_LENGTH__+0x7f80dc>
    14aa:	80 91 dc 00 	lds	r24, 0x00DC	; 0x8000dc <__TEXT_REGION_LENGTH__+0x7f80dc>
    14ae:	88 23       	and	r24, r24
    14b0:	e4 f7       	brge	.-8      	; 0x14aa <twi1_write_byte+0xa>
    14b2:	80 91 d9 00 	lds	r24, 0x00D9	; 0x8000d9 <__TEXT_REGION_LENGTH__+0x7f80d9>
    14b6:	88 7f       	andi	r24, 0xF8	; 248
    14b8:	08 95       	ret

000014ba <twi1_read_ack>:
    14ba:	84 ec       	ldi	r24, 0xC4	; 196
    14bc:	80 93 dc 00 	sts	0x00DC, r24	; 0x8000dc <__TEXT_REGION_LENGTH__+0x7f80dc>
    14c0:	80 91 dc 00 	lds	r24, 0x00DC	; 0x8000dc <__TEXT_REGION_LENGTH__+0x7f80dc>
    14c4:	88 23       	and	r24, r24
    14c6:	e4 f7       	brge	.-8      	; 0x14c0 <twi1_read_ack+0x6>
    14c8:	80 91 db 00 	lds	r24, 0x00DB	; 0x8000db <__TEXT_REGION_LENGTH__+0x7f80db>
    14cc:	08 95       	ret

000014ce <twi1_read_nack>:
    14ce:	84 e8       	ldi	r24, 0x84	; 132
    14d0:	80 93 dc 00 	sts	0x00DC, r24	; 0x8000dc <__TEXT_REGION_LENGTH__+0x7f80dc>
    14d4:	80 91 dc 00 	lds	r24, 0x00DC	; 0x8000dc <__TEXT_REGION_LENGTH__+0x7f80dc>
    14d8:	88 23       	and	r24, r24
    14da:	e4 f7       	brge	.-8      	; 0x14d4 <twi1_read_nack+0x6>
    14dc:	80 91 db 00 	lds	r24, 0x00DB	; 0x8000db <__TEXT_REGION_LENGTH__+0x7f80db>
    14e0:	08 95       	ret

000014e2 <twi1_init>:
    14e2:	8e b1       	in	r24, 0x0e	; 14
    14e4:	83 60       	ori	r24, 0x03	; 3
    14e6:	8e b9       	out	0x0e, r24	; 14
    14e8:	10 92 d9 00 	sts	0x00D9, r1	; 0x8000d9 <__TEXT_REGION_LENGTH__+0x7f80d9>
    14ec:	82 e0       	ldi	r24, 0x02	; 2
    14ee:	80 93 d8 00 	sts	0x00D8, r24	; 0x8000d8 <__TEXT_REGION_LENGTH__+0x7f80d8>
    14f2:	84 e0       	ldi	r24, 0x04	; 4
    14f4:	80 93 dc 00 	sts	0x00DC, r24	; 0x8000dc <__TEXT_REGION_LENGTH__+0x7f80dc>
    14f8:	08 95       	ret

000014fa <twi1_write_register>:

uint8_t twi1_write_register(uint8_t address, uint8_t reg, uint8_t value)
{
    14fa:	0f 93       	push	r16
    14fc:	1f 93       	push	r17
    14fe:	cf 93       	push	r28
    1500:	df 93       	push	r29
    1502:	d8 2f       	mov	r29, r24
    1504:	16 2f       	mov	r17, r22
    1506:	04 2f       	mov	r16, r20
    if (!twi1_start()) { twi1_stop(); return 0; }
    1508:	0e 94 38 0a 	call	0x1470	; 0x1470 <twi1_start>
    150c:	c8 2f       	mov	r28, r24
    150e:	81 11       	cpse	r24, r1
    1510:	03 c0       	rjmp	.+6      	; 0x1518 <twi1_write_register+0x1e>
    1512:	0e 94 4c 0a 	call	0x1498	; 0x1498 <twi1_stop>
    1516:	1f c0       	rjmp	.+62     	; 0x1556 <twi1_write_register+0x5c>
    if (twi1_write_byte((uint8_t)(address << 1)) != 0x18U) { twi1_stop(); return 0; }
    1518:	8d 2f       	mov	r24, r29
    151a:	88 0f       	add	r24, r24
    151c:	0e 94 50 0a 	call	0x14a0	; 0x14a0 <twi1_write_byte>
    1520:	88 31       	cpi	r24, 0x18	; 24
    1522:	21 f0       	breq	.+8      	; 0x152c <twi1_write_register+0x32>
    1524:	0e 94 4c 0a 	call	0x1498	; 0x1498 <twi1_stop>
    1528:	c0 e0       	ldi	r28, 0x00	; 0
    152a:	15 c0       	rjmp	.+42     	; 0x1556 <twi1_write_register+0x5c>
    if (twi1_write_byte(reg) != 0x28U) { twi1_stop(); return 0; }
    152c:	81 2f       	mov	r24, r17
    152e:	0e 94 50 0a 	call	0x14a0	; 0x14a0 <twi1_write_byte>
    1532:	88 32       	cpi	r24, 0x28	; 40
    1534:	21 f0       	breq	.+8      	; 0x153e <twi1_write_register+0x44>
    1536:	0e 94 4c 0a 	call	0x1498	; 0x1498 <twi1_stop>
    153a:	c0 e0       	ldi	r28, 0x00	; 0
    153c:	0c c0       	rjmp	.+24     	; 0x1556 <twi1_write_register+0x5c>
    if (twi1_write_byte(value) != 0x28U) { twi1_stop(); return 0; }
    153e:	80 2f       	mov	r24, r16
    1540:	0e 94 50 0a 	call	0x14a0	; 0x14a0 <twi1_write_byte>
    1544:	88 32       	cpi	r24, 0x28	; 40
    1546:	21 f0       	breq	.+8      	; 0x1550 <twi1_write_register+0x56>
    1548:	0e 94 4c 0a 	call	0x1498	; 0x1498 <twi1_stop>
    154c:	c0 e0       	ldi	r28, 0x00	; 0
    154e:	03 c0       	rjmp	.+6      	; 0x1556 <twi1_write_register+0x5c>
    twi1_stop();
    1550:	0e 94 4c 0a 	call	0x1498	; 0x1498 <twi1_stop>
    return 1;
    1554:	c1 e0       	ldi	r28, 0x01	; 1
}
    1556:	8c 2f       	mov	r24, r28
    1558:	df 91       	pop	r29
    155a:	cf 91       	pop	r28
    155c:	1f 91       	pop	r17
    155e:	0f 91       	pop	r16
    1560:	08 95       	ret

00001562 <twi1_read_register>:

uint8_t twi1_read_register(uint8_t address, uint8_t reg, uint8_t *value)
{
    1562:	ef 92       	push	r14
    1564:	ff 92       	push	r15
    1566:	1f 93       	push	r17
    1568:	cf 93       	push	r28
    156a:	df 93       	push	r29
    156c:	d8 2f       	mov	r29, r24
    156e:	16 2f       	mov	r17, r22
    1570:	7a 01       	movw	r14, r20
    if (!twi1_start()) { twi1_stop(); return 0; }
    1572:	0e 94 38 0a 	call	0x1470	; 0x1470 <twi1_start>
    1576:	c8 2f       	mov	r28, r24
    1578:	81 11       	cpse	r24, r1
    157a:	03 c0       	rjmp	.+6      	; 0x1582 <twi1_read_register+0x20>
    157c:	0e 94 4c 0a 	call	0x1498	; 0x1498 <twi1_stop>
    1580:	2c c0       	rjmp	.+88     	; 0x15da <twi1_read_register+0x78>
    if (twi1_write_byte((uint8_t)(address << 1)) != 0x18U) { twi1_stop(); return 0; }
    1582:	dd 0f       	add	r29, r29
    1584:	8d 2f       	mov	r24, r29
    1586:	0e 94 50 0a 	call	0x14a0	; 0x14a0 <twi1_write_byte>
    158a:	88 31       	cpi	r24, 0x18	; 24
    158c:	21 f0       	breq	.+8      	; 0x1596 <twi1_read_register+0x34>
    158e:	0e 94 4c 0a 	call	0x1498	; 0x1498 <twi1_stop>
    1592:	c0 e0       	ldi	r28, 0x00	; 0
    1594:	22 c0       	rjmp	.+68     	; 0x15da <twi1_read_register+0x78>
    if (twi1_write_byte(reg) != 0x28U) { twi1_stop(); return 0; }
    1596:	81 2f       	mov	r24, r17
    1598:	0e 94 50 0a 	call	0x14a0	; 0x14a0 <twi1_write_byte>
    159c:	88 32       	cpi	r24, 0x28	; 40
    159e:	21 f0       	breq	.+8      	; 0x15a8 <twi1_read_register+0x46>
    15a0:	0e 94 4c 0a 	call	0x1498	; 0x1498 <twi1_stop>
    15a4:	c0 e0       	ldi	r28, 0x00	; 0
    15a6:	19 c0       	rjmp	.+50     	; 0x15da <twi1_read_register+0x78>
    if (!twi1_start()) { twi1_stop(); return 0; }
    15a8:	0e 94 38 0a 	call	0x1470	; 0x1470 <twi1_start>
    15ac:	c8 2f       	mov	r28, r24
    15ae:	81 11       	cpse	r24, r1
    15b0:	03 c0       	rjmp	.+6      	; 0x15b8 <twi1_read_register+0x56>
    15b2:	0e 94 4c 0a 	call	0x1498	; 0x1498 <twi1_stop>
    15b6:	11 c0       	rjmp	.+34     	; 0x15da <twi1_read_register+0x78>
    if (twi1_write_byte((uint8_t)((address << 1) | 1U)) != 0x40U) { twi1_stop(); return 0; }
    15b8:	8d 2f       	mov	r24, r29
    15ba:	81 60       	ori	r24, 0x01	; 1
    15bc:	0e 94 50 0a 	call	0x14a0	; 0x14a0 <twi1_write_byte>
    15c0:	80 34       	cpi	r24, 0x40	; 64
    15c2:	21 f0       	breq	.+8      	; 0x15cc <twi1_read_register+0x6a>
    15c4:	0e 94 4c 0a 	call	0x1498	; 0x1498 <twi1_stop>
    15c8:	c0 e0       	ldi	r28, 0x00	; 0
    15ca:	07 c0       	rjmp	.+14     	; 0x15da <twi1_read_register+0x78>
    *value = twi1_read_nack();
    15cc:	0e 94 67 0a 	call	0x14ce	; 0x14ce <twi1_read_nack>
    15d0:	f7 01       	movw	r30, r14
    15d2:	80 83       	st	Z, r24
    twi1_stop();
    15d4:	0e 94 4c 0a 	call	0x1498	; 0x1498 <twi1_stop>
    return 1;
    15d8:	c1 e0       	ldi	r28, 0x01	; 1
}
    15da:	8c 2f       	mov	r24, r28
    15dc:	df 91       	pop	r29
    15de:	cf 91       	pop	r28
    15e0:	1f 91       	pop	r17
    15e2:	ff 90       	pop	r15
    15e4:	ef 90       	pop	r14
    15e6:	08 95       	ret

000015e8 <twi1_read_block>:

uint8_t twi1_read_block(uint8_t address, uint8_t reg, uint8_t *buffer, uint8_t length)
{
    15e8:	ef 92       	push	r14
    15ea:	ff 92       	push	r15
    15ec:	0f 93       	push	r16
    15ee:	1f 93       	push	r17
    15f0:	cf 93       	push	r28
    15f2:	df 93       	push	r29
    if (length == 0U) return 0;
    15f4:	22 23       	and	r18, r18
    15f6:	09 f4       	brne	.+2      	; 0x15fa <twi1_read_block+0x12>
    15f8:	48 c0       	rjmp	.+144    	; 0x168a <twi1_read_block+0xa2>
    15fa:	c2 2f       	mov	r28, r18
    15fc:	7a 01       	movw	r14, r20
    15fe:	06 2f       	mov	r16, r22
    1600:	18 2f       	mov	r17, r24

    if (!twi1_start()) { twi1_stop(); return 0; }
    1602:	0e 94 38 0a 	call	0x1470	; 0x1470 <twi1_start>
    1606:	d8 2f       	mov	r29, r24
    1608:	81 11       	cpse	r24, r1
    160a:	03 c0       	rjmp	.+6      	; 0x1612 <twi1_read_block+0x2a>
    160c:	0e 94 4c 0a 	call	0x1498	; 0x1498 <twi1_stop>
    1610:	3d c0       	rjmp	.+122    	; 0x168c <twi1_read_block+0xa4>
    if (twi1_write_byte((uint8_t)(address << 1)) != 0x18U) { twi1_stop(); return 0; }
    1612:	11 0f       	add	r17, r17
    1614:	81 2f       	mov	r24, r17
    1616:	0e 94 50 0a 	call	0x14a0	; 0x14a0 <twi1_write_byte>
    161a:	88 31       	cpi	r24, 0x18	; 24
    161c:	21 f0       	breq	.+8      	; 0x1626 <twi1_read_block+0x3e>
    161e:	0e 94 4c 0a 	call	0x1498	; 0x1498 <twi1_stop>
    1622:	d0 e0       	ldi	r29, 0x00	; 0
    1624:	33 c0       	rjmp	.+102    	; 0x168c <twi1_read_block+0xa4>
    if (twi1_write_byte(reg) != 0x28U) { twi1_stop(); return 0; }
    1626:	80 2f       	mov	r24, r16
    1628:	0e 94 50 0a 	call	0x14a0	; 0x14a0 <twi1_write_byte>
    162c:	88 32       	cpi	r24, 0x28	; 40
    162e:	21 f0       	breq	.+8      	; 0x1638 <twi1_read_block+0x50>
    1630:	0e 94 4c 0a 	call	0x1498	; 0x1498 <twi1_stop>
    1634:	d0 e0       	ldi	r29, 0x00	; 0
    1636:	2a c0       	rjmp	.+84     	; 0x168c <twi1_read_block+0xa4>
    if (!twi1_start()) { twi1_stop(); return 0; }
    1638:	0e 94 38 0a 	call	0x1470	; 0x1470 <twi1_start>
    163c:	d8 2f       	mov	r29, r24
    163e:	81 11       	cpse	r24, r1
    1640:	03 c0       	rjmp	.+6      	; 0x1648 <twi1_read_block+0x60>
    1642:	0e 94 4c 0a 	call	0x1498	; 0x1498 <twi1_stop>
    1646:	22 c0       	rjmp	.+68     	; 0x168c <twi1_read_block+0xa4>
    if (twi1_write_byte((uint8_t)((address << 1) | 1U)) != 0x40U) { twi1_stop(); return 0; }
    1648:	81 2f       	mov	r24, r17
    164a:	81 60       	ori	r24, 0x01	; 1
    164c:	0e 94 50 0a 	call	0x14a0	; 0x14a0 <twi1_write_byte>
    1650:	80 34       	cpi	r24, 0x40	; 64
    1652:	a1 f0       	breq	.+40     	; 0x167c <twi1_read_block+0x94>
    1654:	0e 94 4c 0a 	call	0x1498	; 0x1498 <twi1_stop>
    1658:	d0 e0       	ldi	r29, 0x00	; 0
    165a:	18 c0       	rjmp	.+48     	; 0x168c <twi1_read_block+0xa4>

    for (uint8_t index = 0; index < length; index++) {
        buffer[index] = (index == (uint8_t)(length - 1U))
    165c:	87 01       	movw	r16, r14
    165e:	0d 0f       	add	r16, r29
    1660:	11 1d       	adc	r17, r1
    1662:	8f ef       	ldi	r24, 0xFF	; 255
    1664:	8c 0f       	add	r24, r28
    1666:	d8 13       	cpse	r29, r24
    1668:	03 c0       	rjmp	.+6      	; 0x1670 <twi1_read_block+0x88>
    166a:	0e 94 67 0a 	call	0x14ce	; 0x14ce <twi1_read_nack>
    166e:	02 c0       	rjmp	.+4      	; 0x1674 <twi1_read_block+0x8c>
    1670:	0e 94 5d 0a 	call	0x14ba	; 0x14ba <twi1_read_ack>
    1674:	f8 01       	movw	r30, r16
    1676:	80 83       	st	Z, r24
    if (twi1_write_byte((uint8_t)(address << 1)) != 0x18U) { twi1_stop(); return 0; }
    if (twi1_write_byte(reg) != 0x28U) { twi1_stop(); return 0; }
    if (!twi1_start()) { twi1_stop(); return 0; }
    if (twi1_write_byte((uint8_t)((address << 1) | 1U)) != 0x40U) { twi1_stop(); return 0; }

    for (uint8_t index = 0; index < length; index++) {
    1678:	df 5f       	subi	r29, 0xFF	; 255
    167a:	01 c0       	rjmp	.+2      	; 0x167e <twi1_read_block+0x96>
    167c:	d0 e0       	ldi	r29, 0x00	; 0
    167e:	dc 17       	cp	r29, r28
    1680:	68 f3       	brcs	.-38     	; 0x165c <twi1_read_block+0x74>
        buffer[index] = (index == (uint8_t)(length - 1U))
                      ? twi1_read_nack()
                      : twi1_read_ack();
    }

    twi1_stop();
    1682:	0e 94 4c 0a 	call	0x1498	; 0x1498 <twi1_stop>
    return 1;
    1686:	d1 e0       	ldi	r29, 0x01	; 1
    1688:	01 c0       	rjmp	.+2      	; 0x168c <twi1_read_block+0xa4>
    return 1;
}

uint8_t twi1_read_block(uint8_t address, uint8_t reg, uint8_t *buffer, uint8_t length)
{
    if (length == 0U) return 0;
    168a:	d0 e0       	ldi	r29, 0x00	; 0
                      : twi1_read_ack();
    }

    twi1_stop();
    return 1;
}
    168c:	8d 2f       	mov	r24, r29
    168e:	df 91       	pop	r29
    1690:	cf 91       	pop	r28
    1692:	1f 91       	pop	r17
    1694:	0f 91       	pop	r16
    1696:	ff 90       	pop	r15
    1698:	ef 90       	pop	r14
    169a:	08 95       	ret

0000169c <__vector_18>:
static volatile uint8_t rx_tail = 0U;
static volatile uint8_t rx_overflow = 0U;
static volatile char rx_buffer[UART0_RX_BUFFER_SIZE];

ISR(USART0_RX_vect)
{
    169c:	1f 92       	push	r1
    169e:	0f 92       	push	r0
    16a0:	0f b6       	in	r0, 0x3f	; 63
    16a2:	0f 92       	push	r0
    16a4:	11 24       	eor	r1, r1
    16a6:	2f 93       	push	r18
    16a8:	8f 93       	push	r24
    16aa:	9f 93       	push	r25
    16ac:	ef 93       	push	r30
    16ae:	ff 93       	push	r31
    char value = (char)UDR0;
    16b0:	20 91 c6 00 	lds	r18, 0x00C6	; 0x8000c6 <__TEXT_REGION_LENGTH__+0x7f80c6>
    uint8_t next = (uint8_t)((rx_head + 1U) & UART0_RX_BUFFER_MASK);
    16b4:	80 91 03 06 	lds	r24, 0x0603	; 0x800603 <rx_head>
    16b8:	8f 5f       	subi	r24, 0xFF	; 255
    16ba:	8f 77       	andi	r24, 0x7F	; 127

    if (next == rx_tail) {
    16bc:	90 91 02 06 	lds	r25, 0x0602	; 0x800602 <rx_tail>
    16c0:	89 13       	cpse	r24, r25
    16c2:	04 c0       	rjmp	.+8      	; 0x16cc <__vector_18+0x30>
        rx_overflow = 1U;
    16c4:	81 e0       	ldi	r24, 0x01	; 1
    16c6:	80 93 01 06 	sts	0x0601, r24	; 0x800601 <rx_overflow>
        return;
    16ca:	08 c0       	rjmp	.+16     	; 0x16dc <__vector_18+0x40>
    }

    rx_buffer[rx_head] = value;
    16cc:	e0 91 03 06 	lds	r30, 0x0603	; 0x800603 <rx_head>
    16d0:	f0 e0       	ldi	r31, 0x00	; 0
    16d2:	ef 57       	subi	r30, 0x7F	; 127
    16d4:	fa 4f       	sbci	r31, 0xFA	; 250
    16d6:	20 83       	st	Z, r18
    rx_head = next;
    16d8:	80 93 03 06 	sts	0x0603, r24	; 0x800603 <rx_head>
}
    16dc:	ff 91       	pop	r31
    16de:	ef 91       	pop	r30
    16e0:	9f 91       	pop	r25
    16e2:	8f 91       	pop	r24
    16e4:	2f 91       	pop	r18
    16e6:	0f 90       	pop	r0
    16e8:	0f be       	out	0x3f, r0	; 63
    16ea:	0f 90       	pop	r0
    16ec:	1f 90       	pop	r1
    16ee:	18 95       	reti

000016f0 <uart0_init>:

void uart0_init(void)
{
    UBRR0H = (uint8_t)(UBRR_VALUE >> 8);
    16f0:	10 92 c5 00 	sts	0x00C5, r1	; 0x8000c5 <__TEXT_REGION_LENGTH__+0x7f80c5>
    UBRR0L = (uint8_t)(UBRR_VALUE & 0xFFU);
    16f4:	8c e0       	ldi	r24, 0x0C	; 12
    16f6:	80 93 c4 00 	sts	0x00C4, r24	; 0x8000c4 <__TEXT_REGION_LENGTH__+0x7f80c4>
    UCSR0A = 0x00;
    16fa:	10 92 c0 00 	sts	0x00C0, r1	; 0x8000c0 <__TEXT_REGION_LENGTH__+0x7f80c0>
    UCSR0B = (1 << RXCIE0) | (1 << RXEN0) | (1 << TXEN0);
    16fe:	88 e9       	ldi	r24, 0x98	; 152
    1700:	80 93 c1 00 	sts	0x00C1, r24	; 0x8000c1 <__TEXT_REGION_LENGTH__+0x7f80c1>
    UCSR0C = (1 << UCSZ01) | (1 << UCSZ00); /* 8N1 */
    1704:	86 e0       	ldi	r24, 0x06	; 6
    1706:	80 93 c2 00 	sts	0x00C2, r24	; 0x8000c2 <__TEXT_REGION_LENGTH__+0x7f80c2>
    170a:	08 95       	ret

0000170c <uart0_putc>:
}

void uart0_putc(char c)
{
    while (!(UCSR0A & (1 << UDRE0))) {}
    170c:	90 91 c0 00 	lds	r25, 0x00C0	; 0x8000c0 <__TEXT_REGION_LENGTH__+0x7f80c0>
    1710:	95 ff       	sbrs	r25, 5
    1712:	fc cf       	rjmp	.-8      	; 0x170c <uart0_putc>
    UDR0 = c;
    1714:	80 93 c6 00 	sts	0x00C6, r24	; 0x8000c6 <__TEXT_REGION_LENGTH__+0x7f80c6>
    1718:	08 95       	ret

0000171a <uart0_print>:
}

void uart0_print(const char *s)
{
    171a:	cf 93       	push	r28
    171c:	df 93       	push	r29
    171e:	ec 01       	movw	r28, r24
    while (*s != '\0') uart0_putc(*s++);
    1720:	03 c0       	rjmp	.+6      	; 0x1728 <uart0_print+0xe>
    1722:	21 96       	adiw	r28, 0x01	; 1
    1724:	0e 94 86 0b 	call	0x170c	; 0x170c <uart0_putc>
    1728:	88 81       	ld	r24, Y
    172a:	81 11       	cpse	r24, r1
    172c:	fa cf       	rjmp	.-12     	; 0x1722 <uart0_print+0x8>
}
    172e:	df 91       	pop	r29
    1730:	cf 91       	pop	r28
    1732:	08 95       	ret

00001734 <uart0_print_hex8>:

void uart0_print_hex8(uint8_t value)
{
    1734:	cf 93       	push	r28
    1736:	c8 2f       	mov	r28, r24
    static const char hex[] = "0123456789ABCDEF";
    uart0_putc(hex[(value >> 4) & 0x0FU]);
    1738:	e8 2f       	mov	r30, r24
    173a:	e2 95       	swap	r30
    173c:	ef 70       	andi	r30, 0x0F	; 15
    173e:	f0 e0       	ldi	r31, 0x00	; 0
    1740:	e1 53       	subi	r30, 0x31	; 49
    1742:	fb 4f       	sbci	r31, 0xFB	; 251
    1744:	80 81       	ld	r24, Z
    1746:	0e 94 86 0b 	call	0x170c	; 0x170c <uart0_putc>
    uart0_putc(hex[value & 0x0FU]);
    174a:	cf 70       	andi	r28, 0x0F	; 15
    174c:	ec 2f       	mov	r30, r28
    174e:	f0 e0       	ldi	r31, 0x00	; 0
    1750:	e1 53       	subi	r30, 0x31	; 49
    1752:	fb 4f       	sbci	r31, 0xFB	; 251
    1754:	80 81       	ld	r24, Z
    1756:	0e 94 86 0b 	call	0x170c	; 0x170c <uart0_putc>
}
    175a:	cf 91       	pop	r28
    175c:	08 95       	ret

0000175e <uart0_print_uint16>:

void uart0_print_uint16(uint16_t value)
{
    175e:	1f 93       	push	r17
    1760:	cf 93       	push	r28
    1762:	df 93       	push	r29
    1764:	00 d0       	rcall	.+0      	; 0x1766 <uart0_print_uint16+0x8>
    1766:	00 d0       	rcall	.+0      	; 0x1768 <uart0_print_uint16+0xa>
    1768:	1f 92       	push	r1
    176a:	cd b7       	in	r28, 0x3d	; 61
    176c:	de b7       	in	r29, 0x3e	; 62
    176e:	ac 01       	movw	r20, r24
    char buffer[5];
    uint8_t count = 0U;

    if (value == 0U) {
    1770:	89 2b       	or	r24, r25
    1772:	91 f5       	brne	.+100    	; 0x17d8 <uart0_print_uint16+0x7a>
        uart0_putc('0');
    1774:	80 e3       	ldi	r24, 0x30	; 48
    1776:	0e 94 86 0b 	call	0x170c	; 0x170c <uart0_putc>
    177a:	3f c0       	rjmp	.+126    	; 0x17fa <uart0_print_uint16+0x9c>
        return;
    }

    while (value > 0U) {
        buffer[count++] = (char)('0' + (value % 10U));
    177c:	9a 01       	movw	r18, r20
    177e:	ad ec       	ldi	r26, 0xCD	; 205
    1780:	bc ec       	ldi	r27, 0xCC	; 204
    1782:	0e 94 53 0d 	call	0x1aa6	; 0x1aa6 <__umulhisi3>
    1786:	96 95       	lsr	r25
    1788:	87 95       	ror	r24
    178a:	96 95       	lsr	r25
    178c:	87 95       	ror	r24
    178e:	96 95       	lsr	r25
    1790:	87 95       	ror	r24
    1792:	9c 01       	movw	r18, r24
    1794:	22 0f       	add	r18, r18
    1796:	33 1f       	adc	r19, r19
    1798:	88 0f       	add	r24, r24
    179a:	99 1f       	adc	r25, r25
    179c:	88 0f       	add	r24, r24
    179e:	99 1f       	adc	r25, r25
    17a0:	88 0f       	add	r24, r24
    17a2:	99 1f       	adc	r25, r25
    17a4:	82 0f       	add	r24, r18
    17a6:	93 1f       	adc	r25, r19
    17a8:	9a 01       	movw	r18, r20
    17aa:	28 1b       	sub	r18, r24
    17ac:	39 0b       	sbc	r19, r25
    17ae:	c9 01       	movw	r24, r18
    17b0:	80 5d       	subi	r24, 0xD0	; 208
    17b2:	e1 e0       	ldi	r30, 0x01	; 1
    17b4:	f0 e0       	ldi	r31, 0x00	; 0
    17b6:	ec 0f       	add	r30, r28
    17b8:	fd 1f       	adc	r31, r29
    17ba:	e1 0f       	add	r30, r17
    17bc:	f1 1d       	adc	r31, r1
    17be:	80 83       	st	Z, r24
        value /= 10U;
    17c0:	9a 01       	movw	r18, r20
    17c2:	0e 94 53 0d 	call	0x1aa6	; 0x1aa6 <__umulhisi3>
    17c6:	ac 01       	movw	r20, r24
    17c8:	56 95       	lsr	r21
    17ca:	47 95       	ror	r20
    17cc:	56 95       	lsr	r21
    17ce:	47 95       	ror	r20
    17d0:	56 95       	lsr	r21
    17d2:	47 95       	ror	r20
        uart0_putc('0');
        return;
    }

    while (value > 0U) {
        buffer[count++] = (char)('0' + (value % 10U));
    17d4:	1f 5f       	subi	r17, 0xFF	; 255
    17d6:	01 c0       	rjmp	.+2      	; 0x17da <uart0_print_uint16+0x7c>
    17d8:	10 e0       	ldi	r17, 0x00	; 0
    if (value == 0U) {
        uart0_putc('0');
        return;
    }

    while (value > 0U) {
    17da:	41 15       	cp	r20, r1
    17dc:	51 05       	cpc	r21, r1
    17de:	71 f6       	brne	.-100    	; 0x177c <uart0_print_uint16+0x1e>
    17e0:	0a c0       	rjmp	.+20     	; 0x17f6 <uart0_print_uint16+0x98>
        buffer[count++] = (char)('0' + (value % 10U));
        value /= 10U;
    }

    while (count > 0U) uart0_putc(buffer[--count]);
    17e2:	11 50       	subi	r17, 0x01	; 1
    17e4:	e1 e0       	ldi	r30, 0x01	; 1
    17e6:	f0 e0       	ldi	r31, 0x00	; 0
    17e8:	ec 0f       	add	r30, r28
    17ea:	fd 1f       	adc	r31, r29
    17ec:	e1 0f       	add	r30, r17
    17ee:	f1 1d       	adc	r31, r1
    17f0:	80 81       	ld	r24, Z
    17f2:	0e 94 86 0b 	call	0x170c	; 0x170c <uart0_putc>
    17f6:	11 11       	cpse	r17, r1
    17f8:	f4 cf       	rjmp	.-24     	; 0x17e2 <uart0_print_uint16+0x84>
}
    17fa:	0f 90       	pop	r0
    17fc:	0f 90       	pop	r0
    17fe:	0f 90       	pop	r0
    1800:	0f 90       	pop	r0
    1802:	0f 90       	pop	r0
    1804:	df 91       	pop	r29
    1806:	cf 91       	pop	r28
    1808:	1f 91       	pop	r17
    180a:	08 95       	ret

0000180c <uart0_print_uint32>:

void uart0_print_uint32(uint32_t value)
{
    180c:	1f 93       	push	r17
    180e:	cf 93       	push	r28
    1810:	df 93       	push	r29
    1812:	cd b7       	in	r28, 0x3d	; 61
    1814:	de b7       	in	r29, 0x3e	; 62
    1816:	2a 97       	sbiw	r28, 0x0a	; 10
    1818:	0f b6       	in	r0, 0x3f	; 63
    181a:	f8 94       	cli
    181c:	de bf       	out	0x3e, r29	; 62
    181e:	0f be       	out	0x3f, r0	; 63
    1820:	cd bf       	out	0x3d, r28	; 61
    char buffer[10];
    uint8_t count = 0U;

    if (value == 0UL) {
    1822:	61 15       	cp	r22, r1
    1824:	71 05       	cpc	r23, r1
    1826:	81 05       	cpc	r24, r1
    1828:	91 05       	cpc	r25, r1
    182a:	c1 f4       	brne	.+48     	; 0x185c <uart0_print_uint32+0x50>
        uart0_putc('0');
    182c:	80 e3       	ldi	r24, 0x30	; 48
    182e:	0e 94 86 0b 	call	0x170c	; 0x170c <uart0_putc>
    1832:	27 c0       	rjmp	.+78     	; 0x1882 <uart0_print_uint32+0x76>
        return;
    }

    while (value > 0UL) {
        buffer[count++] = (char)('0' + (value % 10UL));
    1834:	2a e0       	ldi	r18, 0x0A	; 10
    1836:	30 e0       	ldi	r19, 0x00	; 0
    1838:	40 e0       	ldi	r20, 0x00	; 0
    183a:	50 e0       	ldi	r21, 0x00	; 0
    183c:	0e 94 12 0d 	call	0x1a24	; 0x1a24 <__udivmodsi4>
    1840:	60 5d       	subi	r22, 0xD0	; 208
    1842:	e1 e0       	ldi	r30, 0x01	; 1
    1844:	f0 e0       	ldi	r31, 0x00	; 0
    1846:	ec 0f       	add	r30, r28
    1848:	fd 1f       	adc	r31, r29
    184a:	e1 0f       	add	r30, r17
    184c:	f1 1d       	adc	r31, r1
    184e:	60 83       	st	Z, r22
        value /= 10UL;
    1850:	62 2f       	mov	r22, r18
    1852:	73 2f       	mov	r23, r19
    1854:	84 2f       	mov	r24, r20
    1856:	95 2f       	mov	r25, r21
        uart0_putc('0');
        return;
    }

    while (value > 0UL) {
        buffer[count++] = (char)('0' + (value % 10UL));
    1858:	1f 5f       	subi	r17, 0xFF	; 255
    185a:	01 c0       	rjmp	.+2      	; 0x185e <uart0_print_uint32+0x52>
    185c:	10 e0       	ldi	r17, 0x00	; 0
    if (value == 0UL) {
        uart0_putc('0');
        return;
    }

    while (value > 0UL) {
    185e:	61 15       	cp	r22, r1
    1860:	71 05       	cpc	r23, r1
    1862:	81 05       	cpc	r24, r1
    1864:	91 05       	cpc	r25, r1
    1866:	31 f7       	brne	.-52     	; 0x1834 <uart0_print_uint32+0x28>
    1868:	0a c0       	rjmp	.+20     	; 0x187e <uart0_print_uint32+0x72>
        buffer[count++] = (char)('0' + (value % 10UL));
        value /= 10UL;
    }

    while (count > 0U) uart0_putc(buffer[--count]);
    186a:	11 50       	subi	r17, 0x01	; 1
    186c:	e1 e0       	ldi	r30, 0x01	; 1
    186e:	f0 e0       	ldi	r31, 0x00	; 0
    1870:	ec 0f       	add	r30, r28
    1872:	fd 1f       	adc	r31, r29
    1874:	e1 0f       	add	r30, r17
    1876:	f1 1d       	adc	r31, r1
    1878:	80 81       	ld	r24, Z
    187a:	0e 94 86 0b 	call	0x170c	; 0x170c <uart0_putc>
    187e:	11 11       	cpse	r17, r1
    1880:	f4 cf       	rjmp	.-24     	; 0x186a <uart0_print_uint32+0x5e>
}
    1882:	2a 96       	adiw	r28, 0x0a	; 10
    1884:	0f b6       	in	r0, 0x3f	; 63
    1886:	f8 94       	cli
    1888:	de bf       	out	0x3e, r29	; 62
    188a:	0f be       	out	0x3f, r0	; 63
    188c:	cd bf       	out	0x3d, r28	; 61
    188e:	df 91       	pop	r29
    1890:	cf 91       	pop	r28
    1892:	1f 91       	pop	r17
    1894:	08 95       	ret

00001896 <uart0_print_int32>:

void uart0_print_int32(int32_t value)
{
    1896:	cf 92       	push	r12
    1898:	df 92       	push	r13
    189a:	ef 92       	push	r14
    189c:	ff 92       	push	r15
    189e:	6b 01       	movw	r12, r22
    18a0:	7c 01       	movw	r14, r24
    if (value < 0L) {
    18a2:	99 23       	and	r25, r25
    18a4:	5c f4       	brge	.+22     	; 0x18bc <uart0_print_int32+0x26>
        uart0_putc('-');
    18a6:	8d e2       	ldi	r24, 0x2D	; 45
    18a8:	0e 94 86 0b 	call	0x170c	; 0x170c <uart0_putc>
        value = -value;
    18ac:	f0 94       	com	r15
    18ae:	e0 94       	com	r14
    18b0:	d0 94       	com	r13
    18b2:	c0 94       	com	r12
    18b4:	c1 1c       	adc	r12, r1
    18b6:	d1 1c       	adc	r13, r1
    18b8:	e1 1c       	adc	r14, r1
    18ba:	f1 1c       	adc	r15, r1
    }
    uart0_print_uint32((uint32_t)value);
    18bc:	c7 01       	movw	r24, r14
    18be:	b6 01       	movw	r22, r12
    18c0:	0e 94 06 0c 	call	0x180c	; 0x180c <uart0_print_uint32>
}
    18c4:	ff 90       	pop	r15
    18c6:	ef 90       	pop	r14
    18c8:	df 90       	pop	r13
    18ca:	cf 90       	pop	r12
    18cc:	08 95       	ret

000018ce <uart0_print_fixed_2>:

void uart0_print_fixed_2(int32_t value_x100)
{
    18ce:	cf 92       	push	r12
    18d0:	df 92       	push	r13
    18d2:	ef 92       	push	r14
    18d4:	ff 92       	push	r15
    18d6:	cf 93       	push	r28
    18d8:	df 93       	push	r29
    18da:	6b 01       	movw	r12, r22
    18dc:	7c 01       	movw	r14, r24
    if (value_x100 < 0L) {
    18de:	99 23       	and	r25, r25
    18e0:	5c f4       	brge	.+22     	; 0x18f8 <uart0_print_fixed_2+0x2a>
        uart0_putc('-');
    18e2:	8d e2       	ldi	r24, 0x2D	; 45
    18e4:	0e 94 86 0b 	call	0x170c	; 0x170c <uart0_putc>
        value_x100 = -value_x100;
    18e8:	f0 94       	com	r15
    18ea:	e0 94       	com	r14
    18ec:	d0 94       	com	r13
    18ee:	c0 94       	com	r12
    18f0:	c1 1c       	adc	r12, r1
    18f2:	d1 1c       	adc	r13, r1
    18f4:	e1 1c       	adc	r14, r1
    18f6:	f1 1c       	adc	r15, r1
    }

    uart0_print_uint32((uint32_t)(value_x100 / 100L));
    18f8:	c7 01       	movw	r24, r14
    18fa:	b6 01       	movw	r22, r12
    18fc:	24 e6       	ldi	r18, 0x64	; 100
    18fe:	30 e0       	ldi	r19, 0x00	; 0
    1900:	40 e0       	ldi	r20, 0x00	; 0
    1902:	50 e0       	ldi	r21, 0x00	; 0
    1904:	0e 94 34 0d 	call	0x1a68	; 0x1a68 <__divmodsi4>
    1908:	d6 2f       	mov	r29, r22
    190a:	ca 01       	movw	r24, r20
    190c:	b9 01       	movw	r22, r18
    190e:	0e 94 06 0c 	call	0x180c	; 0x180c <uart0_print_uint32>
    uart0_putc('.');
    1912:	8e e2       	ldi	r24, 0x2E	; 46
    1914:	0e 94 86 0b 	call	0x170c	; 0x170c <uart0_putc>

    uint8_t fraction = (uint8_t)(value_x100 % 100L);
    uart0_putc((char)('0' + (fraction / 10U)));
    1918:	cd ec       	ldi	r28, 0xCD	; 205
    191a:	dc 9f       	mul	r29, r28
    191c:	c1 2d       	mov	r28, r1
    191e:	11 24       	eor	r1, r1
    1920:	c6 95       	lsr	r28
    1922:	c6 95       	lsr	r28
    1924:	c6 95       	lsr	r28
    1926:	80 e3       	ldi	r24, 0x30	; 48
    1928:	8c 0f       	add	r24, r28
    192a:	0e 94 86 0b 	call	0x170c	; 0x170c <uart0_putc>
    uart0_putc((char)('0' + (fraction % 10U)));
    192e:	cc 0f       	add	r28, r28
    1930:	8c 2f       	mov	r24, r28
    1932:	88 0f       	add	r24, r24
    1934:	88 0f       	add	r24, r24
    1936:	c8 0f       	add	r28, r24
    1938:	8d 2f       	mov	r24, r29
    193a:	8c 1b       	sub	r24, r28
    193c:	80 5d       	subi	r24, 0xD0	; 208
    193e:	0e 94 86 0b 	call	0x170c	; 0x170c <uart0_putc>
}
    1942:	df 91       	pop	r29
    1944:	cf 91       	pop	r28
    1946:	ff 90       	pop	r15
    1948:	ef 90       	pop	r14
    194a:	df 90       	pop	r13
    194c:	cf 90       	pop	r12
    194e:	08 95       	ret

00001950 <uart0_readline>:

uint8_t uart0_readline(char *destination, uint8_t destination_size)
{
    1950:	dc 01       	movw	r26, r24
    static char line[UART0_COMMAND_MAX_LENGTH];
    static uint8_t length = 0U;

    while (rx_tail != rx_head) {
    1952:	5a c0       	rjmp	.+180    	; 0x1a08 <uart0_readline+0xb8>
        char value = rx_buffer[rx_tail];
    1954:	e0 91 02 06 	lds	r30, 0x0602	; 0x800602 <rx_tail>
    1958:	f0 e0       	ldi	r31, 0x00	; 0
    195a:	ef 57       	subi	r30, 0x7F	; 127
    195c:	fa 4f       	sbci	r31, 0xFA	; 250
    195e:	80 81       	ld	r24, Z
        rx_tail = (uint8_t)((rx_tail + 1U) & UART0_RX_BUFFER_MASK);
    1960:	90 91 02 06 	lds	r25, 0x0602	; 0x800602 <rx_tail>
    1964:	9f 5f       	subi	r25, 0xFF	; 255
    1966:	9f 77       	andi	r25, 0x7F	; 127
    1968:	90 93 02 06 	sts	0x0602, r25	; 0x800602 <rx_tail>

        if (value == '\r' || value == '\n') {
    196c:	8d 30       	cpi	r24, 0x0D	; 13
    196e:	11 f0       	breq	.+4      	; 0x1974 <uart0_readline+0x24>
    1970:	8a 30       	cpi	r24, 0x0A	; 10
    1972:	39 f5       	brne	.+78     	; 0x19c2 <uart0_readline+0x72>
            if (length == 0U) continue;
    1974:	e0 91 80 05 	lds	r30, 0x0580	; 0x800580 <length.1688>
    1978:	ee 23       	and	r30, r30
    197a:	09 f4       	brne	.+2      	; 0x197e <uart0_readline+0x2e>
    197c:	45 c0       	rjmp	.+138    	; 0x1a08 <uart0_readline+0xb8>

            line[length] = '\0';
    197e:	f0 e0       	ldi	r31, 0x00	; 0
    1980:	e0 5e       	subi	r30, 0xE0	; 224
    1982:	fa 4f       	sbci	r31, 0xFA	; 250
    1984:	10 82       	st	Z, r1
            uint8_t index = 0U;
    1986:	90 e0       	ldi	r25, 0x00	; 0
            while (index + 1U < destination_size && line[index] != '\0') {
    1988:	05 c0       	rjmp	.+10     	; 0x1994 <uart0_readline+0x44>
                destination[index] = line[index];
    198a:	fd 01       	movw	r30, r26
    198c:	e2 0f       	add	r30, r18
    198e:	f3 1f       	adc	r31, r19
    1990:	40 83       	st	Z, r20
                index++;
    1992:	9f 5f       	subi	r25, 0xFF	; 255
        if (value == '\r' || value == '\n') {
            if (length == 0U) continue;

            line[length] = '\0';
            uint8_t index = 0U;
            while (index + 1U < destination_size && line[index] != '\0') {
    1994:	29 2f       	mov	r18, r25
    1996:	30 e0       	ldi	r19, 0x00	; 0
    1998:	f9 01       	movw	r30, r18
    199a:	31 96       	adiw	r30, 0x01	; 1
    199c:	46 2f       	mov	r20, r22
    199e:	50 e0       	ldi	r21, 0x00	; 0
    19a0:	e4 17       	cp	r30, r20
    19a2:	f5 07       	cpc	r31, r21
    19a4:	30 f4       	brcc	.+12     	; 0x19b2 <uart0_readline+0x62>
    19a6:	f9 01       	movw	r30, r18
    19a8:	e0 5e       	subi	r30, 0xE0	; 224
    19aa:	fa 4f       	sbci	r31, 0xFA	; 250
    19ac:	40 81       	ld	r20, Z
    19ae:	41 11       	cpse	r20, r1
    19b0:	ec cf       	rjmp	.-40     	; 0x198a <uart0_readline+0x3a>
                destination[index] = line[index];
                index++;
            }
            destination[index] = '\0';
    19b2:	fd 01       	movw	r30, r26
    19b4:	e2 0f       	add	r30, r18
    19b6:	f3 1f       	adc	r31, r19
    19b8:	10 82       	st	Z, r1
            length = 0U;
    19ba:	10 92 80 05 	sts	0x0580, r1	; 0x800580 <length.1688>
            return 1U;
    19be:	81 e0       	ldi	r24, 0x01	; 1
    19c0:	08 95       	ret
        }

        if (value == '\b' || value == 0x7F) {
    19c2:	88 30       	cpi	r24, 0x08	; 8
    19c4:	11 f0       	breq	.+4      	; 0x19ca <uart0_readline+0x7a>
    19c6:	8f 37       	cpi	r24, 0x7F	; 127
    19c8:	41 f4       	brne	.+16     	; 0x19da <uart0_readline+0x8a>
            if (length > 0U) length--;
    19ca:	80 91 80 05 	lds	r24, 0x0580	; 0x800580 <length.1688>
    19ce:	88 23       	and	r24, r24
    19d0:	d9 f0       	breq	.+54     	; 0x1a08 <uart0_readline+0xb8>
    19d2:	81 50       	subi	r24, 0x01	; 1
    19d4:	80 93 80 05 	sts	0x0580, r24	; 0x800580 <length.1688>
            continue;
    19d8:	17 c0       	rjmp	.+46     	; 0x1a08 <uart0_readline+0xb8>
        }

        if (length + 1U < sizeof(line)) {
    19da:	e0 91 80 05 	lds	r30, 0x0580	; 0x800580 <length.1688>
    19de:	2e 2f       	mov	r18, r30
    19e0:	30 e0       	ldi	r19, 0x00	; 0
    19e2:	2f 5f       	subi	r18, 0xFF	; 255
    19e4:	3f 4f       	sbci	r19, 0xFF	; 255
    19e6:	20 36       	cpi	r18, 0x60	; 96
    19e8:	31 05       	cpc	r19, r1
    19ea:	48 f4       	brcc	.+18     	; 0x19fe <uart0_readline+0xae>
            line[length++] = value;
    19ec:	91 e0       	ldi	r25, 0x01	; 1
    19ee:	9e 0f       	add	r25, r30
    19f0:	90 93 80 05 	sts	0x0580, r25	; 0x800580 <length.1688>
    19f4:	f0 e0       	ldi	r31, 0x00	; 0
    19f6:	e0 5e       	subi	r30, 0xE0	; 224
    19f8:	fa 4f       	sbci	r31, 0xFA	; 250
    19fa:	80 83       	st	Z, r24
    19fc:	05 c0       	rjmp	.+10     	; 0x1a08 <uart0_readline+0xb8>
        } else {
            length = 0U;
    19fe:	10 92 80 05 	sts	0x0580, r1	; 0x800580 <length.1688>
            rx_overflow = 1U;
    1a02:	81 e0       	ldi	r24, 0x01	; 1
    1a04:	80 93 01 06 	sts	0x0601, r24	; 0x800601 <rx_overflow>
uint8_t uart0_readline(char *destination, uint8_t destination_size)
{
    static char line[UART0_COMMAND_MAX_LENGTH];
    static uint8_t length = 0U;

    while (rx_tail != rx_head) {
    1a08:	90 91 02 06 	lds	r25, 0x0602	; 0x800602 <rx_tail>
    1a0c:	80 91 03 06 	lds	r24, 0x0603	; 0x800603 <rx_head>
    1a10:	98 13       	cpse	r25, r24
    1a12:	a0 cf       	rjmp	.-192    	; 0x1954 <uart0_readline+0x4>
            length = 0U;
            rx_overflow = 1U;
        }
    }

    return 0U;
    1a14:	80 e0       	ldi	r24, 0x00	; 0
}
    1a16:	08 95       	ret

00001a18 <uart0_rx_overflowed>:

uint8_t uart0_rx_overflowed(void)
{
    return rx_overflow;
    1a18:	80 91 01 06 	lds	r24, 0x0601	; 0x800601 <rx_overflow>
}
    1a1c:	08 95       	ret

00001a1e <uart0_clear_rx_overflow>:

void uart0_clear_rx_overflow(void)
{
    rx_overflow = 0U;
    1a1e:	10 92 01 06 	sts	0x0601, r1	; 0x800601 <rx_overflow>
    1a22:	08 95       	ret

00001a24 <__udivmodsi4>:
    1a24:	a1 e2       	ldi	r26, 0x21	; 33
    1a26:	1a 2e       	mov	r1, r26
    1a28:	aa 1b       	sub	r26, r26
    1a2a:	bb 1b       	sub	r27, r27
    1a2c:	fd 01       	movw	r30, r26
    1a2e:	0d c0       	rjmp	.+26     	; 0x1a4a <__udivmodsi4_ep>

00001a30 <__udivmodsi4_loop>:
    1a30:	aa 1f       	adc	r26, r26
    1a32:	bb 1f       	adc	r27, r27
    1a34:	ee 1f       	adc	r30, r30
    1a36:	ff 1f       	adc	r31, r31
    1a38:	a2 17       	cp	r26, r18
    1a3a:	b3 07       	cpc	r27, r19
    1a3c:	e4 07       	cpc	r30, r20
    1a3e:	f5 07       	cpc	r31, r21
    1a40:	20 f0       	brcs	.+8      	; 0x1a4a <__udivmodsi4_ep>
    1a42:	a2 1b       	sub	r26, r18
    1a44:	b3 0b       	sbc	r27, r19
    1a46:	e4 0b       	sbc	r30, r20
    1a48:	f5 0b       	sbc	r31, r21

00001a4a <__udivmodsi4_ep>:
    1a4a:	66 1f       	adc	r22, r22
    1a4c:	77 1f       	adc	r23, r23
    1a4e:	88 1f       	adc	r24, r24
    1a50:	99 1f       	adc	r25, r25
    1a52:	1a 94       	dec	r1
    1a54:	69 f7       	brne	.-38     	; 0x1a30 <__udivmodsi4_loop>
    1a56:	60 95       	com	r22
    1a58:	70 95       	com	r23
    1a5a:	80 95       	com	r24
    1a5c:	90 95       	com	r25
    1a5e:	9b 01       	movw	r18, r22
    1a60:	ac 01       	movw	r20, r24
    1a62:	bd 01       	movw	r22, r26
    1a64:	cf 01       	movw	r24, r30
    1a66:	08 95       	ret

00001a68 <__divmodsi4>:
    1a68:	05 2e       	mov	r0, r21
    1a6a:	97 fb       	bst	r25, 7
    1a6c:	1e f4       	brtc	.+6      	; 0x1a74 <__divmodsi4+0xc>
    1a6e:	00 94       	com	r0
    1a70:	0e 94 4b 0d 	call	0x1a96	; 0x1a96 <__negsi2>
    1a74:	57 fd       	sbrc	r21, 7
    1a76:	07 d0       	rcall	.+14     	; 0x1a86 <__divmodsi4_neg2>
    1a78:	0e 94 12 0d 	call	0x1a24	; 0x1a24 <__udivmodsi4>
    1a7c:	07 fc       	sbrc	r0, 7
    1a7e:	03 d0       	rcall	.+6      	; 0x1a86 <__divmodsi4_neg2>
    1a80:	4e f4       	brtc	.+18     	; 0x1a94 <__divmodsi4_exit>
    1a82:	0c 94 4b 0d 	jmp	0x1a96	; 0x1a96 <__negsi2>

00001a86 <__divmodsi4_neg2>:
    1a86:	50 95       	com	r21
    1a88:	40 95       	com	r20
    1a8a:	30 95       	com	r19
    1a8c:	21 95       	neg	r18
    1a8e:	3f 4f       	sbci	r19, 0xFF	; 255
    1a90:	4f 4f       	sbci	r20, 0xFF	; 255
    1a92:	5f 4f       	sbci	r21, 0xFF	; 255

00001a94 <__divmodsi4_exit>:
    1a94:	08 95       	ret

00001a96 <__negsi2>:
    1a96:	90 95       	com	r25
    1a98:	80 95       	com	r24
    1a9a:	70 95       	com	r23
    1a9c:	61 95       	neg	r22
    1a9e:	7f 4f       	sbci	r23, 0xFF	; 255
    1aa0:	8f 4f       	sbci	r24, 0xFF	; 255
    1aa2:	9f 4f       	sbci	r25, 0xFF	; 255
    1aa4:	08 95       	ret

00001aa6 <__umulhisi3>:
    1aa6:	a2 9f       	mul	r26, r18
    1aa8:	b0 01       	movw	r22, r0
    1aaa:	b3 9f       	mul	r27, r19
    1aac:	c0 01       	movw	r24, r0
    1aae:	a3 9f       	mul	r26, r19
    1ab0:	70 0d       	add	r23, r0
    1ab2:	81 1d       	adc	r24, r1
    1ab4:	11 24       	eor	r1, r1
    1ab6:	91 1d       	adc	r25, r1
    1ab8:	b2 9f       	mul	r27, r18
    1aba:	70 0d       	add	r23, r0
    1abc:	81 1d       	adc	r24, r1
    1abe:	11 24       	eor	r1, r1
    1ac0:	91 1d       	adc	r25, r1
    1ac2:	08 95       	ret

00001ac4 <__muluhisi3>:
    1ac4:	0e 94 53 0d 	call	0x1aa6	; 0x1aa6 <__umulhisi3>
    1ac8:	a5 9f       	mul	r26, r21
    1aca:	90 0d       	add	r25, r0
    1acc:	b4 9f       	mul	r27, r20
    1ace:	90 0d       	add	r25, r0
    1ad0:	a4 9f       	mul	r26, r20
    1ad2:	80 0d       	add	r24, r0
    1ad4:	91 1d       	adc	r25, r1
    1ad6:	11 24       	eor	r1, r1
    1ad8:	08 95       	ret

00001ada <__muldi3>:
    1ada:	df 93       	push	r29
    1adc:	cf 93       	push	r28
    1ade:	1f 93       	push	r17
    1ae0:	0f 93       	push	r16
    1ae2:	9a 9d       	mul	r25, r10
    1ae4:	f0 2d       	mov	r31, r0
    1ae6:	21 9f       	mul	r18, r17
    1ae8:	f0 0d       	add	r31, r0
    1aea:	8b 9d       	mul	r24, r11
    1aec:	f0 0d       	add	r31, r0
    1aee:	8a 9d       	mul	r24, r10
    1af0:	e0 2d       	mov	r30, r0
    1af2:	f1 0d       	add	r31, r1
    1af4:	03 9f       	mul	r16, r19
    1af6:	f0 0d       	add	r31, r0
    1af8:	02 9f       	mul	r16, r18
    1afa:	e0 0d       	add	r30, r0
    1afc:	f1 1d       	adc	r31, r1
    1afe:	4e 9d       	mul	r20, r14
    1b00:	e0 0d       	add	r30, r0
    1b02:	f1 1d       	adc	r31, r1
    1b04:	5e 9d       	mul	r21, r14
    1b06:	f0 0d       	add	r31, r0
    1b08:	4f 9d       	mul	r20, r15
    1b0a:	f0 0d       	add	r31, r0
    1b0c:	7f 93       	push	r23
    1b0e:	6f 93       	push	r22
    1b10:	bf 92       	push	r11
    1b12:	af 92       	push	r10
    1b14:	5f 93       	push	r21
    1b16:	4f 93       	push	r20
    1b18:	d5 01       	movw	r26, r10
    1b1a:	0e 94 53 0d 	call	0x1aa6	; 0x1aa6 <__umulhisi3>
    1b1e:	8b 01       	movw	r16, r22
    1b20:	ac 01       	movw	r20, r24
    1b22:	d7 01       	movw	r26, r14
    1b24:	0e 94 53 0d 	call	0x1aa6	; 0x1aa6 <__umulhisi3>
    1b28:	eb 01       	movw	r28, r22
    1b2a:	e8 0f       	add	r30, r24
    1b2c:	f9 1f       	adc	r31, r25
    1b2e:	d6 01       	movw	r26, r12
    1b30:	0e 94 bd 0d 	call	0x1b7a	; 0x1b7a <__muldi3_6>
    1b34:	2f 91       	pop	r18
    1b36:	3f 91       	pop	r19
    1b38:	d6 01       	movw	r26, r12
    1b3a:	0e 94 53 0d 	call	0x1aa6	; 0x1aa6 <__umulhisi3>
    1b3e:	c6 0f       	add	r28, r22
    1b40:	d7 1f       	adc	r29, r23
    1b42:	e8 1f       	adc	r30, r24
    1b44:	f9 1f       	adc	r31, r25
    1b46:	af 91       	pop	r26
    1b48:	bf 91       	pop	r27
    1b4a:	0e 94 bd 0d 	call	0x1b7a	; 0x1b7a <__muldi3_6>
    1b4e:	2f 91       	pop	r18
    1b50:	3f 91       	pop	r19
    1b52:	0e 94 53 0d 	call	0x1aa6	; 0x1aa6 <__umulhisi3>
    1b56:	c6 0f       	add	r28, r22
    1b58:	d7 1f       	adc	r29, r23
    1b5a:	e8 1f       	adc	r30, r24
    1b5c:	f9 1f       	adc	r31, r25
    1b5e:	d6 01       	movw	r26, r12
    1b60:	0e 94 53 0d 	call	0x1aa6	; 0x1aa6 <__umulhisi3>
    1b64:	e6 0f       	add	r30, r22
    1b66:	f7 1f       	adc	r31, r23
    1b68:	98 01       	movw	r18, r16
    1b6a:	be 01       	movw	r22, r28
    1b6c:	cf 01       	movw	r24, r30
    1b6e:	11 24       	eor	r1, r1
    1b70:	0f 91       	pop	r16
    1b72:	1f 91       	pop	r17
    1b74:	cf 91       	pop	r28
    1b76:	df 91       	pop	r29
    1b78:	08 95       	ret

00001b7a <__muldi3_6>:
    1b7a:	0e 94 53 0d 	call	0x1aa6	; 0x1aa6 <__umulhisi3>
    1b7e:	46 0f       	add	r20, r22
    1b80:	57 1f       	adc	r21, r23
    1b82:	c8 1f       	adc	r28, r24
    1b84:	d9 1f       	adc	r29, r25
    1b86:	08 f4       	brcc	.+2      	; 0x1b8a <__muldi3_6+0x10>
    1b88:	31 96       	adiw	r30, 0x01	; 1
    1b8a:	08 95       	ret

00001b8c <__moddi3>:
    1b8c:	68 94       	set
    1b8e:	01 c0       	rjmp	.+2      	; 0x1b92 <__divdi3_moddi3>

00001b90 <__divdi3>:
    1b90:	e8 94       	clt

00001b92 <__divdi3_moddi3>:
    1b92:	f9 2f       	mov	r31, r25
    1b94:	f1 2b       	or	r31, r17
    1b96:	12 f0       	brmi	.+4      	; 0x1b9c <__divdi3_moddi3+0xa>
    1b98:	0c 94 fa 0d 	jmp	0x1bf4	; 0x1bf4 <__udivdi3_umoddi3>
    1b9c:	a0 e0       	ldi	r26, 0x00	; 0
    1b9e:	b0 e0       	ldi	r27, 0x00	; 0
    1ba0:	e4 ed       	ldi	r30, 0xD4	; 212
    1ba2:	fd e0       	ldi	r31, 0x0D	; 13
    1ba4:	0c 94 6c 0e 	jmp	0x1cd8	; 0x1cd8 <__prologue_saves__+0xc>
    1ba8:	09 2e       	mov	r0, r25
    1baa:	05 94       	asr	r0
    1bac:	22 f4       	brpl	.+8      	; 0x1bb6 <__divdi3_moddi3+0x24>
    1bae:	0e 94 56 0e 	call	0x1cac	; 0x1cac <__negdi2>
    1bb2:	11 23       	and	r17, r17
    1bb4:	92 f4       	brpl	.+36     	; 0x1bda <__divdi3_moddi3+0x48>
    1bb6:	f0 e8       	ldi	r31, 0x80	; 128
    1bb8:	0f 26       	eor	r0, r31
    1bba:	ff ef       	ldi	r31, 0xFF	; 255
    1bbc:	e0 94       	com	r14
    1bbe:	f0 94       	com	r15
    1bc0:	00 95       	com	r16
    1bc2:	10 95       	com	r17
    1bc4:	b0 94       	com	r11
    1bc6:	c0 94       	com	r12
    1bc8:	d0 94       	com	r13
    1bca:	a1 94       	neg	r10
    1bcc:	bf 0a       	sbc	r11, r31
    1bce:	cf 0a       	sbc	r12, r31
    1bd0:	df 0a       	sbc	r13, r31
    1bd2:	ef 0a       	sbc	r14, r31
    1bd4:	ff 0a       	sbc	r15, r31
    1bd6:	0f 0b       	sbc	r16, r31
    1bd8:	1f 0b       	sbc	r17, r31
    1bda:	0e 94 05 0e 	call	0x1c0a	; 0x1c0a <__udivmod64>
    1bde:	07 fc       	sbrc	r0, 7
    1be0:	0e 94 56 0e 	call	0x1cac	; 0x1cac <__negdi2>
    1be4:	cd b7       	in	r28, 0x3d	; 61
    1be6:	de b7       	in	r29, 0x3e	; 62
    1be8:	ec e0       	ldi	r30, 0x0C	; 12
    1bea:	0c 94 88 0e 	jmp	0x1d10	; 0x1d10 <__epilogue_restores__+0xc>

00001bee <__umoddi3>:
    1bee:	68 94       	set
    1bf0:	01 c0       	rjmp	.+2      	; 0x1bf4 <__udivdi3_umoddi3>

00001bf2 <__udivdi3>:
    1bf2:	e8 94       	clt

00001bf4 <__udivdi3_umoddi3>:
    1bf4:	8f 92       	push	r8
    1bf6:	9f 92       	push	r9
    1bf8:	cf 93       	push	r28
    1bfa:	df 93       	push	r29
    1bfc:	0e 94 05 0e 	call	0x1c0a	; 0x1c0a <__udivmod64>
    1c00:	df 91       	pop	r29
    1c02:	cf 91       	pop	r28
    1c04:	9f 90       	pop	r9
    1c06:	8f 90       	pop	r8
    1c08:	08 95       	ret

00001c0a <__udivmod64>:
    1c0a:	88 24       	eor	r8, r8
    1c0c:	99 24       	eor	r9, r9
    1c0e:	f4 01       	movw	r30, r8
    1c10:	e4 01       	movw	r28, r8
    1c12:	b0 e4       	ldi	r27, 0x40	; 64
    1c14:	9f 93       	push	r25
    1c16:	aa 27       	eor	r26, r26
    1c18:	9a 15       	cp	r25, r10
    1c1a:	8b 04       	cpc	r8, r11
    1c1c:	9c 04       	cpc	r9, r12
    1c1e:	ed 05       	cpc	r30, r13
    1c20:	fe 05       	cpc	r31, r14
    1c22:	cf 05       	cpc	r28, r15
    1c24:	d0 07       	cpc	r29, r16
    1c26:	a1 07       	cpc	r26, r17
    1c28:	98 f4       	brcc	.+38     	; 0x1c50 <__udivmod64+0x46>
    1c2a:	ad 2f       	mov	r26, r29
    1c2c:	dc 2f       	mov	r29, r28
    1c2e:	cf 2f       	mov	r28, r31
    1c30:	fe 2f       	mov	r31, r30
    1c32:	e9 2d       	mov	r30, r9
    1c34:	98 2c       	mov	r9, r8
    1c36:	89 2e       	mov	r8, r25
    1c38:	98 2f       	mov	r25, r24
    1c3a:	87 2f       	mov	r24, r23
    1c3c:	76 2f       	mov	r23, r22
    1c3e:	65 2f       	mov	r22, r21
    1c40:	54 2f       	mov	r21, r20
    1c42:	43 2f       	mov	r20, r19
    1c44:	32 2f       	mov	r19, r18
    1c46:	22 27       	eor	r18, r18
    1c48:	b8 50       	subi	r27, 0x08	; 8
    1c4a:	31 f7       	brne	.-52     	; 0x1c18 <__udivmod64+0xe>
    1c4c:	bf 91       	pop	r27
    1c4e:	27 c0       	rjmp	.+78     	; 0x1c9e <__udivmod64+0x94>
    1c50:	1b 2e       	mov	r1, r27
    1c52:	bf 91       	pop	r27
    1c54:	bb 27       	eor	r27, r27
    1c56:	22 0f       	add	r18, r18
    1c58:	33 1f       	adc	r19, r19
    1c5a:	44 1f       	adc	r20, r20
    1c5c:	55 1f       	adc	r21, r21
    1c5e:	66 1f       	adc	r22, r22
    1c60:	77 1f       	adc	r23, r23
    1c62:	88 1f       	adc	r24, r24
    1c64:	99 1f       	adc	r25, r25
    1c66:	88 1c       	adc	r8, r8
    1c68:	99 1c       	adc	r9, r9
    1c6a:	ee 1f       	adc	r30, r30
    1c6c:	ff 1f       	adc	r31, r31
    1c6e:	cc 1f       	adc	r28, r28
    1c70:	dd 1f       	adc	r29, r29
    1c72:	aa 1f       	adc	r26, r26
    1c74:	bb 1f       	adc	r27, r27
    1c76:	8a 14       	cp	r8, r10
    1c78:	9b 04       	cpc	r9, r11
    1c7a:	ec 05       	cpc	r30, r12
    1c7c:	fd 05       	cpc	r31, r13
    1c7e:	ce 05       	cpc	r28, r14
    1c80:	df 05       	cpc	r29, r15
    1c82:	a0 07       	cpc	r26, r16
    1c84:	b1 07       	cpc	r27, r17
    1c86:	48 f0       	brcs	.+18     	; 0x1c9a <__udivmod64+0x90>
    1c88:	8a 18       	sub	r8, r10
    1c8a:	9b 08       	sbc	r9, r11
    1c8c:	ec 09       	sbc	r30, r12
    1c8e:	fd 09       	sbc	r31, r13
    1c90:	ce 09       	sbc	r28, r14
    1c92:	df 09       	sbc	r29, r15
    1c94:	a0 0b       	sbc	r26, r16
    1c96:	b1 0b       	sbc	r27, r17
    1c98:	21 60       	ori	r18, 0x01	; 1
    1c9a:	1a 94       	dec	r1
    1c9c:	e1 f6       	brne	.-72     	; 0x1c56 <__udivmod64+0x4c>
    1c9e:	2e f4       	brtc	.+10     	; 0x1caa <__udivmod64+0xa0>
    1ca0:	94 01       	movw	r18, r8
    1ca2:	af 01       	movw	r20, r30
    1ca4:	be 01       	movw	r22, r28
    1ca6:	cd 01       	movw	r24, r26
    1ca8:	00 0c       	add	r0, r0
    1caa:	08 95       	ret

00001cac <__negdi2>:
    1cac:	60 95       	com	r22
    1cae:	70 95       	com	r23
    1cb0:	80 95       	com	r24
    1cb2:	90 95       	com	r25
    1cb4:	30 95       	com	r19
    1cb6:	40 95       	com	r20
    1cb8:	50 95       	com	r21
    1cba:	21 95       	neg	r18
    1cbc:	3f 4f       	sbci	r19, 0xFF	; 255
    1cbe:	4f 4f       	sbci	r20, 0xFF	; 255
    1cc0:	5f 4f       	sbci	r21, 0xFF	; 255
    1cc2:	6f 4f       	sbci	r22, 0xFF	; 255
    1cc4:	7f 4f       	sbci	r23, 0xFF	; 255
    1cc6:	8f 4f       	sbci	r24, 0xFF	; 255
    1cc8:	9f 4f       	sbci	r25, 0xFF	; 255
    1cca:	08 95       	ret

00001ccc <__prologue_saves__>:
    1ccc:	2f 92       	push	r2
    1cce:	3f 92       	push	r3
    1cd0:	4f 92       	push	r4
    1cd2:	5f 92       	push	r5
    1cd4:	6f 92       	push	r6
    1cd6:	7f 92       	push	r7
    1cd8:	8f 92       	push	r8
    1cda:	9f 92       	push	r9
    1cdc:	af 92       	push	r10
    1cde:	bf 92       	push	r11
    1ce0:	cf 92       	push	r12
    1ce2:	df 92       	push	r13
    1ce4:	ef 92       	push	r14
    1ce6:	ff 92       	push	r15
    1ce8:	0f 93       	push	r16
    1cea:	1f 93       	push	r17
    1cec:	cf 93       	push	r28
    1cee:	df 93       	push	r29
    1cf0:	cd b7       	in	r28, 0x3d	; 61
    1cf2:	de b7       	in	r29, 0x3e	; 62
    1cf4:	ca 1b       	sub	r28, r26
    1cf6:	db 0b       	sbc	r29, r27
    1cf8:	0f b6       	in	r0, 0x3f	; 63
    1cfa:	f8 94       	cli
    1cfc:	de bf       	out	0x3e, r29	; 62
    1cfe:	0f be       	out	0x3f, r0	; 63
    1d00:	cd bf       	out	0x3d, r28	; 61
    1d02:	09 94       	ijmp

00001d04 <__epilogue_restores__>:
    1d04:	2a 88       	ldd	r2, Y+18	; 0x12
    1d06:	39 88       	ldd	r3, Y+17	; 0x11
    1d08:	48 88       	ldd	r4, Y+16	; 0x10
    1d0a:	5f 84       	ldd	r5, Y+15	; 0x0f
    1d0c:	6e 84       	ldd	r6, Y+14	; 0x0e
    1d0e:	7d 84       	ldd	r7, Y+13	; 0x0d
    1d10:	8c 84       	ldd	r8, Y+12	; 0x0c
    1d12:	9b 84       	ldd	r9, Y+11	; 0x0b
    1d14:	aa 84       	ldd	r10, Y+10	; 0x0a
    1d16:	b9 84       	ldd	r11, Y+9	; 0x09
    1d18:	c8 84       	ldd	r12, Y+8	; 0x08
    1d1a:	df 80       	ldd	r13, Y+7	; 0x07
    1d1c:	ee 80       	ldd	r14, Y+6	; 0x06
    1d1e:	fd 80       	ldd	r15, Y+5	; 0x05
    1d20:	0c 81       	ldd	r16, Y+4	; 0x04
    1d22:	1b 81       	ldd	r17, Y+3	; 0x03
    1d24:	aa 81       	ldd	r26, Y+2	; 0x02
    1d26:	b9 81       	ldd	r27, Y+1	; 0x01
    1d28:	ce 0f       	add	r28, r30
    1d2a:	d1 1d       	adc	r29, r1
    1d2c:	0f b6       	in	r0, 0x3f	; 63
    1d2e:	f8 94       	cli
    1d30:	de bf       	out	0x3e, r29	; 62
    1d32:	0f be       	out	0x3f, r0	; 63
    1d34:	cd bf       	out	0x3d, r28	; 61
    1d36:	ed 01       	movw	r28, r26
    1d38:	08 95       	ret

00001d3a <__cmpdi2_s8>:
    1d3a:	00 24       	eor	r0, r0
    1d3c:	a7 fd       	sbrc	r26, 7
    1d3e:	00 94       	com	r0
    1d40:	2a 17       	cp	r18, r26
    1d42:	30 05       	cpc	r19, r0
    1d44:	40 05       	cpc	r20, r0
    1d46:	50 05       	cpc	r21, r0
    1d48:	60 05       	cpc	r22, r0
    1d4a:	70 05       	cpc	r23, r0
    1d4c:	80 05       	cpc	r24, r0
    1d4e:	90 05       	cpc	r25, r0
    1d50:	08 95       	ret

00001d52 <strtol>:
    1d52:	a0 e0       	ldi	r26, 0x00	; 0
    1d54:	b0 e0       	ldi	r27, 0x00	; 0
    1d56:	ef ea       	ldi	r30, 0xAF	; 175
    1d58:	fe e0       	ldi	r31, 0x0E	; 14
    1d5a:	0c 94 67 0e 	jmp	0x1cce	; 0x1cce <__prologue_saves__+0x2>
    1d5e:	5c 01       	movw	r10, r24
    1d60:	6b 01       	movw	r12, r22
    1d62:	7a 01       	movw	r14, r20
    1d64:	61 15       	cp	r22, r1
    1d66:	71 05       	cpc	r23, r1
    1d68:	19 f0       	breq	.+6      	; 0x1d70 <strtol+0x1e>
    1d6a:	fb 01       	movw	r30, r22
    1d6c:	91 83       	std	Z+1, r25	; 0x01
    1d6e:	80 83       	st	Z, r24
    1d70:	e1 14       	cp	r14, r1
    1d72:	f1 04       	cpc	r15, r1
    1d74:	29 f0       	breq	.+10     	; 0x1d80 <strtol+0x2e>
    1d76:	c7 01       	movw	r24, r14
    1d78:	02 97       	sbiw	r24, 0x02	; 2
    1d7a:	83 97       	sbiw	r24, 0x23	; 35
    1d7c:	08 f0       	brcs	.+2      	; 0x1d80 <strtol+0x2e>
    1d7e:	e5 c0       	rjmp	.+458    	; 0x1f4a <strtol+0x1f8>
    1d80:	e5 01       	movw	r28, r10
    1d82:	21 96       	adiw	r28, 0x01	; 1
    1d84:	f5 01       	movw	r30, r10
    1d86:	10 81       	ld	r17, Z
    1d88:	81 2f       	mov	r24, r17
    1d8a:	90 e0       	ldi	r25, 0x00	; 0
    1d8c:	0e 94 b4 10 	call	0x2168	; 0x2168 <isspace>
    1d90:	89 2b       	or	r24, r25
    1d92:	11 f0       	breq	.+4      	; 0x1d98 <strtol+0x46>
    1d94:	5e 01       	movw	r10, r28
    1d96:	f4 cf       	rjmp	.-24     	; 0x1d80 <strtol+0x2e>
    1d98:	1d 32       	cpi	r17, 0x2D	; 45
    1d9a:	29 f4       	brne	.+10     	; 0x1da6 <strtol+0x54>
    1d9c:	21 96       	adiw	r28, 0x01	; 1
    1d9e:	f5 01       	movw	r30, r10
    1da0:	11 81       	ldd	r17, Z+1	; 0x01
    1da2:	01 e0       	ldi	r16, 0x01	; 1
    1da4:	07 c0       	rjmp	.+14     	; 0x1db4 <strtol+0x62>
    1da6:	1b 32       	cpi	r17, 0x2B	; 43
    1da8:	21 f4       	brne	.+8      	; 0x1db2 <strtol+0x60>
    1daa:	e5 01       	movw	r28, r10
    1dac:	22 96       	adiw	r28, 0x02	; 2
    1dae:	f5 01       	movw	r30, r10
    1db0:	11 81       	ldd	r17, Z+1	; 0x01
    1db2:	00 e0       	ldi	r16, 0x00	; 0
    1db4:	e1 14       	cp	r14, r1
    1db6:	f1 04       	cpc	r15, r1
    1db8:	09 f1       	breq	.+66     	; 0x1dfc <strtol+0xaa>
    1dba:	f0 e1       	ldi	r31, 0x10	; 16
    1dbc:	ef 16       	cp	r14, r31
    1dbe:	f1 04       	cpc	r15, r1
    1dc0:	29 f4       	brne	.+10     	; 0x1dcc <strtol+0x7a>
    1dc2:	3f c0       	rjmp	.+126    	; 0x1e42 <strtol+0xf0>
    1dc4:	10 e3       	ldi	r17, 0x30	; 48
    1dc6:	e1 14       	cp	r14, r1
    1dc8:	f1 04       	cpc	r15, r1
    1dca:	21 f1       	breq	.+72     	; 0x1e14 <strtol+0xc2>
    1dcc:	28 e0       	ldi	r18, 0x08	; 8
    1dce:	e2 16       	cp	r14, r18
    1dd0:	f1 04       	cpc	r15, r1
    1dd2:	01 f1       	breq	.+64     	; 0x1e14 <strtol+0xc2>
    1dd4:	54 f4       	brge	.+20     	; 0x1dea <strtol+0x98>
    1dd6:	e2 e0       	ldi	r30, 0x02	; 2
    1dd8:	ee 16       	cp	r14, r30
    1dda:	f1 04       	cpc	r15, r1
    1ddc:	21 f5       	brne	.+72     	; 0x1e26 <strtol+0xd4>
    1dde:	81 2c       	mov	r8, r1
    1de0:	91 2c       	mov	r9, r1
    1de2:	a1 2c       	mov	r10, r1
    1de4:	b0 e4       	ldi	r27, 0x40	; 64
    1de6:	bb 2e       	mov	r11, r27
    1de8:	3e c0       	rjmp	.+124    	; 0x1e66 <strtol+0x114>
    1dea:	fa e0       	ldi	r31, 0x0A	; 10
    1dec:	ef 16       	cp	r14, r31
    1dee:	f1 04       	cpc	r15, r1
    1df0:	39 f0       	breq	.+14     	; 0x1e00 <strtol+0xae>
    1df2:	20 e1       	ldi	r18, 0x10	; 16
    1df4:	e2 16       	cp	r14, r18
    1df6:	f1 04       	cpc	r15, r1
    1df8:	b1 f4       	brne	.+44     	; 0x1e26 <strtol+0xd4>
    1dfa:	30 c0       	rjmp	.+96     	; 0x1e5c <strtol+0x10a>
    1dfc:	10 33       	cpi	r17, 0x30	; 48
    1dfe:	19 f1       	breq	.+70     	; 0x1e46 <strtol+0xf4>
    1e00:	fa e0       	ldi	r31, 0x0A	; 10
    1e02:	ef 2e       	mov	r14, r31
    1e04:	f1 2c       	mov	r15, r1
    1e06:	ac ec       	ldi	r26, 0xCC	; 204
    1e08:	8a 2e       	mov	r8, r26
    1e0a:	98 2c       	mov	r9, r8
    1e0c:	a8 2c       	mov	r10, r8
    1e0e:	ac e0       	ldi	r26, 0x0C	; 12
    1e10:	ba 2e       	mov	r11, r26
    1e12:	29 c0       	rjmp	.+82     	; 0x1e66 <strtol+0x114>
    1e14:	78 e0       	ldi	r23, 0x08	; 8
    1e16:	e7 2e       	mov	r14, r23
    1e18:	f1 2c       	mov	r15, r1
    1e1a:	81 2c       	mov	r8, r1
    1e1c:	91 2c       	mov	r9, r1
    1e1e:	a1 2c       	mov	r10, r1
    1e20:	e0 e1       	ldi	r30, 0x10	; 16
    1e22:	be 2e       	mov	r11, r30
    1e24:	20 c0       	rjmp	.+64     	; 0x1e66 <strtol+0x114>
    1e26:	60 e0       	ldi	r22, 0x00	; 0
    1e28:	70 e0       	ldi	r23, 0x00	; 0
    1e2a:	80 e0       	ldi	r24, 0x00	; 0
    1e2c:	90 e8       	ldi	r25, 0x80	; 128
    1e2e:	97 01       	movw	r18, r14
    1e30:	0f 2c       	mov	r0, r15
    1e32:	00 0c       	add	r0, r0
    1e34:	44 0b       	sbc	r20, r20
    1e36:	55 0b       	sbc	r21, r21
    1e38:	0e 94 12 0d 	call	0x1a24	; 0x1a24 <__udivmodsi4>
    1e3c:	49 01       	movw	r8, r18
    1e3e:	5a 01       	movw	r10, r20
    1e40:	12 c0       	rjmp	.+36     	; 0x1e66 <strtol+0x114>
    1e42:	10 33       	cpi	r17, 0x30	; 48
    1e44:	59 f4       	brne	.+22     	; 0x1e5c <strtol+0x10a>
    1e46:	88 81       	ld	r24, Y
    1e48:	8f 7d       	andi	r24, 0xDF	; 223
    1e4a:	88 35       	cpi	r24, 0x58	; 88
    1e4c:	09 f0       	breq	.+2      	; 0x1e50 <strtol+0xfe>
    1e4e:	ba cf       	rjmp	.-140    	; 0x1dc4 <strtol+0x72>
    1e50:	19 81       	ldd	r17, Y+1	; 0x01
    1e52:	22 96       	adiw	r28, 0x02	; 2
    1e54:	02 60       	ori	r16, 0x02	; 2
    1e56:	80 e1       	ldi	r24, 0x10	; 16
    1e58:	e8 2e       	mov	r14, r24
    1e5a:	f1 2c       	mov	r15, r1
    1e5c:	81 2c       	mov	r8, r1
    1e5e:	91 2c       	mov	r9, r1
    1e60:	a1 2c       	mov	r10, r1
    1e62:	68 e0       	ldi	r22, 0x08	; 8
    1e64:	b6 2e       	mov	r11, r22
    1e66:	40 e0       	ldi	r20, 0x00	; 0
    1e68:	60 e0       	ldi	r22, 0x00	; 0
    1e6a:	70 e0       	ldi	r23, 0x00	; 0
    1e6c:	cb 01       	movw	r24, r22
    1e6e:	27 01       	movw	r4, r14
    1e70:	0f 2c       	mov	r0, r15
    1e72:	00 0c       	add	r0, r0
    1e74:	66 08       	sbc	r6, r6
    1e76:	77 08       	sbc	r7, r7
    1e78:	fe 01       	movw	r30, r28
    1e7a:	50 ed       	ldi	r21, 0xD0	; 208
    1e7c:	35 2e       	mov	r3, r21
    1e7e:	31 0e       	add	r3, r17
    1e80:	29 e0       	ldi	r18, 0x09	; 9
    1e82:	23 15       	cp	r18, r3
    1e84:	70 f4       	brcc	.+28     	; 0x1ea2 <strtol+0x150>
    1e86:	2f eb       	ldi	r18, 0xBF	; 191
    1e88:	21 0f       	add	r18, r17
    1e8a:	2a 31       	cpi	r18, 0x1A	; 26
    1e8c:	18 f4       	brcc	.+6      	; 0x1e94 <strtol+0x142>
    1e8e:	39 ec       	ldi	r19, 0xC9	; 201
    1e90:	33 2e       	mov	r3, r19
    1e92:	06 c0       	rjmp	.+12     	; 0x1ea0 <strtol+0x14e>
    1e94:	2f e9       	ldi	r18, 0x9F	; 159
    1e96:	21 0f       	add	r18, r17
    1e98:	2a 31       	cpi	r18, 0x1A	; 26
    1e9a:	18 f5       	brcc	.+70     	; 0x1ee2 <strtol+0x190>
    1e9c:	29 ea       	ldi	r18, 0xA9	; 169
    1e9e:	32 2e       	mov	r3, r18
    1ea0:	31 0e       	add	r3, r17
    1ea2:	23 2d       	mov	r18, r3
    1ea4:	30 e0       	ldi	r19, 0x00	; 0
    1ea6:	2e 15       	cp	r18, r14
    1ea8:	3f 05       	cpc	r19, r15
    1eaa:	dc f4       	brge	.+54     	; 0x1ee2 <strtol+0x190>
    1eac:	47 fd       	sbrc	r20, 7
    1eae:	16 c0       	rjmp	.+44     	; 0x1edc <strtol+0x18a>
    1eb0:	86 16       	cp	r8, r22
    1eb2:	97 06       	cpc	r9, r23
    1eb4:	a8 06       	cpc	r10, r24
    1eb6:	b9 06       	cpc	r11, r25
    1eb8:	70 f0       	brcs	.+28     	; 0x1ed6 <strtol+0x184>
    1eba:	a3 01       	movw	r20, r6
    1ebc:	92 01       	movw	r18, r4
    1ebe:	0e 94 3b 11 	call	0x2276	; 0x2276 <__mulsi3>
    1ec2:	63 0d       	add	r22, r3
    1ec4:	71 1d       	adc	r23, r1
    1ec6:	81 1d       	adc	r24, r1
    1ec8:	91 1d       	adc	r25, r1
    1eca:	61 30       	cpi	r22, 0x01	; 1
    1ecc:	71 05       	cpc	r23, r1
    1ece:	81 05       	cpc	r24, r1
    1ed0:	20 e8       	ldi	r18, 0x80	; 128
    1ed2:	92 07       	cpc	r25, r18
    1ed4:	10 f0       	brcs	.+4      	; 0x1eda <strtol+0x188>
    1ed6:	4f ef       	ldi	r20, 0xFF	; 255
    1ed8:	01 c0       	rjmp	.+2      	; 0x1edc <strtol+0x18a>
    1eda:	41 e0       	ldi	r20, 0x01	; 1
    1edc:	21 96       	adiw	r28, 0x01	; 1
    1ede:	10 81       	ld	r17, Z
    1ee0:	cb cf       	rjmp	.-106    	; 0x1e78 <strtol+0x126>
    1ee2:	20 2f       	mov	r18, r16
    1ee4:	21 70       	andi	r18, 0x01	; 1
    1ee6:	c1 14       	cp	r12, r1
    1ee8:	d1 04       	cpc	r13, r1
    1eea:	71 f0       	breq	.+28     	; 0x1f08 <strtol+0x1b6>
    1eec:	44 23       	and	r20, r20
    1eee:	29 f0       	breq	.+10     	; 0x1efa <strtol+0x1a8>
    1ef0:	21 97       	sbiw	r28, 0x01	; 1
    1ef2:	f6 01       	movw	r30, r12
    1ef4:	d1 83       	std	Z+1, r29	; 0x01
    1ef6:	c0 83       	st	Z, r28
    1ef8:	07 c0       	rjmp	.+14     	; 0x1f08 <strtol+0x1b6>
    1efa:	01 ff       	sbrs	r16, 1
    1efc:	19 c0       	rjmp	.+50     	; 0x1f30 <strtol+0x1de>
    1efe:	22 97       	sbiw	r28, 0x02	; 2
    1f00:	f6 01       	movw	r30, r12
    1f02:	d1 83       	std	Z+1, r29	; 0x01
    1f04:	c0 83       	st	Z, r28
    1f06:	14 c0       	rjmp	.+40     	; 0x1f30 <strtol+0x1de>
    1f08:	47 ff       	sbrs	r20, 7
    1f0a:	12 c0       	rjmp	.+36     	; 0x1f30 <strtol+0x1de>
    1f0c:	22 23       	and	r18, r18
    1f0e:	29 f0       	breq	.+10     	; 0x1f1a <strtol+0x1c8>
    1f10:	60 e0       	ldi	r22, 0x00	; 0
    1f12:	70 e0       	ldi	r23, 0x00	; 0
    1f14:	80 e0       	ldi	r24, 0x00	; 0
    1f16:	90 e8       	ldi	r25, 0x80	; 128
    1f18:	04 c0       	rjmp	.+8      	; 0x1f22 <strtol+0x1d0>
    1f1a:	6f ef       	ldi	r22, 0xFF	; 255
    1f1c:	7f ef       	ldi	r23, 0xFF	; 255
    1f1e:	8f ef       	ldi	r24, 0xFF	; 255
    1f20:	9f e7       	ldi	r25, 0x7F	; 127
    1f22:	22 e2       	ldi	r18, 0x22	; 34
    1f24:	30 e0       	ldi	r19, 0x00	; 0
    1f26:	30 93 05 06 	sts	0x0605, r19	; 0x800605 <errno+0x1>
    1f2a:	20 93 04 06 	sts	0x0604, r18	; 0x800604 <errno>
    1f2e:	09 c0       	rjmp	.+18     	; 0x1f42 <strtol+0x1f0>
    1f30:	22 23       	and	r18, r18
    1f32:	81 f0       	breq	.+32     	; 0x1f54 <strtol+0x202>
    1f34:	90 95       	com	r25
    1f36:	80 95       	com	r24
    1f38:	70 95       	com	r23
    1f3a:	61 95       	neg	r22
    1f3c:	7f 4f       	sbci	r23, 0xFF	; 255
    1f3e:	8f 4f       	sbci	r24, 0xFF	; 255
    1f40:	9f 4f       	sbci	r25, 0xFF	; 255
    1f42:	46 2f       	mov	r20, r22
    1f44:	37 2f       	mov	r19, r23
    1f46:	28 2f       	mov	r18, r24
    1f48:	12 c0       	rjmp	.+36     	; 0x1f6e <strtol+0x21c>
    1f4a:	40 e0       	ldi	r20, 0x00	; 0
    1f4c:	30 e0       	ldi	r19, 0x00	; 0
    1f4e:	20 e0       	ldi	r18, 0x00	; 0
    1f50:	90 e0       	ldi	r25, 0x00	; 0
    1f52:	0d c0       	rjmp	.+26     	; 0x1f6e <strtol+0x21c>
    1f54:	97 ff       	sbrs	r25, 7
    1f56:	f5 cf       	rjmp	.-22     	; 0x1f42 <strtol+0x1f0>
    1f58:	82 e2       	ldi	r24, 0x22	; 34
    1f5a:	90 e0       	ldi	r25, 0x00	; 0
    1f5c:	90 93 05 06 	sts	0x0605, r25	; 0x800605 <errno+0x1>
    1f60:	80 93 04 06 	sts	0x0604, r24	; 0x800604 <errno>
    1f64:	6f ef       	ldi	r22, 0xFF	; 255
    1f66:	7f ef       	ldi	r23, 0xFF	; 255
    1f68:	8f ef       	ldi	r24, 0xFF	; 255
    1f6a:	9f e7       	ldi	r25, 0x7F	; 127
    1f6c:	ea cf       	rjmp	.-44     	; 0x1f42 <strtol+0x1f0>
    1f6e:	64 2f       	mov	r22, r20
    1f70:	73 2f       	mov	r23, r19
    1f72:	82 2f       	mov	r24, r18
    1f74:	cd b7       	in	r28, 0x3d	; 61
    1f76:	de b7       	in	r29, 0x3e	; 62
    1f78:	e1 e1       	ldi	r30, 0x11	; 17
    1f7a:	0c 94 83 0e 	jmp	0x1d06	; 0x1d06 <__epilogue_restores__+0x2>

00001f7e <strtoul>:
    1f7e:	a0 e0       	ldi	r26, 0x00	; 0
    1f80:	b0 e0       	ldi	r27, 0x00	; 0
    1f82:	e5 ec       	ldi	r30, 0xC5	; 197
    1f84:	ff e0       	ldi	r31, 0x0F	; 15
    1f86:	0c 94 67 0e 	jmp	0x1cce	; 0x1cce <__prologue_saves__+0x2>
    1f8a:	5c 01       	movw	r10, r24
    1f8c:	6b 01       	movw	r12, r22
    1f8e:	7a 01       	movw	r14, r20
    1f90:	61 15       	cp	r22, r1
    1f92:	71 05       	cpc	r23, r1
    1f94:	19 f0       	breq	.+6      	; 0x1f9c <strtoul+0x1e>
    1f96:	fb 01       	movw	r30, r22
    1f98:	91 83       	std	Z+1, r25	; 0x01
    1f9a:	80 83       	st	Z, r24
    1f9c:	e1 14       	cp	r14, r1
    1f9e:	f1 04       	cpc	r15, r1
    1fa0:	29 f0       	breq	.+10     	; 0x1fac <strtoul+0x2e>
    1fa2:	c7 01       	movw	r24, r14
    1fa4:	02 97       	sbiw	r24, 0x02	; 2
    1fa6:	83 97       	sbiw	r24, 0x23	; 35
    1fa8:	08 f0       	brcs	.+2      	; 0x1fac <strtoul+0x2e>
    1faa:	c9 c0       	rjmp	.+402    	; 0x213e <strtoul+0x1c0>
    1fac:	e5 01       	movw	r28, r10
    1fae:	21 96       	adiw	r28, 0x01	; 1
    1fb0:	f5 01       	movw	r30, r10
    1fb2:	10 81       	ld	r17, Z
    1fb4:	81 2f       	mov	r24, r17
    1fb6:	90 e0       	ldi	r25, 0x00	; 0
    1fb8:	0e 94 b4 10 	call	0x2168	; 0x2168 <isspace>
    1fbc:	89 2b       	or	r24, r25
    1fbe:	11 f0       	breq	.+4      	; 0x1fc4 <strtoul+0x46>
    1fc0:	5e 01       	movw	r10, r28
    1fc2:	f4 cf       	rjmp	.-24     	; 0x1fac <strtoul+0x2e>
    1fc4:	1d 32       	cpi	r17, 0x2D	; 45
    1fc6:	29 f4       	brne	.+10     	; 0x1fd2 <strtoul+0x54>
    1fc8:	21 96       	adiw	r28, 0x01	; 1
    1fca:	f5 01       	movw	r30, r10
    1fcc:	11 81       	ldd	r17, Z+1	; 0x01
    1fce:	01 e0       	ldi	r16, 0x01	; 1
    1fd0:	07 c0       	rjmp	.+14     	; 0x1fe0 <strtoul+0x62>
    1fd2:	1b 32       	cpi	r17, 0x2B	; 43
    1fd4:	21 f4       	brne	.+8      	; 0x1fde <strtoul+0x60>
    1fd6:	e5 01       	movw	r28, r10
    1fd8:	22 96       	adiw	r28, 0x02	; 2
    1fda:	f5 01       	movw	r30, r10
    1fdc:	11 81       	ldd	r17, Z+1	; 0x01
    1fde:	00 e0       	ldi	r16, 0x00	; 0
    1fe0:	e1 14       	cp	r14, r1
    1fe2:	f1 04       	cpc	r15, r1
    1fe4:	b1 f0       	breq	.+44     	; 0x2012 <strtoul+0x94>
    1fe6:	f0 e1       	ldi	r31, 0x10	; 16
    1fe8:	ef 16       	cp	r14, r31
    1fea:	f1 04       	cpc	r15, r1
    1fec:	29 f4       	brne	.+10     	; 0x1ff8 <strtoul+0x7a>
    1fee:	b0 c0       	rjmp	.+352    	; 0x2150 <strtoul+0x1d2>
    1ff0:	10 e3       	ldi	r17, 0x30	; 48
    1ff2:	e1 14       	cp	r14, r1
    1ff4:	f1 04       	cpc	r15, r1
    1ff6:	01 f1       	breq	.+64     	; 0x2038 <strtoul+0xba>
    1ff8:	2a e0       	ldi	r18, 0x0A	; 10
    1ffa:	e2 16       	cp	r14, r18
    1ffc:	f1 04       	cpc	r15, r1
    1ffe:	b1 f1       	breq	.+108    	; 0x206c <strtoul+0xee>
    2000:	80 e1       	ldi	r24, 0x10	; 16
    2002:	e8 16       	cp	r14, r24
    2004:	f1 04       	cpc	r15, r1
    2006:	71 f0       	breq	.+28     	; 0x2024 <strtoul+0xa6>
    2008:	e8 e0       	ldi	r30, 0x08	; 8
    200a:	ee 16       	cp	r14, r30
    200c:	f1 04       	cpc	r15, r1
    200e:	f1 f4       	brne	.+60     	; 0x204c <strtoul+0xce>
    2010:	13 c0       	rjmp	.+38     	; 0x2038 <strtoul+0xba>
    2012:	10 33       	cpi	r17, 0x30	; 48
    2014:	41 f5       	brne	.+80     	; 0x2066 <strtoul+0xe8>
    2016:	88 81       	ld	r24, Y
    2018:	8f 7d       	andi	r24, 0xDF	; 223
    201a:	88 35       	cpi	r24, 0x58	; 88
    201c:	49 f7       	brne	.-46     	; 0x1ff0 <strtoul+0x72>
    201e:	19 81       	ldd	r17, Y+1	; 0x01
    2020:	22 96       	adiw	r28, 0x02	; 2
    2022:	02 60       	ori	r16, 0x02	; 2
    2024:	f0 e1       	ldi	r31, 0x10	; 16
    2026:	ef 2e       	mov	r14, r31
    2028:	f1 2c       	mov	r15, r1
    202a:	88 24       	eor	r8, r8
    202c:	8a 94       	dec	r8
    202e:	98 2c       	mov	r9, r8
    2030:	a8 2c       	mov	r10, r8
    2032:	af e0       	ldi	r26, 0x0F	; 15
    2034:	ba 2e       	mov	r11, r26
    2036:	20 c0       	rjmp	.+64     	; 0x2078 <strtoul+0xfa>
    2038:	78 e0       	ldi	r23, 0x08	; 8
    203a:	e7 2e       	mov	r14, r23
    203c:	f1 2c       	mov	r15, r1
    203e:	88 24       	eor	r8, r8
    2040:	8a 94       	dec	r8
    2042:	98 2c       	mov	r9, r8
    2044:	a8 2c       	mov	r10, r8
    2046:	ef e1       	ldi	r30, 0x1F	; 31
    2048:	be 2e       	mov	r11, r30
    204a:	16 c0       	rjmp	.+44     	; 0x2078 <strtoul+0xfa>
    204c:	6f ef       	ldi	r22, 0xFF	; 255
    204e:	7f ef       	ldi	r23, 0xFF	; 255
    2050:	cb 01       	movw	r24, r22
    2052:	97 01       	movw	r18, r14
    2054:	0f 2c       	mov	r0, r15
    2056:	00 0c       	add	r0, r0
    2058:	44 0b       	sbc	r20, r20
    205a:	55 0b       	sbc	r21, r21
    205c:	0e 94 12 0d 	call	0x1a24	; 0x1a24 <__udivmodsi4>
    2060:	49 01       	movw	r8, r18
    2062:	5a 01       	movw	r10, r20
    2064:	09 c0       	rjmp	.+18     	; 0x2078 <strtoul+0xfa>
    2066:	8a e0       	ldi	r24, 0x0A	; 10
    2068:	e8 2e       	mov	r14, r24
    206a:	f1 2c       	mov	r15, r1
    206c:	69 e9       	ldi	r22, 0x99	; 153
    206e:	86 2e       	mov	r8, r22
    2070:	98 2c       	mov	r9, r8
    2072:	a8 2c       	mov	r10, r8
    2074:	69 e1       	ldi	r22, 0x19	; 25
    2076:	b6 2e       	mov	r11, r22
    2078:	40 e0       	ldi	r20, 0x00	; 0
    207a:	60 e0       	ldi	r22, 0x00	; 0
    207c:	70 e0       	ldi	r23, 0x00	; 0
    207e:	cb 01       	movw	r24, r22
    2080:	27 01       	movw	r4, r14
    2082:	0f 2c       	mov	r0, r15
    2084:	00 0c       	add	r0, r0
    2086:	66 08       	sbc	r6, r6
    2088:	77 08       	sbc	r7, r7
    208a:	fe 01       	movw	r30, r28
    208c:	50 ed       	ldi	r21, 0xD0	; 208
    208e:	35 2e       	mov	r3, r21
    2090:	31 0e       	add	r3, r17
    2092:	29 e0       	ldi	r18, 0x09	; 9
    2094:	23 15       	cp	r18, r3
    2096:	70 f4       	brcc	.+28     	; 0x20b4 <strtoul+0x136>
    2098:	2f eb       	ldi	r18, 0xBF	; 191
    209a:	21 0f       	add	r18, r17
    209c:	2a 31       	cpi	r18, 0x1A	; 26
    209e:	18 f4       	brcc	.+6      	; 0x20a6 <strtoul+0x128>
    20a0:	39 ec       	ldi	r19, 0xC9	; 201
    20a2:	33 2e       	mov	r3, r19
    20a4:	06 c0       	rjmp	.+12     	; 0x20b2 <strtoul+0x134>
    20a6:	2f e9       	ldi	r18, 0x9F	; 159
    20a8:	21 0f       	add	r18, r17
    20aa:	2a 31       	cpi	r18, 0x1A	; 26
    20ac:	30 f5       	brcc	.+76     	; 0x20fa <strtoul+0x17c>
    20ae:	29 ea       	ldi	r18, 0xA9	; 169
    20b0:	32 2e       	mov	r3, r18
    20b2:	31 0e       	add	r3, r17
    20b4:	23 2d       	mov	r18, r3
    20b6:	30 e0       	ldi	r19, 0x00	; 0
    20b8:	2e 15       	cp	r18, r14
    20ba:	3f 05       	cpc	r19, r15
    20bc:	f4 f4       	brge	.+60     	; 0x20fa <strtoul+0x17c>
    20be:	4f 3f       	cpi	r20, 0xFF	; 255
    20c0:	c9 f0       	breq	.+50     	; 0x20f4 <strtoul+0x176>
    20c2:	86 16       	cp	r8, r22
    20c4:	97 06       	cpc	r9, r23
    20c6:	a8 06       	cpc	r10, r24
    20c8:	b9 06       	cpc	r11, r25
    20ca:	88 f0       	brcs	.+34     	; 0x20ee <strtoul+0x170>
    20cc:	a3 01       	movw	r20, r6
    20ce:	92 01       	movw	r18, r4
    20d0:	0e 94 3b 11 	call	0x2276	; 0x2276 <__mulsi3>
    20d4:	23 2d       	mov	r18, r3
    20d6:	30 e0       	ldi	r19, 0x00	; 0
    20d8:	40 e0       	ldi	r20, 0x00	; 0
    20da:	50 e0       	ldi	r21, 0x00	; 0
    20dc:	62 0f       	add	r22, r18
    20de:	73 1f       	adc	r23, r19
    20e0:	84 1f       	adc	r24, r20
    20e2:	95 1f       	adc	r25, r21
    20e4:	62 17       	cp	r22, r18
    20e6:	73 07       	cpc	r23, r19
    20e8:	84 07       	cpc	r24, r20
    20ea:	95 07       	cpc	r25, r21
    20ec:	10 f4       	brcc	.+4      	; 0x20f2 <strtoul+0x174>
    20ee:	4f ef       	ldi	r20, 0xFF	; 255
    20f0:	01 c0       	rjmp	.+2      	; 0x20f4 <strtoul+0x176>
    20f2:	41 e0       	ldi	r20, 0x01	; 1
    20f4:	21 96       	adiw	r28, 0x01	; 1
    20f6:	10 81       	ld	r17, Z
    20f8:	c8 cf       	rjmp	.-112    	; 0x208a <strtoul+0x10c>
    20fa:	c1 14       	cp	r12, r1
    20fc:	d1 04       	cpc	r13, r1
    20fe:	51 f0       	breq	.+20     	; 0x2114 <strtoul+0x196>
    2100:	44 23       	and	r20, r20
    2102:	11 f0       	breq	.+4      	; 0x2108 <strtoul+0x18a>
    2104:	21 97       	sbiw	r28, 0x01	; 1
    2106:	03 c0       	rjmp	.+6      	; 0x210e <strtoul+0x190>
    2108:	01 ff       	sbrs	r16, 1
    210a:	04 c0       	rjmp	.+8      	; 0x2114 <strtoul+0x196>
    210c:	22 97       	sbiw	r28, 0x02	; 2
    210e:	f6 01       	movw	r30, r12
    2110:	d1 83       	std	Z+1, r29	; 0x01
    2112:	c0 83       	st	Z, r28
    2114:	00 ff       	sbrs	r16, 0
    2116:	07 c0       	rjmp	.+14     	; 0x2126 <strtoul+0x1a8>
    2118:	90 95       	com	r25
    211a:	80 95       	com	r24
    211c:	70 95       	com	r23
    211e:	61 95       	neg	r22
    2120:	7f 4f       	sbci	r23, 0xFF	; 255
    2122:	8f 4f       	sbci	r24, 0xFF	; 255
    2124:	9f 4f       	sbci	r25, 0xFF	; 255
    2126:	4f 3f       	cpi	r20, 0xFF	; 255
    2128:	79 f4       	brne	.+30     	; 0x2148 <strtoul+0x1ca>
    212a:	82 e2       	ldi	r24, 0x22	; 34
    212c:	90 e0       	ldi	r25, 0x00	; 0
    212e:	90 93 05 06 	sts	0x0605, r25	; 0x800605 <errno+0x1>
    2132:	80 93 04 06 	sts	0x0604, r24	; 0x800604 <errno>
    2136:	3f ef       	ldi	r19, 0xFF	; 255
    2138:	2f ef       	ldi	r18, 0xFF	; 255
    213a:	9f ef       	ldi	r25, 0xFF	; 255
    213c:	0d c0       	rjmp	.+26     	; 0x2158 <strtoul+0x1da>
    213e:	40 e0       	ldi	r20, 0x00	; 0
    2140:	30 e0       	ldi	r19, 0x00	; 0
    2142:	20 e0       	ldi	r18, 0x00	; 0
    2144:	90 e0       	ldi	r25, 0x00	; 0
    2146:	08 c0       	rjmp	.+16     	; 0x2158 <strtoul+0x1da>
    2148:	46 2f       	mov	r20, r22
    214a:	37 2f       	mov	r19, r23
    214c:	28 2f       	mov	r18, r24
    214e:	04 c0       	rjmp	.+8      	; 0x2158 <strtoul+0x1da>
    2150:	10 33       	cpi	r17, 0x30	; 48
    2152:	09 f0       	breq	.+2      	; 0x2156 <strtoul+0x1d8>
    2154:	67 cf       	rjmp	.-306    	; 0x2024 <strtoul+0xa6>
    2156:	5f cf       	rjmp	.-322    	; 0x2016 <strtoul+0x98>
    2158:	64 2f       	mov	r22, r20
    215a:	73 2f       	mov	r23, r19
    215c:	82 2f       	mov	r24, r18
    215e:	cd b7       	in	r28, 0x3d	; 61
    2160:	de b7       	in	r29, 0x3e	; 62
    2162:	e1 e1       	ldi	r30, 0x11	; 17
    2164:	0c 94 83 0e 	jmp	0x1d06	; 0x1d06 <__epilogue_restores__+0x2>

00002168 <isspace>:
    2168:	91 11       	cpse	r25, r1
    216a:	0c 94 06 11 	jmp	0x220c	; 0x220c <__ctype_isfalse>
    216e:	80 32       	cpi	r24, 0x20	; 32
    2170:	19 f0       	breq	.+6      	; 0x2178 <isspace+0x10>
    2172:	89 50       	subi	r24, 0x09	; 9
    2174:	85 50       	subi	r24, 0x05	; 5
    2176:	c8 f7       	brcc	.-14     	; 0x216a <isspace+0x2>
    2178:	08 95       	ret

0000217a <strtok>:
    217a:	40 ee       	ldi	r20, 0xE0	; 224
    217c:	54 e0       	ldi	r21, 0x04	; 4
    217e:	0e 94 df 10 	call	0x21be	; 0x21be <strtok_r>
    2182:	08 95       	ret

00002184 <memcmp>:
    2184:	fb 01       	movw	r30, r22
    2186:	dc 01       	movw	r26, r24
    2188:	04 c0       	rjmp	.+8      	; 0x2192 <memcmp+0xe>
    218a:	8d 91       	ld	r24, X+
    218c:	01 90       	ld	r0, Z+
    218e:	80 19       	sub	r24, r0
    2190:	21 f4       	brne	.+8      	; 0x219a <memcmp+0x16>
    2192:	41 50       	subi	r20, 0x01	; 1
    2194:	50 40       	sbci	r21, 0x00	; 0
    2196:	c8 f7       	brcc	.-14     	; 0x218a <memcmp+0x6>
    2198:	88 1b       	sub	r24, r24
    219a:	99 0b       	sbc	r25, r25
    219c:	08 95       	ret

0000219e <memset>:
    219e:	dc 01       	movw	r26, r24
    21a0:	01 c0       	rjmp	.+2      	; 0x21a4 <memset+0x6>
    21a2:	6d 93       	st	X+, r22
    21a4:	41 50       	subi	r20, 0x01	; 1
    21a6:	50 40       	sbci	r21, 0x00	; 0
    21a8:	e0 f7       	brcc	.-8      	; 0x21a2 <memset+0x4>
    21aa:	08 95       	ret

000021ac <strcmp>:
    21ac:	fb 01       	movw	r30, r22
    21ae:	dc 01       	movw	r26, r24
    21b0:	8d 91       	ld	r24, X+
    21b2:	01 90       	ld	r0, Z+
    21b4:	80 19       	sub	r24, r0
    21b6:	01 10       	cpse	r0, r1
    21b8:	d9 f3       	breq	.-10     	; 0x21b0 <strcmp+0x4>
    21ba:	99 0b       	sbc	r25, r25
    21bc:	08 95       	ret

000021be <strtok_r>:
    21be:	fa 01       	movw	r30, r20
    21c0:	a1 91       	ld	r26, Z+
    21c2:	b0 81       	ld	r27, Z
    21c4:	00 97       	sbiw	r24, 0x00	; 0
    21c6:	19 f4       	brne	.+6      	; 0x21ce <strtok_r+0x10>
    21c8:	10 97       	sbiw	r26, 0x00	; 0
    21ca:	e1 f0       	breq	.+56     	; 0x2204 <strtok_r+0x46>
    21cc:	cd 01       	movw	r24, r26
    21ce:	dc 01       	movw	r26, r24
    21d0:	cd 01       	movw	r24, r26
    21d2:	0d 90       	ld	r0, X+
    21d4:	00 20       	and	r0, r0
    21d6:	11 f4       	brne	.+4      	; 0x21dc <strtok_r+0x1e>
    21d8:	c0 01       	movw	r24, r0
    21da:	13 c0       	rjmp	.+38     	; 0x2202 <strtok_r+0x44>
    21dc:	fb 01       	movw	r30, r22
    21de:	21 91       	ld	r18, Z+
    21e0:	22 23       	and	r18, r18
    21e2:	19 f0       	breq	.+6      	; 0x21ea <strtok_r+0x2c>
    21e4:	20 15       	cp	r18, r0
    21e6:	d9 f7       	brne	.-10     	; 0x21de <strtok_r+0x20>
    21e8:	f3 cf       	rjmp	.-26     	; 0x21d0 <strtok_r+0x12>
    21ea:	fb 01       	movw	r30, r22
    21ec:	21 91       	ld	r18, Z+
    21ee:	20 15       	cp	r18, r0
    21f0:	19 f4       	brne	.+6      	; 0x21f8 <strtok_r+0x3a>
    21f2:	1e 92       	st	-X, r1
    21f4:	11 96       	adiw	r26, 0x01	; 1
    21f6:	06 c0       	rjmp	.+12     	; 0x2204 <strtok_r+0x46>
    21f8:	22 23       	and	r18, r18
    21fa:	c1 f7       	brne	.-16     	; 0x21ec <strtok_r+0x2e>
    21fc:	0d 90       	ld	r0, X+
    21fe:	00 20       	and	r0, r0
    2200:	a1 f7       	brne	.-24     	; 0x21ea <strtok_r+0x2c>
    2202:	d0 01       	movw	r26, r0
    2204:	fa 01       	movw	r30, r20
    2206:	a1 93       	st	Z+, r26
    2208:	b0 83       	st	Z, r27
    220a:	08 95       	ret

0000220c <__ctype_isfalse>:
    220c:	99 27       	eor	r25, r25
    220e:	88 27       	eor	r24, r24

00002210 <__ctype_istrue>:
    2210:	08 95       	ret

00002212 <eeprom_read_block>:
    2212:	dc 01       	movw	r26, r24
    2214:	cb 01       	movw	r24, r22

00002216 <eeprom_read_blraw>:
    2216:	fc 01       	movw	r30, r24
    2218:	f9 99       	sbic	0x1f, 1	; 31
    221a:	fe cf       	rjmp	.-4      	; 0x2218 <eeprom_read_blraw+0x2>
    221c:	06 c0       	rjmp	.+12     	; 0x222a <eeprom_read_blraw+0x14>
    221e:	f2 bd       	out	0x22, r31	; 34
    2220:	e1 bd       	out	0x21, r30	; 33
    2222:	f8 9a       	sbi	0x1f, 0	; 31
    2224:	31 96       	adiw	r30, 0x01	; 1
    2226:	00 b4       	in	r0, 0x20	; 32
    2228:	0d 92       	st	X+, r0
    222a:	41 50       	subi	r20, 0x01	; 1
    222c:	50 40       	sbci	r21, 0x00	; 0
    222e:	b8 f7       	brcc	.-18     	; 0x221e <eeprom_read_blraw+0x8>
    2230:	08 95       	ret

00002232 <eeprom_update_block>:
    2232:	dc 01       	movw	r26, r24
    2234:	a4 0f       	add	r26, r20
    2236:	b5 1f       	adc	r27, r21
    2238:	41 50       	subi	r20, 0x01	; 1
    223a:	50 40       	sbci	r21, 0x00	; 0
    223c:	48 f0       	brcs	.+18     	; 0x2250 <eeprom_update_block+0x1e>
    223e:	cb 01       	movw	r24, r22
    2240:	84 0f       	add	r24, r20
    2242:	95 1f       	adc	r25, r21
    2244:	2e 91       	ld	r18, -X
    2246:	0e 94 2a 11 	call	0x2254	; 0x2254 <eeprom_update_r18>
    224a:	41 50       	subi	r20, 0x01	; 1
    224c:	50 40       	sbci	r21, 0x00	; 0
    224e:	d0 f7       	brcc	.-12     	; 0x2244 <eeprom_update_block+0x12>
    2250:	08 95       	ret

00002252 <eeprom_update_byte>:
    2252:	26 2f       	mov	r18, r22

00002254 <eeprom_update_r18>:
    2254:	f9 99       	sbic	0x1f, 1	; 31
    2256:	fe cf       	rjmp	.-4      	; 0x2254 <eeprom_update_r18>
    2258:	92 bd       	out	0x22, r25	; 34
    225a:	81 bd       	out	0x21, r24	; 33
    225c:	f8 9a       	sbi	0x1f, 0	; 31
    225e:	01 97       	sbiw	r24, 0x01	; 1
    2260:	00 b4       	in	r0, 0x20	; 32
    2262:	02 16       	cp	r0, r18
    2264:	39 f0       	breq	.+14     	; 0x2274 <eeprom_update_r18+0x20>
    2266:	1f ba       	out	0x1f, r1	; 31
    2268:	20 bd       	out	0x20, r18	; 32
    226a:	0f b6       	in	r0, 0x3f	; 63
    226c:	f8 94       	cli
    226e:	fa 9a       	sbi	0x1f, 2	; 31
    2270:	f9 9a       	sbi	0x1f, 1	; 31
    2272:	0f be       	out	0x3f, r0	; 63
    2274:	08 95       	ret

00002276 <__mulsi3>:
    2276:	db 01       	movw	r26, r22
    2278:	8f 93       	push	r24
    227a:	9f 93       	push	r25
    227c:	0e 94 62 0d 	call	0x1ac4	; 0x1ac4 <__muluhisi3>
    2280:	bf 91       	pop	r27
    2282:	af 91       	pop	r26
    2284:	a2 9f       	mul	r26, r18
    2286:	80 0d       	add	r24, r0
    2288:	91 1d       	adc	r25, r1
    228a:	a3 9f       	mul	r26, r19
    228c:	90 0d       	add	r25, r0
    228e:	b2 9f       	mul	r27, r18
    2290:	90 0d       	add	r25, r0
    2292:	11 24       	eor	r1, r1
    2294:	08 95       	ret

00002296 <_exit>:
    2296:	f8 94       	cli

00002298 <__stop_program>:
    2298:	ff cf       	rjmp	.-2      	; 0x2298 <__stop_program>
